dataset,speaker,session,utterance_id,task,reason
TORGO,F01,Session1,0001,ASR scoring,unusable_prompt
TORGO,F01,Session1,0001,AAI pairing,missing_ema
TORGO,F01,Session1,0002,ASR scoring,unusable_prompt
TORGO,F01,Session1,0002,AAI pairing,missing_ema
TORGO,F01,Session1,0003,ASR scoring,unusable_prompt
TORGO,F01,Session1,0003,AAI pairing,missing_ema
TORGO,F01,Session1,0004,ASR scoring,unusable_prompt
TORGO,F01,Session1,0004,AAI pairing,missing_ema
TORGO,F01,Session1,0005,ASR scoring,unusable_prompt
TORGO,F01,Session1,0005,AAI pairing,missing_ema
TORGO,F01,Session1,0006,AAI pairing,missing_ema
TORGO,F01,Session1,0007,AAI pairing,missing_ema
TORGO,F01,Session1,0008,AAI pairing,missing_ema
TORGO,F01,Session1,0009,AAI pairing,missing_ema
TORGO,F01,Session1,0010,AAI pairing,missing_ema
TORGO,F01,Session1,0011,AAI pairing,missing_ema
TORGO,F01,Session1,0012,AAI pairing,missing_ema
TORGO,F01,Session1,0013,AAI pairing,missing_ema
TORGO,F01,Session1,0014,AAI pairing,missing_ema
TORGO,F01,Session1,0015,AAI pairing,missing_ema
TORGO,F01,Session1,0016,AAI pairing,missing_ema
TORGO,F01,Session1,0017,AAI pairing,missing_ema
TORGO,F01,Session1,0018,AAI pairing,missing_ema
TORGO,F01,Session1,0019,AAI pairing,missing_ema
TORGO,F01,Session1,0020,AAI pairing,missing_ema
TORGO,F01,Session1,0021,AAI pairing,missing_ema
TORGO,F01,Session1,0022,AAI pairing,missing_ema
TORGO,F01,Session1,0023,ASR scoring,unusable_prompt
TORGO,F01,Session1,0023,AAI pairing,missing_ema
TORGO,F01,Session1,0024,AAI pairing,missing_ema
TORGO,F01,Session1,0025,AAI pairing,missing_ema
TORGO,F01,Session1,0026,AAI pairing,missing_ema
TORGO,F01,Session1,0027,AAI pairing,missing_ema
TORGO,F01,Session1,0028,AAI pairing,missing_ema
TORGO,F01,Session1,0029,AAI pairing,missing_ema
TORGO,F01,Session1,0030,AAI pairing,missing_ema
TORGO,F01,Session1,0031,AAI pairing,missing_ema
TORGO,F01,Session1,0032,AAI pairing,missing_ema
TORGO,F01,Session1,0033,AAI pairing,missing_ema
TORGO,F01,Session1,0034,AAI pairing,missing_ema
TORGO,F01,Session1,0035,AAI pairing,missing_ema
TORGO,F01,Session1,0036,AAI pairing,missing_ema
TORGO,F01,Session1,0037,AAI pairing,missing_ema
TORGO,F01,Session1,0038,ASR scoring,unusable_prompt
TORGO,F01,Session1,0038,AAI pairing,missing_ema
TORGO,F01,Session1,0039,AAI pairing,missing_ema
TORGO,F01,Session1,0040,AAI pairing,missing_ema
TORGO,F01,Session1,0041,AAI pairing,missing_ema
TORGO,F01,Session1,0042,AAI pairing,missing_ema
TORGO,F01,Session1,0043,AAI pairing,missing_ema
TORGO,F01,Session1,0044,AAI pairing,missing_ema
TORGO,F01,Session1,0045,AAI pairing,missing_ema
TORGO,F01,Session1,0046,AAI pairing,missing_ema
TORGO,F01,Session1,0047,AAI pairing,missing_ema
TORGO,F01,Session1,0048,AAI pairing,missing_ema
TORGO,F01,Session1,0049,AAI pairing,missing_ema
TORGO,F01,Session1,0050,AAI pairing,missing_ema
TORGO,F01,Session1,0051,AAI pairing,missing_ema
TORGO,F01,Session1,0052,AAI pairing,missing_ema
TORGO,F01,Session1,0053,AAI pairing,missing_ema
TORGO,F01,Session1,0054,AAI pairing,missing_ema
TORGO,F01,Session1,0055,ASR scoring,missing_prompt
TORGO,F01,Session1,0055,AAI pairing,missing_ema
TORGO,F01,Session1,0056,ASR scoring,missing_prompt
TORGO,F01,Session1,0056,AAI pairing,missing_ema
TORGO,F01,Session1,0057,AAI pairing,missing_ema
TORGO,F01,Session1,0058,AAI pairing,missing_ema
TORGO,F01,Session1,0059,AAI pairing,missing_ema
TORGO,F01,Session1,0060,AAI pairing,missing_ema
TORGO,F01,Session1,0061,AAI pairing,missing_ema
TORGO,F01,Session1,0062,AAI pairing,missing_ema
TORGO,F01,Session1,0063,AAI pairing,missing_ema
TORGO,F01,Session1,0064,AAI pairing,missing_ema
TORGO,F01,Session1,0065,AAI pairing,missing_ema
TORGO,F01,Session1,0066,AAI pairing,missing_ema
TORGO,F01,Session1,0067,ASR scoring,unusable_prompt
TORGO,F01,Session1,0067,AAI pairing,missing_ema
TORGO,F01,Session1,0068,ASR scoring,unusable_prompt
TORGO,F01,Session1,0068,AAI pairing,missing_ema
TORGO,F01,Session1,0069,AAI pairing,missing_ema
TORGO,F01,Session1,0070,AAI pairing,missing_ema
TORGO,F01,Session1,0071,AAI pairing,missing_ema
TORGO,F01,Session1,0072,AAI pairing,missing_ema
TORGO,F01,Session1,0073,AAI pairing,missing_ema
TORGO,F01,Session1,0074,AAI pairing,missing_ema
TORGO,F01,Session1,0075,AAI pairing,missing_ema
TORGO,F01,Session1,0076,AAI pairing,missing_ema
TORGO,F01,Session1,0077,ASR scoring,unusable_prompt
TORGO,F01,Session1,0077,AAI pairing,missing_ema
TORGO,F01,Session1,0078,ASR scoring,unusable_prompt
TORGO,F01,Session1,0078,AAI pairing,missing_ema
TORGO,F01,Session1,0079,AAI pairing,missing_ema
TORGO,F01,Session1,0080,AAI pairing,missing_ema
TORGO,F01,Session1,0081,AAI pairing,missing_ema
TORGO,F01,Session1,0082,AAI pairing,missing_ema
TORGO,F01,Session1,0083,AAI pairing,missing_ema
TORGO,F01,Session1,0084,AAI pairing,missing_ema
TORGO,F01,Session1,0085,AAI pairing,missing_ema
TORGO,F01,Session1,0086,AAI pairing,missing_ema
TORGO,F01,Session1,0087,AAI pairing,missing_ema
TORGO,F01,Session1,0088,AAI pairing,missing_ema
TORGO,F01,Session1,0089,AAI pairing,missing_ema
TORGO,F01,Session1,0090,AAI pairing,missing_ema
TORGO,F01,Session1,0091,AAI pairing,missing_ema
TORGO,F01,Session1,0092,AAI pairing,missing_ema
TORGO,F01,Session1,0093,AAI pairing,missing_ema
TORGO,F01,Session1,0094,AAI pairing,missing_ema
TORGO,F01,Session1,0095,AAI pairing,missing_ema
TORGO,F01,Session1,0096,ASR scoring,unusable_prompt
TORGO,F01,Session1,0096,AAI pairing,missing_ema
TORGO,F01,Session1,0097,AAI pairing,missing_ema
TORGO,F01,Session1,0098,AAI pairing,missing_ema
TORGO,F01,Session1,0099,AAI pairing,missing_ema
TORGO,F01,Session1,0100,AAI pairing,missing_ema
TORGO,F01,Session1,0101,AAI pairing,missing_ema
TORGO,F01,Session1,0102,AAI pairing,missing_ema
TORGO,F01,Session1,0103,AAI pairing,missing_ema
TORGO,F01,Session1,0104,AAI pairing,missing_ema
TORGO,F01,Session1,0105,AAI pairing,missing_ema
TORGO,F01,Session1,0106,AAI pairing,missing_ema
TORGO,F01,Session1,0107,AAI pairing,missing_ema
TORGO,F01,Session1,0108,AAI pairing,missing_ema
TORGO,F01,Session1,0109,AAI pairing,missing_ema
TORGO,F01,Session1,0110,AAI pairing,missing_ema
TORGO,F01,Session1,0111,AAI pairing,missing_ema
TORGO,F01,Session1,0112,AAI pairing,missing_ema
TORGO,F01,Session1,0113,AAI pairing,missing_ema
TORGO,F01,Session1,0114,AAI pairing,missing_ema
TORGO,F01,Session1,0115,AAI pairing,missing_ema
TORGO,F01,Session1,0116,AAI pairing,missing_ema
TORGO,F01,Session1,0117,AAI pairing,missing_ema
TORGO,F01,Session1,0118,AAI pairing,missing_ema
TORGO,F01,Session1,0119,AAI pairing,missing_ema
TORGO,F01,Session1,0120,ASR scoring,unusable_prompt
TORGO,F01,Session1,0120,AAI pairing,missing_ema
TORGO,F01,Session1,0121,AAI pairing,missing_ema
TORGO,F01,Session1,0122,AAI pairing,missing_ema
TORGO,F01,Session1,0123,AAI pairing,missing_ema
TORGO,F01,Session1,0124,AAI pairing,missing_ema
TORGO,F01,Session1,0125,AAI pairing,missing_ema
TORGO,F01,Session1,0126,AAI pairing,missing_ema
TORGO,F01,Session1,0127,ASR scoring,unusable_prompt
TORGO,F01,Session1,0127,AAI pairing,missing_ema
TORGO,F01,Session1,0128,AAI pairing,missing_ema
TORGO,F01,Session1,0129,AAI pairing,missing_ema
TORGO,F01,Session1,0130,AAI pairing,missing_ema
TORGO,F01,Session1,0131,AAI pairing,missing_ema
TORGO,F01,Session1,0132,AAI pairing,missing_ema
TORGO,F01,Session1,0133,AAI pairing,missing_ema
TORGO,F01,Session1,0134,AAI pairing,missing_ema
TORGO,F03,Session1,0001,ASR scoring,unusable_prompt
TORGO,F03,Session1,0001,AAI pairing,missing_ema
TORGO,F03,Session1,0002,ASR scoring,unusable_prompt
TORGO,F03,Session1,0002,AAI pairing,missing_ema
TORGO,F03,Session1,0003,ASR scoring,unusable_prompt
TORGO,F03,Session1,0003,AAI pairing,missing_ema
TORGO,F03,Session1,0004,ASR scoring,unusable_prompt
TORGO,F03,Session1,0004,AAI pairing,missing_ema
TORGO,F03,Session1,0005,AAI pairing,missing_ema
TORGO,F03,Session1,0006,AAI pairing,missing_ema
TORGO,F03,Session1,0007,AAI pairing,missing_ema
TORGO,F03,Session1,0008,AAI pairing,missing_ema
TORGO,F03,Session1,0009,AAI pairing,missing_ema
TORGO,F03,Session1,0010,AAI pairing,missing_ema
TORGO,F03,Session1,0011,AAI pairing,missing_ema
TORGO,F03,Session1,0012,AAI pairing,missing_ema
TORGO,F03,Session1,0013,AAI pairing,missing_ema
TORGO,F03,Session1,0014,AAI pairing,missing_ema
TORGO,F03,Session1,0015,AAI pairing,missing_ema
TORGO,F03,Session1,0016,AAI pairing,missing_ema
TORGO,F03,Session1,0017,AAI pairing,missing_ema
TORGO,F03,Session1,0018,AAI pairing,missing_ema
TORGO,F03,Session1,0019,ASR scoring,unusable_prompt
TORGO,F03,Session1,0019,AAI pairing,missing_ema
TORGO,F03,Session1,0020,AAI pairing,missing_ema
TORGO,F03,Session1,0021,AAI pairing,missing_ema
TORGO,F03,Session1,0022,AAI pairing,missing_ema
TORGO,F03,Session1,0023,ASR scoring,unusable_prompt
TORGO,F03,Session1,0023,AAI pairing,missing_ema
TORGO,F03,Session1,0024,AAI pairing,missing_ema
TORGO,F03,Session1,0025,AAI pairing,missing_ema
TORGO,F03,Session1,0026,AAI pairing,missing_ema
TORGO,F03,Session1,0027,AAI pairing,missing_ema
TORGO,F03,Session1,0028,AAI pairing,missing_ema
TORGO,F03,Session1,0029,ASR scoring,unusable_prompt
TORGO,F03,Session1,0029,AAI pairing,missing_ema
TORGO,F03,Session1,0030,AAI pairing,missing_ema
TORGO,F03,Session1,0031,AAI pairing,missing_ema
TORGO,F03,Session1,0032,AAI pairing,missing_ema
TORGO,F03,Session1,0033,AAI pairing,missing_ema
TORGO,F03,Session1,0034,AAI pairing,missing_ema
TORGO,F03,Session1,0035,AAI pairing,missing_ema
TORGO,F03,Session1,0036,AAI pairing,missing_ema
TORGO,F03,Session1,0037,AAI pairing,missing_ema
TORGO,F03,Session1,0038,AAI pairing,missing_ema
TORGO,F03,Session1,0039,AAI pairing,missing_ema
TORGO,F03,Session1,0040,AAI pairing,missing_ema
TORGO,F03,Session1,0041,AAI pairing,missing_ema
TORGO,F03,Session1,0042,AAI pairing,missing_ema
TORGO,F03,Session1,0043,AAI pairing,missing_ema
TORGO,F03,Session1,0044,AAI pairing,missing_ema
TORGO,F03,Session1,0045,AAI pairing,missing_ema
TORGO,F03,Session1,0046,AAI pairing,missing_ema
TORGO,F03,Session1,0047,AAI pairing,missing_ema
TORGO,F03,Session1,0048,AAI pairing,missing_ema
TORGO,F03,Session1,0049,AAI pairing,missing_ema
TORGO,F03,Session1,0050,AAI pairing,missing_ema
TORGO,F03,Session1,0051,AAI pairing,missing_ema
TORGO,F03,Session1,0052,AAI pairing,missing_ema
TORGO,F03,Session1,0053,AAI pairing,missing_ema
TORGO,F03,Session1,0054,AAI pairing,missing_ema
TORGO,F03,Session1,0055,AAI pairing,missing_ema
TORGO,F03,Session1,0056,AAI pairing,missing_ema
TORGO,F03,Session1,0057,AAI pairing,missing_ema
TORGO,F03,Session1,0058,AAI pairing,missing_ema
TORGO,F03,Session1,0059,AAI pairing,missing_ema
TORGO,F03,Session1,0060,AAI pairing,missing_ema
TORGO,F03,Session1,0061,AAI pairing,missing_ema
TORGO,F03,Session1,0062,AAI pairing,missing_ema
TORGO,F03,Session1,0063,AAI pairing,missing_ema
TORGO,F03,Session1,0064,AAI pairing,missing_ema
TORGO,F03,Session1,0065,AAI pairing,missing_ema
TORGO,F03,Session1,0066,AAI pairing,missing_ema
TORGO,F03,Session1,0067,AAI pairing,missing_ema
TORGO,F03,Session1,0068,AAI pairing,missing_ema
TORGO,F03,Session1,0069,AAI pairing,missing_ema
TORGO,F03,Session1,0070,AAI pairing,missing_ema
TORGO,F03,Session1,0071,AAI pairing,missing_ema
TORGO,F03,Session1,0072,AAI pairing,missing_ema
TORGO,F03,Session1,0073,AAI pairing,missing_ema
TORGO,F03,Session1,0074,AAI pairing,missing_ema
TORGO,F03,Session1,0075,AAI pairing,missing_ema
TORGO,F03,Session1,0076,AAI pairing,missing_ema
TORGO,F03,Session1,0077,AAI pairing,missing_ema
TORGO,F03,Session1,0078,AAI pairing,missing_ema
TORGO,F03,Session1,0079,AAI pairing,missing_ema
TORGO,F03,Session1,0080,AAI pairing,missing_ema
TORGO,F03,Session1,0081,AAI pairing,missing_ema
TORGO,F03,Session1,0082,AAI pairing,missing_ema
TORGO,F03,Session1,0083,AAI pairing,missing_ema
TORGO,F03,Session1,0084,AAI pairing,missing_ema
TORGO,F03,Session1,0085,AAI pairing,missing_ema
TORGO,F03,Session1,0086,AAI pairing,missing_ema
TORGO,F03,Session1,0087,AAI pairing,missing_ema
TORGO,F03,Session1,0088,ASR scoring,unusable_prompt
TORGO,F03,Session1,0088,AAI pairing,missing_ema
TORGO,F03,Session1,0089,AAI pairing,missing_ema
TORGO,F03,Session1,0090,AAI pairing,missing_ema
TORGO,F03,Session1,0091,AAI pairing,missing_ema
TORGO,F03,Session1,0092,AAI pairing,missing_ema
TORGO,F03,Session1,0093,AAI pairing,missing_ema
TORGO,F03,Session1,0094,AAI pairing,missing_ema
TORGO,F03,Session1,0095,AAI pairing,missing_ema
TORGO,F03,Session1,0096,AAI pairing,missing_ema
TORGO,F03,Session1,0097,AAI pairing,missing_ema
TORGO,F03,Session1,0098,AAI pairing,missing_ema
TORGO,F03,Session1,0099,AAI pairing,missing_ema
TORGO,F03,Session1,0100,ASR scoring,unusable_prompt
TORGO,F03,Session1,0100,AAI pairing,missing_ema
TORGO,F03,Session1,0101,ASR scoring,unusable_prompt
TORGO,F03,Session1,0101,AAI pairing,missing_ema
TORGO,F03,Session1,0102,AAI pairing,missing_ema
TORGO,F03,Session1,0103,ASR scoring,unusable_prompt
TORGO,F03,Session1,0103,AAI pairing,missing_ema
TORGO,F03,Session1,0104,AAI pairing,missing_ema
TORGO,F03,Session1,0105,AAI pairing,missing_ema
TORGO,F03,Session1,0106,AAI pairing,missing_ema
TORGO,F03,Session1,0107,AAI pairing,missing_ema
TORGO,F03,Session1,0108,AAI pairing,missing_ema
TORGO,F03,Session1,0109,AAI pairing,missing_ema
TORGO,F03,Session1,0110,AAI pairing,missing_ema
TORGO,F03,Session1,0111,AAI pairing,missing_ema
TORGO,F03,Session1,0112,AAI pairing,missing_ema
TORGO,F03,Session1,0113,AAI pairing,missing_ema
TORGO,F03,Session1,0114,AAI pairing,missing_ema
TORGO,F03,Session1,0115,AAI pairing,missing_ema
TORGO,F03,Session1,0116,AAI pairing,missing_ema
TORGO,F03,Session1,0117,AAI pairing,missing_ema
TORGO,F03,Session1,0118,AAI pairing,missing_ema
TORGO,F03,Session1,0119,AAI pairing,missing_ema
TORGO,F03,Session1,0120,AAI pairing,missing_ema
TORGO,F03,Session1,0121,AAI pairing,missing_ema
TORGO,F03,Session1,0122,ASR scoring,unusable_prompt
TORGO,F03,Session1,0122,AAI pairing,missing_ema
TORGO,F03,Session1,0123,ASR scoring,unusable_prompt
TORGO,F03,Session1,0123,AAI pairing,missing_ema
TORGO,F03,Session1,0124,AAI pairing,missing_ema
TORGO,F03,Session1,0125,AAI pairing,missing_ema
TORGO,F03,Session1,0126,AAI pairing,missing_ema
TORGO,F03,Session1,0127,AAI pairing,missing_ema
TORGO,F03,Session1,0128,AAI pairing,missing_ema
TORGO,F03,Session1,0129,AAI pairing,missing_ema
TORGO,F03,Session1,0130,AAI pairing,missing_ema
TORGO,F03,Session1,0131,AAI pairing,missing_ema
TORGO,F03,Session1,0132,AAI pairing,missing_ema
TORGO,F03,Session1,0133,AAI pairing,missing_ema
TORGO,F03,Session1,0134,AAI pairing,missing_ema
TORGO,F03,Session1,0135,AAI pairing,missing_ema
TORGO,F03,Session1,0136,AAI pairing,missing_ema
TORGO,F03,Session1,0137,AAI pairing,missing_ema
TORGO,F03,Session1,0138,AAI pairing,missing_ema
TORGO,F03,Session1,0139,AAI pairing,missing_ema
TORGO,F03,Session1,0140,AAI pairing,missing_ema
TORGO,F03,Session1,0141,AAI pairing,missing_ema
TORGO,F03,Session1,0142,AAI pairing,missing_ema
TORGO,F03,Session1,0143,AAI pairing,missing_ema
TORGO,F03,Session1,0144,AAI pairing,missing_ema
TORGO,F03,Session1,0145,AAI pairing,missing_ema
TORGO,F03,Session1,0146,AAI pairing,missing_ema
TORGO,F03,Session1,0147,AAI pairing,missing_ema
TORGO,F03,Session1,0148,AAI pairing,missing_ema
TORGO,F03,Session1,0149,ASR scoring,unusable_prompt
TORGO,F03,Session1,0149,AAI pairing,missing_ema
TORGO,F03,Session1,0150,AAI pairing,missing_ema
TORGO,F03,Session1,0151,AAI pairing,missing_ema
TORGO,F03,Session1,0152,AAI pairing,missing_ema
TORGO,F03,Session1,0153,AAI pairing,missing_ema
TORGO,F03,Session1,0154,AAI pairing,missing_ema
TORGO,F03,Session1,0155,AAI pairing,missing_ema
TORGO,F03,Session1,0156,AAI pairing,missing_ema
TORGO,F03,Session1,0157,AAI pairing,missing_ema
TORGO,F03,Session1,0158,AAI pairing,missing_ema
TORGO,F03,Session1,0159,AAI pairing,missing_ema
TORGO,F03,Session1,0160,AAI pairing,missing_ema
TORGO,F03,Session1,0161,AAI pairing,missing_ema
TORGO,F03,Session1,0162,AAI pairing,missing_ema
TORGO,F03,Session1,0163,AAI pairing,missing_ema
TORGO,F03,Session1,0164,AAI pairing,missing_ema
TORGO,F03,Session1,0165,AAI pairing,missing_ema
TORGO,F03,Session1,0166,AAI pairing,missing_ema
TORGO,F03,Session1,0167,AAI pairing,missing_ema
TORGO,F03,Session1,0168,AAI pairing,missing_ema
TORGO,F03,Session1,0169,AAI pairing,missing_ema
TORGO,F03,Session1,0170,AAI pairing,missing_ema
TORGO,F03,Session1,0171,AAI pairing,missing_ema
TORGO,F03,Session1,0172,AAI pairing,missing_ema
TORGO,F03,Session1,0173,AAI pairing,missing_ema
TORGO,F03,Session1,0174,AAI pairing,missing_ema
TORGO,F03,Session1,0175,AAI pairing,missing_ema
TORGO,F03,Session1,0176,AAI pairing,missing_ema
TORGO,F03,Session1,0177,AAI pairing,missing_ema
TORGO,F03,Session1,0178,AAI pairing,missing_ema
TORGO,F03,Session1,0179,AAI pairing,missing_ema
TORGO,F03,Session1,0180,AAI pairing,missing_ema
TORGO,F03,Session1,0181,AAI pairing,missing_ema
TORGO,F03,Session1,0182,AAI pairing,missing_ema
TORGO,F03,Session1,0183,AAI pairing,missing_ema
TORGO,F03,Session1,0184,AAI pairing,missing_ema
TORGO,F03,Session1,0185,AAI pairing,missing_ema
TORGO,F03,Session1,0186,AAI pairing,missing_ema
TORGO,F03,Session1,0187,AAI pairing,missing_ema
TORGO,F03,Session1,0188,AAI pairing,missing_ema
TORGO,F03,Session1,0189,AAI pairing,missing_ema
TORGO,F03,Session1,0190,AAI pairing,missing_ema
TORGO,F03,Session1,0191,AAI pairing,missing_ema
TORGO,F03,Session1,0192,AAI pairing,missing_ema
TORGO,F03,Session1,0193,AAI pairing,missing_ema
TORGO,F03,Session1,0194,AAI pairing,missing_ema
TORGO,F03,Session1,0195,AAI pairing,missing_ema
TORGO,F03,Session1,0196,AAI pairing,missing_ema
TORGO,F03,Session1,0197,AAI pairing,missing_ema
TORGO,F03,Session1,0198,AAI pairing,missing_ema
TORGO,F03,Session1,0199,AAI pairing,missing_ema
TORGO,F03,Session1,0200,AAI pairing,missing_ema
TORGO,F03,Session1,0201,AAI pairing,missing_ema
TORGO,F03,Session1,0202,AAI pairing,missing_ema
TORGO,F03,Session1,0203,AAI pairing,missing_ema
TORGO,F03,Session1,0204,AAI pairing,missing_ema
TORGO,F03,Session2,0010,ASR scoring,unusable_prompt
TORGO,F03,Session2,0011,ASR scoring,unusable_prompt
TORGO,F03,Session2,0024,ASR scoring,unusable_prompt
TORGO,F03,Session2,0097,ASR scoring,unusable_prompt
TORGO,F03,Session2,0111,ASR scoring,unusable_prompt
TORGO,F03,Session2,0117,ASR scoring,missing_valid_audio
TORGO,F03,Session2,0117,AAI pairing,missing_valid_audio
TORGO,F03,Session2,0139,ASR scoring,unusable_prompt
TORGO,F03,Session2,0158,ASR scoring,unusable_prompt
TORGO,F03,Session2,0161,ASR scoring,missing_valid_audio|missing_prompt
TORGO,F03,Session2,0161,AAI pairing,missing_valid_audio
TORGO,F03,Session2,0162,ASR scoring,missing_prompt
TORGO,F03,Session2,0163,ASR scoring,missing_prompt
TORGO,F03,Session2,0164,ASR scoring,missing_prompt
TORGO,F03,Session2,0165,ASR scoring,missing_prompt
TORGO,F03,Session2,0166,ASR scoring,missing_prompt
TORGO,F03,Session2,0167,ASR scoring,missing_prompt
TORGO,F03,Session2,0168,ASR scoring,missing_prompt
TORGO,F03,Session2,0169,ASR scoring,missing_prompt
TORGO,F03,Session2,0170,ASR scoring,missing_prompt
TORGO,F03,Session2,0171,ASR scoring,missing_prompt
TORGO,F03,Session2,0172,ASR scoring,missing_prompt
TORGO,F03,Session2,0173,ASR scoring,missing_prompt
TORGO,F03,Session2,0174,ASR scoring,missing_prompt
TORGO,F03,Session2,0175,ASR scoring,missing_prompt
TORGO,F03,Session2,0176,ASR scoring,missing_prompt
TORGO,F03,Session2,0177,ASR scoring,missing_prompt
TORGO,F03,Session2,0178,ASR scoring,missing_prompt
TORGO,F03,Session2,0179,ASR scoring,missing_prompt
TORGO,F03,Session2,0180,ASR scoring,missing_prompt
TORGO,F03,Session2,0181,ASR scoring,missing_prompt
TORGO,F03,Session2,0182,ASR scoring,missing_prompt
TORGO,F03,Session2,0183,ASR scoring,missing_prompt
TORGO,F03,Session2,0184,ASR scoring,missing_prompt
TORGO,F03,Session2,0185,ASR scoring,missing_prompt
TORGO,F03,Session2,0186,ASR scoring,missing_prompt
TORGO,F03,Session2,0187,ASR scoring,missing_prompt
TORGO,F03,Session2,0188,ASR scoring,missing_prompt
TORGO,F03,Session2,0189,ASR scoring,missing_prompt
TORGO,F03,Session2,0190,ASR scoring,missing_prompt
TORGO,F03,Session2,0191,ASR scoring,missing_prompt
TORGO,F03,Session2,0192,ASR scoring,missing_prompt
TORGO,F03,Session2,0193,ASR scoring,missing_prompt
TORGO,F03,Session2,0194,ASR scoring,missing_prompt
TORGO,F03,Session2,0195,ASR scoring,missing_prompt
TORGO,F03,Session2,0196,ASR scoring,missing_prompt
TORGO,F03,Session2,0197,ASR scoring,missing_prompt
TORGO,F03,Session2,0198,ASR scoring,missing_prompt
TORGO,F03,Session2,0199,ASR scoring,missing_prompt
TORGO,F03,Session2,0200,ASR scoring,missing_prompt
TORGO,F03,Session2,0201,ASR scoring,missing_prompt
TORGO,F03,Session2,0202,ASR scoring,missing_prompt
TORGO,F03,Session2,0203,ASR scoring,missing_prompt
TORGO,F03,Session2,0204,ASR scoring,missing_prompt
TORGO,F03,Session2,0205,ASR scoring,missing_prompt
TORGO,F03,Session2,0206,ASR scoring,missing_prompt
TORGO,F03,Session2,0207,ASR scoring,missing_prompt
TORGO,F03,Session2,0208,ASR scoring,missing_prompt
TORGO,F03,Session2,0209,ASR scoring,missing_prompt
TORGO,F03,Session2,0210,ASR scoring,missing_prompt
TORGO,F03,Session2,0211,ASR scoring,missing_prompt
TORGO,F03,Session2,0212,ASR scoring,missing_prompt
TORGO,F03,Session2,0213,ASR scoring,missing_prompt
TORGO,F03,Session2,0214,ASR scoring,missing_prompt
TORGO,F03,Session2,0215,ASR scoring,missing_prompt
TORGO,F03,Session2,0216,ASR scoring,missing_prompt
TORGO,F03,Session2,0217,ASR scoring,missing_prompt
TORGO,F03,Session2,0218,ASR scoring,missing_prompt
TORGO,F03,Session2,0219,ASR scoring,missing_prompt
TORGO,F03,Session2,0220,ASR scoring,missing_valid_audio|missing_prompt
TORGO,F03,Session2,0220,AAI pairing,missing_valid_audio
TORGO,F03,Session2,0221,ASR scoring,missing_prompt
TORGO,F03,Session2,0222,ASR scoring,missing_prompt
TORGO,F03,Session2,0223,ASR scoring,missing_prompt
TORGO,F03,Session2,0224,ASR scoring,missing_prompt
TORGO,F03,Session2,0225,ASR scoring,missing_prompt
TORGO,F03,Session2,0226,ASR scoring,missing_prompt
TORGO,F03,Session2,0227,ASR scoring,missing_prompt
TORGO,F03,Session2,0228,ASR scoring,missing_prompt
TORGO,F03,Session2,0229,ASR scoring,missing_prompt
TORGO,F03,Session2,0230,ASR scoring,missing_prompt
TORGO,F03,Session2,0231,ASR scoring,missing_valid_audio|missing_prompt
TORGO,F03,Session2,0231,AAI pairing,missing_valid_audio
TORGO,F03,Session2,0232,ASR scoring,missing_prompt
TORGO,F03,Session2,0233,ASR scoring,missing_prompt
TORGO,F03,Session2,0234,ASR scoring,missing_prompt
TORGO,F03,Session2,0235,ASR scoring,missing_prompt
TORGO,F03,Session2,0236,ASR scoring,missing_prompt
TORGO,F03,Session2,0237,ASR scoring,missing_prompt
TORGO,F03,Session2,0238,ASR scoring,missing_prompt
TORGO,F03,Session2,0239,ASR scoring,missing_prompt
TORGO,F03,Session2,0240,ASR scoring,missing_prompt
TORGO,F03,Session2,0241,ASR scoring,missing_prompt
TORGO,F03,Session2,0242,ASR scoring,missing_prompt
TORGO,F03,Session2,0243,ASR scoring,missing_prompt
TORGO,F03,Session2,0244,ASR scoring,missing_prompt
TORGO,F03,Session2,0245,ASR scoring,missing_prompt
TORGO,F03,Session2,0246,ASR scoring,missing_prompt
TORGO,F03,Session2,0247,ASR scoring,missing_prompt
TORGO,F03,Session2,0248,ASR scoring,missing_prompt
TORGO,F03,Session2,0249,ASR scoring,missing_prompt
TORGO,F03,Session2,0250,ASR scoring,missing_prompt
TORGO,F03,Session2,0251,ASR scoring,missing_prompt
TORGO,F03,Session2,0252,ASR scoring,missing_prompt
TORGO,F03,Session2,0253,ASR scoring,missing_prompt
TORGO,F03,Session2,0254,ASR scoring,missing_prompt
TORGO,F03,Session2,0255,ASR scoring,missing_prompt
TORGO,F03,Session2,0256,ASR scoring,missing_prompt
TORGO,F03,Session2,0257,ASR scoring,missing_prompt
TORGO,F03,Session2,0258,ASR scoring,missing_prompt
TORGO,F03,Session2,0259,ASR scoring,missing_prompt
TORGO,F03,Session2,0260,ASR scoring,missing_prompt
TORGO,F03,Session2,0261,ASR scoring,missing_prompt
TORGO,F03,Session2,0262,ASR scoring,missing_prompt
TORGO,F03,Session2,0263,ASR scoring,missing_prompt
TORGO,F03,Session2,0264,ASR scoring,missing_valid_audio|missing_prompt
TORGO,F03,Session2,0264,AAI pairing,missing_valid_audio
TORGO,F03,Session2,0265,ASR scoring,missing_prompt
TORGO,F03,Session2,0266,ASR scoring,missing_prompt
TORGO,F03,Session2,0267,ASR scoring,missing_prompt
TORGO,F03,Session2,0268,ASR scoring,missing_prompt
TORGO,F03,Session2,0269,ASR scoring,missing_prompt
TORGO,F03,Session2,0270,ASR scoring,missing_prompt
TORGO,F03,Session2,0271,ASR scoring,missing_prompt
TORGO,F03,Session2,0272,ASR scoring,missing_prompt
TORGO,F03,Session2,0273,ASR scoring,missing_prompt
TORGO,F03,Session2,0274,ASR scoring,missing_prompt
TORGO,F03,Session2,0275,ASR scoring,missing_prompt
TORGO,F03,Session2,0276,ASR scoring,missing_prompt
TORGO,F03,Session2,0277,ASR scoring,missing_prompt
TORGO,F03,Session2,0278,ASR scoring,missing_prompt
TORGO,F03,Session2,0279,ASR scoring,missing_prompt
TORGO,F03,Session2,0280,ASR scoring,missing_prompt
TORGO,F03,Session2,0281,ASR scoring,missing_prompt
TORGO,F03,Session2,0282,ASR scoring,missing_prompt
TORGO,F03,Session2,0283,ASR scoring,missing_prompt
TORGO,F03,Session2,0284,ASR scoring,missing_prompt
TORGO,F03,Session2,0285,ASR scoring,missing_prompt
TORGO,F03,Session2,0286,ASR scoring,missing_prompt
TORGO,F03,Session2,0287,ASR scoring,missing_prompt
TORGO,F03,Session2,0288,ASR scoring,missing_prompt
TORGO,F03,Session2,0289,ASR scoring,missing_prompt
TORGO,F03,Session2,0290,ASR scoring,missing_prompt
TORGO,F03,Session2,0291,ASR scoring,missing_prompt
TORGO,F03,Session2,0292,ASR scoring,missing_prompt
TORGO,F03,Session2,0293,ASR scoring,missing_prompt
TORGO,F03,Session2,0294,ASR scoring,missing_prompt
TORGO,F03,Session2,0295,ASR scoring,missing_prompt
TORGO,F03,Session2,0296,ASR scoring,missing_prompt
TORGO,F03,Session2,0297,ASR scoring,missing_prompt
TORGO,F03,Session2,0298,ASR scoring,missing_prompt
TORGO,F03,Session2,0299,ASR scoring,missing_prompt
TORGO,F03,Session2,0300,ASR scoring,missing_prompt
TORGO,F03,Session2,0301,ASR scoring,missing_prompt
TORGO,F03,Session2,0302,ASR scoring,missing_prompt
TORGO,F03,Session2,0303,ASR scoring,missing_prompt
TORGO,F03,Session2,0304,ASR scoring,missing_prompt
TORGO,F03,Session2,0305,ASR scoring,missing_prompt
TORGO,F03,Session2,0306,ASR scoring,missing_prompt
TORGO,F03,Session2,0307,ASR scoring,missing_prompt
TORGO,F03,Session2,0308,ASR scoring,missing_prompt
TORGO,F03,Session2,0309,ASR scoring,missing_prompt
TORGO,F03,Session2,0310,ASR scoring,missing_prompt
TORGO,F03,Session2,0311,ASR scoring,missing_prompt
TORGO,F03,Session2,0312,ASR scoring,missing_prompt
TORGO,F03,Session2,0313,ASR scoring,missing_prompt
TORGO,F03,Session2,0314,ASR scoring,missing_prompt
TORGO,F03,Session2,0315,ASR scoring,missing_prompt
TORGO,F03,Session2,0316,ASR scoring,missing_prompt
TORGO,F03,Session2,0317,ASR scoring,missing_prompt
TORGO,F03,Session2,0318,ASR scoring,missing_prompt
TORGO,F03,Session2,0319,ASR scoring,missing_prompt
TORGO,F03,Session2,0320,ASR scoring,missing_prompt
TORGO,F03,Session2,0321,ASR scoring,missing_prompt
TORGO,F03,Session2,0322,ASR scoring,missing_prompt
TORGO,F03,Session2,0323,ASR scoring,missing_prompt
TORGO,F03,Session2,0324,ASR scoring,missing_prompt
TORGO,F03,Session2,0325,ASR scoring,missing_prompt
TORGO,F03,Session2,0326,ASR scoring,missing_prompt
TORGO,F03,Session2,0327,ASR scoring,missing_prompt
TORGO,F03,Session2,0328,ASR scoring,missing_prompt
TORGO,F03,Session2,0329,ASR scoring,missing_prompt
TORGO,F03,Session2,0330,ASR scoring,missing_prompt
TORGO,F03,Session2,0331,ASR scoring,missing_prompt
TORGO,F03,Session2,0332,ASR scoring,missing_prompt
TORGO,F03,Session2,0333,ASR scoring,missing_prompt
TORGO,F03,Session2,0334,ASR scoring,missing_prompt
TORGO,F03,Session2,0335,ASR scoring,missing_prompt
TORGO,F03,Session2,0336,ASR scoring,missing_prompt
TORGO,F03,Session2,0337,ASR scoring,missing_prompt
TORGO,F03,Session2,0338,ASR scoring,missing_prompt
TORGO,F03,Session2,0339,ASR scoring,missing_prompt
TORGO,F03,Session2,0340,ASR scoring,missing_prompt
TORGO,F03,Session2,0341,ASR scoring,missing_prompt
TORGO,F03,Session2,0342,ASR scoring,missing_prompt
TORGO,F03,Session2,0343,ASR scoring,missing_prompt
TORGO,F03,Session2,0344,ASR scoring,missing_prompt
TORGO,F03,Session2,0345,ASR scoring,missing_prompt
TORGO,F03,Session2,0346,ASR scoring,missing_prompt
TORGO,F03,Session2,0347,ASR scoring,missing_prompt
TORGO,F03,Session2,0348,ASR scoring,missing_prompt
TORGO,F03,Session2,0349,ASR scoring,missing_prompt
TORGO,F03,Session2,0350,ASR scoring,missing_prompt
TORGO,F03,Session2,0351,ASR scoring,missing_prompt
TORGO,F03,Session2,0352,ASR scoring,missing_prompt
TORGO,F03,Session2,0353,ASR scoring,missing_prompt
TORGO,F03,Session2,0354,ASR scoring,missing_prompt
TORGO,F03,Session2,0355,ASR scoring,missing_prompt
TORGO,F03,Session2,0356,ASR scoring,missing_prompt
TORGO,F03,Session2,0357,ASR scoring,missing_prompt
TORGO,F03,Session2,0358,ASR scoring,missing_prompt
TORGO,F03,Session2,0359,ASR scoring,missing_prompt
TORGO,F03,Session2,0360,ASR scoring,missing_prompt
TORGO,F03,Session2,0361,ASR scoring,missing_prompt
TORGO,F03,Session2,0362,ASR scoring,missing_prompt
TORGO,F03,Session2,0363,ASR scoring,missing_prompt
TORGO,F03,Session2,0364,ASR scoring,missing_prompt
TORGO,F03,Session2,0365,ASR scoring,missing_prompt
TORGO,F03,Session2,0366,ASR scoring,missing_prompt
TORGO,F03,Session2,0367,ASR scoring,missing_prompt
TORGO,F03,Session2,0368,ASR scoring,missing_prompt
TORGO,F03,Session2,0369,ASR scoring,missing_prompt
TORGO,F03,Session2,0370,ASR scoring,missing_prompt
TORGO,F03,Session2,0371,ASR scoring,missing_prompt
TORGO,F03,Session2,0372,ASR scoring,missing_prompt
TORGO,F03,Session2,0373,ASR scoring,missing_prompt
TORGO,F03,Session2,0374,ASR scoring,missing_prompt
TORGO,F03,Session2,0375,ASR scoring,missing_prompt
TORGO,F03,Session2,0376,ASR scoring,missing_prompt
TORGO,F03,Session2,0377,ASR scoring,missing_prompt
TORGO,F03,Session2,0378,ASR scoring,missing_prompt
TORGO,F03,Session2,0379,ASR scoring,missing_prompt
TORGO,F03,Session2,0380,ASR scoring,missing_prompt
TORGO,F03,Session2,0381,ASR scoring,missing_prompt
TORGO,F03,Session2,0382,ASR scoring,missing_prompt
TORGO,F03,Session2,0383,ASR scoring,missing_prompt
TORGO,F03,Session2,0384,ASR scoring,missing_prompt
TORGO,F03,Session2,0385,ASR scoring,missing_prompt
TORGO,F03,Session2,0386,ASR scoring,missing_prompt
TORGO,F03,Session2,0387,ASR scoring,missing_prompt
TORGO,F03,Session2,0388,ASR scoring,missing_prompt
TORGO,F03,Session2,0389,ASR scoring,missing_prompt
TORGO,F03,Session2,0390,ASR scoring,missing_prompt
TORGO,F03,Session2,0391,ASR scoring,missing_prompt
TORGO,F03,Session2,0392,ASR scoring,missing_prompt
TORGO,F03,Session2,0393,ASR scoring,missing_prompt
TORGO,F03,Session2,0394,ASR scoring,missing_prompt
TORGO,F03,Session2,0395,ASR scoring,missing_prompt
TORGO,F03,Session2,0396,ASR scoring,missing_prompt
TORGO,F03,Session2,0397,ASR scoring,missing_prompt
TORGO,F03,Session2,0398,ASR scoring,missing_prompt
TORGO,F03,Session2,0399,ASR scoring,missing_prompt
TORGO,F03,Session2,0400,ASR scoring,missing_prompt
TORGO,F03,Session2,0401,ASR scoring,missing_prompt
TORGO,F03,Session2,0402,ASR scoring,missing_prompt
TORGO,F03,Session2,0403,ASR scoring,missing_prompt
TORGO,F03,Session2,0404,ASR scoring,missing_prompt
TORGO,F03,Session2,0405,ASR scoring,missing_prompt
TORGO,F03,Session2,0406,ASR scoring,missing_prompt
TORGO,F03,Session2,0407,ASR scoring,missing_prompt
TORGO,F03,Session2,0408,ASR scoring,missing_prompt
TORGO,F03,Session2,0409,ASR scoring,missing_prompt
TORGO,F03,Session2,0410,ASR scoring,missing_prompt
TORGO,F03,Session2,0411,ASR scoring,missing_prompt
TORGO,F03,Session2,0412,ASR scoring,missing_prompt
TORGO,F03,Session2,0413,ASR scoring,missing_prompt
TORGO,F03,Session2,0414,ASR scoring,missing_prompt
TORGO,F03,Session2,0415,ASR scoring,missing_prompt
TORGO,F03,Session2,0416,ASR scoring,missing_prompt
TORGO,F03,Session2,0417,ASR scoring,missing_prompt
TORGO,F03,Session2,0418,ASR scoring,missing_prompt
TORGO,F03,Session2,0419,ASR scoring,missing_prompt
TORGO,F03,Session2,0420,ASR scoring,missing_prompt
TORGO,F03,Session2,0421,ASR scoring,missing_prompt
TORGO,F03,Session2,0422,ASR scoring,missing_prompt
TORGO,F03,Session2,0423,ASR scoring,missing_prompt
TORGO,F03,Session2,0424,ASR scoring,missing_prompt
TORGO,F03,Session2,0425,ASR scoring,missing_prompt
TORGO,F03,Session2,0426,ASR scoring,missing_prompt
TORGO,F03,Session2,0427,ASR scoring,missing_prompt
TORGO,F03,Session2,0428,ASR scoring,missing_prompt
TORGO,F03,Session2,0429,ASR scoring,missing_prompt
TORGO,F03,Session2,0430,ASR scoring,missing_prompt
TORGO,F03,Session2,0431,ASR scoring,missing_prompt
TORGO,F03,Session2,0432,ASR scoring,missing_prompt
TORGO,F03,Session2,0433,ASR scoring,missing_prompt
TORGO,F03,Session2,0434,ASR scoring,missing_prompt
TORGO,F03,Session2,0435,ASR scoring,missing_prompt
TORGO,F03,Session2,0436,ASR scoring,missing_prompt
TORGO,F03,Session2,0437,ASR scoring,missing_prompt
TORGO,F03,Session2,0438,ASR scoring,missing_prompt
TORGO,F03,Session2,0439,ASR scoring,missing_prompt
TORGO,F03,Session2,0440,ASR scoring,missing_prompt
TORGO,F03,Session2,0441,ASR scoring,missing_prompt
TORGO,F03,Session2,0442,ASR scoring,missing_prompt
TORGO,F03,Session2,0443,ASR scoring,missing_prompt
TORGO,F03,Session2,0444,ASR scoring,missing_prompt
TORGO,F03,Session2,0445,ASR scoring,missing_valid_audio|missing_prompt
TORGO,F03,Session2,0445,AAI pairing,missing_valid_audio
TORGO,F03,Session2,0446,ASR scoring,missing_valid_audio|missing_prompt
TORGO,F03,Session2,0446,AAI pairing,missing_valid_audio
TORGO,F03,Session2,0447,ASR scoring,missing_valid_audio|missing_prompt
TORGO,F03,Session2,0447,AAI pairing,missing_valid_audio
TORGO,F03,Session3,0002,ASR scoring,unusable_prompt
TORGO,F03,Session3,0029,ASR scoring,unusable_prompt
TORGO,F03,Session3,0040,ASR scoring,unusable_prompt
TORGO,F03,Session3,0102,ASR scoring,unusable_prompt
TORGO,F03,Session3,0150,ASR scoring,unusable_prompt
TORGO,F03,Session3,0175,ASR scoring,unusable_prompt
TORGO,F03,Session3,0177,ASR scoring,unusable_prompt
TORGO,F03,Session3,0178,ASR scoring,unusable_prompt
TORGO,F03,Session3,0198,ASR scoring,unusable_prompt
TORGO,F03,Session3,0213,ASR scoring,unusable_prompt
TORGO,F04,Session1,0001,ASR scoring,unusable_prompt
TORGO,F04,Session1,0001,AAI pairing,missing_ema
TORGO,F04,Session1,0002,ASR scoring,unusable_prompt
TORGO,F04,Session1,0002,AAI pairing,missing_ema
TORGO,F04,Session1,0003,ASR scoring,unusable_prompt
TORGO,F04,Session1,0003,AAI pairing,missing_ema
TORGO,F04,Session1,0004,ASR scoring,unusable_prompt
TORGO,F04,Session1,0004,AAI pairing,missing_ema
TORGO,F04,Session1,0005,AAI pairing,missing_ema
TORGO,F04,Session1,0006,AAI pairing,missing_ema
TORGO,F04,Session1,0007,AAI pairing,missing_ema
TORGO,F04,Session1,0008,AAI pairing,missing_ema
TORGO,F04,Session1,0009,AAI pairing,missing_ema
TORGO,F04,Session1,0010,AAI pairing,missing_ema
TORGO,F04,Session1,0011,AAI pairing,missing_ema
TORGO,F04,Session1,0012,AAI pairing,missing_ema
TORGO,F04,Session1,0013,AAI pairing,missing_ema
TORGO,F04,Session1,0014,AAI pairing,missing_ema
TORGO,F04,Session1,0015,AAI pairing,missing_ema
TORGO,F04,Session1,0016,AAI pairing,missing_ema
TORGO,F04,Session1,0017,AAI pairing,missing_ema
TORGO,F04,Session1,0018,AAI pairing,missing_ema
TORGO,F04,Session1,0019,AAI pairing,missing_ema
TORGO,F04,Session1,0020,AAI pairing,missing_ema
TORGO,F04,Session1,0021,AAI pairing,missing_ema
TORGO,F04,Session1,0022,AAI pairing,missing_ema
TORGO,F04,Session1,0023,AAI pairing,missing_ema
TORGO,F04,Session1,0024,AAI pairing,missing_ema
TORGO,F04,Session1,0025,AAI pairing,missing_ema
TORGO,F04,Session1,0026,AAI pairing,missing_ema
TORGO,F04,Session1,0027,AAI pairing,missing_ema
TORGO,F04,Session1,0028,AAI pairing,missing_ema
TORGO,F04,Session1,0029,AAI pairing,missing_ema
TORGO,F04,Session1,0030,AAI pairing,missing_ema
TORGO,F04,Session1,0031,AAI pairing,missing_ema
TORGO,F04,Session1,0032,AAI pairing,missing_ema
TORGO,F04,Session1,0033,AAI pairing,missing_ema
TORGO,F04,Session1,0034,AAI pairing,missing_ema
TORGO,F04,Session1,0035,AAI pairing,missing_ema
TORGO,F04,Session1,0036,AAI pairing,missing_ema
TORGO,F04,Session1,0037,AAI pairing,missing_ema
TORGO,F04,Session1,0038,AAI pairing,missing_ema
TORGO,F04,Session1,0039,AAI pairing,missing_ema
TORGO,F04,Session1,0040,AAI pairing,missing_ema
TORGO,F04,Session1,0041,AAI pairing,missing_ema
TORGO,F04,Session1,0042,AAI pairing,missing_ema
TORGO,F04,Session1,0043,AAI pairing,missing_ema
TORGO,F04,Session1,0044,AAI pairing,missing_ema
TORGO,F04,Session1,0045,AAI pairing,missing_ema
TORGO,F04,Session1,0046,AAI pairing,missing_ema
TORGO,F04,Session1,0047,AAI pairing,missing_ema
TORGO,F04,Session1,0048,AAI pairing,missing_ema
TORGO,F04,Session1,0049,ASR scoring,unusable_prompt
TORGO,F04,Session1,0049,AAI pairing,missing_ema
TORGO,F04,Session1,0050,ASR scoring,unusable_prompt
TORGO,F04,Session1,0050,AAI pairing,missing_ema
TORGO,F04,Session1,0051,AAI pairing,missing_ema
TORGO,F04,Session1,0052,AAI pairing,missing_ema
TORGO,F04,Session1,0053,AAI pairing,missing_ema
TORGO,F04,Session1,0054,AAI pairing,missing_ema
TORGO,F04,Session1,0055,AAI pairing,missing_ema
TORGO,F04,Session1,0056,AAI pairing,missing_ema
TORGO,F04,Session1,0057,AAI pairing,missing_ema
TORGO,F04,Session1,0058,AAI pairing,missing_ema
TORGO,F04,Session1,0059,AAI pairing,missing_ema
TORGO,F04,Session1,0060,AAI pairing,missing_ema
TORGO,F04,Session1,0061,AAI pairing,missing_ema
TORGO,F04,Session1,0062,AAI pairing,missing_ema
TORGO,F04,Session1,0063,AAI pairing,missing_ema
TORGO,F04,Session1,0064,AAI pairing,missing_ema
TORGO,F04,Session1,0065,AAI pairing,missing_ema
TORGO,F04,Session1,0066,AAI pairing,missing_ema
TORGO,F04,Session1,0067,AAI pairing,missing_ema
TORGO,F04,Session1,0068,AAI pairing,missing_ema
TORGO,F04,Session1,0069,ASR scoring,unusable_prompt
TORGO,F04,Session1,0069,AAI pairing,missing_ema
TORGO,F04,Session1,0070,AAI pairing,missing_ema
TORGO,F04,Session1,0071,ASR scoring,unusable_prompt
TORGO,F04,Session1,0071,AAI pairing,missing_ema
TORGO,F04,Session1,0072,AAI pairing,missing_ema
TORGO,F04,Session1,0073,AAI pairing,missing_ema
TORGO,F04,Session1,0074,AAI pairing,missing_ema
TORGO,F04,Session1,0075,AAI pairing,missing_ema
TORGO,F04,Session1,0076,AAI pairing,missing_ema
TORGO,F04,Session1,0077,ASR scoring,unusable_prompt
TORGO,F04,Session1,0077,AAI pairing,missing_ema
TORGO,F04,Session1,0078,AAI pairing,missing_ema
TORGO,F04,Session1,0079,AAI pairing,missing_ema
TORGO,F04,Session1,0080,AAI pairing,missing_ema
TORGO,F04,Session1,0081,AAI pairing,missing_ema
TORGO,F04,Session1,0082,AAI pairing,missing_ema
TORGO,F04,Session1,0083,AAI pairing,missing_ema
TORGO,F04,Session1,0084,AAI pairing,missing_ema
TORGO,F04,Session1,0085,AAI pairing,missing_ema
TORGO,F04,Session1,0086,AAI pairing,missing_ema
TORGO,F04,Session1,0087,AAI pairing,missing_ema
TORGO,F04,Session1,0088,ASR scoring,unusable_prompt
TORGO,F04,Session1,0088,AAI pairing,missing_ema
TORGO,F04,Session1,0089,AAI pairing,missing_ema
TORGO,F04,Session1,0090,AAI pairing,missing_ema
TORGO,F04,Session1,0091,AAI pairing,missing_ema
TORGO,F04,Session1,0092,AAI pairing,missing_ema
TORGO,F04,Session1,0093,AAI pairing,missing_ema
TORGO,F04,Session1,0094,AAI pairing,missing_ema
TORGO,F04,Session1,0095,AAI pairing,missing_ema
TORGO,F04,Session1,0096,AAI pairing,missing_ema
TORGO,F04,Session1,0097,AAI pairing,missing_ema
TORGO,F04,Session1,0098,AAI pairing,missing_ema
TORGO,F04,Session1,0099,AAI pairing,missing_ema
TORGO,F04,Session1,0100,AAI pairing,missing_ema
TORGO,F04,Session1,0101,AAI pairing,missing_ema
TORGO,F04,Session1,0102,AAI pairing,missing_ema
TORGO,F04,Session1,0103,AAI pairing,missing_ema
TORGO,F04,Session1,0104,AAI pairing,missing_ema
TORGO,F04,Session1,0105,AAI pairing,missing_ema
TORGO,F04,Session1,0106,AAI pairing,missing_ema
TORGO,F04,Session1,0107,AAI pairing,missing_ema
TORGO,F04,Session1,0108,AAI pairing,missing_ema
TORGO,F04,Session1,0109,AAI pairing,missing_ema
TORGO,F04,Session1,0110,AAI pairing,missing_ema
TORGO,F04,Session1,0111,AAI pairing,missing_ema
TORGO,F04,Session1,0112,AAI pairing,missing_ema
TORGO,F04,Session1,0113,AAI pairing,missing_ema
TORGO,F04,Session1,0114,AAI pairing,missing_ema
TORGO,F04,Session1,0115,AAI pairing,missing_ema
TORGO,F04,Session1,0116,AAI pairing,missing_ema
TORGO,F04,Session1,0117,AAI pairing,missing_ema
TORGO,F04,Session1,0118,AAI pairing,missing_ema
TORGO,F04,Session1,0119,ASR scoring,unusable_prompt
TORGO,F04,Session1,0119,AAI pairing,missing_ema
TORGO,F04,Session1,0120,AAI pairing,missing_ema
TORGO,F04,Session1,0121,AAI pairing,missing_ema
TORGO,F04,Session1,0122,AAI pairing,missing_ema
TORGO,F04,Session1,0123,AAI pairing,missing_ema
TORGO,F04,Session1,0124,AAI pairing,missing_ema
TORGO,F04,Session1,0125,AAI pairing,missing_ema
TORGO,F04,Session1,0126,AAI pairing,missing_ema
TORGO,F04,Session1,0127,AAI pairing,missing_ema
TORGO,F04,Session1,0128,AAI pairing,missing_ema
TORGO,F04,Session1,0129,AAI pairing,missing_ema
TORGO,F04,Session1,0130,AAI pairing,missing_ema
TORGO,F04,Session1,0131,AAI pairing,missing_ema
TORGO,F04,Session1,0132,AAI pairing,missing_ema
TORGO,F04,Session1,0133,AAI pairing,missing_ema
TORGO,F04,Session1,0134,AAI pairing,missing_ema
TORGO,F04,Session1,0135,AAI pairing,missing_ema
TORGO,F04,Session1,0136,AAI pairing,missing_ema
TORGO,F04,Session1,0137,AAI pairing,missing_ema
TORGO,F04,Session1,0138,AAI pairing,missing_ema
TORGO,F04,Session1,0139,ASR scoring,unusable_prompt
TORGO,F04,Session1,0139,AAI pairing,missing_ema
TORGO,F04,Session1,0140,AAI pairing,missing_ema
TORGO,F04,Session1,0141,AAI pairing,missing_ema
TORGO,F04,Session1,0142,AAI pairing,missing_ema
TORGO,F04,Session1,0143,AAI pairing,missing_ema
TORGO,F04,Session1,0144,AAI pairing,missing_ema
TORGO,F04,Session1,0145,AAI pairing,missing_ema
TORGO,F04,Session1,0146,AAI pairing,missing_ema
TORGO,F04,Session1,0147,AAI pairing,missing_ema
TORGO,F04,Session1,0148,AAI pairing,missing_ema
TORGO,F04,Session1,0149,AAI pairing,missing_ema
TORGO,F04,Session1,0150,AAI pairing,missing_ema
TORGO,F04,Session1,0151,AAI pairing,missing_ema
TORGO,F04,Session1,0152,AAI pairing,missing_ema
TORGO,F04,Session1,0153,AAI pairing,missing_ema
TORGO,F04,Session1,0154,AAI pairing,missing_ema
TORGO,F04,Session1,0155,AAI pairing,missing_ema
TORGO,F04,Session1,0156,AAI pairing,missing_ema
TORGO,F04,Session1,0157,AAI pairing,missing_ema
TORGO,F04,Session1,0158,AAI pairing,missing_ema
TORGO,F04,Session1,0159,AAI pairing,missing_ema
TORGO,F04,Session1,0160,AAI pairing,missing_ema
TORGO,F04,Session1,0161,AAI pairing,missing_ema
TORGO,F04,Session1,0162,AAI pairing,missing_ema
TORGO,F04,Session1,0163,AAI pairing,missing_ema
TORGO,F04,Session1,0164,AAI pairing,missing_ema
TORGO,F04,Session1,0165,AAI pairing,missing_ema
TORGO,F04,Session1,0166,AAI pairing,missing_ema
TORGO,F04,Session1,0167,AAI pairing,missing_ema
TORGO,F04,Session1,0168,AAI pairing,missing_ema
TORGO,F04,Session1,0169,AAI pairing,missing_ema
TORGO,F04,Session1,0170,AAI pairing,missing_ema
TORGO,F04,Session1,0171,AAI pairing,missing_ema
TORGO,F04,Session1,0172,AAI pairing,missing_ema
TORGO,F04,Session1,0173,AAI pairing,missing_ema
TORGO,F04,Session1,0174,AAI pairing,missing_ema
TORGO,F04,Session1,0175,AAI pairing,missing_ema
TORGO,F04,Session1,0176,AAI pairing,missing_ema
TORGO,F04,Session1,0177,AAI pairing,missing_ema
TORGO,F04,Session1,0178,AAI pairing,missing_ema
TORGO,F04,Session1,0179,AAI pairing,missing_ema
TORGO,F04,Session1,0180,AAI pairing,missing_ema
TORGO,F04,Session1,0181,AAI pairing,missing_ema
TORGO,F04,Session1,0182,AAI pairing,missing_ema
TORGO,F04,Session1,0183,AAI pairing,missing_ema
TORGO,F04,Session1,0184,AAI pairing,missing_ema
TORGO,F04,Session1,0185,AAI pairing,missing_ema
TORGO,F04,Session1,0186,AAI pairing,missing_ema
TORGO,F04,Session1,0187,AAI pairing,missing_ema
TORGO,F04,Session1,0188,AAI pairing,missing_ema
TORGO,F04,Session1,0189,AAI pairing,missing_ema
TORGO,F04,Session1,0190,AAI pairing,missing_ema
TORGO,F04,Session1,0191,AAI pairing,missing_ema
TORGO,F04,Session1,0192,AAI pairing,missing_ema
TORGO,F04,Session1,0193,AAI pairing,missing_ema
TORGO,F04,Session1,0194,AAI pairing,missing_ema
TORGO,F04,Session1,0195,AAI pairing,missing_ema
TORGO,F04,Session1,0196,AAI pairing,missing_ema
TORGO,F04,Session1,0197,ASR scoring,unusable_prompt
TORGO,F04,Session1,0197,AAI pairing,missing_ema
TORGO,F04,Session1,0198,AAI pairing,missing_ema
TORGO,F04,Session1,0199,AAI pairing,missing_ema
TORGO,F04,Session2,0009,ASR scoring,unusable_prompt
TORGO,F04,Session2,0012,ASR scoring,unusable_prompt
TORGO,F04,Session2,0025,ASR scoring,unusable_prompt
TORGO,F04,Session2,0068,ASR scoring,unusable_prompt
TORGO,F04,Session2,0129,ASR scoring,unusable_prompt
TORGO,F04,Session2,0161,ASR scoring,unusable_prompt
TORGO,F04,Session2,0165,ASR scoring,unusable_prompt
TORGO,FC01,Session1,0001,ASR scoring,unusable_prompt
TORGO,FC01,Session1,0002,ASR scoring,unusable_prompt
TORGO,FC01,Session1,0003,ASR scoring,unusable_prompt
TORGO,FC01,Session1,0004,ASR scoring,unusable_prompt
TORGO,FC01,Session1,0023,ASR scoring,unusable_prompt
TORGO,FC01,Session1,0025,ASR scoring,unusable_prompt
TORGO,FC01,Session1,0027,ASR scoring,unusable_prompt
TORGO,FC01,Session1,0059,ASR scoring,unusable_prompt
TORGO,FC01,Session1,0076,ASR scoring,unusable_prompt
TORGO,FC01,Session1,0080,ASR scoring,unusable_prompt
TORGO,FC01,Session1,0103,ASR scoring,unusable_prompt
TORGO,FC01,Session1,0104,ASR scoring,unusable_prompt
TORGO,FC01,Session1,0123,ASR scoring,unusable_prompt
TORGO,FC01,Session1,0165,ASR scoring,missing_prompt
TORGO,FC01,Session1,0166,ASR scoring,missing_prompt
TORGO,FC01,Session1,0167,ASR scoring,missing_prompt
TORGO,FC01,Session1,0168,ASR scoring,missing_prompt
TORGO,FC01,Session1,0169,ASR scoring,missing_prompt
TORGO,FC01,Session1,0170,ASR scoring,missing_prompt
TORGO,FC01,Session1,0171,ASR scoring,missing_prompt
TORGO,FC01,Session1,0172,ASR scoring,missing_prompt
TORGO,FC01,Session1,0173,ASR scoring,missing_prompt
TORGO,FC01,Session1,0174,ASR scoring,missing_prompt
TORGO,FC01,Session1,0175,ASR scoring,missing_prompt
TORGO,FC01,Session1,0176,ASR scoring,missing_prompt
TORGO,FC01,Session1,0177,ASR scoring,missing_prompt
TORGO,FC01,Session1,0178,ASR scoring,missing_prompt
TORGO,FC01,Session1,0179,ASR scoring,missing_prompt
TORGO,FC01,Session1,0180,ASR scoring,missing_prompt
TORGO,FC01,Session1,0181,ASR scoring,missing_prompt
TORGO,FC01,Session1,0182,ASR scoring,missing_prompt
TORGO,FC01,Session1,0183,ASR scoring,missing_prompt
TORGO,FC01,Session1,0184,ASR scoring,missing_prompt
TORGO,FC01,Session1,0185,ASR scoring,missing_prompt
TORGO,FC01,Session1,0186,ASR scoring,missing_prompt
TORGO,FC01,Session1,0187,ASR scoring,missing_prompt
TORGO,FC01,Session1,0188,ASR scoring,missing_prompt
TORGO,FC01,Session1,0189,ASR scoring,missing_prompt
TORGO,FC01,Session1,0190,ASR scoring,missing_prompt
TORGO,FC01,Session1,0191,ASR scoring,missing_prompt
TORGO,FC01,Session1,0192,ASR scoring,missing_prompt
TORGO,FC01,Session1,0193,ASR scoring,missing_prompt
TORGO,FC01,Session1,0194,ASR scoring,missing_prompt
TORGO,FC01,Session1,0195,ASR scoring,missing_prompt
TORGO,FC01,Session1,0196,ASR scoring,missing_prompt
TORGO,FC01,Session1,0197,ASR scoring,missing_prompt
TORGO,FC01,Session1,0198,ASR scoring,missing_prompt
TORGO,FC01,Session1,0199,ASR scoring,missing_prompt
TORGO,FC01,Session1,0200,ASR scoring,missing_prompt
TORGO,FC01,Session1,0201,ASR scoring,missing_prompt
TORGO,FC01,Session1,0202,ASR scoring,missing_prompt
TORGO,FC01,Session1,0203,ASR scoring,missing_prompt
TORGO,FC01,Session1,0204,ASR scoring,missing_prompt
TORGO,FC01,Session1,0205,ASR scoring,missing_prompt
TORGO,FC01,Session1,0206,ASR scoring,missing_prompt
TORGO,FC01,Session1,0207,ASR scoring,missing_prompt
TORGO,FC01,Session1,0208,ASR scoring,missing_prompt
TORGO,FC01,Session1,0209,ASR scoring,missing_prompt
TORGO,FC01,Session1,0210,ASR scoring,missing_prompt
TORGO,FC01,Session1,0211,ASR scoring,missing_prompt
TORGO,FC01,Session1,0212,ASR scoring,missing_prompt
TORGO,FC01,Session1,0213,ASR scoring,missing_prompt
TORGO,FC01,Session1,0214,ASR scoring,missing_prompt
TORGO,FC01,Session1,0215,ASR scoring,missing_prompt
TORGO,FC01,Session1,0216,ASR scoring,missing_prompt
TORGO,FC01,Session1,0217,ASR scoring,missing_prompt
TORGO,FC01,Session1,0218,ASR scoring,missing_prompt
TORGO,FC01,Session1,0219,ASR scoring,missing_prompt
TORGO,FC01,Session1,0220,ASR scoring,missing_prompt
TORGO,FC01,Session1,0221,ASR scoring,missing_prompt
TORGO,FC01,Session1,0222,ASR scoring,missing_prompt
TORGO,FC01,Session1,0223,ASR scoring,missing_prompt
TORGO,FC01,Session1,0224,ASR scoring,missing_prompt
TORGO,FC01,Session1,0225,ASR scoring,missing_prompt
TORGO,FC01,Session1,0226,ASR scoring,missing_prompt
TORGO,FC01,Session1,0227,ASR scoring,missing_prompt
TORGO,FC01,Session1,0228,ASR scoring,missing_prompt
TORGO,FC01,Session1,0229,ASR scoring,missing_prompt
TORGO,FC01,Session1,0230,ASR scoring,missing_prompt
TORGO,FC01,Session1,0231,ASR scoring,missing_prompt
TORGO,FC01,Session1,0232,ASR scoring,missing_prompt
TORGO,FC01,Session1,0233,ASR scoring,missing_prompt
TORGO,FC01,Session1,0234,ASR scoring,missing_prompt
TORGO,FC01,Session1,0235,ASR scoring,missing_prompt
TORGO,FC01,Session1,0236,ASR scoring,missing_prompt
TORGO,FC01,Session1,0237,ASR scoring,missing_prompt
TORGO,FC01,Session1,0238,ASR scoring,missing_prompt
TORGO,FC01,Session1,0239,ASR scoring,missing_prompt
TORGO,FC01,Session1,0240,ASR scoring,missing_prompt
TORGO,FC01,Session1,0241,ASR scoring,missing_prompt
TORGO,FC01,Session1,0242,ASR scoring,missing_prompt
TORGO,FC01,Session1,0243,ASR scoring,missing_prompt
TORGO,FC01,Session1,0244,ASR scoring,missing_prompt
TORGO,FC01,Session1,0245,ASR scoring,missing_prompt
TORGO,FC01,Session1,0246,ASR scoring,missing_prompt
TORGO,FC01,Session1,0247,ASR scoring,missing_prompt
TORGO,FC01,Session1,0248,ASR scoring,missing_prompt
TORGO,FC01,Session1,0249,ASR scoring,missing_prompt
TORGO,FC01,Session1,0250,ASR scoring,missing_prompt
TORGO,FC01,Session1,0251,ASR scoring,missing_prompt
TORGO,FC01,Session1,0252,ASR scoring,missing_prompt
TORGO,FC01,Session1,0253,ASR scoring,missing_prompt
TORGO,FC01,Session1,0254,ASR scoring,missing_prompt
TORGO,FC01,Session1,0255,ASR scoring,missing_prompt
TORGO,FC01,Session1,0256,ASR scoring,missing_valid_audio|missing_prompt
TORGO,FC01,Session1,0256,AAI pairing,missing_valid_audio|missing_ema
TORGO,FC02,Session2,0001,ASR scoring,unusable_prompt
TORGO,FC02,Session2,0001,AAI pairing,missing_ema
TORGO,FC02,Session2,0002,ASR scoring,unusable_prompt
TORGO,FC02,Session2,0002,AAI pairing,missing_ema
TORGO,FC02,Session2,0003,ASR scoring,unusable_prompt
TORGO,FC02,Session2,0003,AAI pairing,missing_ema
TORGO,FC02,Session2,0004,ASR scoring,unusable_prompt
TORGO,FC02,Session2,0004,AAI pairing,missing_ema
TORGO,FC02,Session2,0005,AAI pairing,missing_ema
TORGO,FC02,Session2,0006,AAI pairing,missing_ema
TORGO,FC02,Session2,0007,AAI pairing,missing_ema
TORGO,FC02,Session2,0008,AAI pairing,missing_ema
TORGO,FC02,Session2,0009,AAI pairing,missing_ema
TORGO,FC02,Session2,0010,ASR scoring,unusable_prompt
TORGO,FC02,Session2,0010,AAI pairing,missing_ema
TORGO,FC02,Session2,0011,AAI pairing,missing_ema
TORGO,FC02,Session2,0012,ASR scoring,unusable_prompt
TORGO,FC02,Session2,0012,AAI pairing,missing_ema
TORGO,FC02,Session2,0013,AAI pairing,missing_ema
TORGO,FC02,Session2,0014,AAI pairing,missing_ema
TORGO,FC02,Session2,0015,AAI pairing,missing_ema
TORGO,FC02,Session2,0016,AAI pairing,missing_ema
TORGO,FC02,Session2,0017,AAI pairing,missing_ema
TORGO,FC02,Session2,0018,AAI pairing,missing_ema
TORGO,FC02,Session2,0019,AAI pairing,missing_ema
TORGO,FC02,Session2,0020,AAI pairing,missing_ema
TORGO,FC02,Session2,0021,AAI pairing,missing_ema
TORGO,FC02,Session2,0022,AAI pairing,missing_ema
TORGO,FC02,Session2,0023,ASR scoring,unusable_prompt
TORGO,FC02,Session2,0023,AAI pairing,missing_ema
TORGO,FC02,Session2,0024,AAI pairing,missing_ema
TORGO,FC02,Session2,0025,AAI pairing,missing_ema
TORGO,FC02,Session2,0026,AAI pairing,missing_ema
TORGO,FC02,Session2,0027,AAI pairing,missing_ema
TORGO,FC02,Session2,0028,AAI pairing,missing_ema
TORGO,FC02,Session2,0029,AAI pairing,missing_ema
TORGO,FC02,Session2,0030,AAI pairing,missing_ema
TORGO,FC02,Session2,0031,AAI pairing,missing_ema
TORGO,FC02,Session2,0032,AAI pairing,missing_ema
TORGO,FC02,Session2,0033,AAI pairing,missing_ema
TORGO,FC02,Session2,0034,AAI pairing,missing_ema
TORGO,FC02,Session2,0035,AAI pairing,missing_ema
TORGO,FC02,Session2,0036,AAI pairing,missing_ema
TORGO,FC02,Session2,0037,AAI pairing,missing_ema
TORGO,FC02,Session2,0038,AAI pairing,missing_ema
TORGO,FC02,Session2,0039,AAI pairing,missing_ema
TORGO,FC02,Session2,0040,AAI pairing,missing_ema
TORGO,FC02,Session2,0041,AAI pairing,missing_ema
TORGO,FC02,Session2,0042,AAI pairing,missing_ema
TORGO,FC02,Session2,0043,AAI pairing,missing_ema
TORGO,FC02,Session2,0044,AAI pairing,missing_ema
TORGO,FC02,Session2,0045,AAI pairing,missing_ema
TORGO,FC02,Session2,0046,AAI pairing,missing_ema
TORGO,FC02,Session2,0047,AAI pairing,missing_ema
TORGO,FC02,Session2,0048,AAI pairing,missing_ema
TORGO,FC02,Session2,0049,AAI pairing,missing_ema
TORGO,FC02,Session2,0050,AAI pairing,missing_ema
TORGO,FC02,Session2,0051,AAI pairing,missing_ema
TORGO,FC02,Session2,0052,AAI pairing,missing_ema
TORGO,FC02,Session2,0053,AAI pairing,missing_ema
TORGO,FC02,Session2,0054,AAI pairing,missing_ema
TORGO,FC02,Session2,0055,AAI pairing,missing_ema
TORGO,FC02,Session2,0056,AAI pairing,missing_ema
TORGO,FC02,Session2,0057,ASR scoring,unusable_prompt
TORGO,FC02,Session2,0057,AAI pairing,missing_ema
TORGO,FC02,Session2,0058,AAI pairing,missing_ema
TORGO,FC02,Session2,0059,AAI pairing,missing_ema
TORGO,FC02,Session2,0060,AAI pairing,missing_ema
TORGO,FC02,Session2,0061,AAI pairing,missing_ema
TORGO,FC02,Session2,0062,AAI pairing,missing_ema
TORGO,FC02,Session2,0063,AAI pairing,missing_ema
TORGO,FC02,Session2,0064,AAI pairing,missing_ema
TORGO,FC02,Session2,0065,AAI pairing,missing_ema
TORGO,FC02,Session2,0066,AAI pairing,missing_ema
TORGO,FC02,Session2,0067,AAI pairing,missing_ema
TORGO,FC02,Session2,0068,AAI pairing,missing_ema
TORGO,FC02,Session2,0069,AAI pairing,missing_ema
TORGO,FC02,Session2,0070,AAI pairing,missing_ema
TORGO,FC02,Session2,0071,AAI pairing,missing_ema
TORGO,FC02,Session2,0072,AAI pairing,missing_ema
TORGO,FC02,Session2,0073,AAI pairing,missing_ema
TORGO,FC02,Session2,0074,AAI pairing,missing_ema
TORGO,FC02,Session2,0075,AAI pairing,missing_ema
TORGO,FC02,Session2,0076,AAI pairing,missing_ema
TORGO,FC02,Session2,0077,ASR scoring,unusable_prompt
TORGO,FC02,Session2,0077,AAI pairing,missing_ema
TORGO,FC02,Session2,0078,ASR scoring,unusable_prompt
TORGO,FC02,Session2,0078,AAI pairing,missing_ema
TORGO,FC02,Session2,0079,AAI pairing,missing_ema
TORGO,FC02,Session2,0080,ASR scoring,unusable_prompt
TORGO,FC02,Session2,0080,AAI pairing,missing_ema
TORGO,FC02,Session2,0081,AAI pairing,missing_ema
TORGO,FC02,Session2,0082,AAI pairing,missing_ema
TORGO,FC02,Session2,0083,AAI pairing,missing_ema
TORGO,FC02,Session2,0084,AAI pairing,missing_ema
TORGO,FC02,Session2,0085,AAI pairing,missing_ema
TORGO,FC02,Session2,0086,AAI pairing,missing_ema
TORGO,FC02,Session2,0087,AAI pairing,missing_ema
TORGO,FC02,Session2,0088,AAI pairing,missing_ema
TORGO,FC02,Session2,0089,AAI pairing,missing_ema
TORGO,FC02,Session2,0090,AAI pairing,missing_ema
TORGO,FC02,Session2,0091,AAI pairing,missing_ema
TORGO,FC02,Session2,0092,AAI pairing,missing_ema
TORGO,FC02,Session2,0093,AAI pairing,missing_ema
TORGO,FC02,Session2,0094,AAI pairing,missing_ema
TORGO,FC02,Session2,0095,AAI pairing,missing_ema
TORGO,FC02,Session2,0096,AAI pairing,missing_ema
TORGO,FC02,Session2,0097,AAI pairing,missing_ema
TORGO,FC02,Session2,0098,AAI pairing,missing_ema
TORGO,FC02,Session2,0099,AAI pairing,missing_ema
TORGO,FC02,Session2,0100,AAI pairing,missing_ema
TORGO,FC02,Session2,0101,AAI pairing,missing_ema
TORGO,FC02,Session2,0102,AAI pairing,missing_ema
TORGO,FC02,Session2,0103,AAI pairing,missing_ema
TORGO,FC02,Session2,0104,AAI pairing,missing_ema
TORGO,FC02,Session2,0105,AAI pairing,missing_ema
TORGO,FC02,Session2,0106,AAI pairing,missing_ema
TORGO,FC02,Session2,0107,AAI pairing,missing_ema
TORGO,FC02,Session2,0108,AAI pairing,missing_ema
TORGO,FC02,Session2,0109,AAI pairing,missing_ema
TORGO,FC02,Session2,0110,AAI pairing,missing_ema
TORGO,FC02,Session2,0111,AAI pairing,missing_ema
TORGO,FC02,Session2,0112,AAI pairing,missing_ema
TORGO,FC02,Session2,0113,AAI pairing,missing_ema
TORGO,FC02,Session2,0114,AAI pairing,missing_ema
TORGO,FC02,Session2,0115,AAI pairing,missing_ema
TORGO,FC02,Session2,0116,AAI pairing,missing_ema
TORGO,FC02,Session2,0117,AAI pairing,missing_ema
TORGO,FC02,Session2,0118,ASR scoring,unusable_prompt
TORGO,FC02,Session2,0118,AAI pairing,missing_ema
TORGO,FC02,Session2,0119,AAI pairing,missing_ema
TORGO,FC02,Session2,0120,AAI pairing,missing_ema
TORGO,FC02,Session2,0121,AAI pairing,missing_ema
TORGO,FC02,Session2,0122,AAI pairing,missing_ema
TORGO,FC02,Session2,0123,AAI pairing,missing_ema
TORGO,FC02,Session2,0124,AAI pairing,missing_ema
TORGO,FC02,Session2,0125,AAI pairing,missing_ema
TORGO,FC02,Session2,0126,AAI pairing,missing_ema
TORGO,FC02,Session2,0127,AAI pairing,missing_ema
TORGO,FC02,Session2,0128,AAI pairing,missing_ema
TORGO,FC02,Session2,0129,AAI pairing,missing_ema
TORGO,FC02,Session2,0130,ASR scoring,unusable_prompt
TORGO,FC02,Session2,0130,AAI pairing,missing_ema
TORGO,FC02,Session2,0131,AAI pairing,missing_ema
TORGO,FC02,Session2,0132,AAI pairing,missing_ema
TORGO,FC02,Session2,0133,AAI pairing,missing_ema
TORGO,FC02,Session2,0134,AAI pairing,missing_ema
TORGO,FC02,Session2,0135,AAI pairing,missing_ema
TORGO,FC02,Session2,0136,AAI pairing,missing_ema
TORGO,FC02,Session2,0137,AAI pairing,missing_ema
TORGO,FC02,Session2,0138,AAI pairing,missing_ema
TORGO,FC02,Session2,0139,AAI pairing,missing_ema
TORGO,FC02,Session2,0140,AAI pairing,missing_ema
TORGO,FC02,Session2,0141,AAI pairing,missing_ema
TORGO,FC02,Session2,0142,AAI pairing,missing_ema
TORGO,FC02,Session2,0143,AAI pairing,missing_ema
TORGO,FC02,Session2,0144,AAI pairing,missing_ema
TORGO,FC02,Session2,0145,AAI pairing,missing_ema
TORGO,FC02,Session2,0146,AAI pairing,missing_ema
TORGO,FC02,Session2,0147,AAI pairing,missing_ema
TORGO,FC02,Session2,0148,AAI pairing,missing_ema
TORGO,FC02,Session2,0149,AAI pairing,missing_ema
TORGO,FC02,Session2,0150,AAI pairing,missing_ema
TORGO,FC02,Session2,0151,AAI pairing,missing_ema
TORGO,FC02,Session2,0152,AAI pairing,missing_ema
TORGO,FC02,Session2,0153,AAI pairing,missing_ema
TORGO,FC02,Session2,0154,AAI pairing,missing_ema
TORGO,FC02,Session2,0155,AAI pairing,missing_ema
TORGO,FC02,Session2,0156,AAI pairing,missing_ema
TORGO,FC02,Session2,0157,AAI pairing,missing_ema
TORGO,FC02,Session2,0158,AAI pairing,missing_ema
TORGO,FC02,Session2,0159,AAI pairing,missing_ema
TORGO,FC02,Session2,0160,AAI pairing,missing_ema
TORGO,FC02,Session2,0161,AAI pairing,missing_ema
TORGO,FC02,Session2,0162,AAI pairing,missing_ema
TORGO,FC02,Session2,0163,AAI pairing,missing_ema
TORGO,FC02,Session2,0164,AAI pairing,missing_ema
TORGO,FC02,Session2,0165,AAI pairing,missing_ema
TORGO,FC02,Session2,0166,AAI pairing,missing_ema
TORGO,FC02,Session2,0167,AAI pairing,missing_ema
TORGO,FC02,Session2,0168,AAI pairing,missing_ema
TORGO,FC02,Session2,0169,AAI pairing,missing_ema
TORGO,FC02,Session2,0170,AAI pairing,missing_ema
TORGO,FC02,Session2,0171,AAI pairing,missing_ema
TORGO,FC02,Session2,0172,AAI pairing,missing_ema
TORGO,FC02,Session2,0173,ASR scoring,unusable_prompt
TORGO,FC02,Session2,0173,AAI pairing,missing_ema
TORGO,FC02,Session2,0174,AAI pairing,missing_ema
TORGO,FC02,Session2,0175,AAI pairing,missing_ema
TORGO,FC02,Session2,0176,AAI pairing,missing_ema
TORGO,FC02,Session2,0177,AAI pairing,missing_ema
TORGO,FC02,Session2,0178,AAI pairing,missing_ema
TORGO,FC02,Session2,0179,AAI pairing,missing_ema
TORGO,FC02,Session2,0180,AAI pairing,missing_ema
TORGO,FC02,Session2,0181,AAI pairing,missing_ema
TORGO,FC02,Session2,0182,AAI pairing,missing_ema
TORGO,FC02,Session2,0183,AAI pairing,missing_ema
TORGO,FC02,Session2,0184,AAI pairing,missing_ema
TORGO,FC02,Session2,0185,AAI pairing,missing_ema
TORGO,FC02,Session2,0186,AAI pairing,missing_ema
TORGO,FC02,Session2,0187,AAI pairing,missing_ema
TORGO,FC02,Session2,0188,AAI pairing,missing_ema
TORGO,FC02,Session2,0189,AAI pairing,missing_ema
TORGO,FC02,Session2,0190,AAI pairing,missing_ema
TORGO,FC02,Session2,0191,AAI pairing,missing_ema
TORGO,FC02,Session2,0192,AAI pairing,missing_ema
TORGO,FC02,Session2,0193,AAI pairing,missing_ema
TORGO,FC02,Session2,0194,AAI pairing,missing_ema
TORGO,FC02,Session2,0195,AAI pairing,missing_ema
TORGO,FC02,Session2,0196,AAI pairing,missing_ema
TORGO,FC02,Session2,0197,AAI pairing,missing_ema
TORGO,FC02,Session2,0198,AAI pairing,missing_ema
TORGO,FC02,Session2,0199,AAI pairing,missing_ema
TORGO,FC02,Session2,0200,AAI pairing,missing_ema
TORGO,FC02,Session2,0201,AAI pairing,missing_ema
TORGO,FC02,Session2,0202,AAI pairing,missing_ema
TORGO,FC02,Session2,0203,AAI pairing,missing_ema
TORGO,FC02,Session2,0204,AAI pairing,missing_ema
TORGO,FC02,Session2,0205,AAI pairing,missing_ema
TORGO,FC02,Session2,0206,AAI pairing,missing_ema
TORGO,FC02,Session2,0207,AAI pairing,missing_ema
TORGO,FC02,Session2,0208,AAI pairing,missing_ema
TORGO,FC02,Session2,0209,AAI pairing,missing_ema
TORGO,FC02,Session2,0210,AAI pairing,missing_ema
TORGO,FC02,Session2,0211,AAI pairing,missing_ema
TORGO,FC02,Session2,0212,AAI pairing,missing_ema
TORGO,FC02,Session2,0213,AAI pairing,missing_ema
TORGO,FC02,Session2,0214,AAI pairing,missing_ema
TORGO,FC02,Session2,0215,AAI pairing,missing_ema
TORGO,FC02,Session2,0216,AAI pairing,missing_ema
TORGO,FC02,Session2,0217,AAI pairing,missing_ema
TORGO,FC02,Session2,0218,AAI pairing,missing_ema
TORGO,FC02,Session2,0219,AAI pairing,missing_ema
TORGO,FC02,Session2,0220,AAI pairing,missing_ema
TORGO,FC02,Session2,0221,AAI pairing,missing_ema
TORGO,FC02,Session2,0222,AAI pairing,missing_ema
TORGO,FC02,Session2,0223,AAI pairing,missing_ema
TORGO,FC02,Session2,0224,ASR scoring,unusable_prompt
TORGO,FC02,Session2,0224,AAI pairing,missing_ema
TORGO,FC02,Session2,0225,AAI pairing,missing_ema
TORGO,FC02,Session2,0226,AAI pairing,missing_ema
TORGO,FC02,Session2,0227,AAI pairing,missing_ema
TORGO,FC02,Session2,0228,AAI pairing,missing_ema
TORGO,FC02,Session2,0229,AAI pairing,missing_ema
TORGO,FC02,Session2,0230,AAI pairing,missing_ema
TORGO,FC02,Session2,0231,AAI pairing,missing_ema
TORGO,FC02,Session2,0232,AAI pairing,missing_ema
TORGO,FC02,Session2,0233,AAI pairing,missing_ema
TORGO,FC02,Session2,0234,AAI pairing,missing_ema
TORGO,FC02,Session2,0235,AAI pairing,missing_ema
TORGO,FC02,Session2,0236,AAI pairing,missing_ema
TORGO,FC02,Session2,0237,AAI pairing,missing_ema
TORGO,FC02,Session2,0238,AAI pairing,missing_ema
TORGO,FC02,Session2,0239,AAI pairing,missing_ema
TORGO,FC02,Session2,0240,AAI pairing,missing_ema
TORGO,FC02,Session2,0241,AAI pairing,missing_ema
TORGO,FC02,Session2,0242,AAI pairing,missing_ema
TORGO,FC02,Session2,0243,AAI pairing,missing_ema
TORGO,FC02,Session2,0244,AAI pairing,missing_ema
TORGO,FC02,Session2,0245,AAI pairing,missing_ema
TORGO,FC02,Session2,0246,AAI pairing,missing_ema
TORGO,FC02,Session2,0247,AAI pairing,missing_ema
TORGO,FC02,Session2,0248,AAI pairing,missing_ema
TORGO,FC02,Session2,0249,AAI pairing,missing_ema
TORGO,FC02,Session2,0250,AAI pairing,missing_ema
TORGO,FC02,Session2,0251,AAI pairing,missing_ema
TORGO,FC02,Session2,0252,AAI pairing,missing_ema
TORGO,FC02,Session2,0253,AAI pairing,missing_ema
TORGO,FC02,Session2,0254,AAI pairing,missing_ema
TORGO,FC02,Session2,0255,AAI pairing,missing_ema
TORGO,FC02,Session2,0256,AAI pairing,missing_ema
TORGO,FC02,Session2,0257,AAI pairing,missing_ema
TORGO,FC02,Session2,0258,AAI pairing,missing_ema
TORGO,FC02,Session2,0259,AAI pairing,missing_ema
TORGO,FC02,Session2,0260,AAI pairing,missing_ema
TORGO,FC02,Session2,0261,AAI pairing,missing_ema
TORGO,FC02,Session2,0262,AAI pairing,missing_ema
TORGO,FC02,Session2,0263,AAI pairing,missing_ema
TORGO,FC02,Session2,0264,AAI pairing,missing_ema
TORGO,FC02,Session2,0265,AAI pairing,missing_ema
TORGO,FC02,Session2,0266,AAI pairing,missing_ema
TORGO,FC02,Session2,0267,AAI pairing,missing_ema
TORGO,FC02,Session2,0268,AAI pairing,missing_ema
TORGO,FC02,Session2,0269,AAI pairing,missing_ema
TORGO,FC02,Session3,0001,ASR scoring,unusable_prompt
TORGO,FC02,Session3,0002,ASR scoring,unusable_prompt
TORGO,FC02,Session3,0003,ASR scoring,unusable_prompt
TORGO,FC02,Session3,0004,ASR scoring,unusable_prompt
TORGO,FC02,Session3,0005,ASR scoring,unusable_prompt
TORGO,FC02,Session3,0022,ASR scoring,unusable_prompt
TORGO,FC02,Session3,0033,ASR scoring,unusable_prompt
TORGO,FC02,Session3,0034,ASR scoring,unusable_prompt
TORGO,FC02,Session3,0140,ASR scoring,unusable_prompt
TORGO,FC02,Session3,0153,ASR scoring,unusable_prompt
TORGO,FC02,Session3,0225,ASR scoring,unusable_prompt
TORGO,FC02,Session3,0226,ASR scoring,unusable_prompt
TORGO,FC02,Session3,0317,ASR scoring,unusable_prompt
TORGO,FC02,Session3,0365,ASR scoring,unusable_prompt
TORGO,FC02,Session3,0383,ASR scoring,unusable_prompt
TORGO,FC02,Session3,0399,ASR scoring,unusable_prompt
TORGO,FC02,Session3,0438,ASR scoring,unusable_prompt
TORGO,FC02,Session3,0482,ASR scoring,unusable_prompt
TORGO,FC02,Session3,0508,ASR scoring,unusable_prompt
TORGO,FC02,Session3,0536,ASR scoring,unusable_prompt
TORGO,FC02,Session3,0554,ASR scoring,unusable_prompt
TORGO,FC02,Session3,0556,AAI pairing,missing_ema
TORGO,FC02,Session3,0580,ASR scoring,unusable_prompt
TORGO,FC02,Session3,0598,ASR scoring,unusable_prompt
TORGO,FC02,Session3,0664,ASR scoring,unusable_prompt
TORGO,FC02,Session3,0678,ASR scoring,unusable_prompt
TORGO,FC02,Session3,0716,ASR scoring,unusable_prompt
TORGO,FC02,Session3,0743,ASR scoring,unusable_prompt
TORGO,FC02,Session3,0782,ASR scoring,unusable_prompt
TORGO,FC02,Session3,0885,ASR scoring,unusable_prompt
TORGO,FC02,Session3,0888,ASR scoring,unusable_prompt
TORGO,FC02,Session3,0904,ASR scoring,unusable_prompt
TORGO,FC02,Session3,0951,ASR scoring,unusable_prompt
TORGO,FC02,Session3,0959,ASR scoring,unusable_prompt
TORGO,FC03,Session1,0001,ASR scoring,unusable_prompt
TORGO,FC03,Session1,0002,ASR scoring,unusable_prompt
TORGO,FC03,Session1,0003,ASR scoring,unusable_prompt
TORGO,FC03,Session1,0004,ASR scoring,unusable_prompt
TORGO,FC03,Session1,0011,ASR scoring,unusable_prompt
TORGO,FC03,Session1,0022,ASR scoring,unusable_prompt
TORGO,FC03,Session1,0036,ASR scoring,unusable_prompt
TORGO,FC03,Session1,0077,ASR scoring,unusable_prompt
TORGO,FC03,Session1,0113,ASR scoring,unusable_prompt
TORGO,FC03,Session1,0116,ASR scoring,unusable_prompt
TORGO,FC03,Session1,0124,ASR scoring,unusable_prompt
TORGO,FC03,Session1,0160,ASR scoring,unusable_prompt
TORGO,FC03,Session1,0202,ASR scoring,unusable_prompt
TORGO,FC03,Session1,0203,ASR scoring,unusable_prompt
TORGO,FC03,Session1,0204,ASR scoring,unusable_prompt
TORGO,FC03,Session1,0205,ASR scoring,unusable_prompt
TORGO,FC03,Session1,0230,ASR scoring,unusable_prompt
TORGO,FC03,Session1,0245,ASR scoring,unusable_prompt
TORGO,FC03,Session1,0303,ASR scoring,unusable_prompt
TORGO,FC03,Session1,0307,ASR scoring,unusable_prompt
TORGO,FC03,Session1,0343,ASR scoring,unusable_prompt
TORGO,FC03,Session1,0344,ASR scoring,unusable_prompt
TORGO,FC03,Session1,0360,ASR scoring,unusable_prompt
TORGO,FC03,Session2,.wav,ASR scoring,missing_valid_audio|missing_prompt
TORGO,FC03,Session2,.wav,AAI pairing,missing_valid_audio|missing_ema
TORGO,FC03,Session2,0019,ASR scoring,unusable_prompt
TORGO,FC03,Session2,0066,ASR scoring,unusable_prompt
TORGO,FC03,Session2,0100,ASR scoring,unusable_prompt
TORGO,FC03,Session2,0144,ASR scoring,unusable_prompt
TORGO,FC03,Session2,0145,ASR scoring,unusable_prompt
TORGO,FC03,Session2,0227,ASR scoring,unusable_prompt
TORGO,FC03,Session2,0249,ASR scoring,unusable_prompt
TORGO,FC03,Session2,0306,ASR scoring,unusable_prompt
TORGO,FC03,Session2,0330,ASR scoring,unusable_prompt
TORGO,FC03,Session2,0352,ASR scoring,unusable_prompt
TORGO,FC03,Session2,0378,ASR scoring,unusable_prompt
TORGO,FC03,Session3,0001,AAI pairing,missing_ema
TORGO,FC03,Session3,0002,AAI pairing,missing_ema
TORGO,FC03,Session3,0003,AAI pairing,missing_ema
TORGO,FC03,Session3,0004,AAI pairing,missing_ema
TORGO,FC03,Session3,0005,AAI pairing,missing_ema
TORGO,FC03,Session3,0006,AAI pairing,missing_ema
TORGO,FC03,Session3,0007,AAI pairing,missing_ema
TORGO,FC03,Session3,0008,AAI pairing,missing_ema
TORGO,FC03,Session3,0009,AAI pairing,missing_ema
TORGO,FC03,Session3,0010,AAI pairing,missing_ema
TORGO,FC03,Session3,0011,AAI pairing,missing_ema
TORGO,FC03,Session3,0012,AAI pairing,missing_ema
TORGO,FC03,Session3,0013,AAI pairing,missing_ema
TORGO,FC03,Session3,0014,AAI pairing,missing_ema
TORGO,FC03,Session3,0015,AAI pairing,missing_ema
TORGO,FC03,Session3,0016,ASR scoring,unusable_prompt
TORGO,FC03,Session3,0016,AAI pairing,missing_ema
TORGO,FC03,Session3,0017,AAI pairing,missing_ema
TORGO,FC03,Session3,0018,AAI pairing,missing_ema
TORGO,FC03,Session3,0019,AAI pairing,missing_ema
TORGO,FC03,Session3,0020,AAI pairing,missing_ema
TORGO,FC03,Session3,0021,AAI pairing,missing_ema
TORGO,FC03,Session3,0022,AAI pairing,missing_ema
TORGO,FC03,Session3,0023,AAI pairing,missing_ema
TORGO,FC03,Session3,0024,AAI pairing,missing_ema
TORGO,FC03,Session3,0025,AAI pairing,missing_ema
TORGO,FC03,Session3,0026,AAI pairing,missing_ema
TORGO,FC03,Session3,0027,AAI pairing,missing_ema
TORGO,FC03,Session3,0028,AAI pairing,missing_ema
TORGO,FC03,Session3,0029,AAI pairing,missing_ema
TORGO,FC03,Session3,0030,AAI pairing,missing_ema
TORGO,FC03,Session3,0031,AAI pairing,missing_ema
TORGO,FC03,Session3,0032,AAI pairing,missing_ema
TORGO,FC03,Session3,0033,AAI pairing,missing_ema
TORGO,FC03,Session3,0034,AAI pairing,missing_ema
TORGO,FC03,Session3,0035,AAI pairing,missing_ema
TORGO,FC03,Session3,0036,AAI pairing,missing_ema
TORGO,FC03,Session3,0037,AAI pairing,missing_ema
TORGO,FC03,Session3,0038,AAI pairing,missing_ema
TORGO,FC03,Session3,0039,AAI pairing,missing_ema
TORGO,FC03,Session3,0040,AAI pairing,missing_ema
TORGO,FC03,Session3,0041,AAI pairing,missing_ema
TORGO,FC03,Session3,0042,AAI pairing,missing_ema
TORGO,FC03,Session3,0043,AAI pairing,missing_ema
TORGO,FC03,Session3,0044,AAI pairing,missing_ema
TORGO,FC03,Session3,0045,AAI pairing,missing_ema
TORGO,FC03,Session3,0046,AAI pairing,missing_ema
TORGO,FC03,Session3,0047,AAI pairing,missing_ema
TORGO,FC03,Session3,0048,AAI pairing,missing_ema
TORGO,FC03,Session3,0049,AAI pairing,missing_ema
TORGO,FC03,Session3,0050,AAI pairing,missing_ema
TORGO,FC03,Session3,0051,AAI pairing,missing_ema
TORGO,FC03,Session3,0052,AAI pairing,missing_ema
TORGO,FC03,Session3,0053,AAI pairing,missing_ema
TORGO,FC03,Session3,0054,AAI pairing,missing_ema
TORGO,FC03,Session3,0055,AAI pairing,missing_ema
TORGO,FC03,Session3,0056,AAI pairing,missing_ema
TORGO,FC03,Session3,0057,AAI pairing,missing_ema
TORGO,FC03,Session3,0058,AAI pairing,missing_ema
TORGO,FC03,Session3,0059,AAI pairing,missing_ema
TORGO,FC03,Session3,0060,AAI pairing,missing_ema
TORGO,FC03,Session3,0061,AAI pairing,missing_ema
TORGO,FC03,Session3,0062,AAI pairing,missing_ema
TORGO,FC03,Session3,0063,AAI pairing,missing_ema
TORGO,FC03,Session3,0064,AAI pairing,missing_ema
TORGO,FC03,Session3,0065,AAI pairing,missing_ema
TORGO,FC03,Session3,0066,AAI pairing,missing_ema
TORGO,FC03,Session3,0067,AAI pairing,missing_ema
TORGO,FC03,Session3,0068,AAI pairing,missing_ema
TORGO,FC03,Session3,0069,AAI pairing,missing_ema
TORGO,FC03,Session3,0070,AAI pairing,missing_ema
TORGO,FC03,Session3,0071,AAI pairing,missing_ema
TORGO,FC03,Session3,0072,AAI pairing,missing_ema
TORGO,FC03,Session3,0073,AAI pairing,missing_ema
TORGO,FC03,Session3,0074,AAI pairing,missing_ema
TORGO,FC03,Session3,0075,AAI pairing,missing_ema
TORGO,FC03,Session3,0076,AAI pairing,missing_ema
TORGO,FC03,Session3,0077,AAI pairing,missing_ema
TORGO,FC03,Session3,0078,AAI pairing,missing_ema
TORGO,FC03,Session3,0079,AAI pairing,missing_ema
TORGO,FC03,Session3,0080,AAI pairing,missing_ema
TORGO,FC03,Session3,0081,AAI pairing,missing_ema
TORGO,FC03,Session3,0082,AAI pairing,missing_ema
TORGO,FC03,Session3,0083,AAI pairing,missing_ema
TORGO,FC03,Session3,0084,AAI pairing,missing_ema
TORGO,FC03,Session3,0085,AAI pairing,missing_ema
TORGO,FC03,Session3,0086,AAI pairing,missing_ema
TORGO,FC03,Session3,0087,ASR scoring,unusable_prompt
TORGO,FC03,Session3,0087,AAI pairing,missing_ema
TORGO,FC03,Session3,0088,AAI pairing,missing_ema
TORGO,FC03,Session3,0089,AAI pairing,missing_ema
TORGO,FC03,Session3,0090,AAI pairing,missing_ema
TORGO,FC03,Session3,0091,AAI pairing,missing_ema
TORGO,FC03,Session3,0092,AAI pairing,missing_ema
TORGO,FC03,Session3,0093,AAI pairing,missing_ema
TORGO,FC03,Session3,0094,AAI pairing,missing_ema
TORGO,FC03,Session3,0095,AAI pairing,missing_ema
TORGO,FC03,Session3,0096,ASR scoring,unusable_prompt
TORGO,FC03,Session3,0096,AAI pairing,missing_ema
TORGO,FC03,Session3,0097,AAI pairing,missing_ema
TORGO,FC03,Session3,0098,AAI pairing,missing_ema
TORGO,FC03,Session3,0099,AAI pairing,missing_ema
TORGO,FC03,Session3,0100,AAI pairing,missing_ema
TORGO,FC03,Session3,0101,AAI pairing,missing_ema
TORGO,FC03,Session3,0102,AAI pairing,missing_ema
TORGO,FC03,Session3,0103,AAI pairing,missing_ema
TORGO,FC03,Session3,0104,AAI pairing,missing_ema
TORGO,FC03,Session3,0105,AAI pairing,missing_ema
TORGO,FC03,Session3,0106,AAI pairing,missing_ema
TORGO,FC03,Session3,0107,AAI pairing,missing_ema
TORGO,FC03,Session3,0108,AAI pairing,missing_ema
TORGO,FC03,Session3,0109,AAI pairing,missing_ema
TORGO,FC03,Session3,0110,AAI pairing,missing_ema
TORGO,FC03,Session3,0111,AAI pairing,missing_ema
TORGO,FC03,Session3,0112,AAI pairing,missing_ema
TORGO,FC03,Session3,0113,AAI pairing,missing_ema
TORGO,FC03,Session3,0114,AAI pairing,missing_ema
TORGO,FC03,Session3,0115,AAI pairing,missing_ema
TORGO,FC03,Session3,0116,AAI pairing,missing_ema
TORGO,FC03,Session3,0117,AAI pairing,missing_ema
TORGO,FC03,Session3,0118,AAI pairing,missing_ema
TORGO,FC03,Session3,0119,AAI pairing,missing_ema
TORGO,FC03,Session3,0120,AAI pairing,missing_ema
TORGO,FC03,Session3,0121,AAI pairing,missing_ema
TORGO,FC03,Session3,0122,AAI pairing,missing_ema
TORGO,FC03,Session3,0123,AAI pairing,missing_ema
TORGO,FC03,Session3,0124,AAI pairing,missing_ema
TORGO,FC03,Session3,0125,AAI pairing,missing_ema
TORGO,FC03,Session3,0126,AAI pairing,missing_ema
TORGO,FC03,Session3,0127,AAI pairing,missing_ema
TORGO,FC03,Session3,0128,AAI pairing,missing_ema
TORGO,FC03,Session3,0129,AAI pairing,missing_ema
TORGO,FC03,Session3,0130,AAI pairing,missing_ema
TORGO,FC03,Session3,0131,AAI pairing,missing_ema
TORGO,FC03,Session3,0132,AAI pairing,missing_ema
TORGO,FC03,Session3,0133,AAI pairing,missing_ema
TORGO,FC03,Session3,0134,AAI pairing,missing_ema
TORGO,FC03,Session3,0135,ASR scoring,unusable_prompt
TORGO,FC03,Session3,0135,AAI pairing,missing_ema
TORGO,FC03,Session3,0136,AAI pairing,missing_ema
TORGO,FC03,Session3,0137,AAI pairing,missing_ema
TORGO,FC03,Session3,0138,AAI pairing,missing_ema
TORGO,FC03,Session3,0139,AAI pairing,missing_ema
TORGO,FC03,Session3,0140,ASR scoring,unusable_prompt
TORGO,FC03,Session3,0140,AAI pairing,missing_ema
TORGO,FC03,Session3,0141,AAI pairing,missing_ema
TORGO,FC03,Session3,0142,AAI pairing,missing_ema
TORGO,FC03,Session3,0143,AAI pairing,missing_ema
TORGO,FC03,Session3,0144,AAI pairing,missing_ema
TORGO,FC03,Session3,0145,AAI pairing,missing_ema
TORGO,FC03,Session3,0146,AAI pairing,missing_ema
TORGO,FC03,Session3,0147,AAI pairing,missing_ema
TORGO,FC03,Session3,0148,AAI pairing,missing_ema
TORGO,FC03,Session3,0149,AAI pairing,missing_ema
TORGO,FC03,Session3,0150,AAI pairing,missing_ema
TORGO,FC03,Session3,0151,AAI pairing,missing_ema
TORGO,FC03,Session3,0152,AAI pairing,missing_ema
TORGO,FC03,Session3,0153,AAI pairing,missing_ema
TORGO,FC03,Session3,0154,AAI pairing,missing_ema
TORGO,FC03,Session3,0155,AAI pairing,missing_ema
TORGO,FC03,Session3,0156,AAI pairing,missing_ema
TORGO,FC03,Session3,0157,AAI pairing,missing_ema
TORGO,FC03,Session3,0158,AAI pairing,missing_ema
TORGO,FC03,Session3,0159,AAI pairing,missing_ema
TORGO,FC03,Session3,0160,AAI pairing,missing_ema
TORGO,FC03,Session3,0161,AAI pairing,missing_ema
TORGO,FC03,Session3,0162,AAI pairing,missing_ema
TORGO,FC03,Session3,0163,AAI pairing,missing_ema
TORGO,FC03,Session3,0164,AAI pairing,missing_ema
TORGO,FC03,Session3,0165,AAI pairing,missing_ema
TORGO,FC03,Session3,0166,AAI pairing,missing_ema
TORGO,FC03,Session3,0167,AAI pairing,missing_ema
TORGO,FC03,Session3,0168,AAI pairing,missing_ema
TORGO,FC03,Session3,0169,AAI pairing,missing_ema
TORGO,FC03,Session3,0170,AAI pairing,missing_ema
TORGO,FC03,Session3,0171,AAI pairing,missing_ema
TORGO,FC03,Session3,0172,AAI pairing,missing_ema
TORGO,FC03,Session3,0173,AAI pairing,missing_ema
TORGO,FC03,Session3,0174,AAI pairing,missing_ema
TORGO,FC03,Session3,0175,AAI pairing,missing_ema
TORGO,FC03,Session3,0176,AAI pairing,missing_ema
TORGO,FC03,Session3,0177,AAI pairing,missing_ema
TORGO,FC03,Session3,0178,AAI pairing,missing_ema
TORGO,FC03,Session3,0179,AAI pairing,missing_ema
TORGO,FC03,Session3,0180,AAI pairing,missing_ema
TORGO,FC03,Session3,0181,AAI pairing,missing_ema
TORGO,FC03,Session3,0182,AAI pairing,missing_ema
TORGO,FC03,Session3,0183,AAI pairing,missing_ema
TORGO,FC03,Session3,0184,AAI pairing,missing_ema
TORGO,FC03,Session3,0185,AAI pairing,missing_ema
TORGO,FC03,Session3,0186,AAI pairing,missing_ema
TORGO,FC03,Session3,0187,AAI pairing,missing_ema
TORGO,FC03,Session3,0188,AAI pairing,missing_ema
TORGO,FC03,Session3,0189,AAI pairing,missing_ema
TORGO,FC03,Session3,0190,AAI pairing,missing_ema
TORGO,FC03,Session3,0191,AAI pairing,missing_ema
TORGO,FC03,Session3,0192,AAI pairing,missing_ema
TORGO,FC03,Session3,0193,AAI pairing,missing_ema
TORGO,FC03,Session3,0194,AAI pairing,missing_ema
TORGO,FC03,Session3,0195,AAI pairing,missing_ema
TORGO,FC03,Session3,0196,AAI pairing,missing_ema
TORGO,FC03,Session3,0197,AAI pairing,missing_ema
TORGO,FC03,Session3,0198,AAI pairing,missing_ema
TORGO,FC03,Session3,0199,AAI pairing,missing_ema
TORGO,FC03,Session3,0200,AAI pairing,missing_ema
TORGO,FC03,Session3,0201,AAI pairing,missing_ema
TORGO,FC03,Session3,0202,AAI pairing,missing_ema
TORGO,FC03,Session3,0203,AAI pairing,missing_ema
TORGO,FC03,Session3,0204,AAI pairing,missing_ema
TORGO,FC03,Session3,0205,AAI pairing,missing_ema
TORGO,FC03,Session3,0206,AAI pairing,missing_ema
TORGO,FC03,Session3,0207,AAI pairing,missing_ema
TORGO,FC03,Session3,0208,AAI pairing,missing_ema
TORGO,M01,Session1,0001,ASR scoring,unusable_prompt
TORGO,M01,Session1,0002,ASR scoring,unusable_prompt
TORGO,M01,Session1,0003,ASR scoring,unusable_prompt
TORGO,M01,Session1,0004,ASR scoring,unusable_prompt
TORGO,M01,Session1,0042,ASR scoring,unusable_prompt
TORGO,M01,Session1,0043,ASR scoring,unusable_prompt
TORGO,M01,Session1,0049,ASR scoring,unusable_prompt
TORGO,M01,Session1,0063,ASR scoring,unusable_prompt
TORGO,M01,Session1,0081,ASR scoring,unusable_prompt
TORGO,M01,Session2_3,0001,AAI pairing,missing_ema
TORGO,M01,Session2_3,0002,AAI pairing,missing_ema
TORGO,M01,Session2_3,0003,AAI pairing,missing_ema
TORGO,M01,Session2_3,0004,AAI pairing,missing_ema
TORGO,M01,Session2_3,0005,AAI pairing,missing_ema
TORGO,M01,Session2_3,0006,AAI pairing,missing_ema
TORGO,M01,Session2_3,0007,AAI pairing,missing_ema
TORGO,M01,Session2_3,0008,AAI pairing,missing_ema
TORGO,M01,Session2_3,0009,AAI pairing,missing_ema
TORGO,M01,Session2_3,0010,AAI pairing,missing_ema
TORGO,M01,Session2_3,0011,AAI pairing,missing_ema
TORGO,M01,Session2_3,0012,AAI pairing,missing_ema
TORGO,M01,Session2_3,0013,AAI pairing,missing_ema
TORGO,M01,Session2_3,0014,AAI pairing,missing_ema
TORGO,M01,Session2_3,0015,AAI pairing,missing_ema
TORGO,M01,Session2_3,0016,AAI pairing,missing_ema
TORGO,M01,Session2_3,0017,AAI pairing,missing_ema
TORGO,M01,Session2_3,0018,AAI pairing,missing_ema
TORGO,M01,Session2_3,0019,AAI pairing,missing_ema
TORGO,M01,Session2_3,0020,AAI pairing,missing_ema
TORGO,M01,Session2_3,0021,ASR scoring,unusable_prompt
TORGO,M01,Session2_3,0021,AAI pairing,missing_ema
TORGO,M01,Session2_3,0022,AAI pairing,missing_ema
TORGO,M01,Session2_3,0023,AAI pairing,missing_ema
TORGO,M01,Session2_3,0024,AAI pairing,missing_ema
TORGO,M01,Session2_3,0025,AAI pairing,missing_ema
TORGO,M01,Session2_3,0026,AAI pairing,missing_ema
TORGO,M01,Session2_3,0027,AAI pairing,missing_ema
TORGO,M01,Session2_3,0028,AAI pairing,missing_ema
TORGO,M01,Session2_3,0029,AAI pairing,missing_ema
TORGO,M01,Session2_3,0030,AAI pairing,missing_ema
TORGO,M01,Session2_3,0031,AAI pairing,missing_ema
TORGO,M01,Session2_3,0032,AAI pairing,missing_ema
TORGO,M01,Session2_3,0033,AAI pairing,missing_ema
TORGO,M01,Session2_3,0034,AAI pairing,missing_ema
TORGO,M01,Session2_3,0035,AAI pairing,missing_ema
TORGO,M01,Session2_3,0036,AAI pairing,missing_ema
TORGO,M01,Session2_3,0037,AAI pairing,missing_ema
TORGO,M01,Session2_3,0038,AAI pairing,missing_ema
TORGO,M01,Session2_3,0039,AAI pairing,missing_ema
TORGO,M01,Session2_3,0040,AAI pairing,missing_ema
TORGO,M01,Session2_3,0041,AAI pairing,missing_ema
TORGO,M01,Session2_3,0042,AAI pairing,missing_ema
TORGO,M01,Session2_3,0043,AAI pairing,missing_ema
TORGO,M01,Session2_3,0044,AAI pairing,missing_ema
TORGO,M01,Session2_3,0045,AAI pairing,missing_ema
TORGO,M01,Session2_3,0046,AAI pairing,missing_ema
TORGO,M01,Session2_3,0047,AAI pairing,missing_ema
TORGO,M01,Session2_3,0048,AAI pairing,missing_ema
TORGO,M01,Session2_3,0049,AAI pairing,missing_ema
TORGO,M01,Session2_3,0050,AAI pairing,missing_ema
TORGO,M01,Session2_3,0051,AAI pairing,missing_ema
TORGO,M01,Session2_3,0053,AAI pairing,missing_ema
TORGO,M01,Session2_3,0054,AAI pairing,missing_ema
TORGO,M01,Session2_3,0055,AAI pairing,missing_ema
TORGO,M01,Session2_3,0056,AAI pairing,missing_ema
TORGO,M01,Session2_3,0057,AAI pairing,missing_ema
TORGO,M01,Session2_3,0058,AAI pairing,missing_ema
TORGO,M01,Session2_3,0059,AAI pairing,missing_ema
TORGO,M01,Session2_3,0060,AAI pairing,missing_ema
TORGO,M01,Session2_3,0061,AAI pairing,missing_ema
TORGO,M01,Session2_3,0062,AAI pairing,missing_ema
TORGO,M01,Session2_3,0063,AAI pairing,missing_ema
TORGO,M01,Session2_3,0064,AAI pairing,missing_ema
TORGO,M01,Session2_3,0065,AAI pairing,missing_ema
TORGO,M01,Session2_3,0066,AAI pairing,missing_ema
TORGO,M01,Session2_3,0067,AAI pairing,missing_ema
TORGO,M01,Session2_3,0068,AAI pairing,missing_ema
TORGO,M01,Session2_3,0069,AAI pairing,missing_ema
TORGO,M01,Session2_3,0070,AAI pairing,missing_ema
TORGO,M01,Session2_3,0071,AAI pairing,missing_ema
TORGO,M01,Session2_3,0072,AAI pairing,missing_ema
TORGO,M01,Session2_3,0073,AAI pairing,missing_ema
TORGO,M01,Session2_3,0074,ASR scoring,unusable_prompt
TORGO,M01,Session2_3,0074,AAI pairing,missing_ema
TORGO,M01,Session2_3,0075,AAI pairing,missing_ema
TORGO,M01,Session2_3,0076,AAI pairing,missing_ema
TORGO,M01,Session2_3,0077,AAI pairing,missing_ema
TORGO,M01,Session2_3,0078,AAI pairing,missing_ema
TORGO,M01,Session2_3,0079,AAI pairing,missing_ema
TORGO,M01,Session2_3,0080,AAI pairing,missing_ema
TORGO,M01,Session2_3,0081,AAI pairing,missing_ema
TORGO,M01,Session2_3,0082,AAI pairing,missing_ema
TORGO,M01,Session2_3,0083,ASR scoring,unusable_prompt
TORGO,M01,Session2_3,0083,AAI pairing,missing_ema
TORGO,M01,Session2_3,0084,AAI pairing,missing_ema
TORGO,M01,Session2_3,0085,AAI pairing,missing_ema
TORGO,M01,Session2_3,0086,AAI pairing,missing_ema
TORGO,M01,Session2_3,0087,AAI pairing,missing_ema
TORGO,M01,Session2_3,0088,AAI pairing,missing_ema
TORGO,M01,Session2_3,0089,AAI pairing,missing_ema
TORGO,M01,Session2_3,0090,AAI pairing,missing_ema
TORGO,M01,Session2_3,0091,AAI pairing,missing_ema
TORGO,M01,Session2_3,0092,AAI pairing,missing_ema
TORGO,M01,Session2_3,0093,AAI pairing,missing_ema
TORGO,M01,Session2_3,0094,AAI pairing,missing_ema
TORGO,M01,Session2_3,0095,AAI pairing,missing_ema
TORGO,M01,Session2_3,0096,AAI pairing,missing_ema
TORGO,M01,Session2_3,0097,AAI pairing,missing_ema
TORGO,M01,Session2_3,0098,AAI pairing,missing_ema
TORGO,M01,Session2_3,0099,AAI pairing,missing_ema
TORGO,M01,Session2_3,0100,AAI pairing,missing_ema
TORGO,M01,Session2_3,0101,AAI pairing,missing_ema
TORGO,M01,Session2_3,0102,AAI pairing,missing_ema
TORGO,M01,Session2_3,0103,AAI pairing,missing_ema
TORGO,M01,Session2_3,0104,AAI pairing,missing_ema
TORGO,M01,Session2_3,0105,AAI pairing,missing_ema
TORGO,M01,Session2_3,0106,AAI pairing,missing_ema
TORGO,M01,Session2_3,0107,AAI pairing,missing_ema
TORGO,M01,Session2_3,0108,AAI pairing,missing_ema
TORGO,M01,Session2_3,0109,AAI pairing,missing_ema
TORGO,M01,Session2_3,0110,AAI pairing,missing_ema
TORGO,M01,Session2_3,0111,AAI pairing,missing_ema
TORGO,M01,Session2_3,0112,AAI pairing,missing_ema
TORGO,M01,Session2_3,0113,AAI pairing,missing_ema
TORGO,M01,Session2_3,0114,AAI pairing,missing_ema
TORGO,M01,Session2_3,0115,AAI pairing,missing_ema
TORGO,M01,Session2_3,0116,AAI pairing,missing_ema
TORGO,M01,Session2_3,0117,AAI pairing,missing_ema
TORGO,M01,Session2_3,0118,AAI pairing,missing_ema
TORGO,M01,Session2_3,0119,AAI pairing,missing_ema
TORGO,M01,Session2_3,0120,AAI pairing,missing_ema
TORGO,M01,Session2_3,0121,AAI pairing,missing_ema
TORGO,M01,Session2_3,0122,AAI pairing,missing_ema
TORGO,M01,Session2_3,0123,AAI pairing,missing_ema
TORGO,M01,Session2_3,0124,AAI pairing,missing_ema
TORGO,M01,Session2_3,0125,AAI pairing,missing_ema
TORGO,M01,Session2_3,0126,AAI pairing,missing_ema
TORGO,M01,Session2_3,0127,AAI pairing,missing_ema
TORGO,M01,Session2_3,0128,AAI pairing,missing_ema
TORGO,M01,Session2_3,0129,AAI pairing,missing_ema
TORGO,M01,Session2_3,0130,AAI pairing,missing_ema
TORGO,M01,Session2_3,0131,AAI pairing,missing_ema
TORGO,M01,Session2_3,0132,AAI pairing,missing_ema
TORGO,M01,Session2_3,0133,AAI pairing,missing_ema
TORGO,M01,Session2_3,0134,AAI pairing,missing_ema
TORGO,M01,Session2_3,0135,AAI pairing,missing_ema
TORGO,M01,Session2_3,0136,AAI pairing,missing_ema
TORGO,M01,Session2_3,0137,AAI pairing,missing_ema
TORGO,M01,Session2_3,0138,AAI pairing,missing_ema
TORGO,M01,Session2_3,0139,AAI pairing,missing_ema
TORGO,M01,Session2_3,0140,AAI pairing,missing_ema
TORGO,M01,Session2_3,0141,AAI pairing,missing_ema
TORGO,M01,Session2_3,0142,AAI pairing,missing_ema
TORGO,M01,Session2_3,0143,AAI pairing,missing_ema
TORGO,M01,Session2_3,0144,AAI pairing,missing_ema
TORGO,M01,Session2_3,0145,AAI pairing,missing_ema
TORGO,M01,Session2_3,0146,AAI pairing,missing_ema
TORGO,M01,Session2_3,0147,AAI pairing,missing_ema
TORGO,M01,Session2_3,0148,AAI pairing,missing_ema
TORGO,M01,Session2_3,0149,AAI pairing,missing_ema
TORGO,M01,Session2_3,0150,AAI pairing,missing_ema
TORGO,M01,Session2_3,0151,AAI pairing,missing_ema
TORGO,M01,Session2_3,0152,AAI pairing,missing_ema
TORGO,M01,Session2_3,0153,AAI pairing,missing_ema
TORGO,M01,Session2_3,0154,AAI pairing,missing_ema
TORGO,M01,Session2_3,0155,AAI pairing,missing_ema
TORGO,M01,Session2_3,0156,ASR scoring,unusable_prompt
TORGO,M01,Session2_3,0156,AAI pairing,missing_ema
TORGO,M01,Session2_3,0157,AAI pairing,missing_ema
TORGO,M01,Session2_3,0158,AAI pairing,missing_ema
TORGO,M01,Session2_3,0159,AAI pairing,missing_ema
TORGO,M01,Session2_3,0160,AAI pairing,missing_ema
TORGO,M01,Session2_3,0161,AAI pairing,missing_ema
TORGO,M01,Session2_3,0162,AAI pairing,missing_ema
TORGO,M01,Session2_3,0163,AAI pairing,missing_ema
TORGO,M01,Session2_3,0164,AAI pairing,missing_ema
TORGO,M01,Session2_3,0165,AAI pairing,missing_ema
TORGO,M01,Session2_3,0166,AAI pairing,missing_ema
TORGO,M01,Session2_3,0167,AAI pairing,missing_ema
TORGO,M01,Session2_3,0168,AAI pairing,missing_ema
TORGO,M01,Session2_3,0169,AAI pairing,missing_ema
TORGO,M01,Session2_3,0170,AAI pairing,missing_ema
TORGO,M01,Session2_3,0171,AAI pairing,missing_ema
TORGO,M01,Session2_3,0172,AAI pairing,missing_ema
TORGO,M01,Session2_3,0173,AAI pairing,missing_ema
TORGO,M01,Session2_3,0174,AAI pairing,missing_ema
TORGO,M01,Session2_3,0175,AAI pairing,missing_ema
TORGO,M01,Session2_3,0176,AAI pairing,missing_ema
TORGO,M01,Session2_3,0177,AAI pairing,missing_ema
TORGO,M01,Session2_3,0178,AAI pairing,missing_ema
TORGO,M01,Session2_3,0179,AAI pairing,missing_ema
TORGO,M01,Session2_3,0180,AAI pairing,missing_ema
TORGO,M01,Session2_3,0181,AAI pairing,missing_ema
TORGO,M01,Session2_3,0182,AAI pairing,missing_ema
TORGO,M01,Session2_3,0183,AAI pairing,missing_ema
TORGO,M01,Session2_3,0184,AAI pairing,missing_ema
TORGO,M01,Session2_3,0185,AAI pairing,missing_ema
TORGO,M01,Session2_3,0186,AAI pairing,missing_ema
TORGO,M01,Session2_3,0187,AAI pairing,missing_ema
TORGO,M01,Session2_3,0188,AAI pairing,missing_ema
TORGO,M01,Session2_3,0189,AAI pairing,missing_ema
TORGO,M01,Session2_3,0190,AAI pairing,missing_ema
TORGO,M01,Session2_3,0191,AAI pairing,missing_ema
TORGO,M01,Session2_3,0192,AAI pairing,missing_ema
TORGO,M01,Session2_3,0193,AAI pairing,missing_ema
TORGO,M01,Session2_3,0194,AAI pairing,missing_ema
TORGO,M01,Session2_3,0195,AAI pairing,missing_ema
TORGO,M01,Session2_3,0196,AAI pairing,missing_ema
TORGO,M01,Session2_3,0197,AAI pairing,missing_ema
TORGO,M01,Session2_3,0198,AAI pairing,missing_ema
TORGO,M01,Session2_3,0199,AAI pairing,missing_ema
TORGO,M01,Session2_3,0200,AAI pairing,missing_ema
TORGO,M01,Session2_3,0201,AAI pairing,missing_ema
TORGO,M01,Session2_3,0202,AAI pairing,missing_ema
TORGO,M01,Session2_3,0203,AAI pairing,missing_ema
TORGO,M01,Session2_3,0204,AAI pairing,missing_ema
TORGO,M01,Session2_3,0205,AAI pairing,missing_ema
TORGO,M01,Session2_3,0206,AAI pairing,missing_ema
TORGO,M01,Session2_3,0207,AAI pairing,missing_ema
TORGO,M01,Session2_3,0208,AAI pairing,missing_ema
TORGO,M01,Session2_3,0209,AAI pairing,missing_ema
TORGO,M01,Session2_3,0210,AAI pairing,missing_ema
TORGO,M01,Session2_3,0211,AAI pairing,missing_ema
TORGO,M01,Session2_3,0212,AAI pairing,missing_ema
TORGO,M01,Session2_3,0213,AAI pairing,missing_ema
TORGO,M01,Session2_3,0214,AAI pairing,missing_ema
TORGO,M01,Session2_3,0215,AAI pairing,missing_ema
TORGO,M01,Session2_3,0216,AAI pairing,missing_ema
TORGO,M01,Session2_3,0217,AAI pairing,missing_ema
TORGO,M01,Session2_3,0218,AAI pairing,missing_ema
TORGO,M01,Session2_3,0219,AAI pairing,missing_ema
TORGO,M01,Session2_3,0220,AAI pairing,missing_ema
TORGO,M01,Session2_3,0221,AAI pairing,missing_ema
TORGO,M01,Session2_3,0222,AAI pairing,missing_ema
TORGO,M01,Session2_3,0223,AAI pairing,missing_ema
TORGO,M01,Session2_3,0224,AAI pairing,missing_ema
TORGO,M01,Session2_3,0225,AAI pairing,missing_ema
TORGO,M01,Session2_3,0226,AAI pairing,missing_ema
TORGO,M01,Session2_3,0227,AAI pairing,missing_ema
TORGO,M01,Session2_3,0228,AAI pairing,missing_ema
TORGO,M01,Session2_3,0229,AAI pairing,missing_ema
TORGO,M01,Session2_3,0230,AAI pairing,missing_ema
TORGO,M01,Session2_3,0231,AAI pairing,missing_ema
TORGO,M01,Session2_3,0232,AAI pairing,missing_ema
TORGO,M01,Session2_3,0233,AAI pairing,missing_ema
TORGO,M01,Session2_3,0234,AAI pairing,missing_ema
TORGO,M01,Session2_3,0235,AAI pairing,missing_ema
TORGO,M01,Session2_3,0236,AAI pairing,missing_ema
TORGO,M01,Session2_3,0237,AAI pairing,missing_ema
TORGO,M01,Session2_3,0238,AAI pairing,missing_ema
TORGO,M01,Session2_3,0239,AAI pairing,missing_ema
TORGO,M01,Session2_3,0240,AAI pairing,missing_ema
TORGO,M01,Session2_3,0241,AAI pairing,missing_ema
TORGO,M01,Session2_3,0242,AAI pairing,missing_ema
TORGO,M01,Session2_3,0243,AAI pairing,missing_ema
TORGO,M01,Session2_3,0244,AAI pairing,missing_ema
TORGO,M01,Session2_3,0245,AAI pairing,missing_ema
TORGO,M01,Session2_3,0246,AAI pairing,missing_ema
TORGO,M01,Session2_3,0247,AAI pairing,missing_ema
TORGO,M01,Session2_3,0248,AAI pairing,missing_ema
TORGO,M01,Session2_3,0249,AAI pairing,missing_ema
TORGO,M01,Session2_3,0250,AAI pairing,missing_ema
TORGO,M01,Session2_3,0251,AAI pairing,missing_ema
TORGO,M01,Session2_3,0252,AAI pairing,missing_ema
TORGO,M01,Session2_3,0253,AAI pairing,missing_ema
TORGO,M01,Session2_3,0254,AAI pairing,missing_ema
TORGO,M01,Session2_3,0255,AAI pairing,missing_ema
TORGO,M01,Session2_3,0256,AAI pairing,missing_ema
TORGO,M01,Session2_3,0257,AAI pairing,missing_ema
TORGO,M01,Session2_3,0258,AAI pairing,missing_ema
TORGO,M01,Session2_3,0259,AAI pairing,missing_ema
TORGO,M01,Session2_3,0260,AAI pairing,missing_ema
TORGO,M01,Session2_3,0261,AAI pairing,missing_ema
TORGO,M01,Session2_3,0262,AAI pairing,missing_ema
TORGO,M01,Session2_3,0263,AAI pairing,missing_ema
TORGO,M01,Session2_3,0264,AAI pairing,missing_ema
TORGO,M01,Session2_3,0265,AAI pairing,missing_ema
TORGO,M01,Session2_3,0266,AAI pairing,missing_ema
TORGO,M01,Session2_3,0267,AAI pairing,missing_ema
TORGO,M01,Session2_3,0268,AAI pairing,missing_ema
TORGO,M01,Session2_3,0269,AAI pairing,missing_ema
TORGO,M01,Session2_3,0270,AAI pairing,missing_ema
TORGO,M01,Session2_3,0271,AAI pairing,missing_ema
TORGO,M01,Session2_3,0272,AAI pairing,missing_ema
TORGO,M01,Session2_3,0273,AAI pairing,missing_ema
TORGO,M01,Session2_3,0274,AAI pairing,missing_ema
TORGO,M01,Session2_3,0275,AAI pairing,missing_ema
TORGO,M01,Session2_3,0276,AAI pairing,missing_ema
TORGO,M01,Session2_3,0277,AAI pairing,missing_ema
TORGO,M01,Session2_3,0278,AAI pairing,missing_ema
TORGO,M01,Session2_3,0279,AAI pairing,missing_ema
TORGO,M01,Session2_3,028,ASR scoring,missing_prompt
TORGO,M01,Session2_3,028,AAI pairing,missing_ema
TORGO,M01,Session2_3,0280,AAI pairing,missing_ema
TORGO,M01,Session2_3,0281,AAI pairing,missing_ema
TORGO,M01,Session2_3,0282,AAI pairing,missing_ema
TORGO,M01,Session2_3,0283,AAI pairing,missing_ema
TORGO,M01,Session2_3,0284,ASR scoring,unusable_prompt
TORGO,M01,Session2_3,0284,AAI pairing,missing_ema
TORGO,M01,Session2_3,0285,AAI pairing,missing_ema
TORGO,M01,Session2_3,0286,AAI pairing,missing_ema
TORGO,M01,Session2_3,0287,AAI pairing,missing_ema
TORGO,M02,Session1,0001,ASR scoring,unusable_prompt
TORGO,M02,Session1,0001,AAI pairing,missing_ema
TORGO,M02,Session1,0002,ASR scoring,unusable_prompt
TORGO,M02,Session1,0002,AAI pairing,missing_ema
TORGO,M02,Session1,0003,ASR scoring,unusable_prompt
TORGO,M02,Session1,0003,AAI pairing,missing_ema
TORGO,M02,Session1,0004,ASR scoring,unusable_prompt
TORGO,M02,Session1,0004,AAI pairing,missing_ema
TORGO,M02,Session1,0005,ASR scoring,unusable_prompt
TORGO,M02,Session1,0005,AAI pairing,missing_ema
TORGO,M02,Session1,0006,AAI pairing,missing_ema
TORGO,M02,Session1,0007,AAI pairing,missing_ema
TORGO,M02,Session1,0008,AAI pairing,missing_ema
TORGO,M02,Session1,0009,AAI pairing,missing_ema
TORGO,M02,Session1,0010,AAI pairing,missing_ema
TORGO,M02,Session1,0011,ASR scoring,unusable_prompt
TORGO,M02,Session1,0011,AAI pairing,missing_ema
TORGO,M02,Session1,0012,AAI pairing,missing_ema
TORGO,M02,Session1,0013,ASR scoring,unusable_prompt
TORGO,M02,Session1,0013,AAI pairing,missing_ema
TORGO,M02,Session1,0014,AAI pairing,missing_ema
TORGO,M02,Session1,0015,AAI pairing,missing_ema
TORGO,M02,Session1,0016,AAI pairing,missing_ema
TORGO,M02,Session1,0017,AAI pairing,missing_ema
TORGO,M02,Session1,0018,AAI pairing,missing_ema
TORGO,M02,Session1,0019,AAI pairing,missing_ema
TORGO,M02,Session1,0020,AAI pairing,missing_ema
TORGO,M02,Session1,0021,AAI pairing,missing_ema
TORGO,M02,Session1,0022,AAI pairing,missing_ema
TORGO,M02,Session1,0023,AAI pairing,missing_ema
TORGO,M02,Session1,0024,AAI pairing,missing_ema
TORGO,M02,Session1,0025,AAI pairing,missing_ema
TORGO,M02,Session1,0026,AAI pairing,missing_ema
TORGO,M02,Session1,0027,AAI pairing,missing_ema
TORGO,M02,Session1,0028,AAI pairing,missing_ema
TORGO,M02,Session1,0029,AAI pairing,missing_ema
TORGO,M02,Session1,0030,AAI pairing,missing_ema
TORGO,M02,Session1,0031,AAI pairing,missing_ema
TORGO,M02,Session1,0032,AAI pairing,missing_ema
TORGO,M02,Session1,0033,AAI pairing,missing_ema
TORGO,M02,Session1,0034,AAI pairing,missing_ema
TORGO,M02,Session1,0035,AAI pairing,missing_ema
TORGO,M02,Session1,0036,AAI pairing,missing_ema
TORGO,M02,Session1,0037,ASR scoring,unusable_prompt
TORGO,M02,Session1,0037,AAI pairing,missing_ema
TORGO,M02,Session1,0038,AAI pairing,missing_ema
TORGO,M02,Session1,0039,AAI pairing,missing_ema
TORGO,M02,Session1,0040,AAI pairing,missing_ema
TORGO,M02,Session1,0041,AAI pairing,missing_ema
TORGO,M02,Session1,0042,AAI pairing,missing_ema
TORGO,M02,Session1,0043,AAI pairing,missing_ema
TORGO,M02,Session1,0044,AAI pairing,missing_ema
TORGO,M02,Session1,0045,AAI pairing,missing_ema
TORGO,M02,Session1,0046,AAI pairing,missing_ema
TORGO,M02,Session1,0047,AAI pairing,missing_ema
TORGO,M02,Session1,0048,AAI pairing,missing_ema
TORGO,M02,Session1,0049,AAI pairing,missing_ema
TORGO,M02,Session1,0050,ASR scoring,unusable_prompt
TORGO,M02,Session1,0050,AAI pairing,missing_ema
TORGO,M02,Session1,0051,AAI pairing,missing_ema
TORGO,M02,Session1,0052,ASR scoring,unusable_prompt
TORGO,M02,Session1,0052,AAI pairing,missing_ema
TORGO,M02,Session1,0053,AAI pairing,missing_ema
TORGO,M02,Session1,0054,AAI pairing,missing_ema
TORGO,M02,Session1,0055,AAI pairing,missing_ema
TORGO,M02,Session1,0056,AAI pairing,missing_ema
TORGO,M02,Session1,0057,AAI pairing,missing_ema
TORGO,M02,Session1,0058,AAI pairing,missing_ema
TORGO,M02,Session1,0059,AAI pairing,missing_ema
TORGO,M02,Session1,0060,AAI pairing,missing_ema
TORGO,M02,Session1,0061,AAI pairing,missing_ema
TORGO,M02,Session1,0062,AAI pairing,missing_ema
TORGO,M02,Session1,0063,AAI pairing,missing_ema
TORGO,M02,Session1,0064,AAI pairing,missing_ema
TORGO,M02,Session1,0065,AAI pairing,missing_ema
TORGO,M02,Session1,0066,AAI pairing,missing_ema
TORGO,M02,Session1,0067,AAI pairing,missing_ema
TORGO,M02,Session1,0068,AAI pairing,missing_ema
TORGO,M02,Session1,0069,AAI pairing,missing_ema
TORGO,M02,Session1,0070,AAI pairing,missing_ema
TORGO,M02,Session1,0071,AAI pairing,missing_ema
TORGO,M02,Session1,0072,AAI pairing,missing_ema
TORGO,M02,Session1,0073,AAI pairing,missing_ema
TORGO,M02,Session1,0074,AAI pairing,missing_ema
TORGO,M02,Session1,0075,AAI pairing,missing_ema
TORGO,M02,Session1,0076,AAI pairing,missing_ema
TORGO,M02,Session1,0077,AAI pairing,missing_ema
TORGO,M02,Session1,0078,AAI pairing,missing_ema
TORGO,M02,Session1,0079,AAI pairing,missing_ema
TORGO,M02,Session1,0080,AAI pairing,missing_ema
TORGO,M02,Session1,0081,AAI pairing,missing_ema
TORGO,M02,Session1,0082,ASR scoring,unusable_prompt
TORGO,M02,Session1,0082,AAI pairing,missing_ema
TORGO,M02,Session1,0083,AAI pairing,missing_ema
TORGO,M02,Session1,0084,AAI pairing,missing_ema
TORGO,M02,Session1,0085,AAI pairing,missing_ema
TORGO,M02,Session1,0086,AAI pairing,missing_ema
TORGO,M02,Session1,0087,AAI pairing,missing_ema
TORGO,M02,Session1,0088,AAI pairing,missing_ema
TORGO,M02,Session1,0089,AAI pairing,missing_ema
TORGO,M02,Session1,0090,AAI pairing,missing_ema
TORGO,M02,Session1,0091,AAI pairing,missing_ema
TORGO,M02,Session1,0092,AAI pairing,missing_ema
TORGO,M02,Session1,0093,AAI pairing,missing_ema
TORGO,M02,Session1,0094,AAI pairing,missing_ema
TORGO,M02,Session1,0095,AAI pairing,missing_ema
TORGO,M02,Session1,0096,AAI pairing,missing_ema
TORGO,M02,Session1,0097,AAI pairing,missing_ema
TORGO,M02,Session1,0098,AAI pairing,missing_ema
TORGO,M02,Session1,0099,AAI pairing,missing_ema
TORGO,M02,Session1,0100,AAI pairing,missing_ema
TORGO,M02,Session1,0101,AAI pairing,missing_ema
TORGO,M02,Session1,0102,AAI pairing,missing_ema
TORGO,M02,Session1,0103,AAI pairing,missing_ema
TORGO,M02,Session1,0104,AAI pairing,missing_ema
TORGO,M02,Session1,0105,AAI pairing,missing_ema
TORGO,M02,Session1,0106,AAI pairing,missing_ema
TORGO,M02,Session1,0107,AAI pairing,missing_ema
TORGO,M02,Session1,0108,AAI pairing,missing_ema
TORGO,M02,Session1,0109,AAI pairing,missing_ema
TORGO,M02,Session1,0110,AAI pairing,missing_ema
TORGO,M02,Session1,0111,AAI pairing,missing_ema
TORGO,M02,Session1,0112,AAI pairing,missing_ema
TORGO,M02,Session1,0113,AAI pairing,missing_ema
TORGO,M02,Session1,0114,AAI pairing,missing_ema
TORGO,M02,Session1,0115,AAI pairing,missing_ema
TORGO,M02,Session1,0116,AAI pairing,missing_ema
TORGO,M02,Session1,0117,AAI pairing,missing_ema
TORGO,M02,Session1,0118,AAI pairing,missing_ema
TORGO,M02,Session1,0119,AAI pairing,missing_ema
TORGO,M02,Session1,0120,AAI pairing,missing_ema
TORGO,M02,Session1,0121,AAI pairing,missing_ema
TORGO,M02,Session1,0122,AAI pairing,missing_ema
TORGO,M02,Session1,0123,AAI pairing,missing_ema
TORGO,M02,Session1,0124,AAI pairing,missing_ema
TORGO,M02,Session1,0125,AAI pairing,missing_ema
TORGO,M02,Session1,0126,AAI pairing,missing_ema
TORGO,M02,Session1,0127,AAI pairing,missing_ema
TORGO,M02,Session1,0128,AAI pairing,missing_ema
TORGO,M02,Session1,0129,AAI pairing,missing_ema
TORGO,M02,Session1,0130,AAI pairing,missing_ema
TORGO,M02,Session1,0131,AAI pairing,missing_ema
TORGO,M02,Session1,0132,AAI pairing,missing_ema
TORGO,M02,Session1,0133,AAI pairing,missing_ema
TORGO,M02,Session1,0134,AAI pairing,missing_ema
TORGO,M02,Session1,0135,AAI pairing,missing_ema
TORGO,M02,Session1,0136,AAI pairing,missing_ema
TORGO,M02,Session1,0137,AAI pairing,missing_ema
TORGO,M02,Session1,0138,AAI pairing,missing_ema
TORGO,M02,Session1,0139,AAI pairing,missing_ema
TORGO,M02,Session1,0140,AAI pairing,missing_ema
TORGO,M02,Session1,0141,AAI pairing,missing_ema
TORGO,M02,Session1,0142,AAI pairing,missing_ema
TORGO,M02,Session1,0143,AAI pairing,missing_ema
TORGO,M02,Session1,0144,AAI pairing,missing_ema
TORGO,M02,Session1,0145,AAI pairing,missing_ema
TORGO,M02,Session1,0146,AAI pairing,missing_ema
TORGO,M02,Session1,0147,AAI pairing,missing_ema
TORGO,M02,Session1,0148,AAI pairing,missing_ema
TORGO,M02,Session1,0149,AAI pairing,missing_ema
TORGO,M02,Session1,0150,AAI pairing,missing_ema
TORGO,M02,Session1,0151,AAI pairing,missing_ema
TORGO,M02,Session1,0152,AAI pairing,missing_ema
TORGO,M02,Session1,0153,ASR scoring,unusable_prompt
TORGO,M02,Session1,0153,AAI pairing,missing_ema
TORGO,M02,Session1,0154,AAI pairing,missing_ema
TORGO,M02,Session1,0155,AAI pairing,missing_ema
TORGO,M02,Session1,0156,AAI pairing,missing_ema
TORGO,M02,Session1,0157,AAI pairing,missing_ema
TORGO,M02,Session1,0158,AAI pairing,missing_ema
TORGO,M02,Session1,0159,AAI pairing,missing_ema
TORGO,M02,Session1,0160,AAI pairing,missing_ema
TORGO,M02,Session1,0161,AAI pairing,missing_ema
TORGO,M02,Session1,0162,AAI pairing,missing_ema
TORGO,M02,Session1,0163,AAI pairing,missing_ema
TORGO,M02,Session1,0164,AAI pairing,missing_ema
TORGO,M02,Session1,0165,AAI pairing,missing_ema
TORGO,M02,Session1,0166,AAI pairing,missing_ema
TORGO,M02,Session1,0167,AAI pairing,missing_ema
TORGO,M02,Session1,0168,AAI pairing,missing_ema
TORGO,M02,Session1,0169,AAI pairing,missing_ema
TORGO,M02,Session1,0170,AAI pairing,missing_ema
TORGO,M02,Session1,0171,AAI pairing,missing_ema
TORGO,M02,Session1,0172,AAI pairing,missing_ema
TORGO,M02,Session1,0173,AAI pairing,missing_ema
TORGO,M02,Session1,0174,AAI pairing,missing_ema
TORGO,M02,Session1,0175,AAI pairing,missing_ema
TORGO,M02,Session1,0176,AAI pairing,missing_ema
TORGO,M02,Session1,0177,AAI pairing,missing_ema
TORGO,M02,Session1,0178,AAI pairing,missing_ema
TORGO,M02,Session1,0179,AAI pairing,missing_ema
TORGO,M02,Session1,0180,AAI pairing,missing_ema
TORGO,M02,Session1,0181,AAI pairing,missing_ema
TORGO,M02,Session1,0182,AAI pairing,missing_ema
TORGO,M02,Session1,0183,AAI pairing,missing_ema
TORGO,M02,Session1,0184,AAI pairing,missing_ema
TORGO,M02,Session1,0185,AAI pairing,missing_ema
TORGO,M02,Session1,0186,AAI pairing,missing_ema
TORGO,M02,Session1,0187,AAI pairing,missing_ema
TORGO,M02,Session1,0188,AAI pairing,missing_ema
TORGO,M02,Session1,0189,AAI pairing,missing_ema
TORGO,M02,Session1,0190,AAI pairing,missing_ema
TORGO,M02,Session1,0191,AAI pairing,missing_ema
TORGO,M02,Session1,0192,AAI pairing,missing_ema
TORGO,M02,Session1,0193,AAI pairing,missing_ema
TORGO,M02,Session1,0194,AAI pairing,missing_ema
TORGO,M02,Session1,0195,AAI pairing,missing_ema
TORGO,M02,Session1,0196,AAI pairing,missing_ema
TORGO,M02,Session1,0197,AAI pairing,missing_ema
TORGO,M02,Session1,0198,AAI pairing,missing_ema
TORGO,M02,Session1,0199,AAI pairing,missing_ema
TORGO,M02,Session1,0200,AAI pairing,missing_ema
TORGO,M02,Session1,0201,AAI pairing,missing_ema
TORGO,M02,Session1,0202,AAI pairing,missing_ema
TORGO,M02,Session1,0203,AAI pairing,missing_ema
TORGO,M02,Session1,0204,AAI pairing,missing_ema
TORGO,M02,Session1,0205,AAI pairing,missing_ema
TORGO,M02,Session1,0206,AAI pairing,missing_ema
TORGO,M02,Session1,0207,AAI pairing,missing_ema
TORGO,M02,Session1,0208,AAI pairing,missing_ema
TORGO,M02,Session1,0209,AAI pairing,missing_ema
TORGO,M02,Session1,0210,AAI pairing,missing_ema
TORGO,M02,Session1,0211,AAI pairing,missing_ema
TORGO,M02,Session1,0212,AAI pairing,missing_ema
TORGO,M02,Session1,0213,AAI pairing,missing_ema
TORGO,M02,Session1,0214,AAI pairing,missing_ema
TORGO,M02,Session1,0215,AAI pairing,missing_ema
TORGO,M02,Session1,0216,AAI pairing,missing_ema
TORGO,M02,Session1,0217,AAI pairing,missing_ema
TORGO,M02,Session1,0218,AAI pairing,missing_ema
TORGO,M02,Session1,0219,AAI pairing,missing_ema
TORGO,M02,Session1,0220,AAI pairing,missing_ema
TORGO,M02,Session1,0221,AAI pairing,missing_ema
TORGO,M02,Session1,0222,AAI pairing,missing_ema
TORGO,M02,Session1,0223,AAI pairing,missing_ema
TORGO,M02,Session1,0224,AAI pairing,missing_ema
TORGO,M02,Session1,0225,AAI pairing,missing_ema
TORGO,M02,Session1,0226,AAI pairing,missing_ema
TORGO,M02,Session1,0227,AAI pairing,missing_ema
TORGO,M02,Session1,0228,AAI pairing,missing_ema
TORGO,M02,Session1,0229,ASR scoring,unusable_prompt
TORGO,M02,Session1,0229,AAI pairing,missing_ema
TORGO,M02,Session1,0230,AAI pairing,missing_ema
TORGO,M02,Session1,0231,AAI pairing,missing_ema
TORGO,M02,Session1,0232,AAI pairing,missing_ema
TORGO,M02,Session1,0233,AAI pairing,missing_ema
TORGO,M02,Session1,0234,AAI pairing,missing_ema
TORGO,M02,Session1,0235,AAI pairing,missing_ema
TORGO,M02,Session1,0236,AAI pairing,missing_ema
TORGO,M02,Session1,0237,AAI pairing,missing_ema
TORGO,M02,Session1,0238,AAI pairing,missing_ema
TORGO,M02,Session1,0239,AAI pairing,missing_ema
TORGO,M02,Session1,0240,AAI pairing,missing_ema
TORGO,M02,Session2,0074,ASR scoring,unusable_prompt
TORGO,M02,Session2,0075,ASR scoring,unusable_prompt
TORGO,M02,Session2,0093,ASR scoring,unusable_prompt
TORGO,M02,Session2,0175,ASR scoring,unusable_prompt
TORGO,M02,Session2,0186,ASR scoring,unusable_prompt
TORGO,M02,Session2,0224,ASR scoring,unusable_prompt
TORGO,M02,Session2,0225,ASR scoring,unusable_prompt
TORGO,M02,Session2,0230,ASR scoring,unusable_prompt
TORGO,M03,Session2,0001,ASR scoring,unusable_prompt
TORGO,M03,Session2,0012,ASR scoring,unusable_prompt
TORGO,M03,Session2,0018,ASR scoring,unusable_prompt
TORGO,M03,Session2,0019,ASR scoring,unusable_prompt
TORGO,M03,Session2,0027,ASR scoring,unusable_prompt
TORGO,M03,Session2,0036,ASR scoring,unusable_prompt
TORGO,M03,Session2,0073,ASR scoring,unusable_prompt
TORGO,M03,Session2,0094,ASR scoring,unusable_prompt
TORGO,M03,Session2,0094.wavTMP,ASR scoring,missing_prompt
TORGO,M03,Session2,0094.wavTMP,AAI pairing,missing_ema
TORGO,M03,Session2,0183,ASR scoring,unusable_prompt
TORGO,M03,Session2,0233,ASR scoring,unusable_prompt
TORGO,M03,Session2,0262,ASR scoring,unusable_prompt
TORGO,M03,Session2,0263,ASR scoring,unusable_prompt
TORGO,M03,Session2,0274,ASR scoring,unusable_prompt
TORGO,M03,Session2,0331,ASR scoring,unusable_prompt
TORGO,M03,Session2,0366,ASR scoring,unusable_prompt
TORGO,M04,Session1,0001,ASR scoring,unusable_prompt
TORGO,M04,Session1,0001,AAI pairing,missing_ema
TORGO,M04,Session1,0002,ASR scoring,unusable_prompt
TORGO,M04,Session1,0002,AAI pairing,missing_ema
TORGO,M04,Session1,0003,ASR scoring,unusable_prompt
TORGO,M04,Session1,0003,AAI pairing,missing_ema
TORGO,M04,Session1,0004,ASR scoring,unusable_prompt
TORGO,M04,Session1,0004,AAI pairing,missing_ema
TORGO,M04,Session1,0005,AAI pairing,missing_ema
TORGO,M04,Session1,0006,AAI pairing,missing_ema
TORGO,M04,Session1,0007,AAI pairing,missing_ema
TORGO,M04,Session1,0008,ASR scoring,unusable_prompt
TORGO,M04,Session1,0008,AAI pairing,missing_ema
TORGO,M04,Session1,0009,ASR scoring,unusable_prompt
TORGO,M04,Session1,0009,AAI pairing,missing_ema
TORGO,M04,Session1,0010,AAI pairing,missing_ema
TORGO,M04,Session1,0011,AAI pairing,missing_ema
TORGO,M04,Session1,0012,AAI pairing,missing_ema
TORGO,M04,Session1,0013,AAI pairing,missing_ema
TORGO,M04,Session1,0014,AAI pairing,missing_ema
TORGO,M04,Session1,0015,AAI pairing,missing_ema
TORGO,M04,Session1,0016,AAI pairing,missing_ema
TORGO,M04,Session1,0017,AAI pairing,missing_ema
TORGO,M04,Session1,0018,AAI pairing,missing_ema
TORGO,M04,Session1,0019,AAI pairing,missing_ema
TORGO,M04,Session1,0020,AAI pairing,missing_ema
TORGO,M04,Session1,0021,AAI pairing,missing_ema
TORGO,M04,Session1,0022,AAI pairing,missing_ema
TORGO,M04,Session1,0023,ASR scoring,unusable_prompt
TORGO,M04,Session1,0023,AAI pairing,missing_ema
TORGO,M04,Session1,0024,AAI pairing,missing_ema
TORGO,M04,Session1,0025,AAI pairing,missing_ema
TORGO,M04,Session1,0026,AAI pairing,missing_ema
TORGO,M04,Session1,0027,AAI pairing,missing_ema
TORGO,M04,Session1,0028,AAI pairing,missing_ema
TORGO,M04,Session1,0029,AAI pairing,missing_ema
TORGO,M04,Session1,0030,AAI pairing,missing_ema
TORGO,M04,Session1,0031,AAI pairing,missing_ema
TORGO,M04,Session1,0032,AAI pairing,missing_ema
TORGO,M04,Session1,0033,AAI pairing,missing_ema
TORGO,M04,Session1,0034,ASR scoring,unusable_prompt
TORGO,M04,Session1,0034,AAI pairing,missing_ema
TORGO,M04,Session1,0035,AAI pairing,missing_ema
TORGO,M04,Session1,0036,AAI pairing,missing_ema
TORGO,M04,Session1,0037,AAI pairing,missing_ema
TORGO,M04,Session1,0038,AAI pairing,missing_ema
TORGO,M04,Session1,0039,AAI pairing,missing_ema
TORGO,M04,Session1,0040,AAI pairing,missing_ema
TORGO,M04,Session1,0041,ASR scoring,unusable_prompt
TORGO,M04,Session1,0041,AAI pairing,missing_ema
TORGO,M04,Session1,0042,AAI pairing,missing_ema
TORGO,M04,Session1,0043,AAI pairing,missing_ema
TORGO,M04,Session1,0044,ASR scoring,unusable_prompt
TORGO,M04,Session1,0044,AAI pairing,missing_ema
TORGO,M04,Session1,0045,AAI pairing,missing_ema
TORGO,M04,Session1,0046,AAI pairing,missing_ema
TORGO,M04,Session1,0047,AAI pairing,missing_ema
TORGO,M04,Session1,0048,AAI pairing,missing_ema
TORGO,M04,Session1,0049,AAI pairing,missing_ema
TORGO,M04,Session1,0050,AAI pairing,missing_ema
TORGO,M04,Session1,0051,AAI pairing,missing_ema
TORGO,M04,Session1,0052,AAI pairing,missing_ema
TORGO,M04,Session1,0053,AAI pairing,missing_ema
TORGO,M04,Session1,0054,AAI pairing,missing_ema
TORGO,M04,Session1,0055,AAI pairing,missing_ema
TORGO,M04,Session1,0056,AAI pairing,missing_ema
TORGO,M04,Session1,0057,AAI pairing,missing_ema
TORGO,M04,Session1,0058,AAI pairing,missing_ema
TORGO,M04,Session1,0059,AAI pairing,missing_ema
TORGO,M04,Session1,0060,AAI pairing,missing_ema
TORGO,M04,Session1,0061,AAI pairing,missing_ema
TORGO,M04,Session1,0062,AAI pairing,missing_ema
TORGO,M04,Session1,0063,AAI pairing,missing_ema
TORGO,M04,Session1,0064,AAI pairing,missing_ema
TORGO,M04,Session1,0065,ASR scoring,unusable_prompt
TORGO,M04,Session1,0065,AAI pairing,missing_ema
TORGO,M04,Session1,0066,ASR scoring,missing_valid_audio|unusable_prompt
TORGO,M04,Session1,0066,AAI pairing,missing_valid_audio|missing_ema
TORGO,M04,Session1,0067,AAI pairing,missing_ema
TORGO,M04,Session1,0068,AAI pairing,missing_ema
TORGO,M04,Session1,0069,AAI pairing,missing_ema
TORGO,M04,Session1,0070,AAI pairing,missing_ema
TORGO,M04,Session1,0071,AAI pairing,missing_ema
TORGO,M04,Session1,0072,AAI pairing,missing_ema
TORGO,M04,Session1,0073,AAI pairing,missing_ema
TORGO,M04,Session1,0074,AAI pairing,missing_ema
TORGO,M04,Session1,0075,AAI pairing,missing_ema
TORGO,M04,Session1,0076,AAI pairing,missing_ema
TORGO,M04,Session1,0077,AAI pairing,missing_ema
TORGO,M04,Session1,0078,AAI pairing,missing_ema
TORGO,M04,Session1,0079,AAI pairing,missing_ema
TORGO,M04,Session1,0080,AAI pairing,missing_ema
TORGO,M04,Session1,0081,AAI pairing,missing_ema
TORGO,M04,Session1,0082,AAI pairing,missing_ema
TORGO,M04,Session1,0083,AAI pairing,missing_ema
TORGO,M04,Session1,0084,AAI pairing,missing_ema
TORGO,M04,Session1,0085,AAI pairing,missing_ema
TORGO,M04,Session1,0086,AAI pairing,missing_ema
TORGO,M04,Session1,0087,AAI pairing,missing_ema
TORGO,M04,Session1,0088,AAI pairing,missing_ema
TORGO,M04,Session1,0089,AAI pairing,missing_ema
TORGO,M04,Session1,0090,AAI pairing,missing_ema
TORGO,M04,Session1,0091,AAI pairing,missing_ema
TORGO,M04,Session1,0092,AAI pairing,missing_ema
TORGO,M04,Session1,0093,AAI pairing,missing_ema
TORGO,M04,Session1,0094,AAI pairing,missing_ema
TORGO,M04,Session1,0095,AAI pairing,missing_ema
TORGO,M04,Session1,0096,AAI pairing,missing_ema
TORGO,M04,Session1,0097,AAI pairing,missing_ema
TORGO,M04,Session1,0098,AAI pairing,missing_ema
TORGO,M04,Session1,0099,AAI pairing,missing_ema
TORGO,M04,Session1,0100,AAI pairing,missing_ema
TORGO,M04,Session1,0101,AAI pairing,missing_ema
TORGO,M04,Session1,0102,AAI pairing,missing_ema
TORGO,M04,Session1,0103,AAI pairing,missing_ema
TORGO,M04,Session1,0104,AAI pairing,missing_ema
TORGO,M04,Session1,0105,AAI pairing,missing_ema
TORGO,M04,Session1,0106,AAI pairing,missing_ema
TORGO,M04,Session1,0107,AAI pairing,missing_ema
TORGO,M04,Session1,0108,AAI pairing,missing_ema
TORGO,M04,Session1,0109,AAI pairing,missing_ema
TORGO,M04,Session1,0110,AAI pairing,missing_ema
TORGO,M04,Session1,0111,AAI pairing,missing_ema
TORGO,M04,Session1,0112,AAI pairing,missing_ema
TORGO,M04,Session1,0113,AAI pairing,missing_ema
TORGO,M04,Session1,0114,AAI pairing,missing_ema
TORGO,M04,Session1,0115,AAI pairing,missing_ema
TORGO,M04,Session1,0116,AAI pairing,missing_ema
TORGO,M04,Session1,0117,AAI pairing,missing_ema
TORGO,M04,Session1,0118,AAI pairing,missing_ema
TORGO,M04,Session1,0119,AAI pairing,missing_ema
TORGO,M04,Session1,0120,AAI pairing,missing_ema
TORGO,M04,Session1,0121,AAI pairing,missing_ema
TORGO,M04,Session1,0122,AAI pairing,missing_ema
TORGO,M04,Session1,0123,ASR scoring,unusable_prompt
TORGO,M04,Session1,0123,AAI pairing,missing_ema
TORGO,M04,Session1,0124,AAI pairing,missing_ema
TORGO,M04,Session1,0125,AAI pairing,missing_ema
TORGO,M04,Session1,0126,AAI pairing,missing_ema
TORGO,M04,Session1,0127,AAI pairing,missing_ema
TORGO,M04,Session2,.wav,ASR scoring,missing_valid_audio|missing_prompt
TORGO,M04,Session2,.wav,AAI pairing,missing_valid_audio|missing_ema
TORGO,M04,Session2,0001,ASR scoring,unusable_prompt
TORGO,M04,Session2,0002,ASR scoring,unusable_prompt
TORGO,M04,Session2,0003,ASR scoring,unusable_prompt
TORGO,M04,Session2,0004,ASR scoring,unusable_prompt
TORGO,M04,Session2,0005,ASR scoring,unusable_prompt
TORGO,M04,Session2,0025,ASR scoring,unusable_prompt
TORGO,M04,Session2,0027,ASR scoring,unusable_prompt
TORGO,M04,Session2,0088,ASR scoring,unusable_prompt
TORGO,M04,Session2,0089,ASR scoring,unusable_prompt
TORGO,M04,Session2,0108,ASR scoring,unusable_prompt
TORGO,M04,Session2,0109,ASR scoring,unusable_prompt
TORGO,M04,Session2,0118,ASR scoring,unusable_prompt
TORGO,M04,Session2,0124,ASR scoring,unusable_prompt
TORGO,M04,Session2,0129,ASR scoring,unusable_prompt
TORGO,M04,Session2,0154,ASR scoring,unusable_prompt
TORGO,M04,Session2,0181,ASR scoring,unusable_prompt
TORGO,M04,Session2,0225,ASR scoring,unusable_prompt
TORGO,M04,Session2,0237,ASR scoring,unusable_prompt
TORGO,M04,Session2,0258,ASR scoring,unusable_prompt
TORGO,M04,Session2,0259,ASR scoring,unusable_prompt
TORGO,M04,Session2,0292,ASR scoring,unusable_prompt
TORGO,M05,Session1,0001,ASR scoring,unusable_prompt
TORGO,M05,Session1,0002,ASR scoring,unusable_prompt
TORGO,M05,Session1,0003,ASR scoring,unusable_prompt
TORGO,M05,Session1,0004,ASR scoring,unusable_prompt
TORGO,M05,Session1,0028,ASR scoring,unusable_prompt
TORGO,M05,Session1,0045,ASR scoring,unusable_prompt
TORGO,M05,Session1,0051,ASR scoring,unusable_prompt
TORGO,M05,Session1,0087,ASR scoring,unusable_prompt
TORGO,M05,Session1,0091,ASR scoring,unusable_prompt
TORGO,M05,Session1,0098,ASR scoring,unusable_prompt
TORGO,M05,Session1,0125,ASR scoring,unusable_prompt
TORGO,M05,Session2,0015,ASR scoring,unusable_prompt
TORGO,M05,Session2,0036,ASR scoring,unusable_prompt
TORGO,M05,Session2,0060,ASR scoring,unusable_prompt
TORGO,M05,Session2,0080,ASR scoring,unusable_prompt
TORGO,M05,Session2,0093,ASR scoring,unusable_prompt
TORGO,M05,Session2,0094,ASR scoring,unusable_prompt
TORGO,M05,Session2,0218,ASR scoring,unusable_prompt
TORGO,M05,Session2,0241,ASR scoring,unusable_prompt
TORGO,M05,Session2,0300,ASR scoring,unusable_prompt
TORGO,M05,Session2,0312,ASR scoring,unusable_prompt
TORGO,M05,Session2,0343,ASR scoring,unusable_prompt
TORGO,M05,Session2,0356,ASR scoring,unusable_prompt
TORGO,MC01,Session1,0001,ASR scoring,unusable_prompt
TORGO,MC01,Session1,0002,ASR scoring,unusable_prompt
TORGO,MC01,Session1,0003,ASR scoring,unusable_prompt
TORGO,MC01,Session1,0004,ASR scoring,unusable_prompt
TORGO,MC01,Session1,0027,ASR scoring,unusable_prompt
TORGO,MC01,Session1,0036,ASR scoring,unusable_prompt
TORGO,MC01,Session1,0072,ASR scoring,unusable_prompt
TORGO,MC01,Session1,0073,ASR scoring,unusable_prompt
TORGO,MC01,Session1,0086,ASR scoring,unusable_prompt
TORGO,MC01,Session1,0101,ASR scoring,unusable_prompt
TORGO,MC01,Session1,0109,ASR scoring,unusable_prompt
TORGO,MC01,Session1,0154,ASR scoring,unusable_prompt
TORGO,MC01,Session1,0178,ASR scoring,unusable_prompt
TORGO,MC01,Session1,0330,ASR scoring,missing_valid_audio|missing_prompt
TORGO,MC01,Session1,0330,AAI pairing,missing_valid_audio
TORGO,MC01,Session1,0331,ASR scoring,missing_valid_audio|missing_prompt
TORGO,MC01,Session1,0331,AAI pairing,missing_valid_audio
TORGO,MC01,Session1,0332,ASR scoring,missing_valid_audio|missing_prompt
TORGO,MC01,Session1,0332,AAI pairing,missing_valid_audio
TORGO,MC01,Session1,0333,ASR scoring,missing_valid_audio|missing_prompt
TORGO,MC01,Session1,0333,AAI pairing,missing_valid_audio
TORGO,MC01,Session2,0001,AAI pairing,missing_ema
TORGO,MC01,Session2,0002,AAI pairing,missing_ema
TORGO,MC01,Session2,0003,AAI pairing,missing_ema
TORGO,MC01,Session2,0004,AAI pairing,missing_ema
TORGO,MC01,Session2,0005,AAI pairing,missing_ema
TORGO,MC01,Session2,0006,AAI pairing,missing_ema
TORGO,MC01,Session2,0007,AAI pairing,missing_ema
TORGO,MC01,Session2,0008,AAI pairing,missing_ema
TORGO,MC01,Session2,0009,ASR scoring,missing_prompt
TORGO,MC01,Session2,0009,AAI pairing,missing_ema
TORGO,MC01,Session2,0010,AAI pairing,missing_ema
TORGO,MC01,Session2,0011,AAI pairing,missing_ema
TORGO,MC01,Session2,0012,AAI pairing,missing_ema
TORGO,MC01,Session2,0013,AAI pairing,missing_ema
TORGO,MC01,Session2,0014,AAI pairing,missing_ema
TORGO,MC01,Session2,0015,AAI pairing,missing_ema
TORGO,MC01,Session2,0016,AAI pairing,missing_ema
TORGO,MC01,Session2,0017,AAI pairing,missing_ema
TORGO,MC01,Session2,0018,AAI pairing,missing_ema
TORGO,MC01,Session2,0019,AAI pairing,missing_ema
TORGO,MC01,Session2,0020,AAI pairing,missing_ema
TORGO,MC01,Session2,0021,AAI pairing,missing_ema
TORGO,MC01,Session2,0022,ASR scoring,unusable_prompt
TORGO,MC01,Session2,0022,AAI pairing,missing_ema
TORGO,MC01,Session2,0023,AAI pairing,missing_ema
TORGO,MC01,Session2,0024,AAI pairing,missing_ema
TORGO,MC01,Session2,0025,AAI pairing,missing_ema
TORGO,MC01,Session2,0026,AAI pairing,missing_ema
TORGO,MC01,Session2,0027,AAI pairing,missing_ema
TORGO,MC01,Session2,0028,AAI pairing,missing_ema
TORGO,MC01,Session2,0029,AAI pairing,missing_ema
TORGO,MC01,Session2,0030,AAI pairing,missing_ema
TORGO,MC01,Session2,0031,AAI pairing,missing_ema
TORGO,MC01,Session2,0032,AAI pairing,missing_ema
TORGO,MC01,Session2,0033,AAI pairing,missing_ema
TORGO,MC01,Session2,0034,AAI pairing,missing_ema
TORGO,MC01,Session2,0035,AAI pairing,missing_ema
TORGO,MC01,Session2,0036,AAI pairing,missing_ema
TORGO,MC01,Session2,0037,AAI pairing,missing_ema
TORGO,MC01,Session2,0038,AAI pairing,missing_ema
TORGO,MC01,Session2,0039,AAI pairing,missing_ema
TORGO,MC01,Session2,0040,AAI pairing,missing_ema
TORGO,MC01,Session2,0041,ASR scoring,unusable_prompt
TORGO,MC01,Session2,0041,AAI pairing,missing_ema
TORGO,MC01,Session2,0042,AAI pairing,missing_ema
TORGO,MC01,Session2,0043,AAI pairing,missing_ema
TORGO,MC01,Session2,0044,AAI pairing,missing_ema
TORGO,MC01,Session2,0045,AAI pairing,missing_ema
TORGO,MC01,Session2,0046,AAI pairing,missing_ema
TORGO,MC01,Session2,0047,AAI pairing,missing_ema
TORGO,MC01,Session2,0048,AAI pairing,missing_ema
TORGO,MC01,Session2,0049,AAI pairing,missing_ema
TORGO,MC01,Session2,0050,AAI pairing,missing_ema
TORGO,MC01,Session2,0051,AAI pairing,missing_ema
TORGO,MC01,Session2,0052,AAI pairing,missing_ema
TORGO,MC01,Session2,0053,AAI pairing,missing_ema
TORGO,MC01,Session2,0054,AAI pairing,missing_ema
TORGO,MC01,Session2,0055,AAI pairing,missing_ema
TORGO,MC01,Session2,0056,AAI pairing,missing_ema
TORGO,MC01,Session2,0057,AAI pairing,missing_ema
TORGO,MC01,Session2,0058,AAI pairing,missing_ema
TORGO,MC01,Session2,0059,AAI pairing,missing_ema
TORGO,MC01,Session2,0060,AAI pairing,missing_ema
TORGO,MC01,Session2,0061,AAI pairing,missing_ema
TORGO,MC01,Session2,0062,AAI pairing,missing_ema
TORGO,MC01,Session2,0063,AAI pairing,missing_ema
TORGO,MC01,Session2,0064,AAI pairing,missing_ema
TORGO,MC01,Session2,0065,AAI pairing,missing_ema
TORGO,MC01,Session2,0066,AAI pairing,missing_ema
TORGO,MC01,Session2,0067,AAI pairing,missing_ema
TORGO,MC01,Session2,0068,AAI pairing,missing_ema
TORGO,MC01,Session2,0069,AAI pairing,missing_ema
TORGO,MC01,Session2,0070,AAI pairing,missing_ema
TORGO,MC01,Session2,0071,AAI pairing,missing_ema
TORGO,MC01,Session2,0072,AAI pairing,missing_ema
TORGO,MC01,Session2,0073,AAI pairing,missing_ema
TORGO,MC01,Session2,0074,AAI pairing,missing_ema
TORGO,MC01,Session2,0075,AAI pairing,missing_ema
TORGO,MC01,Session2,0076,AAI pairing,missing_ema
TORGO,MC01,Session2,0077,AAI pairing,missing_ema
TORGO,MC01,Session2,0078,AAI pairing,missing_ema
TORGO,MC01,Session2,0079,AAI pairing,missing_ema
TORGO,MC01,Session2,0080,AAI pairing,missing_ema
TORGO,MC01,Session2,0081,AAI pairing,missing_ema
TORGO,MC01,Session2,0082,AAI pairing,missing_ema
TORGO,MC01,Session2,0083,AAI pairing,missing_ema
TORGO,MC01,Session2,0084,AAI pairing,missing_ema
TORGO,MC01,Session2,0085,AAI pairing,missing_ema
TORGO,MC01,Session2,0086,AAI pairing,missing_ema
TORGO,MC01,Session2,0087,AAI pairing,missing_ema
TORGO,MC01,Session2,0088,AAI pairing,missing_ema
TORGO,MC01,Session2,0089,AAI pairing,missing_ema
TORGO,MC01,Session2,0090,AAI pairing,missing_ema
TORGO,MC01,Session2,0091,AAI pairing,missing_ema
TORGO,MC01,Session2,0092,AAI pairing,missing_ema
TORGO,MC01,Session2,0093,AAI pairing,missing_ema
TORGO,MC01,Session2,0094,AAI pairing,missing_ema
TORGO,MC01,Session2,0095,AAI pairing,missing_ema
TORGO,MC01,Session2,0096,AAI pairing,missing_ema
TORGO,MC01,Session2,0097,AAI pairing,missing_ema
TORGO,MC01,Session2,0098,AAI pairing,missing_ema
TORGO,MC01,Session2,0099,AAI pairing,missing_ema
TORGO,MC01,Session2,0100,AAI pairing,missing_ema
TORGO,MC01,Session2,0101,AAI pairing,missing_ema
TORGO,MC01,Session2,0102,AAI pairing,missing_ema
TORGO,MC01,Session2,0103,AAI pairing,missing_ema
TORGO,MC01,Session2,0104,AAI pairing,missing_ema
TORGO,MC01,Session2,0105,AAI pairing,missing_ema
TORGO,MC01,Session2,0106,AAI pairing,missing_ema
TORGO,MC01,Session2,0107,AAI pairing,missing_ema
TORGO,MC01,Session2,0108,AAI pairing,missing_ema
TORGO,MC01,Session2,0109,AAI pairing,missing_ema
TORGO,MC01,Session2,0110,AAI pairing,missing_ema
TORGO,MC01,Session2,0111,AAI pairing,missing_ema
TORGO,MC01,Session2,0112,AAI pairing,missing_ema
TORGO,MC01,Session2,0113,AAI pairing,missing_ema
TORGO,MC01,Session2,0114,AAI pairing,missing_ema
TORGO,MC01,Session2,0115,AAI pairing,missing_ema
TORGO,MC01,Session2,0116,AAI pairing,missing_ema
TORGO,MC01,Session2,0117,AAI pairing,missing_ema
TORGO,MC01,Session2,0118,AAI pairing,missing_ema
TORGO,MC01,Session2,0119,AAI pairing,missing_ema
TORGO,MC01,Session2,0120,AAI pairing,missing_ema
TORGO,MC01,Session2,0121,AAI pairing,missing_ema
TORGO,MC01,Session2,0122,AAI pairing,missing_ema
TORGO,MC01,Session2,0123,AAI pairing,missing_ema
TORGO,MC01,Session2,0124,AAI pairing,missing_ema
TORGO,MC01,Session2,0125,AAI pairing,missing_ema
TORGO,MC01,Session2,0126,AAI pairing,missing_ema
TORGO,MC01,Session2,0127,AAI pairing,missing_ema
TORGO,MC01,Session2,0128,AAI pairing,missing_ema
TORGO,MC01,Session2,0129,AAI pairing,missing_ema
TORGO,MC01,Session2,0130,AAI pairing,missing_ema
TORGO,MC01,Session2,0131,AAI pairing,missing_ema
TORGO,MC01,Session2,0132,AAI pairing,missing_ema
TORGO,MC01,Session2,0133,AAI pairing,missing_ema
TORGO,MC01,Session2,0134,AAI pairing,missing_ema
TORGO,MC01,Session2,0135,AAI pairing,missing_ema
TORGO,MC01,Session2,0136,AAI pairing,missing_ema
TORGO,MC01,Session2,0137,AAI pairing,missing_ema
TORGO,MC01,Session2,0138,AAI pairing,missing_ema
TORGO,MC01,Session2,0139,AAI pairing,missing_ema
TORGO,MC01,Session2,0140,AAI pairing,missing_ema
TORGO,MC01,Session2,0141,AAI pairing,missing_ema
TORGO,MC01,Session2,0143,ASR scoring,unusable_prompt
TORGO,MC01,Session2,0143,AAI pairing,missing_ema
TORGO,MC01,Session2,0144,ASR scoring,unusable_prompt
TORGO,MC01,Session2,0144,AAI pairing,missing_ema
TORGO,MC01,Session2,0145,AAI pairing,missing_ema
TORGO,MC01,Session2,0146,AAI pairing,missing_ema
TORGO,MC01,Session2,0147,AAI pairing,missing_ema
TORGO,MC01,Session2,0148,AAI pairing,missing_ema
TORGO,MC01,Session2,0149,AAI pairing,missing_ema
TORGO,MC01,Session2,0150,AAI pairing,missing_ema
TORGO,MC01,Session2,0151,AAI pairing,missing_ema
TORGO,MC01,Session2,0152,AAI pairing,missing_ema
TORGO,MC01,Session2,0153,AAI pairing,missing_ema
TORGO,MC01,Session2,0154,AAI pairing,missing_ema
TORGO,MC01,Session2,0155,AAI pairing,missing_ema
TORGO,MC01,Session2,0156,AAI pairing,missing_ema
TORGO,MC01,Session2,0157,AAI pairing,missing_ema
TORGO,MC01,Session2,0158,AAI pairing,missing_ema
TORGO,MC01,Session2,0159,AAI pairing,missing_ema
TORGO,MC01,Session2,0160,AAI pairing,missing_ema
TORGO,MC01,Session2,0161,AAI pairing,missing_ema
TORGO,MC01,Session2,0162,AAI pairing,missing_ema
TORGO,MC01,Session2,0163,AAI pairing,missing_ema
TORGO,MC01,Session2,0164,AAI pairing,missing_ema
TORGO,MC01,Session2,0165,AAI pairing,missing_ema
TORGO,MC01,Session2,0166,AAI pairing,missing_ema
TORGO,MC01,Session2,0167,AAI pairing,missing_ema
TORGO,MC01,Session2,0168,AAI pairing,missing_ema
TORGO,MC01,Session2,0169,AAI pairing,missing_ema
TORGO,MC01,Session2,0170,AAI pairing,missing_ema
TORGO,MC01,Session2,0171,AAI pairing,missing_ema
TORGO,MC01,Session2,0172,AAI pairing,missing_ema
TORGO,MC01,Session2,0173,AAI pairing,missing_ema
TORGO,MC01,Session2,0174,AAI pairing,missing_ema
TORGO,MC01,Session2,0175,ASR scoring,unusable_prompt
TORGO,MC01,Session2,0175,AAI pairing,missing_ema
TORGO,MC01,Session2,0176,AAI pairing,missing_ema
TORGO,MC01,Session2,0177,AAI pairing,missing_ema
TORGO,MC01,Session2,0178,AAI pairing,missing_ema
TORGO,MC01,Session2,0179,AAI pairing,missing_ema
TORGO,MC01,Session2,0180,AAI pairing,missing_ema
TORGO,MC01,Session2,0181,AAI pairing,missing_ema
TORGO,MC01,Session2,0182,AAI pairing,missing_ema
TORGO,MC01,Session2,0183,AAI pairing,missing_ema
TORGO,MC01,Session2,0184,AAI pairing,missing_ema
TORGO,MC01,Session2,0185,AAI pairing,missing_ema
TORGO,MC01,Session2,0186,AAI pairing,missing_ema
TORGO,MC01,Session2,0187,AAI pairing,missing_ema
TORGO,MC01,Session2,0188,AAI pairing,missing_ema
TORGO,MC01,Session2,0189,AAI pairing,missing_ema
TORGO,MC01,Session2,0190,AAI pairing,missing_ema
TORGO,MC01,Session2,0191,AAI pairing,missing_ema
TORGO,MC01,Session2,0192,AAI pairing,missing_ema
TORGO,MC01,Session2,0193,AAI pairing,missing_ema
TORGO,MC01,Session2,0194,AAI pairing,missing_ema
TORGO,MC01,Session2,0195,AAI pairing,missing_ema
TORGO,MC01,Session2,0196,AAI pairing,missing_ema
TORGO,MC01,Session2,0197,AAI pairing,missing_ema
TORGO,MC01,Session2,0198,AAI pairing,missing_ema
TORGO,MC01,Session2,0199,AAI pairing,missing_ema
TORGO,MC01,Session2,0200,AAI pairing,missing_ema
TORGO,MC01,Session2,0201,AAI pairing,missing_ema
TORGO,MC01,Session2,0202,AAI pairing,missing_ema
TORGO,MC01,Session2,0203,AAI pairing,missing_ema
TORGO,MC01,Session2,0204,AAI pairing,missing_ema
TORGO,MC01,Session2,0205,AAI pairing,missing_ema
TORGO,MC01,Session2,0206,AAI pairing,missing_ema
TORGO,MC01,Session2,0207,AAI pairing,missing_ema
TORGO,MC01,Session2,0208,AAI pairing,missing_ema
TORGO,MC01,Session2,0209,AAI pairing,missing_ema
TORGO,MC01,Session2,0210,AAI pairing,missing_ema
TORGO,MC01,Session2,0211,AAI pairing,missing_ema
TORGO,MC01,Session2,0212,AAI pairing,missing_ema
TORGO,MC01,Session2,0213,AAI pairing,missing_ema
TORGO,MC01,Session2,0214,AAI pairing,missing_ema
TORGO,MC01,Session2,0215,AAI pairing,missing_ema
TORGO,MC01,Session2,0216,AAI pairing,missing_ema
TORGO,MC01,Session2,0217,AAI pairing,missing_ema
TORGO,MC01,Session2,0218,AAI pairing,missing_ema
TORGO,MC01,Session2,0219,AAI pairing,missing_ema
TORGO,MC01,Session2,0220,AAI pairing,missing_ema
TORGO,MC01,Session2,0221,AAI pairing,missing_ema
TORGO,MC01,Session2,0222,AAI pairing,missing_ema
TORGO,MC01,Session2,0223,AAI pairing,missing_ema
TORGO,MC01,Session2,0224,AAI pairing,missing_ema
TORGO,MC01,Session2,0225,AAI pairing,missing_ema
TORGO,MC01,Session2,0226,AAI pairing,missing_ema
TORGO,MC01,Session2,0227,AAI pairing,missing_ema
TORGO,MC01,Session2,0228,AAI pairing,missing_ema
TORGO,MC01,Session2,0229,AAI pairing,missing_ema
TORGO,MC01,Session2,0230,AAI pairing,missing_ema
TORGO,MC01,Session2,0231,AAI pairing,missing_ema
TORGO,MC01,Session2,0232,AAI pairing,missing_ema
TORGO,MC01,Session2,0233,AAI pairing,missing_ema
TORGO,MC01,Session2,0234,AAI pairing,missing_ema
TORGO,MC01,Session2,0235,AAI pairing,missing_ema
TORGO,MC01,Session2,0236,AAI pairing,missing_ema
TORGO,MC01,Session2,0237,AAI pairing,missing_ema
TORGO,MC01,Session2,0238,ASR scoring,unusable_prompt
TORGO,MC01,Session2,0238,AAI pairing,missing_ema
TORGO,MC01,Session2,0239,AAI pairing,missing_ema
TORGO,MC01,Session2,0240,AAI pairing,missing_ema
TORGO,MC01,Session2,0241,AAI pairing,missing_ema
TORGO,MC01,Session2,0242,AAI pairing,missing_ema
TORGO,MC01,Session2,0243,AAI pairing,missing_ema
TORGO,MC01,Session2,0244,AAI pairing,missing_ema
TORGO,MC01,Session2,0245,AAI pairing,missing_ema
TORGO,MC01,Session2,0246,AAI pairing,missing_ema
TORGO,MC01,Session2,0247,AAI pairing,missing_ema
TORGO,MC01,Session2,0248,AAI pairing,missing_ema
TORGO,MC01,Session2,0249,AAI pairing,missing_ema
TORGO,MC01,Session2,0250,AAI pairing,missing_ema
TORGO,MC01,Session2,0251,AAI pairing,missing_ema
TORGO,MC01,Session2,0252,AAI pairing,missing_ema
TORGO,MC01,Session2,0253,AAI pairing,missing_ema
TORGO,MC01,Session2,0254,AAI pairing,missing_ema
TORGO,MC01,Session2,0255,AAI pairing,missing_ema
TORGO,MC01,Session2,0256,AAI pairing,missing_ema
TORGO,MC01,Session2,0257,AAI pairing,missing_ema
TORGO,MC01,Session2,0258,AAI pairing,missing_ema
TORGO,MC01,Session2,0259,AAI pairing,missing_ema
TORGO,MC01,Session2,0260,AAI pairing,missing_ema
TORGO,MC01,Session2,0261,AAI pairing,missing_ema
TORGO,MC01,Session2,0262,AAI pairing,missing_ema
TORGO,MC01,Session2,0263,AAI pairing,missing_ema
TORGO,MC01,Session2,0264,AAI pairing,missing_ema
TORGO,MC01,Session2,0265,AAI pairing,missing_ema
TORGO,MC01,Session2,0266,AAI pairing,missing_ema
TORGO,MC01,Session2,0267,AAI pairing,missing_ema
TORGO,MC01,Session2,0268,AAI pairing,missing_ema
TORGO,MC01,Session2,0269,AAI pairing,missing_ema
TORGO,MC01,Session2,0270,ASR scoring,unusable_prompt
TORGO,MC01,Session2,0270,AAI pairing,missing_ema
TORGO,MC01,Session2,0271,AAI pairing,missing_ema
TORGO,MC01,Session2,0272,AAI pairing,missing_ema
TORGO,MC01,Session2,0273,AAI pairing,missing_ema
TORGO,MC01,Session2,0274,AAI pairing,missing_ema
TORGO,MC01,Session2,0275,AAI pairing,missing_ema
TORGO,MC01,Session2,0276,AAI pairing,missing_ema
TORGO,MC01,Session2,0277,AAI pairing,missing_ema
TORGO,MC01,Session2,0278,AAI pairing,missing_ema
TORGO,MC01,Session2,0279,AAI pairing,missing_ema
TORGO,MC01,Session2,0280,AAI pairing,missing_ema
TORGO,MC01,Session2,0281,AAI pairing,missing_ema
TORGO,MC01,Session2,0282,AAI pairing,missing_ema
TORGO,MC01,Session2,0283,AAI pairing,missing_ema
TORGO,MC01,Session2,0284,AAI pairing,missing_ema
TORGO,MC01,Session2,0285,AAI pairing,missing_ema
TORGO,MC01,Session2,0286,AAI pairing,missing_ema
TORGO,MC01,Session2,0287,AAI pairing,missing_ema
TORGO,MC01,Session2,0288,AAI pairing,missing_ema
TORGO,MC01,Session2,0289,AAI pairing,missing_ema
TORGO,MC01,Session2,0290,AAI pairing,missing_ema
TORGO,MC01,Session2,0291,AAI pairing,missing_ema
TORGO,MC01,Session2,0292,AAI pairing,missing_ema
TORGO,MC01,Session2,0293,AAI pairing,missing_ema
TORGO,MC01,Session2,0294,AAI pairing,missing_ema
TORGO,MC01,Session2,0295,AAI pairing,missing_ema
TORGO,MC01,Session2,0296,AAI pairing,missing_ema
TORGO,MC01,Session2,0297,AAI pairing,missing_ema
TORGO,MC01,Session2,0298,AAI pairing,missing_ema
TORGO,MC01,Session2,0299,AAI pairing,missing_ema
TORGO,MC01,Session2,0300,AAI pairing,missing_ema
TORGO,MC01,Session2,0301,AAI pairing,missing_ema
TORGO,MC01,Session2,0302,AAI pairing,missing_ema
TORGO,MC01,Session2,0303,AAI pairing,missing_ema
TORGO,MC01,Session2,0304,AAI pairing,missing_ema
TORGO,MC01,Session2,0305,AAI pairing,missing_ema
TORGO,MC01,Session2,0306,AAI pairing,missing_ema
TORGO,MC01,Session2,0307,AAI pairing,missing_ema
TORGO,MC01,Session2,0308,AAI pairing,missing_ema
TORGO,MC01,Session2,0309,AAI pairing,missing_ema
TORGO,MC01,Session2,0310,AAI pairing,missing_ema
TORGO,MC01,Session2,0311,AAI pairing,missing_ema
TORGO,MC01,Session2,0312,AAI pairing,missing_ema
TORGO,MC01,Session2,0313,AAI pairing,missing_ema
TORGO,MC01,Session2,0314,AAI pairing,missing_ema
TORGO,MC01,Session2,0315,AAI pairing,missing_ema
TORGO,MC01,Session2,0316,AAI pairing,missing_ema
TORGO,MC01,Session2,0317,AAI pairing,missing_ema
TORGO,MC01,Session2,0318,AAI pairing,missing_ema
TORGO,MC01,Session2,0319,AAI pairing,missing_ema
TORGO,MC01,Session2,0320,AAI pairing,missing_ema
TORGO,MC01,Session2,0321,AAI pairing,missing_ema
TORGO,MC01,Session2,0322,AAI pairing,missing_ema
TORGO,MC01,Session2,0323,ASR scoring,unusable_prompt
TORGO,MC01,Session2,0323,AAI pairing,missing_ema
TORGO,MC01,Session2,0324,AAI pairing,missing_ema
TORGO,MC01,Session2,0325,AAI pairing,missing_ema
TORGO,MC01,Session2,0326,AAI pairing,missing_ema
TORGO,MC01,Session2,0327,AAI pairing,missing_ema
TORGO,MC01,Session2,0328,AAI pairing,missing_ema
TORGO,MC01,Session2,0329,AAI pairing,missing_ema
TORGO,MC01,Session2,0330,AAI pairing,missing_ema
TORGO,MC01,Session2,0331,AAI pairing,missing_ema
TORGO,MC01,Session2,0332,AAI pairing,missing_ema
TORGO,MC01,Session2,0333,AAI pairing,missing_ema
TORGO,MC01,Session2,0334,AAI pairing,missing_ema
TORGO,MC01,Session2,0335,AAI pairing,missing_ema
TORGO,MC01,Session2,0336,AAI pairing,missing_ema
TORGO,MC01,Session2,0337,AAI pairing,missing_ema
TORGO,MC01,Session2,0338,AAI pairing,missing_ema
TORGO,MC01,Session2,0339,AAI pairing,missing_ema
TORGO,MC01,Session2,0340,AAI pairing,missing_ema
TORGO,MC01,Session2,0341,AAI pairing,missing_ema
TORGO,MC01,Session2,0342,AAI pairing,missing_ema
TORGO,MC01,Session2,0343,AAI pairing,missing_ema
TORGO,MC01,Session2,0344,AAI pairing,missing_ema
TORGO,MC01,Session2,0345,AAI pairing,missing_ema
TORGO,MC01,Session2,0346,AAI pairing,missing_ema
TORGO,MC01,Session2,0347,AAI pairing,missing_ema
TORGO,MC01,Session2,0348,AAI pairing,missing_ema
TORGO,MC01,Session2,0349,AAI pairing,missing_ema
TORGO,MC01,Session2,0350,AAI pairing,missing_ema
TORGO,MC01,Session2,0351,AAI pairing,missing_ema
TORGO,MC01,Session2,0352,AAI pairing,missing_ema
TORGO,MC01,Session2,0353,AAI pairing,missing_ema
TORGO,MC01,Session2,0354,AAI pairing,missing_ema
TORGO,MC01,Session2,0355,AAI pairing,missing_ema
TORGO,MC01,Session2,0356,AAI pairing,missing_ema
TORGO,MC01,Session2,0357,AAI pairing,missing_ema
TORGO,MC01,Session2,0358,AAI pairing,missing_ema
TORGO,MC01,Session2,0359,AAI pairing,missing_ema
TORGO,MC01,Session2,0360,AAI pairing,missing_ema
TORGO,MC01,Session2,0361,AAI pairing,missing_ema
TORGO,MC01,Session2,0362,AAI pairing,missing_ema
TORGO,MC01,Session3,0066,ASR scoring,unusable_prompt
TORGO,MC01,Session3,0072,ASR scoring,unusable_prompt
TORGO,MC01,Session3,0082,ASR scoring,unusable_prompt
TORGO,MC01,Session3,0156,ASR scoring,unusable_prompt
TORGO,MC01,Session3,0207,ASR scoring,unusable_prompt
TORGO,MC01,Session3,0241,ASR scoring,unusable_prompt
TORGO,MC01,Session3,0279,ASR scoring,unusable_prompt
TORGO,MC01,Session3,0282,ASR scoring,unusable_prompt
TORGO,MC01,Session3,0358,ASR scoring,unusable_prompt
TORGO,MC01,Session3,0420,ASR scoring,missing_valid_audio|missing_prompt
TORGO,MC01,Session3,0420,AAI pairing,missing_valid_audio
TORGO,MC01,Session3,0421,ASR scoring,missing_valid_audio|missing_prompt
TORGO,MC01,Session3,0421,AAI pairing,missing_valid_audio
TORGO,MC02,Session1,0001,ASR scoring,unusable_prompt
TORGO,MC02,Session1,0002,ASR scoring,unusable_prompt
TORGO,MC02,Session1,0003,ASR scoring,unusable_prompt
TORGO,MC02,Session1,0004,ASR scoring,unusable_prompt
TORGO,MC02,Session1,0005,ASR scoring,unusable_prompt
TORGO,MC02,Session1,0008,ASR scoring,unusable_prompt
TORGO,MC02,Session1,0040,ASR scoring,unusable_prompt
TORGO,MC02,Session1,0045,ASR scoring,unusable_prompt
TORGO,MC02,Session1,0067,ASR scoring,unusable_prompt
TORGO,MC02,Session1,0074,ASR scoring,unusable_prompt
TORGO,MC02,Session1,0111,ASR scoring,unusable_prompt
TORGO,MC02,Session1,0138,ASR scoring,unusable_prompt
TORGO,MC02,Session1,0247,ASR scoring,unusable_prompt
TORGO,MC02,Session1,0319,ASR scoring,unusable_prompt
TORGO,MC02,Session1,0371,ASR scoring,unusable_prompt
TORGO,MC02,Session2,0001,ASR scoring,missing_valid_audio|missing_prompt
TORGO,MC02,Session2,0001,AAI pairing,missing_valid_audio
TORGO,MC02,Session2,0002,ASR scoring,missing_valid_audio|missing_prompt
TORGO,MC02,Session2,0002,AAI pairing,missing_valid_audio
TORGO,MC02,Session2,0003,ASR scoring,missing_valid_audio|missing_prompt
TORGO,MC02,Session2,0003,AAI pairing,missing_valid_audio
TORGO,MC02,Session2,0087,ASR scoring,unusable_prompt
TORGO,MC02,Session2,0115,ASR scoring,unusable_prompt
TORGO,MC02,Session2,0122,ASR scoring,unusable_prompt
TORGO,MC02,Session2,0133,ASR scoring,unusable_prompt
TORGO,MC02,Session2,0255,ASR scoring,unusable_prompt
TORGO,MC02,Session2,0284,ASR scoring,unusable_prompt
TORGO,MC02,Session2,0309,AAI pairing,missing_ema
TORGO,MC02,Session2,0310,AAI pairing,missing_ema
TORGO,MC02,Session2,0311,AAI pairing,missing_ema
TORGO,MC02,Session2,0312,AAI pairing,missing_ema
TORGO,MC02,Session2,0313,AAI pairing,missing_ema
TORGO,MC03,Session1,0001,ASR scoring,unusable_prompt
TORGO,MC03,Session1,0002,ASR scoring,unusable_prompt
TORGO,MC03,Session1,0003,ASR scoring,unusable_prompt
TORGO,MC03,Session1,0004,ASR scoring,unusable_prompt
TORGO,MC03,Session1,0005,ASR scoring,unusable_prompt
TORGO,MC03,Session1,0021,ASR scoring,unusable_prompt
TORGO,MC03,Session1,0047,ASR scoring,unusable_prompt
TORGO,MC03,Session1,0048,ASR scoring,unusable_prompt
TORGO,MC03,Session1,0061,ASR scoring,unusable_prompt
TORGO,MC03,Session1,0062,ASR scoring,unusable_prompt
TORGO,MC03,Session1,0086,ASR scoring,unusable_prompt
TORGO,MC03,Session1,0110,ASR scoring,unusable_prompt
TORGO,MC03,Session1,0113,ASR scoring,unusable_prompt
TORGO,MC03,Session1,0119,ASR scoring,unusable_prompt
TORGO,MC03,Session1,0161,ASR scoring,unusable_prompt
TORGO,MC03,Session1,0181,ASR scoring,unusable_prompt
TORGO,MC03,Session1,0182,ASR scoring,unusable_prompt
TORGO,MC03,Session1,0263,ASR scoring,unusable_prompt
TORGO,MC03,Session1,0321,ASR scoring,unusable_prompt
TORGO,MC03,Session1,0456,ASR scoring,unusable_prompt
TORGO,MC03,Session1,0472,ASR scoring,unusable_prompt
TORGO,MC03,Session1,0552,ASR scoring,unusable_prompt
TORGO,MC03,Session1,0569,ASR scoring,unusable_prompt
TORGO,MC03,Session1,0590,ASR scoring,unusable_prompt
TORGO,MC03,Session2,0001,AAI pairing,missing_ema
TORGO,MC03,Session2,0002,AAI pairing,missing_ema
TORGO,MC03,Session2,0003,AAI pairing,missing_ema
TORGO,MC03,Session2,0004,AAI pairing,missing_ema
TORGO,MC03,Session2,0005,AAI pairing,missing_ema
TORGO,MC03,Session2,0006,AAI pairing,missing_ema
TORGO,MC03,Session2,0007,AAI pairing,missing_ema
TORGO,MC03,Session2,0008,AAI pairing,missing_ema
TORGO,MC03,Session2,0009,AAI pairing,missing_ema
TORGO,MC03,Session2,0010,AAI pairing,missing_ema
TORGO,MC03,Session2,0011,AAI pairing,missing_ema
TORGO,MC03,Session2,0012,AAI pairing,missing_ema
TORGO,MC03,Session2,0013,AAI pairing,missing_ema
TORGO,MC03,Session2,0014,AAI pairing,missing_ema
TORGO,MC03,Session2,0015,AAI pairing,missing_ema
TORGO,MC03,Session2,0016,AAI pairing,missing_ema
TORGO,MC03,Session2,0017,AAI pairing,missing_ema
TORGO,MC03,Session2,0018,AAI pairing,missing_ema
TORGO,MC03,Session2,0019,AAI pairing,missing_ema
TORGO,MC03,Session2,0020,AAI pairing,missing_ema
TORGO,MC03,Session2,0021,AAI pairing,missing_ema
TORGO,MC03,Session2,0022,AAI pairing,missing_ema
TORGO,MC03,Session2,0023,AAI pairing,missing_ema
TORGO,MC03,Session2,0024,AAI pairing,missing_ema
TORGO,MC03,Session2,0025,AAI pairing,missing_ema
TORGO,MC03,Session2,0026,AAI pairing,missing_ema
TORGO,MC03,Session2,0027,AAI pairing,missing_ema
TORGO,MC03,Session2,0028,AAI pairing,missing_ema
TORGO,MC03,Session2,0029,AAI pairing,missing_ema
TORGO,MC03,Session2,0030,AAI pairing,missing_ema
TORGO,MC03,Session2,0031,AAI pairing,missing_ema
TORGO,MC03,Session2,0032,AAI pairing,missing_ema
TORGO,MC03,Session2,0033,AAI pairing,missing_ema
TORGO,MC03,Session2,0034,AAI pairing,missing_ema
TORGO,MC03,Session2,0035,AAI pairing,missing_ema
TORGO,MC03,Session2,0036,AAI pairing,missing_ema
TORGO,MC03,Session2,0037,AAI pairing,missing_ema
TORGO,MC03,Session2,0038,AAI pairing,missing_ema
TORGO,MC03,Session2,0039,AAI pairing,missing_ema
TORGO,MC03,Session2,0040,AAI pairing,missing_ema
TORGO,MC03,Session2,0041,AAI pairing,missing_ema
TORGO,MC03,Session2,0042,AAI pairing,missing_ema
TORGO,MC03,Session2,0043,AAI pairing,missing_ema
TORGO,MC03,Session2,0044,AAI pairing,missing_ema
TORGO,MC03,Session2,0045,AAI pairing,missing_ema
TORGO,MC03,Session2,0046,AAI pairing,missing_ema
TORGO,MC03,Session2,0047,AAI pairing,missing_ema
TORGO,MC03,Session2,0048,AAI pairing,missing_ema
TORGO,MC03,Session2,0049,AAI pairing,missing_ema
TORGO,MC03,Session2,0050,AAI pairing,missing_ema
TORGO,MC03,Session2,0051,AAI pairing,missing_ema
TORGO,MC03,Session2,0052,AAI pairing,missing_ema
TORGO,MC03,Session2,0053,AAI pairing,missing_ema
TORGO,MC03,Session2,0054,AAI pairing,missing_ema
TORGO,MC03,Session2,0055,AAI pairing,missing_ema
TORGO,MC03,Session2,0056,AAI pairing,missing_ema
TORGO,MC03,Session2,0057,AAI pairing,missing_ema
TORGO,MC03,Session2,0058,AAI pairing,missing_ema
TORGO,MC03,Session2,0059,AAI pairing,missing_ema
TORGO,MC03,Session2,0060,AAI pairing,missing_ema
TORGO,MC03,Session2,0061,AAI pairing,missing_ema
TORGO,MC03,Session2,0062,AAI pairing,missing_ema
TORGO,MC03,Session2,0063,AAI pairing,missing_ema
TORGO,MC03,Session2,0064,AAI pairing,missing_ema
TORGO,MC03,Session2,0065,AAI pairing,missing_ema
TORGO,MC03,Session2,0066,AAI pairing,missing_ema
TORGO,MC03,Session2,0067,AAI pairing,missing_ema
TORGO,MC03,Session2,0068,AAI pairing,missing_ema
TORGO,MC03,Session2,0069,AAI pairing,missing_ema
TORGO,MC03,Session2,0070,AAI pairing,missing_ema
TORGO,MC03,Session2,0071,AAI pairing,missing_ema
TORGO,MC03,Session2,0072,AAI pairing,missing_ema
TORGO,MC03,Session2,0073,AAI pairing,missing_ema
TORGO,MC03,Session2,0074,AAI pairing,missing_ema
TORGO,MC03,Session2,0075,AAI pairing,missing_ema
TORGO,MC03,Session2,0076,ASR scoring,unusable_prompt
TORGO,MC03,Session2,0076,AAI pairing,missing_ema
TORGO,MC03,Session2,0077,AAI pairing,missing_ema
TORGO,MC03,Session2,0078,AAI pairing,missing_ema
TORGO,MC03,Session2,0079,AAI pairing,missing_ema
TORGO,MC03,Session2,0080,AAI pairing,missing_ema
TORGO,MC03,Session2,0081,AAI pairing,missing_ema
TORGO,MC03,Session2,0082,AAI pairing,missing_ema
TORGO,MC03,Session2,0083,AAI pairing,missing_ema
TORGO,MC03,Session2,0084,AAI pairing,missing_ema
TORGO,MC03,Session2,0085,AAI pairing,missing_ema
TORGO,MC03,Session2,0086,AAI pairing,missing_ema
TORGO,MC03,Session2,0087,AAI pairing,missing_ema
TORGO,MC03,Session2,0088,AAI pairing,missing_ema
TORGO,MC03,Session2,0089,AAI pairing,missing_ema
TORGO,MC03,Session2,0090,AAI pairing,missing_ema
TORGO,MC03,Session2,0091,AAI pairing,missing_ema
TORGO,MC03,Session2,0092,AAI pairing,missing_ema
TORGO,MC03,Session2,0093,AAI pairing,missing_ema
TORGO,MC03,Session2,0094,AAI pairing,missing_ema
TORGO,MC03,Session2,0095,AAI pairing,missing_ema
TORGO,MC03,Session2,0096,AAI pairing,missing_ema
TORGO,MC03,Session2,0097,AAI pairing,missing_ema
TORGO,MC03,Session2,0098,AAI pairing,missing_ema
TORGO,MC03,Session2,0099,AAI pairing,missing_ema
TORGO,MC03,Session2,0100,AAI pairing,missing_ema
TORGO,MC03,Session2,0101,AAI pairing,missing_ema
TORGO,MC03,Session2,0102,AAI pairing,missing_ema
TORGO,MC03,Session2,0103,AAI pairing,missing_ema
TORGO,MC03,Session2,0104,AAI pairing,missing_ema
TORGO,MC03,Session2,0105,AAI pairing,missing_ema
TORGO,MC03,Session2,0106,AAI pairing,missing_ema
TORGO,MC03,Session2,0107,AAI pairing,missing_ema
TORGO,MC03,Session2,0108,AAI pairing,missing_ema
TORGO,MC03,Session2,0109,AAI pairing,missing_ema
TORGO,MC03,Session2,0110,AAI pairing,missing_ema
TORGO,MC03,Session2,0111,AAI pairing,missing_ema
TORGO,MC03,Session2,0112,AAI pairing,missing_ema
TORGO,MC03,Session2,0113,AAI pairing,missing_ema
TORGO,MC03,Session2,0114,AAI pairing,missing_ema
TORGO,MC03,Session2,0115,AAI pairing,missing_ema
TORGO,MC03,Session2,0116,AAI pairing,missing_ema
TORGO,MC03,Session2,0117,AAI pairing,missing_ema
TORGO,MC03,Session2,0118,AAI pairing,missing_ema
TORGO,MC03,Session2,0119,AAI pairing,missing_ema
TORGO,MC03,Session2,0120,AAI pairing,missing_ema
TORGO,MC03,Session2,0121,AAI pairing,missing_ema
TORGO,MC03,Session2,0122,AAI pairing,missing_ema
TORGO,MC03,Session2,0123,AAI pairing,missing_ema
TORGO,MC03,Session2,0124,AAI pairing,missing_ema
TORGO,MC03,Session2,0125,AAI pairing,missing_ema
TORGO,MC03,Session2,0126,AAI pairing,missing_ema
TORGO,MC03,Session2,0127,AAI pairing,missing_ema
TORGO,MC03,Session2,0128,AAI pairing,missing_ema
TORGO,MC03,Session2,0129,AAI pairing,missing_ema
TORGO,MC03,Session2,0130,AAI pairing,missing_ema
TORGO,MC03,Session2,0131,AAI pairing,missing_ema
TORGO,MC03,Session2,0132,AAI pairing,missing_ema
TORGO,MC03,Session2,0133,AAI pairing,missing_ema
TORGO,MC03,Session2,0134,AAI pairing,missing_ema
TORGO,MC03,Session2,0135,AAI pairing,missing_ema
TORGO,MC03,Session2,0136,AAI pairing,missing_ema
TORGO,MC03,Session2,0137,AAI pairing,missing_ema
TORGO,MC03,Session2,0138,AAI pairing,missing_ema
TORGO,MC03,Session2,0139,AAI pairing,missing_ema
TORGO,MC03,Session2,0140,AAI pairing,missing_ema
TORGO,MC03,Session2,0141,AAI pairing,missing_ema
TORGO,MC03,Session2,0142,AAI pairing,missing_ema
TORGO,MC03,Session2,0143,AAI pairing,missing_ema
TORGO,MC03,Session2,0144,AAI pairing,missing_ema
TORGO,MC03,Session2,0145,AAI pairing,missing_ema
TORGO,MC03,Session2,0146,AAI pairing,missing_ema
TORGO,MC03,Session2,0147,AAI pairing,missing_ema
TORGO,MC03,Session2,0148,AAI pairing,missing_ema
TORGO,MC03,Session2,0149,AAI pairing,missing_ema
TORGO,MC03,Session2,0150,AAI pairing,missing_ema
TORGO,MC03,Session2,0151,AAI pairing,missing_ema
TORGO,MC03,Session2,0152,AAI pairing,missing_ema
TORGO,MC03,Session2,0153,AAI pairing,missing_ema
TORGO,MC03,Session2,0154,AAI pairing,missing_ema
TORGO,MC03,Session2,0155,AAI pairing,missing_ema
TORGO,MC03,Session2,0156,AAI pairing,missing_ema
TORGO,MC03,Session2,0157,AAI pairing,missing_ema
TORGO,MC03,Session2,0158,AAI pairing,missing_ema
TORGO,MC03,Session2,0159,AAI pairing,missing_ema
TORGO,MC03,Session2,0160,AAI pairing,missing_ema
TORGO,MC03,Session2,0161,AAI pairing,missing_ema
TORGO,MC03,Session2,0162,AAI pairing,missing_ema
TORGO,MC03,Session2,0163,AAI pairing,missing_ema
TORGO,MC03,Session2,0164,AAI pairing,missing_ema
TORGO,MC03,Session2,0165,ASR scoring,unusable_prompt
TORGO,MC03,Session2,0165,AAI pairing,missing_ema
TORGO,MC03,Session2,0166,ASR scoring,unusable_prompt
TORGO,MC03,Session2,0166,AAI pairing,missing_ema
TORGO,MC03,Session2,0167,AAI pairing,missing_ema
TORGO,MC03,Session2,0168,AAI pairing,missing_ema
TORGO,MC03,Session2,0169,AAI pairing,missing_ema
TORGO,MC03,Session2,0170,AAI pairing,missing_ema
TORGO,MC03,Session2,0171,AAI pairing,missing_ema
TORGO,MC03,Session2,0172,AAI pairing,missing_ema
TORGO,MC03,Session2,0173,AAI pairing,missing_ema
TORGO,MC03,Session2,0174,AAI pairing,missing_ema
TORGO,MC03,Session2,0175,AAI pairing,missing_ema
TORGO,MC03,Session2,0176,AAI pairing,missing_ema
TORGO,MC03,Session2,0177,AAI pairing,missing_ema
TORGO,MC03,Session2,0178,AAI pairing,missing_ema
TORGO,MC03,Session2,0179,AAI pairing,missing_ema
TORGO,MC03,Session2,0180,AAI pairing,missing_ema
TORGO,MC03,Session2,0181,AAI pairing,missing_ema
TORGO,MC03,Session2,0182,AAI pairing,missing_ema
TORGO,MC03,Session2,0183,AAI pairing,missing_ema
TORGO,MC03,Session2,0184,AAI pairing,missing_ema
TORGO,MC03,Session2,0185,AAI pairing,missing_ema
TORGO,MC03,Session2,0186,AAI pairing,missing_ema
TORGO,MC03,Session2,0187,AAI pairing,missing_ema
TORGO,MC03,Session2,0188,AAI pairing,missing_ema
TORGO,MC03,Session2,0189,ASR scoring,unusable_prompt
TORGO,MC03,Session2,0189,AAI pairing,missing_ema
TORGO,MC03,Session2,0190,AAI pairing,missing_ema
TORGO,MC03,Session2,0191,AAI pairing,missing_ema
TORGO,MC03,Session2,0192,AAI pairing,missing_ema
TORGO,MC03,Session2,0193,AAI pairing,missing_ema
TORGO,MC03,Session2,0194,AAI pairing,missing_ema
TORGO,MC03,Session2,0195,AAI pairing,missing_ema
TORGO,MC03,Session2,0196,AAI pairing,missing_ema
TORGO,MC03,Session2,0197,AAI pairing,missing_ema
TORGO,MC03,Session2,0198,AAI pairing,missing_ema
TORGO,MC03,Session2,0199,AAI pairing,missing_ema
TORGO,MC03,Session2,0200,AAI pairing,missing_ema
TORGO,MC03,Session2,0201,AAI pairing,missing_ema
TORGO,MC03,Session2,0202,AAI pairing,missing_ema
TORGO,MC03,Session2,0203,AAI pairing,missing_ema
TORGO,MC03,Session2,0204,AAI pairing,missing_ema
TORGO,MC03,Session2,0205,AAI pairing,missing_ema
TORGO,MC03,Session2,0206,AAI pairing,missing_ema
TORGO,MC03,Session2,0207,AAI pairing,missing_ema
TORGO,MC03,Session2,0208,AAI pairing,missing_ema
TORGO,MC03,Session2,0209,AAI pairing,missing_ema
TORGO,MC03,Session2,0210,AAI pairing,missing_ema
TORGO,MC03,Session2,0211,AAI pairing,missing_ema
TORGO,MC03,Session2,0212,AAI pairing,missing_ema
TORGO,MC03,Session2,0213,AAI pairing,missing_ema
TORGO,MC03,Session2,0214,AAI pairing,missing_ema
TORGO,MC03,Session2,0215,AAI pairing,missing_ema
TORGO,MC03,Session2,0216,AAI pairing,missing_ema
TORGO,MC03,Session2,0217,AAI pairing,missing_ema
TORGO,MC03,Session2,0218,AAI pairing,missing_ema
TORGO,MC03,Session2,0219,AAI pairing,missing_ema
TORGO,MC03,Session2,0220,AAI pairing,missing_ema
TORGO,MC03,Session2,0221,ASR scoring,unusable_prompt
TORGO,MC03,Session2,0221,AAI pairing,missing_ema
TORGO,MC03,Session2,0222,AAI pairing,missing_ema
TORGO,MC03,Session2,0223,AAI pairing,missing_ema
TORGO,MC03,Session2,0224,AAI pairing,missing_ema
TORGO,MC03,Session2,0225,AAI pairing,missing_ema
TORGO,MC03,Session2,0226,AAI pairing,missing_ema
TORGO,MC03,Session2,0227,AAI pairing,missing_ema
TORGO,MC03,Session2,0228,AAI pairing,missing_ema
TORGO,MC03,Session2,0229,AAI pairing,missing_ema
TORGO,MC03,Session2,0230,AAI pairing,missing_ema
TORGO,MC03,Session2,0231,AAI pairing,missing_ema
TORGO,MC03,Session2,0232,AAI pairing,missing_ema
TORGO,MC03,Session2,0233,AAI pairing,missing_ema
TORGO,MC03,Session2,0234,AAI pairing,missing_ema
TORGO,MC03,Session2,0235,AAI pairing,missing_ema
TORGO,MC03,Session2,0236,AAI pairing,missing_ema
TORGO,MC03,Session2,0237,AAI pairing,missing_ema
TORGO,MC03,Session2,0238,AAI pairing,missing_ema
TORGO,MC03,Session2,0239,AAI pairing,missing_ema
TORGO,MC03,Session2,0240,AAI pairing,missing_ema
TORGO,MC03,Session2,0241,AAI pairing,missing_ema
TORGO,MC03,Session2,0242,AAI pairing,missing_ema
TORGO,MC03,Session2,0243,ASR scoring,unusable_prompt
TORGO,MC03,Session2,0243,AAI pairing,missing_ema
TORGO,MC03,Session2,0244,AAI pairing,missing_ema
TORGO,MC03,Session2,0245,AAI pairing,missing_ema
TORGO,MC03,Session2,0246,AAI pairing,missing_ema
TORGO,MC03,Session2,0247,AAI pairing,missing_ema
TORGO,MC03,Session2,0248,AAI pairing,missing_ema
TORGO,MC03,Session2,0249,AAI pairing,missing_ema
TORGO,MC03,Session2,0250,AAI pairing,missing_ema
TORGO,MC03,Session2,0251,AAI pairing,missing_ema
TORGO,MC03,Session2,0252,AAI pairing,missing_ema
TORGO,MC03,Session2,0253,AAI pairing,missing_ema
TORGO,MC03,Session2,0254,AAI pairing,missing_ema
TORGO,MC03,Session2,0255,AAI pairing,missing_ema
TORGO,MC03,Session2,0256,AAI pairing,missing_ema
TORGO,MC03,Session2,0257,AAI pairing,missing_ema
TORGO,MC03,Session2,0258,AAI pairing,missing_ema
TORGO,MC03,Session2,0259,AAI pairing,missing_ema
TORGO,MC03,Session2,0260,AAI pairing,missing_ema
TORGO,MC03,Session2,0261,AAI pairing,missing_ema
TORGO,MC03,Session2,0262,AAI pairing,missing_ema
TORGO,MC03,Session2,0263,AAI pairing,missing_ema
TORGO,MC03,Session2,0264,AAI pairing,missing_ema
TORGO,MC03,Session2,0265,AAI pairing,missing_ema
TORGO,MC03,Session2,0266,AAI pairing,missing_ema
TORGO,MC03,Session2,0267,AAI pairing,missing_ema
TORGO,MC03,Session2,0268,AAI pairing,missing_ema
TORGO,MC03,Session2,0269,AAI pairing,missing_ema
TORGO,MC03,Session2,0270,AAI pairing,missing_ema
TORGO,MC03,Session2,0271,AAI pairing,missing_ema
TORGO,MC03,Session2,0272,AAI pairing,missing_ema
TORGO,MC03,Session2,0273,AAI pairing,missing_ema
TORGO,MC03,Session2,0274,AAI pairing,missing_ema
TORGO,MC03,Session2,0275,AAI pairing,missing_ema
TORGO,MC03,Session2,0276,AAI pairing,missing_ema
TORGO,MC03,Session2,0277,AAI pairing,missing_ema
TORGO,MC03,Session2,0278,AAI pairing,missing_ema
TORGO,MC03,Session2,0279,AAI pairing,missing_ema
TORGO,MC03,Session2,0280,AAI pairing,missing_ema
TORGO,MC03,Session2,0281,AAI pairing,missing_ema
TORGO,MC03,Session2,0282,AAI pairing,missing_ema
TORGO,MC03,Session2,0283,AAI pairing,missing_ema
TORGO,MC03,Session2,0284,AAI pairing,missing_ema
TORGO,MC03,Session2,0285,AAI pairing,missing_ema
TORGO,MC03,Session2,0286,AAI pairing,missing_ema
TORGO,MC03,Session2,0287,AAI pairing,missing_ema
TORGO,MC03,Session2,0288,AAI pairing,missing_ema
TORGO,MC03,Session2,0289,AAI pairing,missing_ema
TORGO,MC03,Session2,0290,AAI pairing,missing_ema
TORGO,MC03,Session2,0291,AAI pairing,missing_ema
TORGO,MC03,Session2,0292,AAI pairing,missing_ema
TORGO,MC03,Session2,0293,AAI pairing,missing_ema
TORGO,MC03,Session2,0294,AAI pairing,missing_ema
TORGO,MC03,Session2,0295,AAI pairing,missing_ema
TORGO,MC03,Session2,0296,AAI pairing,missing_ema
TORGO,MC03,Session2,0297,AAI pairing,missing_ema
TORGO,MC03,Session2,0298,AAI pairing,missing_ema
TORGO,MC03,Session2,0299,AAI pairing,missing_ema
TORGO,MC03,Session2,0300,AAI pairing,missing_ema
TORGO,MC04,Session1,0001,ASR scoring,unusable_prompt
TORGO,MC04,Session1,0002,ASR scoring,unusable_prompt
TORGO,MC04,Session1,0003,ASR scoring,unusable_prompt
TORGO,MC04,Session1,0004,ASR scoring,unusable_prompt
TORGO,MC04,Session1,0009,ASR scoring,unusable_prompt
TORGO,MC04,Session1,0050,ASR scoring,unusable_prompt
TORGO,MC04,Session1,0061,ASR scoring,unusable_prompt
TORGO,MC04,Session1,0108,ASR scoring,unusable_prompt
TORGO,MC04,Session1,0115,ASR scoring,unusable_prompt
TORGO,MC04,Session1,0117,ASR scoring,unusable_prompt
TORGO,MC04,Session1,0119,ASR scoring,unusable_prompt
TORGO,MC04,Session1,0132,ASR scoring,unusable_prompt
TORGO,MC04,Session1,0188,ASR scoring,unusable_prompt
TORGO,MC04,Session1,0189,ASR scoring,unusable_prompt
TORGO,MC04,Session1,0210,ASR scoring,unusable_prompt
TORGO,MC04,Session1,0219,ASR scoring,unusable_prompt
TORGO,MC04,Session1,0288,ASR scoring,unusable_prompt
TORGO,MC04,Session1,0289,ASR scoring,unusable_prompt
TORGO,MC04,Session1,0311,ASR scoring,unusable_prompt
TORGO,MC04,Session1,0380,ASR scoring,unusable_prompt
TORGO,MC04,Session1,0478,ASR scoring,unusable_prompt
TORGO,MC04,Session1,0507,ASR scoring,unusable_prompt
TORGO,MC04,Session1,0515,ASR scoring,unusable_prompt
TORGO,MC04,Session1,0523,ASR scoring,unusable_prompt
TORGO,MC04,Session1,0646,ASR scoring,unusable_prompt
TORGO,MC04,Session1,0655,ASR scoring,missing_valid_audio
TORGO,MC04,Session1,0655,AAI pairing,missing_valid_audio
TORGO,MC04,Session1,0656,ASR scoring,missing_valid_audio
TORGO,MC04,Session1,0656,AAI pairing,missing_valid_audio
TORGO,MC04,Session2,0655,AAI pairing,missing_ema
TORGO,MC04,Session2,0656,AAI pairing,missing_ema
TORGO,MC04,Session2,0657,AAI pairing,missing_ema
TORGO,MC04,Session2,0658,AAI pairing,missing_ema
TORGO,MC04,Session2,0659,AAI pairing,missing_ema
TORGO,MC04,Session2,0660,AAI pairing,missing_ema
TORGO,MC04,Session2,0661,AAI pairing,missing_ema
TORGO,MC04,Session2,0662,AAI pairing,missing_ema
TORGO,MC04,Session2,0663,AAI pairing,missing_ema
TORGO,MC04,Session2,0664,AAI pairing,missing_ema
TORGO,MC04,Session2,0665,AAI pairing,missing_ema
TORGO,MC04,Session2,0666,AAI pairing,missing_ema
TORGO,MC04,Session2,0667,AAI pairing,missing_ema
TORGO,MC04,Session2,0668,AAI pairing,missing_ema
TORGO,MC04,Session2,0669,AAI pairing,missing_ema
TORGO,MC04,Session2,0670,AAI pairing,missing_ema
TORGO,MC04,Session2,0671,AAI pairing,missing_ema
TORGO,MC04,Session2,0672,AAI pairing,missing_ema
TORGO,MC04,Session2,0673,AAI pairing,missing_ema
TORGO,MC04,Session2,0674,AAI pairing,missing_ema
TORGO,MC04,Session2,0675,AAI pairing,missing_ema
TORGO,MC04,Session2,0676,AAI pairing,missing_ema
TORGO,MC04,Session2,0677,AAI pairing,missing_ema
TORGO,MC04,Session2,0678,AAI pairing,missing_ema
TORGO,MC04,Session2,0679,AAI pairing,missing_ema
TORGO,MC04,Session2,0680,AAI pairing,missing_ema
TORGO,MC04,Session2,0681,AAI pairing,missing_ema
TORGO,MC04,Session2,0682,AAI pairing,missing_ema
TORGO,MC04,Session2,0683,AAI pairing,missing_ema
TORGO,MC04,Session2,0684,AAI pairing,missing_ema
TORGO,MC04,Session2,0685,AAI pairing,missing_ema
TORGO,MC04,Session2,0686,AAI pairing,missing_ema
TORGO,MC04,Session2,0687,AAI pairing,missing_ema
TORGO,MC04,Session2,0688,AAI pairing,missing_ema
TORGO,MC04,Session2,0689,AAI pairing,missing_ema
TORGO,MC04,Session2,0690,AAI pairing,missing_ema
TORGO,MC04,Session2,0691,AAI pairing,missing_ema
TORGO,MC04,Session2,0692,AAI pairing,missing_ema
TORGO,MC04,Session2,0693,ASR scoring,unusable_prompt
TORGO,MC04,Session2,0693,AAI pairing,missing_ema
TORGO,MC04,Session2,0694,AAI pairing,missing_ema
TORGO,MC04,Session2,0695,AAI pairing,missing_ema
TORGO,MC04,Session2,0696,AAI pairing,missing_ema
TORGO,MC04,Session2,0697,AAI pairing,missing_ema
TORGO,MC04,Session2,0698,AAI pairing,missing_ema
TORGO,MC04,Session2,0699,AAI pairing,missing_ema
TORGO,MC04,Session2,0700,AAI pairing,missing_ema
TORGO,MC04,Session2,0701,AAI pairing,missing_ema
TORGO,MC04,Session2,0702,AAI pairing,missing_ema
TORGO,MC04,Session2,0703,AAI pairing,missing_ema
TORGO,MC04,Session2,0704,AAI pairing,missing_ema
TORGO,MC04,Session2,0705,AAI pairing,missing_ema
TORGO,MC04,Session2,0706,AAI pairing,missing_ema
TORGO,MC04,Session2,0707,AAI pairing,missing_ema
TORGO,MC04,Session2,0708,AAI pairing,missing_ema
TORGO,MC04,Session2,0709,AAI pairing,missing_ema
TORGO,MC04,Session2,0710,AAI pairing,missing_ema
TORGO,MC04,Session2,0711,AAI pairing,missing_ema
TORGO,MC04,Session2,0712,AAI pairing,missing_ema
TORGO,MC04,Session2,0713,AAI pairing,missing_ema
TORGO,MC04,Session2,0714,AAI pairing,missing_ema
TORGO,MC04,Session2,0715,AAI pairing,missing_ema
TORGO,MC04,Session2,0716,AAI pairing,missing_ema
TORGO,MC04,Session2,0717,AAI pairing,missing_ema
TORGO,MC04,Session2,0718,AAI pairing,missing_ema
TORGO,MC04,Session2,0719,AAI pairing,missing_ema
TORGO,MC04,Session2,0720,AAI pairing,missing_ema
TORGO,MC04,Session2,0721,ASR scoring,unusable_prompt
TORGO,MC04,Session2,0721,AAI pairing,missing_ema
TORGO,MC04,Session2,0722,AAI pairing,missing_ema
TORGO,MC04,Session2,0723,AAI pairing,missing_ema
TORGO,MC04,Session2,0724,AAI pairing,missing_ema
TORGO,MC04,Session2,0725,AAI pairing,missing_ema
TORGO,MC04,Session2,0726,AAI pairing,missing_ema
TORGO,MC04,Session2,0727,AAI pairing,missing_ema
TORGO,MC04,Session2,0728,AAI pairing,missing_ema
TORGO,MC04,Session2,0729,AAI pairing,missing_ema
TORGO,MC04,Session2,0730,AAI pairing,missing_ema
TORGO,MC04,Session2,0731,AAI pairing,missing_ema
TORGO,MC04,Session2,0732,AAI pairing,missing_ema
TORGO,MC04,Session2,0733,AAI pairing,missing_ema
TORGO,MC04,Session2,0734,AAI pairing,missing_ema
TORGO,MC04,Session2,0735,AAI pairing,missing_ema
TORGO,MC04,Session2,0736,AAI pairing,missing_ema
TORGO,MC04,Session2,0737,AAI pairing,missing_ema
TORGO,MC04,Session2,0738,AAI pairing,missing_ema
TORGO,MC04,Session2,0739,AAI pairing,missing_ema
TORGO,MC04,Session2,0740,ASR scoring,unusable_prompt
TORGO,MC04,Session2,0740,AAI pairing,missing_ema
TORGO,MC04,Session2,0741,AAI pairing,missing_ema
TORGO,MC04,Session2,0742,AAI pairing,missing_ema
TORGO,MC04,Session2,0743,AAI pairing,missing_ema
TORGO,MC04,Session2,0744,AAI pairing,missing_ema
TORGO,MC04,Session2,0745,AAI pairing,missing_ema
TORGO,MC04,Session2,0746,AAI pairing,missing_ema
TORGO,MC04,Session2,0747,AAI pairing,missing_ema
TORGO,MC04,Session2,0748,AAI pairing,missing_ema
TORGO,MC04,Session2,0749,AAI pairing,missing_ema
TORGO,MC04,Session2,0750,AAI pairing,missing_ema
TORGO,MC04,Session2,0751,AAI pairing,missing_ema
TORGO,MC04,Session2,0752,AAI pairing,missing_ema
TORGO,MC04,Session2,0753,AAI pairing,missing_ema
TORGO,MC04,Session2,0754,AAI pairing,missing_ema
TORGO,MC04,Session2,0755,AAI pairing,missing_ema
TORGO,MC04,Session2,0756,AAI pairing,missing_ema
TORGO,MC04,Session2,0757,AAI pairing,missing_ema
TORGO,MC04,Session2,0758,AAI pairing,missing_ema
TORGO,MC04,Session2,0759,AAI pairing,missing_ema
TORGO,MC04,Session2,0760,AAI pairing,missing_ema
TORGO,MC04,Session2,0761,AAI pairing,missing_ema
TORGO,MC04,Session2,0762,AAI pairing,missing_ema
TORGO,MC04,Session2,0763,AAI pairing,missing_ema
TORGO,MC04,Session2,0764,AAI pairing,missing_ema
TORGO,MC04,Session2,0765,AAI pairing,missing_ema
TORGO,MC04,Session2,0766,AAI pairing,missing_ema
TORGO,MC04,Session2,0767,AAI pairing,missing_ema
TORGO,MC04,Session2,0768,AAI pairing,missing_ema
TORGO,MC04,Session2,0769,AAI pairing,missing_ema
TORGO,MC04,Session2,0770,AAI pairing,missing_ema
TORGO,MC04,Session2,0771,AAI pairing,missing_ema
TORGO,MC04,Session2,0772,AAI pairing,missing_ema
TORGO,MC04,Session2,0773,AAI pairing,missing_ema
TORGO,MC04,Session2,0774,AAI pairing,missing_ema
TORGO,MC04,Session2,0775,AAI pairing,missing_ema
TORGO,MC04,Session2,0776,AAI pairing,missing_ema
TORGO,MC04,Session2,0777,AAI pairing,missing_ema
TORGO,MC04,Session2,0778,AAI pairing,missing_ema
TORGO,MC04,Session2,0779,AAI pairing,missing_ema
TORGO,MC04,Session2,0780,AAI pairing,missing_ema
TORGO,MC04,Session2,0781,AAI pairing,missing_ema
TORGO,MC04,Session2,0782,AAI pairing,missing_ema
TORGO,MC04,Session2,0783,AAI pairing,missing_ema
TORGO,MC04,Session2,0784,AAI pairing,missing_ema
TORGO,MC04,Session2,0785,AAI pairing,missing_ema
TORGO,MC04,Session2,0786,AAI pairing,missing_ema
TORGO,MC04,Session2,0787,AAI pairing,missing_ema
TORGO,MC04,Session2,0788,AAI pairing,missing_ema
TORGO,MC04,Session2,0789,AAI pairing,missing_ema
TORGO,MC04,Session2,0790,AAI pairing,missing_ema
TORGO,MC04,Session2,0791,AAI pairing,missing_ema
TORGO,MC04,Session2,0792,AAI pairing,missing_ema
TORGO,MC04,Session2,0793,AAI pairing,missing_ema
TORGO,MC04,Session2,0794,AAI pairing,missing_ema
TORGO,MC04,Session2,0795,ASR scoring,unusable_prompt
TORGO,MC04,Session2,0795,AAI pairing,missing_ema
TORGO,MC04,Session2,0796,AAI pairing,missing_ema
TORGO,MC04,Session2,0797,AAI pairing,missing_ema
TORGO,MC04,Session2,0798,AAI pairing,missing_ema
TORGO,MC04,Session2,0799,AAI pairing,missing_ema
TORGO,MC04,Session2,0800,AAI pairing,missing_ema
TORGO,MC04,Session2,0801,AAI pairing,missing_ema
TORGO,MC04,Session2,0802,AAI pairing,missing_ema
TORGO,MC04,Session2,0803,AAI pairing,missing_ema
TORGO,MC04,Session2,0804,AAI pairing,missing_ema
TORGO,MC04,Session2,0805,AAI pairing,missing_ema
TORGO,MC04,Session2,0806,AAI pairing,missing_ema
TORGO,MC04,Session2,0807,AAI pairing,missing_ema
TORGO,MC04,Session2,0808,AAI pairing,missing_ema
TORGO,MC04,Session2,0809,AAI pairing,missing_ema
TORGO,MC04,Session2,0810,AAI pairing,missing_ema
TORGO,MC04,Session2,0811,AAI pairing,missing_ema
TORGO,MC04,Session2,0812,AAI pairing,missing_ema
TORGO,MC04,Session2,0813,AAI pairing,missing_ema
TORGO,MC04,Session2,0814,AAI pairing,missing_ema
TORGO,MC04,Session2,0815,AAI pairing,missing_ema
TORGO,MC04,Session2,0816,AAI pairing,missing_ema
TORGO,MC04,Session2,0817,AAI pairing,missing_ema
TORGO,MC04,Session2,0818,AAI pairing,missing_ema
TORGO,MC04,Session2,0819,AAI pairing,missing_ema
TORGO,MC04,Session2,0820,AAI pairing,missing_ema
TORGO,MC04,Session2,0821,AAI pairing,missing_ema
TORGO,MC04,Session2,0822,AAI pairing,missing_ema
TORGO,MC04,Session2,0823,AAI pairing,missing_ema
TORGO,MC04,Session2,0824,AAI pairing,missing_ema
TORGO,MC04,Session2,0825,AAI pairing,missing_ema
TORGO,MC04,Session2,0826,AAI pairing,missing_ema
TORGO,MC04,Session2,0827,AAI pairing,missing_ema
TORGO,MC04,Session2,0828,AAI pairing,missing_ema
TORGO,MC04,Session2,0829,AAI pairing,missing_ema
TORGO,MC04,Session2,0830,ASR scoring,unusable_prompt
TORGO,MC04,Session2,0830,AAI pairing,missing_ema
TORGO,MC04,Session2,0831,AAI pairing,missing_ema
TORGO,MC04,Session2,0832,ASR scoring,unusable_prompt
TORGO,MC04,Session2,0832,AAI pairing,missing_ema
TORGO,MC04,Session2,0833,AAI pairing,missing_ema
TORGO,MC04,Session2,0834,AAI pairing,missing_ema
TORGO,MC04,Session2,0835,AAI pairing,missing_ema
TORGO,MC04,Session2,0836,AAI pairing,missing_ema
TORGO,MC04,Session2,0837,AAI pairing,missing_ema
TORGO,MC04,Session2,0838,AAI pairing,missing_ema
TORGO,MC04,Session2,0839,AAI pairing,missing_ema
TORGO,MC04,Session2,0840,AAI pairing,missing_ema
TORGO,MC04,Session2,0841,AAI pairing,missing_ema
TORGO,MC04,Session2,0842,AAI pairing,missing_ema
TORGO,MC04,Session2,0843,AAI pairing,missing_ema
TORGO,MC04,Session2,0844,AAI pairing,missing_ema
TORGO,MC04,Session2,0845,AAI pairing,missing_ema
TORGO,MC04,Session2,0846,AAI pairing,missing_ema
TORGO,MC04,Session2,0847,AAI pairing,missing_ema
TORGO,MC04,Session2,0848,AAI pairing,missing_ema
TORGO,MC04,Session2,0849,AAI pairing,missing_ema
TORGO,MC04,Session2,0850,AAI pairing,missing_ema
TORGO,MC04,Session2,0851,AAI pairing,missing_ema
TORGO,MC04,Session2,0852,AAI pairing,missing_ema
TORGO,MC04,Session2,0853,AAI pairing,missing_ema
TORGO,MC04,Session2,0854,AAI pairing,missing_ema
TORGO,MC04,Session2,0855,AAI pairing,missing_ema
TORGO,MC04,Session2,0856,AAI pairing,missing_ema
TORGO,MC04,Session2,0857,AAI pairing,missing_ema
TORGO,MC04,Session2,0858,AAI pairing,missing_ema
TORGO,MC04,Session2,0859,AAI pairing,missing_ema
TORGO,MC04,Session2,0860,AAI pairing,missing_ema
TORGO,MC04,Session2,0861,AAI pairing,missing_ema
TORGO,MC04,Session2,0862,AAI pairing,missing_ema
TORGO,MC04,Session2,0863,AAI pairing,missing_ema
TORGO,MC04,Session2,0864,AAI pairing,missing_ema
TORGO,MC04,Session2,0865,AAI pairing,missing_ema
TORGO,MC04,Session2,0866,AAI pairing,missing_ema
TORGO,MC04,Session2,0867,AAI pairing,missing_ema
TORGO,MC04,Session2,0868,AAI pairing,missing_ema
TORGO,MC04,Session2,0869,AAI pairing,missing_ema
TORGO,MC04,Session2,0870,AAI pairing,missing_ema
TORGO,MC04,Session2,0871,AAI pairing,missing_ema
TORGO,MC04,Session2,0872,AAI pairing,missing_ema
TORGO,MC04,Session2,0873,AAI pairing,missing_ema
TORGO,MC04,Session2,0874,AAI pairing,missing_ema
TORGO,MC04,Session2,0875,AAI pairing,missing_ema
TORGO,MC04,Session2,0876,AAI pairing,missing_ema
TORGO,MC04,Session2,0877,AAI pairing,missing_ema
TORGO,MC04,Session2,0878,AAI pairing,missing_ema
TORGO,MC04,Session2,0879,AAI pairing,missing_ema
TORGO,MC04,Session2,0880,AAI pairing,missing_ema
TORGO,MC04,Session2,0881,AAI pairing,missing_ema
TORGO,MC04,Session2,0882,AAI pairing,missing_ema
TORGO,MC04,Session2,0883,AAI pairing,missing_ema
TORGO,MC04,Session2,0884,AAI pairing,missing_ema
TORGO,MC04,Session2,0885,AAI pairing,missing_ema
TORGO,MC04,Session2,0886,AAI pairing,missing_ema
TORGO,MC04,Session2,0887,AAI pairing,missing_ema
TORGO,MC04,Session2,0888,AAI pairing,missing_ema
TORGO,MC04,Session2,0889,AAI pairing,missing_ema
TORGO,MC04,Session2,0890,AAI pairing,missing_ema
TORGO,MC04,Session2,0891,AAI pairing,missing_ema
TORGO,MC04,Session2,0892,AAI pairing,missing_ema
TORGO,MC04,Session2,0893,AAI pairing,missing_ema
TORGO,MC04,Session2,0894,AAI pairing,missing_ema
TORGO,MC04,Session2,0895,AAI pairing,missing_ema
TORGO,MC04,Session2,0896,AAI pairing,missing_ema
TORGO,MC04,Session2,0897,AAI pairing,missing_ema
TORGO,MC04,Session2,0898,AAI pairing,missing_ema
TORGO,MC04,Session2,0899,AAI pairing,missing_ema
TORGO,MC04,Session2,0900,AAI pairing,missing_ema
TORGO,MC04,Session2,0901,AAI pairing,missing_ema
TORGO,MC04,Session2,0902,AAI pairing,missing_ema
TORGO,MC04,Session2,0903,AAI pairing,missing_ema
TORGO,MC04,Session2,0904,AAI pairing,missing_ema
TORGO,MC04,Session2,0905,AAI pairing,missing_ema
TORGO,MC04,Session2,0906,AAI pairing,missing_ema
TORGO,MC04,Session2,0907,AAI pairing,missing_ema
TORGO,MC04,Session2,0908,AAI pairing,missing_ema
TORGO,MC04,Session2,0909,AAI pairing,missing_ema
TORGO,MC04,Session2,0910,AAI pairing,missing_ema
TORGO,MC04,Session2,0911,AAI pairing,missing_ema
TORGO,MC04,Session2,0912,AAI pairing,missing_ema
TORGO,MC04,Session2,0913,AAI pairing,missing_ema
TORGO,MC04,Session2,0914,AAI pairing,missing_ema
TORGO,MC04,Session2,0915,AAI pairing,missing_ema
TORGO,MC04,Session2,0916,AAI pairing,missing_ema
TORGO,MC04,Session2,0917,AAI pairing,missing_ema
TORGO,MC04,Session2,0918,AAI pairing,missing_ema
TORGO,MC04,Session2,0919,AAI pairing,missing_ema
TORGO,MC04,Session2,0920,AAI pairing,missing_ema
TORGO,MC04,Session2,0921,AAI pairing,missing_ema
TORGO,MC04,Session2,0922,AAI pairing,missing_ema
TORGO,MC04,Session2,0923,AAI pairing,missing_ema
TORGO,MC04,Session2,0924,AAI pairing,missing_ema
TORGO,MC04,Session2,0925,AAI pairing,missing_ema
TORGO,MC04,Session2,0926,AAI pairing,missing_ema
TORGO,MC04,Session2,0927,AAI pairing,missing_ema
TORGO,MC04,Session2,0928,AAI pairing,missing_ema
TORGO,MC04,Session2,0929,AAI pairing,missing_ema
TORGO,MC04,Session2,0930,AAI pairing,missing_ema
TORGO,MC04,Session2,0931,AAI pairing,missing_ema
TORGO,MC04,Session2,0932,AAI pairing,missing_ema
TORGO,MC04,Session2,0933,AAI pairing,missing_ema
TORGO,MC04,Session2,0934,AAI pairing,missing_ema
TORGO,MC04,Session2,0935,AAI pairing,missing_ema
TORGO,MC04,Session2,0936,AAI pairing,missing_ema
TORGO,MC04,Session2,0937,AAI pairing,missing_ema
TORGO,MC04,Session2,0938,AAI pairing,missing_ema
TORGO,MC04,Session2,0939,AAI pairing,missing_ema
TORGO,MC04,Session2,0940,AAI pairing,missing_ema
TORGO,MC04,Session2,0941,AAI pairing,missing_ema
TORGO,MC04,Session2,0942,AAI pairing,missing_ema
TORGO,MC04,Session2,0943,AAI pairing,missing_ema
TORGO,MC04,Session2,0944,AAI pairing,missing_ema
TORGO,MC04,Session2,0945,AAI pairing,missing_ema
TORGO,MC04,Session2,0946,AAI pairing,missing_ema
TORGO,MC04,Session2,0947,AAI pairing,missing_ema
TORGO,MC04,Session2,0948,AAI pairing,missing_ema
TORGO,MC04,Session2,0949,AAI pairing,missing_ema
TORGO,MC04,Session2,0950,AAI pairing,missing_ema
TORGO,MC04,Session2,0951,AAI pairing,missing_ema
TORGO,MC04,Session2,0952,AAI pairing,missing_ema
TORGO,MC04,Session2,0953,AAI pairing,missing_ema
TORGO,MC04,Session2,0954,AAI pairing,missing_ema
TORGO,MC04,Session2,0955,AAI pairing,missing_ema
TORGO,MC04,Session2,0956,AAI pairing,missing_ema
TORGO,MC04,Session2,0957,AAI pairing,missing_ema
TORGO,MC04,Session2,0958,AAI pairing,missing_ema
TORGO,MC04,Session2,0959,AAI pairing,missing_ema
TORGO,MC04,Session2,0960,AAI pairing,missing_ema
TORGO,MC04,Session2,0961,AAI pairing,missing_ema
TORGO,MC04,Session2,0962,AAI pairing,missing_ema
TORGO,MC04,Session2,0963,AAI pairing,missing_ema
TORGO,MC04,Session2,0964,AAI pairing,missing_ema
TORGO,MC04,Session2,0965,AAI pairing,missing_ema
TORGO,MC04,Session2,0966,AAI pairing,missing_ema
TORGO,MC04,Session2,0967,AAI pairing,missing_ema
TORGO,MC04,Session2,0968,AAI pairing,missing_ema
TORGO,MC04,Session2,0969,AAI pairing,missing_ema
TORGO,MC04,Session2,0970,AAI pairing,missing_ema
TORGO,MC04,Session2,0971,AAI pairing,missing_ema
TORGO,MC04,Session2,0972,AAI pairing,missing_ema
TORGO,MC04,Session2,0973,AAI pairing,missing_ema
TORGO,MC04,Session2,0974,AAI pairing,missing_ema
TORGO,MC04,Session2,0975,AAI pairing,missing_ema
TORGO,MC04,Session2,0976,AAI pairing,missing_ema
TORGO,MC04,Session2,0977,AAI pairing,missing_ema
TORGO,MC04,Session2,0978,AAI pairing,missing_ema
TORGO,MC04,Session2,0979,AAI pairing,missing_ema
TORGO,MC04,Session2,0980,AAI pairing,missing_ema
TORGO,MC04,Session2,0981,AAI pairing,missing_ema
TORGO,MC04,Session2,0982,AAI pairing,missing_ema
TORGO,MC04,Session2,0983,AAI pairing,missing_ema
TORGO,MC04,Session2,0984,AAI pairing,missing_ema
TORGO,MC04,Session2,0985,ASR scoring,unusable_prompt
TORGO,MC04,Session2,0985,AAI pairing,missing_ema
TORGO,MC04,Session2,0986,AAI pairing,missing_ema
TORGO,MC04,Session2,0987,AAI pairing,missing_ema
TORGO,MC04,Session2,0988,AAI pairing,missing_ema
TORGO,MC04,Session2,0989,AAI pairing,missing_ema
TORGO,MC04,Session2,0990,AAI pairing,missing_ema
TORGO,MC04,Session2,0991,AAI pairing,missing_ema
TORGO,MC04,Session2,0992,AAI pairing,missing_ema
TORGO,MC04,Session2,0993,AAI pairing,missing_ema
TORGO,MC04,Session2,0994,AAI pairing,missing_ema
TORGO,MC04,Session2,0995,AAI pairing,missing_ema
TORGO,MC04,Session2,0996,AAI pairing,missing_ema
TORGO,MC04,Session2,0997,AAI pairing,missing_ema
TORGO,MC04,Session2,0998,AAI pairing,missing_ema
TORGO,MC04,Session2,0999,AAI pairing,missing_ema
TORGO,MC04,Session2,1000,AAI pairing,missing_ema
TORGO,MC04,Session2,1001,AAI pairing,missing_ema
TORGO,MC04,Session2,1002,AAI pairing,missing_ema
TORGO,MC04,Session2,1003,AAI pairing,missing_ema
TORGO,MC04,Session2,1004,AAI pairing,missing_ema
TORGO,MC04,Session2,1005,AAI pairing,missing_ema
TORGO,MC04,Session2,1006,AAI pairing,missing_ema
TORGO,MC04,Session2,1007,AAI pairing,missing_ema
TORGO,MC04,Session2,1008,AAI pairing,missing_ema
TORGO,MC04,Session2,1009,AAI pairing,missing_ema
TORGO,MC04,Session2,1010,AAI pairing,missing_ema
TORGO,MC04,Session2,1011,AAI pairing,missing_ema
TORGO,MC04,Session2,1012,AAI pairing,missing_ema
TORGO,MC04,Session2,1013,AAI pairing,missing_ema
TORGO,MC04,Session2,1014,AAI pairing,missing_ema
TORGO,MC04,Session2,1015,AAI pairing,missing_ema
TORGO,MC04,Session2,1016,AAI pairing,missing_ema
TORGO,MC04,Session2,1017,AAI pairing,missing_ema
TORGO,MC04,Session2,1018,AAI pairing,missing_ema
TORGO,MC04,Session2,1019,AAI pairing,missing_ema
TORGO,MC04,Session2,1020,ASR scoring,unusable_prompt
TORGO,MC04,Session2,1020,AAI pairing,missing_ema
TORGO,MC04,Session2,1021,AAI pairing,missing_ema
TORGO,MC04,Session2,1022,AAI pairing,missing_ema
TORGO,MC04,Session2,1023,AAI pairing,missing_ema
TORGO,MC04,Session2,1024,AAI pairing,missing_ema
TORGO,MC04,Session2,1025,ASR scoring,unusable_prompt
TORGO,MC04,Session2,1025,AAI pairing,missing_ema
TORGO,MC04,Session2,1026,AAI pairing,missing_ema
TORGO,MC04,Session2,1027,AAI pairing,missing_ema
MOCHA-TIMIT,maps0,maps0,001,primary MOCHA AAI pretraining,supplementary_speaker
MOCHA-TIMIT,maps0,maps0,002,primary MOCHA AAI pretraining,supplementary_speaker
MOCHA-TIMIT,maps0,maps0,003,primary MOCHA AAI pretraining,supplementary_speaker
MOCHA-TIMIT,maps0,maps0,004,primary MOCHA AAI pretraining,supplementary_speaker
MOCHA-TIMIT,maps0,maps0,005,primary MOCHA AAI pretraining,supplementary_speaker
MOCHA-TIMIT,maps0,maps0,006,primary MOCHA AAI pretraining,supplementary_speaker
MOCHA-TIMIT,maps0,maps0,007,primary MOCHA AAI pretraining,supplementary_speaker
MOCHA-TIMIT,maps0,maps0,008,primary MOCHA AAI pretraining,supplementary_speaker
MOCHA-TIMIT,maps0,maps0,009,primary MOCHA AAI pretraining,supplementary_speaker
MOCHA-TIMIT,maps0,maps0,010,primary MOCHA AAI pretraining,supplementary_speaker
MOCHA-TIMIT,maps0,maps0,011,primary MOCHA AAI pretraining,supplementary_speaker
MOCHA-TIMIT,maps0,maps0,012,primary MOCHA AAI pretraining,supplementary_speaker
MOCHA-TIMIT,maps0,maps0,013,primary MOCHA AAI pretraining,supplementary_speaker
MOCHA-TIMIT,maps0,maps0,014,primary MOCHA AAI pretraining,supplementary_speaker
MOCHA-TIMIT,maps0,maps0,015,primary MOCHA AAI pretraining,supplementary_speaker
MOCHA-TIMIT,maps0,maps0,016,primary MOCHA AAI pretraining,supplementary_speaker
MOCHA-TIMIT,maps0,maps0,017,primary MOCHA AAI pretraining,supplementary_speaker
MOCHA-TIMIT,maps0,maps0,018,primary MOCHA AAI pretraining,supplementary_speaker
MOCHA-TIMIT,maps0,maps0,019,primary MOCHA AAI pretraining,supplementary_speaker
MOCHA-TIMIT,maps0,maps0,020,primary MOCHA AAI pretraining,supplementary_speaker
MOCHA-TIMIT,maps0,maps0,021,primary MOCHA AAI pretraining,supplementary_speaker
MOCHA-TIMIT,maps0,maps0,022,primary MOCHA AAI pretraining,supplementary_speaker
MOCHA-TIMIT,maps0,maps0,023,primary MOCHA AAI pretraining,supplementary_speaker
MOCHA-TIMIT,maps0,maps0,024,primary MOCHA AAI pretraining,supplementary_speaker
MOCHA-TIMIT,maps0,maps0,025,primary MOCHA AAI pretraining,supplementary_speaker
MOCHA-TIMIT,maps0,maps0,026,primary MOCHA AAI pretraining,supplementary_speaker
MOCHA-TIMIT,maps0,maps0,027,primary MOCHA AAI pretraining,supplementary_speaker
MOCHA-TIMIT,maps0,maps0,028,primary MOCHA AAI pretraining,supplementary_speaker
MOCHA-TIMIT,maps0,maps0,029,primary MOCHA AAI pretraining,supplementary_speaker
MOCHA-TIMIT,maps0,maps0,030,primary MOCHA AAI pretraining,supplementary_speaker
MOCHA-TIMIT,maps0,maps0,031,primary MOCHA AAI pretraining,supplementary_speaker
MOCHA-TIMIT,maps0,maps0,032,primary MOCHA AAI pretraining,supplementary_speaker
MOCHA-TIMIT,maps0,maps0,033,primary MOCHA AAI pretraining,supplementary_speaker
MOCHA-TIMIT,maps0,maps0,034,primary MOCHA AAI pretraining,supplementary_speaker
MOCHA-TIMIT,maps0,maps0,035,primary MOCHA AAI pretraining,supplementary_speaker
MOCHA-TIMIT,maps0,maps0,036,primary MOCHA AAI pretraining,supplementary_speaker
MOCHA-TIMIT,maps0,maps0,037,primary MOCHA AAI pretraining,supplementary_speaker
MOCHA-TIMIT,maps0,maps0,038,primary MOCHA AAI pretraining,supplementary_speaker
MOCHA-TIMIT,maps0,maps0,039,primary MOCHA AAI pretraining,supplementary_speaker
MOCHA-TIMIT,maps0,maps0,040,primary MOCHA AAI pretraining,supplementary_speaker
MOCHA-TIMIT,maps0,maps0,041,primary MOCHA AAI pretraining,supplementary_speaker
MOCHA-TIMIT,maps0,maps0,042,primary MOCHA AAI pretraining,supplementary_speaker
MOCHA-TIMIT,maps0,maps0,043,primary MOCHA AAI pretraining,supplementary_speaker
MOCHA-TIMIT,maps0,maps0,044,primary MOCHA AAI pretraining,supplementary_speaker
MOCHA-TIMIT,maps0,maps0,045,primary MOCHA AAI pretraining,supplementary_speaker
MOCHA-TIMIT,maps0,maps0,046,primary MOCHA AAI pretraining,supplementary_speaker
MOCHA-TIMIT,maps0,maps0,047,primary MOCHA AAI pretraining,supplementary_speaker
MOCHA-TIMIT,maps0,maps0,048,primary MOCHA AAI pretraining,supplementary_speaker
MOCHA-TIMIT,maps0,maps0,049,primary MOCHA AAI pretraining,supplementary_speaker
MOCHA-TIMIT,maps0,maps0,050,primary MOCHA AAI pretraining,supplementary_speaker
MOCHA-TIMIT,maps0,maps0,051,primary MOCHA AAI pretraining,supplementary_speaker
MOCHA-TIMIT,maps0,maps0,052,primary MOCHA AAI pretraining,supplementary_speaker
MOCHA-TIMIT,maps0,maps0,053,primary MOCHA AAI pretraining,supplementary_speaker
MOCHA-TIMIT,maps0,maps0,054,primary MOCHA AAI pretraining,supplementary_speaker
MOCHA-TIMIT,maps0,maps0,055,primary MOCHA AAI pretraining,supplementary_speaker
MOCHA-TIMIT,maps0,maps0,056,primary MOCHA AAI pretraining,supplementary_speaker
MOCHA-TIMIT,maps0,maps0,057,primary MOCHA AAI pretraining,supplementary_speaker
MOCHA-TIMIT,maps0,maps0,058,primary MOCHA AAI pretraining,supplementary_speaker
MOCHA-TIMIT,maps0,maps0,059,primary MOCHA AAI pretraining,supplementary_speaker
MOCHA-TIMIT,maps0,maps0,060,primary MOCHA AAI pretraining,supplementary_speaker
MOCHA-TIMIT,maps0,maps0,061,primary MOCHA AAI pretraining,supplementary_speaker
MOCHA-TIMIT,maps0,maps0,062,primary MOCHA AAI pretraining,supplementary_speaker
MOCHA-TIMIT,maps0,maps0,063,primary MOCHA AAI pretraining,supplementary_speaker
MOCHA-TIMIT,maps0,maps0,064,primary MOCHA AAI pretraining,supplementary_speaker
MOCHA-TIMIT,maps0,maps0,065,primary MOCHA AAI pretraining,supplementary_speaker
MOCHA-TIMIT,maps0,maps0,066,primary MOCHA AAI pretraining,supplementary_speaker
MOCHA-TIMIT,maps0,maps0,067,primary MOCHA AAI pretraining,supplementary_speaker
MOCHA-TIMIT,maps0,maps0,068,primary MOCHA AAI pretraining,supplementary_speaker
MOCHA-TIMIT,maps0,maps0,069,primary MOCHA AAI pretraining,supplementary_speaker
MOCHA-TIMIT,maps0,maps0,070,primary MOCHA AAI pretraining,supplementary_speaker
MOCHA-TIMIT,maps0,maps0,071,primary MOCHA AAI pretraining,supplementary_speaker
MOCHA-TIMIT,maps0,maps0,072,primary MOCHA AAI pretraining,supplementary_speaker
MOCHA-TIMIT,maps0,maps0,073,primary MOCHA AAI pretraining,supplementary_speaker
MOCHA-TIMIT,maps0,maps0,074,primary MOCHA AAI pretraining,supplementary_speaker
MOCHA-TIMIT,maps0,maps0,075,primary MOCHA AAI pretraining,supplementary_speaker
MOCHA-TIMIT,maps0,maps0,076,primary MOCHA AAI pretraining,supplementary_speaker
MOCHA-TIMIT,maps0,maps0,077,primary MOCHA AAI pretraining,supplementary_speaker
MOCHA-TIMIT,maps0,maps0,078,primary MOCHA AAI pretraining,supplementary_speaker
MOCHA-TIMIT,maps0,maps0,079,primary MOCHA AAI pretraining,supplementary_speaker
MOCHA-TIMIT,maps0,maps0,080,primary MOCHA AAI pretraining,supplementary_speaker
MOCHA-TIMIT,maps0,maps0,081,primary MOCHA AAI pretraining,supplementary_speaker
MOCHA-TIMIT,maps0,maps0,082,primary MOCHA AAI pretraining,supplementary_speaker
MOCHA-TIMIT,maps0,maps0,083,primary MOCHA AAI pretraining,supplementary_speaker
MOCHA-TIMIT,maps0,maps0,084,primary MOCHA AAI pretraining,supplementary_speaker
MOCHA-TIMIT,maps0,maps0,085,primary MOCHA AAI pretraining,supplementary_speaker
MOCHA-TIMIT,maps0,maps0,086,primary MOCHA AAI pretraining,supplementary_speaker
MOCHA-TIMIT,maps0,maps0,087,primary MOCHA AAI pretraining,supplementary_speaker
MOCHA-TIMIT,maps0,maps0,088,primary MOCHA AAI pretraining,supplementary_speaker
MOCHA-TIMIT,maps0,maps0,089,primary MOCHA AAI pretraining,supplementary_speaker
MOCHA-TIMIT,maps0,maps0,090,primary MOCHA AAI pretraining,supplementary_speaker
MOCHA-TIMIT,maps0,maps0,091,primary MOCHA AAI pretraining,supplementary_speaker
MOCHA-TIMIT,maps0,maps0,092,primary MOCHA AAI pretraining,supplementary_speaker
MOCHA-TIMIT,maps0,maps0,093,ASR scoring,missing_valid_audio
MOCHA-TIMIT,maps0,maps0,093,AAI pairing,missing_valid_audio|missing_ema
MOCHA-TIMIT,maps0,maps0,093,primary MOCHA AAI pretraining,supplementary_speaker
MOCHA-TIMIT,maps0,maps0,094,primary MOCHA AAI pretraining,supplementary_speaker
MOCHA-TIMIT,maps0,maps0,095,primary MOCHA AAI pretraining,supplementary_speaker
MOCHA-TIMIT,maps0,maps0,096,primary MOCHA AAI pretraining,supplementary_speaker
MOCHA-TIMIT,maps0,maps0,097,primary MOCHA AAI pretraining,supplementary_speaker
MOCHA-TIMIT,maps0,maps0,098,primary MOCHA AAI pretraining,supplementary_speaker
MOCHA-TIMIT,maps0,maps0,099,primary MOCHA AAI pretraining,supplementary_speaker
MOCHA-TIMIT,maps0,maps0,100,primary MOCHA AAI pretraining,supplementary_speaker
MOCHA-TIMIT,maps0,maps0,101,primary MOCHA AAI pretraining,supplementary_speaker
MOCHA-TIMIT,maps0,maps0,102,primary MOCHA AAI pretraining,supplementary_speaker
MOCHA-TIMIT,maps0,maps0,103,primary MOCHA AAI pretraining,supplementary_speaker
MOCHA-TIMIT,maps0,maps0,104,primary MOCHA AAI pretraining,supplementary_speaker
MOCHA-TIMIT,maps0,maps0,105,primary MOCHA AAI pretraining,supplementary_speaker
MOCHA-TIMIT,maps0,maps0,106,primary MOCHA AAI pretraining,supplementary_speaker
MOCHA-TIMIT,maps0,maps0,107,primary MOCHA AAI pretraining,supplementary_speaker
MOCHA-TIMIT,maps0,maps0,108,primary MOCHA AAI pretraining,supplementary_speaker
MOCHA-TIMIT,maps0,maps0,109,primary MOCHA AAI pretraining,supplementary_speaker
MOCHA-TIMIT,maps0,maps0,110,primary MOCHA AAI pretraining,supplementary_speaker
MOCHA-TIMIT,maps0,maps0,111,primary MOCHA AAI pretraining,supplementary_speaker
MOCHA-TIMIT,maps0,maps0,112,primary MOCHA AAI pretraining,supplementary_speaker
MOCHA-TIMIT,maps0,maps0,113,primary MOCHA AAI pretraining,supplementary_speaker
MOCHA-TIMIT,maps0,maps0,114,primary MOCHA AAI pretraining,supplementary_speaker
MOCHA-TIMIT,maps0,maps0,115,primary MOCHA AAI pretraining,supplementary_speaker
MOCHA-TIMIT,maps0,maps0,116,primary MOCHA AAI pretraining,supplementary_speaker
MOCHA-TIMIT,maps0,maps0,117,primary MOCHA AAI pretraining,supplementary_speaker
MOCHA-TIMIT,maps0,maps0,118,AAI pairing,tongue_tip_corrupt_per_readme
MOCHA-TIMIT,maps0,maps0,118,primary MOCHA AAI pretraining,supplementary_speaker
MOCHA-TIMIT,maps0,maps0,119,primary MOCHA AAI pretraining,supplementary_speaker
MOCHA-TIMIT,maps0,maps0,120,primary MOCHA AAI pretraining,supplementary_speaker
MOCHA-TIMIT,maps0,maps0,121,primary MOCHA AAI pretraining,supplementary_speaker
MOCHA-TIMIT,maps0,maps0,122,primary MOCHA AAI pretraining,supplementary_speaker
MOCHA-TIMIT,maps0,maps0,123,primary MOCHA AAI pretraining,supplementary_speaker
MOCHA-TIMIT,maps0,maps0,124,primary MOCHA AAI pretraining,supplementary_speaker
MOCHA-TIMIT,maps0,maps0,125,primary MOCHA AAI pretraining,supplementary_speaker
MOCHA-TIMIT,maps0,maps0,126,primary MOCHA AAI pretraining,supplementary_speaker
MOCHA-TIMIT,maps0,maps0,127,primary MOCHA AAI pretraining,supplementary_speaker
MOCHA-TIMIT,maps0,maps0,128,primary MOCHA AAI pretraining,supplementary_speaker
MOCHA-TIMIT,maps0,maps0,129,primary MOCHA AAI pretraining,supplementary_speaker
MOCHA-TIMIT,maps0,maps0,130,primary MOCHA AAI pretraining,supplementary_speaker
MOCHA-TIMIT,maps0,maps0,131,primary MOCHA AAI pretraining,supplementary_speaker
MOCHA-TIMIT,maps0,maps0,132,primary MOCHA AAI pretraining,supplementary_speaker
MOCHA-TIMIT,maps0,maps0,133,primary MOCHA AAI pretraining,supplementary_speaker
MOCHA-TIMIT,maps0,maps0,134,primary MOCHA AAI pretraining,supplementary_speaker
MOCHA-TIMIT,maps0,maps0,135,primary MOCHA AAI pretraining,supplementary_speaker
MOCHA-TIMIT,maps0,maps0,136,primary MOCHA AAI pretraining,supplementary_speaker
MOCHA-TIMIT,maps0,maps0,137,primary MOCHA AAI pretraining,supplementary_speaker
MOCHA-TIMIT,maps0,maps0,138,primary MOCHA AAI pretraining,supplementary_speaker
MOCHA-TIMIT,maps0,maps0,139,primary MOCHA AAI pretraining,supplementary_speaker
MOCHA-TIMIT,maps0,maps0,140,primary MOCHA AAI pretraining,supplementary_speaker
MOCHA-TIMIT,maps0,maps0,141,primary MOCHA AAI pretraining,supplementary_speaker
MOCHA-TIMIT,maps0,maps0,142,primary MOCHA AAI pretraining,supplementary_speaker
MOCHA-TIMIT,maps0,maps0,143,primary MOCHA AAI pretraining,supplementary_speaker
MOCHA-TIMIT,maps0,maps0,144,primary MOCHA AAI pretraining,supplementary_speaker
MOCHA-TIMIT,maps0,maps0,145,primary MOCHA AAI pretraining,supplementary_speaker
MOCHA-TIMIT,maps0,maps0,146,primary MOCHA AAI pretraining,supplementary_speaker
MOCHA-TIMIT,maps0,maps0,147,primary MOCHA AAI pretraining,supplementary_speaker
MOCHA-TIMIT,maps0,maps0,148,primary MOCHA AAI pretraining,supplementary_speaker
MOCHA-TIMIT,maps0,maps0,149,primary MOCHA AAI pretraining,supplementary_speaker
MOCHA-TIMIT,maps0,maps0,150,primary MOCHA AAI pretraining,supplementary_speaker
MOCHA-TIMIT,maps0,maps0,151,primary MOCHA AAI pretraining,supplementary_speaker
MOCHA-TIMIT,maps0,maps0,152,primary MOCHA AAI pretraining,supplementary_speaker
MOCHA-TIMIT,maps0,maps0,153,primary MOCHA AAI pretraining,supplementary_speaker
MOCHA-TIMIT,maps0,maps0,154,primary MOCHA AAI pretraining,supplementary_speaker
MOCHA-TIMIT,maps0,maps0,155,primary MOCHA AAI pretraining,supplementary_speaker
MOCHA-TIMIT,maps0,maps0,156,primary MOCHA AAI pretraining,supplementary_speaker
MOCHA-TIMIT,maps0,maps0,157,primary MOCHA AAI pretraining,supplementary_speaker
MOCHA-TIMIT,maps0,maps0,158,primary MOCHA AAI pretraining,supplementary_speaker
MOCHA-TIMIT,maps0,maps0,159,primary MOCHA AAI pretraining,supplementary_speaker
MOCHA-TIMIT,maps0,maps0,160,primary MOCHA AAI pretraining,supplementary_speaker
MOCHA-TIMIT,maps0,maps0,161,primary MOCHA AAI pretraining,supplementary_speaker
MOCHA-TIMIT,maps0,maps0,162,primary MOCHA AAI pretraining,supplementary_speaker
MOCHA-TIMIT,maps0,maps0,163,primary MOCHA AAI pretraining,supplementary_speaker
MOCHA-TIMIT,maps0,maps0,164,primary MOCHA AAI pretraining,supplementary_speaker
MOCHA-TIMIT,maps0,maps0,165,primary MOCHA AAI pretraining,supplementary_speaker
MOCHA-TIMIT,maps0,maps0,166,primary MOCHA AAI pretraining,supplementary_speaker
MOCHA-TIMIT,maps0,maps0,167,primary MOCHA AAI pretraining,supplementary_speaker
MOCHA-TIMIT,maps0,maps0,168,primary MOCHA AAI pretraining,supplementary_speaker
MOCHA-TIMIT,maps0,maps0,169,primary MOCHA AAI pretraining,supplementary_speaker
MOCHA-TIMIT,maps0,maps0,170,primary MOCHA AAI pretraining,supplementary_speaker
MOCHA-TIMIT,maps0,maps0,171,primary MOCHA AAI pretraining,supplementary_speaker
MOCHA-TIMIT,maps0,maps0,172,primary MOCHA AAI pretraining,supplementary_speaker
MOCHA-TIMIT,maps0,maps0,173,primary MOCHA AAI pretraining,supplementary_speaker
MOCHA-TIMIT,maps0,maps0,174,primary MOCHA AAI pretraining,supplementary_speaker
MOCHA-TIMIT,maps0,maps0,175,primary MOCHA AAI pretraining,supplementary_speaker
MOCHA-TIMIT,maps0,maps0,176,primary MOCHA AAI pretraining,supplementary_speaker
MOCHA-TIMIT,maps0,maps0,177,primary MOCHA AAI pretraining,supplementary_speaker
MOCHA-TIMIT,maps0,maps0,178,primary MOCHA AAI pretraining,supplementary_speaker
MOCHA-TIMIT,maps0,maps0,179,primary MOCHA AAI pretraining,supplementary_speaker
MOCHA-TIMIT,maps0,maps0,180,primary MOCHA AAI pretraining,supplementary_speaker
MOCHA-TIMIT,maps0,maps0,181,primary MOCHA AAI pretraining,supplementary_speaker
MOCHA-TIMIT,maps0,maps0,182,primary MOCHA AAI pretraining,supplementary_speaker
MOCHA-TIMIT,maps0,maps0,183,primary MOCHA AAI pretraining,supplementary_speaker
MOCHA-TIMIT,maps0,maps0,184,primary MOCHA AAI pretraining,supplementary_speaker
MOCHA-TIMIT,maps0,maps0,185,primary MOCHA AAI pretraining,supplementary_speaker
MOCHA-TIMIT,maps0,maps0,186,primary MOCHA AAI pretraining,supplementary_speaker
MOCHA-TIMIT,maps0,maps0,187,primary MOCHA AAI pretraining,supplementary_speaker
MOCHA-TIMIT,maps0,maps0,188,primary MOCHA AAI pretraining,supplementary_speaker
MOCHA-TIMIT,maps0,maps0,189,primary MOCHA AAI pretraining,supplementary_speaker
MOCHA-TIMIT,maps0,maps0,190,primary MOCHA AAI pretraining,supplementary_speaker
MOCHA-TIMIT,maps0,maps0,191,primary MOCHA AAI pretraining,supplementary_speaker
MOCHA-TIMIT,maps0,maps0,192,primary MOCHA AAI pretraining,supplementary_speaker
MOCHA-TIMIT,maps0,maps0,193,primary MOCHA AAI pretraining,supplementary_speaker
MOCHA-TIMIT,maps0,maps0,194,primary MOCHA AAI pretraining,supplementary_speaker
MOCHA-TIMIT,maps0,maps0,195,primary MOCHA AAI pretraining,supplementary_speaker
MOCHA-TIMIT,maps0,maps0,196,primary MOCHA AAI pretraining,supplementary_speaker
MOCHA-TIMIT,maps0,maps0,197,primary MOCHA AAI pretraining,supplementary_speaker
MOCHA-TIMIT,maps0,maps0,198,primary MOCHA AAI pretraining,supplementary_speaker
MOCHA-TIMIT,maps0,maps0,199,primary MOCHA AAI pretraining,supplementary_speaker
MOCHA-TIMIT,maps0,maps0,200,primary MOCHA AAI pretraining,supplementary_speaker
MOCHA-TIMIT,maps0,maps0,201,primary MOCHA AAI pretraining,supplementary_speaker
MOCHA-TIMIT,maps0,maps0,202,primary MOCHA AAI pretraining,supplementary_speaker
MOCHA-TIMIT,maps0,maps0,203,primary MOCHA AAI pretraining,supplementary_speaker
MOCHA-TIMIT,maps0,maps0,204,primary MOCHA AAI pretraining,supplementary_speaker
MOCHA-TIMIT,maps0,maps0,205,primary MOCHA AAI pretraining,supplementary_speaker
MOCHA-TIMIT,maps0,maps0,206,primary MOCHA AAI pretraining,supplementary_speaker
MOCHA-TIMIT,maps0,maps0,207,primary MOCHA AAI pretraining,supplementary_speaker
MOCHA-TIMIT,maps0,maps0,208,primary MOCHA AAI pretraining,supplementary_speaker
MOCHA-TIMIT,maps0,maps0,209,primary MOCHA AAI pretraining,supplementary_speaker
MOCHA-TIMIT,maps0,maps0,210,primary MOCHA AAI pretraining,supplementary_speaker
MOCHA-TIMIT,maps0,maps0,211,primary MOCHA AAI pretraining,supplementary_speaker
MOCHA-TIMIT,maps0,maps0,212,primary MOCHA AAI pretraining,supplementary_speaker
MOCHA-TIMIT,maps0,maps0,213,primary MOCHA AAI pretraining,supplementary_speaker
MOCHA-TIMIT,maps0,maps0,214,primary MOCHA AAI pretraining,supplementary_speaker
MOCHA-TIMIT,maps0,maps0,215,primary MOCHA AAI pretraining,supplementary_speaker
MOCHA-TIMIT,maps0,maps0,216,primary MOCHA AAI pretraining,supplementary_speaker
MOCHA-TIMIT,maps0,maps0,217,primary MOCHA AAI pretraining,supplementary_speaker
MOCHA-TIMIT,maps0,maps0,218,primary MOCHA AAI pretraining,supplementary_speaker
MOCHA-TIMIT,maps0,maps0,219,primary MOCHA AAI pretraining,supplementary_speaker
MOCHA-TIMIT,maps0,maps0,220,primary MOCHA AAI pretraining,supplementary_speaker
MOCHA-TIMIT,maps0,maps0,221,primary MOCHA AAI pretraining,supplementary_speaker
MOCHA-TIMIT,maps0,maps0,222,primary MOCHA AAI pretraining,supplementary_speaker
MOCHA-TIMIT,maps0,maps0,223,primary MOCHA AAI pretraining,supplementary_speaker
MOCHA-TIMIT,maps0,maps0,224,primary MOCHA AAI pretraining,supplementary_speaker
MOCHA-TIMIT,maps0,maps0,225,primary MOCHA AAI pretraining,supplementary_speaker
MOCHA-TIMIT,maps0,maps0,226,primary MOCHA AAI pretraining,supplementary_speaker
MOCHA-TIMIT,maps0,maps0,227,primary MOCHA AAI pretraining,supplementary_speaker
MOCHA-TIMIT,maps0,maps0,228,primary MOCHA AAI pretraining,supplementary_speaker
MOCHA-TIMIT,maps0,maps0,229,primary MOCHA AAI pretraining,supplementary_speaker
MOCHA-TIMIT,maps0,maps0,230,primary MOCHA AAI pretraining,supplementary_speaker
MOCHA-TIMIT,maps0,maps0,231,primary MOCHA AAI pretraining,supplementary_speaker
MOCHA-TIMIT,maps0,maps0,232,primary MOCHA AAI pretraining,supplementary_speaker
MOCHA-TIMIT,maps0,maps0,233,primary MOCHA AAI pretraining,supplementary_speaker
MOCHA-TIMIT,maps0,maps0,234,primary MOCHA AAI pretraining,supplementary_speaker
MOCHA-TIMIT,maps0,maps0,235,primary MOCHA AAI pretraining,supplementary_speaker
MOCHA-TIMIT,maps0,maps0,236,primary MOCHA AAI pretraining,supplementary_speaker
MOCHA-TIMIT,maps0,maps0,237,primary MOCHA AAI pretraining,supplementary_speaker
MOCHA-TIMIT,maps0,maps0,238,primary MOCHA AAI pretraining,supplementary_speaker
MOCHA-TIMIT,maps0,maps0,239,primary MOCHA AAI pretraining,supplementary_speaker
MOCHA-TIMIT,maps0,maps0,240,primary MOCHA AAI pretraining,supplementary_speaker
MOCHA-TIMIT,maps0,maps0,241,primary MOCHA AAI pretraining,supplementary_speaker
MOCHA-TIMIT,maps0,maps0,242,primary MOCHA AAI pretraining,supplementary_speaker
MOCHA-TIMIT,maps0,maps0,243,primary MOCHA AAI pretraining,supplementary_speaker
MOCHA-TIMIT,maps0,maps0,244,primary MOCHA AAI pretraining,supplementary_speaker
MOCHA-TIMIT,maps0,maps0,245,primary MOCHA AAI pretraining,supplementary_speaker
MOCHA-TIMIT,maps0,maps0,246,primary MOCHA AAI pretraining,supplementary_speaker
MOCHA-TIMIT,maps0,maps0,247,primary MOCHA AAI pretraining,supplementary_speaker
MOCHA-TIMIT,maps0,maps0,248,primary MOCHA AAI pretraining,supplementary_speaker
MOCHA-TIMIT,maps0,maps0,249,primary MOCHA AAI pretraining,supplementary_speaker
MOCHA-TIMIT,maps0,maps0,250,primary MOCHA AAI pretraining,supplementary_speaker
MOCHA-TIMIT,maps0,maps0,251,primary MOCHA AAI pretraining,supplementary_speaker
MOCHA-TIMIT,maps0,maps0,252,primary MOCHA AAI pretraining,supplementary_speaker
MOCHA-TIMIT,maps0,maps0,253,primary MOCHA AAI pretraining,supplementary_speaker
MOCHA-TIMIT,maps0,maps0,254,primary MOCHA AAI pretraining,supplementary_speaker
MOCHA-TIMIT,maps0,maps0,255,primary MOCHA AAI pretraining,supplementary_speaker
MOCHA-TIMIT,maps0,maps0,256,primary MOCHA AAI pretraining,supplementary_speaker
MOCHA-TIMIT,maps0,maps0,257,primary MOCHA AAI pretraining,supplementary_speaker
MOCHA-TIMIT,maps0,maps0,258,primary MOCHA AAI pretraining,supplementary_speaker
MOCHA-TIMIT,maps0,maps0,259,primary MOCHA AAI pretraining,supplementary_speaker
MOCHA-TIMIT,maps0,maps0,260,primary MOCHA AAI pretraining,supplementary_speaker
MOCHA-TIMIT,maps0,maps0,261,primary MOCHA AAI pretraining,supplementary_speaker
MOCHA-TIMIT,maps0,maps0,262,primary MOCHA AAI pretraining,supplementary_speaker
MOCHA-TIMIT,maps0,maps0,263,primary MOCHA AAI pretraining,supplementary_speaker
MOCHA-TIMIT,maps0,maps0,264,primary MOCHA AAI pretraining,supplementary_speaker
MOCHA-TIMIT,maps0,maps0,265,primary MOCHA AAI pretraining,supplementary_speaker
MOCHA-TIMIT,maps0,maps0,266,primary MOCHA AAI pretraining,supplementary_speaker
MOCHA-TIMIT,maps0,maps0,267,primary MOCHA AAI pretraining,supplementary_speaker
MOCHA-TIMIT,maps0,maps0,268,primary MOCHA AAI pretraining,supplementary_speaker
MOCHA-TIMIT,maps0,maps0,269,primary MOCHA AAI pretraining,supplementary_speaker
MOCHA-TIMIT,maps0,maps0,270,primary MOCHA AAI pretraining,supplementary_speaker
MOCHA-TIMIT,maps0,maps0,271,primary MOCHA AAI pretraining,supplementary_speaker
MOCHA-TIMIT,maps0,maps0,272,primary MOCHA AAI pretraining,supplementary_speaker
MOCHA-TIMIT,maps0,maps0,273,primary MOCHA AAI pretraining,supplementary_speaker
MOCHA-TIMIT,maps0,maps0,274,primary MOCHA AAI pretraining,supplementary_speaker
MOCHA-TIMIT,maps0,maps0,275,primary MOCHA AAI pretraining,supplementary_speaker
MOCHA-TIMIT,maps0,maps0,276,primary MOCHA AAI pretraining,supplementary_speaker
MOCHA-TIMIT,maps0,maps0,277,primary MOCHA AAI pretraining,supplementary_speaker
MOCHA-TIMIT,maps0,maps0,278,primary MOCHA AAI pretraining,supplementary_speaker
MOCHA-TIMIT,maps0,maps0,279,primary MOCHA AAI pretraining,supplementary_speaker
MOCHA-TIMIT,maps0,maps0,280,primary MOCHA AAI pretraining,supplementary_speaker
MOCHA-TIMIT,maps0,maps0,281,primary MOCHA AAI pretraining,supplementary_speaker
MOCHA-TIMIT,maps0,maps0,282,primary MOCHA AAI pretraining,supplementary_speaker
MOCHA-TIMIT,maps0,maps0,283,primary MOCHA AAI pretraining,supplementary_speaker
MOCHA-TIMIT,maps0,maps0,284,primary MOCHA AAI pretraining,supplementary_speaker
MOCHA-TIMIT,maps0,maps0,285,primary MOCHA AAI pretraining,supplementary_speaker
MOCHA-TIMIT,maps0,maps0,286,primary MOCHA AAI pretraining,supplementary_speaker
MOCHA-TIMIT,maps0,maps0,287,primary MOCHA AAI pretraining,supplementary_speaker
MOCHA-TIMIT,maps0,maps0,288,primary MOCHA AAI pretraining,supplementary_speaker
MOCHA-TIMIT,maps0,maps0,289,primary MOCHA AAI pretraining,supplementary_speaker
MOCHA-TIMIT,maps0,maps0,290,primary MOCHA AAI pretraining,supplementary_speaker
MOCHA-TIMIT,maps0,maps0,291,primary MOCHA AAI pretraining,supplementary_speaker
MOCHA-TIMIT,maps0,maps0,292,primary MOCHA AAI pretraining,supplementary_speaker
MOCHA-TIMIT,maps0,maps0,293,primary MOCHA AAI pretraining,supplementary_speaker
MOCHA-TIMIT,maps0,maps0,294,primary MOCHA AAI pretraining,supplementary_speaker
MOCHA-TIMIT,maps0,maps0,295,primary MOCHA AAI pretraining,supplementary_speaker
MOCHA-TIMIT,maps0,maps0,296,primary MOCHA AAI pretraining,supplementary_speaker
MOCHA-TIMIT,maps0,maps0,297,primary MOCHA AAI pretraining,supplementary_speaker
MOCHA-TIMIT,maps0,maps0,298,primary MOCHA AAI pretraining,supplementary_speaker
MOCHA-TIMIT,maps0,maps0,299,primary MOCHA AAI pretraining,supplementary_speaker
MOCHA-TIMIT,maps0,maps0,300,primary MOCHA AAI pretraining,supplementary_speaker
MOCHA-TIMIT,maps0,maps0,301,primary MOCHA AAI pretraining,supplementary_speaker
MOCHA-TIMIT,maps0,maps0,302,primary MOCHA AAI pretraining,supplementary_speaker
MOCHA-TIMIT,maps0,maps0,303,primary MOCHA AAI pretraining,supplementary_speaker
MOCHA-TIMIT,maps0,maps0,304,primary MOCHA AAI pretraining,supplementary_speaker
MOCHA-TIMIT,maps0,maps0,305,primary MOCHA AAI pretraining,supplementary_speaker
MOCHA-TIMIT,maps0,maps0,306,primary MOCHA AAI pretraining,supplementary_speaker
MOCHA-TIMIT,maps0,maps0,307,primary MOCHA AAI pretraining,supplementary_speaker
MOCHA-TIMIT,maps0,maps0,308,primary MOCHA AAI pretraining,supplementary_speaker
MOCHA-TIMIT,maps0,maps0,309,primary MOCHA AAI pretraining,supplementary_speaker
MOCHA-TIMIT,maps0,maps0,310,primary MOCHA AAI pretraining,supplementary_speaker
MOCHA-TIMIT,maps0,maps0,311,primary MOCHA AAI pretraining,supplementary_speaker
MOCHA-TIMIT,maps0,maps0,312,primary MOCHA AAI pretraining,supplementary_speaker
MOCHA-TIMIT,maps0,maps0,313,primary MOCHA AAI pretraining,supplementary_speaker
MOCHA-TIMIT,maps0,maps0,314,primary MOCHA AAI pretraining,supplementary_speaker
MOCHA-TIMIT,maps0,maps0,315,primary MOCHA AAI pretraining,supplementary_speaker
MOCHA-TIMIT,maps0,maps0,316,primary MOCHA AAI pretraining,supplementary_speaker
MOCHA-TIMIT,maps0,maps0,317,primary MOCHA AAI pretraining,supplementary_speaker
MOCHA-TIMIT,maps0,maps0,318,primary MOCHA AAI pretraining,supplementary_speaker
MOCHA-TIMIT,maps0,maps0,319,primary MOCHA AAI pretraining,supplementary_speaker
MOCHA-TIMIT,maps0,maps0,320,primary MOCHA AAI pretraining,supplementary_speaker
MOCHA-TIMIT,maps0,maps0,321,primary MOCHA AAI pretraining,supplementary_speaker
MOCHA-TIMIT,maps0,maps0,322,primary MOCHA AAI pretraining,supplementary_speaker
MOCHA-TIMIT,maps0,maps0,323,primary MOCHA AAI pretraining,supplementary_speaker
MOCHA-TIMIT,maps0,maps0,324,primary MOCHA AAI pretraining,supplementary_speaker
MOCHA-TIMIT,maps0,maps0,325,primary MOCHA AAI pretraining,supplementary_speaker
MOCHA-TIMIT,maps0,maps0,326,primary MOCHA AAI pretraining,supplementary_speaker
MOCHA-TIMIT,maps0,maps0,327,primary MOCHA AAI pretraining,supplementary_speaker
MOCHA-TIMIT,maps0,maps0,328,primary MOCHA AAI pretraining,supplementary_speaker
MOCHA-TIMIT,maps0,maps0,329,primary MOCHA AAI pretraining,supplementary_speaker
MOCHA-TIMIT,maps0,maps0,330,primary MOCHA AAI pretraining,supplementary_speaker
MOCHA-TIMIT,maps0,maps0,331,primary MOCHA AAI pretraining,supplementary_speaker
MOCHA-TIMIT,maps0,maps0,332,primary MOCHA AAI pretraining,supplementary_speaker
MOCHA-TIMIT,maps0,maps0,333,primary MOCHA AAI pretraining,supplementary_speaker
MOCHA-TIMIT,maps0,maps0,334,primary MOCHA AAI pretraining,supplementary_speaker
MOCHA-TIMIT,maps0,maps0,335,primary MOCHA AAI pretraining,supplementary_speaker
MOCHA-TIMIT,maps0,maps0,336,primary MOCHA AAI pretraining,supplementary_speaker
MOCHA-TIMIT,maps0,maps0,337,primary MOCHA AAI pretraining,supplementary_speaker
MOCHA-TIMIT,maps0,maps0,338,primary MOCHA AAI pretraining,supplementary_speaker
MOCHA-TIMIT,maps0,maps0,339,primary MOCHA AAI pretraining,supplementary_speaker
MOCHA-TIMIT,maps0,maps0,340,primary MOCHA AAI pretraining,supplementary_speaker
MOCHA-TIMIT,maps0,maps0,341,primary MOCHA AAI pretraining,supplementary_speaker
MOCHA-TIMIT,maps0,maps0,342,primary MOCHA AAI pretraining,supplementary_speaker
MOCHA-TIMIT,maps0,maps0,343,primary MOCHA AAI pretraining,supplementary_speaker
MOCHA-TIMIT,maps0,maps0,344,primary MOCHA AAI pretraining,supplementary_speaker
MOCHA-TIMIT,maps0,maps0,345,primary MOCHA AAI pretraining,supplementary_speaker
MOCHA-TIMIT,maps0,maps0,346,primary MOCHA AAI pretraining,supplementary_speaker
MOCHA-TIMIT,maps0,maps0,347,primary MOCHA AAI pretraining,supplementary_speaker
MOCHA-TIMIT,maps0,maps0,348,primary MOCHA AAI pretraining,supplementary_speaker
MOCHA-TIMIT,maps0,maps0,349,primary MOCHA AAI pretraining,supplementary_speaker
MOCHA-TIMIT,maps0,maps0,350,primary MOCHA AAI pretraining,supplementary_speaker
MOCHA-TIMIT,maps0,maps0,351,primary MOCHA AAI pretraining,supplementary_speaker
MOCHA-TIMIT,maps0,maps0,352,primary MOCHA AAI pretraining,supplementary_speaker
MOCHA-TIMIT,maps0,maps0,353,primary MOCHA AAI pretraining,supplementary_speaker
MOCHA-TIMIT,maps0,maps0,354,primary MOCHA AAI pretraining,supplementary_speaker
MOCHA-TIMIT,maps0,maps0,355,primary MOCHA AAI pretraining,supplementary_speaker
MOCHA-TIMIT,maps0,maps0,356,primary MOCHA AAI pretraining,supplementary_speaker
MOCHA-TIMIT,maps0,maps0,357,primary MOCHA AAI pretraining,supplementary_speaker
MOCHA-TIMIT,maps0,maps0,358,primary MOCHA AAI pretraining,supplementary_speaker
MOCHA-TIMIT,maps0,maps0,359,primary MOCHA AAI pretraining,supplementary_speaker
MOCHA-TIMIT,maps0,maps0,360,primary MOCHA AAI pretraining,supplementary_speaker
MOCHA-TIMIT,maps0,maps0,361,primary MOCHA AAI pretraining,supplementary_speaker
MOCHA-TIMIT,maps0,maps0,362,primary MOCHA AAI pretraining,supplementary_speaker
MOCHA-TIMIT,maps0,maps0,363,primary MOCHA AAI pretraining,supplementary_speaker
MOCHA-TIMIT,maps0,maps0,364,primary MOCHA AAI pretraining,supplementary_speaker
MOCHA-TIMIT,maps0,maps0,365,primary MOCHA AAI pretraining,supplementary_speaker
MOCHA-TIMIT,maps0,maps0,366,primary MOCHA AAI pretraining,supplementary_speaker
MOCHA-TIMIT,maps0,maps0,367,primary MOCHA AAI pretraining,supplementary_speaker
MOCHA-TIMIT,maps0,maps0,368,primary MOCHA AAI pretraining,supplementary_speaker
MOCHA-TIMIT,maps0,maps0,369,primary MOCHA AAI pretraining,supplementary_speaker
MOCHA-TIMIT,maps0,maps0,370,primary MOCHA AAI pretraining,supplementary_speaker
MOCHA-TIMIT,maps0,maps0,371,primary MOCHA AAI pretraining,supplementary_speaker
MOCHA-TIMIT,maps0,maps0,372,primary MOCHA AAI pretraining,supplementary_speaker
MOCHA-TIMIT,maps0,maps0,373,primary MOCHA AAI pretraining,supplementary_speaker
MOCHA-TIMIT,maps0,maps0,374,primary MOCHA AAI pretraining,supplementary_speaker
MOCHA-TIMIT,maps0,maps0,375,primary MOCHA AAI pretraining,supplementary_speaker
MOCHA-TIMIT,maps0,maps0,376,primary MOCHA AAI pretraining,supplementary_speaker
MOCHA-TIMIT,maps0,maps0,377,primary MOCHA AAI pretraining,supplementary_speaker
MOCHA-TIMIT,maps0,maps0,378,primary MOCHA AAI pretraining,supplementary_speaker
MOCHA-TIMIT,maps0,maps0,379,primary MOCHA AAI pretraining,supplementary_speaker
MOCHA-TIMIT,maps0,maps0,380,primary MOCHA AAI pretraining,supplementary_speaker
MOCHA-TIMIT,maps0,maps0,381,primary MOCHA AAI pretraining,supplementary_speaker
MOCHA-TIMIT,maps0,maps0,382,primary MOCHA AAI pretraining,supplementary_speaker
MOCHA-TIMIT,maps0,maps0,383,primary MOCHA AAI pretraining,supplementary_speaker
MOCHA-TIMIT,maps0,maps0,384,primary MOCHA AAI pretraining,supplementary_speaker
MOCHA-TIMIT,maps0,maps0,385,primary MOCHA AAI pretraining,supplementary_speaker
MOCHA-TIMIT,maps0,maps0,386,primary MOCHA AAI pretraining,supplementary_speaker
MOCHA-TIMIT,maps0,maps0,387,primary MOCHA AAI pretraining,supplementary_speaker
MOCHA-TIMIT,maps0,maps0,388,primary MOCHA AAI pretraining,supplementary_speaker
MOCHA-TIMIT,maps0,maps0,389,primary MOCHA AAI pretraining,supplementary_speaker
MOCHA-TIMIT,maps0,maps0,390,primary MOCHA AAI pretraining,supplementary_speaker
MOCHA-TIMIT,maps0,maps0,391,primary MOCHA AAI pretraining,supplementary_speaker
MOCHA-TIMIT,maps0,maps0,392,primary MOCHA AAI pretraining,supplementary_speaker
MOCHA-TIMIT,maps0,maps0,393,primary MOCHA AAI pretraining,supplementary_speaker
MOCHA-TIMIT,maps0,maps0,394,primary MOCHA AAI pretraining,supplementary_speaker
MOCHA-TIMIT,maps0,maps0,395,primary MOCHA AAI pretraining,supplementary_speaker
MOCHA-TIMIT,maps0,maps0,396,primary MOCHA AAI pretraining,supplementary_speaker
MOCHA-TIMIT,maps0,maps0,397,primary MOCHA AAI pretraining,supplementary_speaker
MOCHA-TIMIT,maps0,maps0,398,primary MOCHA AAI pretraining,supplementary_speaker
MOCHA-TIMIT,maps0,maps0,399,primary MOCHA AAI pretraining,supplementary_speaker
MOCHA-TIMIT,maps0,maps0,400,primary MOCHA AAI pretraining,supplementary_speaker
MOCHA-TIMIT,maps0,maps0,401,primary MOCHA AAI pretraining,supplementary_speaker
MOCHA-TIMIT,maps0,maps0,402,primary MOCHA AAI pretraining,supplementary_speaker
MOCHA-TIMIT,maps0,maps0,403,primary MOCHA AAI pretraining,supplementary_speaker
MOCHA-TIMIT,maps0,maps0,404,primary MOCHA AAI pretraining,supplementary_speaker
MOCHA-TIMIT,maps0,maps0,405,primary MOCHA AAI pretraining,supplementary_speaker
MOCHA-TIMIT,maps0,maps0,406,primary MOCHA AAI pretraining,supplementary_speaker
MOCHA-TIMIT,maps0,maps0,407,primary MOCHA AAI pretraining,supplementary_speaker
MOCHA-TIMIT,maps0,maps0,408,primary MOCHA AAI pretraining,supplementary_speaker
MOCHA-TIMIT,maps0,maps0,409,primary MOCHA AAI pretraining,supplementary_speaker
MOCHA-TIMIT,maps0,maps0,410,primary MOCHA AAI pretraining,supplementary_speaker
MOCHA-TIMIT,maps0,maps0,411,primary MOCHA AAI pretraining,supplementary_speaker
MOCHA-TIMIT,maps0,maps0,412,primary MOCHA AAI pretraining,supplementary_speaker
MOCHA-TIMIT,maps0,maps0,413,primary MOCHA AAI pretraining,supplementary_speaker
MOCHA-TIMIT,maps0,maps0,414,primary MOCHA AAI pretraining,supplementary_speaker
MOCHA-TIMIT,maps0,maps0,415,primary MOCHA AAI pretraining,supplementary_speaker
MOCHA-TIMIT,maps0,maps0,416,primary MOCHA AAI pretraining,supplementary_speaker
MOCHA-TIMIT,maps0,maps0,417,primary MOCHA AAI pretraining,supplementary_speaker
MOCHA-TIMIT,maps0,maps0,418,primary MOCHA AAI pretraining,supplementary_speaker
MOCHA-TIMIT,maps0,maps0,419,primary MOCHA AAI pretraining,supplementary_speaker
MOCHA-TIMIT,maps0,maps0,420,primary MOCHA AAI pretraining,supplementary_speaker
MOCHA-TIMIT,maps0,maps0,421,primary MOCHA AAI pretraining,supplementary_speaker
MOCHA-TIMIT,maps0,maps0,422,primary MOCHA AAI pretraining,supplementary_speaker
MOCHA-TIMIT,maps0,maps0,423,primary MOCHA AAI pretraining,supplementary_speaker
MOCHA-TIMIT,maps0,maps0,424,primary MOCHA AAI pretraining,supplementary_speaker
MOCHA-TIMIT,maps0,maps0,425,primary MOCHA AAI pretraining,supplementary_speaker
MOCHA-TIMIT,maps0,maps0,426,primary MOCHA AAI pretraining,supplementary_speaker
MOCHA-TIMIT,maps0,maps0,427,primary MOCHA AAI pretraining,supplementary_speaker
MOCHA-TIMIT,maps0,maps0,428,primary MOCHA AAI pretraining,supplementary_speaker
MOCHA-TIMIT,maps0,maps0,429,primary MOCHA AAI pretraining,supplementary_speaker
MOCHA-TIMIT,maps0,maps0,430,primary MOCHA AAI pretraining,supplementary_speaker
MOCHA-TIMIT,maps0,maps0,431,primary MOCHA AAI pretraining,supplementary_speaker
MOCHA-TIMIT,maps0,maps0,432,primary MOCHA AAI pretraining,supplementary_speaker
MOCHA-TIMIT,maps0,maps0,433,primary MOCHA AAI pretraining,supplementary_speaker
MOCHA-TIMIT,maps0,maps0,434,primary MOCHA AAI pretraining,supplementary_speaker
MOCHA-TIMIT,maps0,maps0,435,primary MOCHA AAI pretraining,supplementary_speaker
MOCHA-TIMIT,maps0,maps0,436,primary MOCHA AAI pretraining,supplementary_speaker
MOCHA-TIMIT,maps0,maps0,437,primary MOCHA AAI pretraining,supplementary_speaker
MOCHA-TIMIT,maps0,maps0,438,primary MOCHA AAI pretraining,supplementary_speaker
MOCHA-TIMIT,maps0,maps0,439,primary MOCHA AAI pretraining,supplementary_speaker
MOCHA-TIMIT,maps0,maps0,440,primary MOCHA AAI pretraining,supplementary_speaker
MOCHA-TIMIT,maps0,maps0,441,primary MOCHA AAI pretraining,supplementary_speaker
MOCHA-TIMIT,maps0,maps0,442,primary MOCHA AAI pretraining,supplementary_speaker
MOCHA-TIMIT,maps0,maps0,443,primary MOCHA AAI pretraining,supplementary_speaker
MOCHA-TIMIT,maps0,maps0,444,primary MOCHA AAI pretraining,supplementary_speaker
MOCHA-TIMIT,maps0,maps0,445,primary MOCHA AAI pretraining,supplementary_speaker
MOCHA-TIMIT,maps0,maps0,446,primary MOCHA AAI pretraining,supplementary_speaker
MOCHA-TIMIT,maps0,maps0,447,primary MOCHA AAI pretraining,supplementary_speaker
MOCHA-TIMIT,maps0,maps0,448,primary MOCHA AAI pretraining,supplementary_speaker
MOCHA-TIMIT,maps0,maps0,449,primary MOCHA AAI pretraining,supplementary_speaker
MOCHA-TIMIT,maps0,maps0,450,primary MOCHA AAI pretraining,supplementary_speaker
MOCHA-TIMIT,maps0,maps0,451,primary MOCHA AAI pretraining,supplementary_speaker
MOCHA-TIMIT,maps0,maps0,452,primary MOCHA AAI pretraining,supplementary_speaker
MOCHA-TIMIT,maps0,maps0,453,primary MOCHA AAI pretraining,supplementary_speaker
MOCHA-TIMIT,maps0,maps0,454,primary MOCHA AAI pretraining,supplementary_speaker
MOCHA-TIMIT,maps0,maps0,455,primary MOCHA AAI pretraining,supplementary_speaker
MOCHA-TIMIT,maps0,maps0,456,primary MOCHA AAI pretraining,supplementary_speaker
MOCHA-TIMIT,maps0,maps0,457,primary MOCHA AAI pretraining,supplementary_speaker
MOCHA-TIMIT,maps0,maps0,458,primary MOCHA AAI pretraining,supplementary_speaker
MOCHA-TIMIT,maps0,maps0,459,primary MOCHA AAI pretraining,supplementary_speaker
MOCHA-TIMIT,maps0,maps0,460,primary MOCHA AAI pretraining,supplementary_speaker
MOCHA-TIMIT,msak0,msak0_v1.1,268,ASR scoring,audio_corrupt_per_readme
MOCHA-TIMIT,msak0,msak0_v1.1,268,AAI pairing,audio_corrupt_per_readme
