speaker,utterance_id,role,feature_path,frames,target_dimensions,ema_last_time_seconds,audio_duration_seconds,audio_minus_ema_end_seconds,status
fsew0,001,train,data/processed/mocha_aai_features/fsew0/001.npz,194,14,1.93,2.21844,0.2884,synchronized_overlap_no_lag_estimation
fsew0,002,train,data/processed/mocha_aai_features/fsew0/002.npz,223,14,2.228,2.713,0.485,synchronized_overlap_no_lag_estimation
fsew0,003,train,data/processed/mocha_aai_features/fsew0/003.npz,291,14,2.904,3.21862,0.3146,synchronized_overlap_no_lag_estimation
fsew0,004,train,data/processed/mocha_aai_features/fsew0/004.npz,296,14,2.956,3.46894,0.5129,synchronized_overlap_no_lag_estimation
fsew0,005,train,data/processed/mocha_aai_features/fsew0/005.npz,217,14,2.16,2.5315,0.3715,synchronized_overlap_no_lag_estimation
fsew0,006,train,data/processed/mocha_aai_features/fsew0/006.npz,283,14,2.826,3.21869,0.3927,synchronized_overlap_no_lag_estimation
fsew0,007,train,data/processed/mocha_aai_features/fsew0/007.npz,325,14,3.244,3.71837,0.4744,synchronized_overlap_no_lag_estimation
fsew0,008,train,data/processed/mocha_aai_features/fsew0/008.npz,329,14,3.282,3.71731,0.4353,synchronized_overlap_no_lag_estimation
fsew0,009,validation,data/processed/mocha_aai_features/fsew0/009.npz,275,14,2.74,3.21825,0.4782,synchronized_overlap_no_lag_estimation
fsew0,010,train,data/processed/mocha_aai_features/fsew0/010.npz,342,14,3.416,3.71862,0.3026,synchronized_overlap_no_lag_estimation
fsew0,011,train,data/processed/mocha_aai_features/fsew0/011.npz,231,14,2.302,2.71844,0.4164,synchronized_overlap_no_lag_estimation
fsew0,012,test,data/processed/mocha_aai_features/fsew0/012.npz,238,14,2.378,2.719,0.341,synchronized_overlap_no_lag_estimation
fsew0,013,test,data/processed/mocha_aai_features/fsew0/013.npz,256,14,2.552,2.96238,0.4104,synchronized_overlap_no_lag_estimation
fsew0,014,train,data/processed/mocha_aai_features/fsew0/014.npz,349,14,3.486,3.96837,0.4824,synchronized_overlap_no_lag_estimation
fsew0,015,train,data/processed/mocha_aai_features/fsew0/015.npz,334,14,3.33,3.71881,0.3888,synchronized_overlap_no_lag_estimation
fsew0,016,train,data/processed/mocha_aai_features/fsew0/016.npz,292,14,2.916,3.219,0.303,synchronized_overlap_no_lag_estimation
fsew0,017,train,data/processed/mocha_aai_features/fsew0/017.npz,274,14,2.736,3.21787,0.4819,synchronized_overlap_no_lag_estimation
fsew0,018,validation,data/processed/mocha_aai_features/fsew0/018.npz,325,14,3.246,3.71862,0.4726,synchronized_overlap_no_lag_estimation
fsew0,019,train,data/processed/mocha_aai_features/fsew0/019.npz,351,14,3.506,3.96738,0.4614,synchronized_overlap_no_lag_estimation
fsew0,020,train,data/processed/mocha_aai_features/fsew0/020.npz,354,14,3.534,3.96837,0.4344,synchronized_overlap_no_lag_estimation
fsew0,021,train,data/processed/mocha_aai_features/fsew0/021.npz,284,14,2.836,3.2185,0.3825,synchronized_overlap_no_lag_estimation
fsew0,022,test,data/processed/mocha_aai_features/fsew0/022.npz,308,14,3.078,3.46513,0.3871,synchronized_overlap_no_lag_estimation
fsew0,023,train,data/processed/mocha_aai_features/fsew0/023.npz,318,14,3.178,3.46813,0.2901,synchronized_overlap_no_lag_estimation
fsew0,024,validation,data/processed/mocha_aai_features/fsew0/024.npz,319,14,3.18,3.46813,0.2881,synchronized_overlap_no_lag_estimation
fsew0,025,train,data/processed/mocha_aai_features/fsew0/025.npz,302,14,3.016,3.45569,0.4397,synchronized_overlap_no_lag_estimation
fsew0,026,train,data/processed/mocha_aai_features/fsew0/026.npz,346,14,3.452,3.96881,0.5168,synchronized_overlap_no_lag_estimation
fsew0,027,train,data/processed/mocha_aai_features/fsew0/027.npz,286,14,2.852,3.21731,0.3653,synchronized_overlap_no_lag_estimation
fsew0,028,train,data/processed/mocha_aai_features/fsew0/028.npz,355,14,3.546,3.96706,0.4211,synchronized_overlap_no_lag_estimation
fsew0,029,train,data/processed/mocha_aai_features/fsew0/029.npz,351,14,3.502,3.96862,0.4666,synchronized_overlap_no_lag_estimation
fsew0,030,train,data/processed/mocha_aai_features/fsew0/030.npz,357,14,3.566,3.96813,0.4021,synchronized_overlap_no_lag_estimation
fsew0,031,train,data/processed/mocha_aai_features/fsew0/031.npz,261,14,2.602,2.96837,0.3664,synchronized_overlap_no_lag_estimation
fsew0,032,train,data/processed/mocha_aai_features/fsew0/032.npz,225,14,2.244,2.71825,0.4742,synchronized_overlap_no_lag_estimation
fsew0,033,train,data/processed/mocha_aai_features/fsew0/033.npz,345,14,3.444,3.7185,0.2745,synchronized_overlap_no_lag_estimation
fsew0,034,train,data/processed/mocha_aai_features/fsew0/034.npz,281,14,2.8,3.21837,0.4184,synchronized_overlap_no_lag_estimation
fsew0,035,train,data/processed/mocha_aai_features/fsew0/035.npz,272,14,2.718,3.21819,0.5002,synchronized_overlap_no_lag_estimation
fsew0,036,train,data/processed/mocha_aai_features/fsew0/036.npz,406,14,4.058,4.46837,0.4104,synchronized_overlap_no_lag_estimation
fsew0,037,train,data/processed/mocha_aai_features/fsew0/037.npz,321,14,3.2,3.719,0.519,synchronized_overlap_no_lag_estimation
fsew0,038,train,data/processed/mocha_aai_features/fsew0/038.npz,386,14,3.858,4.222,0.364,synchronized_overlap_no_lag_estimation
fsew0,039,train,data/processed/mocha_aai_features/fsew0/039.npz,379,14,3.788,4.21881,0.4308,synchronized_overlap_no_lag_estimation
fsew0,040,train,data/processed/mocha_aai_features/fsew0/040.npz,391,14,3.906,4.21625,0.3102,synchronized_overlap_no_lag_estimation
fsew0,041,train,data/processed/mocha_aai_features/fsew0/041.npz,415,14,4.14,4.46869,0.3287,synchronized_overlap_no_lag_estimation
fsew0,042,train,data/processed/mocha_aai_features/fsew0/042.npz,328,14,3.278,3.71813,0.4401,synchronized_overlap_no_lag_estimation
fsew0,043,train,data/processed/mocha_aai_features/fsew0/043.npz,373,14,3.726,4.21869,0.4927,synchronized_overlap_no_lag_estimation
fsew0,044,train,data/processed/mocha_aai_features/fsew0/044.npz,336,14,3.358,3.71844,0.3604,synchronized_overlap_no_lag_estimation
fsew0,045,test,data/processed/mocha_aai_features/fsew0/045.npz,389,14,3.886,4.21869,0.3327,synchronized_overlap_no_lag_estimation
fsew0,046,train,data/processed/mocha_aai_features/fsew0/046.npz,325,14,3.244,3.71819,0.4742,synchronized_overlap_no_lag_estimation
fsew0,047,train,data/processed/mocha_aai_features/fsew0/047.npz,322,14,3.218,3.71725,0.4992,synchronized_overlap_no_lag_estimation
fsew0,048,train,data/processed/mocha_aai_features/fsew0/048.npz,368,14,3.678,3.96813,0.2901,synchronized_overlap_no_lag_estimation
fsew0,049,train,data/processed/mocha_aai_features/fsew0/049.npz,369,14,3.682,3.96837,0.2864,synchronized_overlap_no_lag_estimation
fsew0,050,train,data/processed/mocha_aai_features/fsew0/050.npz,412,14,4.112,4.46881,0.3568,synchronized_overlap_no_lag_estimation
fsew0,051,train,data/processed/mocha_aai_features/fsew0/051.npz,366,14,3.65,3.95337,0.3034,synchronized_overlap_no_lag_estimation
fsew0,052,test,data/processed/mocha_aai_features/fsew0/052.npz,355,14,3.546,3.96381,0.4178,synchronized_overlap_no_lag_estimation
fsew0,053,train,data/processed/mocha_aai_features/fsew0/053.npz,361,14,3.6,4.03069,0.4307,synchronized_overlap_no_lag_estimation
fsew0,054,train,data/processed/mocha_aai_features/fsew0/054.npz,418,14,4.178,4.46731,0.2893,synchronized_overlap_no_lag_estimation
fsew0,055,train,data/processed/mocha_aai_features/fsew0/055.npz,380,14,3.794,4.28062,0.4866,synchronized_overlap_no_lag_estimation
fsew0,056,test,data/processed/mocha_aai_features/fsew0/056.npz,389,14,3.88,4.21863,0.3386,synchronized_overlap_no_lag_estimation
fsew0,057,train,data/processed/mocha_aai_features/fsew0/057.npz,339,14,3.382,3.78063,0.3986,synchronized_overlap_no_lag_estimation
fsew0,058,train,data/processed/mocha_aai_features/fsew0/058.npz,457,14,4.568,4.96462,0.3966,synchronized_overlap_no_lag_estimation
fsew0,059,train,data/processed/mocha_aai_features/fsew0/059.npz,342,14,3.41,3.71813,0.3081,synchronized_overlap_no_lag_estimation
fsew0,060,train,data/processed/mocha_aai_features/fsew0/060.npz,442,14,4.414,4.71837,0.3044,synchronized_overlap_no_lag_estimation
fsew0,061,train,data/processed/mocha_aai_features/fsew0/061.npz,405,14,4.04,4.46825,0.4283,synchronized_overlap_no_lag_estimation
fsew0,062,train,data/processed/mocha_aai_features/fsew0/062.npz,354,14,3.534,3.96869,0.4347,synchronized_overlap_no_lag_estimation
fsew0,063,train,data/processed/mocha_aai_features/fsew0/063.npz,332,14,3.318,3.71731,0.3993,synchronized_overlap_no_lag_estimation
fsew0,064,train,data/processed/mocha_aai_features/fsew0/064.npz,340,14,3.396,3.7155,0.3195,synchronized_overlap_no_lag_estimation
fsew0,065,train,data/processed/mocha_aai_features/fsew0/065.npz,346,14,3.458,3.96888,0.5109,synchronized_overlap_no_lag_estimation
fsew0,066,train,data/processed/mocha_aai_features/fsew0/066.npz,353,14,3.524,3.96813,0.4441,synchronized_overlap_no_lag_estimation
fsew0,067,train,data/processed/mocha_aai_features/fsew0/067.npz,447,14,4.466,4.96444,0.4984,synchronized_overlap_no_lag_estimation
fsew0,068,test,data/processed/mocha_aai_features/fsew0/068.npz,398,14,3.976,4.46863,0.4926,synchronized_overlap_no_lag_estimation
fsew0,069,train,data/processed/mocha_aai_features/fsew0/069.npz,387,14,3.864,4.21788,0.3539,synchronized_overlap_no_lag_estimation
fsew0,070,train,data/processed/mocha_aai_features/fsew0/070.npz,236,14,2.35,2.71819,0.3682,synchronized_overlap_no_lag_estimation
fsew0,071,train,data/processed/mocha_aai_features/fsew0/071.npz,357,14,3.562,3.96894,0.4069,synchronized_overlap_no_lag_estimation
fsew0,072,train,data/processed/mocha_aai_features/fsew0/072.npz,275,14,2.74,3.20713,0.4671,synchronized_overlap_no_lag_estimation
fsew0,073,train,data/processed/mocha_aai_features/fsew0/073.npz,385,14,3.844,4.21812,0.3741,synchronized_overlap_no_lag_estimation
fsew0,074,train,data/processed/mocha_aai_features/fsew0/074.npz,313,14,3.124,3.468,0.344,synchronized_overlap_no_lag_estimation
fsew0,075,train,data/processed/mocha_aai_features/fsew0/075.npz,331,14,3.304,3.71775,0.4137,synchronized_overlap_no_lag_estimation
fsew0,076,train,data/processed/mocha_aai_features/fsew0/076.npz,406,14,4.056,4.46837,0.4124,synchronized_overlap_no_lag_estimation
fsew0,077,train,data/processed/mocha_aai_features/fsew0/077.npz,352,14,3.518,3.96837,0.4504,synchronized_overlap_no_lag_estimation
fsew0,078,validation,data/processed/mocha_aai_features/fsew0/078.npz,327,14,3.266,3.53063,0.2646,synchronized_overlap_no_lag_estimation
fsew0,079,train,data/processed/mocha_aai_features/fsew0/079.npz,347,14,3.468,3.96813,0.5001,synchronized_overlap_no_lag_estimation
fsew0,080,train,data/processed/mocha_aai_features/fsew0/080.npz,298,14,2.97,3.46813,0.4981,synchronized_overlap_no_lag_estimation
fsew0,081,train,data/processed/mocha_aai_features/fsew0/081.npz,320,14,3.19,3.46869,0.2787,synchronized_overlap_no_lag_estimation
fsew0,082,train,data/processed/mocha_aai_features/fsew0/082.npz,349,14,3.484,3.78087,0.2969,synchronized_overlap_no_lag_estimation
fsew0,083,train,data/processed/mocha_aai_features/fsew0/083.npz,311,14,3.1,3.46206,0.3621,synchronized_overlap_no_lag_estimation
fsew0,084,train,data/processed/mocha_aai_features/fsew0/084.npz,446,14,4.458,4.956,0.498,synchronized_overlap_no_lag_estimation
fsew0,085,train,data/processed/mocha_aai_features/fsew0/085.npz,308,14,3.076,3.46794,0.3919,synchronized_overlap_no_lag_estimation
fsew0,086,train,data/processed/mocha_aai_features/fsew0/086.npz,355,14,3.54,3.96181,0.4218,synchronized_overlap_no_lag_estimation
fsew0,087,validation,data/processed/mocha_aai_features/fsew0/087.npz,339,14,3.38,3.71537,0.3354,synchronized_overlap_no_lag_estimation
fsew0,088,train,data/processed/mocha_aai_features/fsew0/088.npz,433,14,4.324,4.71731,0.3933,synchronized_overlap_no_lag_estimation
fsew0,089,train,data/processed/mocha_aai_features/fsew0/089.npz,363,14,3.628,3.96813,0.3401,synchronized_overlap_no_lag_estimation
fsew0,090,train,data/processed/mocha_aai_features/fsew0/090.npz,322,14,3.216,3.71825,0.5022,synchronized_overlap_no_lag_estimation
fsew0,091,train,data/processed/mocha_aai_features/fsew0/091.npz,367,14,3.662,3.96825,0.3062,synchronized_overlap_no_lag_estimation
fsew0,092,train,data/processed/mocha_aai_features/fsew0/092.npz,345,14,3.446,3.71813,0.2721,synchronized_overlap_no_lag_estimation
fsew0,093,train,data/processed/mocha_aai_features/fsew0/093.npz,288,14,2.87,3.217,0.347,synchronized_overlap_no_lag_estimation
fsew0,094,train,data/processed/mocha_aai_features/fsew0/094.npz,355,14,3.548,3.96794,0.4199,synchronized_overlap_no_lag_estimation
fsew0,095,train,data/processed/mocha_aai_features/fsew0/095.npz,404,14,4.032,4.46837,0.4364,synchronized_overlap_no_lag_estimation
fsew0,096,train,data/processed/mocha_aai_features/fsew0/096.npz,381,14,3.804,4.21406,0.4101,synchronized_overlap_no_lag_estimation
fsew0,097,train,data/processed/mocha_aai_features/fsew0/097.npz,463,14,4.62,4.968,0.348,synchronized_overlap_no_lag_estimation
fsew0,098,train,data/processed/mocha_aai_features/fsew0/098.npz,306,14,3.058,3.468,0.41,synchronized_overlap_no_lag_estimation
fsew0,099,train,data/processed/mocha_aai_features/fsew0/099.npz,260,14,2.594,2.96869,0.3747,synchronized_overlap_no_lag_estimation
fsew0,100,train,data/processed/mocha_aai_features/fsew0/100.npz,385,14,3.846,4.21825,0.3722,synchronized_overlap_no_lag_estimation
fsew0,101,train,data/processed/mocha_aai_features/fsew0/101.npz,383,14,3.826,4.21419,0.3882,synchronized_overlap_no_lag_estimation
fsew0,102,train,data/processed/mocha_aai_features/fsew0/102.npz,450,14,4.496,4.96837,0.4724,synchronized_overlap_no_lag_estimation
fsew0,103,train,data/processed/mocha_aai_features/fsew0/103.npz,503,14,5.028,5.46837,0.4404,synchronized_overlap_no_lag_estimation
fsew0,104,test,data/processed/mocha_aai_features/fsew0/104.npz,316,14,3.158,3.46869,0.3107,synchronized_overlap_no_lag_estimation
fsew0,105,train,data/processed/mocha_aai_features/fsew0/105.npz,244,14,2.436,2.71825,0.2822,synchronized_overlap_no_lag_estimation
fsew0,106,train,data/processed/mocha_aai_features/fsew0/106.npz,306,14,3.058,3.46862,0.4106,synchronized_overlap_no_lag_estimation
fsew0,107,train,data/processed/mocha_aai_features/fsew0/107.npz,302,14,3.012,3.46819,0.4562,synchronized_overlap_no_lag_estimation
fsew0,108,train,data/processed/mocha_aai_features/fsew0/108.npz,317,14,3.166,3.45887,0.2929,synchronized_overlap_no_lag_estimation
fsew0,109,validation,data/processed/mocha_aai_features/fsew0/109.npz,386,14,3.856,4.21881,0.3628,synchronized_overlap_no_lag_estimation
fsew0,110,train,data/processed/mocha_aai_features/fsew0/110.npz,392,14,3.912,4.21844,0.3064,synchronized_overlap_no_lag_estimation
fsew0,111,train,data/processed/mocha_aai_features/fsew0/111.npz,414,14,4.132,4.46844,0.3364,synchronized_overlap_no_lag_estimation
fsew0,112,train,data/processed/mocha_aai_features/fsew0/112.npz,408,14,4.072,4.46525,0.3932,synchronized_overlap_no_lag_estimation
fsew0,113,train,data/processed/mocha_aai_features/fsew0/113.npz,328,14,3.272,3.708,0.436,synchronized_overlap_no_lag_estimation
fsew0,114,train,data/processed/mocha_aai_features/fsew0/114.npz,357,14,3.566,3.96819,0.4022,synchronized_overlap_no_lag_estimation
fsew0,115,train,data/processed/mocha_aai_features/fsew0/115.npz,341,14,3.408,3.71687,0.3089,synchronized_overlap_no_lag_estimation
fsew0,116,train,data/processed/mocha_aai_features/fsew0/116.npz,344,14,3.432,3.71844,0.2864,synchronized_overlap_no_lag_estimation
fsew0,117,train,data/processed/mocha_aai_features/fsew0/117.npz,317,14,3.164,3.4685,0.3045,synchronized_overlap_no_lag_estimation
fsew0,118,train,data/processed/mocha_aai_features/fsew0/118.npz,439,14,4.386,4.71687,0.3309,synchronized_overlap_no_lag_estimation
fsew0,119,train,data/processed/mocha_aai_features/fsew0/119.npz,296,14,2.956,3.46825,0.5122,synchronized_overlap_no_lag_estimation
fsew0,120,train,data/processed/mocha_aai_features/fsew0/120.npz,338,14,3.378,3.71844,0.3404,synchronized_overlap_no_lag_estimation
fsew0,121,train,data/processed/mocha_aai_features/fsew0/121.npz,339,14,3.38,3.71862,0.3386,synchronized_overlap_no_lag_estimation
fsew0,122,train,data/processed/mocha_aai_features/fsew0/122.npz,405,14,4.04,4.4675,0.4275,synchronized_overlap_no_lag_estimation
fsew0,123,train,data/processed/mocha_aai_features/fsew0/123.npz,377,14,3.762,4.21825,0.4562,synchronized_overlap_no_lag_estimation
fsew0,124,train,data/processed/mocha_aai_features/fsew0/124.npz,408,14,4.074,4.46713,0.3931,synchronized_overlap_no_lag_estimation
fsew0,125,train,data/processed/mocha_aai_features/fsew0/125.npz,414,14,4.132,4.46844,0.3364,synchronized_overlap_no_lag_estimation
fsew0,126,train,data/processed/mocha_aai_features/fsew0/126.npz,295,14,2.958,3.46837,0.5104,synchronized_overlap_no_lag_estimation
fsew0,127,test,data/processed/mocha_aai_features/fsew0/127.npz,347,14,3.47,3.96844,0.4984,synchronized_overlap_no_lag_estimation
fsew0,128,test,data/processed/mocha_aai_features/fsew0/128.npz,330,14,3.302,3.718,0.416,synchronized_overlap_no_lag_estimation
fsew0,129,train,data/processed/mocha_aai_features/fsew0/129.npz,283,14,2.83,3.21862,0.3886,synchronized_overlap_no_lag_estimation
fsew0,130,train,data/processed/mocha_aai_features/fsew0/130.npz,331,14,3.312,3.7185,0.4065,synchronized_overlap_no_lag_estimation
fsew0,131,train,data/processed/mocha_aai_features/fsew0/131.npz,395,14,3.954,4.28144,0.3274,synchronized_overlap_no_lag_estimation
fsew0,132,train,data/processed/mocha_aai_features/fsew0/132.npz,317,14,3.17,3.4675,0.2975,synchronized_overlap_no_lag_estimation
fsew0,133,train,data/processed/mocha_aai_features/fsew0/133.npz,310,14,3.104,3.46775,0.3637,synchronized_overlap_no_lag_estimation
fsew0,134,train,data/processed/mocha_aai_features/fsew0/134.npz,385,14,3.856,4.2185,0.3625,synchronized_overlap_no_lag_estimation
fsew0,135,train,data/processed/mocha_aai_features/fsew0/135.npz,333,14,3.33,3.71525,0.3852,synchronized_overlap_no_lag_estimation
fsew0,136,train,data/processed/mocha_aai_features/fsew0/136.npz,416,14,4.162,4.5315,0.3695,synchronized_overlap_no_lag_estimation
fsew0,137,train,data/processed/mocha_aai_features/fsew0/137.npz,398,14,3.982,4.46506,0.4831,synchronized_overlap_no_lag_estimation
fsew0,138,train,data/processed/mocha_aai_features/fsew0/138.npz,435,14,4.354,4.71825,0.3642,synchronized_overlap_no_lag_estimation
fsew0,139,train,data/processed/mocha_aai_features/fsew0/139.npz,415,14,4.152,4.46837,0.3164,synchronized_overlap_no_lag_estimation
fsew0,140,train,data/processed/mocha_aai_features/fsew0/140.npz,384,14,3.848,4.21837,0.3704,synchronized_overlap_no_lag_estimation
fsew0,141,validation,data/processed/mocha_aai_features/fsew0/141.npz,334,14,3.346,3.71619,0.3702,synchronized_overlap_no_lag_estimation
fsew0,142,train,data/processed/mocha_aai_features/fsew0/142.npz,379,14,3.79,4.21825,0.4282,synchronized_overlap_no_lag_estimation
fsew0,143,validation,data/processed/mocha_aai_features/fsew0/143.npz,412,14,4.12,4.46331,0.3433,synchronized_overlap_no_lag_estimation
fsew0,144,train,data/processed/mocha_aai_features/fsew0/144.npz,400,14,4.006,4.46863,0.4626,synchronized_overlap_no_lag_estimation
fsew0,145,train,data/processed/mocha_aai_features/fsew0/145.npz,384,14,3.844,4.21294,0.3689,synchronized_overlap_no_lag_estimation
fsew0,146,train,data/processed/mocha_aai_features/fsew0/146.npz,345,14,3.454,3.71844,0.2644,synchronized_overlap_no_lag_estimation
fsew0,147,train,data/processed/mocha_aai_features/fsew0/147.npz,341,14,3.416,3.70887,0.2929,synchronized_overlap_no_lag_estimation
fsew0,148,train,data/processed/mocha_aai_features/fsew0/148.npz,342,14,3.426,3.71862,0.2926,synchronized_overlap_no_lag_estimation
fsew0,149,train,data/processed/mocha_aai_features/fsew0/149.npz,400,14,4.006,4.46819,0.4622,synchronized_overlap_no_lag_estimation
fsew0,150,train,data/processed/mocha_aai_features/fsew0/150.npz,375,14,3.752,4.21812,0.4661,synchronized_overlap_no_lag_estimation
fsew0,151,train,data/processed/mocha_aai_features/fsew0/151.npz,446,14,4.466,4.96812,0.5021,synchronized_overlap_no_lag_estimation
fsew0,152,train,data/processed/mocha_aai_features/fsew0/152.npz,330,14,3.304,3.71837,0.4144,synchronized_overlap_no_lag_estimation
fsew0,153,train,data/processed/mocha_aai_features/fsew0/153.npz,408,14,4.084,4.46837,0.3844,synchronized_overlap_no_lag_estimation
fsew0,154,train,data/processed/mocha_aai_features/fsew0/154.npz,412,14,4.124,4.46031,0.3363,synchronized_overlap_no_lag_estimation
fsew0,155,train,data/processed/mocha_aai_features/fsew0/155.npz,482,14,4.828,5.21837,0.3904,synchronized_overlap_no_lag_estimation
fsew0,156,train,data/processed/mocha_aai_features/fsew0/156.npz,353,14,3.53,3.96,0.43,synchronized_overlap_no_lag_estimation
fsew0,157,train,data/processed/mocha_aai_features/fsew0/157.npz,453,14,4.534,4.96837,0.4344,synchronized_overlap_no_lag_estimation
fsew0,158,validation,data/processed/mocha_aai_features/fsew0/158.npz,385,14,3.85,4.2175,0.3675,synchronized_overlap_no_lag_estimation
fsew0,159,train,data/processed/mocha_aai_features/fsew0/159.npz,319,14,3.198,3.46269,0.2647,synchronized_overlap_no_lag_estimation
fsew0,160,train,data/processed/mocha_aai_features/fsew0/160.npz,328,14,3.284,3.71444,0.4304,synchronized_overlap_no_lag_estimation
fsew0,161,train,data/processed/mocha_aai_features/fsew0/161.npz,407,14,4.072,4.469,0.397,synchronized_overlap_no_lag_estimation
fsew0,162,train,data/processed/mocha_aai_features/fsew0/162.npz,430,14,4.304,4.71819,0.4142,synchronized_overlap_no_lag_estimation
fsew0,163,train,data/processed/mocha_aai_features/fsew0/163.npz,509,14,5.096,5.46863,0.3726,synchronized_overlap_no_lag_estimation
fsew0,164,train,data/processed/mocha_aai_features/fsew0/164.npz,371,14,3.71,4.21837,0.5084,synchronized_overlap_no_lag_estimation
fsew0,165,train,data/processed/mocha_aai_features/fsew0/165.npz,383,14,3.836,4.21844,0.3824,synchronized_overlap_no_lag_estimation
fsew0,166,train,data/processed/mocha_aai_features/fsew0/166.npz,380,14,3.802,4.21756,0.4156,synchronized_overlap_no_lag_estimation
fsew0,167,train,data/processed/mocha_aai_features/fsew0/167.npz,403,14,4.036,4.44894,0.4129,synchronized_overlap_no_lag_estimation
fsew0,168,train,data/processed/mocha_aai_features/fsew0/168.npz,524,14,5.248,5.7185,0.4705,synchronized_overlap_no_lag_estimation
fsew0,169,validation,data/processed/mocha_aai_features/fsew0/169.npz,458,14,4.582,4.96812,0.3861,synchronized_overlap_no_lag_estimation
fsew0,170,train,data/processed/mocha_aai_features/fsew0/170.npz,266,14,2.664,2.96881,0.3048,synchronized_overlap_no_lag_estimation
fsew0,171,train,data/processed/mocha_aai_features/fsew0/171.npz,340,14,3.404,3.71813,0.3141,synchronized_overlap_no_lag_estimation
fsew0,172,train,data/processed/mocha_aai_features/fsew0/172.npz,521,14,5.216,5.71837,0.5024,synchronized_overlap_no_lag_estimation
fsew0,173,validation,data/processed/mocha_aai_features/fsew0/173.npz,504,14,5.04,5.45812,0.4181,synchronized_overlap_no_lag_estimation
fsew0,174,train,data/processed/mocha_aai_features/fsew0/174.npz,450,14,4.506,4.96794,0.4619,synchronized_overlap_no_lag_estimation
fsew0,175,train,data/processed/mocha_aai_features/fsew0/175.npz,394,14,3.944,4.21812,0.2741,synchronized_overlap_no_lag_estimation
fsew0,176,train,data/processed/mocha_aai_features/fsew0/176.npz,411,14,4.11,4.46837,0.3584,synchronized_overlap_no_lag_estimation
fsew0,177,train,data/processed/mocha_aai_features/fsew0/177.npz,515,14,5.156,5.46419,0.3082,synchronized_overlap_no_lag_estimation
fsew0,178,train,data/processed/mocha_aai_features/fsew0/178.npz,483,14,4.836,5.219,0.383,synchronized_overlap_no_lag_estimation
fsew0,179,train,data/processed/mocha_aai_features/fsew0/179.npz,439,14,4.398,4.71869,0.3207,synchronized_overlap_no_lag_estimation
fsew0,180,validation,data/processed/mocha_aai_features/fsew0/180.npz,290,14,2.906,3.21762,0.3116,synchronized_overlap_no_lag_estimation
fsew0,181,train,data/processed/mocha_aai_features/fsew0/181.npz,432,14,4.328,4.71775,0.3897,synchronized_overlap_no_lag_estimation
fsew0,182,train,data/processed/mocha_aai_features/fsew0/182.npz,363,14,3.636,3.958,0.322,synchronized_overlap_no_lag_estimation
fsew0,183,train,data/processed/mocha_aai_features/fsew0/183.npz,360,14,3.608,3.96437,0.3564,synchronized_overlap_no_lag_estimation
fsew0,184,train,data/processed/mocha_aai_features/fsew0/184.npz,434,14,4.344,4.7185,0.3745,synchronized_overlap_no_lag_estimation
fsew0,185,train,data/processed/mocha_aai_features/fsew0/185.npz,327,14,3.272,3.71725,0.4452,synchronized_overlap_no_lag_estimation
fsew0,186,train,data/processed/mocha_aai_features/fsew0/186.npz,291,14,2.916,3.2815,0.3655,synchronized_overlap_no_lag_estimation
fsew0,187,train,data/processed/mocha_aai_features/fsew0/187.npz,337,14,3.372,3.71344,0.3414,synchronized_overlap_no_lag_estimation
fsew0,188,train,data/processed/mocha_aai_features/fsew0/188.npz,340,14,3.4,3.71825,0.3182,synchronized_overlap_no_lag_estimation
fsew0,189,train,data/processed/mocha_aai_features/fsew0/189.npz,265,14,2.658,2.96869,0.3107,synchronized_overlap_no_lag_estimation
fsew0,190,validation,data/processed/mocha_aai_features/fsew0/190.npz,284,14,2.844,3.21837,0.3744,synchronized_overlap_no_lag_estimation
fsew0,191,train,data/processed/mocha_aai_features/fsew0/191.npz,238,14,2.388,2.71862,0.3306,synchronized_overlap_no_lag_estimation
fsew0,192,train,data/processed/mocha_aai_features/fsew0/192.npz,327,14,3.27,3.71837,0.4484,synchronized_overlap_no_lag_estimation
fsew0,193,train,data/processed/mocha_aai_features/fsew0/193.npz,378,14,3.784,4.21881,0.4348,synchronized_overlap_no_lag_estimation
fsew0,194,train,data/processed/mocha_aai_features/fsew0/194.npz,336,14,3.364,3.71844,0.3544,synchronized_overlap_no_lag_estimation
fsew0,195,train,data/processed/mocha_aai_features/fsew0/195.npz,363,14,3.634,3.96869,0.3347,synchronized_overlap_no_lag_estimation
fsew0,196,train,data/processed/mocha_aai_features/fsew0/196.npz,303,14,3.036,3.46462,0.4286,synchronized_overlap_no_lag_estimation
fsew0,197,train,data/processed/mocha_aai_features/fsew0/197.npz,302,14,3.022,3.46387,0.4419,synchronized_overlap_no_lag_estimation
fsew0,198,train,data/processed/mocha_aai_features/fsew0/198.npz,278,14,2.788,3.21075,0.4227,synchronized_overlap_no_lag_estimation
fsew0,199,train,data/processed/mocha_aai_features/fsew0/199.npz,302,14,3.022,3.46881,0.4468,synchronized_overlap_no_lag_estimation
fsew0,200,train,data/processed/mocha_aai_features/fsew0/200.npz,267,14,2.674,2.96819,0.2942,synchronized_overlap_no_lag_estimation
fsew0,201,train,data/processed/mocha_aai_features/fsew0/201.npz,293,14,2.93,3.21825,0.2882,synchronized_overlap_no_lag_estimation
fsew0,202,train,data/processed/mocha_aai_features/fsew0/202.npz,311,14,3.116,3.4685,0.3525,synchronized_overlap_no_lag_estimation
fsew0,203,train,data/processed/mocha_aai_features/fsew0/203.npz,420,14,4.202,4.71844,0.5164,synchronized_overlap_no_lag_estimation
fsew0,204,validation,data/processed/mocha_aai_features/fsew0/204.npz,336,14,3.368,3.71862,0.3506,synchronized_overlap_no_lag_estimation
fsew0,205,test,data/processed/mocha_aai_features/fsew0/205.npz,342,14,3.426,3.7175,0.2915,synchronized_overlap_no_lag_estimation
fsew0,206,train,data/processed/mocha_aai_features/fsew0/206.npz,247,14,2.47,2.96488,0.4949,synchronized_overlap_no_lag_estimation
fsew0,207,train,data/processed/mocha_aai_features/fsew0/207.npz,297,14,2.978,3.28144,0.3034,synchronized_overlap_no_lag_estimation
fsew0,208,train,data/processed/mocha_aai_features/fsew0/208.npz,290,14,2.9,3.20912,0.3091,synchronized_overlap_no_lag_estimation
fsew0,209,train,data/processed/mocha_aai_features/fsew0/209.npz,425,14,4.258,4.71906,0.4611,synchronized_overlap_no_lag_estimation
fsew0,210,train,data/processed/mocha_aai_features/fsew0/210.npz,378,14,3.78,4.21819,0.4382,synchronized_overlap_no_lag_estimation
fsew0,211,train,data/processed/mocha_aai_features/fsew0/211.npz,248,14,2.482,2.96844,0.4864,synchronized_overlap_no_lag_estimation
fsew0,212,train,data/processed/mocha_aai_features/fsew0/212.npz,369,14,3.694,3.96837,0.2744,synchronized_overlap_no_lag_estimation
fsew0,213,train,data/processed/mocha_aai_features/fsew0/213.npz,354,14,3.548,3.9685,0.4205,synchronized_overlap_no_lag_estimation
fsew0,214,train,data/processed/mocha_aai_features/fsew0/214.npz,316,14,3.168,3.46819,0.3002,synchronized_overlap_no_lag_estimation
fsew0,215,train,data/processed/mocha_aai_features/fsew0/215.npz,381,14,3.816,4.28094,0.4649,synchronized_overlap_no_lag_estimation
fsew0,216,train,data/processed/mocha_aai_features/fsew0/216.npz,412,14,4.126,4.46819,0.3422,synchronized_overlap_no_lag_estimation
fsew0,217,train,data/processed/mocha_aai_features/fsew0/217.npz,344,14,3.446,3.95938,0.5134,synchronized_overlap_no_lag_estimation
fsew0,218,train,data/processed/mocha_aai_features/fsew0/218.npz,396,14,3.968,4.46812,0.5001,synchronized_overlap_no_lag_estimation
fsew0,219,validation,data/processed/mocha_aai_features/fsew0/219.npz,411,14,4.11,4.46837,0.3584,synchronized_overlap_no_lag_estimation
fsew0,220,validation,data/processed/mocha_aai_features/fsew0/220.npz,304,14,3.046,3.46488,0.4189,synchronized_overlap_no_lag_estimation
fsew0,221,train,data/processed/mocha_aai_features/fsew0/221.npz,280,14,2.808,3.21837,0.4104,synchronized_overlap_no_lag_estimation
fsew0,222,train,data/processed/mocha_aai_features/fsew0/222.npz,379,14,3.792,4.21812,0.4261,synchronized_overlap_no_lag_estimation
fsew0,223,train,data/processed/mocha_aai_features/fsew0/223.npz,397,14,3.97,4.21812,0.2481,synchronized_overlap_no_lag_estimation
fsew0,224,train,data/processed/mocha_aai_features/fsew0/224.npz,409,14,4.098,4.46906,0.3711,synchronized_overlap_no_lag_estimation
fsew0,225,validation,data/processed/mocha_aai_features/fsew0/225.npz,373,14,3.73,4.2185,0.4885,synchronized_overlap_no_lag_estimation
fsew0,226,train,data/processed/mocha_aai_features/fsew0/226.npz,329,14,3.298,3.71837,0.4204,synchronized_overlap_no_lag_estimation
fsew0,227,train,data/processed/mocha_aai_features/fsew0/227.npz,326,14,3.26,3.71844,0.4584,synchronized_overlap_no_lag_estimation
fsew0,228,train,data/processed/mocha_aai_features/fsew0/228.npz,234,14,2.342,2.71862,0.3766,synchronized_overlap_no_lag_estimation
fsew0,229,validation,data/processed/mocha_aai_features/fsew0/229.npz,268,14,2.686,2.96794,0.2819,synchronized_overlap_no_lag_estimation
fsew0,230,train,data/processed/mocha_aai_features/fsew0/230.npz,401,14,4.018,4.46812,0.4501,synchronized_overlap_no_lag_estimation
fsew0,231,test,data/processed/mocha_aai_features/fsew0/231.npz,285,14,2.852,3.21837,0.3664,synchronized_overlap_no_lag_estimation
fsew0,232,train,data/processed/mocha_aai_features/fsew0/232.npz,303,14,3.03,3.46862,0.4386,synchronized_overlap_no_lag_estimation
fsew0,233,train,data/processed/mocha_aai_features/fsew0/233.npz,226,14,2.268,2.71888,0.4509,synchronized_overlap_no_lag_estimation
fsew0,234,train,data/processed/mocha_aai_features/fsew0/234.npz,207,14,2.074,2.46837,0.3944,synchronized_overlap_no_lag_estimation
fsew0,235,train,data/processed/mocha_aai_features/fsew0/235.npz,189,14,1.892,2.21837,0.3264,synchronized_overlap_no_lag_estimation
fsew0,236,train,data/processed/mocha_aai_features/fsew0/236.npz,440,14,4.404,4.71881,0.3148,synchronized_overlap_no_lag_estimation
fsew0,237,validation,data/processed/mocha_aai_features/fsew0/237.npz,253,14,2.538,2.9685,0.4305,synchronized_overlap_no_lag_estimation
fsew0,238,train,data/processed/mocha_aai_features/fsew0/238.npz,306,14,3.068,3.469,0.401,synchronized_overlap_no_lag_estimation
fsew0,239,train,data/processed/mocha_aai_features/fsew0/239.npz,383,14,3.836,4.20644,0.3704,synchronized_overlap_no_lag_estimation
fsew0,240,train,data/processed/mocha_aai_features/fsew0/240.npz,362,14,3.624,3.96813,0.3441,synchronized_overlap_no_lag_estimation
fsew0,241,test,data/processed/mocha_aai_features/fsew0/241.npz,288,14,2.882,3.20319,0.3212,synchronized_overlap_no_lag_estimation
fsew0,242,train,data/processed/mocha_aai_features/fsew0/242.npz,220,14,2.206,2.46837,0.2624,synchronized_overlap_no_lag_estimation
fsew0,243,test,data/processed/mocha_aai_features/fsew0/243.npz,318,14,3.182,3.46819,0.2862,synchronized_overlap_no_lag_estimation
fsew0,244,train,data/processed/mocha_aai_features/fsew0/244.npz,350,14,3.504,3.96862,0.4646,synchronized_overlap_no_lag_estimation
fsew0,245,train,data/processed/mocha_aai_features/fsew0/245.npz,405,14,4.05,4.46488,0.4149,synchronized_overlap_no_lag_estimation
fsew0,246,train,data/processed/mocha_aai_features/fsew0/246.npz,350,14,3.508,3.96869,0.4607,synchronized_overlap_no_lag_estimation
fsew0,247,train,data/processed/mocha_aai_features/fsew0/247.npz,296,14,2.964,3.4685,0.5045,synchronized_overlap_no_lag_estimation
fsew0,248,train,data/processed/mocha_aai_features/fsew0/248.npz,396,14,3.968,4.46762,0.4996,synchronized_overlap_no_lag_estimation
fsew0,249,train,data/processed/mocha_aai_features/fsew0/249.npz,389,14,3.898,4.21863,0.3206,synchronized_overlap_no_lag_estimation
fsew0,250,train,data/processed/mocha_aai_features/fsew0/250.npz,319,14,3.194,3.70494,0.5109,synchronized_overlap_no_lag_estimation
fsew0,251,train,data/processed/mocha_aai_features/fsew0/251.npz,303,14,3.03,3.46837,0.4384,synchronized_overlap_no_lag_estimation
fsew0,252,train,data/processed/mocha_aai_features/fsew0/252.npz,431,14,4.312,4.71844,0.4064,synchronized_overlap_no_lag_estimation
fsew0,253,validation,data/processed/mocha_aai_features/fsew0/253.npz,294,14,2.946,3.21813,0.2721,synchronized_overlap_no_lag_estimation
fsew0,254,train,data/processed/mocha_aai_features/fsew0/254.npz,314,14,3.146,3.46525,0.3192,synchronized_overlap_no_lag_estimation
fsew0,255,train,data/processed/mocha_aai_features/fsew0/255.npz,350,14,3.502,3.96837,0.4664,synchronized_overlap_no_lag_estimation
fsew0,256,train,data/processed/mocha_aai_features/fsew0/256.npz,419,14,4.19,4.4655,0.2755,synchronized_overlap_no_lag_estimation
fsew0,257,train,data/processed/mocha_aai_features/fsew0/257.npz,350,14,3.5,3.96844,0.4684,synchronized_overlap_no_lag_estimation
fsew0,258,train,data/processed/mocha_aai_features/fsew0/258.npz,322,14,3.224,3.71844,0.4944,synchronized_overlap_no_lag_estimation
fsew0,259,test,data/processed/mocha_aai_features/fsew0/259.npz,338,14,3.382,3.7185,0.3365,synchronized_overlap_no_lag_estimation
fsew0,260,test,data/processed/mocha_aai_features/fsew0/260.npz,365,14,3.658,3.95656,0.2986,synchronized_overlap_no_lag_estimation
fsew0,261,train,data/processed/mocha_aai_features/fsew0/261.npz,335,14,3.354,3.71837,0.3644,synchronized_overlap_no_lag_estimation
fsew0,262,train,data/processed/mocha_aai_features/fsew0/262.npz,315,14,3.158,3.469,0.311,synchronized_overlap_no_lag_estimation
fsew0,263,train,data/processed/mocha_aai_features/fsew0/263.npz,406,14,4.062,4.46894,0.4069,synchronized_overlap_no_lag_estimation
fsew0,264,train,data/processed/mocha_aai_features/fsew0/264.npz,346,14,3.462,3.969,0.507,synchronized_overlap_no_lag_estimation
fsew0,265,train,data/processed/mocha_aai_features/fsew0/265.npz,405,14,4.056,4.46794,0.4119,synchronized_overlap_no_lag_estimation
fsew0,266,train,data/processed/mocha_aai_features/fsew0/266.npz,270,14,2.7,2.96787,0.2679,synchronized_overlap_no_lag_estimation
fsew0,267,train,data/processed/mocha_aai_features/fsew0/267.npz,379,14,3.798,4.21819,0.4202,synchronized_overlap_no_lag_estimation
fsew0,268,train,data/processed/mocha_aai_features/fsew0/268.npz,301,14,3.018,3.469,0.451,synchronized_overlap_no_lag_estimation
fsew0,269,test,data/processed/mocha_aai_features/fsew0/269.npz,372,14,3.72,4.21844,0.4984,synchronized_overlap_no_lag_estimation
fsew0,270,test,data/processed/mocha_aai_features/fsew0/270.npz,357,14,3.576,3.9675,0.3915,synchronized_overlap_no_lag_estimation
fsew0,271,train,data/processed/mocha_aai_features/fsew0/271.npz,344,14,3.448,3.78169,0.3337,synchronized_overlap_no_lag_estimation
fsew0,272,train,data/processed/mocha_aai_features/fsew0/272.npz,438,14,4.384,4.71837,0.3344,synchronized_overlap_no_lag_estimation
fsew0,273,train,data/processed/mocha_aai_features/fsew0/273.npz,412,14,4.122,4.53094,0.4089,synchronized_overlap_no_lag_estimation
fsew0,274,train,data/processed/mocha_aai_features/fsew0/274.npz,319,14,3.19,3.46869,0.2787,synchronized_overlap_no_lag_estimation
fsew0,275,train,data/processed/mocha_aai_features/fsew0/275.npz,313,14,3.132,3.468,0.336,synchronized_overlap_no_lag_estimation
fsew0,276,train,data/processed/mocha_aai_features/fsew0/276.npz,356,14,3.568,3.96844,0.4004,synchronized_overlap_no_lag_estimation
fsew0,277,train,data/processed/mocha_aai_features/fsew0/277.npz,316,14,3.166,3.46462,0.2986,synchronized_overlap_no_lag_estimation
fsew0,278,train,data/processed/mocha_aai_features/fsew0/278.npz,366,14,3.662,4.03119,0.3692,synchronized_overlap_no_lag_estimation
fsew0,279,train,data/processed/mocha_aai_features/fsew0/279.npz,430,14,4.3,4.77956,0.4796,synchronized_overlap_no_lag_estimation
fsew0,280,train,data/processed/mocha_aai_features/fsew0/280.npz,340,14,3.402,3.71813,0.3161,synchronized_overlap_no_lag_estimation
fsew0,281,train,data/processed/mocha_aai_features/fsew0/281.npz,365,14,3.656,3.96819,0.3122,synchronized_overlap_no_lag_estimation
fsew0,282,train,data/processed/mocha_aai_features/fsew0/282.npz,291,14,2.918,3.21819,0.3002,synchronized_overlap_no_lag_estimation
fsew0,283,train,data/processed/mocha_aai_features/fsew0/283.npz,461,14,4.616,4.96775,0.3517,synchronized_overlap_no_lag_estimation
fsew0,284,train,data/processed/mocha_aai_features/fsew0/284.npz,483,14,4.826,5.21844,0.3924,synchronized_overlap_no_lag_estimation
fsew0,285,train,data/processed/mocha_aai_features/fsew0/285.npz,262,14,2.616,2.9685,0.3525,synchronized_overlap_no_lag_estimation
fsew0,286,train,data/processed/mocha_aai_features/fsew0/286.npz,415,14,4.142,4.46881,0.3268,synchronized_overlap_no_lag_estimation
fsew0,287,train,data/processed/mocha_aai_features/fsew0/287.npz,447,14,4.466,4.96819,0.5022,synchronized_overlap_no_lag_estimation
fsew0,288,train,data/processed/mocha_aai_features/fsew0/288.npz,394,14,3.932,4.21812,0.2861,synchronized_overlap_no_lag_estimation
fsew0,289,train,data/processed/mocha_aai_features/fsew0/289.npz,398,14,3.976,4.46863,0.4926,synchronized_overlap_no_lag_estimation
fsew0,290,train,data/processed/mocha_aai_features/fsew0/290.npz,400,14,3.994,4.46863,0.4746,synchronized_overlap_no_lag_estimation
fsew0,291,train,data/processed/mocha_aai_features/fsew0/291.npz,433,14,4.326,4.71119,0.3852,synchronized_overlap_no_lag_estimation
fsew0,292,train,data/processed/mocha_aai_features/fsew0/292.npz,390,14,3.898,4.21788,0.3199,synchronized_overlap_no_lag_estimation
fsew0,293,validation,data/processed/mocha_aai_features/fsew0/293.npz,390,14,3.894,4.21837,0.3244,synchronized_overlap_no_lag_estimation
fsew0,294,train,data/processed/mocha_aai_features/fsew0/294.npz,384,14,3.832,4.21863,0.3866,synchronized_overlap_no_lag_estimation
fsew0,295,test,data/processed/mocha_aai_features/fsew0/295.npz,446,14,4.458,4.964,0.506,synchronized_overlap_no_lag_estimation
fsew0,296,train,data/processed/mocha_aai_features/fsew0/296.npz,364,14,3.634,3.968,0.334,synchronized_overlap_no_lag_estimation
fsew0,297,train,data/processed/mocha_aai_features/fsew0/297.npz,477,14,4.76,5.21844,0.4584,synchronized_overlap_no_lag_estimation
fsew0,298,train,data/processed/mocha_aai_features/fsew0/298.npz,440,14,4.398,4.719,0.321,synchronized_overlap_no_lag_estimation
fsew0,299,train,data/processed/mocha_aai_features/fsew0/299.npz,305,14,3.042,3.46825,0.4262,synchronized_overlap_no_lag_estimation
fsew0,300,train,data/processed/mocha_aai_features/fsew0/300.npz,428,14,4.276,4.7815,0.5055,synchronized_overlap_no_lag_estimation
fsew0,301,train,data/processed/mocha_aai_features/fsew0/301.npz,348,14,3.476,3.96813,0.4921,synchronized_overlap_no_lag_estimation
fsew0,302,train,data/processed/mocha_aai_features/fsew0/302.npz,300,14,2.99,3.21844,0.2284,synchronized_overlap_no_lag_estimation
fsew0,303,train,data/processed/mocha_aai_features/fsew0/303.npz,428,14,4.27,4.71563,0.4456,synchronized_overlap_no_lag_estimation
fsew0,304,train,data/processed/mocha_aai_features/fsew0/304.npz,329,14,3.284,3.70369,0.4197,synchronized_overlap_no_lag_estimation
fsew0,305,train,data/processed/mocha_aai_features/fsew0/305.npz,285,14,2.842,3.21837,0.3764,synchronized_overlap_no_lag_estimation
fsew0,306,train,data/processed/mocha_aai_features/fsew0/306.npz,376,14,3.75,4.21837,0.4684,synchronized_overlap_no_lag_estimation
fsew0,307,train,data/processed/mocha_aai_features/fsew0/307.npz,342,14,3.41,3.718,0.308,synchronized_overlap_no_lag_estimation
fsew0,308,train,data/processed/mocha_aai_features/fsew0/308.npz,308,14,3.078,3.45481,0.3768,synchronized_overlap_no_lag_estimation
fsew0,309,train,data/processed/mocha_aai_features/fsew0/309.npz,412,14,4.116,4.46837,0.3524,synchronized_overlap_no_lag_estimation
fsew0,310,train,data/processed/mocha_aai_features/fsew0/310.npz,328,14,3.276,3.71837,0.4424,synchronized_overlap_no_lag_estimation
fsew0,311,validation,data/processed/mocha_aai_features/fsew0/311.npz,343,14,3.424,3.71837,0.2944,synchronized_overlap_no_lag_estimation
fsew0,312,train,data/processed/mocha_aai_features/fsew0/312.npz,288,14,2.872,3.21869,0.3467,synchronized_overlap_no_lag_estimation
fsew0,313,train,data/processed/mocha_aai_features/fsew0/313.npz,346,14,3.458,3.96844,0.5104,synchronized_overlap_no_lag_estimation
fsew0,314,train,data/processed/mocha_aai_features/fsew0/314.npz,388,14,3.87,4.28144,0.4114,synchronized_overlap_no_lag_estimation
fsew0,315,train,data/processed/mocha_aai_features/fsew0/315.npz,344,14,3.438,3.951,0.513,synchronized_overlap_no_lag_estimation
fsew0,316,train,data/processed/mocha_aai_features/fsew0/316.npz,479,14,4.786,5.21894,0.4329,synchronized_overlap_no_lag_estimation
fsew0,317,train,data/processed/mocha_aai_features/fsew0/317.npz,463,14,4.626,4.96819,0.3422,synchronized_overlap_no_lag_estimation
fsew0,318,train,data/processed/mocha_aai_features/fsew0/318.npz,343,14,3.428,3.71794,0.2899,synchronized_overlap_no_lag_estimation
fsew0,319,train,data/processed/mocha_aai_features/fsew0/319.npz,379,14,3.78,4.21894,0.4389,synchronized_overlap_no_lag_estimation
fsew0,320,train,data/processed/mocha_aai_features/fsew0/320.npz,346,14,3.458,3.71375,0.2557,synchronized_overlap_no_lag_estimation
fsew0,321,train,data/processed/mocha_aai_features/fsew0/321.npz,310,14,3.096,3.46813,0.3721,synchronized_overlap_no_lag_estimation
fsew0,322,train,data/processed/mocha_aai_features/fsew0/322.npz,328,14,3.274,3.71837,0.4444,synchronized_overlap_no_lag_estimation
fsew0,323,train,data/processed/mocha_aai_features/fsew0/323.npz,336,14,3.354,3.71787,0.3639,synchronized_overlap_no_lag_estimation
fsew0,324,train,data/processed/mocha_aai_features/fsew0/324.npz,370,14,3.692,4.03119,0.3392,synchronized_overlap_no_lag_estimation
fsew0,325,train,data/processed/mocha_aai_features/fsew0/325.npz,414,14,4.134,4.46894,0.3349,synchronized_overlap_no_lag_estimation
fsew0,326,train,data/processed/mocha_aai_features/fsew0/326.npz,430,14,4.294,4.7185,0.4245,synchronized_overlap_no_lag_estimation
fsew0,327,validation,data/processed/mocha_aai_features/fsew0/327.npz,294,14,2.936,3.21437,0.2784,synchronized_overlap_no_lag_estimation
fsew0,328,train,data/processed/mocha_aai_features/fsew0/328.npz,308,14,3.072,3.4685,0.3965,synchronized_overlap_no_lag_estimation
fsew0,329,train,data/processed/mocha_aai_features/fsew0/329.npz,496,14,4.95,5.28087,0.3309,synchronized_overlap_no_lag_estimation
fsew0,330,train,data/processed/mocha_aai_features/fsew0/330.npz,302,14,3.018,3.46825,0.4502,synchronized_overlap_no_lag_estimation
fsew0,331,train,data/processed/mocha_aai_features/fsew0/331.npz,343,14,3.424,3.78069,0.3567,synchronized_overlap_no_lag_estimation
fsew0,332,train,data/processed/mocha_aai_features/fsew0/332.npz,489,14,4.888,5.21887,0.3309,synchronized_overlap_no_lag_estimation
fsew0,333,train,data/processed/mocha_aai_features/fsew0/333.npz,430,14,4.296,4.76925,0.4732,synchronized_overlap_no_lag_estimation
fsew0,334,train,data/processed/mocha_aai_features/fsew0/334.npz,450,14,4.494,4.96475,0.4707,synchronized_overlap_no_lag_estimation
fsew0,335,train,data/processed/mocha_aai_features/fsew0/335.npz,386,14,3.854,4.21863,0.3646,synchronized_overlap_no_lag_estimation
fsew0,336,train,data/processed/mocha_aai_features/fsew0/336.npz,373,14,3.724,4.21812,0.4941,synchronized_overlap_no_lag_estimation
fsew0,337,train,data/processed/mocha_aai_features/fsew0/337.npz,501,14,5.008,5.458,0.45,synchronized_overlap_no_lag_estimation
fsew0,338,train,data/processed/mocha_aai_features/fsew0/338.npz,522,14,5.216,5.70456,0.4886,synchronized_overlap_no_lag_estimation
fsew0,339,train,data/processed/mocha_aai_features/fsew0/339.npz,321,14,3.202,3.46819,0.2662,synchronized_overlap_no_lag_estimation
fsew0,340,train,data/processed/mocha_aai_features/fsew0/340.npz,494,14,4.936,5.21887,0.2829,synchronized_overlap_no_lag_estimation
fsew0,341,validation,data/processed/mocha_aai_features/fsew0/341.npz,420,14,4.19,4.46788,0.2779,synchronized_overlap_no_lag_estimation
fsew0,342,train,data/processed/mocha_aai_features/fsew0/342.npz,339,14,3.388,3.70912,0.3211,synchronized_overlap_no_lag_estimation
fsew0,343,train,data/processed/mocha_aai_features/fsew0/343.npz,370,14,3.698,3.96862,0.2706,synchronized_overlap_no_lag_estimation
fsew0,344,train,data/processed/mocha_aai_features/fsew0/344.npz,318,14,3.172,3.46437,0.2924,synchronized_overlap_no_lag_estimation
fsew0,345,validation,data/processed/mocha_aai_features/fsew0/345.npz,347,14,3.466,3.96725,0.5012,synchronized_overlap_no_lag_estimation
fsew0,346,train,data/processed/mocha_aai_features/fsew0/346.npz,356,14,3.554,3.96869,0.4147,synchronized_overlap_no_lag_estimation
fsew0,347,train,data/processed/mocha_aai_features/fsew0/347.npz,445,14,4.444,4.71762,0.2736,synchronized_overlap_no_lag_estimation
fsew0,348,train,data/processed/mocha_aai_features/fsew0/348.npz,377,14,3.762,4.21556,0.4536,synchronized_overlap_no_lag_estimation
fsew0,349,validation,data/processed/mocha_aai_features/fsew0/349.npz,278,14,2.776,3.21625,0.4402,synchronized_overlap_no_lag_estimation
fsew0,350,train,data/processed/mocha_aai_features/fsew0/350.npz,374,14,3.73,4.03156,0.3016,synchronized_overlap_no_lag_estimation
fsew0,351,train,data/processed/mocha_aai_features/fsew0/351.npz,433,14,4.326,4.78087,0.4549,synchronized_overlap_no_lag_estimation
fsew0,352,train,data/processed/mocha_aai_features/fsew0/352.npz,480,14,4.79,5.21837,0.4284,synchronized_overlap_no_lag_estimation
fsew0,353,train,data/processed/mocha_aai_features/fsew0/353.npz,418,14,4.17,4.46869,0.2987,synchronized_overlap_no_lag_estimation
fsew0,354,train,data/processed/mocha_aai_features/fsew0/354.npz,503,14,5.028,5.46837,0.4404,synchronized_overlap_no_lag_estimation
fsew0,355,train,data/processed/mocha_aai_features/fsew0/355.npz,485,14,4.848,5.21837,0.3704,synchronized_overlap_no_lag_estimation
fsew0,356,train,data/processed/mocha_aai_features/fsew0/356.npz,477,14,4.76,5.21812,0.4581,synchronized_overlap_no_lag_estimation
fsew0,357,train,data/processed/mocha_aai_features/fsew0/357.npz,510,14,5.098,5.45631,0.3583,synchronized_overlap_no_lag_estimation
fsew0,358,train,data/processed/mocha_aai_features/fsew0/358.npz,383,14,3.822,4.219,0.397,synchronized_overlap_no_lag_estimation
fsew0,359,train,data/processed/mocha_aai_features/fsew0/359.npz,401,14,4.002,4.4645,0.4625,synchronized_overlap_no_lag_estimation
fsew0,360,train,data/processed/mocha_aai_features/fsew0/360.npz,396,14,3.954,4.46812,0.5141,synchronized_overlap_no_lag_estimation
fsew0,361,train,data/processed/mocha_aai_features/fsew0/361.npz,422,14,4.216,4.71387,0.4979,synchronized_overlap_no_lag_estimation
fsew0,362,train,data/processed/mocha_aai_features/fsew0/362.npz,431,14,4.302,4.715,0.413,synchronized_overlap_no_lag_estimation
fsew0,363,train,data/processed/mocha_aai_features/fsew0/363.npz,342,14,3.416,3.71738,0.3014,synchronized_overlap_no_lag_estimation
fsew0,364,train,data/processed/mocha_aai_features/fsew0/364.npz,442,14,4.418,4.71812,0.3001,synchronized_overlap_no_lag_estimation
fsew0,365,train,data/processed/mocha_aai_features/fsew0/365.npz,354,14,3.536,3.9685,0.4325,synchronized_overlap_no_lag_estimation
fsew0,366,train,data/processed/mocha_aai_features/fsew0/366.npz,354,14,3.538,3.96837,0.4304,synchronized_overlap_no_lag_estimation
fsew0,367,test,data/processed/mocha_aai_features/fsew0/367.npz,413,14,4.124,4.453,0.329,synchronized_overlap_no_lag_estimation
fsew0,368,train,data/processed/mocha_aai_features/fsew0/368.npz,353,14,3.528,3.97219,0.4442,synchronized_overlap_no_lag_estimation
fsew0,369,train,data/processed/mocha_aai_features/fsew0/369.npz,642,14,6.418,6.71894,0.3009,synchronized_overlap_no_lag_estimation
fsew0,370,train,data/processed/mocha_aai_features/fsew0/370.npz,425,14,4.24,4.71788,0.4779,synchronized_overlap_no_lag_estimation
fsew0,371,train,data/processed/mocha_aai_features/fsew0/371.npz,446,14,4.458,4.96725,0.5092,synchronized_overlap_no_lag_estimation
fsew0,372,train,data/processed/mocha_aai_features/fsew0/372.npz,331,14,3.304,3.71819,0.4142,synchronized_overlap_no_lag_estimation
fsew0,373,train,data/processed/mocha_aai_features/fsew0/373.npz,423,14,4.22,4.719,0.499,synchronized_overlap_no_lag_estimation
fsew0,374,train,data/processed/mocha_aai_features/fsew0/374.npz,340,14,3.394,3.71862,0.3246,synchronized_overlap_no_lag_estimation
fsew0,375,train,data/processed/mocha_aai_features/fsew0/375.npz,378,14,3.778,4.21863,0.4406,synchronized_overlap_no_lag_estimation
fsew0,376,train,data/processed/mocha_aai_features/fsew0/376.npz,428,14,4.278,4.71706,0.4391,synchronized_overlap_no_lag_estimation
fsew0,377,train,data/processed/mocha_aai_features/fsew0/377.npz,424,14,4.23,4.71894,0.4889,synchronized_overlap_no_lag_estimation
fsew0,378,train,data/processed/mocha_aai_features/fsew0/378.npz,469,14,4.688,4.969,0.281,synchronized_overlap_no_lag_estimation
fsew0,379,train,data/processed/mocha_aai_features/fsew0/379.npz,356,14,3.554,3.95262,0.3986,synchronized_overlap_no_lag_estimation
fsew0,380,train,data/processed/mocha_aai_features/fsew0/380.npz,291,14,2.9,3.20631,0.3063,synchronized_overlap_no_lag_estimation
fsew0,381,train,data/processed/mocha_aai_features/fsew0/381.npz,379,14,3.788,4.21812,0.4301,synchronized_overlap_no_lag_estimation
fsew0,382,train,data/processed/mocha_aai_features/fsew0/382.npz,338,14,3.37,3.72031,0.3503,synchronized_overlap_no_lag_estimation
fsew0,383,train,data/processed/mocha_aai_features/fsew0/383.npz,361,14,3.602,3.96894,0.3669,synchronized_overlap_no_lag_estimation
fsew0,384,train,data/processed/mocha_aai_features/fsew0/384.npz,453,14,4.522,4.96837,0.4464,synchronized_overlap_no_lag_estimation
fsew0,385,train,data/processed/mocha_aai_features/fsew0/385.npz,368,14,3.678,3.96437,0.2864,synchronized_overlap_no_lag_estimation
fsew0,386,train,data/processed/mocha_aai_features/fsew0/386.npz,307,14,3.068,3.46813,0.4001,synchronized_overlap_no_lag_estimation
fsew0,387,train,data/processed/mocha_aai_features/fsew0/387.npz,334,14,3.338,3.71813,0.3801,synchronized_overlap_no_lag_estimation
fsew0,388,train,data/processed/mocha_aai_features/fsew0/388.npz,403,14,4.028,4.46106,0.4331,synchronized_overlap_no_lag_estimation
fsew0,389,train,data/processed/mocha_aai_features/fsew0/389.npz,353,14,3.524,3.96475,0.4407,synchronized_overlap_no_lag_estimation
fsew0,390,train,data/processed/mocha_aai_features/fsew0/390.npz,271,14,2.706,2.96844,0.2624,synchronized_overlap_no_lag_estimation
fsew0,391,train,data/processed/mocha_aai_features/fsew0/391.npz,310,14,3.094,3.46894,0.3749,synchronized_overlap_no_lag_estimation
fsew0,392,train,data/processed/mocha_aai_features/fsew0/392.npz,361,14,3.604,3.9685,0.3645,synchronized_overlap_no_lag_estimation
fsew0,393,test,data/processed/mocha_aai_features/fsew0/393.npz,388,14,3.874,4.21837,0.3444,synchronized_overlap_no_lag_estimation
fsew0,394,train,data/processed/mocha_aai_features/fsew0/394.npz,239,14,2.38,2.71787,0.3379,synchronized_overlap_no_lag_estimation
fsew0,395,validation,data/processed/mocha_aai_features/fsew0/395.npz,421,14,4.204,4.71887,0.5149,synchronized_overlap_no_lag_estimation
fsew0,396,train,data/processed/mocha_aai_features/fsew0/396.npz,310,14,3.092,3.46837,0.3764,synchronized_overlap_no_lag_estimation
fsew0,397,train,data/processed/mocha_aai_features/fsew0/397.npz,307,14,3.066,3.46837,0.4024,synchronized_overlap_no_lag_estimation
fsew0,398,train,data/processed/mocha_aai_features/fsew0/398.npz,266,14,2.656,2.96869,0.3127,synchronized_overlap_no_lag_estimation
fsew0,399,train,data/processed/mocha_aai_features/fsew0/399.npz,342,14,3.414,3.71837,0.3044,synchronized_overlap_no_lag_estimation
fsew0,400,train,data/processed/mocha_aai_features/fsew0/400.npz,295,14,2.94,3.21862,0.2786,synchronized_overlap_no_lag_estimation
fsew0,401,train,data/processed/mocha_aai_features/fsew0/401.npz,308,14,3.078,3.53138,0.4534,synchronized_overlap_no_lag_estimation
fsew0,402,train,data/processed/mocha_aai_features/fsew0/402.npz,220,14,2.19,2.46819,0.2782,synchronized_overlap_no_lag_estimation
fsew0,403,train,data/processed/mocha_aai_features/fsew0/403.npz,416,14,4.15,4.4685,0.3185,synchronized_overlap_no_lag_estimation
fsew0,404,test,data/processed/mocha_aai_features/fsew0/404.npz,349,14,3.482,3.967,0.485,synchronized_overlap_no_lag_estimation
fsew0,405,train,data/processed/mocha_aai_features/fsew0/405.npz,386,14,3.856,4.21869,0.3627,synchronized_overlap_no_lag_estimation
fsew0,406,validation,data/processed/mocha_aai_features/fsew0/406.npz,341,14,3.4,3.71888,0.3189,synchronized_overlap_no_lag_estimation
fsew0,407,train,data/processed/mocha_aai_features/fsew0/407.npz,354,14,3.53,3.96331,0.4333,synchronized_overlap_no_lag_estimation
fsew0,408,train,data/processed/mocha_aai_features/fsew0/408.npz,378,14,3.778,4.2185,0.4405,synchronized_overlap_no_lag_estimation
fsew0,409,train,data/processed/mocha_aai_features/fsew0/409.npz,395,14,3.94,4.21356,0.2736,synchronized_overlap_no_lag_estimation
fsew0,410,train,data/processed/mocha_aai_features/fsew0/410.npz,388,14,3.874,4.21812,0.3441,synchronized_overlap_no_lag_estimation
fsew0,411,train,data/processed/mocha_aai_features/fsew0/411.npz,366,14,3.65,3.96825,0.3182,synchronized_overlap_no_lag_estimation
fsew0,412,train,data/processed/mocha_aai_features/fsew0/412.npz,305,14,3.04,3.46825,0.4282,synchronized_overlap_no_lag_estimation
fsew0,413,train,data/processed/mocha_aai_features/fsew0/413.npz,418,14,4.17,4.46919,0.2992,synchronized_overlap_no_lag_estimation
fsew0,414,train,data/processed/mocha_aai_features/fsew0/414.npz,385,14,3.848,4.21837,0.3704,synchronized_overlap_no_lag_estimation
fsew0,415,train,data/processed/mocha_aai_features/fsew0/415.npz,304,14,3.038,3.46837,0.4304,synchronized_overlap_no_lag_estimation
fsew0,416,test,data/processed/mocha_aai_features/fsew0/416.npz,388,14,3.878,4.21825,0.3402,synchronized_overlap_no_lag_estimation
fsew0,417,train,data/processed/mocha_aai_features/fsew0/417.npz,295,14,2.946,3.21881,0.2728,synchronized_overlap_no_lag_estimation
fsew0,418,train,data/processed/mocha_aai_features/fsew0/418.npz,355,14,3.548,3.96844,0.4204,synchronized_overlap_no_lag_estimation
fsew0,419,train,data/processed/mocha_aai_features/fsew0/419.npz,370,14,3.698,3.96825,0.2702,synchronized_overlap_no_lag_estimation
fsew0,420,train,data/processed/mocha_aai_features/fsew0/420.npz,391,14,3.9,4.21188,0.3119,synchronized_overlap_no_lag_estimation
fsew0,421,train,data/processed/mocha_aai_features/fsew0/421.npz,353,14,3.526,3.96031,0.4343,synchronized_overlap_no_lag_estimation
fsew0,422,test,data/processed/mocha_aai_features/fsew0/422.npz,344,14,3.436,3.71913,0.2831,synchronized_overlap_no_lag_estimation
fsew0,423,test,data/processed/mocha_aai_features/fsew0/423.npz,301,14,3.004,3.46756,0.4636,synchronized_overlap_no_lag_estimation
fsew0,424,validation,data/processed/mocha_aai_features/fsew0/424.npz,383,14,3.822,4.21919,0.3972,synchronized_overlap_no_lag_estimation
fsew0,425,test,data/processed/mocha_aai_features/fsew0/425.npz,401,14,4.006,4.46825,0.4622,synchronized_overlap_no_lag_estimation
fsew0,426,train,data/processed/mocha_aai_features/fsew0/426.npz,410,14,4.09,4.4675,0.3775,synchronized_overlap_no_lag_estimation
fsew0,427,train,data/processed/mocha_aai_features/fsew0/427.npz,439,14,4.38,4.71837,0.3384,synchronized_overlap_no_lag_estimation
fsew0,428,train,data/processed/mocha_aai_features/fsew0/428.npz,382,14,3.812,4.21425,0.4022,synchronized_overlap_no_lag_estimation
fsew0,429,train,data/processed/mocha_aai_features/fsew0/429.npz,391,14,3.906,4.21406,0.3081,synchronized_overlap_no_lag_estimation
fsew0,430,train,data/processed/mocha_aai_features/fsew0/430.npz,428,14,4.272,4.71825,0.4462,synchronized_overlap_no_lag_estimation
fsew0,431,train,data/processed/mocha_aai_features/fsew0/431.npz,329,14,3.282,3.71894,0.4369,synchronized_overlap_no_lag_estimation
fsew0,432,train,data/processed/mocha_aai_features/fsew0/432.npz,252,14,2.518,2.968,0.45,synchronized_overlap_no_lag_estimation
fsew0,433,train,data/processed/mocha_aai_features/fsew0/433.npz,400,14,3.992,4.28144,0.2894,synchronized_overlap_no_lag_estimation
fsew0,434,train,data/processed/mocha_aai_features/fsew0/434.npz,288,14,2.876,3.2145,0.3385,synchronized_overlap_no_lag_estimation
fsew0,435,train,data/processed/mocha_aai_features/fsew0/435.npz,417,14,4.162,4.46887,0.3069,synchronized_overlap_no_lag_estimation
fsew0,436,train,data/processed/mocha_aai_features/fsew0/436.npz,332,14,3.318,3.70681,0.3888,synchronized_overlap_no_lag_estimation
fsew0,437,train,data/processed/mocha_aai_features/fsew0/437.npz,491,14,4.9,5.21887,0.3189,synchronized_overlap_no_lag_estimation
fsew0,438,train,data/processed/mocha_aai_features/fsew0/438.npz,363,14,3.624,3.96888,0.3449,synchronized_overlap_no_lag_estimation
fsew0,439,test,data/processed/mocha_aai_features/fsew0/439.npz,485,14,4.848,5.20706,0.3591,synchronized_overlap_no_lag_estimation
fsew0,440,train,data/processed/mocha_aai_features/fsew0/440.npz,444,14,4.434,4.71837,0.2844,synchronized_overlap_no_lag_estimation
fsew0,441,train,data/processed/mocha_aai_features/fsew0/441.npz,333,14,3.326,3.70213,0.3761,synchronized_overlap_no_lag_estimation
fsew0,442,train,data/processed/mocha_aai_features/fsew0/442.npz,534,14,5.338,5.78087,0.4429,synchronized_overlap_no_lag_estimation
fsew0,443,test,data/processed/mocha_aai_features/fsew0/443.npz,292,14,2.91,3.20938,0.2994,synchronized_overlap_no_lag_estimation
fsew0,444,train,data/processed/mocha_aai_features/fsew0/444.npz,473,14,4.724,5.03087,0.3069,synchronized_overlap_no_lag_estimation
fsew0,445,train,data/processed/mocha_aai_features/fsew0/445.npz,503,14,5.026,5.468,0.442,synchronized_overlap_no_lag_estimation
fsew0,446,train,data/processed/mocha_aai_features/fsew0/446.npz,411,14,4.106,4.46819,0.3622,synchronized_overlap_no_lag_estimation
fsew0,447,train,data/processed/mocha_aai_features/fsew0/447.npz,488,14,4.874,5.21863,0.3446,synchronized_overlap_no_lag_estimation
fsew0,448,train,data/processed/mocha_aai_features/fsew0/448.npz,340,14,3.394,3.71813,0.3241,synchronized_overlap_no_lag_estimation
fsew0,449,train,data/processed/mocha_aai_features/fsew0/449.npz,481,14,4.808,5.2185,0.4105,synchronized_overlap_no_lag_estimation
fsew0,450,validation,data/processed/mocha_aai_features/fsew0/450.npz,369,14,3.684,3.96813,0.2841,synchronized_overlap_no_lag_estimation
fsew0,451,train,data/processed/mocha_aai_features/fsew0/451.npz,370,14,3.698,3.96837,0.2704,synchronized_overlap_no_lag_estimation
fsew0,452,test,data/processed/mocha_aai_features/fsew0/452.npz,313,14,3.124,3.46844,0.3444,synchronized_overlap_no_lag_estimation
fsew0,453,train,data/processed/mocha_aai_features/fsew0/453.npz,425,14,4.246,4.71812,0.4721,synchronized_overlap_no_lag_estimation
fsew0,454,train,data/processed/mocha_aai_features/fsew0/454.npz,320,14,3.196,3.46775,0.2717,synchronized_overlap_no_lag_estimation
fsew0,455,train,data/processed/mocha_aai_features/fsew0/455.npz,289,14,2.884,3.21644,0.3324,synchronized_overlap_no_lag_estimation
fsew0,456,test,data/processed/mocha_aai_features/fsew0/456.npz,467,14,4.66,4.96869,0.3087,synchronized_overlap_no_lag_estimation
fsew0,457,train,data/processed/mocha_aai_features/fsew0/457.npz,456,14,4.554,4.96812,0.4141,synchronized_overlap_no_lag_estimation
fsew0,458,train,data/processed/mocha_aai_features/fsew0/458.npz,462,14,4.612,4.96887,0.3569,synchronized_overlap_no_lag_estimation
fsew0,459,train,data/processed/mocha_aai_features/fsew0/459.npz,384,14,3.83,4.21837,0.3884,synchronized_overlap_no_lag_estimation
fsew0,460,train,data/processed/mocha_aai_features/fsew0/460.npz,270,14,2.698,2.96687,0.2689,synchronized_overlap_no_lag_estimation
msak0,001,train,data/processed/mocha_aai_features/msak0/001.npz,237,14,2.366,2.71787,0.3519,synchronized_overlap_no_lag_estimation
msak0,002,train,data/processed/mocha_aai_features/msak0/002.npz,271,14,2.702,2.96862,0.2666,synchronized_overlap_no_lag_estimation
msak0,003,train,data/processed/mocha_aai_features/msak0/003.npz,331,14,3.3,3.71862,0.4186,synchronized_overlap_no_lag_estimation
msak0,004,train,data/processed/mocha_aai_features/msak0/004.npz,343,14,3.428,3.71813,0.2901,synchronized_overlap_no_lag_estimation
msak0,005,train,data/processed/mocha_aai_features/msak0/005.npz,237,14,2.364,2.71437,0.3504,synchronized_overlap_no_lag_estimation
msak0,006,train,data/processed/mocha_aai_features/msak0/006.npz,305,14,3.04,3.46837,0.4284,synchronized_overlap_no_lag_estimation
msak0,007,validation,data/processed/mocha_aai_features/msak0/007.npz,308,14,3.078,3.46862,0.3906,synchronized_overlap_no_lag_estimation
msak0,008,train,data/processed/mocha_aai_features/msak0/008.npz,320,14,3.198,3.46775,0.2697,synchronized_overlap_no_lag_estimation
msak0,009,train,data/processed/mocha_aai_features/msak0/009.npz,286,14,2.85,3.21825,0.3682,synchronized_overlap_no_lag_estimation
msak0,010,train,data/processed/mocha_aai_features/msak0/010.npz,316,14,3.15,3.46269,0.3127,synchronized_overlap_no_lag_estimation
msak0,011,train,data/processed/mocha_aai_features/msak0/011.npz,282,14,2.812,3.21869,0.4067,synchronized_overlap_no_lag_estimation
msak0,012,train,data/processed/mocha_aai_features/msak0/012.npz,266,14,2.658,2.96837,0.3104,synchronized_overlap_no_lag_estimation
msak0,013,train,data/processed/mocha_aai_features/msak0/013.npz,304,14,3.036,3.46906,0.4331,synchronized_overlap_no_lag_estimation
msak0,014,train,data/processed/mocha_aai_features/msak0/014.npz,337,14,3.36,3.70987,0.3499,synchronized_overlap_no_lag_estimation
msak0,015,train,data/processed/mocha_aai_features/msak0/015.npz,327,14,3.264,3.71837,0.4544,synchronized_overlap_no_lag_estimation
msak0,016,train,data/processed/mocha_aai_features/msak0/016.npz,282,14,2.81,3.20406,0.3941,synchronized_overlap_no_lag_estimation
msak0,017,train,data/processed/mocha_aai_features/msak0/017.npz,339,14,3.386,3.71862,0.3326,synchronized_overlap_no_lag_estimation
msak0,018,train,data/processed/mocha_aai_features/msak0/018.npz,302,14,3.014,3.468,0.454,synchronized_overlap_no_lag_estimation
msak0,019,train,data/processed/mocha_aai_features/msak0/019.npz,306,14,3.05,3.46825,0.4182,synchronized_overlap_no_lag_estimation
msak0,020,train,data/processed/mocha_aai_features/msak0/020.npz,352,14,3.514,3.96837,0.4544,synchronized_overlap_no_lag_estimation
msak0,021,train,data/processed/mocha_aai_features/msak0/021.npz,266,14,2.65,2.96787,0.3179,synchronized_overlap_no_lag_estimation
msak0,022,train,data/processed/mocha_aai_features/msak0/022.npz,310,14,3.098,3.46837,0.3704,synchronized_overlap_no_lag_estimation
msak0,023,train,data/processed/mocha_aai_features/msak0/023.npz,313,14,3.126,3.46862,0.3426,synchronized_overlap_no_lag_estimation
msak0,024,train,data/processed/mocha_aai_features/msak0/024.npz,325,14,3.244,3.71825,0.4742,synchronized_overlap_no_lag_estimation
msak0,025,train,data/processed/mocha_aai_features/msak0/025.npz,295,14,2.94,3.21787,0.2779,synchronized_overlap_no_lag_estimation
msak0,026,validation,data/processed/mocha_aai_features/msak0/026.npz,310,14,3.096,3.46919,0.3732,synchronized_overlap_no_lag_estimation
msak0,027,train,data/processed/mocha_aai_features/msak0/027.npz,265,14,2.646,2.96837,0.3224,synchronized_overlap_no_lag_estimation
msak0,028,validation,data/processed/mocha_aai_features/msak0/028.npz,318,14,3.176,3.46825,0.2922,synchronized_overlap_no_lag_estimation
msak0,029,train,data/processed/mocha_aai_features/msak0/029.npz,292,14,2.916,3.21837,0.3024,synchronized_overlap_no_lag_estimation
msak0,030,train,data/processed/mocha_aai_features/msak0/030.npz,349,14,3.488,3.968,0.48,synchronized_overlap_no_lag_estimation
msak0,031,train,data/processed/mocha_aai_features/msak0/031.npz,295,14,2.942,3.21819,0.2762,synchronized_overlap_no_lag_estimation
msak0,032,train,data/processed/mocha_aai_features/msak0/032.npz,268,14,2.67,2.96837,0.2984,synchronized_overlap_no_lag_estimation
msak0,033,train,data/processed/mocha_aai_features/msak0/033.npz,329,14,3.28,3.71837,0.4384,synchronized_overlap_no_lag_estimation
msak0,034,train,data/processed/mocha_aai_features/msak0/034.npz,324,14,3.238,3.71813,0.4801,synchronized_overlap_no_lag_estimation
msak0,035,train,data/processed/mocha_aai_features/msak0/035.npz,311,14,3.108,3.46825,0.3602,synchronized_overlap_no_lag_estimation
msak0,036,test,data/processed/mocha_aai_features/msak0/036.npz,386,14,3.852,4.21775,0.3657,synchronized_overlap_no_lag_estimation
msak0,037,train,data/processed/mocha_aai_features/msak0/037.npz,344,14,3.432,3.71869,0.2867,synchronized_overlap_no_lag_estimation
msak0,038,train,data/processed/mocha_aai_features/msak0/038.npz,347,14,3.464,3.96819,0.5042,synchronized_overlap_no_lag_estimation
msak0,039,train,data/processed/mocha_aai_features/msak0/039.npz,359,14,3.586,3.95713,0.3711,synchronized_overlap_no_lag_estimation
msak0,040,train,data/processed/mocha_aai_features/msak0/040.npz,499,14,4.99,5.46638,0.4764,synchronized_overlap_no_lag_estimation
msak0,041,train,data/processed/mocha_aai_features/msak0/041.npz,415,14,4.158,4.46919,0.3112,synchronized_overlap_no_lag_estimation
msak0,042,train,data/processed/mocha_aai_features/msak0/042.npz,305,14,3.056,3.46894,0.4129,synchronized_overlap_no_lag_estimation
msak0,043,train,data/processed/mocha_aai_features/msak0/043.npz,369,14,3.692,3.96794,0.2759,synchronized_overlap_no_lag_estimation
msak0,044,train,data/processed/mocha_aai_features/msak0/044.npz,361,14,3.61,3.96844,0.3584,synchronized_overlap_no_lag_estimation
msak0,045,train,data/processed/mocha_aai_features/msak0/045.npz,347,14,3.478,3.96825,0.4902,synchronized_overlap_no_lag_estimation
msak0,046,train,data/processed/mocha_aai_features/msak0/046.npz,292,14,2.926,3.21819,0.2922,synchronized_overlap_no_lag_estimation
msak0,047,test,data/processed/mocha_aai_features/msak0/047.npz,328,14,3.286,3.71869,0.4327,synchronized_overlap_no_lag_estimation
msak0,048,train,data/processed/mocha_aai_features/msak0/048.npz,370,14,3.708,4.214,0.506,synchronized_overlap_no_lag_estimation
msak0,049,train,data/processed/mocha_aai_features/msak0/049.npz,352,14,3.526,3.96825,0.4422,synchronized_overlap_no_lag_estimation
msak0,050,train,data/processed/mocha_aai_features/msak0/050.npz,364,14,3.646,3.96819,0.3222,synchronized_overlap_no_lag_estimation
msak0,051,train,data/processed/mocha_aai_features/msak0/051.npz,330,14,3.308,3.71862,0.4106,synchronized_overlap_no_lag_estimation
msak0,052,train,data/processed/mocha_aai_features/msak0/052.npz,375,14,3.756,4.21825,0.4622,synchronized_overlap_no_lag_estimation
msak0,053,train,data/processed/mocha_aai_features/msak0/053.npz,365,14,3.656,3.96787,0.3119,synchronized_overlap_no_lag_estimation
msak0,054,train,data/processed/mocha_aai_features/msak0/054.npz,386,14,3.864,4.21812,0.3541,synchronized_overlap_no_lag_estimation
msak0,055,train,data/processed/mocha_aai_features/msak0/055.npz,354,14,3.54,3.96794,0.4279,synchronized_overlap_no_lag_estimation
msak0,056,train,data/processed/mocha_aai_features/msak0/056.npz,365,14,3.65,3.95688,0.3069,synchronized_overlap_no_lag_estimation
msak0,057,train,data/processed/mocha_aai_features/msak0/057.npz,370,14,3.706,4.21113,0.5051,synchronized_overlap_no_lag_estimation
msak0,058,train,data/processed/mocha_aai_features/msak0/058.npz,464,14,4.646,4.96919,0.3232,synchronized_overlap_no_lag_estimation
msak0,059,train,data/processed/mocha_aai_features/msak0/059.npz,301,14,3.012,3.46881,0.4568,synchronized_overlap_no_lag_estimation
msak0,060,train,data/processed/mocha_aai_features/msak0/060.npz,432,14,4.32,4.71825,0.3982,synchronized_overlap_no_lag_estimation
msak0,061,train,data/processed/mocha_aai_features/msak0/061.npz,402,14,4.02,4.46837,0.4484,synchronized_overlap_no_lag_estimation
msak0,062,train,data/processed/mocha_aai_features/msak0/062.npz,359,14,3.594,3.96869,0.3747,synchronized_overlap_no_lag_estimation
msak0,063,train,data/processed/mocha_aai_features/msak0/063.npz,326,14,3.266,3.71869,0.4527,synchronized_overlap_no_lag_estimation
msak0,064,train,data/processed/mocha_aai_features/msak0/064.npz,299,14,2.998,3.4685,0.4705,synchronized_overlap_no_lag_estimation
msak0,065,train,data/processed/mocha_aai_features/msak0/065.npz,301,14,3.012,3.46869,0.4567,synchronized_overlap_no_lag_estimation
msak0,066,train,data/processed/mocha_aai_features/msak0/066.npz,310,14,3.104,3.46494,0.3609,synchronized_overlap_no_lag_estimation
msak0,067,train,data/processed/mocha_aai_features/msak0/067.npz,401,14,4.012,4.46837,0.4564,synchronized_overlap_no_lag_estimation
msak0,068,train,data/processed/mocha_aai_features/msak0/068.npz,310,14,3.1,3.46913,0.3691,synchronized_overlap_no_lag_estimation
msak0,069,train,data/processed/mocha_aai_features/msak0/069.npz,336,14,3.368,3.71862,0.3506,synchronized_overlap_no_lag_estimation
msak0,070,train,data/processed/mocha_aai_features/msak0/070.npz,232,14,2.328,2.71644,0.3884,synchronized_overlap_no_lag_estimation
msak0,071,train,data/processed/mocha_aai_features/msak0/071.npz,311,14,3.118,3.46862,0.3506,synchronized_overlap_no_lag_estimation
msak0,072,train,data/processed/mocha_aai_features/msak0/072.npz,267,14,2.672,2.95681,0.2848,synchronized_overlap_no_lag_estimation
msak0,073,train,data/processed/mocha_aai_features/msak0/073.npz,362,14,3.62,3.96931,0.3493,synchronized_overlap_no_lag_estimation
msak0,074,test,data/processed/mocha_aai_features/msak0/074.npz,290,14,2.904,3.22112,0.3171,synchronized_overlap_no_lag_estimation
msak0,075,train,data/processed/mocha_aai_features/msak0/075.npz,315,14,3.15,3.46944,0.3194,synchronized_overlap_no_lag_estimation
msak0,076,test,data/processed/mocha_aai_features/msak0/076.npz,389,14,3.898,4.21775,0.3197,synchronized_overlap_no_lag_estimation
msak0,077,train,data/processed/mocha_aai_features/msak0/077.npz,332,14,3.326,3.71919,0.3932,synchronized_overlap_no_lag_estimation
msak0,078,train,data/processed/mocha_aai_features/msak0/078.npz,298,14,2.984,3.46819,0.4842,synchronized_overlap_no_lag_estimation
msak0,079,train,data/processed/mocha_aai_features/msak0/079.npz,372,14,3.722,3.96944,0.2474,synchronized_overlap_no_lag_estimation
msak0,080,train,data/processed/mocha_aai_features/msak0/080.npz,279,14,2.796,3.21894,0.4229,synchronized_overlap_no_lag_estimation
msak0,081,train,data/processed/mocha_aai_features/msak0/081.npz,305,14,3.05,3.46775,0.4177,synchronized_overlap_no_lag_estimation
msak0,082,train,data/processed/mocha_aai_features/msak0/082.npz,327,14,3.272,3.71894,0.4469,synchronized_overlap_no_lag_estimation
msak0,083,train,data/processed/mocha_aai_features/msak0/083.npz,323,14,3.232,3.719,0.487,synchronized_overlap_no_lag_estimation
msak0,084,train,data/processed/mocha_aai_features/msak0/084.npz,437,14,4.378,4.719,0.341,synchronized_overlap_no_lag_estimation
msak0,085,train,data/processed/mocha_aai_features/msak0/085.npz,282,14,2.828,3.21931,0.3913,synchronized_overlap_no_lag_estimation
msak0,086,train,data/processed/mocha_aai_features/msak0/086.npz,300,14,3.0,3.46837,0.4684,synchronized_overlap_no_lag_estimation
msak0,087,train,data/processed/mocha_aai_features/msak0/087.npz,307,14,3.074,3.4685,0.3945,synchronized_overlap_no_lag_estimation
msak0,088,train,data/processed/mocha_aai_features/msak0/088.npz,362,14,3.624,3.96944,0.3454,synchronized_overlap_no_lag_estimation
msak0,089,train,data/processed/mocha_aai_features/msak0/089.npz,367,14,3.674,3.96813,0.2941,synchronized_overlap_no_lag_estimation
msak0,090,test,data/processed/mocha_aai_features/msak0/090.npz,258,14,2.58,2.96819,0.3882,synchronized_overlap_no_lag_estimation
msak0,091,train,data/processed/mocha_aai_features/msak0/091.npz,333,14,3.338,3.71894,0.3809,synchronized_overlap_no_lag_estimation
msak0,092,train,data/processed/mocha_aai_features/msak0/092.npz,346,14,3.468,3.96813,0.5001,synchronized_overlap_no_lag_estimation
msak0,093,train,data/processed/mocha_aai_features/msak0/093.npz,273,14,2.732,3.21862,0.4866,synchronized_overlap_no_lag_estimation
msak0,094,train,data/processed/mocha_aai_features/msak0/094.npz,312,14,3.124,3.46787,0.3439,synchronized_overlap_no_lag_estimation
msak0,095,train,data/processed/mocha_aai_features/msak0/095.npz,379,14,3.79,4.21812,0.4281,synchronized_overlap_no_lag_estimation
msak0,096,validation,data/processed/mocha_aai_features/msak0/096.npz,326,14,3.262,3.71725,0.4552,synchronized_overlap_no_lag_estimation
msak0,097,train,data/processed/mocha_aai_features/msak0/097.npz,478,14,4.782,5.21406,0.4321,synchronized_overlap_no_lag_estimation
msak0,098,train,data/processed/mocha_aai_features/msak0/098.npz,319,14,3.192,3.46794,0.2759,synchronized_overlap_no_lag_estimation
msak0,099,train,data/processed/mocha_aai_features/msak0/099.npz,285,14,2.854,3.21675,0.3627,synchronized_overlap_no_lag_estimation
msak0,100,train,data/processed/mocha_aai_features/msak0/100.npz,346,14,3.464,3.96837,0.5044,synchronized_overlap_no_lag_estimation
msak0,101,train,data/processed/mocha_aai_features/msak0/101.npz,339,14,3.394,3.71813,0.3241,synchronized_overlap_no_lag_estimation
msak0,102,train,data/processed/mocha_aai_features/msak0/102.npz,469,14,4.69,4.96844,0.2784,synchronized_overlap_no_lag_estimation
msak0,103,train,data/processed/mocha_aai_features/msak0/103.npz,399,14,3.998,4.46812,0.4701,synchronized_overlap_no_lag_estimation
msak0,104,train,data/processed/mocha_aai_features/msak0/104.npz,328,14,3.288,3.71813,0.4301,synchronized_overlap_no_lag_estimation
msak0,105,train,data/processed/mocha_aai_features/msak0/105.npz,273,14,2.73,3.21862,0.4886,synchronized_overlap_no_lag_estimation
msak0,106,train,data/processed/mocha_aai_features/msak0/106.npz,269,14,2.694,2.96888,0.2749,synchronized_overlap_no_lag_estimation
msak0,107,train,data/processed/mocha_aai_features/msak0/107.npz,299,14,2.99,3.468,0.478,synchronized_overlap_no_lag_estimation
msak0,108,train,data/processed/mocha_aai_features/msak0/108.npz,330,14,3.302,3.71813,0.4161,synchronized_overlap_no_lag_estimation
msak0,109,train,data/processed/mocha_aai_features/msak0/109.npz,338,14,3.384,3.71813,0.3341,synchronized_overlap_no_lag_estimation
msak0,110,validation,data/processed/mocha_aai_features/msak0/110.npz,348,14,3.486,3.96931,0.4833,synchronized_overlap_no_lag_estimation
msak0,111,train,data/processed/mocha_aai_features/msak0/111.npz,362,14,3.628,3.96837,0.3404,synchronized_overlap_no_lag_estimation
msak0,112,train,data/processed/mocha_aai_features/msak0/112.npz,358,14,3.582,3.96862,0.3866,synchronized_overlap_no_lag_estimation
msak0,113,train,data/processed/mocha_aai_features/msak0/113.npz,330,14,3.3,3.71813,0.4181,synchronized_overlap_no_lag_estimation
msak0,114,train,data/processed/mocha_aai_features/msak0/114.npz,380,14,3.808,4.21419,0.4062,synchronized_overlap_no_lag_estimation
msak0,115,train,data/processed/mocha_aai_features/msak0/115.npz,330,14,3.306,3.714,0.408,synchronized_overlap_no_lag_estimation
msak0,116,test,data/processed/mocha_aai_features/msak0/116.npz,347,14,3.474,3.96906,0.4951,synchronized_overlap_no_lag_estimation
msak0,117,train,data/processed/mocha_aai_features/msak0/117.npz,326,14,3.26,3.71919,0.4592,synchronized_overlap_no_lag_estimation
msak0,118,train,data/processed/mocha_aai_features/msak0/118.npz,294,14,2.942,3.21869,0.2767,synchronized_overlap_no_lag_estimation
msak0,119,train,data/processed/mocha_aai_features/msak0/119.npz,339,14,3.394,3.7075,0.3135,synchronized_overlap_no_lag_estimation
msak0,120,train,data/processed/mocha_aai_features/msak0/120.npz,362,14,3.626,3.96894,0.3429,synchronized_overlap_no_lag_estimation
msak0,121,train,data/processed/mocha_aai_features/msak0/121.npz,341,14,3.416,3.71819,0.3022,synchronized_overlap_no_lag_estimation
msak0,122,train,data/processed/mocha_aai_features/msak0/122.npz,391,14,3.91,4.28075,0.3707,synchronized_overlap_no_lag_estimation
msak0,123,train,data/processed/mocha_aai_features/msak0/123.npz,352,14,3.524,3.96294,0.4389,synchronized_overlap_no_lag_estimation
msak0,124,train,data/processed/mocha_aai_features/msak0/124.npz,409,14,4.092,4.46906,0.3771,synchronized_overlap_no_lag_estimation
msak0,125,train,data/processed/mocha_aai_features/msak0/125.npz,356,14,3.566,3.96862,0.4026,synchronized_overlap_no_lag_estimation
msak0,126,train,data/processed/mocha_aai_features/msak0/126.npz,306,14,3.064,3.46944,0.4054,synchronized_overlap_no_lag_estimation
msak0,127,train,data/processed/mocha_aai_features/msak0/127.npz,294,14,2.948,3.21819,0.2702,synchronized_overlap_no_lag_estimation
msak0,128,train,data/processed/mocha_aai_features/msak0/128.npz,304,14,3.042,3.46837,0.4264,synchronized_overlap_no_lag_estimation
msak0,129,train,data/processed/mocha_aai_features/msak0/129.npz,228,14,2.28,2.7175,0.4375,synchronized_overlap_no_lag_estimation
msak0,130,train,data/processed/mocha_aai_features/msak0/130.npz,296,14,2.964,3.46862,0.5046,synchronized_overlap_no_lag_estimation
msak0,131,train,data/processed/mocha_aai_features/msak0/131.npz,334,14,3.348,3.718,0.37,synchronized_overlap_no_lag_estimation
msak0,132,test,data/processed/mocha_aai_features/msak0/132.npz,316,14,3.166,3.46813,0.3021,synchronized_overlap_no_lag_estimation
msak0,133,validation,data/processed/mocha_aai_features/msak0/133.npz,295,14,2.954,3.21862,0.2646,synchronized_overlap_no_lag_estimation
msak0,134,train,data/processed/mocha_aai_features/msak0/134.npz,366,14,3.664,3.9505,0.2865,synchronized_overlap_no_lag_estimation
msak0,135,train,data/processed/mocha_aai_features/msak0/135.npz,315,14,3.158,3.46881,0.3108,synchronized_overlap_no_lag_estimation
msak0,136,train,data/processed/mocha_aai_features/msak0/136.npz,397,14,3.978,4.468,0.49,synchronized_overlap_no_lag_estimation
msak0,137,train,data/processed/mocha_aai_features/msak0/137.npz,396,14,3.964,4.265,0.301,synchronized_overlap_no_lag_estimation
msak0,138,train,data/processed/mocha_aai_features/msak0/138.npz,427,14,4.272,4.71713,0.4451,synchronized_overlap_no_lag_estimation
msak0,139,train,data/processed/mocha_aai_features/msak0/139.npz,408,14,4.084,4.46775,0.3837,synchronized_overlap_no_lag_estimation
msak0,140,validation,data/processed/mocha_aai_features/msak0/140.npz,372,14,3.726,4.21794,0.4919,synchronized_overlap_no_lag_estimation
msak0,141,train,data/processed/mocha_aai_features/msak0/141.npz,348,14,3.482,3.9565,0.4745,synchronized_overlap_no_lag_estimation
msak0,142,train,data/processed/mocha_aai_features/msak0/142.npz,354,14,3.544,3.96813,0.4241,synchronized_overlap_no_lag_estimation
msak0,143,test,data/processed/mocha_aai_features/msak0/143.npz,403,14,4.038,4.45344,0.4154,synchronized_overlap_no_lag_estimation
msak0,144,train,data/processed/mocha_aai_features/msak0/144.npz,396,14,3.966,4.4685,0.5025,synchronized_overlap_no_lag_estimation
msak0,145,train,data/processed/mocha_aai_features/msak0/145.npz,368,14,3.684,3.96862,0.2846,synchronized_overlap_no_lag_estimation
msak0,146,test,data/processed/mocha_aai_features/msak0/146.npz,309,14,3.092,3.46844,0.3764,synchronized_overlap_no_lag_estimation
msak0,147,train,data/processed/mocha_aai_features/msak0/147.npz,319,14,3.192,3.46837,0.2764,synchronized_overlap_no_lag_estimation
msak0,148,train,data/processed/mocha_aai_features/msak0/148.npz,322,14,3.226,3.71837,0.4924,synchronized_overlap_no_lag_estimation
msak0,149,train,data/processed/mocha_aai_features/msak0/149.npz,362,14,3.622,3.96787,0.3459,synchronized_overlap_no_lag_estimation
msak0,150,train,data/processed/mocha_aai_features/msak0/150.npz,345,14,3.452,3.9585,0.5065,synchronized_overlap_no_lag_estimation
msak0,151,train,data/processed/mocha_aai_features/msak0/151.npz,408,14,4.082,4.46844,0.3864,synchronized_overlap_no_lag_estimation
msak0,152,test,data/processed/mocha_aai_features/msak0/152.npz,306,14,3.064,3.468,0.404,synchronized_overlap_no_lag_estimation
msak0,153,train,data/processed/mocha_aai_features/msak0/153.npz,384,14,3.842,4.21863,0.3766,synchronized_overlap_no_lag_estimation
msak0,154,train,data/processed/mocha_aai_features/msak0/154.npz,383,14,3.836,4.21794,0.3819,synchronized_overlap_no_lag_estimation
msak0,155,train,data/processed/mocha_aai_features/msak0/155.npz,424,14,4.246,4.71488,0.4689,synchronized_overlap_no_lag_estimation
msak0,156,validation,data/processed/mocha_aai_features/msak0/156.npz,358,14,3.58,3.96913,0.3891,synchronized_overlap_no_lag_estimation
msak0,157,train,data/processed/mocha_aai_features/msak0/157.npz,399,14,3.992,4.46887,0.4769,synchronized_overlap_no_lag_estimation
msak0,158,train,data/processed/mocha_aai_features/msak0/158.npz,391,14,3.91,4.2185,0.3085,synchronized_overlap_no_lag_estimation
msak0,159,train,data/processed/mocha_aai_features/msak0/159.npz,309,14,3.094,3.46819,0.3742,synchronized_overlap_no_lag_estimation
msak0,160,train,data/processed/mocha_aai_features/msak0/160.npz,284,14,2.846,3.21862,0.3726,synchronized_overlap_no_lag_estimation
msak0,161,train,data/processed/mocha_aai_features/msak0/161.npz,365,14,3.658,3.96837,0.3104,synchronized_overlap_no_lag_estimation
msak0,162,train,data/processed/mocha_aai_features/msak0/162.npz,417,14,4.174,4.46863,0.2946,synchronized_overlap_no_lag_estimation
msak0,163,train,data/processed/mocha_aai_features/msak0/163.npz,471,14,4.718,5.20338,0.4854,synchronized_overlap_no_lag_estimation
msak0,164,train,data/processed/mocha_aai_features/msak0/164.npz,364,14,3.648,3.96844,0.3204,synchronized_overlap_no_lag_estimation
msak0,165,train,data/processed/mocha_aai_features/msak0/165.npz,362,14,3.626,3.96931,0.3433,synchronized_overlap_no_lag_estimation
msak0,166,train,data/processed/mocha_aai_features/msak0/166.npz,466,14,4.666,4.96881,0.3028,synchronized_overlap_no_lag_estimation
msak0,167,train,data/processed/mocha_aai_features/msak0/167.npz,445,14,4.458,4.969,0.511,synchronized_overlap_no_lag_estimation
msak0,168,train,data/processed/mocha_aai_features/msak0/168.npz,535,14,5.352,5.71812,0.3661,synchronized_overlap_no_lag_estimation
msak0,169,validation,data/processed/mocha_aai_features/msak0/169.npz,472,14,4.726,5.21863,0.4926,synchronized_overlap_no_lag_estimation
msak0,170,train,data/processed/mocha_aai_features/msak0/170.npz,272,14,2.72,3.21869,0.4987,synchronized_overlap_no_lag_estimation
msak0,171,train,data/processed/mocha_aai_features/msak0/171.npz,383,14,3.836,4.21887,0.3829,synchronized_overlap_no_lag_estimation
msak0,172,train,data/processed/mocha_aai_features/msak0/172.npz,510,14,5.104,5.46887,0.3649,synchronized_overlap_no_lag_estimation
msak0,173,train,data/processed/mocha_aai_features/msak0/173.npz,442,14,4.428,4.71931,0.2913,synchronized_overlap_no_lag_estimation
msak0,174,train,data/processed/mocha_aai_features/msak0/174.npz,396,14,3.962,4.46863,0.5066,synchronized_overlap_no_lag_estimation
msak0,175,train,data/processed/mocha_aai_features/msak0/175.npz,357,14,3.578,3.96813,0.3901,synchronized_overlap_no_lag_estimation
msak0,176,train,data/processed/mocha_aai_features/msak0/176.npz,463,14,4.632,4.96756,0.3356,synchronized_overlap_no_lag_estimation
msak0,177,train,data/processed/mocha_aai_features/msak0/177.npz,463,14,4.63,4.96863,0.3386,synchronized_overlap_no_lag_estimation
msak0,178,validation,data/processed/mocha_aai_features/msak0/178.npz,444,14,4.442,4.71819,0.2762,synchronized_overlap_no_lag_estimation
msak0,179,train,data/processed/mocha_aai_features/msak0/179.npz,423,14,4.232,4.71906,0.4871,synchronized_overlap_no_lag_estimation
msak0,180,train,data/processed/mocha_aai_features/msak0/180.npz,289,14,2.898,3.21931,0.3213,synchronized_overlap_no_lag_estimation
msak0,181,train,data/processed/mocha_aai_features/msak0/181.npz,460,14,4.604,4.96837,0.3644,synchronized_overlap_no_lag_estimation
msak0,182,train,data/processed/mocha_aai_features/msak0/182.npz,389,14,3.894,4.2175,0.3235,synchronized_overlap_no_lag_estimation
msak0,183,train,data/processed/mocha_aai_features/msak0/183.npz,363,14,3.636,3.96813,0.3321,synchronized_overlap_no_lag_estimation
msak0,184,train,data/processed/mocha_aai_features/msak0/184.npz,404,14,4.044,4.46525,0.4212,synchronized_overlap_no_lag_estimation
msak0,185,test,data/processed/mocha_aai_features/msak0/185.npz,317,14,3.172,3.46931,0.2973,synchronized_overlap_no_lag_estimation
msak0,186,validation,data/processed/mocha_aai_features/msak0/186.npz,334,14,3.344,3.71825,0.3742,synchronized_overlap_no_lag_estimation
msak0,187,train,data/processed/mocha_aai_features/msak0/187.npz,310,14,3.104,3.46813,0.3641,synchronized_overlap_no_lag_estimation
msak0,188,test,data/processed/mocha_aai_features/msak0/188.npz,327,14,3.27,3.71819,0.4482,synchronized_overlap_no_lag_estimation
msak0,189,train,data/processed/mocha_aai_features/msak0/189.npz,302,14,3.028,3.46881,0.4408,synchronized_overlap_no_lag_estimation
msak0,190,train,data/processed/mocha_aai_features/msak0/190.npz,329,14,3.29,3.70781,0.4178,synchronized_overlap_no_lag_estimation
msak0,191,train,data/processed/mocha_aai_features/msak0/191.npz,271,14,2.716,3.21837,0.5024,synchronized_overlap_no_lag_estimation
msak0,192,train,data/processed/mocha_aai_features/msak0/192.npz,355,14,3.552,3.96819,0.4162,synchronized_overlap_no_lag_estimation
msak0,193,train,data/processed/mocha_aai_features/msak0/193.npz,370,14,3.704,4.21788,0.5139,synchronized_overlap_no_lag_estimation
msak0,194,train,data/processed/mocha_aai_features/msak0/194.npz,321,14,3.216,3.71862,0.5026,synchronized_overlap_no_lag_estimation
msak0,195,train,data/processed/mocha_aai_features/msak0/195.npz,385,14,3.85,4.21737,0.3674,synchronized_overlap_no_lag_estimation
msak0,196,train,data/processed/mocha_aai_features/msak0/196.npz,290,14,2.902,3.218,0.316,synchronized_overlap_no_lag_estimation
msak0,197,train,data/processed/mocha_aai_features/msak0/197.npz,331,14,3.314,3.70587,0.3919,synchronized_overlap_no_lag_estimation
msak0,198,train,data/processed/mocha_aai_features/msak0/198.npz,297,14,2.978,3.28181,0.3038,synchronized_overlap_no_lag_estimation
msak0,199,train,data/processed/mocha_aai_features/msak0/199.npz,308,14,3.086,3.46837,0.3824,synchronized_overlap_no_lag_estimation
msak0,200,train,data/processed/mocha_aai_features/msak0/200.npz,287,14,2.876,3.21825,0.3422,synchronized_overlap_no_lag_estimation
msak0,201,validation,data/processed/mocha_aai_features/msak0/201.npz,304,14,3.048,3.46931,0.4213,synchronized_overlap_no_lag_estimation
msak0,202,train,data/processed/mocha_aai_features/msak0/202.npz,328,14,3.282,3.71869,0.4367,synchronized_overlap_no_lag_estimation
msak0,203,train,data/processed/mocha_aai_features/msak0/203.npz,419,14,4.192,4.46837,0.2764,synchronized_overlap_no_lag_estimation
msak0,204,train,data/processed/mocha_aai_features/msak0/204.npz,343,14,3.43,3.71437,0.2844,synchronized_overlap_no_lag_estimation
msak0,205,train,data/processed/mocha_aai_features/msak0/205.npz,372,14,3.728,4.21737,0.4894,synchronized_overlap_no_lag_estimation
msak0,206,train,data/processed/mocha_aai_features/msak0/206.npz,272,14,2.728,3.21862,0.4906,synchronized_overlap_no_lag_estimation
msak0,207,train,data/processed/mocha_aai_features/msak0/207.npz,289,14,2.894,3.218,0.324,synchronized_overlap_no_lag_estimation
msak0,208,train,data/processed/mocha_aai_features/msak0/208.npz,328,14,3.284,3.71862,0.4346,synchronized_overlap_no_lag_estimation
msak0,209,train,data/processed/mocha_aai_features/msak0/209.npz,436,14,4.36,4.71863,0.3586,synchronized_overlap_no_lag_estimation
msak0,210,train,data/processed/mocha_aai_features/msak0/210.npz,389,14,3.89,4.21794,0.3279,synchronized_overlap_no_lag_estimation
msak0,211,train,data/processed/mocha_aai_features/msak0/211.npz,316,14,3.16,3.46813,0.3081,synchronized_overlap_no_lag_estimation
msak0,212,train,data/processed/mocha_aai_features/msak0/212.npz,342,14,3.424,3.71862,0.2946,synchronized_overlap_no_lag_estimation
msak0,213,train,data/processed/mocha_aai_features/msak0/213.npz,342,14,3.422,3.71794,0.2959,synchronized_overlap_no_lag_estimation
msak0,214,train,data/processed/mocha_aai_features/msak0/214.npz,303,14,3.032,3.46825,0.4362,synchronized_overlap_no_lag_estimation
msak0,215,train,data/processed/mocha_aai_features/msak0/215.npz,362,14,3.628,3.96888,0.3409,synchronized_overlap_no_lag_estimation
msak0,216,train,data/processed/mocha_aai_features/msak0/216.npz,399,14,3.992,4.46837,0.4764,synchronized_overlap_no_lag_estimation
msak0,217,train,data/processed/mocha_aai_features/msak0/217.npz,332,14,3.324,3.71837,0.3944,synchronized_overlap_no_lag_estimation
msak0,218,train,data/processed/mocha_aai_features/msak0/218.npz,355,14,3.554,3.96813,0.4141,synchronized_overlap_no_lag_estimation
msak0,219,train,data/processed/mocha_aai_features/msak0/219.npz,382,14,3.828,4.2185,0.3905,synchronized_overlap_no_lag_estimation
msak0,220,train,data/processed/mocha_aai_features/msak0/220.npz,289,14,2.898,3.21837,0.3204,synchronized_overlap_no_lag_estimation
msak0,221,train,data/processed/mocha_aai_features/msak0/221.npz,303,14,3.036,3.46881,0.4328,synchronized_overlap_no_lag_estimation
msak0,222,train,data/processed/mocha_aai_features/msak0/222.npz,363,14,3.632,3.965,0.333,synchronized_overlap_no_lag_estimation
msak0,223,train,data/processed/mocha_aai_features/msak0/223.npz,398,14,3.986,4.468,0.482,synchronized_overlap_no_lag_estimation
msak0,224,train,data/processed/mocha_aai_features/msak0/224.npz,428,14,4.284,4.71156,0.4276,synchronized_overlap_no_lag_estimation
msak0,225,train,data/processed/mocha_aai_features/msak0/225.npz,335,14,3.358,3.71913,0.3611,synchronized_overlap_no_lag_estimation
msak0,226,train,data/processed/mocha_aai_features/msak0/226.npz,406,14,4.066,4.469,0.403,synchronized_overlap_no_lag_estimation
msak0,227,train,data/processed/mocha_aai_features/msak0/227.npz,299,14,2.994,3.21944,0.2254,synchronized_overlap_no_lag_estimation
msak0,228,test,data/processed/mocha_aai_features/msak0/228.npz,262,14,2.622,2.96894,0.3469,synchronized_overlap_no_lag_estimation
msak0,229,train,data/processed/mocha_aai_features/msak0/229.npz,265,14,2.652,2.96844,0.3164,synchronized_overlap_no_lag_estimation
msak0,230,train,data/processed/mocha_aai_features/msak0/230.npz,362,14,3.624,3.95775,0.3337,synchronized_overlap_no_lag_estimation
msak0,231,train,data/processed/mocha_aai_features/msak0/231.npz,283,14,2.838,3.21813,0.3801,synchronized_overlap_no_lag_estimation
msak0,232,train,data/processed/mocha_aai_features/msak0/232.npz,287,14,2.872,3.21919,0.3472,synchronized_overlap_no_lag_estimation
msak0,233,train,data/processed/mocha_aai_features/msak0/233.npz,262,14,2.622,2.96837,0.3464,synchronized_overlap_no_lag_estimation
msak0,234,validation,data/processed/mocha_aai_features/msak0/234.npz,237,14,2.378,2.71919,0.3412,synchronized_overlap_no_lag_estimation
msak0,235,train,data/processed/mocha_aai_features/msak0/235.npz,212,14,2.12,2.46862,0.3486,synchronized_overlap_no_lag_estimation
msak0,236,train,data/processed/mocha_aai_features/msak0/236.npz,386,14,3.862,4.21913,0.3571,synchronized_overlap_no_lag_estimation
msak0,237,train,data/processed/mocha_aai_features/msak0/237.npz,250,14,2.506,2.96819,0.4622,synchronized_overlap_no_lag_estimation
msak0,238,train,data/processed/mocha_aai_features/msak0/238.npz,302,14,3.02,3.46888,0.4489,synchronized_overlap_no_lag_estimation
msak0,239,train,data/processed/mocha_aai_features/msak0/239.npz,390,14,3.904,4.21863,0.3146,synchronized_overlap_no_lag_estimation
msak0,240,train,data/processed/mocha_aai_features/msak0/240.npz,346,14,3.46,3.968,0.508,synchronized_overlap_no_lag_estimation
msak0,241,train,data/processed/mocha_aai_features/msak0/241.npz,315,14,3.156,3.4685,0.3125,synchronized_overlap_no_lag_estimation
msak0,242,train,data/processed/mocha_aai_features/msak0/242.npz,286,14,2.868,3.219,0.351,synchronized_overlap_no_lag_estimation
msak0,243,train,data/processed/mocha_aai_features/msak0/243.npz,323,14,3.236,3.719,0.483,synchronized_overlap_no_lag_estimation
msak0,244,train,data/processed/mocha_aai_features/msak0/244.npz,351,14,3.516,3.96888,0.4529,synchronized_overlap_no_lag_estimation
msak0,245,test,data/processed/mocha_aai_features/msak0/245.npz,385,14,3.854,4.20962,0.3556,synchronized_overlap_no_lag_estimation
msak0,246,train,data/processed/mocha_aai_features/msak0/246.npz,325,14,3.258,3.71575,0.4577,synchronized_overlap_no_lag_estimation
msak0,247,train,data/processed/mocha_aai_features/msak0/247.npz,336,14,3.366,3.71837,0.3524,synchronized_overlap_no_lag_estimation
msak0,248,train,data/processed/mocha_aai_features/msak0/248.npz,394,14,3.94,4.21737,0.2774,synchronized_overlap_no_lag_estimation
msak0,249,train,data/processed/mocha_aai_features/msak0/249.npz,370,14,3.708,4.21869,0.5107,synchronized_overlap_no_lag_estimation
msak0,250,train,data/processed/mocha_aai_features/msak0/250.npz,317,14,3.176,3.46469,0.2887,synchronized_overlap_no_lag_estimation
msak0,251,validation,data/processed/mocha_aai_features/msak0/251.npz,329,14,3.288,3.71819,0.4302,synchronized_overlap_no_lag_estimation
msak0,252,train,data/processed/mocha_aai_features/msak0/252.npz,475,14,4.748,5.21825,0.4702,synchronized_overlap_no_lag_estimation
msak0,253,train,data/processed/mocha_aai_features/msak0/253.npz,378,14,3.778,4.21837,0.4404,synchronized_overlap_no_lag_estimation
msak0,254,train,data/processed/mocha_aai_features/msak0/254.npz,337,14,3.362,3.71813,0.3561,synchronized_overlap_no_lag_estimation
msak0,255,train,data/processed/mocha_aai_features/msak0/255.npz,398,14,3.972,4.46775,0.4957,synchronized_overlap_no_lag_estimation
msak0,256,train,data/processed/mocha_aai_features/msak0/256.npz,397,14,3.96,4.46863,0.5086,synchronized_overlap_no_lag_estimation
msak0,257,train,data/processed/mocha_aai_features/msak0/257.npz,375,14,3.744,4.21931,0.4753,synchronized_overlap_no_lag_estimation
msak0,258,train,data/processed/mocha_aai_features/msak0/258.npz,298,14,2.974,3.46894,0.4949,synchronized_overlap_no_lag_estimation
msak0,259,train,data/processed/mocha_aai_features/msak0/259.npz,308,14,3.07,3.46956,0.3996,synchronized_overlap_no_lag_estimation
msak0,260,train,data/processed/mocha_aai_features/msak0/260.npz,328,14,3.278,3.71813,0.4401,synchronized_overlap_no_lag_estimation
msak0,261,train,data/processed/mocha_aai_features/msak0/261.npz,340,14,3.392,3.71794,0.3259,synchronized_overlap_no_lag_estimation
msak0,262,validation,data/processed/mocha_aai_features/msak0/262.npz,272,14,2.71,3.21869,0.5087,synchronized_overlap_no_lag_estimation
msak0,263,validation,data/processed/mocha_aai_features/msak0/263.npz,396,14,3.954,4.46863,0.5146,synchronized_overlap_no_lag_estimation
msak0,264,train,data/processed/mocha_aai_features/msak0/264.npz,316,14,3.15,3.46794,0.3179,synchronized_overlap_no_lag_estimation
msak0,265,train,data/processed/mocha_aai_features/msak0/265.npz,383,14,3.822,4.21863,0.3966,synchronized_overlap_no_lag_estimation
msak0,266,train,data/processed/mocha_aai_features/msak0/266.npz,265,14,2.644,2.96869,0.3247,synchronized_overlap_no_lag_estimation
msak0,267,validation,data/processed/mocha_aai_features/msak0/267.npz,366,14,3.656,3.96906,0.3131,synchronized_overlap_no_lag_estimation
msak0,269,validation,data/processed/mocha_aai_features/msak0/269.npz,347,14,3.464,3.96888,0.5049,synchronized_overlap_no_lag_estimation
msak0,270,test,data/processed/mocha_aai_features/msak0/270.npz,379,14,3.786,4.2185,0.4325,synchronized_overlap_no_lag_estimation
msak0,271,train,data/processed/mocha_aai_features/msak0/271.npz,315,14,3.146,3.46813,0.3221,synchronized_overlap_no_lag_estimation
msak0,272,train,data/processed/mocha_aai_features/msak0/272.npz,394,14,3.934,4.21837,0.2844,synchronized_overlap_no_lag_estimation
msak0,273,train,data/processed/mocha_aai_features/msak0/273.npz,373,14,3.724,4.21819,0.4942,synchronized_overlap_no_lag_estimation
msak0,274,train,data/processed/mocha_aai_features/msak0/274.npz,322,14,3.21,3.71813,0.5081,synchronized_overlap_no_lag_estimation
msak0,275,train,data/processed/mocha_aai_features/msak0/275.npz,331,14,3.304,3.71862,0.4146,synchronized_overlap_no_lag_estimation
msak0,276,train,data/processed/mocha_aai_features/msak0/276.npz,334,14,3.334,3.71762,0.3836,synchronized_overlap_no_lag_estimation
msak0,277,train,data/processed/mocha_aai_features/msak0/277.npz,314,14,3.134,3.469,0.335,synchronized_overlap_no_lag_estimation
msak0,278,train,data/processed/mocha_aai_features/msak0/278.npz,338,14,3.376,3.7185,0.3425,synchronized_overlap_no_lag_estimation
msak0,279,train,data/processed/mocha_aai_features/msak0/279.npz,337,14,3.364,3.71825,0.3542,synchronized_overlap_no_lag_estimation
msak0,280,train,data/processed/mocha_aai_features/msak0/280.npz,334,14,3.338,3.71819,0.3802,synchronized_overlap_no_lag_estimation
msak0,281,train,data/processed/mocha_aai_features/msak0/281.npz,331,14,3.304,3.718,0.414,synchronized_overlap_no_lag_estimation
msak0,282,train,data/processed/mocha_aai_features/msak0/282.npz,299,14,2.98,3.46862,0.4886,synchronized_overlap_no_lag_estimation
msak0,283,train,data/processed/mocha_aai_features/msak0/283.npz,429,14,4.284,4.71863,0.4346,synchronized_overlap_no_lag_estimation
msak0,284,train,data/processed/mocha_aai_features/msak0/284.npz,399,14,3.982,4.46825,0.4862,synchronized_overlap_no_lag_estimation
msak0,285,train,data/processed/mocha_aai_features/msak0/285.npz,275,14,2.74,3.21844,0.4784,synchronized_overlap_no_lag_estimation
msak0,286,test,data/processed/mocha_aai_features/msak0/286.npz,378,14,3.772,4.21844,0.4464,synchronized_overlap_no_lag_estimation
msak0,287,train,data/processed/mocha_aai_features/msak0/287.npz,412,14,4.118,4.46894,0.3509,synchronized_overlap_no_lag_estimation
msak0,288,train,data/processed/mocha_aai_features/msak0/288.npz,431,14,4.304,4.71825,0.4142,synchronized_overlap_no_lag_estimation
msak0,289,test,data/processed/mocha_aai_features/msak0/289.npz,444,14,4.432,4.71887,0.2869,synchronized_overlap_no_lag_estimation
msak0,290,train,data/processed/mocha_aai_features/msak0/290.npz,389,14,3.882,4.21894,0.3369,synchronized_overlap_no_lag_estimation
msak0,291,train,data/processed/mocha_aai_features/msak0/291.npz,436,14,4.358,4.71794,0.3599,synchronized_overlap_no_lag_estimation
msak0,292,train,data/processed/mocha_aai_features/msak0/292.npz,364,14,3.638,3.96813,0.3301,synchronized_overlap_no_lag_estimation
msak0,293,validation,data/processed/mocha_aai_features/msak0/293.npz,400,14,3.99,4.46844,0.4784,synchronized_overlap_no_lag_estimation
msak0,294,train,data/processed/mocha_aai_features/msak0/294.npz,370,14,3.694,3.96869,0.2747,synchronized_overlap_no_lag_estimation
msak0,295,train,data/processed/mocha_aai_features/msak0/295.npz,431,14,4.306,4.71919,0.4132,synchronized_overlap_no_lag_estimation
msak0,296,train,data/processed/mocha_aai_features/msak0/296.npz,357,14,3.564,3.96794,0.4039,synchronized_overlap_no_lag_estimation
msak0,297,train,data/processed/mocha_aai_features/msak0/297.npz,435,14,4.348,4.71919,0.3712,synchronized_overlap_no_lag_estimation
msak0,298,validation,data/processed/mocha_aai_features/msak0/298.npz,389,14,3.88,4.21931,0.3393,synchronized_overlap_no_lag_estimation
msak0,299,train,data/processed/mocha_aai_features/msak0/299.npz,379,14,3.782,4.21894,0.4369,synchronized_overlap_no_lag_estimation
msak0,300,train,data/processed/mocha_aai_features/msak0/300.npz,417,14,4.164,4.46725,0.3032,synchronized_overlap_no_lag_estimation
msak0,301,train,data/processed/mocha_aai_features/msak0/301.npz,331,14,3.308,3.71888,0.4109,synchronized_overlap_no_lag_estimation
msak0,302,train,data/processed/mocha_aai_features/msak0/302.npz,308,14,3.076,3.46894,0.3929,synchronized_overlap_no_lag_estimation
msak0,303,train,data/processed/mocha_aai_features/msak0/303.npz,370,14,3.696,3.96862,0.2726,synchronized_overlap_no_lag_estimation
msak0,304,train,data/processed/mocha_aai_features/msak0/304.npz,331,14,3.3,3.71813,0.4181,synchronized_overlap_no_lag_estimation
msak0,305,train,data/processed/mocha_aai_features/msak0/305.npz,279,14,2.784,3.21813,0.4341,synchronized_overlap_no_lag_estimation
msak0,306,train,data/processed/mocha_aai_features/msak0/306.npz,334,14,3.336,3.71775,0.3817,synchronized_overlap_no_lag_estimation
msak0,307,train,data/processed/mocha_aai_features/msak0/307.npz,320,14,3.192,3.46813,0.2761,synchronized_overlap_no_lag_estimation
msak0,308,train,data/processed/mocha_aai_features/msak0/308.npz,303,14,3.024,3.46906,0.4451,synchronized_overlap_no_lag_estimation
msak0,309,train,data/processed/mocha_aai_features/msak0/309.npz,360,14,3.598,3.96794,0.3699,synchronized_overlap_no_lag_estimation
msak0,310,train,data/processed/mocha_aai_features/msak0/310.npz,330,14,3.29,3.71813,0.4281,synchronized_overlap_no_lag_estimation
msak0,311,train,data/processed/mocha_aai_features/msak0/311.npz,317,14,3.16,3.46762,0.3076,synchronized_overlap_no_lag_estimation
msak0,312,train,data/processed/mocha_aai_features/msak0/312.npz,260,14,2.596,2.966,0.37,synchronized_overlap_no_lag_estimation
msak0,313,train,data/processed/mocha_aai_features/msak0/313.npz,341,14,3.4,3.71881,0.3188,synchronized_overlap_no_lag_estimation
msak0,314,train,data/processed/mocha_aai_features/msak0/314.npz,407,14,4.064,4.46788,0.4039,synchronized_overlap_no_lag_estimation
msak0,315,train,data/processed/mocha_aai_features/msak0/315.npz,392,14,3.91,4.21812,0.3081,synchronized_overlap_no_lag_estimation
msak0,316,train,data/processed/mocha_aai_features/msak0/316.npz,508,14,5.072,5.46894,0.3969,synchronized_overlap_no_lag_estimation
msak0,317,train,data/processed/mocha_aai_features/msak0/317.npz,467,14,4.662,5.21913,0.5571,synchronized_overlap_no_lag_estimation
msak0,318,test,data/processed/mocha_aai_features/msak0/318.npz,381,14,3.804,4.21863,0.4146,synchronized_overlap_no_lag_estimation
msak0,319,train,data/processed/mocha_aai_features/msak0/319.npz,413,14,4.126,4.46812,0.3421,synchronized_overlap_no_lag_estimation
msak0,320,test,data/processed/mocha_aai_features/msak0/320.npz,338,14,3.376,3.71837,0.3424,synchronized_overlap_no_lag_estimation
msak0,321,train,data/processed/mocha_aai_features/msak0/321.npz,383,14,3.826,4.21869,0.3927,synchronized_overlap_no_lag_estimation
msak0,322,train,data/processed/mocha_aai_features/msak0/322.npz,355,14,3.542,3.96825,0.4262,synchronized_overlap_no_lag_estimation
msak0,323,train,data/processed/mocha_aai_features/msak0/323.npz,337,14,3.366,3.71837,0.3524,synchronized_overlap_no_lag_estimation
msak0,324,train,data/processed/mocha_aai_features/msak0/324.npz,363,14,3.62,3.96612,0.3461,synchronized_overlap_no_lag_estimation
msak0,325,train,data/processed/mocha_aai_features/msak0/325.npz,405,14,4.044,4.46906,0.4251,synchronized_overlap_no_lag_estimation
msak0,326,train,data/processed/mocha_aai_features/msak0/326.npz,452,14,4.51,4.96837,0.4584,synchronized_overlap_no_lag_estimation
msak0,327,train,data/processed/mocha_aai_features/msak0/327.npz,330,14,3.292,3.71862,0.4266,synchronized_overlap_no_lag_estimation
msak0,328,test,data/processed/mocha_aai_features/msak0/328.npz,365,14,3.644,3.96419,0.3202,synchronized_overlap_no_lag_estimation
msak0,329,train,data/processed/mocha_aai_features/msak0/329.npz,500,14,4.99,5.46775,0.4777,synchronized_overlap_no_lag_estimation
msak0,330,train,data/processed/mocha_aai_features/msak0/330.npz,339,14,3.386,3.71837,0.3324,synchronized_overlap_no_lag_estimation
msak0,331,train,data/processed/mocha_aai_features/msak0/331.npz,334,14,3.334,3.71862,0.3846,synchronized_overlap_no_lag_estimation
msak0,332,train,data/processed/mocha_aai_features/msak0/332.npz,494,14,4.932,5.219,0.287,synchronized_overlap_no_lag_estimation
msak0,333,train,data/processed/mocha_aai_features/msak0/333.npz,430,14,4.29,4.71913,0.4291,synchronized_overlap_no_lag_estimation
msak0,334,train,data/processed/mocha_aai_features/msak0/334.npz,449,14,4.48,4.9685,0.4885,synchronized_overlap_no_lag_estimation
msak0,335,train,data/processed/mocha_aai_features/msak0/335.npz,395,14,3.94,4.21837,0.2784,synchronized_overlap_no_lag_estimation
msak0,336,train,data/processed/mocha_aai_features/msak0/336.npz,371,14,3.7,4.218,0.518,synchronized_overlap_no_lag_estimation
msak0,337,train,data/processed/mocha_aai_features/msak0/337.npz,396,14,3.958,4.468,0.51,synchronized_overlap_no_lag_estimation
msak0,338,train,data/processed/mocha_aai_features/msak0/338.npz,460,14,4.592,4.96638,0.3744,synchronized_overlap_no_lag_estimation
msak0,339,train,data/processed/mocha_aai_features/msak0/339.npz,328,14,3.278,3.71819,0.4402,synchronized_overlap_no_lag_estimation
msak0,340,train,data/processed/mocha_aai_features/msak0/340.npz,498,14,4.974,5.46825,0.4942,synchronized_overlap_no_lag_estimation
msak0,341,train,data/processed/mocha_aai_features/msak0/341.npz,437,14,4.362,4.71825,0.3563,synchronized_overlap_no_lag_estimation
msak0,342,validation,data/processed/mocha_aai_features/msak0/342.npz,366,14,3.652,3.96525,0.3132,synchronized_overlap_no_lag_estimation
msak0,343,train,data/processed/mocha_aai_features/msak0/343.npz,405,14,4.04,4.46931,0.4293,synchronized_overlap_no_lag_estimation
msak0,344,train,data/processed/mocha_aai_features/msak0/344.npz,319,14,3.186,3.46819,0.2822,synchronized_overlap_no_lag_estimation
msak0,345,train,data/processed/mocha_aai_features/msak0/345.npz,327,14,3.26,3.718,0.458,synchronized_overlap_no_lag_estimation
msak0,346,train,data/processed/mocha_aai_features/msak0/346.npz,377,14,3.762,4.21531,0.4533,synchronized_overlap_no_lag_estimation
msak0,347,train,data/processed/mocha_aai_features/msak0/347.npz,365,14,3.648,3.969,0.321,synchronized_overlap_no_lag_estimation
msak0,348,test,data/processed/mocha_aai_features/msak0/348.npz,393,14,3.92,4.21869,0.2987,synchronized_overlap_no_lag_estimation
msak0,349,train,data/processed/mocha_aai_features/msak0/349.npz,313,14,3.128,3.46356,0.3356,synchronized_overlap_no_lag_estimation
msak0,350,train,data/processed/mocha_aai_features/msak0/350.npz,374,14,3.738,4.21863,0.4806,synchronized_overlap_no_lag_estimation
msak0,351,train,data/processed/mocha_aai_features/msak0/351.npz,414,14,4.136,4.46825,0.3322,synchronized_overlap_no_lag_estimation
msak0,352,train,data/processed/mocha_aai_features/msak0/352.npz,503,14,5.028,5.46863,0.4406,synchronized_overlap_no_lag_estimation
msak0,353,train,data/processed/mocha_aai_features/msak0/353.npz,411,14,4.104,4.46931,0.3653,synchronized_overlap_no_lag_estimation
msak0,354,test,data/processed/mocha_aai_features/msak0/354.npz,483,14,4.82,5.219,0.399,synchronized_overlap_no_lag_estimation
msak0,355,validation,data/processed/mocha_aai_features/msak0/355.npz,460,14,4.59,4.96919,0.3792,synchronized_overlap_no_lag_estimation
msak0,356,train,data/processed/mocha_aai_features/msak0/356.npz,442,14,4.418,4.71762,0.2996,synchronized_overlap_no_lag_estimation
msak0,357,train,data/processed/mocha_aai_features/msak0/357.npz,507,14,5.06,5.46919,0.4092,synchronized_overlap_no_lag_estimation
msak0,358,validation,data/processed/mocha_aai_features/msak0/358.npz,369,14,3.684,3.96813,0.2841,synchronized_overlap_no_lag_estimation
msak0,359,train,data/processed/mocha_aai_features/msak0/359.npz,327,14,3.268,3.71738,0.4494,synchronized_overlap_no_lag_estimation
msak0,360,train,data/processed/mocha_aai_features/msak0/360.npz,311,14,3.108,3.4685,0.3605,synchronized_overlap_no_lag_estimation
msak0,361,train,data/processed/mocha_aai_features/msak0/361.npz,357,14,3.568,3.96844,0.4004,synchronized_overlap_no_lag_estimation
msak0,362,train,data/processed/mocha_aai_features/msak0/362.npz,391,14,3.904,4.21794,0.3139,synchronized_overlap_no_lag_estimation
msak0,363,train,data/processed/mocha_aai_features/msak0/363.npz,361,14,3.6,3.96825,0.3682,synchronized_overlap_no_lag_estimation
msak0,364,train,data/processed/mocha_aai_features/msak0/364.npz,448,14,4.472,4.96475,0.4927,synchronized_overlap_no_lag_estimation
msak0,365,train,data/processed/mocha_aai_features/msak0/365.npz,351,14,3.5,3.96256,0.4626,synchronized_overlap_no_lag_estimation
msak0,366,train,data/processed/mocha_aai_features/msak0/366.npz,358,14,3.576,3.96475,0.3887,synchronized_overlap_no_lag_estimation
msak0,367,train,data/processed/mocha_aai_features/msak0/367.npz,415,14,4.142,4.46369,0.3217,synchronized_overlap_no_lag_estimation
msak0,368,train,data/processed/mocha_aai_features/msak0/368.npz,369,14,3.688,3.96931,0.2813,synchronized_overlap_no_lag_estimation
msak0,369,train,data/processed/mocha_aai_features/msak0/369.npz,514,14,5.134,5.46737,0.3334,synchronized_overlap_no_lag_estimation
msak0,370,train,data/processed/mocha_aai_features/msak0/370.npz,469,14,4.682,4.96794,0.2859,synchronized_overlap_no_lag_estimation
msak0,371,train,data/processed/mocha_aai_features/msak0/371.npz,443,14,4.422,4.71869,0.2967,synchronized_overlap_no_lag_estimation
msak0,372,train,data/processed/mocha_aai_features/msak0/372.npz,372,14,3.71,4.2175,0.5075,synchronized_overlap_no_lag_estimation
msak0,373,train,data/processed/mocha_aai_features/msak0/373.npz,407,14,4.068,4.46869,0.4007,synchronized_overlap_no_lag_estimation
msak0,374,train,data/processed/mocha_aai_features/msak0/374.npz,325,14,3.24,3.71787,0.4779,synchronized_overlap_no_lag_estimation
msak0,375,train,data/processed/mocha_aai_features/msak0/375.npz,350,14,3.496,3.96813,0.4721,synchronized_overlap_no_lag_estimation
msak0,376,train,data/processed/mocha_aai_features/msak0/376.npz,423,14,4.222,4.71919,0.4972,synchronized_overlap_no_lag_estimation
msak0,377,train,data/processed/mocha_aai_features/msak0/377.npz,365,14,3.644,3.96394,0.3199,synchronized_overlap_no_lag_estimation
msak0,378,train,data/processed/mocha_aai_features/msak0/378.npz,439,14,4.38,4.71906,0.3391,synchronized_overlap_no_lag_estimation
msak0,379,train,data/processed/mocha_aai_features/msak0/379.npz,364,14,3.63,3.96919,0.3392,synchronized_overlap_no_lag_estimation
msak0,380,train,data/processed/mocha_aai_features/msak0/380.npz,311,14,3.104,3.46819,0.3642,synchronized_overlap_no_lag_estimation
msak0,381,train,data/processed/mocha_aai_features/msak0/381.npz,380,14,3.796,4.21844,0.4224,synchronized_overlap_no_lag_estimation
msak0,382,train,data/processed/mocha_aai_features/msak0/382.npz,388,14,3.878,4.21812,0.3401,synchronized_overlap_no_lag_estimation
msak0,383,train,data/processed/mocha_aai_features/msak0/383.npz,393,14,3.926,4.21894,0.2929,synchronized_overlap_no_lag_estimation
msak0,384,train,data/processed/mocha_aai_features/msak0/384.npz,394,14,3.932,4.219,0.287,synchronized_overlap_no_lag_estimation
msak0,385,train,data/processed/mocha_aai_features/msak0/385.npz,319,14,3.184,3.46869,0.2847,synchronized_overlap_no_lag_estimation
msak0,386,train,data/processed/mocha_aai_features/msak0/386.npz,317,14,3.164,3.46687,0.3029,synchronized_overlap_no_lag_estimation
msak0,387,train,data/processed/mocha_aai_features/msak0/387.npz,341,14,3.4,3.71787,0.3179,synchronized_overlap_no_lag_estimation
msak0,388,train,data/processed/mocha_aai_features/msak0/388.npz,392,14,3.91,4.21812,0.3081,synchronized_overlap_no_lag_estimation
msak0,389,validation,data/processed/mocha_aai_features/msak0/389.npz,362,14,3.61,3.96075,0.3507,synchronized_overlap_no_lag_estimation
msak0,390,train,data/processed/mocha_aai_features/msak0/390.npz,279,14,2.786,3.21888,0.4329,synchronized_overlap_no_lag_estimation
msak0,391,train,data/processed/mocha_aai_features/msak0/391.npz,310,14,3.098,3.46862,0.3706,synchronized_overlap_no_lag_estimation
msak0,392,train,data/processed/mocha_aai_features/msak0/392.npz,326,14,3.258,3.71944,0.4614,synchronized_overlap_no_lag_estimation
msak0,393,train,data/processed/mocha_aai_features/msak0/393.npz,348,14,3.47,3.96787,0.4979,synchronized_overlap_no_lag_estimation
msak0,394,validation,data/processed/mocha_aai_features/msak0/394.npz,240,14,2.398,2.718,0.32,synchronized_overlap_no_lag_estimation
msak0,395,train,data/processed/mocha_aai_features/msak0/395.npz,366,14,3.652,3.96862,0.3166,synchronized_overlap_no_lag_estimation
msak0,396,train,data/processed/mocha_aai_features/msak0/396.npz,315,14,3.142,3.4685,0.3265,synchronized_overlap_no_lag_estimation
msak0,397,train,data/processed/mocha_aai_features/msak0/397.npz,356,14,3.55,3.9685,0.4185,synchronized_overlap_no_lag_estimation
msak0,398,train,data/processed/mocha_aai_features/msak0/398.npz,278,14,2.776,3.21869,0.4427,synchronized_overlap_no_lag_estimation
msak0,399,train,data/processed/mocha_aai_features/msak0/399.npz,353,14,3.526,3.96862,0.4426,synchronized_overlap_no_lag_estimation
msak0,400,test,data/processed/mocha_aai_features/msak0/400.npz,364,14,3.634,3.96862,0.3346,synchronized_overlap_no_lag_estimation
msak0,401,train,data/processed/mocha_aai_features/msak0/401.npz,338,14,3.37,3.71894,0.3489,synchronized_overlap_no_lag_estimation
msak0,402,validation,data/processed/mocha_aai_features/msak0/402.npz,256,14,2.556,2.96794,0.4119,synchronized_overlap_no_lag_estimation
msak0,403,validation,data/processed/mocha_aai_features/msak0/403.npz,419,14,4.184,4.46794,0.2839,synchronized_overlap_no_lag_estimation
msak0,404,train,data/processed/mocha_aai_features/msak0/404.npz,368,14,3.678,3.9535,0.2755,synchronized_overlap_no_lag_estimation
msak0,405,train,data/processed/mocha_aai_features/msak0/405.npz,397,14,3.968,4.46775,0.4997,synchronized_overlap_no_lag_estimation
msak0,406,train,data/processed/mocha_aai_features/msak0/406.npz,363,14,3.622,4.03169,0.4097,synchronized_overlap_no_lag_estimation
msak0,407,test,data/processed/mocha_aai_features/msak0/407.npz,372,14,3.71,4.21788,0.5079,synchronized_overlap_no_lag_estimation
msak0,408,train,data/processed/mocha_aai_features/msak0/408.npz,427,14,4.264,4.71725,0.4532,synchronized_overlap_no_lag_estimation
msak0,409,train,data/processed/mocha_aai_features/msak0/409.npz,376,14,3.756,4.21919,0.4632,synchronized_overlap_no_lag_estimation
msak0,410,train,data/processed/mocha_aai_features/msak0/410.npz,382,14,3.818,4.21794,0.3999,synchronized_overlap_no_lag_estimation
msak0,411,train,data/processed/mocha_aai_features/msak0/411.npz,371,14,3.704,4.21844,0.5144,synchronized_overlap_no_lag_estimation
msak0,412,train,data/processed/mocha_aai_features/msak0/412.npz,360,14,3.598,3.96775,0.3697,synchronized_overlap_no_lag_estimation
msak0,413,train,data/processed/mocha_aai_features/msak0/413.npz,419,14,4.184,4.46788,0.2839,synchronized_overlap_no_lag_estimation
msak0,414,train,data/processed/mocha_aai_features/msak0/414.npz,415,14,4.144,4.46825,0.3242,synchronized_overlap_no_lag_estimation
msak0,415,train,data/processed/mocha_aai_features/msak0/415.npz,361,14,3.602,3.9675,0.3655,synchronized_overlap_no_lag_estimation
msak0,416,train,data/processed/mocha_aai_features/msak0/416.npz,433,14,4.328,4.7175,0.3895,synchronized_overlap_no_lag_estimation
msak0,417,train,data/processed/mocha_aai_features/msak0/417.npz,358,14,3.57,3.96906,0.3991,synchronized_overlap_no_lag_estimation
msak0,418,train,data/processed/mocha_aai_features/msak0/418.npz,378,14,3.772,4.2145,0.4425,synchronized_overlap_no_lag_estimation
msak0,419,train,data/processed/mocha_aai_features/msak0/419.npz,360,14,3.59,3.96813,0.3781,synchronized_overlap_no_lag_estimation
msak0,420,train,data/processed/mocha_aai_features/msak0/420.npz,408,14,4.072,4.46156,0.3896,synchronized_overlap_no_lag_estimation
msak0,421,train,data/processed/mocha_aai_features/msak0/421.npz,363,14,3.62,3.96844,0.3484,synchronized_overlap_no_lag_estimation
msak0,422,train,data/processed/mocha_aai_features/msak0/422.npz,349,14,3.486,3.96881,0.4828,synchronized_overlap_no_lag_estimation
msak0,423,train,data/processed/mocha_aai_features/msak0/423.npz,318,14,3.172,3.46906,0.2971,synchronized_overlap_no_lag_estimation
msak0,424,train,data/processed/mocha_aai_features/msak0/424.npz,401,14,4.0,4.46881,0.4688,synchronized_overlap_no_lag_estimation
msak0,425,train,data/processed/mocha_aai_features/msak0/425.npz,406,14,4.054,4.46887,0.4149,synchronized_overlap_no_lag_estimation
msak0,426,train,data/processed/mocha_aai_features/msak0/426.npz,380,14,3.792,4.21837,0.4264,synchronized_overlap_no_lag_estimation
msak0,427,train,data/processed/mocha_aai_features/msak0/427.npz,414,14,4.13,4.46837,0.3384,synchronized_overlap_no_lag_estimation
msak0,428,test,data/processed/mocha_aai_features/msak0/428.npz,370,14,3.696,3.968,0.272,synchronized_overlap_no_lag_estimation
msak0,429,train,data/processed/mocha_aai_features/msak0/429.npz,418,14,4.176,4.4685,0.2925,synchronized_overlap_no_lag_estimation
msak0,430,train,data/processed/mocha_aai_features/msak0/430.npz,417,14,4.164,4.46881,0.3048,synchronized_overlap_no_lag_estimation
msak0,431,train,data/processed/mocha_aai_features/msak0/431.npz,347,14,3.46,3.96919,0.5092,synchronized_overlap_no_lag_estimation
msak0,432,train,data/processed/mocha_aai_features/msak0/432.npz,319,14,3.184,3.46462,0.2806,synchronized_overlap_no_lag_estimation
msak0,433,train,data/processed/mocha_aai_features/msak0/433.npz,359,14,3.584,3.96837,0.3844,synchronized_overlap_no_lag_estimation
msak0,434,train,data/processed/mocha_aai_features/msak0/434.npz,320,14,3.196,3.46356,0.2676,synchronized_overlap_no_lag_estimation
msak0,435,test,data/processed/mocha_aai_features/msak0/435.npz,400,14,3.996,4.46819,0.4722,synchronized_overlap_no_lag_estimation
msak0,436,train,data/processed/mocha_aai_features/msak0/436.npz,339,14,3.388,3.718,0.33,synchronized_overlap_no_lag_estimation
msak0,437,validation,data/processed/mocha_aai_features/msak0/437.npz,444,14,4.432,4.7145,0.2825,synchronized_overlap_no_lag_estimation
msak0,438,train,data/processed/mocha_aai_features/msak0/438.npz,376,14,3.752,4.2135,0.4615,synchronized_overlap_no_lag_estimation
msak0,439,train,data/processed/mocha_aai_features/msak0/439.npz,486,14,4.856,5.21819,0.3622,synchronized_overlap_no_lag_estimation
msak0,440,train,data/processed/mocha_aai_features/msak0/440.npz,462,14,4.616,4.96438,0.3484,synchronized_overlap_no_lag_estimation
msak0,441,train,data/processed/mocha_aai_features/msak0/441.npz,359,14,3.58,3.96881,0.3888,synchronized_overlap_no_lag_estimation
msak0,442,train,data/processed/mocha_aai_features/msak0/442.npz,487,14,4.864,5.21869,0.3547,synchronized_overlap_no_lag_estimation
msak0,443,train,data/processed/mocha_aai_features/msak0/443.npz,303,14,3.02,3.46819,0.4482,synchronized_overlap_no_lag_estimation
msak0,444,validation,data/processed/mocha_aai_features/msak0/444.npz,461,14,4.602,4.96788,0.3659,synchronized_overlap_no_lag_estimation
msak0,445,train,data/processed/mocha_aai_features/msak0/445.npz,480,14,4.796,5.21931,0.4233,synchronized_overlap_no_lag_estimation
msak0,446,train,data/processed/mocha_aai_features/msak0/446.npz,451,14,4.508,4.96894,0.4609,synchronized_overlap_no_lag_estimation
msak0,447,train,data/processed/mocha_aai_features/msak0/447.npz,440,14,4.39,4.71812,0.3281,synchronized_overlap_no_lag_estimation
msak0,448,train,data/processed/mocha_aai_features/msak0/448.npz,323,14,3.22,3.71906,0.4991,synchronized_overlap_no_lag_estimation
msak0,449,validation,data/processed/mocha_aai_features/msak0/449.npz,380,14,3.792,4.21887,0.4269,synchronized_overlap_no_lag_estimation
msak0,450,train,data/processed/mocha_aai_features/msak0/450.npz,358,14,3.578,3.96738,0.3894,synchronized_overlap_no_lag_estimation
msak0,451,test,data/processed/mocha_aai_features/msak0/451.npz,343,14,3.426,3.71819,0.2922,synchronized_overlap_no_lag_estimation
msak0,452,train,data/processed/mocha_aai_features/msak0/452.npz,347,14,3.462,3.96294,0.5009,synchronized_overlap_no_lag_estimation
msak0,453,test,data/processed/mocha_aai_features/msak0/453.npz,349,14,3.484,3.9645,0.4805,synchronized_overlap_no_lag_estimation
msak0,454,test,data/processed/mocha_aai_features/msak0/454.npz,336,14,3.356,3.71813,0.3621,synchronized_overlap_no_lag_estimation
msak0,455,train,data/processed/mocha_aai_features/msak0/455.npz,322,14,3.212,3.71862,0.5066,synchronized_overlap_no_lag_estimation
msak0,456,train,data/processed/mocha_aai_features/msak0/456.npz,408,14,4.07,4.46913,0.3991,synchronized_overlap_no_lag_estimation
msak0,457,train,data/processed/mocha_aai_features/msak0/457.npz,401,14,4.008,4.46894,0.4609,synchronized_overlap_no_lag_estimation
msak0,458,train,data/processed/mocha_aai_features/msak0/458.npz,440,14,4.394,4.71869,0.3247,synchronized_overlap_no_lag_estimation
msak0,459,train,data/processed/mocha_aai_features/msak0/459.npz,394,14,3.934,4.21775,0.2837,synchronized_overlap_no_lag_estimation
msak0,460,test,data/processed/mocha_aai_features/msak0/460.npz,299,14,2.982,3.453,0.471,synchronized_overlap_no_lag_estimation
