fold,role,speaker,condition,session,utterance_id,audio_path,duration_seconds,written_prompt,working_target,target_status
0,test,F01,dysarthric,Session1,0008,data/extracted/torgo/F01/Session1/wav_headMic/0008.wav,9.84375,"Except in the winter when the ooze or snow or ice prevents,","Except in the winter when the ooze or snow or ice prevents,",project_prompt_target
0,test,F01,dysarthric,Session1,0014,data/extracted/torgo/F01/Session1/wav_headMic/0014.wav,6.56244,he slowly takes a short walk in the open air each day.,he slowly takes a short walk in the open air each day.,project_prompt_target
0,test,F01,dysarthric,Session1,0032,data/extracted/torgo/F01/Session1/wav_headMic/0032.wav,7.56687,She had your dark suit in greasy wash water all year.,She had your dark suit in greasy wash water all year.,project_prompt_target
0,test,F01,dysarthric,Session1,0035,data/extracted/torgo/F01/Session1/wav_headMic/0035.wav,12.42163,giving those who observe him a pronounced feeling of the utmost respect.,giving those who observe him a pronounced feeling of the utmost respect.,project_prompt_target
0,test,F01,dysarthric,Session1,0036,data/extracted/torgo/F01/Session1/wav_headMic/0036.wav,6.31931,"We have often urged him to walk more and smoke less,","We have often urged him to walk more and smoke less,",project_prompt_target
0,test,F01,dysarthric,Session1,0116,data/extracted/torgo/F01/Session1/wav_headMic/0116.wav,9.807,Twice each day he plays skillfully and with zest upon our small organ.,Twice each day he plays skillfully and with zest upon our small organ.,project_prompt_target
0,test,F01,dysarthric,Session1,0126,data/extracted/torgo/F01/Session1/wav_headMic/0126.wav,6.24081,"he dresses himself in an ancient black frock coat,","he dresses himself in an ancient black frock coat,",project_prompt_target
0,test,F01,dysarthric,Session1,0132,data/extracted/torgo/F01/Session1/wav_headMic/0132.wav,9.16313,"When he speaks, his voice is just a bit cracked and quivers a trifle.","When he speaks, his voice is just a bit cracked and quivers a trifle.",project_prompt_target
0,test,M01,dysarthric,Session2_3,0013,data/extracted/torgo/M01/Session2_3/wav_headMic/0013.wav,7.86256,The quick brown fox jumps over the lazy dog.,The quick brown fox jumps over the lazy dog.,project_prompt_target
0,test,M01,dysarthric,Session2_3,0042,data/extracted/torgo/M01/Session2_3/wav_headMic/0042.wav,8.73387,The islands are sparsely populated.,The islands are sparsely populated.,project_prompt_target
0,test,M01,dysarthric,Session2_3,0043,data/extracted/torgo/M01/Session2_3/wav_headMic/0043.wav,7.49619,Both figures would go higher in later years.,Both figures would go higher in later years.,project_prompt_target
0,test,M01,dysarthric,Session2_3,0045,data/extracted/torgo/M01/Session2_3/wav_headMic/0045.wav,7.42131,One validated acts of school districts.,One validated acts of school districts.,project_prompt_target
0,test,M01,dysarthric,Session2_3,0056,data/extracted/torgo/M01/Session2_3/wav_headMic/0056.wav,7.00425,Are your grades higher or lower than Nancy's?,Are your grades higher or lower than Nancy's?,project_prompt_target
0,test,M01,dysarthric,Session2_3,0066,data/extracted/torgo/M01/Session2_3/wav_headMic/0066.wav,11.749,Two other cases also were under advisement.,Two other cases also were under advisement.,project_prompt_target
0,test,M01,dysarthric,Session2_3,0084,data/extracted/torgo/M01/Session2_3/wav_headMic/0084.wav,7.45181,Jane may earn more money by working hard.,Jane may earn more money by working hard.,project_prompt_target
0,test,M01,dysarthric,Session2_3,0095,data/extracted/torgo/M01/Session2_3/wav_headMic/0095.wav,6.53525,I scrubbed the floors thoroughly.,I scrubbed the floors thoroughly.,project_prompt_target
0,test,M01,dysarthric,Session2_3,0109,data/extracted/torgo/M01/Session2_3/wav_headMic/0109.wav,8.04194,You'd be better off taking a cold shower.,You'd be better off taking a cold shower.,project_prompt_target
0,test,M01,dysarthric,Session2_3,0113,data/extracted/torgo/M01/Session2_3/wav_headMic/0113.wav,7.68406,Nothing is as offensive as innocence.,Nothing is as offensive as innocence.,project_prompt_target
0,test,M01,dysarthric,Session2_3,0117,data/extracted/torgo/M01/Session2_3/wav_headMic/0117.wav,6.81775,Bright sunshine shimmers on the ocean.,Bright sunshine shimmers on the ocean.,project_prompt_target
0,test,M01,dysarthric,Session2_3,0121,data/extracted/torgo/M01/Session2_3/wav_headMic/0121.wav,6.66706,All the big baseball players get traded.,All the big baseball players get traded.,project_prompt_target
0,test,M01,dysarthric,Session2_3,0125,data/extracted/torgo/M01/Session2_3/wav_headMic/0125.wav,6.02894,My sister made the flowered curtains.,My sister made the flowered curtains.,project_prompt_target
0,test,M01,dysarthric,Session2_3,0127,data/extracted/torgo/M01/Session2_3/wav_headMic/0127.wav,6.26537,Why yell or worry over silly items?,Why yell or worry over silly items?,project_prompt_target
0,test,M01,dysarthric,Session2_3,0129,data/extracted/torgo/M01/Session2_3/wav_headMic/0129.wav,7.86125,The train approached the depot slowly.,The train approached the depot slowly.,project_prompt_target
0,test,M01,dysarthric,Session2_3,0132,data/extracted/torgo/M01/Session2_3/wav_headMic/0132.wav,7.152,They carried me off on the stretcher.,They carried me off on the stretcher.,project_prompt_target
0,test,M01,dysarthric,Session2_3,0146,data/extracted/torgo/M01/Session2_3/wav_headMic/0146.wav,6.81319,"Everything went real smooth, the sheriff said.","Everything went real smooth, the sheriff said.",project_prompt_target
0,test,M01,dysarthric,Session2_3,0159,data/extracted/torgo/M01/Session2_3/wav_headMic/0159.wav,12.08081,This is not a program of socialized medicine.,This is not a program of socialized medicine.,project_prompt_target
0,test,M01,dysarthric,Session2_3,0160,data/extracted/torgo/M01/Session2_3/wav_headMic/0160.wav,6.79219,This is not a program of socialized medicine.,This is not a program of socialized medicine.,project_prompt_target
0,test,M01,dysarthric,Session2_3,0165,data/extracted/torgo/M01/Session2_3/wav_headMic/0165.wav,15.70813,It also provides for funds to clear slums and help colleges build dormitories.,It also provides for funds to clear slums and help colleges build dormitories.,project_prompt_target
0,test,M01,dysarthric,Session2_3,0167,data/extracted/torgo/M01/Session2_3/wav_headMic/0167.wav,6.23487,Alimony harms a divorced man's wealth.,Alimony harms a divorced man's wealth.,project_prompt_target
0,test,M01,dysarthric,Session2_3,0174,data/extracted/torgo/M01/Session2_3/wav_headMic/0174.wav,6.60288,The dolphins swam around our boat.,The dolphins swam around our boat.,project_prompt_target
0,test,M01,dysarthric,Session2_3,0177,data/extracted/torgo/M01/Session2_3/wav_headMic/0177.wav,6.59237,Day after day some new episode is reported.,Day after day some new episode is reported.,project_prompt_target
0,test,M01,dysarthric,Session2_3,0179,data/extracted/torgo/M01/Session2_3/wav_headMic/0179.wav,8.63213,It eventually became a rather proud claim.,It eventually became a rather proud claim.,project_prompt_target
0,test,M01,dysarthric,Session2_3,0181,data/extracted/torgo/M01/Session2_3/wav_headMic/0181.wav,13.51531,He further proposed grants of an unspecified sum for experimental hospitals.,He further proposed grants of an unspecified sum for experimental hospitals.,project_prompt_target
0,test,M01,dysarthric,Session2_3,0185,data/extracted/torgo/M01/Session2_3/wav_headMic/0185.wav,6.10475,The misguided souls have lost their way.,The misguided souls have lost their way.,project_prompt_target
0,test,M01,dysarthric,Session2_3,0188,data/extracted/torgo/M01/Session2_3/wav_headMic/0188.wav,9.84269,Aluminum silverware can often be flimsy.,Aluminum silverware can often be flimsy.,project_prompt_target
0,test,M01,dysarthric,Session2_3,0191,data/extracted/torgo/M01/Session2_3/wav_headMic/0191.wav,12.89506,Nothing has been done yet to take advantage of the enabling legislation.,Nothing has been done yet to take advantage of the enabling legislation.,project_prompt_target
0,test,M01,dysarthric,Session2_3,0202,data/extracted/torgo/M01/Session2_3/wav_headMic/0202.wav,7.29631,This is a period of transition for me.,This is a period of transition for me.,project_prompt_target
0,test,M01,dysarthric,Session2_3,0205,data/extracted/torgo/M01/Session2_3/wav_headMic/0205.wav,7.52481,"If you are losing water, replace it immediately.","If you are losing water, replace it immediately.",project_prompt_target
0,test,M01,dysarthric,Session2_3,0206,data/extracted/torgo/M01/Session2_3/wav_headMic/0206.wav,9.66313,"When all else fails, use force.","When all else fails, use force.",project_prompt_target
0,test,M01,dysarthric,Session2_3,0232,data/extracted/torgo/M01/Session2_3/wav_headMic/0232.wav,8.10325,"Before Thursday's exam, review every formula.","Before Thursday's exam, review every formula.",project_prompt_target
0,test,M01,dysarthric,Session2_3,0235,data/extracted/torgo/M01/Session2_3/wav_headMic/0235.wav,7.25894,The museum hires musicians every evening.,The museum hires musicians every evening.,project_prompt_target
0,test,M01,dysarthric,Session2_3,0240,data/extracted/torgo/M01/Session2_3/wav_headMic/0240.wav,6.35369,The job provides many benefits.,The job provides many benefits.,project_prompt_target
0,test,M01,dysarthric,Session2_3,0278,data/extracted/torgo/M01/Session2_3/wav_headMic/0278.wav,6.50769,Both injuries were to the same leg.,Both injuries were to the same leg.,project_prompt_target
0,train,F04,dysarthric,Session1,0006,data/extracted/torgo/F04/Session1/wav_arrayMic/0006.wav,3.15,yet he still thinks as swiftly as ever.,yet he still thinks as swiftly as ever.,project_prompt_target
0,train,F04,dysarthric,Session1,0008,data/extracted/torgo/F04/Session1/wav_arrayMic/0008.wav,1.35,knew,knew,project_prompt_target
0,train,F04,dysarthric,Session1,0011,data/extracted/torgo/F04/Session1/wav_arrayMic/0011.wav,1.35,torn,torn,project_prompt_target
0,train,F04,dysarthric,Session1,0012,data/extracted/torgo/F04/Session1/wav_arrayMic/0012.wav,1.65,born,born,project_prompt_target
0,train,F04,dysarthric,Session1,0014,data/extracted/torgo/F04/Session1/wav_arrayMic/0014.wav,1.95,stubble,stubble,project_prompt_target
0,train,F04,dysarthric,Session1,0020,data/extracted/torgo/F04/Session1/wav_arrayMic/0020.wav,1.35,trace,trace,project_prompt_target
0,train,F04,dysarthric,Session1,0022,data/extracted/torgo/F04/Session1/wav_arrayMic/0022.wav,1.5,beat,beat,project_prompt_target
0,train,F04,dysarthric,Session1,0023,data/extracted/torgo/F04/Session1/wav_arrayMic/0023.wav,1.05,hair,hair,project_prompt_target
0,train,F04,dysarthric,Session1,0025,data/extracted/torgo/F04/Session1/wav_arrayMic/0025.wav,4.5,he dressed himself in an ancient black frock coat,he dressed himself in an ancient black frock coat,project_prompt_target
0,train,F04,dysarthric,Session1,0027,data/extracted/torgo/F04/Session1/wav_arrayMic/0027.wav,4.65,usually minus several buttons;,usually minus several buttons;,project_prompt_target
0,train,F04,dysarthric,Session1,0028,data/extracted/torgo/F04/Session1/wav_arrayMic/0028.wav,1.05,store,store,project_prompt_target
0,train,F04,dysarthric,Session1,0029,data/extracted/torgo/F04/Session1/wav_arrayMic/0029.wav,1.35,knew,knew,project_prompt_target
0,train,F04,dysarthric,Session1,0030,data/extracted/torgo/F04/Session1/wav_arrayMic/0030.wav,0.9,chair,chair,project_prompt_target
0,train,F04,dysarthric,Session1,0034,data/extracted/torgo/F04/Session1/wav_arrayMic/0034.wav,5.4,Grandfather likes to be modern in his language.,Grandfather likes to be modern in his language.,project_prompt_target
0,train,F04,dysarthric,Session1,0035,data/extracted/torgo/F04/Session1/wav_arrayMic/0035.wav,1.95,tip,tip,project_prompt_target
0,train,F04,dysarthric,Session1,0038,data/extracted/torgo/F04/Session1/wav_arrayMic/0038.wav,5.85,She had your dark suit in greasy wash water all year.,She had your dark suit in greasy wash water all year.,project_prompt_target
0,train,F04,dysarthric,Session1,0039,data/extracted/torgo/F04/Session1/wav_arrayMic/0039.wav,1.2,grow,grow,project_prompt_target
0,train,F04,dysarthric,Session1,0040,data/extracted/torgo/F04/Session1/wav_arrayMic/0040.wav,0.9,two,two,project_prompt_target
0,train,F04,dysarthric,Session1,0044,data/extracted/torgo/F04/Session1/wav_arrayMic/0044.wav,1.35,air,air,project_prompt_target
0,train,F04,dysarthric,Session1,0052,data/extracted/torgo/F04/Session1/wav_arrayMic/0052.wav,1.35,horn,horn,project_prompt_target
0,train,F04,dysarthric,Session1,0054,data/extracted/torgo/F04/Session1/wav_arrayMic/0054.wav,1.35,goat,goat,project_prompt_target
0,train,F04,dysarthric,Session1,0059,data/extracted/torgo/F04/Session1/wav_arrayMic/0059.wav,1.95,race,race,project_prompt_target
0,train,F04,dysarthric,Session1,0061,data/extracted/torgo/F04/Session1/wav_arrayMic/0061.wav,5.25,he slowly takes a short walk in the open air each day.,he slowly takes a short walk in the open air each day.,project_prompt_target
0,train,F04,dysarthric,Session1,0062,data/extracted/torgo/F04/Session1/wav_arrayMic/0062.wav,1.95,yes,yes,project_prompt_target
0,train,F04,dysarthric,Session1,0063,data/extracted/torgo/F04/Session1/wav_arrayMic/0063.wav,6.3,giving those who observe him a pronounced feeling of the utmost respect.,giving those who observe him a pronounced feeling of the utmost respect.,project_prompt_target
0,train,F04,dysarthric,Session1,0066,data/extracted/torgo/F04/Session1/wav_arrayMic/0066.wav,1.65,"read [as in ""I can read""]",read,project_prompt_target
0,train,F04,dysarthric,Session1,0067,data/extracted/torgo/F04/Session1/wav_arrayMic/0067.wav,7.05,Twice each day he plays skillfully and with zest upon our small organ.,Twice each day he plays skillfully and with zest upon our small organ.,project_prompt_target
0,train,F04,dysarthric,Session1,0068,data/extracted/torgo/F04/Session1/wav_arrayMic/0068.wav,1.35,warm,warm,project_prompt_target
0,train,F04,dysarthric,Session1,0072,data/extracted/torgo/F04/Session1/wav_arrayMic/0072.wav,1.35,bug,bug,project_prompt_target
0,train,F04,dysarthric,Session1,0075,data/extracted/torgo/F04/Session1/wav_arrayMic/0075.wav,0.9,floor,floor,project_prompt_target
0,train,F04,dysarthric,Session1,0076,data/extracted/torgo/F04/Session1/wav_arrayMic/0076.wav,1.65,jagged,jagged,project_prompt_target
0,train,F04,dysarthric,Session1,0078,data/extracted/torgo/F04/Session1/wav_arrayMic/0078.wav,1.8,rate,rate,project_prompt_target
0,train,F04,dysarthric,Session1,0079,data/extracted/torgo/F04/Session1/wav_arrayMic/0079.wav,1.2,"read [as in ""I can read""]",read,project_prompt_target
0,train,F04,dysarthric,Session1,0080,data/extracted/torgo/F04/Session1/wav_arrayMic/0080.wav,1.35,trouble,trouble,project_prompt_target
0,train,F04,dysarthric,Session1,0081,data/extracted/torgo/F04/Session1/wav_arrayMic/0081.wav,1.2,rain,rain,project_prompt_target
0,train,F04,dysarthric,Session1,0082,data/extracted/torgo/F04/Session1/wav_arrayMic/0082.wav,1.5,corn,corn,project_prompt_target
0,train,F04,dysarthric,Session1,0085,data/extracted/torgo/F04/Session1/wav_arrayMic/0085.wav,1.8,feet,feet,project_prompt_target
0,train,F04,dysarthric,Session1,0090,data/extracted/torgo/F04/Session1/wav_arrayMic/0090.wav,1.95,rave,rave,project_prompt_target
0,train,F04,dysarthric,Session1,0091,data/extracted/torgo/F04/Session1/wav_arrayMic/0091.wav,7.05,"Except in the winter when the ooze or snow or ice prevents,","Except in the winter when the ooze or snow or ice prevents,",project_prompt_target
0,train,F04,dysarthric,Session1,0092,data/extracted/torgo/F04/Session1/wav_arrayMic/0092.wav,6.15,"Except in the winter when the ooze or snow or ice prevents,","Except in the winter when the ooze or snow or ice prevents,",project_prompt_target
0,train,F04,dysarthric,Session1,0094,data/extracted/torgo/F04/Session1/wav_arrayMic/0094.wav,1.5,alpha,alpha,project_prompt_target
0,train,F04,dysarthric,Session1,0098,data/extracted/torgo/F04/Session1/wav_arrayMic/0098.wav,1.65,for,for,project_prompt_target
0,train,F04,dysarthric,Session1,0100,data/extracted/torgo/F04/Session1/wav_arrayMic/0100.wav,6.3,"When he speaks, his voice is just a bit cracked and quivers a trifle.","When he speaks, his voice is just a bit cracked and quivers a trifle.",project_prompt_target
0,train,F04,dysarthric,Session1,0101,data/extracted/torgo/F04/Session1/wav_arrayMic/0101.wav,1.8,train,train,project_prompt_target
0,train,F04,dysarthric,Session1,0102,data/extracted/torgo/F04/Session1/wav_arrayMic/0102.wav,2.25,feed,feed,project_prompt_target
0,train,F04,dysarthric,Session1,0108,data/extracted/torgo/F04/Session1/wav_arrayMic/0108.wav,2.1,"lead [as in ""I will lead you""]",lead,project_prompt_target
0,train,F04,dysarthric,Session1,0111,data/extracted/torgo/F04/Session1/wav_arrayMic/0111.wav,1.65,beat,beat,project_prompt_target
0,train,F04,dysarthric,Session1,0113,data/extracted/torgo/F04/Session1/wav_arrayMic/0113.wav,1.95,slip,slip,project_prompt_target
0,train,F04,dysarthric,Session1,0114,data/extracted/torgo/F04/Session1/wav_arrayMic/0114.wav,1.8,one,one,project_prompt_target
0,train,F04,dysarthric,Session1,0120,data/extracted/torgo/F04/Session1/wav_arrayMic/0120.wav,6.75,"A long, flowing beard clings to his chin,","A long, flowing beard clings to his chin,",project_prompt_target
0,train,F04,dysarthric,Session1,0124,data/extracted/torgo/F04/Session1/wav_arrayMic/0124.wav,1.2,farm,farm,project_prompt_target
0,train,F04,dysarthric,Session1,0125,data/extracted/torgo/F04/Session1/wav_arrayMic/0125.wav,1.5,bat,bat,project_prompt_target
0,train,F04,dysarthric,Session1,0127,data/extracted/torgo/F04/Session1/wav_arrayMic/0127.wav,1.95,knew,knew,project_prompt_target
0,train,F04,dysarthric,Session1,0129,data/extracted/torgo/F04/Session1/wav_arrayMic/0129.wav,1.65,pile,pile,project_prompt_target
0,train,F04,dysarthric,Session1,0131,data/extracted/torgo/F04/Session1/wav_arrayMic/0131.wav,4.05,You'd be better off taking a cold shower.,You'd be better off taking a cold shower.,project_prompt_target
0,train,F04,dysarthric,Session1,0133,data/extracted/torgo/F04/Session1/wav_arrayMic/0133.wav,3.75,Both figures would go higher in later years.,Both figures would go higher in later years.,project_prompt_target
0,train,F04,dysarthric,Session1,0136,data/extracted/torgo/F04/Session1/wav_arrayMic/0136.wav,1.35,troop,troop,project_prompt_target
0,train,F04,dysarthric,Session1,0137,data/extracted/torgo/F04/Session1/wav_arrayMic/0137.wav,1.2,here,here,project_prompt_target
0,train,F04,dysarthric,Session1,0140,data/extracted/torgo/F04/Session1/wav_arrayMic/0140.wav,1.35,ate,ate,project_prompt_target
0,train,F04,dysarthric,Session1,0141,data/extracted/torgo/F04/Session1/wav_arrayMic/0141.wav,0.9,hear,hear,project_prompt_target
0,train,F04,dysarthric,Session1,0142,data/extracted/torgo/F04/Session1/wav_arrayMic/0142.wav,1.2,pot,pot,project_prompt_target
0,train,F04,dysarthric,Session1,0144,data/extracted/torgo/F04/Session1/wav_arrayMic/0144.wav,1.5,slip,slip,project_prompt_target
0,train,F04,dysarthric,Session1,0146,data/extracted/torgo/F04/Session1/wav_arrayMic/0146.wav,1.5,white,white,project_prompt_target
0,train,F04,dysarthric,Session1,0147,data/extracted/torgo/F04/Session1/wav_arrayMic/0147.wav,5.25,Mother sews yellow gingham aprons.,Mother sews yellow gingham aprons.,project_prompt_target
0,train,F04,dysarthric,Session1,0148,data/extracted/torgo/F04/Session1/wav_arrayMic/0148.wav,4.35,I just try to do my best.,I just try to do my best.,project_prompt_target
0,train,F04,dysarthric,Session1,0150,data/extracted/torgo/F04/Session1/wav_arrayMic/0150.wav,3.6,Where were you while we were away?,Where were you while we were away?,project_prompt_target
0,train,F04,dysarthric,Session1,0152,data/extracted/torgo/F04/Session1/wav_arrayMic/0152.wav,1.35,droop,droop,project_prompt_target
0,train,F04,dysarthric,Session1,0153,data/extracted/torgo/F04/Session1/wav_arrayMic/0153.wav,1.5,group,group,project_prompt_target
0,train,F04,dysarthric,Session1,0156,data/extracted/torgo/F04/Session1/wav_arrayMic/0156.wav,1.8,cheer,cheer,project_prompt_target
0,train,F04,dysarthric,Session1,0157,data/extracted/torgo/F04/Session1/wav_arrayMic/0157.wav,2.4,thigh,thigh,project_prompt_target
0,train,F04,dysarthric,Session1,0159,data/extracted/torgo/F04/Session1/wav_arrayMic/0159.wav,7.65,"If you destroy confidence in banks, you do something to the economy, he said.","If you destroy confidence in banks, you do something to the economy, he said.",project_prompt_target
0,train,F04,dysarthric,Session1,0162,data/extracted/torgo/F04/Session1/wav_arrayMic/0162.wav,1.95,coupe,coupe,project_prompt_target
0,train,F04,dysarthric,Session1,0163,data/extracted/torgo/F04/Session1/wav_arrayMic/0163.wav,1.2,write,write,project_prompt_target
0,train,F04,dysarthric,Session1,0165,data/extracted/torgo/F04/Session1/wav_arrayMic/0165.wav,1.95,no,no,project_prompt_target
0,train,F04,dysarthric,Session1,0169,data/extracted/torgo/F04/Session1/wav_arrayMic/0169.wav,1.65,tile,tile,project_prompt_target
0,train,F04,dysarthric,Session1,0170,data/extracted/torgo/F04/Session1/wav_arrayMic/0170.wav,1.65,select,select,project_prompt_target
0,train,F04,dysarthric,Session1,0171,data/extracted/torgo/F04/Session1/wav_arrayMic/0171.wav,2.1,sweet,sweet,project_prompt_target
0,train,F04,dysarthric,Session1,0172,data/extracted/torgo/F04/Session1/wav_arrayMic/0172.wav,1.5,suit,suit,project_prompt_target
0,train,F04,dysarthric,Session1,0173,data/extracted/torgo/F04/Session1/wav_arrayMic/0173.wav,1.2,of,of,project_prompt_target
0,train,F04,dysarthric,Session1,0176,data/extracted/torgo/F04/Session1/wav_arrayMic/0176.wav,1.65,root,root,project_prompt_target
0,train,F04,dysarthric,Session1,0178,data/extracted/torgo/F04/Session1/wav_arrayMic/0178.wav,1.35,three,three,project_prompt_target
0,train,F04,dysarthric,Session1,0180,data/extracted/torgo/F04/Session1/wav_arrayMic/0180.wav,3.45,Bright sunshine shimmers on the ocean.,Bright sunshine shimmers on the ocean.,project_prompt_target
0,train,F04,dysarthric,Session1,0181,data/extracted/torgo/F04/Session1/wav_arrayMic/0181.wav,1.5,ate,ate,project_prompt_target
0,train,F04,dysarthric,Session1,0184,data/extracted/torgo/F04/Session1/wav_arrayMic/0184.wav,7.05,Two other cases also were under advisement.,Two other cases also were under advisement.,project_prompt_target
0,train,F04,dysarthric,Session1,0185,data/extracted/torgo/F04/Session1/wav_arrayMic/0185.wav,1.5,much,much,project_prompt_target
0,train,F04,dysarthric,Session1,0186,data/extracted/torgo/F04/Session1/wav_arrayMic/0186.wav,1.2,hate,hate,project_prompt_target
0,train,F04,dysarthric,Session1,0188,data/extracted/torgo/F04/Session1/wav_arrayMic/0188.wav,1.95,whoop,whoop,project_prompt_target
0,train,F04,dysarthric,Session1,0189,data/extracted/torgo/F04/Session1/wav_arrayMic/0189.wav,1.5,know,know,project_prompt_target
0,train,F04,dysarthric,Session1,0190,data/extracted/torgo/F04/Session1/wav_arrayMic/0190.wav,1.35,rock,rock,project_prompt_target
0,train,F04,dysarthric,Session1,0191,data/extracted/torgo/F04/Session1/wav_arrayMic/0191.wav,3.75,Why yell or worry over silly items?,Why yell or worry over silly items?,project_prompt_target
0,train,F04,dysarthric,Session1,0193,data/extracted/torgo/F04/Session1/wav_arrayMic/0193.wav,1.05,knot,knot,project_prompt_target
0,train,F04,dysarthric,Session1,0195,data/extracted/torgo/F04/Session1/wav_arrayMic/0195.wav,1.35,were,were,project_prompt_target
0,train,F04,dysarthric,Session1,0196,data/extracted/torgo/F04/Session1/wav_arrayMic/0196.wav,2.55,we're,we're,project_prompt_target
0,train,F04,dysarthric,Session1,0198,data/extracted/torgo/F04/Session1/wav_arrayMic/0198.wav,3.45,Just one side got wet.,Just one side got wet.,project_prompt_target
0,train,F04,dysarthric,Session2,0110,data/extracted/torgo/F04/Session2/wav_headMic/0110.wav,2.64506,dart,dart,project_prompt_target
0,train,F04,dysarthric,Session2,0113,data/extracted/torgo/F04/Session2/wav_headMic/0113.wav,2.13,side,side,project_prompt_target
0,train,F04,dysarthric,Session2,0114,data/extracted/torgo/F04/Session2/wav_headMic/0114.wav,2.175,reek,reek,project_prompt_target
0,train,F04,dysarthric,Session2,0125,data/extracted/torgo/F04/Session2/wav_headMic/0125.wav,2.16,city,city,project_prompt_target
0,train,F04,dysarthric,Session2,0133,data/extracted/torgo/F04/Session2/wav_headMic/0133.wav,3.515,pretty,pretty,project_prompt_target
0,train,F04,dysarthric,Session2,0134,data/extracted/torgo/F04/Session2/wav_headMic/0134.wav,3.325,witty,witty,project_prompt_target
0,train,F04,dysarthric,Session2,0135,data/extracted/torgo/F04/Session2/wav_headMic/0135.wav,3.465,tell,tell,project_prompt_target
0,train,F04,dysarthric,Session2,0142,data/extracted/torgo/F04/Session2/wav_headMic/0142.wav,2.335,lick,lick,project_prompt_target
0,train,F04,dysarthric,Session2,0143,data/extracted/torgo/F04/Session2/wav_headMic/0143.wav,7.4,This is not a program of socialized medicine.,This is not a program of socialized medicine.,project_prompt_target
0,train,F04,dysarthric,Session2,0145,data/extracted/torgo/F04/Session2/wav_headMic/0145.wav,2.62,league,league,project_prompt_target
0,train,F04,dysarthric,Session2,0150,data/extracted/torgo/F04/Session2/wav_headMic/0150.wav,2.065,take,take,project_prompt_target
0,train,F04,dysarthric,Session2,0152,data/extracted/torgo/F04/Session2/wav_headMic/0152.wav,3.49,sitting,sitting,project_prompt_target
0,train,F04,dysarthric,Session2,0154,data/extracted/torgo/F04/Session2/wav_headMic/0154.wav,2.62,rich,rich,project_prompt_target
0,train,F04,dysarthric,Session2,0156,data/extracted/torgo/F04/Session2/wav_headMic/0156.wav,2.545,leak,leak,project_prompt_target
0,train,F04,dysarthric,Session2,0160,data/extracted/torgo/F04/Session2/wav_headMic/0160.wav,4.085,him,him,project_prompt_target
0,train,FC03,control,Session1,0018,data/extracted/torgo/FC03/Session1/wav_headMic/0018.wav,1.965,knew,knew,project_prompt_target
0,train,FC03,control,Session1,0021,data/extracted/torgo/FC03/Session1/wav_headMic/0021.wav,1.87,sip,sip,project_prompt_target
0,train,FC03,control,Session1,0049,data/extracted/torgo/FC03/Session1/wav_headMic/0049.wav,5.145,"Well, he is nearly ninety-three years old;","Well, he is nearly ninety-three years old;",project_prompt_target
0,train,FC03,control,Session1,0054,data/extracted/torgo/FC03/Session1/wav_headMic/0054.wav,6.225,"When he speaks, his voice is just a bit cracked and quivers a trifle.","When he speaks, his voice is just a bit cracked and quivers a trifle.",project_prompt_target
0,train,FC03,control,Session1,0055,data/extracted/torgo/FC03/Session1/wav_headMic/0055.wav,7.22,"When he speaks, his voice is just a bit cracked and quivers a trifle.","When he speaks, his voice is just a bit cracked and quivers a trifle.",project_prompt_target
0,train,FC03,control,Session1,0099,data/extracted/torgo/FC03/Session1/wav_headMic/0099.wav,1.975,grow,grow,project_prompt_target
0,train,FC03,control,Session1,0103,data/extracted/torgo/FC03/Session1/wav_headMic/0103.wav,2.02,left,left,project_prompt_target
0,train,FC03,control,Session1,0109,data/extracted/torgo/FC03/Session1/wav_headMic/0109.wav,7.465,Twice each day he plays skillfully and with zest upon our small organ.,Twice each day he plays skillfully and with zest upon our small organ.,project_prompt_target
0,train,FC03,control,Session1,0129,data/extracted/torgo/FC03/Session1/wav_headMic/0129.wav,2.155,floor,floor,project_prompt_target
0,train,FC03,control,Session1,0130,data/extracted/torgo/FC03/Session1/wav_headMic/0130.wav,1.77,cheer,cheer,project_prompt_target
0,train,FC03,control,Session1,0140,data/extracted/torgo/FC03/Session1/wav_headMic/0140.wav,6.735,"If you destroy confidence in banks, you do something to the economy, he said.","If you destroy confidence in banks, you do something to the economy, he said.",project_prompt_target
0,train,FC03,control,Session1,0164,data/extracted/torgo/FC03/Session1/wav_headMic/0164.wav,1.955,fate,fate,project_prompt_target
0,train,FC03,control,Session1,0182,data/extracted/torgo/FC03/Session1/wav_headMic/0182.wav,2.005,"tear [as in ""tear in my eye""]",tear,project_prompt_target
0,train,FC03,control,Session1,0251,data/extracted/torgo/FC03/Session1/wav_headMic/0251.wav,2.285,pot,pot,project_prompt_target
0,train,FC03,control,Session1,0272,data/extracted/torgo/FC03/Session1/wav_headMic/0272.wav,3.065,Alfalfa is healthy for you.,Alfalfa is healthy for you.,project_prompt_target
0,train,FC03,control,Session1,0285,data/extracted/torgo/FC03/Session1/wav_headMic/0285.wav,1.79,spain,spain,project_prompt_target
0,train,FC03,control,Session1,0298,data/extracted/torgo/FC03/Session1/wav_headMic/0298.wav,6.695,Nothing has been done yet to take advantage of the enabling legislation.,Nothing has been done yet to take advantage of the enabling legislation.,project_prompt_target
0,train,FC03,control,Session1,0318,data/extracted/torgo/FC03/Session1/wav_headMic/0318.wav,4.04,Aluminum silverware can often be flimsy.,Aluminum silverware can often be flimsy.,project_prompt_target
0,train,FC03,control,Session1,0321,data/extracted/torgo/FC03/Session1/wav_headMic/0321.wav,5.02,Swing your arm as high as you can.,Swing your arm as high as you can.,project_prompt_target
0,train,FC03,control,Session1,0338,data/extracted/torgo/FC03/Session1/wav_headMic/0338.wav,2.75,brawn,brawn,project_prompt_target
0,train,FC03,control,Session1,0339,data/extracted/torgo/FC03/Session1/wav_headMic/0339.wav,2.455,barn,barn,project_prompt_target
0,train,FC03,control,Session1,0366,data/extracted/torgo/FC03/Session1/wav_headMic/0366.wav,1.87506,mush,mush,project_prompt_target
0,train,FC03,control,Session1,0373,data/extracted/torgo/FC03/Session1/wav_headMic/0373.wav,7.36,It also provides for funds to clear slums and help colleges build dormitories.,It also provides for funds to clear slums and help colleges build dormitories.,project_prompt_target
0,train,FC03,control,Session1,0374,data/extracted/torgo/FC03/Session1/wav_headMic/0374.wav,8.49506,It also provides for funds to clear slums and help colleges build dormitories.,It also provides for funds to clear slums and help colleges build dormitories.,project_prompt_target
0,train,FC03,control,Session1,0386,data/extracted/torgo/FC03/Session1/wav_headMic/0386.wav,2.37,november,november,project_prompt_target
0,train,FC03,control,Session2,0082,data/extracted/torgo/FC03/Session2/wav_headMic/0082.wav,1.86,shoot,shoot,project_prompt_target
0,train,FC03,control,Session2,0092,data/extracted/torgo/FC03/Session2/wav_headMic/0092.wav,2.15,romeo,romeo,project_prompt_target
0,train,FC03,control,Session2,0098,data/extracted/torgo/FC03/Session2/wav_headMic/0098.wav,3.455,We bought a brown chair.,We bought a brown chair.,project_prompt_target
0,train,FC03,control,Session2,0112,data/extracted/torgo/FC03/Session2/wav_headMic/0112.wav,2.03,spit,spit,project_prompt_target
0,train,FC03,control,Session2,0123,data/extracted/torgo/FC03/Session2/wav_headMic/0123.wav,7.02506,Etiquette mandates compliance with existing regulations.,Etiquette mandates compliance with existing regulations.,project_prompt_target
0,train,FC03,control,Session2,0124,data/extracted/torgo/FC03/Session2/wav_headMic/0124.wav,6.825,Etiquette mandates compliance with existing regulations.,Etiquette mandates compliance with existing regulations.,project_prompt_target
0,train,FC03,control,Session2,0175,data/extracted/torgo/FC03/Session2/wav_headMic/0175.wav,3.71,The fish swam across the pond.,The fish swam across the pond.,project_prompt_target
0,train,FC03,control,Session2,0254,data/extracted/torgo/FC03/Session2/wav_headMic/0254.wav,1.8,bill,bill,project_prompt_target
0,train,FC03,control,Session2,0271,data/extracted/torgo/FC03/Session2/wav_headMic/0271.wav,3.66,It requires no big investment.,It requires no big investment.,project_prompt_target
0,train,FC03,control,Session2,0296,data/extracted/torgo/FC03/Session2/wav_headMic/0296.wav,7.235,"So, if anybody solicits by phone, make sure you mail the dough to the above.","So, if anybody solicits by phone, make sure you mail the dough to the above.",project_prompt_target
0,train,FC03,control,Session2,0303,data/extracted/torgo/FC03/Session2/wav_headMic/0303.wav,4.485,Yet he remains the fiercest of competitors.,Yet he remains the fiercest of competitors.,project_prompt_target
0,train,FC03,control,Session2,0317,data/extracted/torgo/FC03/Session2/wav_headMic/0317.wav,1.785,five,five,project_prompt_target
0,train,FC03,control,Session2,0349,data/extracted/torgo/FC03/Session2/wav_headMic/0349.wav,1.555,ash,ash,project_prompt_target
0,train,FC03,control,Session3,0006,data/extracted/torgo/FC03/Session3/wav_headMic/0006.wav,1.43006,lax,lax,project_prompt_target
0,train,FC03,control,Session3,0019,data/extracted/torgo/FC03/Session3/wav_headMic/0019.wav,1.72919,fat,fat,project_prompt_target
0,train,FC03,control,Session3,0037,data/extracted/torgo/FC03/Session3/wav_headMic/0037.wav,1.13619,charm,charm,project_prompt_target
0,train,FC03,control,Session3,0103,data/extracted/torgo/FC03/Session3/wav_headMic/0103.wav,3.83438,The job also covers a number of other items.,The job also covers a number of other items.,project_prompt_target
0,train,FC03,control,Session3,0118,data/extracted/torgo/FC03/Session3/wav_headMic/0118.wav,1.40619,ticks,ticks,project_prompt_target
0,train,FC03,control,Session3,0182,data/extracted/torgo/FC03/Session3/wav_headMic/0182.wav,3.91569,It was a huge part of my life.,It was a huge part of my life.,project_prompt_target
0,train,FC03,control,Session3,0186,data/extracted/torgo/FC03/Session3/wav_headMic/0186.wav,6.84006,We got drenched from the uninterrupted rain.,We got drenched from the uninterrupted rain.,project_prompt_target
0,train,FC03,control,Session3,0203,data/extracted/torgo/FC03/Session3/wav_headMic/0203.wav,1.77862,hall,hall,project_prompt_target
0,train,M03,dysarthric,Session2,0005,data/extracted/torgo/M03/Session2/wav_headMic/0005.wav,1.86,rain,rain,project_prompt_target
0,train,M03,dysarthric,Session2,0015,data/extracted/torgo/M03/Session2/wav_headMic/0015.wav,2.47,hair,hair,project_prompt_target
0,train,M03,dysarthric,Session2,0017,data/extracted/torgo/M03/Session2/wav_headMic/0017.wav,2.8,warm,warm,project_prompt_target
0,train,M03,dysarthric,Session2,0029,data/extracted/torgo/M03/Session2/wav_headMic/0029.wav,6.06,"Except in the winter when the ooze or snow or ice prevents,","Except in the winter when the ooze or snow or ice prevents,",project_prompt_target
0,train,M03,dysarthric,Session2,0034,data/extracted/torgo/M03/Session2/wav_headMic/0034.wav,2.905,feet,feet,project_prompt_target
0,train,M03,dysarthric,Session2,0035,data/extracted/torgo/M03/Session2/wav_headMic/0035.wav,2.29,trouble,trouble,project_prompt_target
0,train,M03,dysarthric,Session2,0037,data/extracted/torgo/M03/Session2/wav_headMic/0037.wav,2.49,double,double,project_prompt_target
0,train,M03,dysarthric,Session2,0038,data/extracted/torgo/M03/Session2/wav_headMic/0038.wav,2.71,rate,rate,project_prompt_target
0,train,M03,dysarthric,Session2,0039,data/extracted/torgo/M03/Session2/wav_headMic/0039.wav,2.845,range,range,project_prompt_target
0,train,M03,dysarthric,Session2,0042,data/extracted/torgo/M03/Session2/wav_headMic/0042.wav,4.165,chair,chair,project_prompt_target
0,train,M03,dysarthric,Session2,0047,data/extracted/torgo/M03/Session2/wav_headMic/0047.wav,2.645,dark,dark,project_prompt_target
0,train,M03,dysarthric,Session2,0048,data/extracted/torgo/M03/Session2/wav_headMic/0048.wav,2.755,jagged,jagged,project_prompt_target
0,train,M03,dysarthric,Session2,0050,data/extracted/torgo/M03/Session2/wav_headMic/0050.wav,2.215,air,air,project_prompt_target
0,train,M03,dysarthric,Session2,0052,data/extracted/torgo/M03/Session2/wav_headMic/0052.wav,2.92,"tear [as in ""tear up that paper""]",tear,project_prompt_target
0,train,M03,dysarthric,Session2,0056,data/extracted/torgo/M03/Session2/wav_headMic/0056.wav,2.015,beta,beta,project_prompt_target
0,train,M03,dysarthric,Session2,0065,data/extracted/torgo/M03/Session2/wav_headMic/0065.wav,4.555,yet he still thinks as swiftly as ever.,yet he still thinks as swiftly as ever.,project_prompt_target
0,train,M03,dysarthric,Session2,0071,data/extracted/torgo/M03/Session2/wav_headMic/0071.wav,2.39,sticks,sticks,project_prompt_target
0,train,M03,dysarthric,Session2,0072,data/extracted/torgo/M03/Session2/wav_headMic/0072.wav,2.35,dug,dug,project_prompt_target
0,train,M03,dysarthric,Session2,0077,data/extracted/torgo/M03/Session2/wav_headMic/0077.wav,2.235,trace,trace,project_prompt_target
0,train,M03,dysarthric,Session2,0079,data/extracted/torgo/M03/Session2/wav_headMic/0079.wav,2.275,"read [as in ""I can read""]",read,project_prompt_target
0,train,M03,dysarthric,Session2,0096,data/extracted/torgo/M03/Session2/wav_headMic/0096.wav,6.005,Twice each day he plays skillfully and with zest upon our small organ.,Twice each day he plays skillfully and with zest upon our small organ.,project_prompt_target
0,train,M03,dysarthric,Session2,0101,data/extracted/torgo/M03/Session2/wav_headMic/0101.wav,6.20506,"When he speaks, his voice is just a bit cracked and quivers a trifle.","When he speaks, his voice is just a bit cracked and quivers a trifle.",project_prompt_target
0,train,M03,dysarthric,Session2,0107,data/extracted/torgo/M03/Session2/wav_headMic/0107.wav,4.625,The quick brown fox jumps over the lazy dog.,The quick brown fox jumps over the lazy dog.,project_prompt_target
0,train,M03,dysarthric,Session2,0108,data/extracted/torgo/M03/Session2/wav_headMic/0108.wav,2.86,left,left,project_prompt_target
0,train,M03,dysarthric,Session2,0112,data/extracted/torgo/M03/Session2/wav_headMic/0112.wav,3.0,bit,bit,project_prompt_target
0,train,M03,dysarthric,Session2,0116,data/extracted/torgo/M03/Session2/wav_headMic/0116.wav,2.525,rave,rave,project_prompt_target
0,train,M03,dysarthric,Session2,0120,data/extracted/torgo/M03/Session2/wav_headMic/0120.wav,2.735,three,three,project_prompt_target
0,train,M03,dysarthric,Session2,0123,data/extracted/torgo/M03/Session2/wav_headMic/0123.wav,2.82,select,select,project_prompt_target
0,train,M03,dysarthric,Session2,0127,data/extracted/torgo/M03/Session2/wav_headMic/0127.wav,2.33,urgent,urgent,project_prompt_target
0,train,M03,dysarthric,Session2,0129,data/extracted/torgo/M03/Session2/wav_headMic/0129.wav,3.375,know,know,project_prompt_target
0,train,M03,dysarthric,Session2,0131,data/extracted/torgo/M03/Session2/wav_headMic/0131.wav,2.295,error,error,project_prompt_target
0,train,M03,dysarthric,Session2,0132,data/extracted/torgo/M03/Session2/wav_headMic/0132.wav,2.49,cycle,cycle,project_prompt_target
0,train,M03,dysarthric,Session2,0133,data/extracted/torgo/M03/Session2/wav_headMic/0133.wav,2.64,fruit,fruit,project_prompt_target
0,train,M03,dysarthric,Session2,0136,data/extracted/torgo/M03/Session2/wav_headMic/0136.wav,2.23,sleep,sleep,project_prompt_target
0,train,M03,dysarthric,Session2,0138,data/extracted/torgo/M03/Session2/wav_headMic/0138.wav,4.185,All the big baseball players get traded.,All the big baseball players get traded.,project_prompt_target
0,train,M03,dysarthric,Session2,0139,data/extracted/torgo/M03/Session2/wav_headMic/0139.wav,2.25,no,no,project_prompt_target
0,train,M03,dysarthric,Session2,0143,data/extracted/torgo/M03/Session2/wav_headMic/0143.wav,2.08506,four,four,project_prompt_target
0,train,M03,dysarthric,Session2,0145,data/extracted/torgo/M03/Session2/wav_headMic/0145.wav,2.7,suit,suit,project_prompt_target
0,train,M03,dysarthric,Session2,0148,data/extracted/torgo/M03/Session2/wav_headMic/0148.wav,2.395,area,area,project_prompt_target
0,train,M03,dysarthric,Session2,0150,data/extracted/torgo/M03/Session2/wav_headMic/0150.wav,2.035,deer,deer,project_prompt_target
0,train,M03,dysarthric,Session2,0151,data/extracted/torgo/M03/Session2/wav_headMic/0151.wav,4.79,Are your grades higher or lower than Nancy's?,Are your grades higher or lower than Nancy's?,project_prompt_target
0,train,M03,dysarthric,Session2,0162,data/extracted/torgo/M03/Session2/wav_headMic/0162.wav,3.65,Bright sunshine shimmers on the ocean.,Bright sunshine shimmers on the ocean.,project_prompt_target
0,train,M03,dysarthric,Session2,0164,data/extracted/torgo/M03/Session2/wav_headMic/0164.wav,3.87,I looked up and noticed two old men.,I looked up and noticed two old men.,project_prompt_target
0,train,M03,dysarthric,Session2,0166,data/extracted/torgo/M03/Session2/wav_headMic/0166.wav,3.745,The islands are sparsely populated.,The islands are sparsely populated.,project_prompt_target
0,train,M03,dysarthric,Session2,0167,data/extracted/torgo/M03/Session2/wav_headMic/0167.wav,2.13,white,white,project_prompt_target
0,train,M03,dysarthric,Session2,0176,data/extracted/torgo/M03/Session2/wav_headMic/0176.wav,2.325,"tear [as in ""tear in my eye""]",tear,project_prompt_target
0,train,M03,dysarthric,Session2,0177,data/extracted/torgo/M03/Session2/wav_headMic/0177.wav,2.54,mere,mere,project_prompt_target
0,train,M03,dysarthric,Session2,0181,data/extracted/torgo/M03/Session2/wav_headMic/0181.wav,2.08506,slay,slay,project_prompt_target
0,train,M03,dysarthric,Session2,0184,data/extracted/torgo/M03/Session2/wav_headMic/0184.wav,5.055,The train approached the depot slowly.,The train approached the depot slowly.,project_prompt_target
0,train,M03,dysarthric,Session2,0185,data/extracted/torgo/M03/Session2/wav_headMic/0185.wav,4.01,Why yell or worry over silly items?,Why yell or worry over silly items?,project_prompt_target
0,train,M03,dysarthric,Session2,0188,data/extracted/torgo/M03/Session2/wav_headMic/0188.wav,2.385,tile,tile,project_prompt_target
0,train,M03,dysarthric,Session2,0190,data/extracted/torgo/M03/Session2/wav_headMic/0190.wav,2.52,sprinkle,sprinkle,project_prompt_target
0,train,M03,dysarthric,Session2,0191,data/extracted/torgo/M03/Session2/wav_headMic/0191.wav,2.645,fear,fear,project_prompt_target
0,train,M03,dysarthric,Session2,0194,data/extracted/torgo/M03/Session2/wav_headMic/0194.wav,3.555,I just try to do my best.,I just try to do my best.,project_prompt_target
0,train,M03,dysarthric,Session2,0195,data/extracted/torgo/M03/Session2/wav_headMic/0195.wav,3.22,lip,lip,project_prompt_target
0,train,M03,dysarthric,Session2,0209,data/extracted/torgo/M03/Session2/wav_headMic/0209.wav,3.32,Just one side got wet.,Just one side got wet.,project_prompt_target
0,train,M03,dysarthric,Session2,0210,data/extracted/torgo/M03/Session2/wav_headMic/0210.wav,1.67,knot,knot,project_prompt_target
0,train,M03,dysarthric,Session2,0212,data/extracted/torgo/M03/Session2/wav_headMic/0212.wav,2.275,group,group,project_prompt_target
0,train,M03,dysarthric,Session2,0213,data/extracted/torgo/M03/Session2/wav_headMic/0213.wav,3.17,She is thinner than I am.,She is thinner than I am.,project_prompt_target
0,train,M03,dysarthric,Session2,0224,data/extracted/torgo/M03/Session2/wav_headMic/0224.wav,1.88,peer,peer,project_prompt_target
0,train,M03,dysarthric,Session2,0225,data/extracted/torgo/M03/Session2/wav_headMic/0225.wav,2.51,toot,toot,project_prompt_target
0,train,M03,dysarthric,Session2,0226,data/extracted/torgo/M03/Session2/wav_headMic/0226.wav,2.48,pile,pile,project_prompt_target
0,train,M03,dysarthric,Session2,0230,data/extracted/torgo/M03/Session2/wav_headMic/0230.wav,2.93,explore,explore,project_prompt_target
0,train,M03,dysarthric,Session2,0232,data/extracted/torgo/M03/Session2/wav_headMic/0232.wav,2.475,sigh,sigh,project_prompt_target
0,train,M03,dysarthric,Session2,0236,data/extracted/torgo/M03/Session2/wav_headMic/0236.wav,2.51,fate,fate,project_prompt_target
0,train,M03,dysarthric,Session2,0237,data/extracted/torgo/M03/Session2/wav_headMic/0237.wav,2.39,light,light,project_prompt_target
0,train,M03,dysarthric,Session2,0241,data/extracted/torgo/M03/Session2/wav_headMic/0241.wav,4.205,The humidity is overwhelming there.,The humidity is overwhelming there.,project_prompt_target
0,train,M03,dysarthric,Session2,0244,data/extracted/torgo/M03/Session2/wav_headMic/0244.wav,6.47,"If you destroy confidence in banks, you do something to the economy, he said.","If you destroy confidence in banks, you do something to the economy, he said.",project_prompt_target
0,train,M03,dysarthric,Session2,0245,data/extracted/torgo/M03/Session2/wav_headMic/0245.wav,6.185,"If you destroy confidence in banks, you do something to the economy, he said.","If you destroy confidence in banks, you do something to the economy, he said.",project_prompt_target
0,train,M03,dysarthric,Session2,0254,data/extracted/torgo/M03/Session2/wav_headMic/0254.wav,2.515,witty,witty,project_prompt_target
0,train,M03,dysarthric,Session2,0255,data/extracted/torgo/M03/Session2/wav_headMic/0255.wav,2.77,mitten,mitten,project_prompt_target
0,train,M03,dysarthric,Session2,0256,data/extracted/torgo/M03/Session2/wav_headMic/0256.wav,4.665,This is a period of transition for me.,This is a period of transition for me.,project_prompt_target
0,train,M03,dysarthric,Session2,0265,data/extracted/torgo/M03/Session2/wav_headMic/0265.wav,2.38,mush,mush,project_prompt_target
0,train,M03,dysarthric,Session2,0266,data/extracted/torgo/M03/Session2/wav_headMic/0266.wav,2.04,and,and,project_prompt_target
0,train,M03,dysarthric,Session2,0268,data/extracted/torgo/M03/Session2/wav_headMic/0268.wav,1.91,kilo,kilo,project_prompt_target
0,train,M03,dysarthric,Session2,0270,data/extracted/torgo/M03/Session2/wav_headMic/0270.wav,2.665,hotel,hotel,project_prompt_target
0,train,M03,dysarthric,Session2,0272,data/extracted/torgo/M03/Session2/wav_headMic/0272.wav,2.52,thought,thought,project_prompt_target
0,train,M03,dysarthric,Session2,0275,data/extracted/torgo/M03/Session2/wav_headMic/0275.wav,6.435,"Before Thursday's exam, review every formula.","Before Thursday's exam, review every formula.",project_prompt_target
0,train,M03,dysarthric,Session2,0285,data/extracted/torgo/M03/Session2/wav_headMic/0285.wav,2.415,mike,mike,project_prompt_target
0,train,M03,dysarthric,Session2,0288,data/extracted/torgo/M03/Session2/wav_headMic/0288.wav,2.325,pit,pit,project_prompt_target
0,train,M03,dysarthric,Session2,0305,data/extracted/torgo/M03/Session2/wav_headMic/0305.wav,2.015,vat,vat,project_prompt_target
0,train,M03,dysarthric,Session2,0313,data/extracted/torgo/M03/Session2/wav_headMic/0313.wav,2.125,harp,harp,project_prompt_target
0,train,M03,dysarthric,Session2,0314,data/extracted/torgo/M03/Session2/wav_headMic/0314.wav,2.455,spark,spark,project_prompt_target
0,train,M03,dysarthric,Session2,0315,data/extracted/torgo/M03/Session2/wav_headMic/0315.wav,3.335,spark,spark,project_prompt_target
0,train,M03,dysarthric,Session2,0316,data/extracted/torgo/M03/Session2/wav_headMic/0316.wav,2.13506,sitting,sitting,project_prompt_target
0,train,M03,dysarthric,Session2,0321,data/extracted/torgo/M03/Session2/wav_headMic/0321.wav,2.315,rich,rich,project_prompt_target
0,train,M03,dysarthric,Session2,0324,data/extracted/torgo/M03/Session2/wav_headMic/0324.wav,2.475,kitten,kitten,project_prompt_target
0,train,M03,dysarthric,Session2,0328,data/extracted/torgo/M03/Session2/wav_headMic/0328.wav,3.835,Swing your arm as high as you can.,Swing your arm as high as you can.,project_prompt_target
0,train,M03,dysarthric,Session2,0332,data/extracted/torgo/M03/Session2/wav_headMic/0332.wav,3.48,dark,dark,project_prompt_target
0,train,M03,dysarthric,Session2,0334,data/extracted/torgo/M03/Session2/wav_headMic/0334.wav,2.455,league,league,project_prompt_target
0,train,M03,dysarthric,Session2,0335,data/extracted/torgo/M03/Session2/wav_headMic/0335.wav,2.665,seed,seed,project_prompt_target
0,train,M03,dysarthric,Session2,0344,data/extracted/torgo/M03/Session2/wav_headMic/0344.wav,6.63506,It also provides for funds to clear slums and help colleges build dormitories.,It also provides for funds to clear slums and help colleges build dormitories.,project_prompt_target
0,train,M03,dysarthric,Session2,0346,data/extracted/torgo/M03/Session2/wav_headMic/0346.wav,5.925,Nothing has been done yet to take advantage of the enabling legislation.,Nothing has been done yet to take advantage of the enabling legislation.,project_prompt_target
0,train,M03,dysarthric,Session2,0348,data/extracted/torgo/M03/Session2/wav_headMic/0348.wav,2.94,six,six,project_prompt_target
0,train,M03,dysarthric,Session2,0359,data/extracted/torgo/M03/Session2/wav_headMic/0359.wav,3.01,darn,darn,project_prompt_target
0,train,M03,dysarthric,Session2,0360,data/extracted/torgo/M03/Session2/wav_headMic/0360.wav,2.315,bloat,bloat,project_prompt_target
0,train,M03,dysarthric,Session2,0369,data/extracted/torgo/M03/Session2/wav_headMic/0369.wav,2.625,nine,nine,project_prompt_target
0,train,M03,dysarthric,Session2,0377,data/extracted/torgo/M03/Session2/wav_headMic/0377.wav,3.465,There is a treehouse up above.,There is a treehouse up above.,project_prompt_target
0,train,M03,dysarthric,Session2,0387,data/extracted/torgo/M03/Session2/wav_headMic/0387.wav,2.42,quebec,quebec,project_prompt_target
0,train,M03,dysarthric,Session2,0392,data/extracted/torgo/M03/Session2/wav_headMic/0392.wav,2.31,sink,sink,project_prompt_target
0,train,M03,dysarthric,Session2,0398,data/extracted/torgo/M03/Session2/wav_headMic/0398.wav,3.75,Each one volunteered to jump first.,Each one volunteered to jump first.,project_prompt_target
0,train,M03,dysarthric,Session2,0401,data/extracted/torgo/M03/Session2/wav_headMic/0401.wav,2.47,slicker,slicker,project_prompt_target
0,train,M03,dysarthric,Session2,0402,data/extracted/torgo/M03/Session2/wav_headMic/0402.wav,2.25,right,right,project_prompt_target
0,train,M03,dysarthric,Session2,0409,data/extracted/torgo/M03/Session2/wav_headMic/0409.wav,2.43,uniform,uniform,project_prompt_target
0,train,M03,dysarthric,Session2,0417,data/extracted/torgo/M03/Session2/wav_headMic/0417.wav,2.25,bread,bread,project_prompt_target
0,train,M03,dysarthric,Session2,0420,data/extracted/torgo/M03/Session2/wav_headMic/0420.wav,5.915,the prospect of cutting back spending is an unpleasant one for any governor,the prospect of cutting back spending is an unpleasant one for any governor,project_prompt_target
0,train,M03,dysarthric,Session2,0421,data/extracted/torgo/M03/Session2/wav_headMic/0421.wav,3.1,we have an excellent team,we have an excellent team,project_prompt_target
0,train,M04,dysarthric,Session1,0006,data/extracted/torgo/M04/Session1/wav_arrayMic/0006.wav,2.25,spark,spark,project_prompt_target
0,train,M04,dysarthric,Session1,0010,data/extracted/torgo/M04/Session1/wav_arrayMic/0010.wav,2.25,store,store,project_prompt_target
0,train,M04,dysarthric,Session1,0011,data/extracted/torgo/M04/Session1/wav_arrayMic/0011.wav,3.15,form,form,project_prompt_target
0,train,M04,dysarthric,Session1,0013,data/extracted/torgo/M04/Session1/wav_arrayMic/0013.wav,1.65,knew,knew,project_prompt_target
0,train,M04,dysarthric,Session1,0014,data/extracted/torgo/M04/Session1/wav_arrayMic/0014.wav,2.25,knee,knee,project_prompt_target
0,train,M04,dysarthric,Session1,0015,data/extracted/torgo/M04/Session1/wav_arrayMic/0015.wav,2.7,sip,sip,project_prompt_target
0,train,M04,dysarthric,Session1,0018,data/extracted/torgo/M04/Session1/wav_arrayMic/0018.wav,2.55,trade,trade,project_prompt_target
0,train,M04,dysarthric,Session1,0020,data/extracted/torgo/M04/Session1/wav_arrayMic/0020.wav,9.45,"Well, he is nearly ninety-three years old;","Well, he is nearly ninety-three years old;",project_prompt_target
0,train,M04,dysarthric,Session1,0022,data/extracted/torgo/M04/Session1/wav_arrayMic/0022.wav,1.95,beat,beat,project_prompt_target
0,train,M04,dysarthric,Session1,0029,data/extracted/torgo/M04/Session1/wav_arrayMic/0029.wav,2.25,share,share,project_prompt_target
0,train,M04,dysarthric,Session1,0036,data/extracted/torgo/M04/Session1/wav_arrayMic/0036.wav,9.45,The quick brown fox jumps over the lazy dog.,The quick brown fox jumps over the lazy dog.,project_prompt_target
0,train,M04,dysarthric,Session1,0037,data/extracted/torgo/M04/Session1/wav_arrayMic/0037.wav,3.15,dagger,dagger,project_prompt_target
0,train,M04,dysarthric,Session1,0038,data/extracted/torgo/M04/Session1/wav_arrayMic/0038.wav,1.95,one,one,project_prompt_target
0,train,M04,dysarthric,Session1,0039,data/extracted/torgo/M04/Session1/wav_arrayMic/0039.wav,1.8,up,up,project_prompt_target
0,train,M04,dysarthric,Session1,0042,data/extracted/torgo/M04/Session1/wav_arrayMic/0042.wav,3.0,chair,chair,project_prompt_target
0,train,M04,dysarthric,Session1,0045,data/extracted/torgo/M04/Session1/wav_arrayMic/0045.wav,2.25,air,air,project_prompt_target
0,train,M04,dysarthric,Session1,0047,data/extracted/torgo/M04/Session1/wav_arrayMic/0047.wav,9.45,yet he still thinks as swiftly as ever.,yet he still thinks as swiftly as ever.,project_prompt_target
0,train,M04,dysarthric,Session1,0048,data/extracted/torgo/M04/Session1/wav_arrayMic/0048.wav,2.25,warm,warm,project_prompt_target
0,train,M04,dysarthric,Session1,0050,data/extracted/torgo/M04/Session1/wav_arrayMic/0050.wav,2.25,swore,swore,project_prompt_target
0,train,M04,dysarthric,Session1,0051,data/extracted/torgo/M04/Session1/wav_arrayMic/0051.wav,2.25,knew,knew,project_prompt_target
0,train,M04,dysarthric,Session1,0053,data/extracted/torgo/M04/Session1/wav_arrayMic/0053.wav,4.65,I can read,I can read,project_prompt_target
0,train,M04,dysarthric,Session1,0055,data/extracted/torgo/M04/Session1/wav_arrayMic/0055.wav,1.95,"read [as in ""I can read""]",read,project_prompt_target
0,train,M04,dysarthric,Session1,0057,data/extracted/torgo/M04/Session1/wav_arrayMic/0057.wav,2.7,sticks,sticks,project_prompt_target
0,train,M04,dysarthric,Session1,0058,data/extracted/torgo/M04/Session1/wav_arrayMic/0058.wav,2.85,go,go,project_prompt_target
0,train,M04,dysarthric,Session1,0059,data/extracted/torgo/M04/Session1/wav_arrayMic/0059.wav,3.15,gadget,gadget,project_prompt_target
0,train,M04,dysarthric,Session1,0061,data/extracted/torgo/M04/Session1/wav_arrayMic/0061.wav,2.55,chair,chair,project_prompt_target
0,train,M04,dysarthric,Session1,0062,data/extracted/torgo/M04/Session1/wav_arrayMic/0062.wav,2.55,grow,grow,project_prompt_target
0,train,M04,dysarthric,Session1,0064,data/extracted/torgo/M04/Session1/wav_arrayMic/0064.wav,10.65,he slowly takes a short walk in the open air each day.,he slowly takes a short walk in the open air each day.,project_prompt_target
0,train,M04,dysarthric,Session1,0070,data/extracted/torgo/M04/Session1/wav_arrayMic/0070.wav,1.65,dug,dug,project_prompt_target
0,train,M04,dysarthric,Session1,0071,data/extracted/torgo/M04/Session1/wav_arrayMic/0071.wav,2.4,bat,bat,project_prompt_target
0,train,M04,dysarthric,Session1,0075,data/extracted/torgo/M04/Session1/wav_arrayMic/0075.wav,1.95,feed,feed,project_prompt_target
0,train,M04,dysarthric,Session1,0077,data/extracted/torgo/M04/Session1/wav_arrayMic/0077.wav,6.75,"but he always answers, ""Banana oil!""","but he always answers, ""Banana oil!""",project_prompt_target
0,train,M04,dysarthric,Session1,0080,data/extracted/torgo/M04/Session1/wav_arrayMic/0080.wav,1.8,down,down,project_prompt_target
0,train,M04,dysarthric,Session1,0086,data/extracted/torgo/M04/Session1/wav_arrayMic/0086.wav,2.7,born,born,project_prompt_target
0,train,M04,dysarthric,Session1,0087,data/extracted/torgo/M04/Session1/wav_arrayMic/0087.wav,2.25,raid,raid,project_prompt_target
0,train,M04,dysarthric,Session1,0096,data/extracted/torgo/M04/Session1/wav_arrayMic/0096.wav,2.1,"read [as in ""I can read""]",read,project_prompt_target
0,train,M04,dysarthric,Session1,0101,data/extracted/torgo/M04/Session1/wav_arrayMic/0101.wav,2.1,feet,feet,project_prompt_target
0,train,M04,dysarthric,Session1,0106,data/extracted/torgo/M04/Session1/wav_arrayMic/0106.wav,7.2,usually minus several buttons;,usually minus several buttons;,project_prompt_target
0,train,M04,dysarthric,Session1,0109,data/extracted/torgo/M04/Session1/wav_arrayMic/0109.wav,2.85,horn,horn,project_prompt_target
0,train,M04,dysarthric,Session1,0113,data/extracted/torgo/M04/Session1/wav_arrayMic/0113.wav,1.8,glow,glow,project_prompt_target
0,train,M04,dysarthric,Session1,0114,data/extracted/torgo/M04/Session1/wav_arrayMic/0114.wav,2.25,bubble,bubble,project_prompt_target
0,train,M04,dysarthric,Session1,0117,data/extracted/torgo/M04/Session1/wav_arrayMic/0117.wav,2.25,warm,warm,project_prompt_target
0,train,M04,dysarthric,Session1,0124,data/extracted/torgo/M04/Session1/wav_arrayMic/0124.wav,2.55,no,no,project_prompt_target
0,train,M04,dysarthric,Session1,0127,data/extracted/torgo/M04/Session1/wav_arrayMic/0127.wav,2.4,train,train,project_prompt_target
0,train,M04,dysarthric,Session2,0008,data/extracted/torgo/M04/Session2/wav_headMic/0008.wav,3.045,sticks,sticks,project_prompt_target
0,train,M04,dysarthric,Session2,0009,data/extracted/torgo/M04/Session2/wav_headMic/0009.wav,3.13,slip,slip,project_prompt_target
0,train,M04,dysarthric,Session2,0012,data/extracted/torgo/M04/Session2/wav_headMic/0012.wav,2.575,feet,feet,project_prompt_target
0,train,M04,dysarthric,Session2,0016,data/extracted/torgo/M04/Session2/wav_headMic/0016.wav,3.115,jacket,jacket,project_prompt_target
0,train,M04,dysarthric,Session2,0017,data/extracted/torgo/M04/Session2/wav_headMic/0017.wav,3.13,storm,storm,project_prompt_target
0,train,M04,dysarthric,Session2,0037,data/extracted/torgo/M04/Session2/wav_headMic/0037.wav,2.745,sip,sip,project_prompt_target
0,train,M04,dysarthric,Session2,0041,data/extracted/torgo/M04/Session2/wav_headMic/0041.wav,2.93,trade,trade,project_prompt_target
0,train,M04,dysarthric,Session2,0056,data/extracted/torgo/M04/Session2/wav_headMic/0056.wav,2.22,sip,sip,project_prompt_target
0,train,M04,dysarthric,Session2,0057,data/extracted/torgo/M04/Session2/wav_headMic/0057.wav,2.55,range,range,project_prompt_target
0,train,M04,dysarthric,Session2,0062,data/extracted/torgo/M04/Session2/wav_headMic/0062.wav,2.455,the,the,project_prompt_target
0,train,M04,dysarthric,Session2,0065,data/extracted/torgo/M04/Session2/wav_headMic/0065.wav,2.825,"tear [as in ""tear up that paper""]",tear,project_prompt_target
0,train,M04,dysarthric,Session2,0066,data/extracted/torgo/M04/Session2/wav_headMic/0066.wav,2.49,beat,beat,project_prompt_target
0,train,M04,dysarthric,Session2,0067,data/extracted/torgo/M04/Session2/wav_headMic/0067.wav,2.48,ship,ship,project_prompt_target
0,train,M04,dysarthric,Session2,0072,data/extracted/torgo/M04/Session2/wav_headMic/0072.wav,3.01,floor,floor,project_prompt_target
0,train,M04,dysarthric,Session2,0074,data/extracted/torgo/M04/Session2/wav_headMic/0074.wav,2.925,rave,rave,project_prompt_target
0,train,M04,dysarthric,Session2,0075,data/extracted/torgo/M04/Session2/wav_headMic/0075.wav,3.795,swore,swore,project_prompt_target
0,train,M04,dysarthric,Session2,0077,data/extracted/torgo/M04/Session2/wav_headMic/0077.wav,11.88,You wished to know all about my grandfather.,You wished to know all about my grandfather.,project_prompt_target
0,train,M04,dysarthric,Session2,0078,data/extracted/torgo/M04/Session2/wav_headMic/0078.wav,3.23,store,store,project_prompt_target
0,train,M04,dysarthric,Session2,0080,data/extracted/torgo/M04/Session2/wav_headMic/0080.wav,2.82,goat,goat,project_prompt_target
0,train,M04,dysarthric,Session2,0081,data/extracted/torgo/M04/Session2/wav_headMic/0081.wav,2.82,born,born,project_prompt_target
0,train,M04,dysarthric,Session2,0082,data/extracted/torgo/M04/Session2/wav_headMic/0082.wav,2.41,one,one,project_prompt_target
0,train,M04,dysarthric,Session2,0084,data/extracted/torgo/M04/Session2/wav_headMic/0084.wav,3.06,tip,tip,project_prompt_target
0,train,M04,dysarthric,Session2,0085,data/extracted/torgo/M04/Session2/wav_headMic/0085.wav,2.595,car,car,project_prompt_target
0,train,M04,dysarthric,Session2,0093,data/extracted/torgo/M04/Session2/wav_headMic/0093.wav,9.315,"but he always answers, ""Banana oil!""","but he always answers, ""Banana oil!""",project_prompt_target
0,train,M04,dysarthric,Session2,0094,data/extracted/torgo/M04/Session2/wav_headMic/0094.wav,2.635,double,double,project_prompt_target
0,train,M04,dysarthric,Session2,0095,data/extracted/torgo/M04/Session2/wav_headMic/0095.wav,3.855,beta,beta,project_prompt_target
0,train,M04,dysarthric,Session2,0097,data/extracted/torgo/M04/Session2/wav_headMic/0097.wav,3.225,air,air,project_prompt_target
0,train,M04,dysarthric,Session2,0098,data/extracted/torgo/M04/Session2/wav_headMic/0098.wav,8.355,"Well, he is nearly ninety-three years old;","Well, he is nearly ninety-three years old;",project_prompt_target
0,train,M04,dysarthric,Session2,0103,data/extracted/torgo/M04/Session2/wav_headMic/0103.wav,3.005,torn,torn,project_prompt_target
0,train,M04,dysarthric,Session2,0105,data/extracted/torgo/M04/Session2/wav_headMic/0105.wav,2.86,corn,corn,project_prompt_target
0,train,M04,dysarthric,Session2,0110,data/extracted/torgo/M04/Session2/wav_headMic/0110.wav,2.76,weed,weed,project_prompt_target
0,train,M04,dysarthric,Session2,0117,data/extracted/torgo/M04/Session2/wav_headMic/0117.wav,2.49,knew,knew,project_prompt_target
0,train,M04,dysarthric,Session2,0121,data/extracted/torgo/M04/Session2/wav_headMic/0121.wav,3.445,warm,warm,project_prompt_target
0,train,M04,dysarthric,Session2,0125,data/extracted/torgo/M04/Session2/wav_headMic/0125.wav,2.54,know,know,project_prompt_target
0,train,M04,dysarthric,Session2,0127,data/extracted/torgo/M04/Session2/wav_headMic/0127.wav,3.025,"lead [as in ""I will lead you""]",lead,project_prompt_target
0,train,M04,dysarthric,Session2,0134,data/extracted/torgo/M04/Session2/wav_headMic/0134.wav,3.315,sprinkle,sprinkle,project_prompt_target
0,train,M04,dysarthric,Session2,0140,data/extracted/torgo/M04/Session2/wav_headMic/0140.wav,3.685,bear,bear,project_prompt_target
0,train,M04,dysarthric,Session2,0142,data/extracted/torgo/M04/Session2/wav_headMic/0142.wav,2.68,floor,floor,project_prompt_target
0,train,M04,dysarthric,Session2,0143,data/extracted/torgo/M04/Session2/wav_headMic/0143.wav,2.885,near,near,project_prompt_target
0,train,M04,dysarthric,Session2,0144,data/extracted/torgo/M04/Session2/wav_headMic/0144.wav,2.885,bad,bad,project_prompt_target
0,train,M04,dysarthric,Session2,0145,data/extracted/torgo/M04/Session2/wav_headMic/0145.wav,2.86,three,three,project_prompt_target
0,train,M04,dysarthric,Session2,0150,data/extracted/torgo/M04/Session2/wav_headMic/0150.wav,3.63,we're,we're,project_prompt_target
0,train,M04,dysarthric,Session2,0151,data/extracted/torgo/M04/Session2/wav_headMic/0151.wav,2.85,we're,we're,project_prompt_target
0,train,M04,dysarthric,Session2,0155,data/extracted/torgo/M04/Session2/wav_headMic/0155.wav,8.105,I was conscious all the time.,I was conscious all the time.,project_prompt_target
0,train,M04,dysarthric,Session2,0156,data/extracted/torgo/M04/Session2/wav_headMic/0156.wav,7.51,I was conscious all the time.,I was conscious all the time.,project_prompt_target
0,train,M04,dysarthric,Session2,0157,data/extracted/torgo/M04/Session2/wav_headMic/0157.wav,6.835,She is thinner than I am.,She is thinner than I am.,project_prompt_target
0,train,M04,dysarthric,Session2,0158,data/extracted/torgo/M04/Session2/wav_headMic/0158.wav,10.83,I just try to do my best.,I just try to do my best.,project_prompt_target
0,train,M04,dysarthric,Session2,0161,data/extracted/torgo/M04/Session2/wav_headMic/0161.wav,2.885,group,group,project_prompt_target
0,train,M04,dysarthric,Session2,0162,data/extracted/torgo/M04/Session2/wav_headMic/0162.wav,2.555,sigh,sigh,project_prompt_target
0,train,M04,dysarthric,Session2,0163,data/extracted/torgo/M04/Session2/wav_headMic/0163.wav,2.54,snoop,snoop,project_prompt_target
0,train,M04,dysarthric,Session2,0173,data/extracted/torgo/M04/Session2/wav_headMic/0173.wav,2.075,knot,knot,project_prompt_target
0,train,M04,dysarthric,Session2,0185,data/extracted/torgo/M04/Session2/wav_headMic/0185.wav,6.17,briar,briar,project_prompt_target
0,train,M04,dysarthric,Session2,0186,data/extracted/torgo/M04/Session2/wav_headMic/0186.wav,5.565,Just one side got wet.,Just one side got wet.,project_prompt_target
0,train,M04,dysarthric,Session2,0187,data/extracted/torgo/M04/Session2/wav_headMic/0187.wav,7.86,Why yell or worry over silly items?,Why yell or worry over silly items?,project_prompt_target
0,train,M04,dysarthric,Session2,0192,data/extracted/torgo/M04/Session2/wav_headMic/0192.wav,2.665,white,white,project_prompt_target
0,train,M04,dysarthric,Session2,0204,data/extracted/torgo/M04/Session2/wav_headMic/0204.wav,2.69,slip,slip,project_prompt_target
0,train,M04,dysarthric,Session2,0212,data/extracted/torgo/M04/Session2/wav_headMic/0212.wav,2.52,urgent,urgent,project_prompt_target
0,train,M04,dysarthric,Session2,0220,data/extracted/torgo/M04/Session2/wav_headMic/0220.wav,9.82,Jane may earn more money by working hard.,Jane may earn more money by working hard.,project_prompt_target
0,train,M04,dysarthric,Session2,0224,data/extracted/torgo/M04/Session2/wav_headMic/0224.wav,2.82,rocks,rocks,project_prompt_target
0,train,M04,dysarthric,Session2,0229,data/extracted/torgo/M04/Session2/wav_headMic/0229.wav,2.64,play,play,project_prompt_target
0,train,M04,dysarthric,Session2,0230,data/extracted/torgo/M04/Session2/wav_headMic/0230.wav,2.905,cycle,cycle,project_prompt_target
0,train,M04,dysarthric,Session2,0231,data/extracted/torgo/M04/Session2/wav_headMic/0231.wav,8.34006,The train approached the depot slowly.,The train approached the depot slowly.,project_prompt_target
0,train,M04,dysarthric,Session2,0232,data/extracted/torgo/M04/Session2/wav_headMic/0232.wav,3.22,suit,suit,project_prompt_target
0,train,M04,dysarthric,Session2,0242,data/extracted/torgo/M04/Session2/wav_headMic/0242.wav,9.22,I looked up and noticed two old men.,I looked up and noticed two old men.,project_prompt_target
0,train,M04,dysarthric,Session2,0246,data/extracted/torgo/M04/Session2/wav_headMic/0246.wav,10.465,Nothing is as offensive as innocence.,Nothing is as offensive as innocence.,project_prompt_target
0,train,M04,dysarthric,Session2,0247,data/extracted/torgo/M04/Session2/wav_headMic/0247.wav,4.515,innocence,innocence,project_prompt_target
0,train,M04,dysarthric,Session2,0250,data/extracted/torgo/M04/Session2/wav_headMic/0250.wav,2.615,four,four,project_prompt_target
0,train,M04,dysarthric,Session2,0251,data/extracted/torgo/M04/Session2/wav_headMic/0251.wav,2.8,select,select,project_prompt_target
0,train,M04,dysarthric,Session2,0252,data/extracted/torgo/M04/Session2/wav_headMic/0252.wav,2.23,dot,dot,project_prompt_target
0,train,M04,dysarthric,Session2,0253,data/extracted/torgo/M04/Session2/wav_headMic/0253.wav,6.1,This was easy for us.,This was easy for us.,project_prompt_target
0,train,M04,dysarthric,Session2,0255,data/extracted/torgo/M04/Session2/wav_headMic/0255.wav,9.39,You're used to being on the field.,You're used to being on the field.,project_prompt_target
0,train,M04,dysarthric,Session2,0256,data/extracted/torgo/M04/Session2/wav_headMic/0256.wav,4.53506,coupe,coupe,project_prompt_target
0,train,M04,dysarthric,Session2,0263,data/extracted/torgo/M04/Session2/wav_headMic/0263.wav,2.47,write,write,project_prompt_target
0,train,M04,dysarthric,Session2,0267,data/extracted/torgo/M04/Session2/wav_headMic/0267.wav,2.49,know,know,project_prompt_target
0,train,M04,dysarthric,Session2,0274,data/extracted/torgo/M04/Session2/wav_headMic/0274.wav,10.205,The islands are sparsely populated.,The islands are sparsely populated.,project_prompt_target
0,train,M04,dysarthric,Session2,0275,data/extracted/torgo/M04/Session2/wav_headMic/0275.wav,2.89,juliet,juliet,project_prompt_target
0,train,M04,dysarthric,Session2,0277,data/extracted/torgo/M04/Session2/wav_headMic/0277.wav,3.44,brawn,brawn,project_prompt_target
0,train,M04,dysarthric,Session2,0283,data/extracted/torgo/M04/Session2/wav_headMic/0283.wav,7.52506,It was a good win for us.,It was a good win for us.,project_prompt_target
0,train,M04,dysarthric,Session2,0287,data/extracted/torgo/M04/Session2/wav_headMic/0287.wav,3.855,spit,spit,project_prompt_target
0,train,M04,dysarthric,Session2,0295,data/extracted/torgo/M04/Session2/wav_headMic/0295.wav,6.235,There is a treehouse up above.,There is a treehouse up above.,project_prompt_target
0,train,M05,dysarthric,Session1,0100,data/extracted/torgo/M05/Session1/wav_headMic/0100.wav,3.305,raid,raid,project_prompt_target
0,train,M05,dysarthric,Session1,0123,data/extracted/torgo/M05/Session1/wav_headMic/0123.wav,3.06,rain,rain,project_prompt_target
0,train,M05,dysarthric,Session2,0002,data/extracted/torgo/M05/Session2/wav_headMic/0002.wav,7.635,Where were you while we were away?,Where were you while we were away?,project_prompt_target
0,train,M05,dysarthric,Session2,0007,data/extracted/torgo/M05/Session2/wav_headMic/0007.wav,2.1,sigh,sigh,project_prompt_target
0,train,M05,dysarthric,Session2,0008,data/extracted/torgo/M05/Session2/wav_headMic/0008.wav,8.93,I feel I can play this weekend.,I feel I can play this weekend.,project_prompt_target
0,train,M05,dysarthric,Session2,0009,data/extracted/torgo/M05/Session2/wav_headMic/0009.wav,2.47,root,root,project_prompt_target
0,train,M05,dysarthric,Session2,0011,data/extracted/torgo/M05/Session2/wav_headMic/0011.wav,2.34,charlie,charlie,project_prompt_target
0,train,M05,dysarthric,Session2,0012,data/extracted/torgo/M05/Session2/wav_headMic/0012.wav,2.605,know,know,project_prompt_target
0,train,M05,dysarthric,Session2,0017,data/extracted/torgo/M05/Session2/wav_headMic/0017.wav,3.12,prior,prior,project_prompt_target
0,train,M05,dysarthric,Session2,0019,data/extracted/torgo/M05/Session2/wav_headMic/0019.wav,6.035,This was easy for us.,This was easy for us.,project_prompt_target
0,train,M05,dysarthric,Session2,0020,data/extracted/torgo/M05/Session2/wav_headMic/0020.wav,2.37,no,no,project_prompt_target
0,train,M05,dysarthric,Session2,0022,data/extracted/torgo/M05/Session2/wav_headMic/0022.wav,2.425,coupe,coupe,project_prompt_target
0,train,M05,dysarthric,Session2,0023,data/extracted/torgo/M05/Session2/wav_headMic/0023.wav,2.655,rocks,rocks,project_prompt_target
0,train,M05,dysarthric,Session2,0025,data/extracted/torgo/M05/Session2/wav_headMic/0025.wav,2.855,galore,galore,project_prompt_target
0,train,M05,dysarthric,Session2,0030,data/extracted/torgo/M05/Session2/wav_headMic/0030.wav,3.13,bad,bad,project_prompt_target
0,train,M05,dysarthric,Session2,0031,data/extracted/torgo/M05/Session2/wav_headMic/0031.wav,2.47,suit,suit,project_prompt_target
0,train,M05,dysarthric,Session2,0032,data/extracted/torgo/M05/Session2/wav_headMic/0032.wav,2.89,deer,deer,project_prompt_target
0,train,M05,dysarthric,Session2,0039,data/extracted/torgo/M05/Session2/wav_headMic/0039.wav,3.39,fate,fate,project_prompt_target
0,train,M05,dysarthric,Session2,0043,data/extracted/torgo/M05/Session2/wav_headMic/0043.wav,8.37,Mother sews yellow gingham aprons.,Mother sews yellow gingham aprons.,project_prompt_target
0,train,M05,dysarthric,Session2,0045,data/extracted/torgo/M05/Session2/wav_headMic/0045.wav,3.205,urgent,urgent,project_prompt_target
0,train,M05,dysarthric,Session2,0046,data/extracted/torgo/M05/Session2/wav_headMic/0046.wav,2.955,sigh,sigh,project_prompt_target
0,train,M05,dysarthric,Session2,0047,data/extracted/torgo/M05/Session2/wav_headMic/0047.wav,2.885,rock,rock,project_prompt_target
0,train,M05,dysarthric,Session2,0049,data/extracted/torgo/M05/Session2/wav_headMic/0049.wav,8.885,The islands are sparsely populated.,The islands are sparsely populated.,project_prompt_target
0,train,M05,dysarthric,Session2,0051,data/extracted/torgo/M05/Session2/wav_headMic/0051.wav,11.44,Both figures would go higher in later years.,Both figures would go higher in later years.,project_prompt_target
0,train,M05,dysarthric,Session2,0054,data/extracted/torgo/M05/Session2/wav_headMic/0054.wav,2.555,mere,mere,project_prompt_target
0,train,M05,dysarthric,Session2,0055,data/extracted/torgo/M05/Session2/wav_headMic/0055.wav,9.06006,Why yell or worry over silly items?,Why yell or worry over silly items?,project_prompt_target
0,train,M05,dysarthric,Session2,0061,data/extracted/torgo/M05/Session2/wav_headMic/0061.wav,2.295,bat,bat,project_prompt_target
0,train,M05,dysarthric,Session2,0064,data/extracted/torgo/M05/Session2/wav_headMic/0064.wav,2.665,floor,floor,project_prompt_target
0,train,M05,dysarthric,Session2,0069,data/extracted/torgo/M05/Session2/wav_headMic/0069.wav,3.99,cycle,cycle,project_prompt_target
0,train,M05,dysarthric,Session2,0071,data/extracted/torgo/M05/Session2/wav_headMic/0071.wav,3.13,forward,forward,project_prompt_target
0,train,M05,dysarthric,Session2,0079,data/extracted/torgo/M05/Session2/wav_headMic/0079.wav,3.485,slay,slay,project_prompt_target
0,train,M05,dysarthric,Session2,0081,data/extracted/torgo/M05/Session2/wav_headMic/0081.wav,3.425,briar,briar,project_prompt_target
0,train,M05,dysarthric,Session2,0085,data/extracted/torgo/M05/Session2/wav_headMic/0085.wav,11.42,The train approached the depot slowly.,The train approached the depot slowly.,project_prompt_target
0,train,M05,dysarthric,Session2,0086,data/extracted/torgo/M05/Session2/wav_headMic/0086.wav,3.36,ate,ate,project_prompt_target
0,train,M05,dysarthric,Session2,0091,data/extracted/torgo/M05/Session2/wav_headMic/0091.wav,10.24,Nothing is as offensive as innocence.,Nothing is as offensive as innocence.,project_prompt_target
0,train,M05,dysarthric,Session2,0092,data/extracted/torgo/M05/Session2/wav_headMic/0092.wav,3.245,menu,menu,project_prompt_target
0,train,M05,dysarthric,Session2,0102,data/extracted/torgo/M05/Session2/wav_headMic/0102.wav,10.9,"Everything went real smooth, the sheriff said.","Everything went real smooth, the sheriff said.",project_prompt_target
0,train,M05,dysarthric,Session2,0105,data/extracted/torgo/M05/Session2/wav_headMic/0105.wav,3.375,write,write,project_prompt_target
0,train,M05,dysarthric,Session2,0107,data/extracted/torgo/M05/Session2/wav_headMic/0107.wav,9.73006,I just try to do my best.,I just try to do my best.,project_prompt_target
0,train,M05,dysarthric,Session2,0109,data/extracted/torgo/M05/Session2/wav_headMic/0109.wav,2.97,slip,slip,project_prompt_target
0,train,M05,dysarthric,Session2,0110,data/extracted/torgo/M05/Session2/wav_headMic/0110.wav,3.435,tile,tile,project_prompt_target
0,train,M05,dysarthric,Session2,0111,data/extracted/torgo/M05/Session2/wav_headMic/0111.wav,2.82,wish,wish,project_prompt_target
0,train,M05,dysarthric,Session2,0115,data/extracted/torgo/M05/Session2/wav_headMic/0115.wav,4.2,three,three,project_prompt_target
0,train,M05,dysarthric,Session2,0116,data/extracted/torgo/M05/Session2/wav_headMic/0116.wav,3.37506,side,side,project_prompt_target
0,train,M05,dysarthric,Session2,0117,data/extracted/torgo/M05/Session2/wav_headMic/0117.wav,1.4,"tear [as in ""tear in my eye""]",tear,project_prompt_target
0,train,M05,dysarthric,Session2,0123,data/extracted/torgo/M05/Session2/wav_headMic/0123.wav,2.555,play,play,project_prompt_target
0,train,M05,dysarthric,Session2,0124,data/extracted/torgo/M05/Session2/wav_headMic/0124.wav,6.17,I was conscious all the time.,I was conscious all the time.,project_prompt_target
0,train,M05,dysarthric,Session2,0125,data/extracted/torgo/M05/Session2/wav_headMic/0125.wav,3.5,knew,knew,project_prompt_target
0,train,M05,dysarthric,Session2,0127,data/extracted/torgo/M05/Session2/wav_headMic/0127.wav,2.825,fear,fear,project_prompt_target
0,train,M05,dysarthric,Session2,0128,data/extracted/torgo/M05/Session2/wav_headMic/0128.wav,11.365,Two other cases also were under advisement.,Two other cases also were under advisement.,project_prompt_target
0,train,M05,dysarthric,Session2,0130,data/extracted/torgo/M05/Session2/wav_headMic/0130.wav,8.64,I looked up and noticed two old men.,I looked up and noticed two old men.,project_prompt_target
0,train,M05,dysarthric,Session2,0132,data/extracted/torgo/M05/Session2/wav_headMic/0132.wav,2.835,shoot,shoot,project_prompt_target
0,train,M05,dysarthric,Session2,0133,data/extracted/torgo/M05/Session2/wav_headMic/0133.wav,3.295,bear,bear,project_prompt_target
0,train,M05,dysarthric,Session2,0135,data/extracted/torgo/M05/Session2/wav_headMic/0135.wav,8.215,Will Robin wear a yellow lily?,Will Robin wear a yellow lily?,project_prompt_target
0,train,M05,dysarthric,Session2,0140,data/extracted/torgo/M05/Session2/wav_headMic/0140.wav,3.485,pretty,pretty,project_prompt_target
0,train,M05,dysarthric,Session2,0141,data/extracted/torgo/M05/Session2/wav_headMic/0141.wav,6.79,pitting,pitting,project_prompt_target
0,train,M05,dysarthric,Session2,0144,data/extracted/torgo/M05/Session2/wav_headMic/0144.wav,2.52,top,top,project_prompt_target
0,train,M05,dysarthric,Session2,0152,data/extracted/torgo/M05/Session2/wav_headMic/0152.wav,8.1,The box contained three sweaters.,The box contained three sweaters.,project_prompt_target
0,train,M05,dysarthric,Session2,0154,data/extracted/torgo/M05/Session2/wav_headMic/0154.wav,2.655,shy,shy,project_prompt_target
0,train,M05,dysarthric,Session2,0156,data/extracted/torgo/M05/Session2/wav_headMic/0156.wav,2.895,kilo,kilo,project_prompt_target
0,train,M05,dysarthric,Session2,0158,data/extracted/torgo/M05/Session2/wav_headMic/0158.wav,2.52,bit,bit,project_prompt_target
0,train,M05,dysarthric,Session2,0159,data/extracted/torgo/M05/Session2/wav_headMic/0159.wav,3.655,bitten,bitten,project_prompt_target
0,train,M05,dysarthric,Session2,0163,data/extracted/torgo/M05/Session2/wav_headMic/0163.wav,9.16,The little schoolhouse stood empty.,The little schoolhouse stood empty.,project_prompt_target
0,train,M05,dysarthric,Session2,0166,data/extracted/torgo/M05/Session2/wav_headMic/0166.wav,5.27,foxtrot,foxtrot,project_prompt_target
0,train,M05,dysarthric,Session2,0169,data/extracted/torgo/M05/Session2/wav_headMic/0169.wav,2.785,leak,leak,project_prompt_target
0,train,M05,dysarthric,Session2,0170,data/extracted/torgo/M05/Session2/wav_headMic/0170.wav,9.965,I expect we'll bounce back this week.,I expect we'll bounce back this week.,project_prompt_target
0,train,M05,dysarthric,Session2,0172,data/extracted/torgo/M05/Session2/wav_headMic/0172.wav,3.055,much,much,project_prompt_target
0,train,M05,dysarthric,Session2,0173,data/extracted/torgo/M05/Session2/wav_headMic/0173.wav,2.245,at,at,project_prompt_target
0,train,M05,dysarthric,Session2,0175,data/extracted/torgo/M05/Session2/wav_headMic/0175.wav,2.865,kitten,kitten,project_prompt_target
0,train,M05,dysarthric,Session2,0176,data/extracted/torgo/M05/Session2/wav_headMic/0176.wav,11.805,Alimony harms a divorced man's wealth.,Alimony harms a divorced man's wealth.,project_prompt_target
0,train,M05,dysarthric,Session2,0177,data/extracted/torgo/M05/Session2/wav_headMic/0177.wav,3.33,no,no,project_prompt_target
0,train,M05,dysarthric,Session2,0179,data/extracted/torgo/M05/Session2/wav_headMic/0179.wav,10.35,This is a period of transition for me.,This is a period of transition for me.,project_prompt_target
0,train,M05,dysarthric,Session2,0181,data/extracted/torgo/M05/Session2/wav_headMic/0181.wav,2.495,tell,tell,project_prompt_target
0,train,M05,dysarthric,Session2,0182,data/extracted/torgo/M05/Session2/wav_headMic/0182.wav,8.335,We rode horseback to the farm.,We rode horseback to the farm.,project_prompt_target
0,train,M05,dysarthric,Session2,0184,data/extracted/torgo/M05/Session2/wav_headMic/0184.wav,3.595,him,him,project_prompt_target
0,train,M05,dysarthric,Session2,0185,data/extracted/torgo/M05/Session2/wav_headMic/0185.wav,2.83,hum,hum,project_prompt_target
0,train,M05,dysarthric,Session2,0193,data/extracted/torgo/M05/Session2/wav_headMic/0193.wav,3.735,nine,nine,project_prompt_target
0,train,M05,dysarthric,Session2,0195,data/extracted/torgo/M05/Session2/wav_headMic/0195.wav,2.69,pit,pit,project_prompt_target
0,train,M05,dysarthric,Session2,0199,data/extracted/torgo/M05/Session2/wav_headMic/0199.wav,5.655,mitten,mitten,project_prompt_target
0,train,M05,dysarthric,Session2,0201,data/extracted/torgo/M05/Session2/wav_headMic/0201.wav,5.68,It was a good win for us.,It was a good win for us.,project_prompt_target
0,train,M05,dysarthric,Session2,0203,data/extracted/torgo/M05/Session2/wav_headMic/0203.wav,2.51,five,five,project_prompt_target
0,train,M05,dysarthric,Session2,0204,data/extracted/torgo/M05/Session2/wav_headMic/0204.wav,7.67,The job provides many benefits.,The job provides many benefits.,project_prompt_target
0,train,M05,dysarthric,Session2,0206,data/extracted/torgo/M05/Session2/wav_headMic/0206.wav,1.79,heart,heart,project_prompt_target
0,train,M05,dysarthric,Session2,0207,data/extracted/torgo/M05/Session2/wav_headMic/0207.wav,7.695,The books are very expensive.,The books are very expensive.,project_prompt_target
0,train,M05,dysarthric,Session2,0208,data/extracted/torgo/M05/Session2/wav_headMic/0208.wav,3.045,sitting,sitting,project_prompt_target
0,train,M05,dysarthric,Session2,0209,data/extracted/torgo/M05/Session2/wav_headMic/0209.wav,1.845,at,at,project_prompt_target
0,train,M05,dysarthric,Session2,0211,data/extracted/torgo/M05/Session2/wav_headMic/0211.wav,2.67,echo,echo,project_prompt_target
0,train,M05,dysarthric,Session2,0214,data/extracted/torgo/M05/Session2/wav_headMic/0214.wav,2.63,him,him,project_prompt_target
0,train,M05,dysarthric,Session2,0215,data/extracted/torgo/M05/Session2/wav_headMic/0215.wav,11.275,"If you are losing water, replace it immediately.","If you are losing water, replace it immediately.",project_prompt_target
0,train,M05,dysarthric,Session2,0216,data/extracted/torgo/M05/Session2/wav_headMic/0216.wav,9.575,"When all else fails, use force.","When all else fails, use force.",project_prompt_target
0,train,M05,dysarthric,Session2,0217,data/extracted/torgo/M05/Session2/wav_headMic/0217.wav,3.49,thorn,thorn,project_prompt_target
0,train,M05,dysarthric,Session2,0223,data/extracted/torgo/M05/Session2/wav_headMic/0223.wav,3.295,november,november,project_prompt_target
0,train,M05,dysarthric,Session2,0225,data/extracted/torgo/M05/Session2/wav_headMic/0225.wav,3.01,lair,lair,project_prompt_target
0,train,M05,dysarthric,Session2,0226,data/extracted/torgo/M05/Session2/wav_headMic/0226.wav,2.295,eight,eight,project_prompt_target
0,train,M05,dysarthric,Session2,0229,data/extracted/torgo/M05/Session2/wav_headMic/0229.wav,2.59,seed,seed,project_prompt_target
0,train,M05,dysarthric,Session2,0234,data/extracted/torgo/M05/Session2/wav_headMic/0234.wav,2.715,harp,harp,project_prompt_target
0,train,M05,dysarthric,Session2,0237,data/extracted/torgo/M05/Session2/wav_headMic/0237.wav,3.825,sigh,sigh,project_prompt_target
0,train,M05,dysarthric,Session2,0238,data/extracted/torgo/M05/Session2/wav_headMic/0238.wav,8.325,Students watched as he got out.,Students watched as he got out.,project_prompt_target
0,train,M05,dysarthric,Session2,0239,data/extracted/torgo/M05/Session2/wav_headMic/0239.wav,11.515,The dolphins swam around our boat.,The dolphins swam around our boat.,project_prompt_target
0,train,M05,dysarthric,Session2,0240,data/extracted/torgo/M05/Session2/wav_headMic/0240.wav,3.11,hotel,hotel,project_prompt_target
0,train,M05,dysarthric,Session2,0246,data/extracted/torgo/M05/Session2/wav_headMic/0246.wav,11.78006,A roll of wire lay near the wall.,A roll of wire lay near the wall.,project_prompt_target
0,train,M05,dysarthric,Session2,0253,data/extracted/torgo/M05/Session2/wav_headMic/0253.wav,3.055,league,league,project_prompt_target
0,train,M05,dysarthric,Session2,0255,data/extracted/torgo/M05/Session2/wav_headMic/0255.wav,2.975,dark,dark,project_prompt_target
0,train,M05,dysarthric,Session2,0257,data/extracted/torgo/M05/Session2/wav_headMic/0257.wav,3.025,seeds,seeds,project_prompt_target
0,train,M05,dysarthric,Session2,0260,data/extracted/torgo/M05/Session2/wav_headMic/0260.wav,11.60006,This is not a program of socialized medicine.,This is not a program of socialized medicine.,project_prompt_target
0,train,M05,dysarthric,Session2,0261,data/extracted/torgo/M05/Session2/wav_headMic/0261.wav,3.995,sergeant,sergeant,project_prompt_target
0,train,M05,dysarthric,Session2,0263,data/extracted/torgo/M05/Session2/wav_headMic/0263.wav,3.195,take,take,project_prompt_target
0,train,M05,dysarthric,Session2,0264,data/extracted/torgo/M05/Session2/wav_headMic/0264.wav,3.34,loyal,loyal,project_prompt_target
0,train,M05,dysarthric,Session2,0267,data/extracted/torgo/M05/Session2/wav_headMic/0267.wav,3.245,sell,sell,project_prompt_target
0,train,M05,dysarthric,Session2,0269,data/extracted/torgo/M05/Session2/wav_headMic/0269.wav,2.93,thought,thought,project_prompt_target
0,train,M05,dysarthric,Session2,0270,data/extracted/torgo/M05/Session2/wav_headMic/0270.wav,3.405,fitting,fitting,project_prompt_target
0,train,M05,dysarthric,Session2,0272,data/extracted/torgo/M05/Session2/wav_headMic/0272.wav,2.985,litter,litter,project_prompt_target
0,train,M05,dysarthric,Session2,0280,data/extracted/torgo/M05/Session2/wav_headMic/0280.wav,2.675,in,in,project_prompt_target
0,train,M05,dysarthric,Session2,0283,data/extracted/torgo/M05/Session2/wav_headMic/0283.wav,2.905,ship,ship,project_prompt_target
0,train,M05,dysarthric,Session2,0285,data/extracted/torgo/M05/Session2/wav_headMic/0285.wav,2.51,ham,ham,project_prompt_target
0,train,M05,dysarthric,Session2,0286,data/extracted/torgo/M05/Session2/wav_headMic/0286.wav,11.705,The owners regularly look for plumbing leaks.,The owners regularly look for plumbing leaks.,project_prompt_target
0,train,M05,dysarthric,Session2,0291,data/extracted/torgo/M05/Session2/wav_headMic/0291.wav,10.64,The wait for work can be very do it again,The wait for work can be very do it again,project_prompt_target
0,train,M05,dysarthric,Session2,0293,data/extracted/torgo/M05/Session2/wav_headMic/0293.wav,2.665,sin,sin,project_prompt_target
0,train,M05,dysarthric,Session2,0296,data/extracted/torgo/M05/Session2/wav_headMic/0296.wav,2.495,up,up,project_prompt_target
0,train,M05,dysarthric,Session2,0298,data/extracted/torgo/M05/Session2/wav_headMic/0298.wav,3.29,sand,sand,project_prompt_target
0,train,M05,dysarthric,Session2,0299,data/extracted/torgo/M05/Session2/wav_headMic/0299.wav,3.475,sin,sin,project_prompt_target
0,train,M05,dysarthric,Session2,0309,data/extracted/torgo/M05/Session2/wav_headMic/0309.wav,2.81,zip,zip,project_prompt_target
0,train,M05,dysarthric,Session2,0313,data/extracted/torgo/M05/Session2/wav_headMic/0313.wav,9.545,Nobody really expects to evacuate.,Nobody really expects to evacuate.,project_prompt_target
0,train,M05,dysarthric,Session2,0314,data/extracted/torgo/M05/Session2/wav_headMic/0314.wav,8.54,Nobody really expects to evacuate.,Nobody really expects to evacuate.,project_prompt_target
0,train,M05,dysarthric,Session2,0315,data/extracted/torgo/M05/Session2/wav_headMic/0315.wav,4.88,tread,tread,project_prompt_target
0,train,M05,dysarthric,Session2,0317,data/extracted/torgo/M05/Session2/wav_headMic/0317.wav,2.64,bitter,bitter,project_prompt_target
0,train,M05,dysarthric,Session2,0321,data/extracted/torgo/M05/Session2/wav_headMic/0321.wav,9.635,Beg that guard for one gallon of gas.,Beg that guard for one gallon of gas.,project_prompt_target
0,train,M05,dysarthric,Session2,0325,data/extracted/torgo/M05/Session2/wav_headMic/0325.wav,2.665,Ned,Ned,project_prompt_target
0,train,M05,dysarthric,Session2,0327,data/extracted/torgo/M05/Session2/wav_headMic/0327.wav,1.805,dread,dread,project_prompt_target
0,train,M05,dysarthric,Session2,0329,data/extracted/torgo/M05/Session2/wav_headMic/0329.wav,2.507,nest,nest,project_prompt_target
0,train,M05,dysarthric,Session2,0363,data/extracted/torgo/M05/Session2/wav_headMic/0363.wav,2.605,red,red,project_prompt_target
0,train,M05,dysarthric,Session2,0367,data/extracted/torgo/M05/Session2/wav_headMic/0367.wav,7.35,Being able to dance can help too.,Being able to dance can help too.,project_prompt_target
0,train,M05,dysarthric,Session2,0368,data/extracted/torgo/M05/Session2/wav_headMic/0368.wav,9.66,Get a calico cat to keep.,Get a calico cat to keep.,project_prompt_target
0,train,M05,dysarthric,Session2,0370,data/extracted/torgo/M05/Session2/wav_headMic/0370.wav,6.93,Each one volunteered to jump first.,Each one volunteered to jump first.,project_prompt_target
0,train,M05,dysarthric,Session2,0381,data/extracted/torgo/M05/Session2/wav_headMic/0381.wav,8.115,Although always again again,Although always again again,project_prompt_target
0,train,M05,dysarthric,Session2,0384,data/extracted/torgo/M05/Session2/wav_headMic/0384.wav,2.96,sink,sink,project_prompt_target
0,train,M05,dysarthric,Session2,0387,data/extracted/torgo/M05/Session2/wav_headMic/0387.wav,8.47,He is definitely a notch above us.,He is definitely a notch above us.,project_prompt_target
0,train,M05,dysarthric,Session2,0390,data/extracted/torgo/M05/Session2/wav_headMic/0390.wav,5.435,The hotel owner shrugged.,The hotel owner shrugged.,project_prompt_target
0,train,M05,dysarthric,Session2,0392,data/extracted/torgo/M05/Session2/wav_headMic/0392.wav,3.65,glitter,glitter,project_prompt_target
0,train,M05,dysarthric,Session2,0393,data/extracted/torgo/M05/Session2/wav_headMic/0393.wav,5.44,the pair of shoes was new,the pair of shoes was new,project_prompt_target
0,train,MC03,control,Session1,0038,data/extracted/torgo/MC03/Session1/wav_headMic/0038.wav,1.295,dark,dark,project_prompt_target
0,train,MC03,control,Session1,0050,data/extracted/torgo/MC03/Session1/wav_headMic/0050.wav,6.075,Twice each day he plays skillfully and with zest upon our small organ.,Twice each day he plays skillfully and with zest upon our small organ.,project_prompt_target
0,train,MC03,control,Session1,0070,data/extracted/torgo/MC03/Session1/wav_headMic/0070.wav,2.235,swarm,swarm,project_prompt_target
0,train,MC03,control,Session1,0147,data/extracted/torgo/MC03/Session1/wav_headMic/0147.wav,1.735,slay,slay,project_prompt_target
0,train,MC03,control,Session1,0201,data/extracted/torgo/MC03/Session1/wav_headMic/0201.wav,1.92,slip,slip,project_prompt_target
0,train,MC03,control,Session1,0219,data/extracted/torgo/MC03/Session1/wav_headMic/0219.wav,1.53506,back,back,project_prompt_target
0,train,MC03,control,Session1,0249,data/extracted/torgo/MC03/Session1/wav_headMic/0249.wav,1.81,sprinkle,sprinkle,project_prompt_target
0,train,MC03,control,Session1,0254,data/extracted/torgo/MC03/Session1/wav_headMic/0254.wav,1.54,side,side,project_prompt_target
0,train,MC03,control,Session1,0280,data/extracted/torgo/MC03/Session1/wav_headMic/0280.wav,3.19,Both injuries were to the same leg.,Both injuries were to the same leg.,project_prompt_target
0,train,MC03,control,Session1,0287,data/extracted/torgo/MC03/Session1/wav_headMic/0287.wav,1.59,hill,hill,project_prompt_target
0,train,MC03,control,Session1,0299,data/extracted/torgo/MC03/Session1/wav_headMic/0299.wav,6.455,He further proposed grants of an unspecified sum for experimental hospitals.,He further proposed grants of an unspecified sum for experimental hospitals.,project_prompt_target
0,train,MC03,control,Session1,0304,data/extracted/torgo/MC03/Session1/wav_headMic/0304.wav,3.895,The museum hires musicians every evening.,The museum hires musicians every evening.,project_prompt_target
0,train,MC03,control,Session1,0340,data/extracted/torgo/MC03/Session1/wav_headMic/0340.wav,3.95,"She wore warm, fleecy, woolen overalls.","She wore warm, fleecy, woolen overalls.",project_prompt_target
0,train,MC03,control,Session1,0357,data/extracted/torgo/MC03/Session1/wav_headMic/0357.wav,6.22,It also provides for funds to clear slums and help colleges build dormitories.,It also provides for funds to clear slums and help colleges build dormitories.,project_prompt_target
0,train,MC03,control,Session1,0360,data/extracted/torgo/MC03/Session1/wav_headMic/0360.wav,2.185,cart,cart,project_prompt_target
0,train,MC03,control,Session1,0365,data/extracted/torgo/MC03/Session1/wav_headMic/0365.wav,1.465,dark,dark,project_prompt_target
0,train,MC03,control,Session1,0374,data/extracted/torgo/MC03/Session1/wav_headMic/0374.wav,1.66,kilo,kilo,project_prompt_target
0,train,MC03,control,Session1,0376,data/extracted/torgo/MC03/Session1/wav_headMic/0376.wav,1.855,sergeant,sergeant,project_prompt_target
0,train,MC03,control,Session1,0383,data/extracted/torgo/MC03/Session1/wav_headMic/0383.wav,1.49,league,league,project_prompt_target
0,train,MC03,control,Session1,0449,data/extracted/torgo/MC03/Session1/wav_headMic/0449.wav,1.735,sierra,sierra,project_prompt_target
0,train,MC03,control,Session1,0451,data/extracted/torgo/MC03/Session1/wav_headMic/0451.wav,2.575,He took me out one day.,He took me out one day.,project_prompt_target
0,train,MC03,control,Session1,0491,data/extracted/torgo/MC03/Session1/wav_headMic/0491.wav,1.74,ham,ham,project_prompt_target
0,train,MC03,control,Session1,0527,data/extracted/torgo/MC03/Session1/wav_headMic/0527.wav,4.13,Who knows what you'll discover about yourself.,Who knows what you'll discover about yourself.,project_prompt_target
0,train,MC03,control,Session1,0541,data/extracted/torgo/MC03/Session1/wav_headMic/0541.wav,1.55,lee,lee,project_prompt_target
0,train,MC03,control,Session1,0573,data/extracted/torgo/MC03/Session1/wav_headMic/0573.wav,1.515,bill,bill,project_prompt_target
0,train,MC03,control,Session2,0043,data/extracted/torgo/MC03/Session2/wav_headMic/0043.wav,3.99713,There is definitely some ligament damage in his knee.,There is definitely some ligament damage in his knee.,project_prompt_target
0,train,MC03,control,Session2,0066,data/extracted/torgo/MC03/Session2/wav_headMic/0066.wav,1.928,tea,tea,project_prompt_target
0,train,MC03,control,Session2,0080,data/extracted/torgo/MC03/Session2/wav_headMic/0080.wav,1.26769,fork,fork,project_prompt_target
0,train,MC03,control,Session2,0103,data/extracted/torgo/MC03/Session2/wav_headMic/0103.wav,1.66306,four,four,project_prompt_target
0,train,MC03,control,Session2,0114,data/extracted/torgo/MC03/Session2/wav_headMic/0114.wav,1.58431,beam,beam,project_prompt_target
0,train,MC03,control,Session2,0118,data/extracted/torgo/MC03/Session2/wav_headMic/0118.wav,1.34844,meat,meat,project_prompt_target
0,train,MC03,control,Session2,0145,data/extracted/torgo/MC03/Session2/wav_headMic/0145.wav,3.86544,She suggested we all have dinner together.,She suggested we all have dinner together.,project_prompt_target
0,train,MC03,control,Session2,0201,data/extracted/torgo/MC03/Session2/wav_headMic/0201.wav,1.76487,had,had,project_prompt_target
0,train,MC03,control,Session2,0269,data/extracted/torgo/MC03/Session2/wav_arrayMic/0269.wav,5.55,There was no confirmation of such massive assaults from independent sources.,There was no confirmation of such massive assaults from independent sources.,project_prompt_target
0,train,MC03,control,Session2,0271,data/extracted/torgo/MC03/Session2/wav_arrayMic/0271.wav,2.7,He'll sell them by the box.,He'll sell them by the box.,project_prompt_target
0,train,MC03,control,Session2,0275,data/extracted/torgo/MC03/Session2/wav_arrayMic/0275.wav,2.7,He has played very well.,He has played very well.,project_prompt_target
0,train,MC03,control,Session2,0285,data/extracted/torgo/MC03/Session2/wav_arrayMic/0285.wav,3.0,Range was a vital detail.,Range was a vital detail.,project_prompt_target
0,train,MC03,control,Session2,0291,data/extracted/torgo/MC03/Session2/wav_arrayMic/0291.wav,2.4,It was a great meeting.,It was a great meeting.,project_prompt_target
0,train,MC04,control,Session1,0020,data/extracted/torgo/MC04/Session1/wav_headMic/0020.wav,2.03,rain,rain,project_prompt_target
0,train,MC04,control,Session1,0043,data/extracted/torgo/MC04/Session1/wav_headMic/0043.wav,1.615,tip,tip,project_prompt_target
0,train,MC04,control,Session1,0057,data/extracted/torgo/MC04/Session1/wav_headMic/0057.wav,1.745,dark,dark,project_prompt_target
0,train,MC04,control,Session1,0066,data/extracted/torgo/MC04/Session1/wav_headMic/0066.wav,1.595,sheet,sheet,project_prompt_target
0,train,MC04,control,Session1,0078,data/extracted/torgo/MC04/Session1/wav_headMic/0078.wav,1.86006,"read [as in ""I can read""]",read,project_prompt_target
0,train,MC04,control,Session1,0111,data/extracted/torgo/MC04/Session1/wav_headMic/0111.wav,1.73,bit,bit,project_prompt_target
0,train,MC04,control,Session1,0137,data/extracted/torgo/MC04/Session1/wav_headMic/0137.wav,1.565,slip,slip,project_prompt_target
0,train,MC04,control,Session1,0139,data/extracted/torgo/MC04/Session1/wav_headMic/0139.wav,1.45,prior,prior,project_prompt_target
0,train,MC04,control,Session1,0140,data/extracted/torgo/MC04/Session1/wav_headMic/0140.wav,1.45,knot,knot,project_prompt_target
0,train,MC04,control,Session1,0144,data/extracted/torgo/MC04/Session1/wav_headMic/0144.wav,2.355,This was easy for us.,This was easy for us.,project_prompt_target
0,train,MC04,control,Session1,0182,data/extracted/torgo/MC04/Session1/wav_headMic/0182.wav,1.54,witch,witch,project_prompt_target
0,train,MC04,control,Session1,0183,data/extracted/torgo/MC04/Session1/wav_headMic/0183.wav,1.695,ate,ate,project_prompt_target
0,train,MC04,control,Session1,0208,data/extracted/torgo/MC04/Session1/wav_headMic/0208.wav,1.765,mut,mut,project_prompt_target
0,train,MC04,control,Session1,0212,data/extracted/torgo/MC04/Session1/wav_headMic/0212.wav,1.76,back,back,project_prompt_target
0,train,MC04,control,Session1,0221,data/extracted/torgo/MC04/Session1/wav_headMic/0221.wav,1.81494,fate,fate,project_prompt_target
0,train,MC04,control,Session1,0223,data/extracted/torgo/MC04/Session1/wav_headMic/0223.wav,1.765,dot,dot,project_prompt_target
0,train,MC04,control,Session1,0226,data/extracted/torgo/MC04/Session1/wav_headMic/0226.wav,1.74,ate,ate,project_prompt_target
0,train,MC04,control,Session1,0264,data/extracted/torgo/MC04/Session1/wav_headMic/0264.wav,1.525,written,written,project_prompt_target
0,train,MC04,control,Session1,0273,data/extracted/torgo/MC04/Session1/wav_headMic/0273.wav,1.715,nine,nine,project_prompt_target
0,train,MC04,control,Session1,0279,data/extracted/torgo/MC04/Session1/wav_headMic/0279.wav,1.36,seed,seed,project_prompt_target
0,train,MC04,control,Session1,0292,data/extracted/torgo/MC04/Session1/wav_headMic/0292.wav,1.43,shy,shy,project_prompt_target
0,train,MC04,control,Session1,0307,data/extracted/torgo/MC04/Session1/wav_headMic/0307.wav,1.71,eight,eight,project_prompt_target
0,train,MC04,control,Session1,0314,data/extracted/torgo/MC04/Session1/wav_headMic/0314.wav,1.65,reek,reek,project_prompt_target
0,train,MC04,control,Session1,0331,data/extracted/torgo/MC04/Session1/wav_headMic/0331.wav,1.47,pit,pit,project_prompt_target
0,train,MC04,control,Session1,0332,data/extracted/torgo/MC04/Session1/wav_headMic/0332.wav,1.37,fat,fat,project_prompt_target
0,train,MC04,control,Session1,0345,data/extracted/torgo/MC04/Session1/wav_headMic/0345.wav,1.70994,knitting,knitting,project_prompt_target
0,train,MC04,control,Session1,0376,data/extracted/torgo/MC04/Session1/wav_headMic/0376.wav,1.465,hem,hem,project_prompt_target
0,train,MC04,control,Session1,0386,data/extracted/torgo/MC04/Session1/wav_headMic/0386.wav,1.555,at,at,project_prompt_target
0,train,MC04,control,Session1,0387,data/extracted/torgo/MC04/Session1/wav_headMic/0387.wav,1.4,chop,chop,project_prompt_target
0,train,MC04,control,Session1,0390,data/extracted/torgo/MC04/Session1/wav_headMic/0390.wav,1.995,yes,yes,project_prompt_target
0,train,MC04,control,Session1,0416,data/extracted/torgo/MC04/Session1/wav_headMic/0416.wav,1.475,and,and,project_prompt_target
0,train,MC04,control,Session1,0420,data/extracted/torgo/MC04/Session1/wav_headMic/0420.wav,1.69994,victor,victor,project_prompt_target
0,train,MC04,control,Session1,0428,data/extracted/torgo/MC04/Session1/wav_headMic/0428.wav,1.60494,zip,zip,project_prompt_target
0,train,MC04,control,Session1,0434,data/extracted/torgo/MC04/Session1/wav_headMic/0434.wav,1.65,hand,hand,project_prompt_target
0,train,MC04,control,Session1,0593,data/extracted/torgo/MC04/Session1/wav_headMic/0593.wav,1.51,lee,lee,project_prompt_target
0,validation,F03,dysarthric,Session1,0025,data/extracted/torgo/F03/Session1/wav_headMic/0025.wav,10.15881,Twice each day he plays skillfully and with zest upon our small organ.,Twice each day he plays skillfully and with zest upon our small organ.,project_prompt_target
0,validation,F03,dysarthric,Session1,0028,data/extracted/torgo/F03/Session1/wav_headMic/0028.wav,8.90638,"We have often urged him to walk more and smoke less,","We have often urged him to walk more and smoke less,",project_prompt_target
0,validation,F03,dysarthric,Session1,0070,data/extracted/torgo/F03/Session1/wav_headMic/0070.wav,10.80025,giving those who observe him a pronounced feeling of the utmost respect.,giving those who observe him a pronounced feeling of the utmost respect.,project_prompt_target
0,validation,F03,dysarthric,Session1,0097,data/extracted/torgo/F03/Session1/wav_headMic/0097.wav,0.93494,pat,pat,project_prompt_target
0,validation,F03,dysarthric,Session1,0135,data/extracted/torgo/F03/Session1/wav_headMic/0135.wav,3.05931,I looked up and noticed two old men.,I looked up and noticed two old men.,project_prompt_target
0,validation,F03,dysarthric,Session1,0139,data/extracted/torgo/F03/Session1/wav_headMic/0139.wav,1.51206,back,back,project_prompt_target
0,validation,F03,dysarthric,Session1,0154,data/extracted/torgo/F03/Session1/wav_headMic/0154.wav,1.25506,shoot,shoot,project_prompt_target
0,validation,F03,dysarthric,Session1,0196,data/extracted/torgo/F03/Session1/wav_headMic/0196.wav,3.62213,They carried me off on the stretcher.,They carried me off on the stretcher.,project_prompt_target
0,validation,F03,dysarthric,Session1,0201,data/extracted/torgo/F03/Session1/wav_headMic/0201.wav,1.36688,air,air,project_prompt_target
0,validation,F03,dysarthric,Session2,0007,data/extracted/torgo/F03/Session2/wav_headMic/0007.wav,9.255,"If you destroy confidence in banks, you do something to the economy, he said.","If you destroy confidence in banks, you do something to the economy, he said.",project_prompt_target
0,validation,F03,dysarthric,Session2,0020,data/extracted/torgo/F03/Session2/wav_headMic/0020.wav,6.66506,The islands are sparsely populated.,The islands are sparsely populated.,project_prompt_target
0,validation,F03,dysarthric,Session2,0021,data/extracted/torgo/F03/Session2/wav_headMic/0021.wav,6.135,Bright sunshine shimmers on the ocean.,Bright sunshine shimmers on the ocean.,project_prompt_target
0,validation,F03,dysarthric,Session2,0029,data/extracted/torgo/F03/Session2/wav_headMic/0029.wav,8.09,"Everything went real smooth, the sheriff said.","Everything went real smooth, the sheriff said.",project_prompt_target
0,validation,F03,dysarthric,Session2,0033,data/extracted/torgo/F03/Session2/wav_headMic/0033.wav,4.915,Two other cases were also under advisement.,Two other cases were also under advisement.,project_prompt_target
0,validation,F03,dysarthric,Session2,0048,data/extracted/torgo/F03/Session2/wav_headMic/0048.wav,2.01,group,group,project_prompt_target
0,validation,F03,dysarthric,Session2,0065,data/extracted/torgo/F03/Session2/wav_headMic/0065.wav,1.485,fat,fat,project_prompt_target
0,validation,F03,dysarthric,Session2,0093,data/extracted/torgo/F03/Session2/wav_headMic/0093.wav,1.75,golf,golf,project_prompt_target
0,validation,F03,dysarthric,Session2,0118,data/extracted/torgo/F03/Session2/wav_headMic/0118.wav,7.665,Nothing has been done yet to take advantage of the enabling legislation.,Nothing has been done yet to take advantage of the enabling legislation.,project_prompt_target
0,validation,F03,dysarthric,Session2,0133,data/extracted/torgo/F03/Session2/wav_headMic/0133.wav,9.59,It eventually became a rather proud claim.,It eventually became a rather proud claim.,project_prompt_target
0,validation,F03,dysarthric,Session3,0025,data/extracted/torgo/F03/Session3/wav_headMic/0025.wav,4.675,White-capped waves covered the entire bay.,White-capped waves covered the entire bay.,project_prompt_target
0,validation,F03,dysarthric,Session3,0070,data/extracted/torgo/F03/Session3/wav_headMic/0070.wav,1.785,kilo,kilo,project_prompt_target
0,validation,F03,dysarthric,Session3,0079,data/extracted/torgo/F03/Session3/wav_headMic/0079.wav,1.585,snake,snake,project_prompt_target
0,validation,F03,dysarthric,Session3,0119,data/extracted/torgo/F03/Session3/wav_headMic/0119.wav,4.695,He is definitely a notch above us.,He is definitely a notch above us.,project_prompt_target
0,validation,F03,dysarthric,Session3,0127,data/extracted/torgo/F03/Session3/wav_headMic/0127.wav,4.235,We selected places where families will be welcome.,We selected places where families will be welcome.,project_prompt_target
0,validation,F03,dysarthric,Session3,0137,data/extracted/torgo/F03/Session3/wav_headMic/0137.wav,3.445,Critical equipment needs proper maintenance.,Critical equipment needs proper maintenance.,project_prompt_target
0,validation,F03,dysarthric,Session3,0147,data/extracted/torgo/F03/Session3/wav_headMic/0147.wav,1.33506,up,up,project_prompt_target
0,validation,F03,dysarthric,Session3,0182,data/extracted/torgo/F03/Session3/wav_headMic/0182.wav,4.535,He played basketball there while working toward a law degree.,He played basketball there while working toward a law degree.,project_prompt_target
0,validation,F03,dysarthric,Session3,0185,data/extracted/torgo/F03/Session3/wav_headMic/0185.wav,1.25,goose,goose,project_prompt_target
0,validation,F03,dysarthric,Session3,0189,data/extracted/torgo/F03/Session3/wav_headMic/0189.wav,1.475,spit,spit,project_prompt_target
0,validation,F03,dysarthric,Session3,0209,data/extracted/torgo/F03/Session3/wav_headMic/0209.wav,7.05,He further proposed grants of an unspecified sum for experimental hospitals.,He further proposed grants of an unspecified sum for experimental hospitals.,project_prompt_target
0,validation,M02,dysarthric,Session1,0025,data/extracted/torgo/M02/Session1/wav_headMic/0025.wav,2.84262,chair,chair,project_prompt_target
0,validation,M02,dysarthric,Session1,0029,data/extracted/torgo/M02/Session1/wav_headMic/0029.wav,2.09044,one,one,project_prompt_target
0,validation,M02,dysarthric,Session1,0033,data/extracted/torgo/M02/Session1/wav_headMic/0033.wav,2.6375,share,share,project_prompt_target
0,validation,M02,dysarthric,Session1,0049,data/extracted/torgo/M02/Session1/wav_headMic/0049.wav,2.40306,swarm,swarm,project_prompt_target
0,validation,M02,dysarthric,Session1,0055,data/extracted/torgo/M02/Session1/wav_headMic/0055.wav,9.53406,She had your dark suit in greasy wash water all year.,She had your dark suit in greasy wash water all year.,project_prompt_target
0,validation,M02,dysarthric,Session1,0059,data/extracted/torgo/M02/Session1/wav_headMic/0059.wav,2.77931,beta,beta,project_prompt_target
0,validation,M02,dysarthric,Session1,0065,data/extracted/torgo/M02/Session1/wav_headMic/0065.wav,2.23894,no,no,project_prompt_target
0,validation,M02,dysarthric,Session1,0066,data/extracted/torgo/M02/Session1/wav_headMic/0066.wav,7.60469,yet he still thinks as swiftly as ever.,yet he still thinks as swiftly as ever.,project_prompt_target
0,validation,M02,dysarthric,Session1,0071,data/extracted/torgo/M02/Session1/wav_headMic/0071.wav,8.58906,"We have often urged him to walk more and smoke less,","We have often urged him to walk more and smoke less,",project_prompt_target
0,validation,M02,dysarthric,Session1,0073,data/extracted/torgo/M02/Session1/wav_headMic/0073.wav,3.011,born,born,project_prompt_target
0,validation,M02,dysarthric,Session1,0080,data/extracted/torgo/M02/Session1/wav_headMic/0080.wav,9.82425,he slowly takes a short walk in the open air each day.,he slowly takes a short walk in the open air each day.,project_prompt_target
0,validation,M02,dysarthric,Session1,0083,data/extracted/torgo/M02/Session1/wav_headMic/0083.wav,2.29688,double,double,project_prompt_target
0,validation,M02,dysarthric,Session1,0117,data/extracted/torgo/M02/Session1/wav_headMic/0117.wav,8.67025,The quick brown fox jumps over the lazy dog.,The quick brown fox jumps over the lazy dog.,project_prompt_target
0,validation,M02,dysarthric,Session1,0128,data/extracted/torgo/M02/Session1/wav_headMic/0128.wav,4.09663,menu,menu,project_prompt_target
0,validation,M02,dysarthric,Session1,0135,data/extracted/torgo/M02/Session1/wav_headMic/0135.wav,7.46375,Why yell or worry over silly items?,Why yell or worry over silly items?,project_prompt_target
0,validation,M02,dysarthric,Session1,0137,data/extracted/torgo/M02/Session1/wav_headMic/0137.wav,8.83863,"Everything went real smooth, the sheriff said.","Everything went real smooth, the sheriff said.",project_prompt_target
0,validation,M02,dysarthric,Session1,0148,data/extracted/torgo/M02/Session1/wav_headMic/0148.wav,2.27275,shout,shout,project_prompt_target
0,validation,M02,dysarthric,Session1,0149,data/extracted/torgo/M02/Session1/wav_headMic/0149.wav,1.93613,shoot,shoot,project_prompt_target
0,validation,M02,dysarthric,Session1,0152,data/extracted/torgo/M02/Session1/wav_headMic/0152.wav,7.2465,You'd be better off taking a cold shower.,You'd be better off taking a cold shower.,project_prompt_target
0,validation,M02,dysarthric,Session1,0159,data/extracted/torgo/M02/Session1/wav_headMic/0159.wav,1.551,play,play,project_prompt_target
0,validation,M02,dysarthric,Session1,0164,data/extracted/torgo/M02/Session1/wav_headMic/0164.wav,2.44094,dot,dot,project_prompt_target
0,validation,M02,dysarthric,Session1,0175,data/extracted/torgo/M02/Session1/wav_headMic/0175.wav,2.31381,write,write,project_prompt_target
0,validation,M02,dysarthric,Session1,0183,data/extracted/torgo/M02/Session1/wav_headMic/0183.wav,6.56,Bright sunshine shimmers on the ocean.,Bright sunshine shimmers on the ocean.,project_prompt_target
0,validation,M02,dysarthric,Session1,0184,data/extracted/torgo/M02/Session1/wav_headMic/0184.wav,4.93275,We gathered shells on the beach.,We gathered shells on the beach.,project_prompt_target
0,validation,M02,dysarthric,Session1,0198,data/extracted/torgo/M02/Session1/wav_headMic/0198.wav,6.89056,Nothing is as offensive as innocence.,Nothing is as offensive as innocence.,project_prompt_target
0,validation,M02,dysarthric,Session1,0205,data/extracted/torgo/M02/Session1/wav_headMic/0205.wav,2.13581,jungle,jungle,project_prompt_target
0,validation,M02,dysarthric,Session1,0207,data/extracted/torgo/M02/Session1/wav_headMic/0207.wav,1.83069,suit,suit,project_prompt_target
0,validation,M02,dysarthric,Session1,0224,data/extracted/torgo/M02/Session1/wav_headMic/0224.wav,2.05269,fate,fate,project_prompt_target
0,validation,M02,dysarthric,Session2,0199,data/extracted/torgo/M02/Session2/wav_headMic/0199.wav,2.405,six,six,project_prompt_target
0,validation,M02,dysarthric,Session2,0205,data/extracted/torgo/M02/Session2/wav_headMic/0205.wav,2.985,heart,heart,project_prompt_target
1,test,F03,dysarthric,Session1,0024,data/extracted/torgo/F03/Session1/wav_headMic/0024.wav,9.97325,Twice each day he plays skillfully and with zest upon our little organ.,Twice each day he plays skillfully and with zest upon our little organ.,project_prompt_target
1,test,F03,dysarthric,Session1,0025,data/extracted/torgo/F03/Session1/wav_headMic/0025.wav,10.15881,Twice each day he plays skillfully and with zest upon our small organ.,Twice each day he plays skillfully and with zest upon our small organ.,project_prompt_target
1,test,F03,dysarthric,Session1,0028,data/extracted/torgo/F03/Session1/wav_headMic/0028.wav,8.90638,"We have often urged him to walk more and smoke less,","We have often urged him to walk more and smoke less,",project_prompt_target
1,test,F03,dysarthric,Session1,0030,data/extracted/torgo/F03/Session1/wav_headMic/0030.wav,8.25694,Except in the winter when the ozone or snow or ice prevents.,Except in the winter when the ozone or snow or ice prevents.,project_prompt_target
1,test,F03,dysarthric,Session1,0031,data/extracted/torgo/F03/Session1/wav_headMic/0031.wav,8.11775,"Except in the winter when the ooze or snow or ice prevents,","Except in the winter when the ooze or snow or ice prevents,",project_prompt_target
1,test,F03,dysarthric,Session1,0070,data/extracted/torgo/F03/Session1/wav_headMic/0070.wav,10.80025,giving those who observe him a pronounced feeling of the utmost respect.,giving those who observe him a pronounced feeling of the utmost respect.,project_prompt_target
1,test,F03,dysarthric,Session1,0072,data/extracted/torgo/F03/Session1/wav_headMic/0072.wav,7.42344,he slowly takes a short walk in the open air each day.,he slowly takes a short walk in the open air each day.,project_prompt_target
1,test,F03,dysarthric,Session1,0095,data/extracted/torgo/F03/Session1/wav_headMic/0095.wav,6.41875,"When he speaks, his voice is just a bit cracked and quivers a trifle.","When he speaks, his voice is just a bit cracked and quivers a trifle.",project_prompt_target
1,test,F03,dysarthric,Session2,0006,data/extracted/torgo/F03/Session2/wav_headMic/0006.wav,14.11006,"If you destroy confidence in banks, you do something to the economy, he said.","If you destroy confidence in banks, you do something to the economy, he said.",project_prompt_target
1,test,F03,dysarthric,Session2,0007,data/extracted/torgo/F03/Session2/wav_headMic/0007.wav,9.255,"If you destroy confidence in banks, you do something to the economy, he said.","If you destroy confidence in banks, you do something to the economy, he said.",project_prompt_target
1,test,F03,dysarthric,Session2,0020,data/extracted/torgo/F03/Session2/wav_headMic/0020.wav,6.66506,The islands are sparsely populated.,The islands are sparsely populated.,project_prompt_target
1,test,F03,dysarthric,Session2,0021,data/extracted/torgo/F03/Session2/wav_headMic/0021.wav,6.135,Bright sunshine shimmers on the ocean.,Bright sunshine shimmers on the ocean.,project_prompt_target
1,test,F03,dysarthric,Session2,0029,data/extracted/torgo/F03/Session2/wav_headMic/0029.wav,8.09,"Everything went real smooth, the sheriff said.","Everything went real smooth, the sheriff said.",project_prompt_target
1,test,F03,dysarthric,Session2,0037,data/extracted/torgo/F03/Session2/wav_headMic/0037.wav,6.775,Both figures would go higher in later years.,Both figures would go higher in later years.,project_prompt_target
1,test,F03,dysarthric,Session2,0054,data/extracted/torgo/F03/Session2/wav_headMic/0054.wav,9.92506,Mother sews yellow,Mother sews yellow,project_prompt_target
1,test,F03,dysarthric,Session2,0063,data/extracted/torgo/F03/Session2/wav_headMic/0063.wav,6.32,Day after day some new episode is reported.,Day after day some new episode is reported.,project_prompt_target
1,test,F03,dysarthric,Session2,0088,data/extracted/torgo/F03/Session2/wav_headMic/0088.wav,7.355,part,part,project_prompt_target
1,test,F03,dysarthric,Session2,0098,data/extracted/torgo/F03/Session2/wav_headMic/0098.wav,6.12,The museum hires musicians every evening.,The museum hires musicians every evening.,project_prompt_target
1,test,F03,dysarthric,Session2,0101,data/extracted/torgo/F03/Session2/wav_headMic/0101.wav,10.225,Alimony harms a divorced man's wealth.,Alimony harms a divorced man's wealth.,project_prompt_target
1,test,F03,dysarthric,Session2,0118,data/extracted/torgo/F03/Session2/wav_headMic/0118.wav,7.665,Nothing has been done yet to take advantage of the enabling legislation.,Nothing has been done yet to take advantage of the enabling legislation.,project_prompt_target
1,test,F03,dysarthric,Session2,0133,data/extracted/torgo/F03/Session2/wav_headMic/0133.wav,9.59,It eventually became a rather proud claim.,It eventually became a rather proud claim.,project_prompt_target
1,test,F03,dysarthric,Session3,0038,data/extracted/torgo/F03/Session3/wav_headMic/0038.wav,6.82506,Some hotels are available nearby.,Some hotels are available nearby.,project_prompt_target
1,test,F03,dysarthric,Session3,0047,data/extracted/torgo/F03/Session3/wav_headMic/0047.wav,7.4,It also provides for funds to clear slums and help colleges build dormitories.,It also provides for funds to clear slums and help colleges build dormitories.,project_prompt_target
1,test,F03,dysarthric,Session3,0153,data/extracted/torgo/F03/Session3/wav_headMic/0153.wav,7.045,He further proposed grants of an unspecified sum for experimental hospitals.,He further proposed grants of an unspecified sum for experimental hospitals.,project_prompt_target
1,test,F03,dysarthric,Session3,0209,data/extracted/torgo/F03/Session3/wav_headMic/0209.wav,7.05,He further proposed grants of an unspecified sum for experimental hospitals.,He further proposed grants of an unspecified sum for experimental hospitals.,project_prompt_target
1,test,M02,dysarthric,Session1,0020,data/extracted/torgo/M02/Session1/wav_headMic/0020.wav,7.99069,Grandfather likes to be modern in his language.,Grandfather likes to be modern in his language.,project_prompt_target
1,test,M02,dysarthric,Session1,0023,data/extracted/torgo/M02/Session1/wav_headMic/0023.wav,8.0395,"Well, he is nearly ninety-three years old;","Well, he is nearly ninety-three years old;",project_prompt_target
1,test,M02,dysarthric,Session1,0034,data/extracted/torgo/M02/Session1/wav_headMic/0034.wav,12.92381,giving those who observe him a pronounced feeling of the utmost respect.,giving those who observe him a pronounced feeling of the utmost respect.,project_prompt_target
1,test,M02,dysarthric,Session1,0044,data/extracted/torgo/M02/Session1/wav_headMic/0044.wav,10.12019,"he dresses himself in an ancient black frock coat,","he dresses himself in an ancient black frock coat,",project_prompt_target
1,test,M02,dysarthric,Session1,0055,data/extracted/torgo/M02/Session1/wav_headMic/0055.wav,9.53406,She had your dark suit in greasy wash water all year.,She had your dark suit in greasy wash water all year.,project_prompt_target
1,test,M02,dysarthric,Session1,0062,data/extracted/torgo/M02/Session1/wav_headMic/0062.wav,14.08981,"When he speaks, his voice is just a bit cracked and quivers a trifle.","When he speaks, his voice is just a bit cracked and quivers a trifle.",project_prompt_target
1,test,M02,dysarthric,Session1,0066,data/extracted/torgo/M02/Session1/wav_headMic/0066.wav,7.60469,yet he still thinks as swiftly as ever.,yet he still thinks as swiftly as ever.,project_prompt_target
1,test,M02,dysarthric,Session1,0071,data/extracted/torgo/M02/Session1/wav_headMic/0071.wav,8.58906,"We have often urged him to walk more and smoke less,","We have often urged him to walk more and smoke less,",project_prompt_target
1,test,M02,dysarthric,Session1,0080,data/extracted/torgo/M02/Session1/wav_headMic/0080.wav,9.82425,he slowly takes a short walk in the open air each day.,he slowly takes a short walk in the open air each day.,project_prompt_target
1,test,M02,dysarthric,Session1,0092,data/extracted/torgo/M02/Session1/wav_headMic/0092.wav,11.63862,Twice each day he plays skillfully and with zest upon our small organ.,Twice each day he plays skillfully and with zest upon our small organ.,project_prompt_target
1,test,M02,dysarthric,Session1,0098,data/extracted/torgo/M02/Session1/wav_headMic/0098.wav,9.20344,"A long, flowing beard clings to his chin,","A long, flowing beard clings to his chin,",project_prompt_target
1,test,M02,dysarthric,Session1,0106,data/extracted/torgo/M02/Session1/wav_headMic/0106.wav,8.13719,Don't ask me to carry an oily rag like that.,Don't ask me to carry an oily rag like that.,project_prompt_target
1,test,M02,dysarthric,Session1,0115,data/extracted/torgo/M02/Session1/wav_headMic/0115.wav,13.69288,"Except in the winter when the ooze or snow or ice prevents,","Except in the winter when the ooze or snow or ice prevents,",project_prompt_target
1,test,M02,dysarthric,Session1,0117,data/extracted/torgo/M02/Session1/wav_headMic/0117.wav,8.67025,The quick brown fox jumps over the lazy dog.,The quick brown fox jumps over the lazy dog.,project_prompt_target
1,test,M02,dysarthric,Session1,0118,data/extracted/torgo/M02/Session1/wav_headMic/0118.wav,8.13712,"but he always answers, ""Banana oil!""","but he always answers, ""Banana oil!""",project_prompt_target
1,test,M02,dysarthric,Session1,0121,data/extracted/torgo/M02/Session1/wav_headMic/0121.wav,6.42556,You wished to know all about my grandfather.,You wished to know all about my grandfather.,project_prompt_target
1,test,M02,dysarthric,Session1,0127,data/extracted/torgo/M02/Session1/wav_headMic/0127.wav,6.70613,Both figures would go higher in later years.,Both figures would go higher in later years.,project_prompt_target
1,test,M02,dysarthric,Session1,0130,data/extracted/torgo/M02/Session1/wav_headMic/0130.wav,6.28525,I tried to tell people in the community.,I tried to tell people in the community.,project_prompt_target
1,test,M02,dysarthric,Session1,0135,data/extracted/torgo/M02/Session1/wav_headMic/0135.wav,7.46375,Why yell or worry over silly items?,Why yell or worry over silly items?,project_prompt_target
1,test,M02,dysarthric,Session1,0137,data/extracted/torgo/M02/Session1/wav_headMic/0137.wav,8.83863,"Everything went real smooth, the sheriff said.","Everything went real smooth, the sheriff said.",project_prompt_target
1,test,M02,dysarthric,Session1,0150,data/extracted/torgo/M02/Session1/wav_headMic/0150.wav,7.46375,Are your grades higher or lower than Nancy's?,Are your grades higher or lower than Nancy's?,project_prompt_target
1,test,M02,dysarthric,Session1,0152,data/extracted/torgo/M02/Session1/wav_headMic/0152.wav,7.2465,You'd be better off taking a cold shower.,You'd be better off taking a cold shower.,project_prompt_target
1,test,M02,dysarthric,Session1,0154,data/extracted/torgo/M02/Session1/wav_headMic/0154.wav,7.70419,The islands are sparsely populated.,The islands are sparsely populated.,project_prompt_target
1,test,M02,dysarthric,Session1,0168,data/extracted/torgo/M02/Session1/wav_headMic/0168.wav,12.586,"If you destroy confidence in banks, you do something to the economy, he said.","If you destroy confidence in banks, you do something to the economy, he said.",project_prompt_target
1,test,M02,dysarthric,Session1,0169,data/extracted/torgo/M02/Session1/wav_headMic/0169.wav,6.94137,All the big baseball players get traded.,All the big baseball players get traded.,project_prompt_target
1,test,M02,dysarthric,Session1,0172,data/extracted/torgo/M02/Session1/wav_headMic/0172.wav,6.50913,I can play this weekend.,I can play this weekend.,project_prompt_target
1,test,M02,dysarthric,Session1,0183,data/extracted/torgo/M02/Session1/wav_headMic/0183.wav,6.56,Bright sunshine shimmers on the ocean.,Bright sunshine shimmers on the ocean.,project_prompt_target
1,test,M02,dysarthric,Session1,0197,data/extracted/torgo/M02/Session1/wav_headMic/0197.wav,7.27194,Nothing is as offensive as ignorance,Nothing is as offensive as ignorance,project_prompt_target
1,test,M02,dysarthric,Session1,0198,data/extracted/torgo/M02/Session1/wav_headMic/0198.wav,6.89056,Nothing is as offensive as innocence.,Nothing is as offensive as innocence.,project_prompt_target
1,test,M02,dysarthric,Session1,0222,data/extracted/torgo/M02/Session1/wav_headMic/0222.wav,8.23287,One validated acts of school districts.,One validated acts of school districts.,project_prompt_target
1,test,M02,dysarthric,Session1,0226,data/extracted/torgo/M02/Session1/wav_headMic/0226.wav,7.76931,Mother sews yellow gingham aprons.,Mother sews yellow gingham aprons.,project_prompt_target
1,test,M02,dysarthric,Session1,0232,data/extracted/torgo/M02/Session1/wav_headMic/0232.wav,6.66575,Jane may earn more money by working hard.,Jane may earn more money by working hard.,project_prompt_target
1,test,M02,dysarthric,Session1,0238,data/extracted/torgo/M02/Session1/wav_headMic/0238.wav,6.46713,The train approached the depot slowly.,The train approached the depot slowly.,project_prompt_target
1,train,F01,dysarthric,Session1,0006,data/extracted/torgo/F01/Session1/wav_headMic/0006.wav,1.39938,stick,stick,project_prompt_target
1,train,F01,dysarthric,Session1,0007,data/extracted/torgo/F01/Session1/wav_headMic/0007.wav,2.268,tear [as in tear up that paper],tear,project_prompt_target
1,train,F01,dysarthric,Session1,0008,data/extracted/torgo/F01/Session1/wav_headMic/0008.wav,9.84375,"Except in the winter when the ooze or snow or ice prevents,","Except in the winter when the ooze or snow or ice prevents,",project_prompt_target
1,train,F01,dysarthric,Session1,0010,data/extracted/torgo/F01/Session1/wav_headMic/0010.wav,2.07494,up,up,project_prompt_target
1,train,F01,dysarthric,Session1,0011,data/extracted/torgo/F01/Session1/wav_headMic/0011.wav,1.59244,meat,meat,project_prompt_target
1,train,F01,dysarthric,Session1,0012,data/extracted/torgo/F01/Session1/wav_headMic/0012.wav,1.64062,meat,meat,project_prompt_target
1,train,F01,dysarthric,Session1,0013,data/extracted/torgo/F01/Session1/wav_headMic/0013.wav,1.30288,know,know,project_prompt_target
1,train,F01,dysarthric,Session1,0014,data/extracted/torgo/F01/Session1/wav_headMic/0014.wav,6.56244,he slowly takes a short walk in the open air each day.,he slowly takes a short walk in the open air each day.,project_prompt_target
1,train,F01,dysarthric,Session1,0015,data/extracted/torgo/F01/Session1/wav_headMic/0015.wav,2.12319,air,air,project_prompt_target
1,train,F01,dysarthric,Session1,0016,data/extracted/torgo/F01/Session1/wav_headMic/0016.wav,2.41269,swarm,swarm,project_prompt_target
1,train,F01,dysarthric,Session1,0017,data/extracted/torgo/F01/Session1/wav_headMic/0017.wav,2.41275,double,double,project_prompt_target
1,train,F01,dysarthric,Session1,0018,data/extracted/torgo/F01/Session1/wav_headMic/0018.wav,2.07494,no,no,project_prompt_target
1,train,F01,dysarthric,Session1,0019,data/extracted/torgo/F01/Session1/wav_headMic/0019.wav,1.88194,storm,storm,project_prompt_target
1,train,F01,dysarthric,Session1,0020,data/extracted/torgo/F01/Session1/wav_headMic/0020.wav,4.87362,Usually minus several buttons.,Usually minus several buttons.,project_prompt_target
1,train,F01,dysarthric,Session1,0021,data/extracted/torgo/F01/Session1/wav_headMic/0021.wav,1.84431,dug,dug,project_prompt_target
1,train,F01,dysarthric,Session1,0022,data/extracted/torgo/F01/Session1/wav_headMic/0022.wav,4.99038,You wished to know all about my grandfather.,You wished to know all about my grandfather.,project_prompt_target
1,train,F01,dysarthric,Session1,0024,data/extracted/torgo/F01/Session1/wav_headMic/0024.wav,1.68156,knee,knee,project_prompt_target
1,train,F01,dysarthric,Session1,0025,data/extracted/torgo/F01/Session1/wav_headMic/0025.wav,2.3325,feet,feet,project_prompt_target
1,train,F01,dysarthric,Session1,0026,data/extracted/torgo/F01/Session1/wav_headMic/0026.wav,2.06131,train,train,project_prompt_target
1,train,F01,dysarthric,Session1,0027,data/extracted/torgo/F01/Session1/wav_headMic/0027.wav,5.26163,"but he always answers, Banana oil!","but he always answers, Banana oil!",project_prompt_target
1,train,F01,dysarthric,Session1,0029,data/extracted/torgo/F01/Session1/wav_headMic/0029.wav,1.57306,beat,beat,project_prompt_target
1,train,F01,dysarthric,Session1,0030,data/extracted/torgo/F01/Session1/wav_headMic/0030.wav,4.80056,The quick brown fox jumps over the lazy dog.,The quick brown fox jumps over the lazy dog.,project_prompt_target
1,train,F01,dysarthric,Session1,0031,data/extracted/torgo/F01/Session1/wav_headMic/0031.wav,4.61069,The quick brown fox jumps over the lazy dog.,The quick brown fox jumps over the lazy dog.,project_prompt_target
1,train,F01,dysarthric,Session1,0032,data/extracted/torgo/F01/Session1/wav_headMic/0032.wav,7.56687,She had your dark suit in greasy wash water all year.,She had your dark suit in greasy wash water all year.,project_prompt_target
1,train,F01,dysarthric,Session1,0033,data/extracted/torgo/F01/Session1/wav_headMic/0033.wav,0.86794,car,car,project_prompt_target
1,train,F01,dysarthric,Session1,0034,data/extracted/torgo/F01/Session1/wav_headMic/0034.wav,0.86794,feet,feet,project_prompt_target
1,train,F01,dysarthric,Session1,0036,data/extracted/torgo/F01/Session1/wav_headMic/0036.wav,6.31931,"We have often urged him to walk more and smoke less,","We have often urged him to walk more and smoke less,",project_prompt_target
1,train,F01,dysarthric,Session1,0037,data/extracted/torgo/F01/Session1/wav_headMic/0037.wav,1.81719,rake,rake,project_prompt_target
1,train,F01,dysarthric,Session1,0039,data/extracted/torgo/F01/Session1/wav_headMic/0039.wav,1.27481,swore,swore,project_prompt_target
1,train,F01,dysarthric,Session1,0040,data/extracted/torgo/F01/Session1/wav_headMic/0040.wav,1.35613,rave,rave,project_prompt_target
1,train,F01,dysarthric,Session1,0041,data/extracted/torgo/F01/Session1/wav_headMic/0041.wav,1.11206,rave,rave,project_prompt_target
1,train,F01,dysarthric,Session1,0042,data/extracted/torgo/F01/Session1/wav_headMic/0042.wav,0.78387,for,for,project_prompt_target
1,train,F01,dysarthric,Session1,0043,data/extracted/torgo/F01/Session1/wav_headMic/0043.wav,1.75106,sip,sip,project_prompt_target
1,train,F01,dysarthric,Session1,0044,data/extracted/torgo/F01/Session1/wav_headMic/0044.wav,1.40088,grow,grow,project_prompt_target
1,train,F01,dysarthric,Session1,0045,data/extracted/torgo/F01/Session1/wav_headMic/0045.wav,1.13406,bit,bit,project_prompt_target
1,train,F01,dysarthric,Session1,0046,data/extracted/torgo/F01/Session1/wav_headMic/0046.wav,1.38419,chair,chair,project_prompt_target
1,train,F01,dysarthric,Session1,0047,data/extracted/torgo/F01/Session1/wav_headMic/0047.wav,1.35081,one,one,project_prompt_target
1,train,F01,dysarthric,Session1,0048,data/extracted/torgo/F01/Session1/wav_headMic/0048.wav,1.90119,fair,fair,project_prompt_target
1,train,F01,dysarthric,Session1,0049,data/extracted/torgo/F01/Session1/wav_headMic/0049.wav,1.58431,two,two,project_prompt_target
1,train,F01,dysarthric,Session1,0052,data/extracted/torgo/F01/Session1/wav_headMic/0052.wav,1.46756,spark,spark,project_prompt_target
1,train,F01,dysarthric,Session1,0054,data/extracted/torgo/F01/Session1/wav_headMic/0054.wav,1.15069,beat,beat,project_prompt_target
1,train,F01,dysarthric,Session1,0057,data/extracted/torgo/F01/Session1/wav_headMic/0057.wav,1.56763,race,race,project_prompt_target
1,train,F01,dysarthric,Session1,0059,data/extracted/torgo/F01/Session1/wav_headMic/0059.wav,0.95056,the,the,project_prompt_target
1,train,F01,dysarthric,Session1,0060,data/extracted/torgo/F01/Session1/wav_headMic/0060.wav,1.3675,form,form,project_prompt_target
1,train,F01,dysarthric,Session1,0061,data/extracted/torgo/F01/Session1/wav_headMic/0061.wav,1.16738,dark,dark,project_prompt_target
1,train,F01,dysarthric,Session1,0062,data/extracted/torgo/F01/Session1/wav_headMic/0062.wav,1.06737,sip,sip,project_prompt_target
1,train,F01,dysarthric,Session1,0063,data/extracted/torgo/F01/Session1/wav_headMic/0063.wav,1.21744,farm,farm,project_prompt_target
1,train,F01,dysarthric,Session1,0065,data/extracted/torgo/F01/Session1/wav_headMic/0065.wav,1.16738,fee,fee,project_prompt_target
1,train,F01,dysarthric,Session1,0066,data/extracted/torgo/F01/Session1/wav_headMic/0066.wav,2.11794,weed,weed,project_prompt_target
1,train,F01,dysarthric,Session1,0069,data/extracted/torgo/F01/Session1/wav_headMic/0069.wav,1.42094,bat,bat,project_prompt_target
1,train,F01,dysarthric,Session1,0070,data/extracted/torgo/F01/Session1/wav_headMic/0070.wav,1.52119,horn,horn,project_prompt_target
1,train,F01,dysarthric,Session1,0071,data/extracted/torgo/F01/Session1/wav_headMic/0071.wav,1.63813,jagged,jagged,project_prompt_target
1,train,F01,dysarthric,Session1,0072,data/extracted/torgo/F01/Session1/wav_headMic/0072.wav,1.52119,sheet,sheet,project_prompt_target
1,train,F01,dysarthric,Session1,0073,data/extracted/torgo/F01/Session1/wav_headMic/0073.wav,1.17019,chair,chair,project_prompt_target
1,train,F01,dysarthric,Session1,0074,data/extracted/torgo/F01/Session1/wav_headMic/0074.wav,1.25375,bubble,bubble,project_prompt_target
1,train,F01,dysarthric,Session1,0075,data/extracted/torgo/F01/Session1/wav_headMic/0075.wav,1.35406,warm,warm,project_prompt_target
1,train,F01,dysarthric,Session1,0076,data/extracted/torgo/F01/Session1/wav_headMic/0076.wav,1.32056,ship,ship,project_prompt_target
1,train,F01,dysarthric,Session1,0080,data/extracted/torgo/F01/Session1/wav_headMic/0080.wav,1.86781,hair,hair,project_prompt_target
1,train,F01,dysarthric,Session1,0081,data/extracted/torgo/F01/Session1/wav_headMic/0081.wav,1.03775,share,share,project_prompt_target
1,train,F01,dysarthric,Session1,0083,data/extracted/torgo/F01/Session1/wav_headMic/0083.wav,1.77563,goat,goat,project_prompt_target
1,train,F01,dysarthric,Session1,0084,data/extracted/torgo/F01/Session1/wav_headMic/0084.wav,1.98306,trace,trace,project_prompt_target
1,train,F01,dysarthric,Session1,0086,data/extracted/torgo/F01/Session1/wav_headMic/0086.wav,1.3605,go,go,project_prompt_target
1,train,F01,dysarthric,Session1,0087,data/extracted/torgo/F01/Session1/wav_headMic/0087.wav,1.59112,alpha,alpha,project_prompt_target
1,train,F01,dysarthric,Session1,0088,data/extracted/torgo/F01/Session1/wav_headMic/0088.wav,1.42969,left,left,project_prompt_target
1,train,F01,dysarthric,Session1,0089,data/extracted/torgo/F01/Session1/wav_headMic/0089.wav,1.59106,sticks,sticks,project_prompt_target
1,train,F01,dysarthric,Session1,0090,data/extracted/torgo/F01/Session1/wav_headMic/0090.wav,2.02919,trouble,trouble,project_prompt_target
1,train,F01,dysarthric,Session1,0091,data/extracted/torgo/F01/Session1/wav_headMic/0091.wav,2.16763,dagger,dagger,project_prompt_target
1,train,F01,dysarthric,Session1,0092,data/extracted/torgo/F01/Session1/wav_headMic/0092.wav,1.153,read [as in I can read],read,project_prompt_target
1,train,F01,dysarthric,Session1,0093,data/extracted/torgo/F01/Session1/wav_headMic/0093.wav,4.15062,"A long, flowing beard clings to his chin,","A long, flowing beard clings to his chin,",project_prompt_target
1,train,F01,dysarthric,Session1,0094,data/extracted/torgo/F01/Session1/wav_headMic/0094.wav,1.3085,slip,slip,project_prompt_target
1,train,F01,dysarthric,Session1,0095,data/extracted/torgo/F01/Session1/wav_headMic/0095.wav,1.42394,glow,glow,project_prompt_target
1,train,F01,dysarthric,Session1,0097,data/extracted/torgo/F01/Session1/wav_headMic/0097.wav,1.48162,trade,trade,project_prompt_target
1,train,F01,dysarthric,Session1,0098,data/extracted/torgo/F01/Session1/wav_headMic/0098.wav,1.30838,range,range,project_prompt_target
1,train,F01,dysarthric,Session1,0099,data/extracted/torgo/F01/Session1/wav_headMic/0099.wav,1.01975,stubble,stubble,project_prompt_target
1,train,F01,dysarthric,Session1,0100,data/extracted/torgo/F01/Session1/wav_headMic/0100.wav,1.98188,floor,floor,project_prompt_target
1,train,F01,dysarthric,Session1,0101,data/extracted/torgo/F01/Session1/wav_headMic/0101.wav,1.7895,bug,bug,project_prompt_target
1,train,F01,dysarthric,Session1,0102,data/extracted/torgo/F01/Session1/wav_headMic/0102.wav,0.94288,bug,bug,project_prompt_target
1,train,F01,dysarthric,Session1,0103,data/extracted/torgo/F01/Session1/wav_headMic/0103.wav,1.19306,lead [as in I will lead you],lead,project_prompt_target
1,train,F01,dysarthric,Session1,0104,data/extracted/torgo/F01/Session1/wav_headMic/0104.wav,4.40631,yet he still thinks as swiftly as ever.,yet he still thinks as swiftly as ever.,project_prompt_target
1,train,F01,dysarthric,Session1,0105,data/extracted/torgo/F01/Session1/wav_headMic/0105.wav,4.81975,yet he still thinks as swiftly as ever.,yet he still thinks as swiftly as ever.,project_prompt_target
1,train,F01,dysarthric,Session1,0106,data/extracted/torgo/F01/Session1/wav_headMic/0106.wav,5.69606,yet he still thinks as swiftly as ever.,yet he still thinks as swiftly as ever.,project_prompt_target
1,train,F01,dysarthric,Session1,0107,data/extracted/torgo/F01/Session1/wav_headMic/0107.wav,1.43644,read [as in I can read],read,project_prompt_target
1,train,F01,dysarthric,Session1,0108,data/extracted/torgo/F01/Session1/wav_headMic/0108.wav,2.08031,jacket,jacket,project_prompt_target
1,train,F01,dysarthric,Session1,0109,data/extracted/torgo/F01/Session1/wav_headMic/0109.wav,1.6345,born,born,project_prompt_target
1,train,F01,dysarthric,Session1,0110,data/extracted/torgo/F01/Session1/wav_headMic/0110.wav,1.38688,warm,warm,project_prompt_target
1,train,F01,dysarthric,Session1,0111,data/extracted/torgo/F01/Session1/wav_headMic/0111.wav,1.6345,corn,corn,project_prompt_target
1,train,F01,dysarthric,Session1,0112,data/extracted/torgo/F01/Session1/wav_headMic/0112.wav,1.6345,right,right,project_prompt_target
1,train,F01,dysarthric,Session1,0113,data/extracted/torgo/F01/Session1/wav_headMic/0113.wav,1.83262,knew,knew,project_prompt_target
1,train,F01,dysarthric,Session1,0114,data/extracted/torgo/F01/Session1/wav_headMic/0114.wav,5.10169,"Well, he is nearly ninety three years old","Well, he is nearly ninety three years old",project_prompt_target
1,train,F01,dysarthric,Session1,0115,data/extracted/torgo/F01/Session1/wav_headMic/0115.wav,2.08031,feed,feed,project_prompt_target
1,train,F01,dysarthric,Session1,0116,data/extracted/torgo/F01/Session1/wav_headMic/0116.wav,9.807,Twice each day he plays skillfully and with zest upon our small organ.,Twice each day he plays skillfully and with zest upon our small organ.,project_prompt_target
1,train,F01,dysarthric,Session1,0117,data/extracted/torgo/F01/Session1/wav_headMic/0117.wav,1.83262,feed,feed,project_prompt_target
1,train,F01,dysarthric,Session1,0118,data/extracted/torgo/F01/Session1/wav_headMic/0118.wav,1.78325,knew,knew,project_prompt_target
1,train,F01,dysarthric,Session1,0119,data/extracted/torgo/F01/Session1/wav_headMic/0119.wav,1.83262,rain,rain,project_prompt_target
1,train,F01,dysarthric,Session1,0121,data/extracted/torgo/F01/Session1/wav_headMic/0121.wav,1.83262,park,park,project_prompt_target
1,train,F01,dysarthric,Session1,0122,data/extracted/torgo/F01/Session1/wav_headMic/0122.wav,1.88219,tip,tip,project_prompt_target
1,train,F01,dysarthric,Session1,0123,data/extracted/torgo/F01/Session1/wav_headMic/0123.wav,1.68406,down,down,project_prompt_target
1,train,F01,dysarthric,Session1,0124,data/extracted/torgo/F01/Session1/wav_headMic/0124.wav,2.32794,gadget,gadget,project_prompt_target
1,train,F01,dysarthric,Session1,0125,data/extracted/torgo/F01/Session1/wav_headMic/0125.wav,2.32794,store,store,project_prompt_target
1,train,F01,dysarthric,Session1,0126,data/extracted/torgo/F01/Session1/wav_headMic/0126.wav,6.24081,"he dresses himself in an ancient black frock coat,","he dresses himself in an ancient black frock coat,",project_prompt_target
1,train,F01,dysarthric,Session1,0128,data/extracted/torgo/F01/Session1/wav_headMic/0128.wav,2.27844,storm,storm,project_prompt_target
1,train,F01,dysarthric,Session1,0129,data/extracted/torgo/F01/Session1/wav_headMic/0129.wav,0.94112,storm,storm,project_prompt_target
1,train,F01,dysarthric,Session1,0130,data/extracted/torgo/F01/Session1/wav_headMic/0130.wav,5.74556,Grandfather likes to be modern in his language.,Grandfather likes to be modern in his language.,project_prompt_target
1,train,F01,dysarthric,Session1,0131,data/extracted/torgo/F01/Session1/wav_headMic/0131.wav,1.6345,torn,torn,project_prompt_target
1,train,F01,dysarthric,Session1,0132,data/extracted/torgo/F01/Session1/wav_headMic/0132.wav,9.16313,"When he speaks, his voice is just a bit cracked and quivers a trifle.","When he speaks, his voice is just a bit cracked and quivers a trifle.",project_prompt_target
1,train,F01,dysarthric,Session1,0133,data/extracted/torgo/F01/Session1/wav_headMic/0133.wav,1.23831,trait,trait,project_prompt_target
1,train,F01,dysarthric,Session1,0134,data/extracted/torgo/F01/Session1/wav_headMic/0134.wav,1.98125,yes,yes,project_prompt_target
1,train,FC01,control,Session1,0006,data/extracted/torgo/FC01/Session1/wav_headMic/0006.wav,2.625,dark,dark,project_prompt_target
1,train,FC01,control,Session1,0013,data/extracted/torgo/FC01/Session1/wav_headMic/0013.wav,3.205,fair,fair,project_prompt_target
1,train,FC01,control,Session1,0014,data/extracted/torgo/FC01/Session1/wav_headMic/0014.wav,3.275,rate,rate,project_prompt_target
1,train,FC01,control,Session1,0015,data/extracted/torgo/FC01/Session1/wav_headMic/0015.wav,6.52,"When he speaks, his voice is just a bit cracked and quivers a trifle.","When he speaks, his voice is just a bit cracked and quivers a trifle.",project_prompt_target
1,train,FC01,control,Session1,0026,data/extracted/torgo/FC01/Session1/wav_headMic/0026.wav,6.195,The quick brown fox jumps over the lazy dog.,The quick brown fox jumps over the lazy dog.,project_prompt_target
1,train,FC01,control,Session1,0030,data/extracted/torgo/FC01/Session1/wav_headMic/0030.wav,3.475,feet,feet,project_prompt_target
1,train,FC01,control,Session1,0033,data/extracted/torgo/FC01/Session1/wav_headMic/0033.wav,6.195,giving those who observe him a pronounced feeling of the utmost respect.,giving those who observe him a pronounced feeling of the utmost respect.,project_prompt_target
1,train,FC01,control,Session1,0035,data/extracted/torgo/FC01/Session1/wav_headMic/0035.wav,2.94,trouble,trouble,project_prompt_target
1,train,FC01,control,Session1,0044,data/extracted/torgo/FC01/Session1/wav_headMic/0044.wav,4.375,stubble,stubble,project_prompt_target
1,train,FC01,control,Session1,0045,data/extracted/torgo/FC01/Session1/wav_headMic/0045.wav,3.43006,swore,swore,project_prompt_target
1,train,FC01,control,Session1,0046,data/extracted/torgo/FC01/Session1/wav_headMic/0046.wav,6.39,"We have often urged him to walk more and smoke less,","We have often urged him to walk more and smoke less,",project_prompt_target
1,train,FC01,control,Session1,0048,data/extracted/torgo/FC01/Session1/wav_headMic/0048.wav,3.435,feed,feed,project_prompt_target
1,train,FC01,control,Session1,0052,data/extracted/torgo/FC01/Session1/wav_headMic/0052.wav,3.36,store,store,project_prompt_target
1,train,FC01,control,Session1,0057,data/extracted/torgo/FC01/Session1/wav_headMic/0057.wav,3.605,beta,beta,project_prompt_target
1,train,FC01,control,Session1,0058,data/extracted/torgo/FC01/Session1/wav_headMic/0058.wav,3.125,trace,trace,project_prompt_target
1,train,FC01,control,Session1,0061,data/extracted/torgo/FC01/Session1/wav_headMic/0061.wav,6.855,"Except in the winter when the ooze or snow or ice prevents,","Except in the winter when the ooze or snow or ice prevents,",project_prompt_target
1,train,FC01,control,Session1,0062,data/extracted/torgo/FC01/Session1/wav_headMic/0062.wav,2.73,rain,rain,project_prompt_target
1,train,FC01,control,Session1,0063,data/extracted/torgo/FC01/Session1/wav_headMic/0063.wav,3.325,down,down,project_prompt_target
1,train,FC01,control,Session1,0066,data/extracted/torgo/FC01/Session1/wav_headMic/0066.wav,3.18,alpha,alpha,project_prompt_target
1,train,FC01,control,Session1,0070,data/extracted/torgo/FC01/Session1/wav_headMic/0070.wav,3.115,fee,fee,project_prompt_target
1,train,FC01,control,Session1,0071,data/extracted/torgo/FC01/Session1/wav_headMic/0071.wav,3.195,rake,rake,project_prompt_target
1,train,FC01,control,Session1,0072,data/extracted/torgo/FC01/Session1/wav_headMic/0072.wav,6.58506,"he dresses himself in an ancient black frock coat,","he dresses himself in an ancient black frock coat,",project_prompt_target
1,train,FC01,control,Session1,0075,data/extracted/torgo/FC01/Session1/wav_headMic/0075.wav,5.26,"but he always answers, ""Banana oil!""","but he always answers, ""Banana oil!""",project_prompt_target
1,train,FC01,control,Session1,0088,data/extracted/torgo/FC01/Session1/wav_headMic/0088.wav,2.93,torn,torn,project_prompt_target
1,train,FC01,control,Session1,0089,data/extracted/torgo/FC01/Session1/wav_headMic/0089.wav,3.13,sip,sip,project_prompt_target
1,train,FC01,control,Session1,0090,data/extracted/torgo/FC01/Session1/wav_headMic/0090.wav,6.915,Twice each day he plays skillfully and with zest upon our small organ.,Twice each day he plays skillfully and with zest upon our small organ.,project_prompt_target
1,train,FC01,control,Session1,0095,data/extracted/torgo/FC01/Session1/wav_headMic/0095.wav,3.405,glow,glow,project_prompt_target
1,train,FC01,control,Session1,0100,data/extracted/torgo/FC01/Session1/wav_headMic/0100.wav,2.98506,sip,sip,project_prompt_target
1,train,FC01,control,Session1,0101,data/extracted/torgo/FC01/Session1/wav_headMic/0101.wav,3.31,two,two,project_prompt_target
1,train,FC01,control,Session1,0112,data/extracted/torgo/FC01/Session1/wav_headMic/0112.wav,3.07506,slip,slip,project_prompt_target
1,train,FC01,control,Session1,0113,data/extracted/torgo/FC01/Session1/wav_headMic/0113.wav,5.255,he slowly takes a short walk in the open air each day.,he slowly takes a short walk in the open air each day.,project_prompt_target
1,train,FC01,control,Session1,0114,data/extracted/torgo/FC01/Session1/wav_headMic/0114.wav,4.845,Grandfather likes to be modern in his language.,Grandfather likes to be modern in his language.,project_prompt_target
1,train,FC01,control,Session1,0126,data/extracted/torgo/FC01/Session1/wav_headMic/0126.wav,2.835,rock,rock,project_prompt_target
1,train,FC01,control,Session1,0130,data/extracted/torgo/FC01/Session1/wav_headMic/0130.wav,4.28006,Mother sews yellow gingham aprons.,Mother sews yellow gingham aprons.,project_prompt_target
1,train,FC01,control,Session1,0134,data/extracted/torgo/FC01/Session1/wav_headMic/0134.wav,3.415,wish,wish,project_prompt_target
1,train,FC01,control,Session1,0135,data/extracted/torgo/FC01/Session1/wav_headMic/0135.wav,3.085,prior,prior,project_prompt_target
1,train,FC01,control,Session1,0139,data/extracted/torgo/FC01/Session1/wav_headMic/0139.wav,4.435,Nothing is as offensive as innocence.,Nothing is as offensive as innocence.,project_prompt_target
1,train,FC01,control,Session1,0141,data/extracted/torgo/FC01/Session1/wav_headMic/0141.wav,2.815,rocks,rocks,project_prompt_target
1,train,FC01,control,Session1,0147,data/extracted/torgo/FC01/Session1/wav_headMic/0147.wav,3.51,galore,galore,project_prompt_target
1,train,FC01,control,Session1,0150,data/extracted/torgo/FC01/Session1/wav_headMic/0150.wav,4.005,Their house is grey and white.,Their house is grey and white.,project_prompt_target
1,train,FC01,control,Session1,0160,data/extracted/torgo/FC01/Session1/wav_headMic/0160.wav,2.95,slip,slip,project_prompt_target
1,train,FC01,control,Session1,0162,data/extracted/torgo/FC01/Session1/wav_headMic/0162.wav,2.775,suit,suit,project_prompt_target
1,train,M01,dysarthric,Session1,0096,data/extracted/torgo/M01/Session1/wav_headMic/0096.wav,2.45,weed,weed,project_prompt_target
1,train,M01,dysarthric,Session2_3,0001,data/extracted/torgo/M01/Session2_3/wav_headMic/0001.wav,1.51406,one,one,project_prompt_target
1,train,M01,dysarthric,Session2_3,0002,data/extracted/torgo/M01/Session2_3/wav_headMic/0002.wav,1.19531,air,air,project_prompt_target
1,train,M01,dysarthric,Session2_3,0004,data/extracted/torgo/M01/Session2_3/wav_headMic/0004.wav,1.00937,knee,knee,project_prompt_target
1,train,M01,dysarthric,Session2_3,0005,data/extracted/torgo/M01/Session2_3/wav_headMic/0005.wav,1.461,race,race,project_prompt_target
1,train,M01,dysarthric,Session2_3,0006,data/extracted/torgo/M01/Session2_3/wav_headMic/0006.wav,1.40781,torn,torn,project_prompt_target
1,train,M01,dysarthric,Session2_3,0008,data/extracted/torgo/M01/Session2_3/wav_headMic/0008.wav,1.43437,grow,grow,project_prompt_target
1,train,M01,dysarthric,Session2_3,0009,data/extracted/torgo/M01/Session2_3/wav_headMic/0009.wav,1.93906,store,store,project_prompt_target
1,train,M01,dysarthric,Session2_3,0013,data/extracted/torgo/M01/Session2_3/wav_headMic/0013.wav,7.86256,The quick brown fox jumps over the lazy dog.,The quick brown fox jumps over the lazy dog.,project_prompt_target
1,train,M01,dysarthric,Session2_3,0017,data/extracted/torgo/M01/Session2_3/wav_headMic/0017.wav,2.04531,beat,beat,project_prompt_target
1,train,M01,dysarthric,Session2_3,0018,data/extracted/torgo/M01/Session2_3/wav_headMic/0018.wav,1.4875,chair,chair,project_prompt_target
1,train,M01,dysarthric,Session2_3,0022,data/extracted/torgo/M01/Session2_3/wav_headMic/0022.wav,2.125,floor,floor,project_prompt_target
1,train,M01,dysarthric,Session2_3,0031,data/extracted/torgo/M01/Session2_3/wav_headMic/0031.wav,2.31194,fate,fate,project_prompt_target
1,train,M01,dysarthric,Session2_3,0037,data/extracted/torgo/M01/Session2_3/wav_headMic/0037.wav,1.86825,air,air,project_prompt_target
1,train,M01,dysarthric,Session2_3,0038,data/extracted/torgo/M01/Session2_3/wav_headMic/0038.wav,1.79819,galore,galore,project_prompt_target
1,train,M01,dysarthric,Session2_3,0040,data/extracted/torgo/M01/Session2_3/wav_headMic/0040.wav,1.61131,play,play,project_prompt_target
1,train,M01,dysarthric,Session2_3,0042,data/extracted/torgo/M01/Session2_3/wav_headMic/0042.wav,8.73387,The islands are sparsely populated.,The islands are sparsely populated.,project_prompt_target
1,train,M01,dysarthric,Session2_3,0043,data/extracted/torgo/M01/Session2_3/wav_headMic/0043.wav,7.49619,Both figures would go higher in later years.,Both figures would go higher in later years.,project_prompt_target
1,train,M01,dysarthric,Session2_3,0044,data/extracted/torgo/M01/Session2_3/wav_headMic/0044.wav,1.39044,back,back,project_prompt_target
1,train,M01,dysarthric,Session2_3,0045,data/extracted/torgo/M01/Session2_3/wav_headMic/0045.wav,7.42131,One validated acts of school districts.,One validated acts of school districts.,project_prompt_target
1,train,M01,dysarthric,Session2_3,0050,data/extracted/torgo/M01/Session2_3/wav_headMic/0050.wav,2.13781,suit,suit,project_prompt_target
1,train,M01,dysarthric,Session2_3,0051,data/extracted/torgo/M01/Session2_3/wav_headMic/0051.wav,1.92919,droop,droop,project_prompt_target
1,train,M01,dysarthric,Session2_3,0054,data/extracted/torgo/M01/Session2_3/wav_headMic/0054.wav,1.96394,jaw,jaw,project_prompt_target
1,train,M01,dysarthric,Session2_3,0056,data/extracted/torgo/M01/Session2_3/wav_headMic/0056.wav,7.00425,Are your grades higher or lower than Nancy's?,Are your grades higher or lower than Nancy's?,project_prompt_target
1,train,M01,dysarthric,Session2_3,0059,data/extracted/torgo/M01/Session2_3/wav_headMic/0059.wav,1.8075,three,three,project_prompt_target
1,train,M01,dysarthric,Session2_3,0060,data/extracted/torgo/M01/Session2_3/wav_headMic/0060.wav,1.89444,error,error,project_prompt_target
1,train,M01,dysarthric,Session2_3,0066,data/extracted/torgo/M01/Session2_3/wav_headMic/0066.wav,11.749,Two other cases also were under advisement.,Two other cases also were under advisement.,project_prompt_target
1,train,M01,dysarthric,Session2_3,0067,data/extracted/torgo/M01/Session2_3/wav_headMic/0067.wav,1.964,charlie,charlie,project_prompt_target
1,train,M01,dysarthric,Session2_3,0069,data/extracted/torgo/M01/Session2_3/wav_headMic/0069.wav,6.84781,I tried to tell people in the community.,I tried to tell people in the community.,project_prompt_target
1,train,M01,dysarthric,Session2_3,0071,data/extracted/torgo/M01/Session2_3/wav_headMic/0071.wav,1.85969,steer,steer,project_prompt_target
1,train,M01,dysarthric,Session2_3,0076,data/extracted/torgo/M01/Session2_3/wav_headMic/0076.wav,5.47387,The humidity is overwhelming there.,The humidity is overwhelming there.,project_prompt_target
1,train,M01,dysarthric,Session2_3,0078,data/extracted/torgo/M01/Session2_3/wav_headMic/0078.wav,3.48056,She is thinner than I am.,She is thinner than I am.,project_prompt_target
1,train,M01,dysarthric,Session2_3,0079,data/extracted/torgo/M01/Session2_3/wav_headMic/0079.wav,1.59462,pat,pat,project_prompt_target
1,train,M01,dysarthric,Session2_3,0082,data/extracted/torgo/M01/Session2_3/wav_headMic/0082.wav,1.73263,snoop,snoop,project_prompt_target
1,train,M01,dysarthric,Session2_3,0084,data/extracted/torgo/M01/Session2_3/wav_headMic/0084.wav,7.45181,Jane may earn more money by working hard.,Jane may earn more money by working hard.,project_prompt_target
1,train,M01,dysarthric,Session2_3,0088,data/extracted/torgo/M01/Session2_3/wav_headMic/0088.wav,8.41775,Mother sews yellow gingham aprons.,Mother sews yellow gingham aprons.,project_prompt_target
1,train,M01,dysarthric,Session2_3,0090,data/extracted/torgo/M01/Session2_3/wav_headMic/0090.wav,1.67125,lip,lip,project_prompt_target
1,train,M01,dysarthric,Session2_3,0091,data/extracted/torgo/M01/Session2_3/wav_headMic/0091.wav,1.83994,sleep,sleep,project_prompt_target
1,train,M01,dysarthric,Session2_3,0092,data/extracted/torgo/M01/Session2_3/wav_headMic/0092.wav,2.01819,hate,hate,project_prompt_target
1,train,M01,dysarthric,Session2_3,0093,data/extracted/torgo/M01/Session2_3/wav_headMic/0093.wav,1.73269,group,group,project_prompt_target
1,train,M01,dysarthric,Session2_3,0094,data/extracted/torgo/M01/Session2_3/wav_headMic/0094.wav,5.93256,I looked up and noticed two old men.,I looked up and noticed two old men.,project_prompt_target
1,train,M01,dysarthric,Session2_3,0095,data/extracted/torgo/M01/Session2_3/wav_headMic/0095.wav,6.53525,I scrubbed the floors thoroughly.,I scrubbed the floors thoroughly.,project_prompt_target
1,train,M01,dysarthric,Session2_3,0096,data/extracted/torgo/M01/Session2_3/wav_headMic/0096.wav,4.48238,I just try to do my best.,I just try to do my best.,project_prompt_target
1,train,M01,dysarthric,Session2_3,0101,data/extracted/torgo/M01/Session2_3/wav_headMic/0101.wav,1.82688,knot,knot,project_prompt_target
1,train,M01,dysarthric,Session2_3,0103,data/extracted/torgo/M01/Session2_3/wav_headMic/0103.wav,4.84019,Their house is grey and white.,Their house is grey and white.,project_prompt_target
1,train,M01,dysarthric,Session2_3,0106,data/extracted/torgo/M01/Session2_3/wav_headMic/0106.wav,1.7515,single,single,project_prompt_target
1,train,M01,dysarthric,Session2_3,0108,data/extracted/torgo/M01/Session2_3/wav_headMic/0108.wav,2.44831,sprinkle,sprinkle,project_prompt_target
1,train,M01,dysarthric,Session2_3,0109,data/extracted/torgo/M01/Session2_3/wav_headMic/0109.wav,8.04194,You'd be better off taking a cold shower.,You'd be better off taking a cold shower.,project_prompt_target
1,train,M01,dysarthric,Session2_3,0110,data/extracted/torgo/M01/Session2_3/wav_headMic/0110.wav,1.60081,of,of,project_prompt_target
1,train,M01,dysarthric,Session2_3,0112,data/extracted/torgo/M01/Session2_3/wav_headMic/0112.wav,1.93988,fruit,fruit,project_prompt_target
1,train,M01,dysarthric,Session2_3,0113,data/extracted/torgo/M01/Session2_3/wav_headMic/0113.wav,7.68406,Nothing is as offensive as innocence.,Nothing is as offensive as innocence.,project_prompt_target
1,train,M01,dysarthric,Session2_3,0114,data/extracted/torgo/M01/Session2_3/wav_headMic/0114.wav,1.67619,no,no,project_prompt_target
1,train,M01,dysarthric,Session2_3,0116,data/extracted/torgo/M01/Session2_3/wav_headMic/0116.wav,1.86456,near,near,project_prompt_target
1,train,M01,dysarthric,Session2_3,0117,data/extracted/torgo/M01/Session2_3/wav_headMic/0117.wav,6.81775,Bright sunshine shimmers on the ocean.,Bright sunshine shimmers on the ocean.,project_prompt_target
1,train,M01,dysarthric,Session2_3,0121,data/extracted/torgo/M01/Session2_3/wav_headMic/0121.wav,6.66706,All the big baseball players get traded.,All the big baseball players get traded.,project_prompt_target
1,train,M01,dysarthric,Session2_3,0122,data/extracted/torgo/M01/Session2_3/wav_headMic/0122.wav,1.50719,"tear [as in ""tear in my eye""]",tear,project_prompt_target
1,train,M01,dysarthric,Session2_3,0123,data/extracted/torgo/M01/Session2_3/wav_headMic/0123.wav,1.50719,slay,slay,project_prompt_target
1,train,M01,dysarthric,Session2_3,0125,data/extracted/torgo/M01/Session2_3/wav_headMic/0125.wav,6.02894,My sister made the flowered curtains.,My sister made the flowered curtains.,project_prompt_target
1,train,M01,dysarthric,Session2_3,0126,data/extracted/torgo/M01/Session2_3/wav_headMic/0126.wav,1.655,four,four,project_prompt_target
1,train,M01,dysarthric,Session2_3,0127,data/extracted/torgo/M01/Session2_3/wav_headMic/0127.wav,6.26537,Why yell or worry over silly items?,Why yell or worry over silly items?,project_prompt_target
1,train,M01,dysarthric,Session2_3,0129,data/extracted/torgo/M01/Session2_3/wav_headMic/0129.wav,7.86125,The train approached the depot slowly.,The train approached the depot slowly.,project_prompt_target
1,train,M01,dysarthric,Session2_3,0130,data/extracted/torgo/M01/Session2_3/wav_headMic/0130.wav,2.20175,write,write,project_prompt_target
1,train,M01,dysarthric,Session2_3,0132,data/extracted/torgo/M01/Session2_3/wav_headMic/0132.wav,7.152,They carried me off on the stretcher.,They carried me off on the stretcher.,project_prompt_target
1,train,M01,dysarthric,Session2_3,0134,data/extracted/torgo/M01/Session2_3/wav_headMic/0134.wav,2.23131,coupe,coupe,project_prompt_target
1,train,M01,dysarthric,Session2_3,0136,data/extracted/torgo/M01/Session2_3/wav_headMic/0136.wav,1.28563,cheer,cheer,project_prompt_target
1,train,M01,dysarthric,Session2_3,0137,data/extracted/torgo/M01/Session2_3/wav_headMic/0137.wav,1.99487,ate,ate,project_prompt_target
1,train,M01,dysarthric,Session2_3,0138,data/extracted/torgo/M01/Session2_3/wav_headMic/0138.wav,1.30038,pad,pad,project_prompt_target
1,train,M01,dysarthric,Session2_3,0139,data/extracted/torgo/M01/Session2_3/wav_headMic/0139.wav,2.46769,know,know,project_prompt_target
1,train,M01,dysarthric,Session2_3,0141,data/extracted/torgo/M01/Session2_3/wav_headMic/0141.wav,1.47769,sway,sway,project_prompt_target
1,train,M01,dysarthric,Session2_3,0144,data/extracted/torgo/M01/Session2_3/wav_headMic/0144.wav,1.58112,hear,hear,project_prompt_target
1,train,M01,dysarthric,Session2_3,0146,data/extracted/torgo/M01/Session2_3/wav_headMic/0146.wav,6.81319,"Everything went real smooth, the sheriff said.","Everything went real smooth, the sheriff said.",project_prompt_target
1,train,M01,dysarthric,Session2_3,0150,data/extracted/torgo/M01/Session2_3/wav_headMic/0150.wav,1.42988,side,side,project_prompt_target
1,train,M01,dysarthric,Session2_3,0152,data/extracted/torgo/M01/Session2_3/wav_headMic/0152.wav,4.31081,He will allow a rare lie.,He will allow a rare lie.,project_prompt_target
1,train,M01,dysarthric,Session2_3,0153,data/extracted/torgo/M01/Session2_3/wav_headMic/0153.wav,1.36688,dot,dot,project_prompt_target
1,train,M01,dysarthric,Session2_3,0158,data/extracted/torgo/M01/Session2_3/wav_headMic/0158.wav,1.72431,barn,barn,project_prompt_target
1,train,M01,dysarthric,Session2_3,0160,data/extracted/torgo/M01/Session2_3/wav_headMic/0160.wav,6.79219,This is not a program of socialized medicine.,This is not a program of socialized medicine.,project_prompt_target
1,train,M01,dysarthric,Session2_3,0162,data/extracted/torgo/M01/Session2_3/wav_headMic/0162.wav,1.15656,leak,leak,project_prompt_target
1,train,M01,dysarthric,Session2_3,0167,data/extracted/torgo/M01/Session2_3/wav_headMic/0167.wav,6.23487,Alimony harms a divorced man's wealth.,Alimony harms a divorced man's wealth.,project_prompt_target
1,train,M01,dysarthric,Session2_3,0169,data/extracted/torgo/M01/Session2_3/wav_headMic/0169.wav,2.10288,fitting,fitting,project_prompt_target
1,train,M01,dysarthric,Session2_3,0171,data/extracted/torgo/M01/Session2_3/wav_headMic/0171.wav,1.66125,cart,cart,project_prompt_target
1,train,M01,dysarthric,Session2_3,0174,data/extracted/torgo/M01/Session2_3/wav_headMic/0174.wav,6.60288,The dolphins swam around our boat.,The dolphins swam around our boat.,project_prompt_target
1,train,M01,dysarthric,Session2_3,0175,data/extracted/torgo/M01/Session2_3/wav_headMic/0175.wav,1.42994,fat,fat,project_prompt_target
1,train,M01,dysarthric,Session2_3,0176,data/extracted/torgo/M01/Session2_3/wav_headMic/0176.wav,1.27225,zero,zero,project_prompt_target
1,train,M01,dysarthric,Session2_3,0177,data/extracted/torgo/M01/Session2_3/wav_headMic/0177.wav,6.59237,Day after day some new episode is reported.,Day after day some new episode is reported.,project_prompt_target
1,train,M01,dysarthric,Session2_3,0178,data/extracted/torgo/M01/Session2_3/wav_headMic/0178.wav,1.30375,tell,tell,project_prompt_target
1,train,M01,dysarthric,Session2_3,0179,data/extracted/torgo/M01/Session2_3/wav_headMic/0179.wav,8.63213,It eventually became a rather proud claim.,It eventually became a rather proud claim.,project_prompt_target
1,train,M01,dysarthric,Session2_3,0183,data/extracted/torgo/M01/Session2_3/wav_headMic/0183.wav,2.04038,sergeant,sergeant,project_prompt_target
1,train,M01,dysarthric,Session2_3,0184,data/extracted/torgo/M01/Session2_3/wav_headMic/0184.wav,1.76287,lair,lair,project_prompt_target
1,train,M01,dysarthric,Session2_3,0185,data/extracted/torgo/M01/Session2_3/wav_headMic/0185.wav,6.10475,The misguided souls have lost their way.,The misguided souls have lost their way.,project_prompt_target
1,train,M01,dysarthric,Session2_3,0188,data/extracted/torgo/M01/Session2_3/wav_headMic/0188.wav,9.84269,Aluminum silverware can often be flimsy.,Aluminum silverware can often be flimsy.,project_prompt_target
1,train,M01,dysarthric,Session2_3,0189,data/extracted/torgo/M01/Session2_3/wav_headMic/0189.wav,2.23625,quebec,quebec,project_prompt_target
1,train,M01,dysarthric,Session2_3,0193,data/extracted/torgo/M01/Session2_3/wav_headMic/0193.wav,2.024,loyal,loyal,project_prompt_target
1,train,M01,dysarthric,Session2_3,0194,data/extracted/torgo/M01/Session2_3/wav_headMic/0194.wav,2.02406,seven,seven,project_prompt_target
1,train,M01,dysarthric,Session2_3,0195,data/extracted/torgo/M01/Session2_3/wav_headMic/0195.wav,1.99137,at,at,project_prompt_target
1,train,M01,dysarthric,Session2_3,0197,data/extracted/torgo/M01/Session2_3/wav_headMic/0197.wav,1.50175,eight,eight,project_prompt_target
1,train,M01,dysarthric,Session2_3,0201,data/extracted/torgo/M01/Session2_3/wav_headMic/0201.wav,1.66494,pit,pit,project_prompt_target
1,train,M01,dysarthric,Session2_3,0202,data/extracted/torgo/M01/Session2_3/wav_headMic/0202.wav,7.29631,This is a period of transition for me.,This is a period of transition for me.,project_prompt_target
1,train,M01,dysarthric,Session2_3,0204,data/extracted/torgo/M01/Session2_3/wav_headMic/0204.wav,2.82388,thorn,thorn,project_prompt_target
1,train,M01,dysarthric,Session2_3,0205,data/extracted/torgo/M01/Session2_3/wav_headMic/0205.wav,7.52481,"If you are losing water, replace it immediately.","If you are losing water, replace it immediately.",project_prompt_target
1,train,M01,dysarthric,Session2_3,0206,data/extracted/torgo/M01/Session2_3/wav_headMic/0206.wav,9.66313,"When all else fails, use force.","When all else fails, use force.",project_prompt_target
1,train,M01,dysarthric,Session2_3,0207,data/extracted/torgo/M01/Session2_3/wav_headMic/0207.wav,1.24056,fill,fill,project_prompt_target
1,train,M01,dysarthric,Session2_3,0209,data/extracted/torgo/M01/Session2_3/wav_headMic/0209.wav,7.06781,"Night after night, they received annoying phone calls.","Night after night, they received annoying phone calls.",project_prompt_target
1,train,M01,dysarthric,Session2_3,0210,data/extracted/torgo/M01/Session2_3/wav_headMic/0210.wav,1.61594,reek,reek,project_prompt_target
1,train,M01,dysarthric,Session2_3,0211,data/extracted/torgo/M01/Session2_3/wav_headMic/0211.wav,1.64856,seeds,seeds,project_prompt_target
1,train,M01,dysarthric,Session2_3,0212,data/extracted/torgo/M01/Session2_3/wav_headMic/0212.wav,2.275,foxtrot,foxtrot,project_prompt_target
1,train,M01,dysarthric,Session2_3,0213,data/extracted/torgo/M01/Session2_3/wav_headMic/0213.wav,1.55969,and,and,project_prompt_target
1,train,M01,dysarthric,Session2_3,0214,data/extracted/torgo/M01/Session2_3/wav_headMic/0214.wav,1.59481,mike,mike,project_prompt_target
1,train,M01,dysarthric,Session2_3,0217,data/extracted/torgo/M01/Session2_3/wav_headMic/0217.wav,1.94669,kitten,kitten,project_prompt_target
1,train,M01,dysarthric,Session2_3,0220,data/extracted/torgo/M01/Session2_3/wav_headMic/0220.wav,1.98181,november,november,project_prompt_target
1,train,M01,dysarthric,Session2_3,0221,data/extracted/torgo/M01/Session2_3/wav_headMic/0221.wav,1.50106,much,much,project_prompt_target
1,train,M01,dysarthric,Session2_3,0223,data/extracted/torgo/M01/Session2_3/wav_headMic/0223.wav,1.25475,five,five,project_prompt_target
1,train,M01,dysarthric,Session2_3,0228,data/extracted/torgo/M01/Session2_3/wav_headMic/0228.wav,1.43069,him,him,project_prompt_target
1,train,M01,dysarthric,Session2_3,0229,data/extracted/torgo/M01/Session2_3/wav_headMic/0229.wav,1.70044,mitten,mitten,project_prompt_target
1,train,M01,dysarthric,Session2_3,0232,data/extracted/torgo/M01/Session2_3/wav_headMic/0232.wav,8.10325,"Before Thursday's exam, review every formula.","Before Thursday's exam, review every formula.",project_prompt_target
1,train,M01,dysarthric,Session2_3,0235,data/extracted/torgo/M01/Session2_3/wav_headMic/0235.wav,7.25894,The museum hires musicians every evening.,The museum hires musicians every evening.,project_prompt_target
1,train,M01,dysarthric,Session2_3,0237,data/extracted/torgo/M01/Session2_3/wav_headMic/0237.wav,1.67694,nine,nine,project_prompt_target
1,train,M01,dysarthric,Session2_3,0240,data/extracted/torgo/M01/Session2_3/wav_headMic/0240.wav,6.35369,The job provides many benefits.,The job provides many benefits.,project_prompt_target
1,train,M01,dysarthric,Session2_3,0243,data/extracted/torgo/M01/Session2_3/wav_headMic/0243.wav,1.86375,bitten,bitten,project_prompt_target
1,train,M01,dysarthric,Session2_3,0245,data/extracted/torgo/M01/Session2_3/wav_headMic/0245.wav,3.64281,thought,thought,project_prompt_target
1,train,M01,dysarthric,Session2_3,0247,data/extracted/torgo/M01/Session2_3/wav_headMic/0247.wav,1.32369,hum,hum,project_prompt_target
1,train,M01,dysarthric,Session2_3,0251,data/extracted/torgo/M01/Session2_3/wav_headMic/0251.wav,1.92725,brawn,brawn,project_prompt_target
1,train,M01,dysarthric,Session2_3,0252,data/extracted/torgo/M01/Session2_3/wav_headMic/0252.wav,1.70487,lima,lima,project_prompt_target
1,train,M01,dysarthric,Session2_3,0257,data/extracted/torgo/M01/Session2_3/wav_headMic/0257.wav,1.599,start,start,project_prompt_target
1,train,M01,dysarthric,Session2_3,0261,data/extracted/torgo/M01/Session2_3/wav_headMic/0261.wav,2.10613,dark,dark,project_prompt_target
1,train,M01,dysarthric,Session2_3,0263,data/extracted/torgo/M01/Session2_3/wav_headMic/0263.wav,1.82212,city,city,project_prompt_target
1,train,M01,dysarthric,Session2_3,0265,data/extracted/torgo/M01/Session2_3/wav_headMic/0265.wav,2.12975,him,him,project_prompt_target
1,train,M01,dysarthric,Session2_3,0267,data/extracted/torgo/M01/Session2_3/wav_headMic/0267.wav,1.91681,vat,vat,project_prompt_target
1,train,M01,dysarthric,Session2_3,0268,data/extracted/torgo/M01/Session2_3/wav_headMic/0268.wav,5.30081,It was a good win for us.,It was a good win for us.,project_prompt_target
1,train,M01,dysarthric,Session2_3,0271,data/extracted/torgo/M01/Session2_3/wav_headMic/0271.wav,5.0405,He wrapped the package hastily.,He wrapped the package hastily.,project_prompt_target
1,train,M01,dysarthric,Session2_3,0274,data/extracted/torgo/M01/Session2_3/wav_headMic/0274.wav,1.9405,witty,witty,project_prompt_target
1,train,M01,dysarthric,Session2_3,0275,data/extracted/torgo/M01/Session2_3/wav_headMic/0275.wav,5.70312,Swing your arm as high as you can.,Swing your arm as high as you can.,project_prompt_target
1,train,M01,dysarthric,Session2_3,0278,data/extracted/torgo/M01/Session2_3/wav_headMic/0278.wav,6.50769,Both injuries were to the same leg.,Both injuries were to the same leg.,project_prompt_target
1,train,M01,dysarthric,Session2_3,0279,data/extracted/torgo/M01/Session2_3/wav_headMic/0279.wav,2.34275,league,league,project_prompt_target
1,train,M01,dysarthric,Session2_3,0283,data/extracted/torgo/M01/Session2_3/wav_headMic/0283.wav,3.14737,hat,hat,project_prompt_target
1,train,M04,dysarthric,Session1,0005,data/extracted/torgo/M04/Session1/wav_arrayMic/0005.wav,3.45,trouble,trouble,project_prompt_target
1,train,M04,dysarthric,Session1,0006,data/extracted/torgo/M04/Session1/wav_arrayMic/0006.wav,2.25,spark,spark,project_prompt_target
1,train,M04,dysarthric,Session1,0007,data/extracted/torgo/M04/Session1/wav_arrayMic/0007.wav,3.0,weed,weed,project_prompt_target
1,train,M04,dysarthric,Session1,0015,data/extracted/torgo/M04/Session1/wav_arrayMic/0015.wav,2.7,sip,sip,project_prompt_target
1,train,M04,dysarthric,Session1,0016,data/extracted/torgo/M04/Session1/wav_arrayMic/0016.wav,2.4,meat,meat,project_prompt_target
1,train,M04,dysarthric,Session1,0017,data/extracted/torgo/M04/Session1/wav_arrayMic/0017.wav,2.4,jacket,jacket,project_prompt_target
1,train,M04,dysarthric,Session1,0019,data/extracted/torgo/M04/Session1/wav_arrayMic/0019.wav,2.55,stick,stick,project_prompt_target
1,train,M04,dysarthric,Session1,0020,data/extracted/torgo/M04/Session1/wav_arrayMic/0020.wav,9.45,"Well, he is nearly ninety-three years old;","Well, he is nearly ninety-three years old;",project_prompt_target
1,train,M04,dysarthric,Session1,0024,data/extracted/torgo/M04/Session1/wav_arrayMic/0024.wav,2.4,fee,fee,project_prompt_target
1,train,M04,dysarthric,Session1,0026,data/extracted/torgo/M04/Session1/wav_arrayMic/0026.wav,2.25,bug,bug,project_prompt_target
1,train,M04,dysarthric,Session1,0029,data/extracted/torgo/M04/Session1/wav_arrayMic/0029.wav,2.25,share,share,project_prompt_target
1,train,M04,dysarthric,Session1,0033,data/extracted/torgo/M04/Session1/wav_arrayMic/0033.wav,3.15,rake,rake,project_prompt_target
1,train,M04,dysarthric,Session1,0036,data/extracted/torgo/M04/Session1/wav_arrayMic/0036.wav,9.45,The quick brown fox jumps over the lazy dog.,The quick brown fox jumps over the lazy dog.,project_prompt_target
1,train,M04,dysarthric,Session1,0037,data/extracted/torgo/M04/Session1/wav_arrayMic/0037.wav,3.15,dagger,dagger,project_prompt_target
1,train,M04,dysarthric,Session1,0039,data/extracted/torgo/M04/Session1/wav_arrayMic/0039.wav,1.8,up,up,project_prompt_target
1,train,M04,dysarthric,Session1,0042,data/extracted/torgo/M04/Session1/wav_arrayMic/0042.wav,3.0,chair,chair,project_prompt_target
1,train,M04,dysarthric,Session1,0047,data/extracted/torgo/M04/Session1/wav_arrayMic/0047.wav,9.45,yet he still thinks as swiftly as ever.,yet he still thinks as swiftly as ever.,project_prompt_target
1,train,M04,dysarthric,Session1,0050,data/extracted/torgo/M04/Session1/wav_arrayMic/0050.wav,2.25,swore,swore,project_prompt_target
1,train,M04,dysarthric,Session1,0051,data/extracted/torgo/M04/Session1/wav_arrayMic/0051.wav,2.25,knew,knew,project_prompt_target
1,train,M04,dysarthric,Session1,0053,data/extracted/torgo/M04/Session1/wav_arrayMic/0053.wav,4.65,I can read,I can read,project_prompt_target
1,train,M04,dysarthric,Session1,0055,data/extracted/torgo/M04/Session1/wav_arrayMic/0055.wav,1.95,"read [as in ""I can read""]",read,project_prompt_target
1,train,M04,dysarthric,Session1,0057,data/extracted/torgo/M04/Session1/wav_arrayMic/0057.wav,2.7,sticks,sticks,project_prompt_target
1,train,M04,dysarthric,Session1,0059,data/extracted/torgo/M04/Session1/wav_arrayMic/0059.wav,3.15,gadget,gadget,project_prompt_target
1,train,M04,dysarthric,Session1,0060,data/extracted/torgo/M04/Session1/wav_arrayMic/0060.wav,2.4,park,park,project_prompt_target
1,train,M04,dysarthric,Session1,0064,data/extracted/torgo/M04/Session1/wav_arrayMic/0064.wav,10.65,he slowly takes a short walk in the open air each day.,he slowly takes a short walk in the open air each day.,project_prompt_target
1,train,M04,dysarthric,Session1,0067,data/extracted/torgo/M04/Session1/wav_arrayMic/0067.wav,3.45,rate,rate,project_prompt_target
1,train,M04,dysarthric,Session1,0069,data/extracted/torgo/M04/Session1/wav_arrayMic/0069.wav,2.7,pat,pat,project_prompt_target
1,train,M04,dysarthric,Session1,0070,data/extracted/torgo/M04/Session1/wav_arrayMic/0070.wav,1.65,dug,dug,project_prompt_target
1,train,M04,dysarthric,Session1,0073,data/extracted/torgo/M04/Session1/wav_arrayMic/0073.wav,3.45,dark,dark,project_prompt_target
1,train,M04,dysarthric,Session1,0075,data/extracted/torgo/M04/Session1/wav_arrayMic/0075.wav,1.95,feed,feed,project_prompt_target
1,train,M04,dysarthric,Session1,0077,data/extracted/torgo/M04/Session1/wav_arrayMic/0077.wav,6.75,"but he always answers, ""Banana oil!""","but he always answers, ""Banana oil!""",project_prompt_target
1,train,M04,dysarthric,Session1,0078,data/extracted/torgo/M04/Session1/wav_arrayMic/0078.wav,2.85,air,air,project_prompt_target
1,train,M04,dysarthric,Session1,0079,data/extracted/torgo/M04/Session1/wav_arrayMic/0079.wav,2.1,beat,beat,project_prompt_target
1,train,M04,dysarthric,Session1,0080,data/extracted/torgo/M04/Session1/wav_arrayMic/0080.wav,1.8,down,down,project_prompt_target
1,train,M04,dysarthric,Session1,0081,data/extracted/torgo/M04/Session1/wav_arrayMic/0081.wav,2.4,farm,farm,project_prompt_target
1,train,M04,dysarthric,Session1,0089,data/extracted/torgo/M04/Session1/wav_arrayMic/0089.wav,2.1,rage,rage,project_prompt_target
1,train,M04,dysarthric,Session1,0090,data/extracted/torgo/M04/Session1/wav_arrayMic/0090.wav,4.5,bit,bit,project_prompt_target
1,train,M04,dysarthric,Session1,0092,data/extracted/torgo/M04/Session1/wav_arrayMic/0092.wav,2.4,"lead [as in ""I will lead you""]",lead,project_prompt_target
1,train,M04,dysarthric,Session1,0100,data/extracted/torgo/M04/Session1/wav_arrayMic/0100.wav,3.0,car,car,project_prompt_target
1,train,M04,dysarthric,Session1,0101,data/extracted/torgo/M04/Session1/wav_arrayMic/0101.wav,2.1,feet,feet,project_prompt_target
1,train,M04,dysarthric,Session1,0104,data/extracted/torgo/M04/Session1/wav_arrayMic/0104.wav,1.95,feed,feed,project_prompt_target
1,train,M04,dysarthric,Session1,0105,data/extracted/torgo/M04/Session1/wav_arrayMic/0105.wav,4.35,usually min min,usually min min,project_prompt_target
1,train,M04,dysarthric,Session1,0106,data/extracted/torgo/M04/Session1/wav_arrayMic/0106.wav,7.2,usually minus several buttons;,usually minus several buttons;,project_prompt_target
1,train,M04,dysarthric,Session1,0107,data/extracted/torgo/M04/Session1/wav_arrayMic/0107.wav,2.55,two,two,project_prompt_target
1,train,M04,dysarthric,Session1,0108,data/extracted/torgo/M04/Session1/wav_arrayMic/0108.wav,4.8,hair,hair,project_prompt_target
1,train,M04,dysarthric,Session1,0109,data/extracted/torgo/M04/Session1/wav_arrayMic/0109.wav,2.85,horn,horn,project_prompt_target
1,train,M04,dysarthric,Session1,0112,data/extracted/torgo/M04/Session1/wav_arrayMic/0112.wav,0.60375,swarm,swarm,project_prompt_target
1,train,M04,dysarthric,Session1,0113,data/extracted/torgo/M04/Session1/wav_arrayMic/0113.wav,1.8,glow,glow,project_prompt_target
1,train,M04,dysarthric,Session1,0115,data/extracted/torgo/M04/Session1/wav_arrayMic/0115.wav,4.35,corn,corn,project_prompt_target
1,train,M04,dysarthric,Session1,0116,data/extracted/torgo/M04/Session1/wav_arrayMic/0116.wav,2.4,storm,storm,project_prompt_target
1,train,M04,dysarthric,Session1,0118,data/extracted/torgo/M04/Session1/wav_arrayMic/0118.wav,2.4,yes,yes,project_prompt_target
1,train,M04,dysarthric,Session2,0008,data/extracted/torgo/M04/Session2/wav_headMic/0008.wav,3.045,sticks,sticks,project_prompt_target
1,train,M04,dysarthric,Session2,0010,data/extracted/torgo/M04/Session2/wav_headMic/0010.wav,2.395,left,left,project_prompt_target
1,train,M04,dysarthric,Session2,0015,data/extracted/torgo/M04/Session2/wav_headMic/0015.wav,2.745,up,up,project_prompt_target
1,train,M04,dysarthric,Session2,0016,data/extracted/torgo/M04/Session2/wav_headMic/0016.wav,3.115,jacket,jacket,project_prompt_target
1,train,M04,dysarthric,Session2,0017,data/extracted/torgo/M04/Session2/wav_headMic/0017.wav,3.13,storm,storm,project_prompt_target
1,train,M04,dysarthric,Session2,0018,data/extracted/torgo/M04/Session2/wav_headMic/0018.wav,2.725,go,go,project_prompt_target
1,train,M04,dysarthric,Session2,0023,data/extracted/torgo/M04/Session2/wav_headMic/0023.wav,3.0,swarm,swarm,project_prompt_target
1,train,M04,dysarthric,Session2,0026,data/extracted/torgo/M04/Session2/wav_headMic/0026.wav,3.065,stubble,stubble,project_prompt_target
1,train,M04,dysarthric,Session2,0035,data/extracted/torgo/M04/Session2/wav_headMic/0035.wav,2.29,sip,sip,project_prompt_target
1,train,M04,dysarthric,Session2,0037,data/extracted/torgo/M04/Session2/wav_headMic/0037.wav,2.745,sip,sip,project_prompt_target
1,train,M04,dysarthric,Session2,0040,data/extracted/torgo/M04/Session2/wav_headMic/0040.wav,2.395,"read [as in ""I can read""]",read,project_prompt_target
1,train,M04,dysarthric,Session2,0057,data/extracted/torgo/M04/Session2/wav_headMic/0057.wav,2.55,range,range,project_prompt_target
1,train,M04,dysarthric,Session2,0067,data/extracted/torgo/M04/Session2/wav_headMic/0067.wav,2.48,ship,ship,project_prompt_target
1,train,M04,dysarthric,Session2,0077,data/extracted/torgo/M04/Session2/wav_headMic/0077.wav,11.88,You wished to know all about my grandfather.,You wished to know all about my grandfather.,project_prompt_target
1,train,M04,dysarthric,Session2,0080,data/extracted/torgo/M04/Session2/wav_headMic/0080.wav,2.82,goat,goat,project_prompt_target
1,train,M04,dysarthric,Session2,0081,data/extracted/torgo/M04/Session2/wav_headMic/0081.wav,2.82,born,born,project_prompt_target
1,train,M04,dysarthric,Session2,0084,data/extracted/torgo/M04/Session2/wav_headMic/0084.wav,3.06,tip,tip,project_prompt_target
1,train,M04,dysarthric,Session2,0086,data/extracted/torgo/M04/Session2/wav_headMic/0086.wav,2.955,"read [as in ""I can read""]",read,project_prompt_target
1,train,M04,dysarthric,Session2,0093,data/extracted/torgo/M04/Session2/wav_headMic/0093.wav,9.315,"but he always answers, ""Banana oil!""","but he always answers, ""Banana oil!""",project_prompt_target
1,train,M04,dysarthric,Session2,0094,data/extracted/torgo/M04/Session2/wav_headMic/0094.wav,2.635,double,double,project_prompt_target
1,train,M04,dysarthric,Session2,0096,data/extracted/torgo/M04/Session2/wav_headMic/0096.wav,3.005,glow,glow,project_prompt_target
1,train,M04,dysarthric,Session2,0098,data/extracted/torgo/M04/Session2/wav_headMic/0098.wav,8.355,"Well, he is nearly ninety-three years old;","Well, he is nearly ninety-three years old;",project_prompt_target
1,train,M04,dysarthric,Session2,0099,data/extracted/torgo/M04/Session2/wav_headMic/0099.wav,3.035,alpha,alpha,project_prompt_target
1,train,M04,dysarthric,Session2,0105,data/extracted/torgo/M04/Session2/wav_headMic/0105.wav,2.86,corn,corn,project_prompt_target
1,train,M04,dysarthric,Session2,0110,data/extracted/torgo/M04/Session2/wav_headMic/0110.wav,2.76,weed,weed,project_prompt_target
1,train,M04,dysarthric,Session2,0112,data/extracted/torgo/M04/Session2/wav_headMic/0112.wav,2.285,beat,beat,project_prompt_target
1,train,M04,dysarthric,Session2,0114,data/extracted/torgo/M04/Session2/wav_headMic/0114.wav,3.385,trait,trait,project_prompt_target
1,train,M04,dysarthric,Session2,0117,data/extracted/torgo/M04/Session2/wav_headMic/0117.wav,2.49,knew,knew,project_prompt_target
1,train,M04,dysarthric,Session2,0121,data/extracted/torgo/M04/Session2/wav_headMic/0121.wav,3.445,warm,warm,project_prompt_target
1,train,M04,dysarthric,Session2,0132,data/extracted/torgo/M04/Session2/wav_headMic/0132.wav,3.485,boot,boot,project_prompt_target
1,train,M04,dysarthric,Session2,0134,data/extracted/torgo/M04/Session2/wav_headMic/0134.wav,3.315,sprinkle,sprinkle,project_prompt_target
1,train,M04,dysarthric,Session2,0137,data/extracted/torgo/M04/Session2/wav_headMic/0137.wav,2.26,back,back,project_prompt_target
1,train,M04,dysarthric,Session2,0138,data/extracted/torgo/M04/Session2/wav_headMic/0138.wav,2.485,back,back,project_prompt_target
1,train,M04,dysarthric,Session2,0141,data/extracted/torgo/M04/Session2/wav_headMic/0141.wav,2.835,bear,bear,project_prompt_target
1,train,M04,dysarthric,Session2,0143,data/extracted/torgo/M04/Session2/wav_headMic/0143.wav,2.885,near,near,project_prompt_target
1,train,M04,dysarthric,Session2,0144,data/extracted/torgo/M04/Session2/wav_headMic/0144.wav,2.885,bad,bad,project_prompt_target
1,train,M04,dysarthric,Session2,0148,data/extracted/torgo/M04/Session2/wav_headMic/0148.wav,3.22,pile,pile,project_prompt_target
1,train,M04,dysarthric,Session2,0150,data/extracted/torgo/M04/Session2/wav_headMic/0150.wav,3.63,we're,we're,project_prompt_target
1,train,M04,dysarthric,Session2,0151,data/extracted/torgo/M04/Session2/wav_headMic/0151.wav,2.85,we're,we're,project_prompt_target
1,train,M04,dysarthric,Session2,0155,data/extracted/torgo/M04/Session2/wav_headMic/0155.wav,8.105,I was conscious all the time.,I was conscious all the time.,project_prompt_target
1,train,M04,dysarthric,Session2,0156,data/extracted/torgo/M04/Session2/wav_headMic/0156.wav,7.51,I was conscious all the time.,I was conscious all the time.,project_prompt_target
1,train,M04,dysarthric,Session2,0157,data/extracted/torgo/M04/Session2/wav_headMic/0157.wav,6.835,She is thinner than I am.,She is thinner than I am.,project_prompt_target
1,train,M04,dysarthric,Session2,0158,data/extracted/torgo/M04/Session2/wav_headMic/0158.wav,10.83,I just try to do my best.,I just try to do my best.,project_prompt_target
1,train,M04,dysarthric,Session2,0161,data/extracted/torgo/M04/Session2/wav_headMic/0161.wav,2.885,group,group,project_prompt_target
1,train,M04,dysarthric,Session2,0164,data/extracted/torgo/M04/Session2/wav_headMic/0164.wav,2.565,slay,slay,project_prompt_target
1,train,M04,dysarthric,Session2,0171,data/extracted/torgo/M04/Session2/wav_headMic/0171.wav,2.61,slip,slip,project_prompt_target
1,train,M04,dysarthric,Session2,0173,data/extracted/torgo/M04/Session2/wav_headMic/0173.wav,2.075,knot,knot,project_prompt_target
1,train,M04,dysarthric,Session2,0178,data/extracted/torgo/M04/Session2/wav_headMic/0178.wav,3.98006,gnaw,gnaw,project_prompt_target
1,train,M04,dysarthric,Session2,0185,data/extracted/torgo/M04/Session2/wav_headMic/0185.wav,6.17,briar,briar,project_prompt_target
1,train,M04,dysarthric,Session2,0187,data/extracted/torgo/M04/Session2/wav_headMic/0187.wav,7.86,Why yell or worry over silly items?,Why yell or worry over silly items?,project_prompt_target
1,train,M04,dysarthric,Session2,0192,data/extracted/torgo/M04/Session2/wav_headMic/0192.wav,2.665,white,white,project_prompt_target
1,train,M04,dysarthric,Session2,0197,data/extracted/torgo/M04/Session2/wav_headMic/0197.wav,2.54,error,error,project_prompt_target
1,train,M04,dysarthric,Session2,0210,data/extracted/torgo/M04/Session2/wav_headMic/0210.wav,2.295,knew,knew,project_prompt_target
1,train,M04,dysarthric,Session2,0220,data/extracted/torgo/M04/Session2/wav_headMic/0220.wav,9.82,Jane may earn more money by working hard.,Jane may earn more money by working hard.,project_prompt_target
1,train,M04,dysarthric,Session2,0229,data/extracted/torgo/M04/Session2/wav_headMic/0229.wav,2.64,play,play,project_prompt_target
1,train,M04,dysarthric,Session2,0230,data/extracted/torgo/M04/Session2/wav_headMic/0230.wav,2.905,cycle,cycle,project_prompt_target
1,train,M04,dysarthric,Session2,0231,data/extracted/torgo/M04/Session2/wav_headMic/0231.wav,8.34006,The train approached the depot slowly.,The train approached the depot slowly.,project_prompt_target
1,train,M04,dysarthric,Session2,0232,data/extracted/torgo/M04/Session2/wav_headMic/0232.wav,3.22,suit,suit,project_prompt_target
1,train,M04,dysarthric,Session2,0233,data/extracted/torgo/M04/Session2/wav_headMic/0233.wav,2.42,bat,bat,project_prompt_target
1,train,M04,dysarthric,Session2,0242,data/extracted/torgo/M04/Session2/wav_headMic/0242.wav,9.22,I looked up and noticed two old men.,I looked up and noticed two old men.,project_prompt_target
1,train,M04,dysarthric,Session2,0246,data/extracted/torgo/M04/Session2/wav_headMic/0246.wav,10.465,Nothing is as offensive as innocence.,Nothing is as offensive as innocence.,project_prompt_target
1,train,M04,dysarthric,Session2,0250,data/extracted/torgo/M04/Session2/wav_headMic/0250.wav,2.615,four,four,project_prompt_target
1,train,M04,dysarthric,Session2,0253,data/extracted/torgo/M04/Session2/wav_headMic/0253.wav,6.1,This was easy for us.,This was easy for us.,project_prompt_target
1,train,M04,dysarthric,Session2,0255,data/extracted/torgo/M04/Session2/wav_headMic/0255.wav,9.39,You're used to being on the field.,You're used to being on the field.,project_prompt_target
1,train,M04,dysarthric,Session2,0256,data/extracted/torgo/M04/Session2/wav_headMic/0256.wav,4.53506,coupe,coupe,project_prompt_target
1,train,M04,dysarthric,Session2,0270,data/extracted/torgo/M04/Session2/wav_headMic/0270.wav,3.35,tile,tile,project_prompt_target
1,train,M04,dysarthric,Session2,0274,data/extracted/torgo/M04/Session2/wav_headMic/0274.wav,10.205,The islands are sparsely populated.,The islands are sparsely populated.,project_prompt_target
1,train,M04,dysarthric,Session2,0275,data/extracted/torgo/M04/Session2/wav_headMic/0275.wav,2.89,juliet,juliet,project_prompt_target
1,train,M04,dysarthric,Session2,0283,data/extracted/torgo/M04/Session2/wav_headMic/0283.wav,7.52506,It was a good win for us.,It was a good win for us.,project_prompt_target
1,train,M04,dysarthric,Session2,0287,data/extracted/torgo/M04/Session2/wav_headMic/0287.wav,3.855,spit,spit,project_prompt_target
1,train,M04,dysarthric,Session2,0294,data/extracted/torgo/M04/Session2/wav_headMic/0294.wav,2.76,park,park,project_prompt_target
1,train,M04,dysarthric,Session2,0295,data/extracted/torgo/M04/Session2/wav_headMic/0295.wav,6.235,There is a treehouse up above.,There is a treehouse up above.,project_prompt_target
1,train,M04,dysarthric,Session2,0297,data/extracted/torgo/M04/Session2/wav_headMic/0297.wav,2.215,bit,bit,project_prompt_target
1,train,M05,dysarthric,Session1,0119,data/extracted/torgo/M05/Session1/wav_headMic/0119.wav,4.675,grow,grow,project_prompt_target
1,train,M05,dysarthric,Session1,0123,data/extracted/torgo/M05/Session1/wav_headMic/0123.wav,3.06,rain,rain,project_prompt_target
1,train,M05,dysarthric,Session2,0001,data/extracted/torgo/M05/Session2/wav_headMic/0001.wav,10.755,Today's date. February 13th,Today's date. February 13th,project_prompt_target
1,train,M05,dysarthric,Session2,0003,data/extracted/torgo/M05/Session2/wav_headMic/0003.wav,1.95506,boot,boot,project_prompt_target
1,train,M05,dysarthric,Session2,0006,data/extracted/torgo/M05/Session2/wav_headMic/0006.wav,2.39,sway,sway,project_prompt_target
1,train,M05,dysarthric,Session2,0012,data/extracted/torgo/M05/Session2/wav_headMic/0012.wav,2.605,know,know,project_prompt_target
1,train,M05,dysarthric,Session2,0017,data/extracted/torgo/M05/Session2/wav_headMic/0017.wav,3.12,prior,prior,project_prompt_target
1,train,M05,dysarthric,Session2,0021,data/extracted/torgo/M05/Session2/wav_headMic/0021.wav,2.545,knot,knot,project_prompt_target
1,train,M05,dysarthric,Session2,0027,data/extracted/torgo/M05/Session2/wav_headMic/0027.wav,11.495,One validated acts of school districts.,One validated acts of school districts.,project_prompt_target
1,train,M05,dysarthric,Session2,0030,data/extracted/torgo/M05/Session2/wav_headMic/0030.wav,3.13,bad,bad,project_prompt_target
1,train,M05,dysarthric,Session2,0034,data/extracted/torgo/M05/Session2/wav_headMic/0034.wav,2.53,single,single,project_prompt_target
1,train,M05,dysarthric,Session2,0037,data/extracted/torgo/M05/Session2/wav_headMic/0037.wav,2.175,group,group,project_prompt_target
1,train,M05,dysarthric,Session2,0039,data/extracted/torgo/M05/Session2/wav_headMic/0039.wav,3.39,fate,fate,project_prompt_target
1,train,M05,dysarthric,Session2,0046,data/extracted/torgo/M05/Session2/wav_headMic/0046.wav,2.955,sigh,sigh,project_prompt_target
1,train,M05,dysarthric,Session2,0050,data/extracted/torgo/M05/Session2/wav_headMic/0050.wav,4.185,error,error,project_prompt_target
1,train,M05,dysarthric,Session2,0056,data/extracted/torgo/M05/Session2/wav_headMic/0056.wav,9.215,Why yell or worry over silly items?,Why yell or worry over silly items?,project_prompt_target
1,train,M05,dysarthric,Session2,0059,data/extracted/torgo/M05/Session2/wav_headMic/0059.wav,2.31,pot,pot,project_prompt_target
1,train,M05,dysarthric,Session2,0061,data/extracted/torgo/M05/Session2/wav_headMic/0061.wav,2.295,bat,bat,project_prompt_target
1,train,M05,dysarthric,Session2,0063,data/extracted/torgo/M05/Session2/wav_headMic/0063.wav,2.63,of,of,project_prompt_target
1,train,M05,dysarthric,Session2,0067,data/extracted/torgo/M05/Session2/wav_headMic/0067.wav,3.405,steer,steer,project_prompt_target
1,train,M05,dysarthric,Session2,0069,data/extracted/torgo/M05/Session2/wav_headMic/0069.wav,3.99,cycle,cycle,project_prompt_target
1,train,M05,dysarthric,Session2,0070,data/extracted/torgo/M05/Session2/wav_headMic/0070.wav,2.665,hate,hate,project_prompt_target
1,train,M05,dysarthric,Session2,0074,data/extracted/torgo/M05/Session2/wav_headMic/0074.wav,3.605,write,write,project_prompt_target
1,train,M05,dysarthric,Session2,0075,data/extracted/torgo/M05/Session2/wav_headMic/0075.wav,3.275,fruit,fruit,project_prompt_target
1,train,M05,dysarthric,Session2,0078,data/extracted/torgo/M05/Session2/wav_headMic/0078.wav,9.27,They carried me off on the stretcher.,They carried me off on the stretcher.,project_prompt_target
1,train,M05,dysarthric,Session2,0082,data/extracted/torgo/M05/Session2/wav_headMic/0082.wav,7.225,Their house is grey and white.,Their house is grey and white.,project_prompt_target
1,train,M05,dysarthric,Session2,0089,data/extracted/torgo/M05/Session2/wav_headMic/0089.wav,3.28,delta,delta,project_prompt_target
1,train,M05,dysarthric,Session2,0090,data/extracted/torgo/M05/Session2/wav_headMic/0090.wav,2.495,sigh,sigh,project_prompt_target
1,train,M05,dysarthric,Session2,0098,data/extracted/torgo/M05/Session2/wav_headMic/0098.wav,3.135,here,here,project_prompt_target
1,train,M05,dysarthric,Session2,0100,data/extracted/torgo/M05/Session2/wav_headMic/0100.wav,10.195,Jane may earn more money by working hard.,Jane may earn more money by working hard.,project_prompt_target
1,train,M05,dysarthric,Session2,0107,data/extracted/torgo/M05/Session2/wav_headMic/0107.wav,9.73006,I just try to do my best.,I just try to do my best.,project_prompt_target
1,train,M05,dysarthric,Session2,0108,data/extracted/torgo/M05/Session2/wav_headMic/0108.wav,2.715,yes,yes,project_prompt_target
1,train,M05,dysarthric,Session2,0110,data/extracted/torgo/M05/Session2/wav_headMic/0110.wav,3.435,tile,tile,project_prompt_target
1,train,M05,dysarthric,Session2,0111,data/extracted/torgo/M05/Session2/wav_headMic/0111.wav,2.82,wish,wish,project_prompt_target
1,train,M05,dysarthric,Session2,0114,data/extracted/torgo/M05/Session2/wav_headMic/0114.wav,3.86,we're,we're,project_prompt_target
1,train,M05,dysarthric,Session2,0117,data/extracted/torgo/M05/Session2/wav_headMic/0117.wav,1.4,"tear [as in ""tear in my eye""]",tear,project_prompt_target
1,train,M05,dysarthric,Session2,0120,data/extracted/torgo/M05/Session2/wav_headMic/0120.wav,2.735,bad,bad,project_prompt_target
1,train,M05,dysarthric,Session2,0125,data/extracted/torgo/M05/Session2/wav_headMic/0125.wav,3.5,knew,knew,project_prompt_target
1,train,M05,dysarthric,Session2,0129,data/extracted/torgo/M05/Session2/wav_headMic/0129.wav,3.065,back,back,project_prompt_target
1,train,M05,dysarthric,Session2,0134,data/extracted/torgo/M05/Session2/wav_headMic/0134.wav,3.42,snoop,snoop,project_prompt_target
1,train,M05,dysarthric,Session2,0135,data/extracted/torgo/M05/Session2/wav_headMic/0135.wav,8.215,Will Robin wear a yellow lily?,Will Robin wear a yellow lily?,project_prompt_target
1,train,M05,dysarthric,Session2,0136,data/extracted/torgo/M05/Session2/wav_headMic/0136.wav,2.28,loop,loop,project_prompt_target
1,train,M05,dysarthric,Session2,0137,data/extracted/torgo/M05/Session2/wav_headMic/0137.wav,2.835,droop,droop,project_prompt_target
1,train,M05,dysarthric,Session2,0138,data/extracted/torgo/M05/Session2/wav_headMic/0138.wav,10.57,You'd be better off taking a cold shower.,You'd be better off taking a cold shower.,project_prompt_target
1,train,M05,dysarthric,Session2,0141,data/extracted/torgo/M05/Session2/wav_headMic/0141.wav,6.79,pitting,pitting,project_prompt_target
1,train,M05,dysarthric,Session2,0142,data/extracted/torgo/M05/Session2/wav_headMic/0142.wav,2.19,pitting,pitting,project_prompt_target
1,train,M05,dysarthric,Session2,0143,data/extracted/torgo/M05/Session2/wav_headMic/0143.wav,3.56,pitting,pitting,project_prompt_target
1,train,M05,dysarthric,Session2,0144,data/extracted/torgo/M05/Session2/wav_headMic/0144.wav,2.52,top,top,project_prompt_target
1,train,M05,dysarthric,Session2,0147,data/extracted/torgo/M05/Session2/wav_headMic/0147.wav,6.25,Alfalfa is healthy for you.,Alfalfa is healthy for you.,project_prompt_target
1,train,M05,dysarthric,Session2,0148,data/extracted/torgo/M05/Session2/wav_headMic/0148.wav,2.875,fill,fill,project_prompt_target
1,train,M05,dysarthric,Session2,0151,data/extracted/torgo/M05/Session2/wav_headMic/0151.wav,7.485,He wrapped the package hastily.,He wrapped the package hastily.,project_prompt_target
1,train,M05,dysarthric,Session2,0152,data/extracted/torgo/M05/Session2/wav_headMic/0152.wav,8.1,The box contained three sweaters.,The box contained three sweaters.,project_prompt_target
1,train,M05,dysarthric,Session2,0153,data/extracted/torgo/M05/Session2/wav_headMic/0153.wav,2.17,hill,hill,project_prompt_target
1,train,M05,dysarthric,Session2,0155,data/extracted/torgo/M05/Session2/wav_headMic/0155.wav,9.58,The museum hires musicians every evening.,The museum hires musicians every evening.,project_prompt_target
1,train,M05,dysarthric,Session2,0164,data/extracted/torgo/M05/Session2/wav_headMic/0164.wav,3.575,leak,leak,project_prompt_target
1,train,M05,dysarthric,Session2,0165,data/extracted/torgo/M05/Session2/wav_headMic/0165.wav,11.7,It eventually became a rather proud claim.,It eventually became a rather proud claim.,project_prompt_target
1,train,M05,dysarthric,Session2,0170,data/extracted/torgo/M05/Session2/wav_headMic/0170.wav,9.965,I expect we'll bounce back this week.,I expect we'll bounce back this week.,project_prompt_target
1,train,M05,dysarthric,Session2,0171,data/extracted/torgo/M05/Session2/wav_headMic/0171.wav,4.3,brawn,brawn,project_prompt_target
1,train,M05,dysarthric,Session2,0175,data/extracted/torgo/M05/Session2/wav_headMic/0175.wav,2.865,kitten,kitten,project_prompt_target
1,train,M05,dysarthric,Session2,0176,data/extracted/torgo/M05/Session2/wav_headMic/0176.wav,11.805,Alimony harms a divorced man's wealth.,Alimony harms a divorced man's wealth.,project_prompt_target
1,train,M05,dysarthric,Session2,0179,data/extracted/torgo/M05/Session2/wav_headMic/0179.wav,10.35,This is a period of transition for me.,This is a period of transition for me.,project_prompt_target
1,train,M05,dysarthric,Session2,0182,data/extracted/torgo/M05/Session2/wav_headMic/0182.wav,8.335,We rode horseback to the farm.,We rode horseback to the farm.,project_prompt_target
1,train,M05,dysarthric,Session2,0185,data/extracted/torgo/M05/Session2/wav_headMic/0185.wav,2.83,hum,hum,project_prompt_target
1,train,M05,dysarthric,Session2,0187,data/extracted/torgo/M05/Session2/wav_headMic/0187.wav,4.37,lima,lima,project_prompt_target
1,train,M05,dysarthric,Session2,0188,data/extracted/torgo/M05/Session2/wav_headMic/0188.wav,3.61,rich,rich,project_prompt_target
1,train,M05,dysarthric,Session2,0190,data/extracted/torgo/M05/Session2/wav_headMic/0190.wav,4.81,juliet,juliet,project_prompt_target
1,train,M05,dysarthric,Session2,0191,data/extracted/torgo/M05/Session2/wav_headMic/0191.wav,3.445,cart,cart,project_prompt_target
1,train,M05,dysarthric,Session2,0192,data/extracted/torgo/M05/Session2/wav_headMic/0192.wav,8.565,Swing your arm as high as you can.,Swing your arm as high as you can.,project_prompt_target
1,train,M05,dysarthric,Session2,0193,data/extracted/torgo/M05/Session2/wav_headMic/0193.wav,3.735,nine,nine,project_prompt_target
1,train,M05,dysarthric,Session2,0196,data/extracted/torgo/M05/Session2/wav_headMic/0196.wav,3.65,witty,witty,project_prompt_target
1,train,M05,dysarthric,Session2,0200,data/extracted/torgo/M05/Session2/wav_headMic/0200.wav,2.75,blow,blow,project_prompt_target
1,train,M05,dysarthric,Session2,0213,data/extracted/torgo/M05/Session2/wav_headMic/0213.wav,7.365,I have had my bell rung.,I have had my bell rung.,project_prompt_target
1,train,M05,dysarthric,Session2,0214,data/extracted/torgo/M05/Session2/wav_headMic/0214.wav,2.63,him,him,project_prompt_target
1,train,M05,dysarthric,Session2,0215,data/extracted/torgo/M05/Session2/wav_headMic/0215.wav,11.275,"If you are losing water, replace it immediately.","If you are losing water, replace it immediately.",project_prompt_target
1,train,M05,dysarthric,Session2,0217,data/extracted/torgo/M05/Session2/wav_headMic/0217.wav,3.49,thorn,thorn,project_prompt_target
1,train,M05,dysarthric,Session2,0221,data/extracted/torgo/M05/Session2/wav_headMic/0221.wav,3.72,papa,papa,project_prompt_target
1,train,M05,dysarthric,Session2,0222,data/extracted/torgo/M05/Session2/wav_headMic/0222.wav,3.165,cake,cake,project_prompt_target
1,train,M05,dysarthric,Session2,0228,data/extracted/torgo/M05/Session2/wav_headMic/0228.wav,2.78,seven,seven,project_prompt_target
1,train,M05,dysarthric,Session2,0236,data/extracted/torgo/M05/Session2/wav_headMic/0236.wav,9.485,The misguided souls have lost their way.,The misguided souls have lost their way.,project_prompt_target
1,train,M05,dysarthric,Session2,0237,data/extracted/torgo/M05/Session2/wav_headMic/0237.wav,3.825,sigh,sigh,project_prompt_target
1,train,M05,dysarthric,Session2,0238,data/extracted/torgo/M05/Session2/wav_headMic/0238.wav,8.325,Students watched as he got out.,Students watched as he got out.,project_prompt_target
1,train,M05,dysarthric,Session2,0239,data/extracted/torgo/M05/Session2/wav_headMic/0239.wav,11.515,The dolphins swam around our boat.,The dolphins swam around our boat.,project_prompt_target
1,train,M05,dysarthric,Session2,0240,data/extracted/torgo/M05/Session2/wav_headMic/0240.wav,3.11,hotel,hotel,project_prompt_target
1,train,M05,dysarthric,Session2,0246,data/extracted/torgo/M05/Session2/wav_headMic/0246.wav,11.78006,A roll of wire lay near the wall.,A roll of wire lay near the wall.,project_prompt_target
1,train,M05,dysarthric,Session2,0251,data/extracted/torgo/M05/Session2/wav_headMic/0251.wav,3.11,brought,brought,project_prompt_target
1,train,M05,dysarthric,Session2,0254,data/extracted/torgo/M05/Session2/wav_headMic/0254.wav,3.145,lick,lick,project_prompt_target
1,train,M05,dysarthric,Session2,0255,data/extracted/torgo/M05/Session2/wav_headMic/0255.wav,2.975,dark,dark,project_prompt_target
1,train,M05,dysarthric,Session2,0256,data/extracted/torgo/M05/Session2/wav_headMic/0256.wav,10.49,"She wore warm, fleecy, woolen overalls.","She wore warm, fleecy, woolen overalls.",project_prompt_target
1,train,M05,dysarthric,Session2,0257,data/extracted/torgo/M05/Session2/wav_headMic/0257.wav,3.025,seeds,seeds,project_prompt_target
1,train,M05,dysarthric,Session2,0259,data/extracted/torgo/M05/Session2/wav_headMic/0259.wav,2.48,yes,yes,project_prompt_target
1,train,M05,dysarthric,Session2,0262,data/extracted/torgo/M05/Session2/wav_headMic/0262.wav,3.605,leak,leak,project_prompt_target
1,train,M05,dysarthric,Session2,0264,data/extracted/torgo/M05/Session2/wav_headMic/0264.wav,3.34,loyal,loyal,project_prompt_target
1,train,M05,dysarthric,Session2,0266,data/extracted/torgo/M05/Session2/wav_headMic/0266.wav,4.425,reek,reek,project_prompt_target
1,train,M05,dysarthric,Session2,0268,data/extracted/torgo/M05/Session2/wav_headMic/0268.wav,2.315,pit,pit,project_prompt_target
1,train,M05,dysarthric,Session2,0269,data/extracted/torgo/M05/Session2/wav_headMic/0269.wav,2.93,thought,thought,project_prompt_target
1,train,M05,dysarthric,Session2,0271,data/extracted/torgo/M05/Session2/wav_headMic/0271.wav,2.75,hitting,hitting,project_prompt_target
1,train,M05,dysarthric,Session2,0273,data/extracted/torgo/M05/Session2/wav_headMic/0273.wav,2.41,romeo,romeo,project_prompt_target
1,train,M05,dysarthric,Session2,0276,data/extracted/torgo/M05/Session2/wav_headMic/0276.wav,8.62506,Some hotels are available nearby.,Some hotels are available nearby.,project_prompt_target
1,train,M05,dysarthric,Session2,0278,data/extracted/torgo/M05/Session2/wav_headMic/0278.wav,3.645,xray,xray,project_prompt_target
1,train,M05,dysarthric,Session2,0279,data/extracted/torgo/M05/Session2/wav_headMic/0279.wav,8.385,A good attitude is unbeatable.,A good attitude is unbeatable.,project_prompt_target
1,train,M05,dysarthric,Session2,0280,data/extracted/torgo/M05/Session2/wav_headMic/0280.wav,2.675,in,in,project_prompt_target
1,train,M05,dysarthric,Session2,0281,data/extracted/torgo/M05/Session2/wav_headMic/0281.wav,2.635,and,and,project_prompt_target
1,train,M05,dysarthric,Session2,0282,data/extracted/torgo/M05/Session2/wav_headMic/0282.wav,11.42006,Those musicians harmonize marvelously.,Those musicians harmonize marvelously.,project_prompt_target
1,train,M05,dysarthric,Session2,0286,data/extracted/torgo/M05/Session2/wav_headMic/0286.wav,11.705,The owners regularly look for plumbing leaks.,The owners regularly look for plumbing leaks.,project_prompt_target
1,train,M05,dysarthric,Session2,0287,data/extracted/torgo/M05/Session2/wav_headMic/0287.wav,10.26,White-capped waves covered the entire bay.,White-capped waves covered the entire bay.,project_prompt_target
1,train,M05,dysarthric,Session2,0290,data/extracted/torgo/M05/Session2/wav_headMic/0290.wav,2.45,him,him,project_prompt_target
1,train,M05,dysarthric,Session2,0291,data/extracted/torgo/M05/Session2/wav_headMic/0291.wav,10.64,The wait for work can be very do it again,The wait for work can be very do it again,project_prompt_target
1,train,M05,dysarthric,Session2,0292,data/extracted/torgo/M05/Session2/wav_headMic/0292.wav,8.97506,The wait for work can be very long.,The wait for work can be very long.,project_prompt_target
1,train,M05,dysarthric,Session2,0293,data/extracted/torgo/M05/Session2/wav_headMic/0293.wav,2.665,sin,sin,project_prompt_target
1,train,M05,dysarthric,Session2,0294,data/extracted/torgo/M05/Session2/wav_headMic/0294.wav,3.1,sierra,sierra,project_prompt_target
1,train,M05,dysarthric,Session2,0296,data/extracted/torgo/M05/Session2/wav_headMic/0296.wav,2.495,up,up,project_prompt_target
1,train,M05,dysarthric,Session2,0297,data/extracted/torgo/M05/Session2/wav_headMic/0297.wav,3.225,uniform,uniform,project_prompt_target
1,train,M05,dysarthric,Session2,0308,data/extracted/torgo/M05/Session2/wav_headMic/0308.wav,2.23,rock,rock,project_prompt_target
1,train,M05,dysarthric,Session2,0309,data/extracted/torgo/M05/Session2/wav_headMic/0309.wav,2.81,zip,zip,project_prompt_target
1,train,M05,dysarthric,Session2,0310,data/extracted/torgo/M05/Session2/wav_headMic/0310.wav,1.99,sit,sit,project_prompt_target
1,train,M05,dysarthric,Session2,0311,data/extracted/torgo/M05/Session2/wav_headMic/0311.wav,2.415,yes,yes,project_prompt_target
1,train,M05,dysarthric,Session2,0313,data/extracted/torgo/M05/Session2/wav_headMic/0313.wav,9.545,Nobody really expects to evacuate.,Nobody really expects to evacuate.,project_prompt_target
1,train,M05,dysarthric,Session2,0314,data/extracted/torgo/M05/Session2/wav_headMic/0314.wav,8.54,Nobody really expects to evacuate.,Nobody really expects to evacuate.,project_prompt_target
1,train,M05,dysarthric,Session2,0316,data/extracted/torgo/M05/Session2/wav_headMic/0316.wav,2.67,yankee,yankee,project_prompt_target
1,train,M05,dysarthric,Session2,0318,data/extracted/torgo/M05/Session2/wav_headMic/0318.wav,2.59,tango,tango,project_prompt_target
1,train,M05,dysarthric,Session2,0319,data/extracted/torgo/M05/Session2/wav_headMic/0319.wav,2.615,sip,sip,project_prompt_target
1,train,M05,dysarthric,Session2,0323,data/extracted/torgo/M05/Session2/wav_headMic/0323.wav,3.205,dress,dress,project_prompt_target
1,train,M05,dysarthric,Session2,0326,data/extracted/torgo/M05/Session2/wav_headMic/0326.wav,3.42,chip,chip,project_prompt_target
1,train,M05,dysarthric,Session2,0327,data/extracted/torgo/M05/Session2/wav_headMic/0327.wav,1.805,dread,dread,project_prompt_target
1,train,M05,dysarthric,Session2,0329,data/extracted/torgo/M05/Session2/wav_headMic/0329.wav,2.507,nest,nest,project_prompt_target
1,train,M05,dysarthric,Session2,0362,data/extracted/torgo/M05/Session2/wav_headMic/0362.wav,2.315,sell,sell,project_prompt_target
1,train,M05,dysarthric,Session2,0365,data/extracted/torgo/M05/Session2/wav_headMic/0365.wav,11.625,It's fun to roast marshmallows on a gas burner.,It's fun to roast marshmallows on a gas burner.,project_prompt_target
1,train,M05,dysarthric,Session2,0366,data/extracted/torgo/M05/Session2/wav_headMic/0366.wav,2.565,fork,fork,project_prompt_target
1,train,M05,dysarthric,Session2,0368,data/extracted/torgo/M05/Session2/wav_headMic/0368.wav,9.66,Get a calico cat to keep.,Get a calico cat to keep.,project_prompt_target
1,train,M05,dysarthric,Session2,0371,data/extracted/torgo/M05/Session2/wav_headMic/0371.wav,2.135,bed,bed,project_prompt_target
1,train,M05,dysarthric,Session2,0373,data/extracted/torgo/M05/Session2/wav_headMic/0373.wav,3.885,witch,witch,project_prompt_target
1,train,M05,dysarthric,Session2,0374,data/extracted/torgo/M05/Session2/wav_headMic/0374.wav,2.39,a,a,project_prompt_target
1,train,M05,dysarthric,Session2,0376,data/extracted/torgo/M05/Session2/wav_headMic/0376.wav,3.155,slicker,slicker,project_prompt_target
1,train,M05,dysarthric,Session2,0379,data/extracted/torgo/M05/Session2/wav_headMic/0379.wav,2.475,knot,knot,project_prompt_target
1,train,M05,dysarthric,Session2,0383,data/extracted/torgo/M05/Session2/wav_headMic/0383.wav,5.765,You can ride stagecoach.,You can ride stagecoach.,project_prompt_target
1,train,M05,dysarthric,Session2,0384,data/extracted/torgo/M05/Session2/wav_headMic/0384.wav,2.96,sink,sink,project_prompt_target
1,train,M05,dysarthric,Session2,0385,data/extracted/torgo/M05/Session2/wav_headMic/0385.wav,9.355,Only lawyers love millionaires.,Only lawyers love millionaires.,project_prompt_target
1,train,M05,dysarthric,Session2,0387,data/extracted/torgo/M05/Session2/wav_headMic/0387.wav,8.47,He is definitely a notch above us.,He is definitely a notch above us.,project_prompt_target
1,train,M05,dysarthric,Session2,0388,data/extracted/torgo/M05/Session2/wav_headMic/0388.wav,2.98,ticker,ticker,project_prompt_target
1,train,M05,dysarthric,Session2,0391,data/extracted/torgo/M05/Session2/wav_headMic/0391.wav,2.925,one,one,project_prompt_target
1,train,MC01,control,Session1,0006,data/extracted/torgo/MC01/Session1/wav_headMic/0006.wav,2.69,spark,spark,project_prompt_target
1,train,MC01,control,Session1,0037,data/extracted/torgo/MC01/Session1/wav_headMic/0037.wav,6.44,She had your dark suit in greasy wash water all year.,She had your dark suit in greasy wash water all year.,project_prompt_target
1,train,MC01,control,Session1,0050,data/extracted/torgo/MC01/Session1/wav_headMic/0050.wav,2.845,jacket,jacket,project_prompt_target
1,train,MC01,control,Session1,0065,data/extracted/torgo/MC01/Session1/wav_headMic/0065.wav,7.98,Twice each day he plays skillfully and with zest upon our small organ.,Twice each day he plays skillfully and with zest upon our small organ.,project_prompt_target
1,train,MC01,control,Session1,0070,data/extracted/torgo/MC01/Session1/wav_headMic/0070.wav,2.795,go,go,project_prompt_target
1,train,MC01,control,Session1,0077,data/extracted/torgo/MC01/Session1/wav_headMic/0077.wav,7.70506,giving those who observe him a pronounced feeling of the utmost respect.,giving those who observe him a pronounced feeling of the utmost respect.,project_prompt_target
1,train,MC01,control,Session1,0079,data/extracted/torgo/MC01/Session1/wav_headMic/0079.wav,6.62506,he slowly takes a short walk in the open air each day.,he slowly takes a short walk in the open air each day.,project_prompt_target
1,train,MC01,control,Session1,0126,data/extracted/torgo/MC01/Session1/wav_headMic/0126.wav,7.055,"If you destroy confidence in banks, you do something to the economy, he said.","If you destroy confidence in banks, you do something to the economy, he said.",project_prompt_target
1,train,MC01,control,Session1,0258,data/extracted/torgo/MC01/Session1/wav_headMic/0258.wav,2.50006,at,at,project_prompt_target
1,train,MC01,control,Session1,0288,data/extracted/torgo/MC01/Session1/wav_headMic/0288.wav,4.375,The dolphins swam around our boat.,The dolphins swam around our boat.,project_prompt_target
1,train,MC01,control,Session1,0289,data/extracted/torgo/MC01/Session1/wav_headMic/0289.wav,8.43,It also provides for funds to clear slums and help colleges build dormitories.,It also provides for funds to clear slums and help colleges build dormitories.,project_prompt_target
1,train,MC01,control,Session1,0304,data/extracted/torgo/MC01/Session1/wav_headMic/0304.wav,2.75,written,written,project_prompt_target
1,train,MC01,control,Session1,0312,data/extracted/torgo/MC01/Session1/wav_headMic/0312.wav,8.00506,He further proposed grants of an unspecified sum for experimental hospitals.,He further proposed grants of an unspecified sum for experimental hospitals.,project_prompt_target
1,train,MC01,control,Session2,0057,data/extracted/torgo/MC01/Session2/wav_headMic/0057.wav,4.60706,The owners regularly look for plumbing leaks.,The owners regularly look for plumbing leaks.,project_prompt_target
1,train,MC01,control,Session2,0099,data/extracted/torgo/MC01/Session2/wav_headMic/0099.wav,1.82844,meat,meat,project_prompt_target
1,train,MC01,control,Session2,0112,data/extracted/torgo/MC01/Session2/wav_headMic/0112.wav,3.06656,He took me out one day.,He took me out one day.,project_prompt_target
1,train,MC01,control,Session2,0130,data/extracted/torgo/MC01/Session2/wav_headMic/0130.wav,1.64125,sin,sin,project_prompt_target
1,train,MC01,control,Session2,0137,data/extracted/torgo/MC01/Session2/wav_headMic/0137.wav,4.23275,People who value themselves are life's winners.,People who value themselves are life's winners.,project_prompt_target
1,train,MC01,control,Session2,0146,data/extracted/torgo/MC01/Session2/wav_headMic/0146.wav,2.72106,him,him,project_prompt_target
1,train,MC01,control,Session2,0184,data/extracted/torgo/MC01/Session2/wav_headMic/0184.wav,2.20275,tug,tug,project_prompt_target
1,train,MC01,control,Session2,0197,data/extracted/torgo/MC01/Session2/wav_headMic/0197.wav,2.87938,eat,eat,project_prompt_target
1,train,MC01,control,Session2,0201,data/extracted/torgo/MC01/Session2/wav_headMic/0201.wav,1.79969,tort,tort,project_prompt_target
1,train,MC01,control,Session2,0229,data/extracted/torgo/MC01/Session2/wav_headMic/0229.wav,1.98681,mill,mill,project_prompt_target
1,train,MC01,control,Session2,0231,data/extracted/torgo/MC01/Session2/wav_headMic/0231.wav,2.11631,cakes,cakes,project_prompt_target
1,train,MC01,control,Session2,0298,data/extracted/torgo/MC01/Session2/wav_headMic/0298.wav,2.83619,He asked you for a loan.,He asked you for a loan.,project_prompt_target
1,train,MC01,control,Session2,0321,data/extracted/torgo/MC01/Session2/wav_headMic/0321.wav,2.67787,shed,shed,project_prompt_target
1,train,MC01,control,Session3,0009,data/extracted/torgo/MC01/Session3/wav_headMic/0009.wav,2.96,zero,zero,project_prompt_target
1,train,MC01,control,Session3,0018,data/extracted/torgo/MC01/Session3/wav_headMic/0018.wav,7.105,Her position covers a number of daily tasks common to any social director.,Her position covers a number of daily tasks common to any social director.,project_prompt_target
1,train,MC01,control,Session3,0019,data/extracted/torgo/MC01/Session3/wav_headMic/0019.wav,7.07506,Her position covers a number of daily tasks common to any social director.,Her position covers a number of daily tasks common to any social director.,project_prompt_target
1,train,MC01,control,Session3,0083,data/extracted/torgo/MC01/Session3/wav_headMic/0083.wav,7.275,The legislature met to judge the state of public education.,The legislature met to judge the state of public education.,project_prompt_target
1,train,MC01,control,Session3,0084,data/extracted/torgo/MC01/Session3/wav_headMic/0084.wav,6.045,The legislature met to judge the state of public education.,The legislature met to judge the state of public education.,project_prompt_target
1,train,MC01,control,Session3,0093,data/extracted/torgo/MC01/Session3/wav_headMic/0093.wav,4.47,Begin by trying to speak up more.,Begin by trying to speak up more.,project_prompt_target
1,train,MC01,control,Session3,0106,data/extracted/torgo/MC01/Session3/wav_headMic/0106.wav,7.25506,"This, he added, brought about petty jealousies and petty personal grievances.","This, he added, brought about petty jealousies and petty personal grievances.",project_prompt_target
1,train,MC01,control,Session3,0121,data/extracted/torgo/MC01/Session3/wav_headMic/0121.wav,2.43,feet,feet,project_prompt_target
1,train,MC01,control,Session3,0138,data/extracted/torgo/MC01/Session3/wav_headMic/0138.wav,3.015,pet,pet,project_prompt_target
1,train,MC01,control,Session3,0151,data/extracted/torgo/MC01/Session3/wav_headMic/0151.wav,2.63,blend,blend,project_prompt_target
1,train,MC01,control,Session3,0183,data/extracted/torgo/MC01/Session3/wav_headMic/0183.wav,7.37,The structures housing the apartments are of masonry and frame construction.,The structures housing the apartments are of masonry and frame construction.,project_prompt_target
1,train,MC01,control,Session3,0216,data/extracted/torgo/MC01/Session3/wav_headMic/0216.wav,2.195,end,end,project_prompt_target
1,train,MC01,control,Session3,0221,data/extracted/torgo/MC01/Session3/wav_headMic/0221.wav,4.63,Continental drift is a geological theory.,Continental drift is a geological theory.,project_prompt_target
1,train,MC01,control,Session3,0229,data/extracted/torgo/MC01/Session3/wav_headMic/0229.wav,2.19,ache,ache,project_prompt_target
1,train,MC01,control,Session3,0239,data/extracted/torgo/MC01/Session3/wav_headMic/0239.wav,4.54,Handle it any way you have to.,Handle it any way you have to.,project_prompt_target
1,train,MC01,control,Session3,0290,data/extracted/torgo/MC01/Session3/wav_headMic/0290.wav,2.35,harm,harm,project_prompt_target
1,train,MC01,control,Session3,0304,data/extracted/torgo/MC01/Session3/wav_headMic/0304.wav,6.06,The staff deserves a lot of credit working down here under real obstacles.,The staff deserves a lot of credit working down here under real obstacles.,project_prompt_target
1,train,MC01,control,Session3,0313,data/extracted/torgo/MC01/Session3/wav_headMic/0313.wav,2.055,court,court,project_prompt_target
1,train,MC01,control,Session3,0315,data/extracted/torgo/MC01/Session3/wav_headMic/0315.wav,5.17,Last year's gas shortage caused steep price increases.,Last year's gas shortage caused steep price increases.,project_prompt_target
1,train,MC01,control,Session3,0318,data/extracted/torgo/MC01/Session3/wav_headMic/0318.wav,2.12506,blow,blow,project_prompt_target
1,train,MC01,control,Session3,0331,data/extracted/torgo/MC01/Session3/wav_headMic/0331.wav,2.145,pink,pink,project_prompt_target
1,train,MC01,control,Session3,0334,data/extracted/torgo/MC01/Session3/wav_headMic/0334.wav,4.16,He can't abide mistakes in his own game.,He can't abide mistakes in his own game.,project_prompt_target
1,train,MC01,control,Session3,0375,data/extracted/torgo/MC01/Session3/wav_headMic/0375.wav,2.165,fable,fable,project_prompt_target
1,train,MC01,control,Session3,0381,data/extracted/torgo/MC01/Session3/wav_headMic/0381.wav,6.5,"They make gin saws and deal in parts, supplies and some used gin machinery.","They make gin saws and deal in parts, supplies and some used gin machinery.",project_prompt_target
1,train,MC04,control,Session1,0007,data/extracted/torgo/MC04/Session1/wav_headMic/0007.wav,1.96,trade,trade,project_prompt_target
1,train,MC04,control,Session1,0011,data/extracted/torgo/MC04/Session1/wav_headMic/0011.wav,1.915,yes,yes,project_prompt_target
1,train,MC04,control,Session1,0017,data/extracted/torgo/MC04/Session1/wav_headMic/0017.wav,1.78,hair,hair,project_prompt_target
1,train,MC04,control,Session1,0043,data/extracted/torgo/MC04/Session1/wav_headMic/0043.wav,1.615,tip,tip,project_prompt_target
1,train,MC04,control,Session1,0054,data/extracted/torgo/MC04/Session1/wav_headMic/0054.wav,1.955,swore,swore,project_prompt_target
1,train,MC04,control,Session1,0057,data/extracted/torgo/MC04/Session1/wav_headMic/0057.wav,1.745,dark,dark,project_prompt_target
1,train,MC04,control,Session1,0087,data/extracted/torgo/MC04/Session1/wav_headMic/0087.wav,1.435,the,the,project_prompt_target
1,train,MC04,control,Session1,0136,data/extracted/torgo/MC04/Session1/wav_headMic/0136.wav,1.42,pay,pay,project_prompt_target
1,train,MC04,control,Session1,0174,data/extracted/torgo/MC04/Session1/wav_headMic/0174.wav,1.575,lip,lip,project_prompt_target
1,train,MC04,control,Session1,0191,data/extracted/torgo/MC04/Session1/wav_headMic/0191.wav,1.725,sleep,sleep,project_prompt_target
1,train,MC04,control,Session1,0192,data/extracted/torgo/MC04/Session1/wav_headMic/0192.wav,1.64,slay,slay,project_prompt_target
1,train,MC04,control,Session1,0193,data/extracted/torgo/MC04/Session1/wav_headMic/0193.wav,1.81,write,write,project_prompt_target
1,train,MC04,control,Session1,0207,data/extracted/torgo/MC04/Session1/wav_headMic/0207.wav,1.865,briar,briar,project_prompt_target
1,train,MC04,control,Session1,0224,data/extracted/torgo/MC04/Session1/wav_headMic/0224.wav,1.61,slip,slip,project_prompt_target
1,train,MC04,control,Session1,0226,data/extracted/torgo/MC04/Session1/wav_headMic/0226.wav,1.74,ate,ate,project_prompt_target
1,train,MC04,control,Session1,0231,data/extracted/torgo/MC04/Session1/wav_headMic/0231.wav,1.92,write,write,project_prompt_target
1,train,MC04,control,Session1,0250,data/extracted/torgo/MC04/Session1/wav_headMic/0250.wav,1.47,yes,yes,project_prompt_target
1,train,MC04,control,Session1,0260,data/extracted/torgo/MC04/Session1/wav_headMic/0260.wav,1.21,tell,tell,project_prompt_target
1,train,MC04,control,Session1,0264,data/extracted/torgo/MC04/Session1/wav_headMic/0264.wav,1.525,written,written,project_prompt_target
1,train,MC04,control,Session1,0279,data/extracted/torgo/MC04/Session1/wav_headMic/0279.wav,1.36,seed,seed,project_prompt_target
1,train,MC04,control,Session1,0332,data/extracted/torgo/MC04/Session1/wav_headMic/0332.wav,1.37,fat,fat,project_prompt_target
1,train,MC04,control,Session1,0371,data/extracted/torgo/MC04/Session1/wav_headMic/0371.wav,1.27,hat,hat,project_prompt_target
1,train,MC04,control,Session1,0376,data/extracted/torgo/MC04/Session1/wav_headMic/0376.wav,1.465,hem,hem,project_prompt_target
1,train,MC04,control,Session1,0387,data/extracted/torgo/MC04/Session1/wav_headMic/0387.wav,1.4,chop,chop,project_prompt_target
1,train,MC04,control,Session1,0388,data/extracted/torgo/MC04/Session1/wav_headMic/0388.wav,1.745,seeds,seeds,project_prompt_target
1,train,MC04,control,Session1,0390,data/extracted/torgo/MC04/Session1/wav_headMic/0390.wav,1.995,yes,yes,project_prompt_target
1,train,MC04,control,Session1,0398,data/extracted/torgo/MC04/Session1/wav_headMic/0398.wav,1.46,nod,nod,project_prompt_target
1,train,MC04,control,Session1,0411,data/extracted/torgo/MC04/Session1/wav_headMic/0411.wav,1.545,sheet,sheet,project_prompt_target
1,train,MC04,control,Session1,0420,data/extracted/torgo/MC04/Session1/wav_headMic/0420.wav,1.69994,victor,victor,project_prompt_target
1,train,MC04,control,Session1,0434,data/extracted/torgo/MC04/Session1/wav_headMic/0434.wav,1.65,hand,hand,project_prompt_target
1,train,MC04,control,Session1,0447,data/extracted/torgo/MC04/Session1/wav_headMic/0447.wav,1.535,wit,wit,project_prompt_target
1,train,MC04,control,Session1,0482,data/extracted/torgo/MC04/Session1/wav_headMic/0482.wav,1.56,dress,dress,project_prompt_target
1,train,MC04,control,Session1,0624,data/extracted/torgo/MC04/Session1/wav_headMic/0624.wav,1.495,air,air,project_prompt_target
1,train,MC04,control,Session1,0641,data/extracted/torgo/MC04/Session1/wav_headMic/0641.wav,1.505,yes,yes,project_prompt_target
1,train,MC04,control,Session1,0643,data/extracted/torgo/MC04/Session1/wav_headMic/0643.wav,1.58,geese,geese,project_prompt_target
1,validation,F04,dysarthric,Session1,0005,data/extracted/torgo/F04/Session1/wav_arrayMic/0005.wav,2.85,fee,fee,project_prompt_target
1,validation,F04,dysarthric,Session1,0007,data/extracted/torgo/F04/Session1/wav_arrayMic/0007.wav,0.9,sheet,sheet,project_prompt_target
1,validation,F04,dysarthric,Session1,0045,data/extracted/torgo/F04/Session1/wav_arrayMic/0045.wav,1.2,rake,rake,project_prompt_target
1,validation,F04,dysarthric,Session1,0056,data/extracted/torgo/F04/Session1/wav_arrayMic/0056.wav,1.5,bit,bit,project_prompt_target
1,validation,F04,dysarthric,Session1,0057,data/extracted/torgo/F04/Session1/wav_arrayMic/0057.wav,1.2,the,the,project_prompt_target
1,validation,F04,dysarthric,Session1,0062,data/extracted/torgo/F04/Session1/wav_arrayMic/0062.wav,1.95,yes,yes,project_prompt_target
1,validation,F04,dysarthric,Session1,0063,data/extracted/torgo/F04/Session1/wav_arrayMic/0063.wav,6.3,giving those who observe him a pronounced feeling of the utmost respect.,giving those who observe him a pronounced feeling of the utmost respect.,project_prompt_target
1,validation,F04,dysarthric,Session1,0067,data/extracted/torgo/F04/Session1/wav_arrayMic/0067.wav,7.05,Twice each day he plays skillfully and with zest upon our small organ.,Twice each day he plays skillfully and with zest upon our small organ.,project_prompt_target
1,validation,F04,dysarthric,Session1,0070,data/extracted/torgo/F04/Session1/wav_arrayMic/0070.wav,1.95,feed,feed,project_prompt_target
1,validation,F04,dysarthric,Session1,0078,data/extracted/torgo/F04/Session1/wav_arrayMic/0078.wav,1.8,rate,rate,project_prompt_target
1,validation,F04,dysarthric,Session1,0091,data/extracted/torgo/F04/Session1/wav_arrayMic/0091.wav,7.05,"Except in the winter when the ooze or snow or ice prevents,","Except in the winter when the ooze or snow or ice prevents,",project_prompt_target
1,validation,F04,dysarthric,Session1,0092,data/extracted/torgo/F04/Session1/wav_arrayMic/0092.wav,6.15,"Except in the winter when the ooze or snow or ice prevents,","Except in the winter when the ooze or snow or ice prevents,",project_prompt_target
1,validation,F04,dysarthric,Session1,0093,data/extracted/torgo/F04/Session1/wav_arrayMic/0093.wav,1.8,trade,trade,project_prompt_target
1,validation,F04,dysarthric,Session1,0100,data/extracted/torgo/F04/Session1/wav_arrayMic/0100.wav,6.3,"When he speaks, his voice is just a bit cracked and quivers a trifle.","When he speaks, his voice is just a bit cracked and quivers a trifle.",project_prompt_target
1,validation,F04,dysarthric,Session1,0105,data/extracted/torgo/F04/Session1/wav_arrayMic/0105.wav,0.75,"tear [as in ""tear up that paper""]",tear,project_prompt_target
1,validation,F04,dysarthric,Session1,0107,data/extracted/torgo/F04/Session1/wav_arrayMic/0107.wav,2.55,stick,stick,project_prompt_target
1,validation,F04,dysarthric,Session1,0120,data/extracted/torgo/F04/Session1/wav_arrayMic/0120.wav,6.75,"A long, flowing beard clings to his chin,","A long, flowing beard clings to his chin,",project_prompt_target
1,validation,F04,dysarthric,Session1,0134,data/extracted/torgo/F04/Session1/wav_arrayMic/0134.wav,1.65,charlie,charlie,project_prompt_target
1,validation,F04,dysarthric,Session1,0155,data/extracted/torgo/F04/Session1/wav_arrayMic/0155.wav,1.5,near,near,project_prompt_target
1,validation,F04,dysarthric,Session1,0159,data/extracted/torgo/F04/Session1/wav_arrayMic/0159.wav,7.65,"If you destroy confidence in banks, you do something to the economy, he said.","If you destroy confidence in banks, you do something to the economy, he said.",project_prompt_target
1,validation,F04,dysarthric,Session1,0163,data/extracted/torgo/F04/Session1/wav_arrayMic/0163.wav,1.2,write,write,project_prompt_target
1,validation,F04,dysarthric,Session1,0165,data/extracted/torgo/F04/Session1/wav_arrayMic/0165.wav,1.95,no,no,project_prompt_target
1,validation,F04,dysarthric,Session1,0184,data/extracted/torgo/F04/Session1/wav_arrayMic/0184.wav,7.05,Two other cases also were under advisement.,Two other cases also were under advisement.,project_prompt_target
1,validation,F04,dysarthric,Session1,0190,data/extracted/torgo/F04/Session1/wav_arrayMic/0190.wav,1.35,rock,rock,project_prompt_target
1,validation,F04,dysarthric,Session2,0104,data/extracted/torgo/F04/Session2/wav_headMic/0104.wav,4.375,pit,pit,project_prompt_target
1,validation,F04,dysarthric,Session2,0130,data/extracted/torgo/F04/Session2/wav_headMic/0130.wav,2.56,papa,papa,project_prompt_target
1,validation,F04,dysarthric,Session2,0143,data/extracted/torgo/F04/Session2/wav_headMic/0143.wav,7.4,This is not a program of socialized medicine.,This is not a program of socialized medicine.,project_prompt_target
1,validation,F04,dysarthric,Session2,0151,data/extracted/torgo/F04/Session2/wav_headMic/0151.wav,3.485,kitten,kitten,project_prompt_target
1,validation,F04,dysarthric,Session2,0160,data/extracted/torgo/F04/Session2/wav_headMic/0160.wav,4.085,him,him,project_prompt_target
1,validation,M03,dysarthric,Session2,0008,data/extracted/torgo/M03/Session2/wav_headMic/0008.wav,2.45,"lead [as in ""I will lead you""]",lead,project_prompt_target
1,validation,M03,dysarthric,Session2,0029,data/extracted/torgo/M03/Session2/wav_headMic/0029.wav,6.06,"Except in the winter when the ooze or snow or ice prevents,","Except in the winter when the ooze or snow or ice prevents,",project_prompt_target
1,validation,M03,dysarthric,Session2,0035,data/extracted/torgo/M03/Session2/wav_headMic/0035.wav,2.29,trouble,trouble,project_prompt_target
1,validation,M03,dysarthric,Session2,0042,data/extracted/torgo/M03/Session2/wav_headMic/0042.wav,4.165,chair,chair,project_prompt_target
1,validation,M03,dysarthric,Session2,0059,data/extracted/torgo/M03/Session2/wav_headMic/0059.wav,2.49,park,park,project_prompt_target
1,validation,M03,dysarthric,Session2,0066,data/extracted/torgo/M03/Session2/wav_headMic/0066.wav,2.11,beat,beat,project_prompt_target
1,validation,M03,dysarthric,Session2,0096,data/extracted/torgo/M03/Session2/wav_headMic/0096.wav,6.005,Twice each day he plays skillfully and with zest upon our small organ.,Twice each day he plays skillfully and with zest upon our small organ.,project_prompt_target
1,validation,M03,dysarthric,Session2,0101,data/extracted/torgo/M03/Session2/wav_headMic/0101.wav,6.20506,"When he speaks, his voice is just a bit cracked and quivers a trifle.","When he speaks, his voice is just a bit cracked and quivers a trifle.",project_prompt_target
1,validation,M03,dysarthric,Session2,0127,data/extracted/torgo/M03/Session2/wav_headMic/0127.wav,2.33,urgent,urgent,project_prompt_target
1,validation,M03,dysarthric,Session2,0166,data/extracted/torgo/M03/Session2/wav_headMic/0166.wav,3.745,The islands are sparsely populated.,The islands are sparsely populated.,project_prompt_target
1,validation,M03,dysarthric,Session2,0190,data/extracted/torgo/M03/Session2/wav_headMic/0190.wav,2.52,sprinkle,sprinkle,project_prompt_target
1,validation,M03,dysarthric,Session2,0207,data/extracted/torgo/M03/Session2/wav_headMic/0207.wav,1.995,single,single,project_prompt_target
1,validation,M03,dysarthric,Session2,0230,data/extracted/torgo/M03/Session2/wav_headMic/0230.wav,2.93,explore,explore,project_prompt_target
1,validation,M03,dysarthric,Session2,0235,data/extracted/torgo/M03/Session2/wav_headMic/0235.wav,2.235,boot,boot,project_prompt_target
1,validation,M03,dysarthric,Session2,0236,data/extracted/torgo/M03/Session2/wav_headMic/0236.wav,2.51,fate,fate,project_prompt_target
1,validation,M03,dysarthric,Session2,0240,data/extracted/torgo/M03/Session2/wav_headMic/0240.wav,1.95,pot,pot,project_prompt_target
1,validation,M03,dysarthric,Session2,0244,data/extracted/torgo/M03/Session2/wav_headMic/0244.wav,6.47,"If you destroy confidence in banks, you do something to the economy, he said.","If you destroy confidence in banks, you do something to the economy, he said.",project_prompt_target
1,validation,M03,dysarthric,Session2,0245,data/extracted/torgo/M03/Session2/wav_headMic/0245.wav,6.185,"If you destroy confidence in banks, you do something to the economy, he said.","If you destroy confidence in banks, you do something to the economy, he said.",project_prompt_target
1,validation,M03,dysarthric,Session2,0247,data/extracted/torgo/M03/Session2/wav_headMic/0247.wav,2.085,play,play,project_prompt_target
1,validation,M03,dysarthric,Session2,0275,data/extracted/torgo/M03/Session2/wav_headMic/0275.wav,6.435,"Before Thursday's exam, review every formula.","Before Thursday's exam, review every formula.",project_prompt_target
1,validation,M03,dysarthric,Session2,0307,data/extracted/torgo/M03/Session2/wav_headMic/0307.wav,1.93,november,november,project_prompt_target
1,validation,M03,dysarthric,Session2,0325,data/extracted/torgo/M03/Session2/wav_headMic/0325.wav,2.66,liar,liar,project_prompt_target
1,validation,M03,dysarthric,Session2,0326,data/extracted/torgo/M03/Session2/wav_headMic/0326.wav,2.555,lair,lair,project_prompt_target
1,validation,M03,dysarthric,Session2,0334,data/extracted/torgo/M03/Session2/wav_headMic/0334.wav,2.455,league,league,project_prompt_target
1,validation,M03,dysarthric,Session2,0344,data/extracted/torgo/M03/Session2/wav_headMic/0344.wav,6.63506,It also provides for funds to clear slums and help colleges build dormitories.,It also provides for funds to clear slums and help colleges build dormitories.,project_prompt_target
1,validation,M03,dysarthric,Session2,0382,data/extracted/torgo/M03/Session2/wav_headMic/0382.wav,2.28,hitting,hitting,project_prompt_target
1,validation,M03,dysarthric,Session2,0392,data/extracted/torgo/M03/Session2/wav_headMic/0392.wav,2.31,sink,sink,project_prompt_target
2,test,F04,dysarthric,Session1,0063,data/extracted/torgo/F04/Session1/wav_arrayMic/0063.wav,6.3,giving those who observe him a pronounced feeling of the utmost respect.,giving those who observe him a pronounced feeling of the utmost respect.,project_prompt_target
2,test,F04,dysarthric,Session1,0067,data/extracted/torgo/F04/Session1/wav_arrayMic/0067.wav,7.05,Twice each day he plays skillfully and with zest upon our small organ.,Twice each day he plays skillfully and with zest upon our small organ.,project_prompt_target
2,test,F04,dysarthric,Session1,0091,data/extracted/torgo/F04/Session1/wav_arrayMic/0091.wav,7.05,"Except in the winter when the ooze or snow or ice prevents,","Except in the winter when the ooze or snow or ice prevents,",project_prompt_target
2,test,F04,dysarthric,Session1,0092,data/extracted/torgo/F04/Session1/wav_arrayMic/0092.wav,6.15,"Except in the winter when the ooze or snow or ice prevents,","Except in the winter when the ooze or snow or ice prevents,",project_prompt_target
2,test,F04,dysarthric,Session1,0100,data/extracted/torgo/F04/Session1/wav_arrayMic/0100.wav,6.3,"When he speaks, his voice is just a bit cracked and quivers a trifle.","When he speaks, his voice is just a bit cracked and quivers a trifle.",project_prompt_target
2,test,F04,dysarthric,Session1,0120,data/extracted/torgo/F04/Session1/wav_arrayMic/0120.wav,6.75,"A long, flowing beard clings to his chin,","A long, flowing beard clings to his chin,",project_prompt_target
2,test,F04,dysarthric,Session1,0159,data/extracted/torgo/F04/Session1/wav_arrayMic/0159.wav,7.65,"If you destroy confidence in banks, you do something to the economy, he said.","If you destroy confidence in banks, you do something to the economy, he said.",project_prompt_target
2,test,F04,dysarthric,Session1,0184,data/extracted/torgo/F04/Session1/wav_arrayMic/0184.wav,7.05,Two other cases also were under advisement.,Two other cases also were under advisement.,project_prompt_target
2,test,F04,dysarthric,Session2,0143,data/extracted/torgo/F04/Session2/wav_headMic/0143.wav,7.4,This is not a program of socialized medicine.,This is not a program of socialized medicine.,project_prompt_target
2,test,M03,dysarthric,Session2,0029,data/extracted/torgo/M03/Session2/wav_headMic/0029.wav,6.06,"Except in the winter when the ooze or snow or ice prevents,","Except in the winter when the ooze or snow or ice prevents,",project_prompt_target
2,test,M03,dysarthric,Session2,0096,data/extracted/torgo/M03/Session2/wav_headMic/0096.wav,6.005,Twice each day he plays skillfully and with zest upon our small organ.,Twice each day he plays skillfully and with zest upon our small organ.,project_prompt_target
2,test,M03,dysarthric,Session2,0101,data/extracted/torgo/M03/Session2/wav_headMic/0101.wav,6.20506,"When he speaks, his voice is just a bit cracked and quivers a trifle.","When he speaks, his voice is just a bit cracked and quivers a trifle.",project_prompt_target
2,test,M03,dysarthric,Session2,0244,data/extracted/torgo/M03/Session2/wav_headMic/0244.wav,6.47,"If you destroy confidence in banks, you do something to the economy, he said.","If you destroy confidence in banks, you do something to the economy, he said.",project_prompt_target
2,test,M03,dysarthric,Session2,0245,data/extracted/torgo/M03/Session2/wav_headMic/0245.wav,6.185,"If you destroy confidence in banks, you do something to the economy, he said.","If you destroy confidence in banks, you do something to the economy, he said.",project_prompt_target
2,test,M03,dysarthric,Session2,0275,data/extracted/torgo/M03/Session2/wav_headMic/0275.wav,6.435,"Before Thursday's exam, review every formula.","Before Thursday's exam, review every formula.",project_prompt_target
2,test,M03,dysarthric,Session2,0344,data/extracted/torgo/M03/Session2/wav_headMic/0344.wav,6.63506,It also provides for funds to clear slums and help colleges build dormitories.,It also provides for funds to clear slums and help colleges build dormitories.,project_prompt_target
2,train,F01,dysarthric,Session1,0006,data/extracted/torgo/F01/Session1/wav_headMic/0006.wav,1.39938,stick,stick,project_prompt_target
2,train,F01,dysarthric,Session1,0007,data/extracted/torgo/F01/Session1/wav_headMic/0007.wav,2.268,tear [as in tear up that paper],tear,project_prompt_target
2,train,F01,dysarthric,Session1,0008,data/extracted/torgo/F01/Session1/wav_headMic/0008.wav,9.84375,"Except in the winter when the ooze or snow or ice prevents,","Except in the winter when the ooze or snow or ice prevents,",project_prompt_target
2,train,F01,dysarthric,Session1,0009,data/extracted/torgo/F01/Session1/wav_headMic/0009.wav,1.25463,pat,pat,project_prompt_target
2,train,F01,dysarthric,Session1,0010,data/extracted/torgo/F01/Session1/wav_headMic/0010.wav,2.07494,up,up,project_prompt_target
2,train,F01,dysarthric,Session1,0011,data/extracted/torgo/F01/Session1/wav_headMic/0011.wav,1.59244,meat,meat,project_prompt_target
2,train,F01,dysarthric,Session1,0012,data/extracted/torgo/F01/Session1/wav_headMic/0012.wav,1.64062,meat,meat,project_prompt_target
2,train,F01,dysarthric,Session1,0013,data/extracted/torgo/F01/Session1/wav_headMic/0013.wav,1.30288,know,know,project_prompt_target
2,train,F01,dysarthric,Session1,0014,data/extracted/torgo/F01/Session1/wav_headMic/0014.wav,6.56244,he slowly takes a short walk in the open air each day.,he slowly takes a short walk in the open air each day.,project_prompt_target
2,train,F01,dysarthric,Session1,0015,data/extracted/torgo/F01/Session1/wav_headMic/0015.wav,2.12319,air,air,project_prompt_target
2,train,F01,dysarthric,Session1,0016,data/extracted/torgo/F01/Session1/wav_headMic/0016.wav,2.41269,swarm,swarm,project_prompt_target
2,train,F01,dysarthric,Session1,0017,data/extracted/torgo/F01/Session1/wav_headMic/0017.wav,2.41275,double,double,project_prompt_target
2,train,F01,dysarthric,Session1,0019,data/extracted/torgo/F01/Session1/wav_headMic/0019.wav,1.88194,storm,storm,project_prompt_target
2,train,F01,dysarthric,Session1,0020,data/extracted/torgo/F01/Session1/wav_headMic/0020.wav,4.87362,Usually minus several buttons.,Usually minus several buttons.,project_prompt_target
2,train,F01,dysarthric,Session1,0021,data/extracted/torgo/F01/Session1/wav_headMic/0021.wav,1.84431,dug,dug,project_prompt_target
2,train,F01,dysarthric,Session1,0022,data/extracted/torgo/F01/Session1/wav_headMic/0022.wav,4.99038,You wished to know all about my grandfather.,You wished to know all about my grandfather.,project_prompt_target
2,train,F01,dysarthric,Session1,0024,data/extracted/torgo/F01/Session1/wav_headMic/0024.wav,1.68156,knee,knee,project_prompt_target
2,train,F01,dysarthric,Session1,0025,data/extracted/torgo/F01/Session1/wav_headMic/0025.wav,2.3325,feet,feet,project_prompt_target
2,train,F01,dysarthric,Session1,0026,data/extracted/torgo/F01/Session1/wav_headMic/0026.wav,2.06131,train,train,project_prompt_target
2,train,F01,dysarthric,Session1,0027,data/extracted/torgo/F01/Session1/wav_headMic/0027.wav,5.26163,"but he always answers, Banana oil!","but he always answers, Banana oil!",project_prompt_target
2,train,F01,dysarthric,Session1,0028,data/extracted/torgo/F01/Session1/wav_headMic/0028.wav,3.60712,"but he always answers, Banana oil!","but he always answers, Banana oil!",project_prompt_target
2,train,F01,dysarthric,Session1,0030,data/extracted/torgo/F01/Session1/wav_headMic/0030.wav,4.80056,The quick brown fox jumps over the lazy dog.,The quick brown fox jumps over the lazy dog.,project_prompt_target
2,train,F01,dysarthric,Session1,0031,data/extracted/torgo/F01/Session1/wav_headMic/0031.wav,4.61069,The quick brown fox jumps over the lazy dog.,The quick brown fox jumps over the lazy dog.,project_prompt_target
2,train,F01,dysarthric,Session1,0032,data/extracted/torgo/F01/Session1/wav_headMic/0032.wav,7.56687,She had your dark suit in greasy wash water all year.,She had your dark suit in greasy wash water all year.,project_prompt_target
2,train,F01,dysarthric,Session1,0033,data/extracted/torgo/F01/Session1/wav_headMic/0033.wav,0.86794,car,car,project_prompt_target
2,train,F01,dysarthric,Session1,0034,data/extracted/torgo/F01/Session1/wav_headMic/0034.wav,0.86794,feet,feet,project_prompt_target
2,train,F01,dysarthric,Session1,0036,data/extracted/torgo/F01/Session1/wav_headMic/0036.wav,6.31931,"We have often urged him to walk more and smoke less,","We have often urged him to walk more and smoke less,",project_prompt_target
2,train,F01,dysarthric,Session1,0037,data/extracted/torgo/F01/Session1/wav_headMic/0037.wav,1.81719,rake,rake,project_prompt_target
2,train,F01,dysarthric,Session1,0039,data/extracted/torgo/F01/Session1/wav_headMic/0039.wav,1.27481,swore,swore,project_prompt_target
2,train,F01,dysarthric,Session1,0040,data/extracted/torgo/F01/Session1/wav_headMic/0040.wav,1.35613,rave,rave,project_prompt_target
2,train,F01,dysarthric,Session1,0041,data/extracted/torgo/F01/Session1/wav_headMic/0041.wav,1.11206,rave,rave,project_prompt_target
2,train,F01,dysarthric,Session1,0042,data/extracted/torgo/F01/Session1/wav_headMic/0042.wav,0.78387,for,for,project_prompt_target
2,train,F01,dysarthric,Session1,0043,data/extracted/torgo/F01/Session1/wav_headMic/0043.wav,1.75106,sip,sip,project_prompt_target
2,train,F01,dysarthric,Session1,0044,data/extracted/torgo/F01/Session1/wav_headMic/0044.wav,1.40088,grow,grow,project_prompt_target
2,train,F01,dysarthric,Session1,0045,data/extracted/torgo/F01/Session1/wav_headMic/0045.wav,1.13406,bit,bit,project_prompt_target
2,train,F01,dysarthric,Session1,0046,data/extracted/torgo/F01/Session1/wav_headMic/0046.wav,1.38419,chair,chair,project_prompt_target
2,train,F01,dysarthric,Session1,0047,data/extracted/torgo/F01/Session1/wav_headMic/0047.wav,1.35081,one,one,project_prompt_target
2,train,F01,dysarthric,Session1,0048,data/extracted/torgo/F01/Session1/wav_headMic/0048.wav,1.90119,fair,fair,project_prompt_target
2,train,F01,dysarthric,Session1,0049,data/extracted/torgo/F01/Session1/wav_headMic/0049.wav,1.58431,two,two,project_prompt_target
2,train,F01,dysarthric,Session1,0050,data/extracted/torgo/F01/Session1/wav_headMic/0050.wav,1.93444,beta,beta,project_prompt_target
2,train,F01,dysarthric,Session1,0051,data/extracted/torgo/F01/Session1/wav_headMic/0051.wav,1.38419,rage,rage,project_prompt_target
2,train,F01,dysarthric,Session1,0052,data/extracted/torgo/F01/Session1/wav_headMic/0052.wav,1.46756,spark,spark,project_prompt_target
2,train,F01,dysarthric,Session1,0053,data/extracted/torgo/F01/Session1/wav_headMic/0053.wav,1.30075,swarm,swarm,project_prompt_target
2,train,F01,dysarthric,Session1,0054,data/extracted/torgo/F01/Session1/wav_headMic/0054.wav,1.15069,beat,beat,project_prompt_target
2,train,F01,dysarthric,Session1,0057,data/extracted/torgo/F01/Session1/wav_headMic/0057.wav,1.56763,race,race,project_prompt_target
2,train,F01,dysarthric,Session1,0058,data/extracted/torgo/F01/Session1/wav_headMic/0058.wav,0.95063,the,the,project_prompt_target
2,train,F01,dysarthric,Session1,0059,data/extracted/torgo/F01/Session1/wav_headMic/0059.wav,0.95056,the,the,project_prompt_target
2,train,F01,dysarthric,Session1,0060,data/extracted/torgo/F01/Session1/wav_headMic/0060.wav,1.3675,form,form,project_prompt_target
2,train,F01,dysarthric,Session1,0061,data/extracted/torgo/F01/Session1/wav_headMic/0061.wav,1.16738,dark,dark,project_prompt_target
2,train,F01,dysarthric,Session1,0062,data/extracted/torgo/F01/Session1/wav_headMic/0062.wav,1.06737,sip,sip,project_prompt_target
2,train,F01,dysarthric,Session1,0063,data/extracted/torgo/F01/Session1/wav_headMic/0063.wav,1.21744,farm,farm,project_prompt_target
2,train,F01,dysarthric,Session1,0065,data/extracted/torgo/F01/Session1/wav_headMic/0065.wav,1.16738,fee,fee,project_prompt_target
2,train,F01,dysarthric,Session1,0066,data/extracted/torgo/F01/Session1/wav_headMic/0066.wav,2.11794,weed,weed,project_prompt_target
2,train,F01,dysarthric,Session1,0069,data/extracted/torgo/F01/Session1/wav_headMic/0069.wav,1.42094,bat,bat,project_prompt_target
2,train,F01,dysarthric,Session1,0070,data/extracted/torgo/F01/Session1/wav_headMic/0070.wav,1.52119,horn,horn,project_prompt_target
2,train,F01,dysarthric,Session1,0071,data/extracted/torgo/F01/Session1/wav_headMic/0071.wav,1.63813,jagged,jagged,project_prompt_target
2,train,F01,dysarthric,Session1,0072,data/extracted/torgo/F01/Session1/wav_headMic/0072.wav,1.52119,sheet,sheet,project_prompt_target
2,train,F01,dysarthric,Session1,0073,data/extracted/torgo/F01/Session1/wav_headMic/0073.wav,1.17019,chair,chair,project_prompt_target
2,train,F01,dysarthric,Session1,0074,data/extracted/torgo/F01/Session1/wav_headMic/0074.wav,1.25375,bubble,bubble,project_prompt_target
2,train,F01,dysarthric,Session1,0075,data/extracted/torgo/F01/Session1/wav_headMic/0075.wav,1.35406,warm,warm,project_prompt_target
2,train,F01,dysarthric,Session1,0076,data/extracted/torgo/F01/Session1/wav_headMic/0076.wav,1.32056,ship,ship,project_prompt_target
2,train,F01,dysarthric,Session1,0080,data/extracted/torgo/F01/Session1/wav_headMic/0080.wav,1.86781,hair,hair,project_prompt_target
2,train,F01,dysarthric,Session1,0081,data/extracted/torgo/F01/Session1/wav_headMic/0081.wav,1.03775,share,share,project_prompt_target
2,train,F01,dysarthric,Session1,0082,data/extracted/torgo/F01/Session1/wav_headMic/0082.wav,1.01463,rate,rate,project_prompt_target
2,train,F01,dysarthric,Session1,0083,data/extracted/torgo/F01/Session1/wav_headMic/0083.wav,1.77563,goat,goat,project_prompt_target
2,train,F01,dysarthric,Session1,0084,data/extracted/torgo/F01/Session1/wav_headMic/0084.wav,1.98306,trace,trace,project_prompt_target
2,train,F01,dysarthric,Session1,0085,data/extracted/torgo/F01/Session1/wav_headMic/0085.wav,1.59106,sip,sip,project_prompt_target
2,train,F01,dysarthric,Session1,0086,data/extracted/torgo/F01/Session1/wav_headMic/0086.wav,1.3605,go,go,project_prompt_target
2,train,F01,dysarthric,Session1,0087,data/extracted/torgo/F01/Session1/wav_headMic/0087.wav,1.59112,alpha,alpha,project_prompt_target
2,train,F01,dysarthric,Session1,0089,data/extracted/torgo/F01/Session1/wav_headMic/0089.wav,1.59106,sticks,sticks,project_prompt_target
2,train,F01,dysarthric,Session1,0090,data/extracted/torgo/F01/Session1/wav_headMic/0090.wav,2.02919,trouble,trouble,project_prompt_target
2,train,F01,dysarthric,Session1,0092,data/extracted/torgo/F01/Session1/wav_headMic/0092.wav,1.153,read [as in I can read],read,project_prompt_target
2,train,F01,dysarthric,Session1,0093,data/extracted/torgo/F01/Session1/wav_headMic/0093.wav,4.15062,"A long, flowing beard clings to his chin,","A long, flowing beard clings to his chin,",project_prompt_target
2,train,F01,dysarthric,Session1,0094,data/extracted/torgo/F01/Session1/wav_headMic/0094.wav,1.3085,slip,slip,project_prompt_target
2,train,F01,dysarthric,Session1,0095,data/extracted/torgo/F01/Session1/wav_headMic/0095.wav,1.42394,glow,glow,project_prompt_target
2,train,F01,dysarthric,Session1,0097,data/extracted/torgo/F01/Session1/wav_headMic/0097.wav,1.48162,trade,trade,project_prompt_target
2,train,F01,dysarthric,Session1,0098,data/extracted/torgo/F01/Session1/wav_headMic/0098.wav,1.30838,range,range,project_prompt_target
2,train,F01,dysarthric,Session1,0099,data/extracted/torgo/F01/Session1/wav_headMic/0099.wav,1.01975,stubble,stubble,project_prompt_target
2,train,F01,dysarthric,Session1,0101,data/extracted/torgo/F01/Session1/wav_headMic/0101.wav,1.7895,bug,bug,project_prompt_target
2,train,F01,dysarthric,Session1,0102,data/extracted/torgo/F01/Session1/wav_headMic/0102.wav,0.94288,bug,bug,project_prompt_target
2,train,F01,dysarthric,Session1,0103,data/extracted/torgo/F01/Session1/wav_headMic/0103.wav,1.19306,lead [as in I will lead you],lead,project_prompt_target
2,train,F01,dysarthric,Session1,0104,data/extracted/torgo/F01/Session1/wav_headMic/0104.wav,4.40631,yet he still thinks as swiftly as ever.,yet he still thinks as swiftly as ever.,project_prompt_target
2,train,F01,dysarthric,Session1,0105,data/extracted/torgo/F01/Session1/wav_headMic/0105.wav,4.81975,yet he still thinks as swiftly as ever.,yet he still thinks as swiftly as ever.,project_prompt_target
2,train,F01,dysarthric,Session1,0106,data/extracted/torgo/F01/Session1/wav_headMic/0106.wav,5.69606,yet he still thinks as swiftly as ever.,yet he still thinks as swiftly as ever.,project_prompt_target
2,train,F01,dysarthric,Session1,0107,data/extracted/torgo/F01/Session1/wav_headMic/0107.wav,1.43644,read [as in I can read],read,project_prompt_target
2,train,F01,dysarthric,Session1,0108,data/extracted/torgo/F01/Session1/wav_headMic/0108.wav,2.08031,jacket,jacket,project_prompt_target
2,train,F01,dysarthric,Session1,0109,data/extracted/torgo/F01/Session1/wav_headMic/0109.wav,1.6345,born,born,project_prompt_target
2,train,F01,dysarthric,Session1,0110,data/extracted/torgo/F01/Session1/wav_headMic/0110.wav,1.38688,warm,warm,project_prompt_target
2,train,F01,dysarthric,Session1,0111,data/extracted/torgo/F01/Session1/wav_headMic/0111.wav,1.6345,corn,corn,project_prompt_target
2,train,F01,dysarthric,Session1,0113,data/extracted/torgo/F01/Session1/wav_headMic/0113.wav,1.83262,knew,knew,project_prompt_target
2,train,F01,dysarthric,Session1,0114,data/extracted/torgo/F01/Session1/wav_headMic/0114.wav,5.10169,"Well, he is nearly ninety three years old","Well, he is nearly ninety three years old",project_prompt_target
2,train,F01,dysarthric,Session1,0115,data/extracted/torgo/F01/Session1/wav_headMic/0115.wav,2.08031,feed,feed,project_prompt_target
2,train,F01,dysarthric,Session1,0116,data/extracted/torgo/F01/Session1/wav_headMic/0116.wav,9.807,Twice each day he plays skillfully and with zest upon our small organ.,Twice each day he plays skillfully and with zest upon our small organ.,project_prompt_target
2,train,F01,dysarthric,Session1,0117,data/extracted/torgo/F01/Session1/wav_headMic/0117.wav,1.83262,feed,feed,project_prompt_target
2,train,F01,dysarthric,Session1,0118,data/extracted/torgo/F01/Session1/wav_headMic/0118.wav,1.78325,knew,knew,project_prompt_target
2,train,F01,dysarthric,Session1,0119,data/extracted/torgo/F01/Session1/wav_headMic/0119.wav,1.83262,rain,rain,project_prompt_target
2,train,F01,dysarthric,Session1,0121,data/extracted/torgo/F01/Session1/wav_headMic/0121.wav,1.83262,park,park,project_prompt_target
2,train,F01,dysarthric,Session1,0122,data/extracted/torgo/F01/Session1/wav_headMic/0122.wav,1.88219,tip,tip,project_prompt_target
2,train,F01,dysarthric,Session1,0123,data/extracted/torgo/F01/Session1/wav_headMic/0123.wav,1.68406,down,down,project_prompt_target
2,train,F01,dysarthric,Session1,0124,data/extracted/torgo/F01/Session1/wav_headMic/0124.wav,2.32794,gadget,gadget,project_prompt_target
2,train,F01,dysarthric,Session1,0126,data/extracted/torgo/F01/Session1/wav_headMic/0126.wav,6.24081,"he dresses himself in an ancient black frock coat,","he dresses himself in an ancient black frock coat,",project_prompt_target
2,train,F01,dysarthric,Session1,0129,data/extracted/torgo/F01/Session1/wav_headMic/0129.wav,0.94112,storm,storm,project_prompt_target
2,train,F01,dysarthric,Session1,0130,data/extracted/torgo/F01/Session1/wav_headMic/0130.wav,5.74556,Grandfather likes to be modern in his language.,Grandfather likes to be modern in his language.,project_prompt_target
2,train,F01,dysarthric,Session1,0131,data/extracted/torgo/F01/Session1/wav_headMic/0131.wav,1.6345,torn,torn,project_prompt_target
2,train,F01,dysarthric,Session1,0132,data/extracted/torgo/F01/Session1/wav_headMic/0132.wav,9.16313,"When he speaks, his voice is just a bit cracked and quivers a trifle.","When he speaks, his voice is just a bit cracked and quivers a trifle.",project_prompt_target
2,train,F01,dysarthric,Session1,0133,data/extracted/torgo/F01/Session1/wav_headMic/0133.wav,1.23831,trait,trait,project_prompt_target
2,train,F01,dysarthric,Session1,0134,data/extracted/torgo/F01/Session1/wav_headMic/0134.wav,1.98125,yes,yes,project_prompt_target
2,train,F03,dysarthric,Session1,0015,data/extracted/torgo/F03/Session1/wav_headMic/0015.wav,2.04106,alpha,alpha,project_prompt_target
2,train,F03,dysarthric,Session1,0024,data/extracted/torgo/F03/Session1/wav_headMic/0024.wav,9.97325,Twice each day he plays skillfully and with zest upon our little organ.,Twice each day he plays skillfully and with zest upon our little organ.,project_prompt_target
2,train,F03,dysarthric,Session1,0025,data/extracted/torgo/F03/Session1/wav_headMic/0025.wav,10.15881,Twice each day he plays skillfully and with zest upon our small organ.,Twice each day he plays skillfully and with zest upon our small organ.,project_prompt_target
2,train,F03,dysarthric,Session1,0028,data/extracted/torgo/F03/Session1/wav_headMic/0028.wav,8.90638,"We have often urged him to walk more and smoke less,","We have often urged him to walk more and smoke less,",project_prompt_target
2,train,F03,dysarthric,Session1,0030,data/extracted/torgo/F03/Session1/wav_headMic/0030.wav,8.25694,Except in the winter when the ozone or snow or ice prevents.,Except in the winter when the ozone or snow or ice prevents.,project_prompt_target
2,train,F03,dysarthric,Session1,0031,data/extracted/torgo/F03/Session1/wav_headMic/0031.wav,8.11775,"Except in the winter when the ooze or snow or ice prevents,","Except in the winter when the ooze or snow or ice prevents,",project_prompt_target
2,train,F03,dysarthric,Session1,0033,data/extracted/torgo/F03/Session1/wav_headMic/0033.wav,2.6905,weed,weed,project_prompt_target
2,train,F03,dysarthric,Session1,0048,data/extracted/torgo/F03/Session1/wav_headMic/0048.wav,2.08744,park,park,project_prompt_target
2,train,F03,dysarthric,Session1,0054,data/extracted/torgo/F03/Session1/wav_headMic/0054.wav,1.0605,bat,bat,project_prompt_target
2,train,F03,dysarthric,Session1,0058,data/extracted/torgo/F03/Session1/wav_headMic/0058.wav,1.20006,horn,horn,project_prompt_target
2,train,F03,dysarthric,Session1,0061,data/extracted/torgo/F03/Session1/wav_headMic/0061.wav,0.86513,dagger,dagger,project_prompt_target
2,train,F03,dysarthric,Session1,0070,data/extracted/torgo/F03/Session1/wav_headMic/0070.wav,10.80025,giving those who observe him a pronounced feeling of the utmost respect.,giving those who observe him a pronounced feeling of the utmost respect.,project_prompt_target
2,train,F03,dysarthric,Session1,0071,data/extracted/torgo/F03/Session1/wav_headMic/0071.wav,1.33956,trait,trait,project_prompt_target
2,train,F03,dysarthric,Session1,0072,data/extracted/torgo/F03/Session1/wav_headMic/0072.wav,7.42344,he slowly takes a short walk in the open air each day.,he slowly takes a short walk in the open air each day.,project_prompt_target
2,train,F03,dysarthric,Session1,0073,data/extracted/torgo/F03/Session1/wav_headMic/0073.wav,1.31163,knee,knee,project_prompt_target
2,train,F03,dysarthric,Session1,0075,data/extracted/torgo/F03/Session1/wav_headMic/0075.wav,5.86062,"he dresses himself in an ancient black frock coat,","he dresses himself in an ancient black frock coat,",project_prompt_target
2,train,F03,dysarthric,Session1,0078,data/extracted/torgo/F03/Session1/wav_headMic/0078.wav,0.893,bit,bit,project_prompt_target
2,train,F03,dysarthric,Session1,0095,data/extracted/torgo/F03/Session1/wav_headMic/0095.wav,6.41875,"When he speaks, his voice is just a bit cracked and quivers a trifle.","When he speaks, his voice is just a bit cracked and quivers a trifle.",project_prompt_target
2,train,F03,dysarthric,Session1,0096,data/extracted/torgo/F03/Session1/wav_headMic/0096.wav,3.71169,Don't ask me to carry an oily rag like that.,Don't ask me to carry an oily rag like that.,project_prompt_target
2,train,F03,dysarthric,Session1,0109,data/extracted/torgo/F03/Session1/wav_headMic/0109.wav,1.17213,farm,farm,project_prompt_target
2,train,F03,dysarthric,Session1,0110,data/extracted/torgo/F03/Session1/wav_headMic/0110.wav,0.58606,up,up,project_prompt_target
2,train,F03,dysarthric,Session1,0111,data/extracted/torgo/F03/Session1/wav_headMic/0111.wav,1.45119,warm,warm,project_prompt_target
2,train,F03,dysarthric,Session1,0114,data/extracted/torgo/F03/Session1/wav_headMic/0114.wav,1.24838,knew,knew,project_prompt_target
2,train,F03,dysarthric,Session1,0119,data/extracted/torgo/F03/Session1/wav_headMic/0119.wav,1.12525,warm,warm,project_prompt_target
2,train,F03,dysarthric,Session1,0143,data/extracted/torgo/F03/Session1/wav_headMic/0143.wav,0.89669,ate,ate,project_prompt_target
2,train,F03,dysarthric,Session1,0144,data/extracted/torgo/F03/Session1/wav_headMic/0144.wav,3.2,I scrubbed the floors thoroughly.,I scrubbed the floors thoroughly.,project_prompt_target
2,train,F03,dysarthric,Session1,0152,data/extracted/torgo/F03/Session1/wav_headMic/0152.wav,2.34444,This was easy for us.,This was easy for us.,project_prompt_target
2,train,F03,dysarthric,Session1,0153,data/extracted/torgo/F03/Session1/wav_headMic/0153.wav,1.08931,wish,wish,project_prompt_target
2,train,F03,dysarthric,Session1,0157,data/extracted/torgo/F03/Session1/wav_headMic/0157.wav,2.53394,I feel I can play this weekend.,I feel I can play this weekend.,project_prompt_target
2,train,F03,dysarthric,Session1,0159,data/extracted/torgo/F03/Session1/wav_headMic/0159.wav,1.13669,bear,bear,project_prompt_target
2,train,F03,dysarthric,Session1,0160,data/extracted/torgo/F03/Session1/wav_headMic/0160.wav,0.89987,coupe,coupe,project_prompt_target
2,train,F03,dysarthric,Session1,0164,data/extracted/torgo/F03/Session1/wav_headMic/0164.wav,0.92356,sigh,sigh,project_prompt_target
2,train,F03,dysarthric,Session1,0166,data/extracted/torgo/F03/Session1/wav_headMic/0166.wav,0.92356,boot,boot,project_prompt_target
2,train,F03,dysarthric,Session1,0167,data/extracted/torgo/F03/Session1/wav_headMic/0167.wav,2.77075,She is thinner than I am.,She is thinner than I am.,project_prompt_target
2,train,F03,dysarthric,Session1,0170,data/extracted/torgo/F03/Session1/wav_headMic/0170.wav,3.99794,All the big baseball players get traded.,All the big baseball players get traded.,project_prompt_target
2,train,F03,dysarthric,Session1,0172,data/extracted/torgo/F03/Session1/wav_headMic/0172.wav,1.5035,mere,mere,project_prompt_target
2,train,F03,dysarthric,Session1,0173,data/extracted/torgo/F03/Session1/wav_headMic/0173.wav,0.71762,whoop,whoop,project_prompt_target
2,train,F03,dysarthric,Session1,0187,data/extracted/torgo/F03/Session1/wav_headMic/0187.wav,0.95675,hear,hear,project_prompt_target
2,train,F03,dysarthric,Session1,0189,data/extracted/torgo/F03/Session1/wav_headMic/0189.wav,1.2985,galore,galore,project_prompt_target
2,train,F03,dysarthric,Session1,0193,data/extracted/torgo/F03/Session1/wav_headMic/0193.wav,1.43519,sigh,sigh,project_prompt_target
2,train,F03,dysarthric,Session1,0201,data/extracted/torgo/F03/Session1/wav_headMic/0201.wav,1.36688,air,air,project_prompt_target
2,train,F03,dysarthric,Session1,0203,data/extracted/torgo/F03/Session1/wav_headMic/0203.wav,1.12763,bat,bat,project_prompt_target
2,train,F03,dysarthric,Session2,0007,data/extracted/torgo/F03/Session2/wav_headMic/0007.wav,9.255,"If you destroy confidence in banks, you do something to the economy, he said.","If you destroy confidence in banks, you do something to the economy, he said.",project_prompt_target
2,train,F03,dysarthric,Session2,0013,data/extracted/torgo/F03/Session2/wav_headMic/0013.wav,2.0,no,no,project_prompt_target
2,train,F03,dysarthric,Session2,0016,data/extracted/torgo/F03/Session2/wav_headMic/0016.wav,1.73,white,white,project_prompt_target
2,train,F03,dysarthric,Session2,0020,data/extracted/torgo/F03/Session2/wav_headMic/0020.wav,6.66506,The islands are sparsely populated.,The islands are sparsely populated.,project_prompt_target
2,train,F03,dysarthric,Session2,0021,data/extracted/torgo/F03/Session2/wav_headMic/0021.wav,6.135,Bright sunshine shimmers on the ocean.,Bright sunshine shimmers on the ocean.,project_prompt_target
2,train,F03,dysarthric,Session2,0022,data/extracted/torgo/F03/Session2/wav_headMic/0022.wav,2.305,jungle,jungle,project_prompt_target
2,train,F03,dysarthric,Session2,0027,data/extracted/torgo/F03/Session2/wav_headMic/0027.wav,2.46,delta,delta,project_prompt_target
2,train,F03,dysarthric,Session2,0029,data/extracted/torgo/F03/Session2/wav_headMic/0029.wav,8.09,"Everything went real smooth, the sheriff said.","Everything went real smooth, the sheriff said.",project_prompt_target
2,train,F03,dysarthric,Session2,0037,data/extracted/torgo/F03/Session2/wav_headMic/0037.wav,6.775,Both figures would go higher in later years.,Both figures would go higher in later years.,project_prompt_target
2,train,F03,dysarthric,Session2,0042,data/extracted/torgo/F03/Session2/wav_headMic/0042.wav,4.6,slip,slip,project_prompt_target
2,train,F03,dysarthric,Session2,0048,data/extracted/torgo/F03/Session2/wav_headMic/0048.wav,2.01,group,group,project_prompt_target
2,train,F03,dysarthric,Session2,0054,data/extracted/torgo/F03/Session2/wav_headMic/0054.wav,9.92506,Mother sews yellow,Mother sews yellow,project_prompt_target
2,train,F03,dysarthric,Session2,0055,data/extracted/torgo/F03/Session2/wav_headMic/0055.wav,5.80006,Mother sews yellow gingham aprons.,Mother sews yellow gingham aprons.,project_prompt_target
2,train,F03,dysarthric,Session2,0059,data/extracted/torgo/F03/Session2/wav_headMic/0059.wav,3.70006,yes,yes,project_prompt_target
2,train,F03,dysarthric,Session2,0063,data/extracted/torgo/F03/Session2/wav_headMic/0063.wav,6.32,Day after day some new episode is reported.,Day after day some new episode is reported.,project_prompt_target
2,train,F03,dysarthric,Session2,0065,data/extracted/torgo/F03/Session2/wav_headMic/0065.wav,1.485,fat,fat,project_prompt_target
2,train,F03,dysarthric,Session2,0073,data/extracted/torgo/F03/Session2/wav_headMic/0073.wav,2.745,sergeant,sergeant,project_prompt_target
2,train,F03,dysarthric,Session2,0074,data/extracted/torgo/F03/Session2/wav_headMic/0074.wav,1.7,rich,rich,project_prompt_target
2,train,F03,dysarthric,Session2,0078,data/extracted/torgo/F03/Session2/wav_headMic/0078.wav,1.66,written,written,project_prompt_target
2,train,F03,dysarthric,Session2,0079,data/extracted/torgo/F03/Session2/wav_headMic/0079.wav,3.85,thought,thought,project_prompt_target
2,train,F03,dysarthric,Session2,0080,data/extracted/torgo/F03/Session2/wav_headMic/0080.wav,5.27,The little schoolhouse stood empty.,The little schoolhouse stood empty.,project_prompt_target
2,train,F03,dysarthric,Session2,0087,data/extracted/torgo/F03/Session2/wav_headMic/0087.wav,5.22506,Both injuries were to the same leg.,Both injuries were to the same leg.,project_prompt_target
2,train,F03,dysarthric,Session2,0088,data/extracted/torgo/F03/Session2/wav_headMic/0088.wav,7.355,part,part,project_prompt_target
2,train,F03,dysarthric,Session2,0095,data/extracted/torgo/F03/Session2/wav_headMic/0095.wav,4.25,leak,leak,project_prompt_target
2,train,F03,dysarthric,Session2,0098,data/extracted/torgo/F03/Session2/wav_headMic/0098.wav,6.12,The museum hires musicians every evening.,The museum hires musicians every evening.,project_prompt_target
2,train,F03,dysarthric,Session2,0100,data/extracted/torgo/F03/Session2/wav_headMic/0100.wav,1.65006,no,no,project_prompt_target
2,train,F03,dysarthric,Session2,0101,data/extracted/torgo/F03/Session2/wav_headMic/0101.wav,10.225,Alimony harms a divorced man's wealth.,Alimony harms a divorced man's wealth.,project_prompt_target
2,train,F03,dysarthric,Session2,0103,data/extracted/torgo/F03/Session2/wav_headMic/0103.wav,1.51506,city,city,project_prompt_target
2,train,F03,dysarthric,Session2,0106,data/extracted/torgo/F03/Session2/wav_headMic/0106.wav,2.92,sign,sign,project_prompt_target
2,train,F03,dysarthric,Session2,0109,data/extracted/torgo/F03/Session2/wav_headMic/0109.wav,2.71,hark,hark,project_prompt_target
2,train,F03,dysarthric,Session2,0116,data/extracted/torgo/F03/Session2/wav_headMic/0116.wav,1.40506,lair,lair,project_prompt_target
2,train,F03,dysarthric,Session2,0118,data/extracted/torgo/F03/Session2/wav_headMic/0118.wav,7.665,Nothing has been done yet to take advantage of the enabling legislation.,Nothing has been done yet to take advantage of the enabling legislation.,project_prompt_target
2,train,F03,dysarthric,Session2,0124,data/extracted/torgo/F03/Session2/wav_headMic/0124.wav,2.71,spit,spit,project_prompt_target
2,train,F03,dysarthric,Session2,0126,data/extracted/torgo/F03/Session2/wav_headMic/0126.wav,1.385,nine,nine,project_prompt_target
2,train,F03,dysarthric,Session2,0133,data/extracted/torgo/F03/Session2/wav_headMic/0133.wav,9.59,It eventually became a rather proud claim.,It eventually became a rather proud claim.,project_prompt_target
2,train,F03,dysarthric,Session2,0140,data/extracted/torgo/F03/Session2/wav_headMic/0140.wav,1.74,hitting,hitting,project_prompt_target
2,train,F03,dysarthric,Session2,0141,data/extracted/torgo/F03/Session2/wav_headMic/0141.wav,4.445,"Before Thursday's exam, review every formula.","Before Thursday's exam, review every formula.",project_prompt_target
2,train,F03,dysarthric,Session2,0147,data/extracted/torgo/F03/Session2/wav_headMic/0147.wav,4.26,The misguided souls have lost their way.,The misguided souls have lost their way.,project_prompt_target
2,train,F03,dysarthric,Session2,0152,data/extracted/torgo/F03/Session2/wav_headMic/0152.wav,1.25506,tell,tell,project_prompt_target
2,train,F03,dysarthric,Session3,0005,data/extracted/torgo/F03/Session3/wav_headMic/0005.wav,2.175,shop,shop,project_prompt_target
2,train,F03,dysarthric,Session3,0015,data/extracted/torgo/F03/Session3/wav_headMic/0015.wav,2.31,blend,blend,project_prompt_target
2,train,F03,dysarthric,Session3,0033,data/extracted/torgo/F03/Session3/wav_headMic/0033.wav,2.42,quart,quart,project_prompt_target
2,train,F03,dysarthric,Session3,0037,data/extracted/torgo/F03/Session3/wav_headMic/0037.wav,3.35,bird,bird,project_prompt_target
2,train,F03,dysarthric,Session3,0038,data/extracted/torgo/F03/Session3/wav_headMic/0038.wav,6.82506,Some hotels are available nearby.,Some hotels are available nearby.,project_prompt_target
2,train,F03,dysarthric,Session3,0043,data/extracted/torgo/F03/Session3/wav_headMic/0043.wav,1.34,nice,nice,project_prompt_target
2,train,F03,dysarthric,Session3,0046,data/extracted/torgo/F03/Session3/wav_headMic/0046.wav,1.72506,nice,nice,project_prompt_target
2,train,F03,dysarthric,Session3,0047,data/extracted/torgo/F03/Session3/wav_headMic/0047.wav,7.4,It also provides for funds to clear slums and help colleges build dormitories.,It also provides for funds to clear slums and help colleges build dormitories.,project_prompt_target
2,train,F03,dysarthric,Session3,0050,data/extracted/torgo/F03/Session3/wav_headMic/0050.wav,4.045,Get a calico cat to keep.,Get a calico cat to keep.,project_prompt_target
2,train,F03,dysarthric,Session3,0053,data/extracted/torgo/F03/Session3/wav_headMic/0053.wav,2.345,rise,rise,project_prompt_target
2,train,F03,dysarthric,Session3,0059,data/extracted/torgo/F03/Session3/wav_headMic/0059.wav,1.88,tread,tread,project_prompt_target
2,train,F03,dysarthric,Session3,0062,data/extracted/torgo/F03/Session3/wav_headMic/0062.wav,1.33,cork,cork,project_prompt_target
2,train,F03,dysarthric,Session3,0064,data/extracted/torgo/F03/Session3/wav_headMic/0064.wav,1.535,rid,rid,project_prompt_target
2,train,F03,dysarthric,Session3,0066,data/extracted/torgo/F03/Session3/wav_headMic/0066.wav,1.5,eat,eat,project_prompt_target
2,train,F03,dysarthric,Session3,0068,data/extracted/torgo/F03/Session3/wav_headMic/0068.wav,1.145,and,and,project_prompt_target
2,train,F03,dysarthric,Session3,0077,data/extracted/torgo/F03/Session3/wav_headMic/0077.wav,1.675,bitter,bitter,project_prompt_target
2,train,F03,dysarthric,Session3,0086,data/extracted/torgo/F03/Session3/wav_headMic/0086.wav,1.72,sip,sip,project_prompt_target
2,train,F03,dysarthric,Session3,0091,data/extracted/torgo/F03/Session3/wav_headMic/0091.wav,1.125,red,red,project_prompt_target
2,train,F03,dysarthric,Session3,0095,data/extracted/torgo/F03/Session3/wav_headMic/0095.wav,1.375,heart,heart,project_prompt_target
2,train,F03,dysarthric,Session3,0096,data/extracted/torgo/F03/Session3/wav_headMic/0096.wav,1.745,four,four,project_prompt_target
2,train,F03,dysarthric,Session3,0103,data/extracted/torgo/F03/Session3/wav_headMic/0103.wav,2.285,dice,dice,project_prompt_target
2,train,F03,dysarthric,Session3,0111,data/extracted/torgo/F03/Session3/wav_headMic/0111.wav,1.38,shred,shred,project_prompt_target
2,train,F03,dysarthric,Session3,0121,data/extracted/torgo/F03/Session3/wav_headMic/0121.wav,2.285,The pair of shoes was new.,The pair of shoes was new.,project_prompt_target
2,train,F03,dysarthric,Session3,0128,data/extracted/torgo/F03/Session3/wav_headMic/0128.wav,1.47,rock,rock,project_prompt_target
2,train,F03,dysarthric,Session3,0129,data/extracted/torgo/F03/Session3/wav_headMic/0129.wav,1.35,sink,sink,project_prompt_target
2,train,F03,dysarthric,Session3,0131,data/extracted/torgo/F03/Session3/wav_headMic/0131.wav,1.11506,rake,rake,project_prompt_target
2,train,F03,dysarthric,Session3,0132,data/extracted/torgo/F03/Session3/wav_headMic/0132.wav,1.365,meats,meats,project_prompt_target
2,train,F03,dysarthric,Session3,0136,data/extracted/torgo/F03/Session3/wav_headMic/0136.wav,3.54,Young people participate in athletic activities.,Young people participate in athletic activities.,project_prompt_target
2,train,F03,dysarthric,Session3,0139,data/extracted/torgo/F03/Session3/wav_headMic/0139.wav,1.565,court,court,project_prompt_target
2,train,F03,dysarthric,Session3,0142,data/extracted/torgo/F03/Session3/wav_headMic/0142.wav,1.415,fork,fork,project_prompt_target
2,train,F03,dysarthric,Session3,0153,data/extracted/torgo/F03/Session3/wav_headMic/0153.wav,7.045,He further proposed grants of an unspecified sum for experimental hospitals.,He further proposed grants of an unspecified sum for experimental hospitals.,project_prompt_target
2,train,F03,dysarthric,Session3,0163,data/extracted/torgo/F03/Session3/wav_headMic/0163.wav,1.305,knot,knot,project_prompt_target
2,train,F03,dysarthric,Session3,0166,data/extracted/torgo/F03/Session3/wav_headMic/0166.wav,1.405,fed,fed,project_prompt_target
2,train,F03,dysarthric,Session3,0167,data/extracted/torgo/F03/Session3/wav_headMic/0167.wav,1.385,sin,sin,project_prompt_target
2,train,F03,dysarthric,Session3,0182,data/extracted/torgo/F03/Session3/wav_headMic/0182.wav,4.535,He played basketball there while working toward a law degree.,He played basketball there while working toward a law degree.,project_prompt_target
2,train,F03,dysarthric,Session3,0184,data/extracted/torgo/F03/Session3/wav_headMic/0184.wav,2.54,We bought a brown chair.,We bought a brown chair.,project_prompt_target
2,train,F03,dysarthric,Session3,0188,data/extracted/torgo/F03/Session3/wav_headMic/0188.wav,2.635,He wrapped the package hastily.,He wrapped the package hastily.,project_prompt_target
2,train,F03,dysarthric,Session3,0189,data/extracted/torgo/F03/Session3/wav_headMic/0189.wav,1.475,spit,spit,project_prompt_target
2,train,F03,dysarthric,Session3,0191,data/extracted/torgo/F03/Session3/wav_headMic/0191.wav,5.385,She wore wore fleecy over wooden wool oh,She wore wore fleecy over wooden wool oh,project_prompt_target
2,train,F03,dysarthric,Session3,0193,data/extracted/torgo/F03/Session3/wav_headMic/0193.wav,1.09,hotel,hotel,project_prompt_target
2,train,F03,dysarthric,Session3,0196,data/extracted/torgo/F03/Session3/wav_headMic/0196.wav,1.795,side,side,project_prompt_target
2,train,F03,dysarthric,Session3,0199,data/extracted/torgo/F03/Session3/wav_headMic/0199.wav,4.485,Help Greg to pick a peck of potatoes.,Help Greg to pick a peck of potatoes.,project_prompt_target
2,train,F03,dysarthric,Session3,0209,data/extracted/torgo/F03/Session3/wav_headMic/0209.wav,7.05,He further proposed grants of an unspecified sum for experimental hospitals.,He further proposed grants of an unspecified sum for experimental hospitals.,project_prompt_target
2,train,FC01,control,Session1,0005,data/extracted/torgo/FC01/Session1/wav_headMic/0005.wav,2.59006,dug,dug,project_prompt_target
2,train,FC01,control,Session1,0010,data/extracted/torgo/FC01/Session1/wav_headMic/0010.wav,2.87,farm,farm,project_prompt_target
2,train,FC01,control,Session1,0011,data/extracted/torgo/FC01/Session1/wav_headMic/0011.wav,2.81,rave,rave,project_prompt_target
2,train,FC01,control,Session1,0012,data/extracted/torgo/FC01/Session1/wav_headMic/0012.wav,3.075,no,no,project_prompt_target
2,train,FC01,control,Session1,0015,data/extracted/torgo/FC01/Session1/wav_headMic/0015.wav,6.52,"When he speaks, his voice is just a bit cracked and quivers a trifle.","When he speaks, his voice is just a bit cracked and quivers a trifle.",project_prompt_target
2,train,FC01,control,Session1,0017,data/extracted/torgo/FC01/Session1/wav_headMic/0017.wav,3.795,grow,grow,project_prompt_target
2,train,FC01,control,Session1,0019,data/extracted/torgo/FC01/Session1/wav_headMic/0019.wav,3.6,storm,storm,project_prompt_target
2,train,FC01,control,Session1,0026,data/extracted/torgo/FC01/Session1/wav_headMic/0026.wav,6.195,The quick brown fox jumps over the lazy dog.,The quick brown fox jumps over the lazy dog.,project_prompt_target
2,train,FC01,control,Session1,0033,data/extracted/torgo/FC01/Session1/wav_headMic/0033.wav,6.195,giving those who observe him a pronounced feeling of the utmost respect.,giving those who observe him a pronounced feeling of the utmost respect.,project_prompt_target
2,train,FC01,control,Session1,0036,data/extracted/torgo/FC01/Session1/wav_headMic/0036.wav,4.72006,Don't ask me to carry an oily rag like that.,Don't ask me to carry an oily rag like that.,project_prompt_target
2,train,FC01,control,Session1,0046,data/extracted/torgo/FC01/Session1/wav_headMic/0046.wav,6.39,"We have often urged him to walk more and smoke less,","We have often urged him to walk more and smoke less,",project_prompt_target
2,train,FC01,control,Session1,0051,data/extracted/torgo/FC01/Session1/wav_headMic/0051.wav,2.94,goat,goat,project_prompt_target
2,train,FC01,control,Session1,0052,data/extracted/torgo/FC01/Session1/wav_headMic/0052.wav,3.36,store,store,project_prompt_target
2,train,FC01,control,Session1,0053,data/extracted/torgo/FC01/Session1/wav_headMic/0053.wav,3.21,raid,raid,project_prompt_target
2,train,FC01,control,Session1,0054,data/extracted/torgo/FC01/Session1/wav_headMic/0054.wav,5.12006,You wished to know all about my grandfather.,You wished to know all about my grandfather.,project_prompt_target
2,train,FC01,control,Session1,0056,data/extracted/torgo/FC01/Session1/wav_headMic/0056.wav,3.27,rage,rage,project_prompt_target
2,train,FC01,control,Session1,0058,data/extracted/torgo/FC01/Session1/wav_headMic/0058.wav,3.125,trace,trace,project_prompt_target
2,train,FC01,control,Session1,0061,data/extracted/torgo/FC01/Session1/wav_headMic/0061.wav,6.855,"Except in the winter when the ooze or snow or ice prevents,","Except in the winter when the ooze or snow or ice prevents,",project_prompt_target
2,train,FC01,control,Session1,0064,data/extracted/torgo/FC01/Session1/wav_headMic/0064.wav,3.525,beat,beat,project_prompt_target
2,train,FC01,control,Session1,0072,data/extracted/torgo/FC01/Session1/wav_headMic/0072.wav,6.58506,"he dresses himself in an ancient black frock coat,","he dresses himself in an ancient black frock coat,",project_prompt_target
2,train,FC01,control,Session1,0073,data/extracted/torgo/FC01/Session1/wav_headMic/0073.wav,3.025,park,park,project_prompt_target
2,train,FC01,control,Session1,0085,data/extracted/torgo/FC01/Session1/wav_headMic/0085.wav,4.12,usually minus several buttons;,usually minus several buttons;,project_prompt_target
2,train,FC01,control,Session1,0087,data/extracted/torgo/FC01/Session1/wav_headMic/0087.wav,2.97006,knew,knew,project_prompt_target
2,train,FC01,control,Session1,0088,data/extracted/torgo/FC01/Session1/wav_headMic/0088.wav,2.93,torn,torn,project_prompt_target
2,train,FC01,control,Session1,0090,data/extracted/torgo/FC01/Session1/wav_headMic/0090.wav,6.915,Twice each day he plays skillfully and with zest upon our small organ.,Twice each day he plays skillfully and with zest upon our small organ.,project_prompt_target
2,train,FC01,control,Session1,0093,data/extracted/torgo/FC01/Session1/wav_headMic/0093.wav,2.625,up,up,project_prompt_target
2,train,FC01,control,Session1,0100,data/extracted/torgo/FC01/Session1/wav_headMic/0100.wav,2.98506,sip,sip,project_prompt_target
2,train,FC01,control,Session1,0101,data/extracted/torgo/FC01/Session1/wav_headMic/0101.wav,3.31,two,two,project_prompt_target
2,train,FC01,control,Session1,0102,data/extracted/torgo/FC01/Session1/wav_headMic/0102.wav,5.8,She had your dark suit in greasy wash water all year.,She had your dark suit in greasy wash water all year.,project_prompt_target
2,train,FC01,control,Session1,0112,data/extracted/torgo/FC01/Session1/wav_headMic/0112.wav,3.07506,slip,slip,project_prompt_target
2,train,FC01,control,Session1,0117,data/extracted/torgo/FC01/Session1/wav_headMic/0117.wav,3.36,feed,feed,project_prompt_target
2,train,FC01,control,Session1,0118,data/extracted/torgo/FC01/Session1/wav_headMic/0118.wav,3.36,car,car,project_prompt_target
2,train,FC01,control,Session1,0126,data/extracted/torgo/FC01/Session1/wav_headMic/0126.wav,2.835,rock,rock,project_prompt_target
2,train,FC01,control,Session1,0128,data/extracted/torgo/FC01/Session1/wav_headMic/0128.wav,3.31506,pot,pot,project_prompt_target
2,train,FC01,control,Session1,0130,data/extracted/torgo/FC01/Session1/wav_headMic/0130.wav,4.28006,Mother sews yellow gingham aprons.,Mother sews yellow gingham aprons.,project_prompt_target
2,train,FC01,control,Session1,0137,data/extracted/torgo/FC01/Session1/wav_headMic/0137.wav,3.0,boot,boot,project_prompt_target
2,train,FC01,control,Session1,0147,data/extracted/torgo/FC01/Session1/wav_headMic/0147.wav,3.51,galore,galore,project_prompt_target
2,train,FC01,control,Session1,0148,data/extracted/torgo/FC01/Session1/wav_headMic/0148.wav,3.385,yes,yes,project_prompt_target
2,train,FC01,control,Session1,0151,data/extracted/torgo/FC01/Session1/wav_headMic/0151.wav,2.68,ate,ate,project_prompt_target
2,train,FC01,control,Session1,0155,data/extracted/torgo/FC01/Session1/wav_headMic/0155.wav,2.97,deer,deer,project_prompt_target
2,train,FC01,control,Session1,0159,data/extracted/torgo/FC01/Session1/wav_headMic/0159.wav,3.02006,troop,troop,project_prompt_target
2,train,FC01,control,Session1,0160,data/extracted/torgo/FC01/Session1/wav_headMic/0160.wav,2.95,slip,slip,project_prompt_target
2,train,FC02,control,Session2,0044,data/extracted/torgo/FC02/Session2/wav_arrayMic/0044.wav,6.6,he slowly takes a short walk in the open air each day.,he slowly takes a short walk in the open air each day.,project_prompt_target
2,train,FC02,control,Session2,0045,data/extracted/torgo/FC02/Session2/wav_arrayMic/0045.wav,6.45,"Except in the winter when the ooze or snow or ice prevents,","Except in the winter when the ooze or snow or ice prevents,",project_prompt_target
2,train,FC02,control,Session2,0049,data/extracted/torgo/FC02/Session2/wav_arrayMic/0049.wav,5.4,"he dresses himself in an ancient black frock coat,","he dresses himself in an ancient black frock coat,",project_prompt_target
2,train,FC02,control,Session2,0059,data/extracted/torgo/FC02/Session2/wav_arrayMic/0059.wav,3.9,slip,slip,project_prompt_target
2,train,FC02,control,Session2,0073,data/extracted/torgo/FC02/Session2/wav_arrayMic/0073.wav,3.6,jagged,jagged,project_prompt_target
2,train,FC02,control,Session2,0081,data/extracted/torgo/FC02/Session2/wav_arrayMic/0081.wav,6.45,"A long, flowing beard clings to his chin,","A long, flowing beard clings to his chin,",project_prompt_target
2,train,FC02,control,Session2,0083,data/extracted/torgo/FC02/Session2/wav_arrayMic/0083.wav,6.15,Don't ask me to carry an oily rag like that.,Don't ask me to carry an oily rag like that.,project_prompt_target
2,train,FC02,control,Session2,0103,data/extracted/torgo/FC02/Session2/wav_arrayMic/0103.wav,7.5,giving those who observe him a pronounced feeling of the utmost respect.,giving those who observe him a pronounced feeling of the utmost respect.,project_prompt_target
2,train,FC02,control,Session2,0106,data/extracted/torgo/FC02/Session2/wav_arrayMic/0106.wav,3.15,train,train,project_prompt_target
2,train,FC02,control,Session2,0120,data/extracted/torgo/FC02/Session2/wav_arrayMic/0120.wav,6.15,"We have often urged him to walk more and smoke less,","We have often urged him to walk more and smoke less,",project_prompt_target
2,train,FC02,control,Session2,0123,data/extracted/torgo/FC02/Session2/wav_arrayMic/0123.wav,2.85,air,air,project_prompt_target
2,train,FC02,control,Session2,0129,data/extracted/torgo/FC02/Session2/wav_arrayMic/0129.wav,6.15,The quick brown fox jumps over the lazy dog.,The quick brown fox jumps over the lazy dog.,project_prompt_target
2,train,FC02,control,Session2,0133,data/extracted/torgo/FC02/Session2/wav_arrayMic/0133.wav,3.0,stubble,stubble,project_prompt_target
2,train,FC02,control,Session2,0136,data/extracted/torgo/FC02/Session2/wav_arrayMic/0136.wav,6.3,She had your dark suit in greasy wash water all year.,She had your dark suit in greasy wash water all year.,project_prompt_target
2,train,FC02,control,Session2,0137,data/extracted/torgo/FC02/Session2/wav_arrayMic/0137.wav,3.15,rate,rate,project_prompt_target
2,train,FC02,control,Session2,0142,data/extracted/torgo/FC02/Session2/wav_arrayMic/0142.wav,3.3,shear,shear,project_prompt_target
2,train,FC02,control,Session2,0147,data/extracted/torgo/FC02/Session2/wav_arrayMic/0147.wav,5.4,Nothing is as offensive as innocence.,Nothing is as offensive as innocence.,project_prompt_target
2,train,FC02,control,Session2,0220,data/extracted/torgo/FC02/Session2/wav_arrayMic/0220.wav,2.85,"tear [as in ""tear in my eye""]",tear,project_prompt_target
2,train,FC02,control,Session2,0242,data/extracted/torgo/FC02/Session2/wav_arrayMic/0242.wav,2.85,lip,lip,project_prompt_target
2,train,FC02,control,Session3,0050,data/extracted/torgo/FC02/Session3/wav_headMic/0050.wav,2.54506,lick,lick,project_prompt_target
2,train,FC02,control,Session3,0237,data/extracted/torgo/FC02/Session3/wav_headMic/0237.wav,1.99,no,no,project_prompt_target
2,train,FC02,control,Session3,0250,data/extracted/torgo/FC02/Session3/wav_headMic/0250.wav,2.175,whisky,whisky,project_prompt_target
2,train,FC02,control,Session3,0261,data/extracted/torgo/FC02/Session3/wav_headMic/0261.wav,2.195,forward,forward,project_prompt_target
2,train,FC02,control,Session3,0278,data/extracted/torgo/FC02/Session3/wav_headMic/0278.wav,4.67006,We selected places where families will be welcome.,We selected places where families will be welcome.,project_prompt_target
2,train,FC02,control,Session3,0315,data/extracted/torgo/FC02/Session3/wav_headMic/0315.wav,1.765,rake,rake,project_prompt_target
2,train,FC02,control,Session3,0343,data/extracted/torgo/FC02/Session3/wav_headMic/0343.wav,3.865,There was only one decision to be made.,There was only one decision to be made.,project_prompt_target
2,train,FC02,control,Session3,0349,data/extracted/torgo/FC02/Session3/wav_headMic/0349.wav,3.37006,The fish swam across the pond.,The fish swam across the pond.,project_prompt_target
2,train,FC02,control,Session3,0419,data/extracted/torgo/FC02/Session3/wav_headMic/0419.wav,1.86006,code,code,project_prompt_target
2,train,FC02,control,Session3,0484,data/extracted/torgo/FC02/Session3/wav_headMic/0484.wav,6.24006,Her position covers a number of daily tasks common to any social director.,Her position covers a number of daily tasks common to any social director.,project_prompt_target
2,train,FC02,control,Session3,0502,data/extracted/torgo/FC02/Session3/wav_headMic/0502.wav,1.695,feet,feet,project_prompt_target
2,train,FC02,control,Session3,0524,data/extracted/torgo/FC02/Session3/wav_headMic/0524.wav,1.865,aid,aid,project_prompt_target
2,train,FC02,control,Session3,0531,data/extracted/torgo/FC02/Session3/wav_headMic/0531.wav,1.95,bunch,bunch,project_prompt_target
2,train,FC02,control,Session3,0565,data/extracted/torgo/FC02/Session3/wav_headMic/0565.wav,6.31,The structures housing the apartments are of masonry and frame construction.,The structures housing the apartments are of masonry and frame construction.,project_prompt_target
2,train,FC02,control,Session3,0587,data/extracted/torgo/FC02/Session3/wav_headMic/0587.wav,1.875,at,at,project_prompt_target
2,train,FC02,control,Session3,0603,data/extracted/torgo/FC02/Session3/wav_headMic/0603.wav,1.79,ache,ache,project_prompt_target
2,train,FC02,control,Session3,0677,data/extracted/torgo/FC02/Session3/wav_headMic/0677.wav,3.91,We got drenched from the uninterrupted rain.,We got drenched from the uninterrupted rain.,project_prompt_target
2,train,FC02,control,Session3,0702,data/extracted/torgo/FC02/Session3/wav_headMic/0702.wav,2.025,heat,heat,project_prompt_target
2,train,FC02,control,Session3,0737,data/extracted/torgo/FC02/Session3/wav_headMic/0737.wav,6.135,The staff deserves a lot of credit working down here under real obstacles.,The staff deserves a lot of credit working down here under real obstacles.,project_prompt_target
2,train,FC02,control,Session3,0746,data/extracted/torgo/FC02/Session3/wav_headMic/0746.wav,1.985,farm,farm,project_prompt_target
2,train,FC02,control,Session3,0761,data/extracted/torgo/FC02/Session3/wav_headMic/0761.wav,3.655,It was a huge part of my life.,It was a huge part of my life.,project_prompt_target
2,train,FC02,control,Session3,0775,data/extracted/torgo/FC02/Session3/wav_headMic/0775.wav,6.79,Hiring the wife for one's company may win her tax-aided retirement income.,Hiring the wife for one's company may win her tax-aided retirement income.,project_prompt_target
2,train,FC02,control,Session3,0784,data/extracted/torgo/FC02/Session3/wav_headMic/0784.wav,2.35,page,page,project_prompt_target
2,train,FC02,control,Session3,0803,data/extracted/torgo/FC02/Session3/wav_headMic/0803.wav,2.02,sat,sat,project_prompt_target
2,train,FC02,control,Session3,0805,data/extracted/torgo/FC02/Session3/wav_headMic/0805.wav,2.09,sap,sap,project_prompt_target
2,train,FC02,control,Session3,0809,data/extracted/torgo/FC02/Session3/wav_headMic/0809.wav,1.765,mall,mall,project_prompt_target
2,train,FC02,control,Session3,0842,data/extracted/torgo/FC02/Session3/wav_headMic/0842.wav,6.575,Maybe it's taking longer to get things squared away than the bankers expected.,Maybe it's taking longer to get things squared away than the bankers expected.,project_prompt_target
2,train,FC02,control,Session3,0884,data/extracted/torgo/FC02/Session3/wav_headMic/0884.wav,6.44,"They make gin saws and deal in parts, supplies and some used gin machinery.","They make gin saws and deal in parts, supplies and some used gin machinery.",project_prompt_target
2,train,FC02,control,Session3,0950,data/extracted/torgo/FC02/Session3/wav_headMic/0950.wav,6.375,"Displayed as lamps, the puppets delight the children and are decorative accent.","Displayed as lamps, the puppets delight the children and are decorative accent.",project_prompt_target
2,train,FC02,control,Session3,0992,data/extracted/torgo/FC02/Session3/wav_headMic/0992.wav,1.815,slid,slid,project_prompt_target
2,train,FC02,control,Session3,0994,data/extracted/torgo/FC02/Session3/wav_headMic/0994.wav,2.08,list,list,project_prompt_target
2,train,M01,dysarthric,Session1,0093,data/extracted/torgo/M01/Session1/wav_headMic/0093.wav,3.165,for,for,project_prompt_target
2,train,M01,dysarthric,Session2_3,0001,data/extracted/torgo/M01/Session2_3/wav_headMic/0001.wav,1.51406,one,one,project_prompt_target
2,train,M01,dysarthric,Session2_3,0008,data/extracted/torgo/M01/Session2_3/wav_headMic/0008.wav,1.43437,grow,grow,project_prompt_target
2,train,M01,dysarthric,Session2_3,0010,data/extracted/torgo/M01/Session2_3/wav_headMic/0010.wav,2.31094,sheet,sheet,project_prompt_target
2,train,M01,dysarthric,Session2_3,0012,data/extracted/torgo/M01/Session2_3/wav_headMic/0012.wav,1.64688,sip,sip,project_prompt_target
2,train,M01,dysarthric,Session2_3,0013,data/extracted/torgo/M01/Session2_3/wav_headMic/0013.wav,7.86256,The quick brown fox jumps over the lazy dog.,The quick brown fox jumps over the lazy dog.,project_prompt_target
2,train,M01,dysarthric,Session2_3,0018,data/extracted/torgo/M01/Session2_3/wav_headMic/0018.wav,1.4875,chair,chair,project_prompt_target
2,train,M01,dysarthric,Session2_3,0020,data/extracted/torgo/M01/Session2_3/wav_headMic/0020.wav,1.80625,feed,feed,project_prompt_target
2,train,M01,dysarthric,Session2_3,0023,data/extracted/torgo/M01/Session2_3/wav_headMic/0023.wav,2.09844,sip,sip,project_prompt_target
2,train,M01,dysarthric,Session2_3,0025,data/extracted/torgo/M01/Session2_3/wav_headMic/0025.wav,1.47637,wish,wish,project_prompt_target
2,train,M01,dysarthric,Session2_3,0027,data/extracted/torgo/M01/Session2_3/wav_headMic/0027.wav,1.56462,troop,troop,project_prompt_target
2,train,M01,dysarthric,Session2_3,0033,data/extracted/torgo/M01/Session2_3/wav_headMic/0033.wav,5.95494,We gathered shells on the beach.,We gathered shells on the beach.,project_prompt_target
2,train,M01,dysarthric,Session2_3,0036,data/extracted/torgo/M01/Session2_3/wav_headMic/0036.wav,1.30775,pile,pile,project_prompt_target
2,train,M01,dysarthric,Session2_3,0037,data/extracted/torgo/M01/Session2_3/wav_headMic/0037.wav,1.86825,air,air,project_prompt_target
2,train,M01,dysarthric,Session2_3,0039,data/extracted/torgo/M01/Session2_3/wav_headMic/0039.wav,1.72812,bad,bad,project_prompt_target
2,train,M01,dysarthric,Session2_3,0042,data/extracted/torgo/M01/Session2_3/wav_headMic/0042.wav,8.73387,The islands are sparsely populated.,The islands are sparsely populated.,project_prompt_target
2,train,M01,dysarthric,Session2_3,0043,data/extracted/torgo/M01/Session2_3/wav_headMic/0043.wav,7.49619,Both figures would go higher in later years.,Both figures would go higher in later years.,project_prompt_target
2,train,M01,dysarthric,Session2_3,0044,data/extracted/torgo/M01/Session2_3/wav_headMic/0044.wav,1.39044,back,back,project_prompt_target
2,train,M01,dysarthric,Session2_3,0045,data/extracted/torgo/M01/Session2_3/wav_headMic/0045.wav,7.42131,One validated acts of school districts.,One validated acts of school districts.,project_prompt_target
2,train,M01,dysarthric,Session2_3,0050,data/extracted/torgo/M01/Session2_3/wav_headMic/0050.wav,2.13781,suit,suit,project_prompt_target
2,train,M01,dysarthric,Session2_3,0051,data/extracted/torgo/M01/Session2_3/wav_headMic/0051.wav,1.92919,droop,droop,project_prompt_target
2,train,M01,dysarthric,Session2_3,0054,data/extracted/torgo/M01/Session2_3/wav_headMic/0054.wav,1.96394,jaw,jaw,project_prompt_target
2,train,M01,dysarthric,Session2_3,0056,data/extracted/torgo/M01/Session2_3/wav_headMic/0056.wav,7.00425,Are your grades higher or lower than Nancy's?,Are your grades higher or lower than Nancy's?,project_prompt_target
2,train,M01,dysarthric,Session2_3,0058,data/extracted/torgo/M01/Session2_3/wav_headMic/0058.wav,2.31156,witch,witch,project_prompt_target
2,train,M01,dysarthric,Session2_3,0061,data/extracted/torgo/M01/Session2_3/wav_headMic/0061.wav,5.47475,I feel I can play this weekend.,I feel I can play this weekend.,project_prompt_target
2,train,M01,dysarthric,Session2_3,0064,data/extracted/torgo/M01/Session2_3/wav_headMic/0064.wav,1.51206,tile,tile,project_prompt_target
2,train,M01,dysarthric,Session2_3,0066,data/extracted/torgo/M01/Session2_3/wav_headMic/0066.wav,11.749,Two other cases also were under advisement.,Two other cases also were under advisement.,project_prompt_target
2,train,M01,dysarthric,Session2_3,0069,data/extracted/torgo/M01/Session2_3/wav_headMic/0069.wav,6.84781,I tried to tell people in the community.,I tried to tell people in the community.,project_prompt_target
2,train,M01,dysarthric,Session2_3,0070,data/extracted/torgo/M01/Session2_3/wav_headMic/0070.wav,2.20731,area,area,project_prompt_target
2,train,M01,dysarthric,Session2_3,0073,data/extracted/torgo/M01/Session2_3/wav_headMic/0073.wav,1.73263,bear,bear,project_prompt_target
2,train,M01,dysarthric,Session2_3,0077,data/extracted/torgo/M01/Session2_3/wav_headMic/0077.wav,1.96263,fear,fear,project_prompt_target
2,train,M01,dysarthric,Session2_3,0078,data/extracted/torgo/M01/Session2_3/wav_headMic/0078.wav,3.48056,She is thinner than I am.,She is thinner than I am.,project_prompt_target
2,train,M01,dysarthric,Session2_3,0079,data/extracted/torgo/M01/Session2_3/wav_headMic/0079.wav,1.59462,pat,pat,project_prompt_target
2,train,M01,dysarthric,Session2_3,0080,data/extracted/torgo/M01/Session2_3/wav_headMic/0080.wav,1.56394,though,though,project_prompt_target
2,train,M01,dysarthric,Session2_3,0084,data/extracted/torgo/M01/Session2_3/wav_headMic/0084.wav,7.45181,Jane may earn more money by working hard.,Jane may earn more money by working hard.,project_prompt_target
2,train,M01,dysarthric,Session2_3,0087,data/extracted/torgo/M01/Session2_3/wav_headMic/0087.wav,1.59462,thigh,thigh,project_prompt_target
2,train,M01,dysarthric,Session2_3,0088,data/extracted/torgo/M01/Session2_3/wav_headMic/0088.wav,8.41775,Mother sews yellow gingham aprons.,Mother sews yellow gingham aprons.,project_prompt_target
2,train,M01,dysarthric,Session2_3,0095,data/extracted/torgo/M01/Session2_3/wav_headMic/0095.wav,6.53525,I scrubbed the floors thoroughly.,I scrubbed the floors thoroughly.,project_prompt_target
2,train,M01,dysarthric,Session2_3,0098,data/extracted/torgo/M01/Session2_3/wav_headMic/0098.wav,2.16588,cycle,cycle,project_prompt_target
2,train,M01,dysarthric,Session2_3,0099,data/extracted/torgo/M01/Session2_3/wav_headMic/0099.wav,1.61969,sigh,sigh,project_prompt_target
2,train,M01,dysarthric,Session2_3,0100,data/extracted/torgo/M01/Session2_3/wav_headMic/0100.wav,1.71388,ate,ate,project_prompt_target
2,train,M01,dysarthric,Session2_3,0104,data/extracted/torgo/M01/Session2_3/wav_headMic/0104.wav,1.92106,prior,prior,project_prompt_target
2,train,M01,dysarthric,Session2_3,0105,data/extracted/torgo/M01/Session2_3/wav_headMic/0105.wav,3.35237,This was easy for us.,This was easy for us.,project_prompt_target
2,train,M01,dysarthric,Session2_3,0107,data/extracted/torgo/M01/Session2_3/wav_headMic/0107.wav,2.18469,explore,explore,project_prompt_target
2,train,M01,dysarthric,Session2_3,0109,data/extracted/torgo/M01/Session2_3/wav_headMic/0109.wav,8.04194,You'd be better off taking a cold shower.,You'd be better off taking a cold shower.,project_prompt_target
2,train,M01,dysarthric,Session2_3,0110,data/extracted/torgo/M01/Session2_3/wav_headMic/0110.wav,1.60081,of,of,project_prompt_target
2,train,M01,dysarthric,Session2_3,0113,data/extracted/torgo/M01/Session2_3/wav_headMic/0113.wav,7.68406,Nothing is as offensive as innocence.,Nothing is as offensive as innocence.,project_prompt_target
2,train,M01,dysarthric,Session2_3,0114,data/extracted/torgo/M01/Session2_3/wav_headMic/0114.wav,1.67619,no,no,project_prompt_target
2,train,M01,dysarthric,Session2_3,0117,data/extracted/torgo/M01/Session2_3/wav_headMic/0117.wav,6.81775,Bright sunshine shimmers on the ocean.,Bright sunshine shimmers on the ocean.,project_prompt_target
2,train,M01,dysarthric,Session2_3,0119,data/extracted/torgo/M01/Session2_3/wav_headMic/0119.wav,1.61969,delta,delta,project_prompt_target
2,train,M01,dysarthric,Session2_3,0121,data/extracted/torgo/M01/Session2_3/wav_headMic/0121.wav,6.66706,All the big baseball players get traded.,All the big baseball players get traded.,project_prompt_target
2,train,M01,dysarthric,Session2_3,0122,data/extracted/torgo/M01/Session2_3/wav_headMic/0122.wav,1.50719,"tear [as in ""tear in my eye""]",tear,project_prompt_target
2,train,M01,dysarthric,Session2_3,0125,data/extracted/torgo/M01/Session2_3/wav_headMic/0125.wav,6.02894,My sister made the flowered curtains.,My sister made the flowered curtains.,project_prompt_target
2,train,M01,dysarthric,Session2_3,0127,data/extracted/torgo/M01/Session2_3/wav_headMic/0127.wav,6.26537,Why yell or worry over silly items?,Why yell or worry over silly items?,project_prompt_target
2,train,M01,dysarthric,Session2_3,0128,data/extracted/torgo/M01/Session2_3/wav_headMic/0128.wav,1.74369,much,much,project_prompt_target
2,train,M01,dysarthric,Session2_3,0129,data/extracted/torgo/M01/Session2_3/wav_headMic/0129.wav,7.86125,The train approached the depot slowly.,The train approached the depot slowly.,project_prompt_target
2,train,M01,dysarthric,Session2_3,0131,data/extracted/torgo/M01/Session2_3/wav_headMic/0131.wav,1.55156,rocks,rocks,project_prompt_target
2,train,M01,dysarthric,Session2_3,0132,data/extracted/torgo/M01/Session2_3/wav_headMic/0132.wav,7.152,They carried me off on the stretcher.,They carried me off on the stretcher.,project_prompt_target
2,train,M01,dysarthric,Session2_3,0133,data/extracted/torgo/M01/Session2_3/wav_headMic/0133.wav,2.52681,cope,cope,project_prompt_target
2,train,M01,dysarthric,Session2_3,0134,data/extracted/torgo/M01/Session2_3/wav_headMic/0134.wav,2.23131,coupe,coupe,project_prompt_target
2,train,M01,dysarthric,Session2_3,0135,data/extracted/torgo/M01/Session2_3/wav_headMic/0135.wav,1.58106,white,white,project_prompt_target
2,train,M01,dysarthric,Session2_3,0137,data/extracted/torgo/M01/Session2_3/wav_headMic/0137.wav,1.99487,ate,ate,project_prompt_target
2,train,M01,dysarthric,Session2_3,0138,data/extracted/torgo/M01/Session2_3/wav_headMic/0138.wav,1.30038,pad,pad,project_prompt_target
2,train,M01,dysarthric,Session2_3,0141,data/extracted/torgo/M01/Session2_3/wav_headMic/0141.wav,1.47769,sway,sway,project_prompt_target
2,train,M01,dysarthric,Session2_3,0142,data/extracted/torgo/M01/Session2_3/wav_headMic/0142.wav,1.389,yes,yes,project_prompt_target
2,train,M01,dysarthric,Session2_3,0143,data/extracted/torgo/M01/Session2_3/wav_headMic/0143.wav,1.77319,toot,toot,project_prompt_target
2,train,M01,dysarthric,Session2_3,0145,data/extracted/torgo/M01/Session2_3/wav_headMic/0145.wav,4.97981,You're used to being on the field.,You're used to being on the field.,project_prompt_target
2,train,M01,dysarthric,Session2_3,0146,data/extracted/torgo/M01/Session2_3/wav_headMic/0146.wav,6.81319,"Everything went real smooth, the sheriff said.","Everything went real smooth, the sheriff said.",project_prompt_target
2,train,M01,dysarthric,Session2_3,0147,data/extracted/torgo/M01/Session2_3/wav_headMic/0147.wav,1.21962,write,write,project_prompt_target
2,train,M01,dysarthric,Session2_3,0149,data/extracted/torgo/M01/Session2_3/wav_headMic/0149.wav,1.493,jungle,jungle,project_prompt_target
2,train,M01,dysarthric,Session2_3,0150,data/extracted/torgo/M01/Session2_3/wav_headMic/0150.wav,1.42988,side,side,project_prompt_target
2,train,M01,dysarthric,Session2_3,0157,data/extracted/torgo/M01/Session2_3/wav_headMic/0157.wav,1.57713,darn,darn,project_prompt_target
2,train,M01,dysarthric,Session2_3,0160,data/extracted/torgo/M01/Session2_3/wav_headMic/0160.wav,6.79219,This is not a program of socialized medicine.,This is not a program of socialized medicine.,project_prompt_target
2,train,M01,dysarthric,Session2_3,0163,data/extracted/torgo/M01/Session2_3/wav_headMic/0163.wav,1.42994,hark,hark,project_prompt_target
2,train,M01,dysarthric,Session2_3,0164,data/extracted/torgo/M01/Session2_3/wav_headMic/0164.wav,1.77687,echo,echo,project_prompt_target
2,train,M01,dysarthric,Session2_3,0167,data/extracted/torgo/M01/Session2_3/wav_headMic/0167.wav,6.23487,Alimony harms a divorced man's wealth.,Alimony harms a divorced man's wealth.,project_prompt_target
2,train,M01,dysarthric,Session2_3,0169,data/extracted/torgo/M01/Session2_3/wav_headMic/0169.wav,2.10288,fitting,fitting,project_prompt_target
2,train,M01,dysarthric,Session2_3,0172,data/extracted/torgo/M01/Session2_3/wav_headMic/0172.wav,1.5035,bit,bit,project_prompt_target
2,train,M01,dysarthric,Session2_3,0174,data/extracted/torgo/M01/Session2_3/wav_headMic/0174.wav,6.60288,The dolphins swam around our boat.,The dolphins swam around our boat.,project_prompt_target
2,train,M01,dysarthric,Session2_3,0177,data/extracted/torgo/M01/Session2_3/wav_headMic/0177.wav,6.59237,Day after day some new episode is reported.,Day after day some new episode is reported.,project_prompt_target
2,train,M01,dysarthric,Session2_3,0179,data/extracted/torgo/M01/Session2_3/wav_headMic/0179.wav,8.63213,It eventually became a rather proud claim.,It eventually became a rather proud claim.,project_prompt_target
2,train,M01,dysarthric,Session2_3,0185,data/extracted/torgo/M01/Session2_3/wav_headMic/0185.wav,6.10475,The misguided souls have lost their way.,The misguided souls have lost their way.,project_prompt_target
2,train,M01,dysarthric,Session2_3,0186,data/extracted/torgo/M01/Session2_3/wav_headMic/0186.wav,2.073,oscar,oscar,project_prompt_target
2,train,M01,dysarthric,Session2_3,0188,data/extracted/torgo/M01/Session2_3/wav_headMic/0188.wav,9.84269,Aluminum silverware can often be flimsy.,Aluminum silverware can often be flimsy.,project_prompt_target
2,train,M01,dysarthric,Session2_3,0189,data/extracted/torgo/M01/Session2_3/wav_headMic/0189.wav,2.23625,quebec,quebec,project_prompt_target
2,train,M01,dysarthric,Session2_3,0190,data/extracted/torgo/M01/Session2_3/wav_headMic/0190.wav,1.7955,shy,shy,project_prompt_target
2,train,M01,dysarthric,Session2_3,0192,data/extracted/torgo/M01/Session2_3/wav_headMic/0192.wav,1.73019,blow,blow,project_prompt_target
2,train,M01,dysarthric,Session2_3,0193,data/extracted/torgo/M01/Session2_3/wav_headMic/0193.wav,2.024,loyal,loyal,project_prompt_target
2,train,M01,dysarthric,Session2_3,0194,data/extracted/torgo/M01/Session2_3/wav_headMic/0194.wav,2.02406,seven,seven,project_prompt_target
2,train,M01,dysarthric,Session2_3,0195,data/extracted/torgo/M01/Session2_3/wav_headMic/0195.wav,1.99137,at,at,project_prompt_target
2,train,M01,dysarthric,Session2_3,0197,data/extracted/torgo/M01/Session2_3/wav_headMic/0197.wav,1.50175,eight,eight,project_prompt_target
2,train,M01,dysarthric,Session2_3,0199,data/extracted/torgo/M01/Session2_3/wav_headMic/0199.wav,2.17094,juliet,juliet,project_prompt_target
2,train,M01,dysarthric,Session2_3,0202,data/extracted/torgo/M01/Session2_3/wav_headMic/0202.wav,7.29631,This is a period of transition for me.,This is a period of transition for me.,project_prompt_target
2,train,M01,dysarthric,Session2_3,0203,data/extracted/torgo/M01/Session2_3/wav_headMic/0203.wav,1.81181,cake,cake,project_prompt_target
2,train,M01,dysarthric,Session2_3,0204,data/extracted/torgo/M01/Session2_3/wav_headMic/0204.wav,2.82388,thorn,thorn,project_prompt_target
2,train,M01,dysarthric,Session2_3,0205,data/extracted/torgo/M01/Session2_3/wav_headMic/0205.wav,7.52481,"If you are losing water, replace it immediately.","If you are losing water, replace it immediately.",project_prompt_target
2,train,M01,dysarthric,Session2_3,0206,data/extracted/torgo/M01/Session2_3/wav_headMic/0206.wav,9.66313,"When all else fails, use force.","When all else fails, use force.",project_prompt_target
2,train,M01,dysarthric,Session2_3,0207,data/extracted/torgo/M01/Session2_3/wav_headMic/0207.wav,1.24056,fill,fill,project_prompt_target
2,train,M01,dysarthric,Session2_3,0208,data/extracted/torgo/M01/Session2_3/wav_headMic/0208.wav,5.79456,"She wore warm, fleecy, woolen overalls.","She wore warm, fleecy, woolen overalls.",project_prompt_target
2,train,M01,dysarthric,Session2_3,0209,data/extracted/torgo/M01/Session2_3/wav_headMic/0209.wav,7.06781,"Night after night, they received annoying phone calls.","Night after night, they received annoying phone calls.",project_prompt_target
2,train,M01,dysarthric,Session2_3,0212,data/extracted/torgo/M01/Session2_3/wav_headMic/0212.wav,2.275,foxtrot,foxtrot,project_prompt_target
2,train,M01,dysarthric,Session2_3,0215,data/extracted/torgo/M01/Session2_3/wav_headMic/0215.wav,1.3955,hotel,hotel,project_prompt_target
2,train,M01,dysarthric,Session2_3,0216,data/extracted/torgo/M01/Session2_3/wav_headMic/0216.wav,1.59481,written,written,project_prompt_target
2,train,M01,dysarthric,Session2_3,0217,data/extracted/torgo/M01/Session2_3/wav_headMic/0217.wav,1.94669,kitten,kitten,project_prompt_target
2,train,M01,dysarthric,Session2_3,0218,data/extracted/torgo/M01/Session2_3/wav_headMic/0218.wav,1.24306,lick,lick,project_prompt_target
2,train,M01,dysarthric,Session2_3,0219,data/extracted/torgo/M01/Session2_3/wav_arrayMic/0219.wav,1.8,papa,papa,project_prompt_target
2,train,M01,dysarthric,Session2_3,0224,data/extracted/torgo/M01/Session2_3/wav_headMic/0224.wav,1.46588,top,top,project_prompt_target
2,train,M01,dysarthric,Session2_3,0225,data/extracted/torgo/M01/Session2_3/wav_headMic/0225.wav,1.36031,take,take,project_prompt_target
2,train,M01,dysarthric,Session2_3,0227,data/extracted/torgo/M01/Session2_3/wav_headMic/0227.wav,5.39438,The box contained three sweaters.,The box contained three sweaters.,project_prompt_target
2,train,M01,dysarthric,Session2_3,0232,data/extracted/torgo/M01/Session2_3/wav_headMic/0232.wav,8.10325,"Before Thursday's exam, review every formula.","Before Thursday's exam, review every formula.",project_prompt_target
2,train,M01,dysarthric,Session2_3,0233,data/extracted/torgo/M01/Session2_3/wav_headMic/0233.wav,1.44237,dart,dart,project_prompt_target
2,train,M01,dysarthric,Session2_3,0235,data/extracted/torgo/M01/Session2_3/wav_headMic/0235.wav,7.25894,The museum hires musicians every evening.,The museum hires musicians every evening.,project_prompt_target
2,train,M01,dysarthric,Session2_3,0237,data/extracted/torgo/M01/Session2_3/wav_headMic/0237.wav,1.67694,nine,nine,project_prompt_target
2,train,M01,dysarthric,Session2_3,0240,data/extracted/torgo/M01/Session2_3/wav_headMic/0240.wav,6.35369,The job provides many benefits.,The job provides many benefits.,project_prompt_target
2,train,M01,dysarthric,Session2_3,0241,data/extracted/torgo/M01/Session2_3/wav_headMic/0241.wav,1.98025,kilo,kilo,project_prompt_target
2,train,M01,dysarthric,Session2_3,0243,data/extracted/torgo/M01/Session2_3/wav_headMic/0243.wav,1.86375,bitten,bitten,project_prompt_target
2,train,M01,dysarthric,Session2_3,0251,data/extracted/torgo/M01/Session2_3/wav_headMic/0251.wav,1.92725,brawn,brawn,project_prompt_target
2,train,M01,dysarthric,Session2_3,0257,data/extracted/torgo/M01/Session2_3/wav_headMic/0257.wav,1.599,start,start,project_prompt_target
2,train,M01,dysarthric,Session2_3,0258,data/extracted/torgo/M01/Session2_3/wav_headMic/0258.wav,1.22837,park,park,project_prompt_target
2,train,M01,dysarthric,Session2_3,0260,data/extracted/torgo/M01/Session2_3/wav_headMic/0260.wav,2.17713,sitting,sitting,project_prompt_target
2,train,M01,dysarthric,Session2_3,0261,data/extracted/torgo/M01/Session2_3/wav_headMic/0261.wav,2.10613,dark,dark,project_prompt_target
2,train,M01,dysarthric,Session2_3,0262,data/extracted/torgo/M01/Session2_3/wav_headMic/0262.wav,4.92219,Carl lives in a lively home.,Carl lives in a lively home.,project_prompt_target
2,train,M01,dysarthric,Session2_3,0263,data/extracted/torgo/M01/Session2_3/wav_headMic/0263.wav,1.82212,city,city,project_prompt_target
2,train,M01,dysarthric,Session2_3,0267,data/extracted/torgo/M01/Session2_3/wav_headMic/0267.wav,1.91681,vat,vat,project_prompt_target
2,train,M01,dysarthric,Session2_3,0269,data/extracted/torgo/M01/Session2_3/wav_headMic/0269.wav,1.96412,spain,spain,project_prompt_target
2,train,M01,dysarthric,Session2_3,0270,data/extracted/torgo/M01/Session2_3/wav_headMic/0270.wav,2.34275,sell,sell,project_prompt_target
2,train,M01,dysarthric,Session2_3,0273,data/extracted/torgo/M01/Session2_3/wav_headMic/0273.wav,2.15344,witty,witty,project_prompt_target
2,train,M01,dysarthric,Session2_3,0276,data/extracted/torgo/M01/Session2_3/wav_headMic/0276.wav,1.8695,mush,mush,project_prompt_target
2,train,M01,dysarthric,Session2_3,0277,data/extracted/torgo/M01/Session2_3/wav_headMic/0277.wav,2.08244,heart,heart,project_prompt_target
2,train,M01,dysarthric,Session2_3,0278,data/extracted/torgo/M01/Session2_3/wav_headMic/0278.wav,6.50769,Both injuries were to the same leg.,Both injuries were to the same leg.,project_prompt_target
2,train,M01,dysarthric,Session2_3,0279,data/extracted/torgo/M01/Session2_3/wav_headMic/0279.wav,2.34275,league,league,project_prompt_target
2,train,M01,dysarthric,Session2_3,0280,data/extracted/torgo/M01/Session2_3/wav_headMic/0280.wav,2.03512,six,six,project_prompt_target
2,train,M01,dysarthric,Session2_3,0285,data/extracted/torgo/M01/Session2_3/wav_headMic/0285.wav,1.7275,yes,yes,project_prompt_target
2,train,M01,dysarthric,Session2_3,0287,data/extracted/torgo/M01/Session2_3/wav_headMic/0287.wav,2.22444,ticker,ticker,project_prompt_target
2,train,M02,dysarthric,Session1,0007,data/extracted/torgo/M02/Session1/wav_headMic/0007.wav,2.266,feed,feed,project_prompt_target
2,train,M02,dysarthric,Session1,0008,data/extracted/torgo/M02/Session1/wav_headMic/0008.wav,1.70344,alpha,alpha,project_prompt_target
2,train,M02,dysarthric,Session1,0012,data/extracted/torgo/M02/Session1/wav_headMic/0012.wav,2.12538,sip,sip,project_prompt_target
2,train,M02,dysarthric,Session1,0014,data/extracted/torgo/M02/Session1/wav_headMic/0014.wav,1.93788,dagger,dagger,project_prompt_target
2,train,M02,dysarthric,Session1,0016,data/extracted/torgo/M02/Session1/wav_headMic/0016.wav,1.85975,fair,fair,project_prompt_target
2,train,M02,dysarthric,Session1,0018,data/extracted/torgo/M02/Session1/wav_headMic/0018.wav,2.67238,ship,ship,project_prompt_target
2,train,M02,dysarthric,Session1,0020,data/extracted/torgo/M02/Session1/wav_headMic/0020.wav,7.99069,Grandfather likes to be modern in his language.,Grandfather likes to be modern in his language.,project_prompt_target
2,train,M02,dysarthric,Session1,0022,data/extracted/torgo/M02/Session1/wav_headMic/0022.wav,3.21381,bit,bit,project_prompt_target
2,train,M02,dysarthric,Session1,0023,data/extracted/torgo/M02/Session1/wav_headMic/0023.wav,8.0395,"Well, he is nearly ninety-three years old;","Well, he is nearly ninety-three years old;",project_prompt_target
2,train,M02,dysarthric,Session1,0025,data/extracted/torgo/M02/Session1/wav_headMic/0025.wav,2.84262,chair,chair,project_prompt_target
2,train,M02,dysarthric,Session1,0031,data/extracted/torgo/M02/Session1/wav_headMic/0031.wav,2.5105,go,go,project_prompt_target
2,train,M02,dysarthric,Session1,0033,data/extracted/torgo/M02/Session1/wav_headMic/0033.wav,2.6375,share,share,project_prompt_target
2,train,M02,dysarthric,Session1,0041,data/extracted/torgo/M02/Session1/wav_headMic/0041.wav,1.96344,knew,knew,project_prompt_target
2,train,M02,dysarthric,Session1,0042,data/extracted/torgo/M02/Session1/wav_headMic/0042.wav,1.8365,tip,tip,project_prompt_target
2,train,M02,dysarthric,Session1,0044,data/extracted/torgo/M02/Session1/wav_headMic/0044.wav,10.12019,"he dresses himself in an ancient black frock coat,","he dresses himself in an ancient black frock coat,",project_prompt_target
2,train,M02,dysarthric,Session1,0048,data/extracted/torgo/M02/Session1/wav_headMic/0048.wav,1.90488,chair,chair,project_prompt_target
2,train,M02,dysarthric,Session1,0051,data/extracted/torgo/M02/Session1/wav_headMic/0051.wav,2.22725,bat,bat,project_prompt_target
2,train,M02,dysarthric,Session1,0053,data/extracted/torgo/M02/Session1/wav_headMic/0053.wav,3.66325,stubble,stubble,project_prompt_target
2,train,M02,dysarthric,Session1,0055,data/extracted/torgo/M02/Session1/wav_headMic/0055.wav,9.53406,She had your dark suit in greasy wash water all year.,She had your dark suit in greasy wash water all year.,project_prompt_target
2,train,M02,dysarthric,Session1,0058,data/extracted/torgo/M02/Session1/wav_headMic/0058.wav,2.48981,sheet,sheet,project_prompt_target
2,train,M02,dysarthric,Session1,0063,data/extracted/torgo/M02/Session1/wav_headMic/0063.wav,2.47056,car,car,project_prompt_target
2,train,M02,dysarthric,Session1,0064,data/extracted/torgo/M02/Session1/wav_headMic/0064.wav,2.64425,knee,knee,project_prompt_target
2,train,M02,dysarthric,Session1,0065,data/extracted/torgo/M02/Session1/wav_headMic/0065.wav,2.23894,no,no,project_prompt_target
2,train,M02,dysarthric,Session1,0066,data/extracted/torgo/M02/Session1/wav_headMic/0066.wav,7.60469,yet he still thinks as swiftly as ever.,yet he still thinks as swiftly as ever.,project_prompt_target
2,train,M02,dysarthric,Session1,0067,data/extracted/torgo/M02/Session1/wav_headMic/0067.wav,5.53944,usually minus several buttons;,usually minus several buttons;,project_prompt_target
2,train,M02,dysarthric,Session1,0068,data/extracted/torgo/M02/Session1/wav_headMic/0068.wav,2.54775,floor,floor,project_prompt_target
2,train,M02,dysarthric,Session1,0071,data/extracted/torgo/M02/Session1/wav_headMic/0071.wav,8.58906,"We have often urged him to walk more and smoke less,","We have often urged him to walk more and smoke less,",project_prompt_target
2,train,M02,dysarthric,Session1,0074,data/extracted/torgo/M02/Session1/wav_headMic/0074.wav,2.23894,beat,beat,project_prompt_target
2,train,M02,dysarthric,Session1,0075,data/extracted/torgo/M02/Session1/wav_headMic/0075.wav,2.20038,knew,knew,project_prompt_target
2,train,M02,dysarthric,Session1,0077,data/extracted/torgo/M02/Session1/wav_headMic/0077.wav,2.50913,range,range,project_prompt_target
2,train,M02,dysarthric,Session1,0080,data/extracted/torgo/M02/Session1/wav_headMic/0080.wav,9.82425,he slowly takes a short walk in the open air each day.,he slowly takes a short walk in the open air each day.,project_prompt_target
2,train,M02,dysarthric,Session1,0081,data/extracted/torgo/M02/Session1/wav_headMic/0081.wav,2.85656,storm,storm,project_prompt_target
2,train,M02,dysarthric,Session1,0083,data/extracted/torgo/M02/Session1/wav_headMic/0083.wav,2.29688,double,double,project_prompt_target
2,train,M02,dysarthric,Session1,0084,data/extracted/torgo/M02/Session1/wav_headMic/0084.wav,2.35475,down,down,project_prompt_target
2,train,M02,dysarthric,Session1,0085,data/extracted/torgo/M02/Session1/wav_headMic/0085.wav,2.47056,fee,fee,project_prompt_target
2,train,M02,dysarthric,Session1,0086,data/extracted/torgo/M02/Session1/wav_headMic/0086.wav,1.93013,glow,glow,project_prompt_target
2,train,M02,dysarthric,Session1,0088,data/extracted/torgo/M02/Session1/wav_headMic/0088.wav,2.00731,warm,warm,project_prompt_target
2,train,M02,dysarthric,Session1,0091,data/extracted/torgo/M02/Session1/wav_headMic/0091.wav,2.43194,sip,sip,project_prompt_target
2,train,M02,dysarthric,Session1,0092,data/extracted/torgo/M02/Session1/wav_headMic/0092.wav,11.63862,Twice each day he plays skillfully and with zest upon our small organ.,Twice each day he plays skillfully and with zest upon our small organ.,project_prompt_target
2,train,M02,dysarthric,Session1,0097,data/extracted/torgo/M02/Session1/wav_headMic/0097.wav,1.85187,up,up,project_prompt_target
2,train,M02,dysarthric,Session1,0098,data/extracted/torgo/M02/Session1/wav_headMic/0098.wav,9.20344,"A long, flowing beard clings to his chin,","A long, flowing beard clings to his chin,",project_prompt_target
2,train,M02,dysarthric,Session1,0100,data/extracted/torgo/M02/Session1/wav_headMic/0100.wav,2.834,rake,rake,project_prompt_target
2,train,M02,dysarthric,Session1,0103,data/extracted/torgo/M02/Session1/wav_headMic/0103.wav,5.24706,I can read,I can read,project_prompt_target
2,train,M02,dysarthric,Session1,0104,data/extracted/torgo/M02/Session1/wav_headMic/0104.wav,2.1325,air,air,project_prompt_target
2,train,M02,dysarthric,Session1,0106,data/extracted/torgo/M02/Session1/wav_headMic/0106.wav,8.13719,Don't ask me to carry an oily rag like that.,Don't ask me to carry an oily rag like that.,project_prompt_target
2,train,M02,dysarthric,Session1,0107,data/extracted/torgo/M02/Session1/wav_headMic/0107.wav,2.66562,rage,rage,project_prompt_target
2,train,M02,dysarthric,Session1,0110,data/extracted/torgo/M02/Session1/wav_headMic/0110.wav,2.32894,for,for,project_prompt_target
2,train,M02,dysarthric,Session1,0112,data/extracted/torgo/M02/Session1/wav_headMic/0112.wav,3.25481,jagged,jagged,project_prompt_target
2,train,M02,dysarthric,Session1,0114,data/extracted/torgo/M02/Session1/wav_headMic/0114.wav,2.60956,spark,spark,project_prompt_target
2,train,M02,dysarthric,Session1,0116,data/extracted/torgo/M02/Session1/wav_headMic/0116.wav,2.89006,feed,feed,project_prompt_target
2,train,M02,dysarthric,Session1,0117,data/extracted/torgo/M02/Session1/wav_headMic/0117.wav,8.67025,The quick brown fox jumps over the lazy dog.,The quick brown fox jumps over the lazy dog.,project_prompt_target
2,train,M02,dysarthric,Session1,0118,data/extracted/torgo/M02/Session1/wav_headMic/0118.wav,8.13712,"but he always answers, ""Banana oil!""","but he always answers, ""Banana oil!""",project_prompt_target
2,train,M02,dysarthric,Session1,0120,data/extracted/torgo/M02/Session1/wav_headMic/0120.wav,2.35694,trade,trade,project_prompt_target
2,train,M02,dysarthric,Session1,0121,data/extracted/torgo/M02/Session1/wav_headMic/0121.wav,6.42556,You wished to know all about my grandfather.,You wished to know all about my grandfather.,project_prompt_target
2,train,M02,dysarthric,Session1,0122,data/extracted/torgo/M02/Session1/wav_headMic/0122.wav,2.6095,trace,trace,project_prompt_target
2,train,M02,dysarthric,Session1,0125,data/extracted/torgo/M02/Session1/wav_headMic/0125.wav,2.10444,of,of,project_prompt_target
2,train,M02,dysarthric,Session1,0126,data/extracted/torgo/M02/Session1/wav_headMic/0126.wav,5.10681,I just try to do my best.,I just try to do my best.,project_prompt_target
2,train,M02,dysarthric,Session1,0127,data/extracted/torgo/M02/Session1/wav_headMic/0127.wav,6.70613,Both figures would go higher in later years.,Both figures would go higher in later years.,project_prompt_target
2,train,M02,dysarthric,Session1,0129,data/extracted/torgo/M02/Session1/wav_headMic/0129.wav,2.97425,side,side,project_prompt_target
2,train,M02,dysarthric,Session1,0130,data/extracted/torgo/M02/Session1/wav_headMic/0130.wav,6.28525,I tried to tell people in the community.,I tried to tell people in the community.,project_prompt_target
2,train,M02,dysarthric,Session1,0132,data/extracted/torgo/M02/Session1/wav_headMic/0132.wav,3.05844,loop,loop,project_prompt_target
2,train,M02,dysarthric,Session1,0133,data/extracted/torgo/M02/Session1/wav_headMic/0133.wav,2.49731,here,here,project_prompt_target
2,train,M02,dysarthric,Session1,0135,data/extracted/torgo/M02/Session1/wav_headMic/0135.wav,7.46375,Why yell or worry over silly items?,Why yell or worry over silly items?,project_prompt_target
2,train,M02,dysarthric,Session1,0137,data/extracted/torgo/M02/Session1/wav_headMic/0137.wav,8.83863,"Everything went real smooth, the sheriff said.","Everything went real smooth, the sheriff said.",project_prompt_target
2,train,M02,dysarthric,Session1,0138,data/extracted/torgo/M02/Session1/wav_headMic/0138.wav,2.1325,ate,ate,project_prompt_target
2,train,M02,dysarthric,Session1,0139,data/extracted/torgo/M02/Session1/wav_headMic/0139.wav,2.89006,write,write,project_prompt_target
2,train,M02,dysarthric,Session1,0146,data/extracted/torgo/M02/Session1/wav_headMic/0146.wav,2.21669,slip,slip,project_prompt_target
2,train,M02,dysarthric,Session1,0147,data/extracted/torgo/M02/Session1/wav_headMic/0147.wav,3.03037,sway,sway,project_prompt_target
2,train,M02,dysarthric,Session1,0149,data/extracted/torgo/M02/Session1/wav_headMic/0149.wav,1.93613,shoot,shoot,project_prompt_target
2,train,M02,dysarthric,Session1,0150,data/extracted/torgo/M02/Session1/wav_headMic/0150.wav,7.46375,Are your grades higher or lower than Nancy's?,Are your grades higher or lower than Nancy's?,project_prompt_target
2,train,M02,dysarthric,Session1,0151,data/extracted/torgo/M02/Session1/wav_headMic/0151.wav,1.729,fruit,fruit,project_prompt_target
2,train,M02,dysarthric,Session1,0152,data/extracted/torgo/M02/Session1/wav_headMic/0152.wav,7.2465,You'd be better off taking a cold shower.,You'd be better off taking a cold shower.,project_prompt_target
2,train,M02,dysarthric,Session1,0154,data/extracted/torgo/M02/Session1/wav_headMic/0154.wav,7.70419,The islands are sparsely populated.,The islands are sparsely populated.,project_prompt_target
2,train,M02,dysarthric,Session1,0160,data/extracted/torgo/M02/Session1/wav_headMic/0160.wav,2.74606,sprinkle,sprinkle,project_prompt_target
2,train,M02,dysarthric,Session1,0161,data/extracted/torgo/M02/Session1/wav_headMic/0161.wav,1.95781,mut,mut,project_prompt_target
2,train,M02,dysarthric,Session1,0163,data/extracted/torgo/M02/Session1/wav_headMic/0163.wav,2.36469,we're,we're,project_prompt_target
2,train,M02,dysarthric,Session1,0164,data/extracted/torgo/M02/Session1/wav_headMic/0164.wav,2.44094,dot,dot,project_prompt_target
2,train,M02,dysarthric,Session1,0167,data/extracted/torgo/M02/Session1/wav_headMic/0167.wav,2.46631,pad,pad,project_prompt_target
2,train,M02,dysarthric,Session1,0169,data/extracted/torgo/M02/Session1/wav_headMic/0169.wav,6.94137,All the big baseball players get traded.,All the big baseball players get traded.,project_prompt_target
2,train,M02,dysarthric,Session1,0172,data/extracted/torgo/M02/Session1/wav_headMic/0172.wav,6.50913,I can play this weekend.,I can play this weekend.,project_prompt_target
2,train,M02,dysarthric,Session1,0175,data/extracted/torgo/M02/Session1/wav_headMic/0175.wav,2.31381,write,write,project_prompt_target
2,train,M02,dysarthric,Session1,0176,data/extracted/torgo/M02/Session1/wav_headMic/0176.wav,5.5175,Will Robin wear a yellow lily?,Will Robin wear a yellow lily?,project_prompt_target
2,train,M02,dysarthric,Session1,0178,data/extracted/torgo/M02/Session1/wav_headMic/0178.wav,2.18669,shear,shear,project_prompt_target
2,train,M02,dysarthric,Session1,0179,data/extracted/torgo/M02/Session1/wav_headMic/0179.wav,2.44094,near,near,project_prompt_target
2,train,M02,dysarthric,Session1,0180,data/extracted/torgo/M02/Session1/wav_headMic/0180.wav,2.0595,steer,steer,project_prompt_target
2,train,M02,dysarthric,Session1,0182,data/extracted/torgo/M02/Session1/wav_headMic/0182.wav,2.5935,galore,galore,project_prompt_target
2,train,M02,dysarthric,Session1,0183,data/extracted/torgo/M02/Session1/wav_headMic/0183.wav,6.56,Bright sunshine shimmers on the ocean.,Bright sunshine shimmers on the ocean.,project_prompt_target
2,train,M02,dysarthric,Session1,0186,data/extracted/torgo/M02/Session1/wav_headMic/0186.wav,2.61894,charlie,charlie,project_prompt_target
2,train,M02,dysarthric,Session1,0189,data/extracted/torgo/M02/Session1/wav_headMic/0189.wav,2.28837,light,light,project_prompt_target
2,train,M02,dysarthric,Session1,0191,data/extracted/torgo/M02/Session1/wav_headMic/0191.wav,2.61888,tie,tie,project_prompt_target
2,train,M02,dysarthric,Session1,0192,data/extracted/torgo/M02/Session1/wav_headMic/0192.wav,2.08494,through,through,project_prompt_target
2,train,M02,dysarthric,Session1,0194,data/extracted/torgo/M02/Session1/wav_headMic/0194.wav,2.46638,"tear [as in ""tear in my eye""]",tear,project_prompt_target
2,train,M02,dysarthric,Session1,0197,data/extracted/torgo/M02/Session1/wav_headMic/0197.wav,7.27194,Nothing is as offensive as ignorance,Nothing is as offensive as ignorance,project_prompt_target
2,train,M02,dysarthric,Session1,0198,data/extracted/torgo/M02/Session1/wav_headMic/0198.wav,6.89056,Nothing is as offensive as innocence.,Nothing is as offensive as innocence.,project_prompt_target
2,train,M02,dysarthric,Session1,0199,data/extracted/torgo/M02/Session1/wav_headMic/0199.wav,3.00031,slay,slay,project_prompt_target
2,train,M02,dysarthric,Session1,0200,data/extracted/torgo/M02/Session1/wav_headMic/0200.wav,2.72063,snoop,snoop,project_prompt_target
2,train,M02,dysarthric,Session1,0204,data/extracted/torgo/M02/Session1/wav_headMic/0204.wav,2.28837,urgent,urgent,project_prompt_target
2,train,M02,dysarthric,Session1,0206,data/extracted/torgo/M02/Session1/wav_headMic/0206.wav,1.65269,bear,bear,project_prompt_target
2,train,M02,dysarthric,Session1,0207,data/extracted/torgo/M02/Session1/wav_headMic/0207.wav,1.83069,suit,suit,project_prompt_target
2,train,M02,dysarthric,Session1,0208,data/extracted/torgo/M02/Session1/wav_headMic/0208.wav,4.55131,Just one side got wet.,Just one side got wet.,project_prompt_target
2,train,M02,dysarthric,Session1,0210,data/extracted/torgo/M02/Session1/wav_headMic/0210.wav,4.60213,You're used to being on the field.,You're used to being on the field.,project_prompt_target
2,train,M02,dysarthric,Session1,0211,data/extracted/torgo/M02/Session1/wav_headMic/0211.wav,2.46631,forward,forward,project_prompt_target
2,train,M02,dysarthric,Session1,0212,data/extracted/torgo/M02/Session1/wav_headMic/0212.wav,2.23756,four,four,project_prompt_target
2,train,M02,dysarthric,Session1,0213,data/extracted/torgo/M02/Session1/wav_headMic/0213.wav,2.2955,peer,peer,project_prompt_target
2,train,M02,dysarthric,Session1,0215,data/extracted/torgo/M02/Session1/wav_headMic/0215.wav,5.18694,I looked up and noticed two old men.,I looked up and noticed two old men.,project_prompt_target
2,train,M02,dysarthric,Session1,0218,data/extracted/torgo/M02/Session1/wav_headMic/0218.wav,2.97969,prior,prior,project_prompt_target
2,train,M02,dysarthric,Session1,0219,data/extracted/torgo/M02/Session1/wav_headMic/0219.wav,2.40581,tile,tile,project_prompt_target
2,train,M02,dysarthric,Session1,0220,data/extracted/torgo/M02/Session1/wav_headMic/0220.wav,2.20725,fear,fear,project_prompt_target
2,train,M02,dysarthric,Session1,0222,data/extracted/torgo/M02/Session1/wav_headMic/0222.wav,8.23287,One validated acts of school districts.,One validated acts of school districts.,project_prompt_target
2,train,M02,dysarthric,Session1,0223,data/extracted/torgo/M02/Session1/wav_headMic/0223.wav,2.58244,mere,mere,project_prompt_target
2,train,M02,dysarthric,Session1,0226,data/extracted/torgo/M02/Session1/wav_headMic/0226.wav,7.76931,Mother sews yellow gingham aprons.,Mother sews yellow gingham aprons.,project_prompt_target
2,train,M02,dysarthric,Session1,0228,data/extracted/torgo/M02/Session1/wav_headMic/0228.wav,2.36169,know,know,project_prompt_target
2,train,M02,dysarthric,Session1,0231,data/extracted/torgo/M02/Session1/wav_headMic/0231.wav,2.11888,rock,rock,project_prompt_target
2,train,M02,dysarthric,Session1,0232,data/extracted/torgo/M02/Session1/wav_headMic/0232.wav,6.66575,Jane may earn more money by working hard.,Jane may earn more money by working hard.,project_prompt_target
2,train,M02,dysarthric,Session1,0234,data/extracted/torgo/M02/Session1/wav_headMic/0234.wav,1.72162,troop,troop,project_prompt_target
2,train,M02,dysarthric,Session1,0235,data/extracted/torgo/M02/Session1/wav_headMic/0235.wav,2.6045,root,root,project_prompt_target
2,train,M02,dysarthric,Session1,0238,data/extracted/torgo/M02/Session1/wav_headMic/0238.wav,6.46713,The train approached the depot slowly.,The train approached the depot slowly.,project_prompt_target
2,train,M02,dysarthric,Session2,0100,data/extracted/torgo/M02/Session2/wav_headMic/0100.wav,3.07,mike,mike,project_prompt_target
2,train,M02,dysarthric,Session2,0102,data/extracted/torgo/M02/Session2/wav_headMic/0102.wav,2.29,sell,sell,project_prompt_target
2,train,M02,dysarthric,Session2,0110,data/extracted/torgo/M02/Session2/wav_headMic/0110.wav,2.255,lick,lick,project_prompt_target
2,train,M02,dysarthric,Session2,0144,data/extracted/torgo/M02/Session2/wav_headMic/0144.wav,2.145,eight,eight,project_prompt_target
2,train,M02,dysarthric,Session2,0156,data/extracted/torgo/M02/Session2/wav_headMic/0156.wav,3.935,yes,yes,project_prompt_target
2,train,M02,dysarthric,Session2,0199,data/extracted/torgo/M02/Session2/wav_headMic/0199.wav,2.405,six,six,project_prompt_target
2,train,M02,dysarthric,Session2,0214,data/extracted/torgo/M02/Session2/wav_headMic/0214.wav,2.78,hat,hat,project_prompt_target
2,train,M02,dysarthric,Session2,0220,data/extracted/torgo/M02/Session2/wav_headMic/0220.wav,2.765,no,no,project_prompt_target
2,train,M02,dysarthric,Session2,0221,data/extracted/torgo/M02/Session2/wav_headMic/0221.wav,3.165,fitting,fitting,project_prompt_target
2,train,M02,dysarthric,Session2,0231,data/extracted/torgo/M02/Session2/wav_headMic/0231.wav,3.86,knot,knot,project_prompt_target
2,train,M02,dysarthric,Session2,0241,data/extracted/torgo/M02/Session2/wav_headMic/0241.wav,1.965,said,said,project_prompt_target
2,train,M02,dysarthric,Session2,0242,data/extracted/torgo/M02/Session2/wav_headMic/0242.wav,2.85,tread,tread,project_prompt_target
2,train,MC01,control,Session1,0037,data/extracted/torgo/MC01/Session1/wav_headMic/0037.wav,6.44,She had your dark suit in greasy wash water all year.,She had your dark suit in greasy wash water all year.,project_prompt_target
2,train,MC01,control,Session1,0053,data/extracted/torgo/MC01/Session1/wav_headMic/0053.wav,6.475,"Except in the winter when the ooze or snow or ice prevents,","Except in the winter when the ooze or snow or ice prevents,",project_prompt_target
2,train,MC01,control,Session1,0077,data/extracted/torgo/MC01/Session1/wav_headMic/0077.wav,7.70506,giving those who observe him a pronounced feeling of the utmost respect.,giving those who observe him a pronounced feeling of the utmost respect.,project_prompt_target
2,train,MC01,control,Session1,0079,data/extracted/torgo/MC01/Session1/wav_headMic/0079.wav,6.62506,he slowly takes a short walk in the open air each day.,he slowly takes a short walk in the open air each day.,project_prompt_target
2,train,MC01,control,Session1,0094,data/extracted/torgo/MC01/Session1/wav_headMic/0094.wav,6.725,Don't ask me to carry an oily rag like that.,Don't ask me to carry an oily rag like that.,project_prompt_target
2,train,MC01,control,Session1,0126,data/extracted/torgo/MC01/Session1/wav_headMic/0126.wav,7.055,"If you destroy confidence in banks, you do something to the economy, he said.","If you destroy confidence in banks, you do something to the economy, he said.",project_prompt_target
2,train,MC01,control,Session1,0193,data/extracted/torgo/MC01/Session1/wav_headMic/0193.wav,2.435,suit,suit,project_prompt_target
2,train,MC01,control,Session1,0200,data/extracted/torgo/MC01/Session1/wav_headMic/0200.wav,2.84,sprinkle,sprinkle,project_prompt_target
2,train,MC01,control,Session1,0207,data/extracted/torgo/MC01/Session1/wav_headMic/0207.wav,2.96,"tear [as in ""tear in my eye""]",tear,project_prompt_target
2,train,MC01,control,Session1,0244,data/extracted/torgo/MC01/Session1/wav_headMic/0244.wav,2.975,play,play,project_prompt_target
2,train,MC01,control,Session1,0272,data/extracted/torgo/MC01/Session1/wav_headMic/0272.wav,2.615,cake,cake,project_prompt_target
2,train,MC01,control,Session1,0285,data/extracted/torgo/MC01/Session1/wav_headMic/0285.wav,2.615,witch,witch,project_prompt_target
2,train,MC01,control,Session1,0287,data/extracted/torgo/MC01/Session1/wav_headMic/0287.wav,6.1,"She wore warm, fleecy, woolen overalls.","She wore warm, fleecy, woolen overalls.",project_prompt_target
2,train,MC01,control,Session1,0292,data/extracted/torgo/MC01/Session1/wav_headMic/0292.wav,4.41,Swing your arm as high as you can.,Swing your arm as high as you can.,project_prompt_target
2,train,MC01,control,Session1,0307,data/extracted/torgo/MC01/Session1/wav_headMic/0307.wav,3.135,seven,seven,project_prompt_target
2,train,MC01,control,Session1,0312,data/extracted/torgo/MC01/Session1/wav_headMic/0312.wav,8.00506,He further proposed grants of an unspecified sum for experimental hospitals.,He further proposed grants of an unspecified sum for experimental hospitals.,project_prompt_target
2,train,MC01,control,Session2,0011,data/extracted/torgo/MC01/Session2/wav_headMic/0011.wav,1.52606,bit,bit,project_prompt_target
2,train,MC01,control,Session2,0014,data/extracted/torgo/MC01/Session2/wav_headMic/0014.wav,2.63469,We rode horseback to the farm.,We rode horseback to the farm.,project_prompt_target
2,train,MC01,control,Session2,0085,data/extracted/torgo/MC01/Session2/wav_headMic/0085.wav,1.62688,ham,ham,project_prompt_target
2,train,MC01,control,Session2,0095,data/extracted/torgo/MC01/Session2/wav_headMic/0095.wav,1.58369,whisky,whisky,project_prompt_target
2,train,MC01,control,Session2,0123,data/extracted/torgo/MC01/Session2/wav_headMic/0123.wav,3.25369,The pair of shoes was new.,The pair of shoes was new.,project_prompt_target
2,train,MC01,control,Session2,0150,data/extracted/torgo/MC01/Session2/wav_headMic/0150.wav,1.958,nice,nice,project_prompt_target
2,train,MC01,control,Session2,0154,data/extracted/torgo/MC01/Session2/wav_headMic/0154.wav,2.26031,best,best,project_prompt_target
2,train,MC01,control,Session2,0167,data/extracted/torgo/MC01/Session2/wav_headMic/0167.wav,3.23937,We bought a brown chair.,We bought a brown chair.,project_prompt_target
2,train,MC01,control,Session2,0186,data/extracted/torgo/MC01/Session2/wav_headMic/0186.wav,1.77081,heat,heat,project_prompt_target
2,train,MC01,control,Session2,0220,data/extracted/torgo/MC01/Session2/wav_headMic/0220.wav,2.00119,boot,boot,project_prompt_target
2,train,MC01,control,Session2,0231,data/extracted/torgo/MC01/Session2/wav_headMic/0231.wav,2.11631,cakes,cakes,project_prompt_target
2,train,MC01,control,Session2,0249,data/extracted/torgo/MC01/Session2/wav_headMic/0249.wav,1.75644,rake,rake,project_prompt_target
2,train,MC01,control,Session2,0283,data/extracted/torgo/MC01/Session2/wav_headMic/0283.wav,1.41094,snort,snort,project_prompt_target
2,train,MC01,control,Session2,0328,data/extracted/torgo/MC01/Session2/wav_headMic/0328.wav,1.48287,knife,knife,project_prompt_target
2,train,MC01,control,Session2,0329,data/extracted/torgo/MC01/Session2/wav_headMic/0329.wav,1.75644,four,four,project_prompt_target
2,train,MC01,control,Session3,0002,data/extracted/torgo/MC01/Session3/wav_headMic/0002.wav,2.68,fork,fork,project_prompt_target
2,train,MC01,control,Session3,0014,data/extracted/torgo/MC01/Session3/wav_headMic/0014.wav,4.035,Basketball can be an entertaining sport.,Basketball can be an entertaining sport.,project_prompt_target
2,train,MC01,control,Session3,0019,data/extracted/torgo/MC01/Session3/wav_headMic/0019.wav,7.07506,Her position covers a number of daily tasks common to any social director.,Her position covers a number of daily tasks common to any social director.,project_prompt_target
2,train,MC01,control,Session3,0062,data/extracted/torgo/MC01/Session3/wav_headMic/0062.wav,2.465,lender,lender,project_prompt_target
2,train,MC01,control,Session3,0083,data/extracted/torgo/MC01/Session3/wav_headMic/0083.wav,7.275,The legislature met to judge the state of public education.,The legislature met to judge the state of public education.,project_prompt_target
2,train,MC01,control,Session3,0084,data/extracted/torgo/MC01/Session3/wav_headMic/0084.wav,6.045,The legislature met to judge the state of public education.,The legislature met to judge the state of public education.,project_prompt_target
2,train,MC01,control,Session3,0099,data/extracted/torgo/MC01/Session3/wav_headMic/0099.wav,2.645,knock,knock,project_prompt_target
2,train,MC01,control,Session3,0106,data/extracted/torgo/MC01/Session3/wav_headMic/0106.wav,7.25506,"This, he added, brought about petty jealousies and petty personal grievances.","This, he added, brought about petty jealousies and petty personal grievances.",project_prompt_target
2,train,MC01,control,Session3,0152,data/extracted/torgo/MC01/Session3/wav_headMic/0152.wav,4.875,The prowler wore a ski mask for disguise.,The prowler wore a ski mask for disguise.,project_prompt_target
2,train,MC01,control,Session3,0197,data/extracted/torgo/MC01/Session3/wav_headMic/0197.wav,2.3,punch,punch,project_prompt_target
2,train,MC01,control,Session3,0206,data/extracted/torgo/MC01/Session3/wav_headMic/0206.wav,2.375,add,add,project_prompt_target
2,train,MC01,control,Session3,0218,data/extracted/torgo/MC01/Session3/wav_headMic/0218.wav,4.68,Academic aptitude guarantees your diploma.,Academic aptitude guarantees your diploma.,project_prompt_target
2,train,MC01,control,Session3,0240,data/extracted/torgo/MC01/Session3/wav_headMic/0240.wav,3.38006,wax,wax,project_prompt_target
2,train,MC01,control,Session3,0263,data/extracted/torgo/MC01/Session3/wav_headMic/0263.wav,2.09994,hand,hand,project_prompt_target
2,train,MC01,control,Session3,0304,data/extracted/torgo/MC01/Session3/wav_headMic/0304.wav,6.06,The staff deserves a lot of credit working down here under real obstacles.,The staff deserves a lot of credit working down here under real obstacles.,project_prompt_target
2,train,MC01,control,Session3,0327,data/extracted/torgo/MC01/Session3/wav_headMic/0327.wav,3.185,He took heart and played.,He took heart and played.,project_prompt_target
2,train,MC01,control,Session3,0381,data/extracted/torgo/MC01/Session3/wav_headMic/0381.wav,6.5,"They make gin saws and deal in parts, supplies and some used gin machinery.","They make gin saws and deal in parts, supplies and some used gin machinery.",project_prompt_target
2,train,MC01,control,Session3,0403,data/extracted/torgo/MC01/Session3/wav_headMic/0403.wav,6.315,Hiring the wife for one's company may win her tax-aided retirement income.,Hiring the wife for one's company may win her tax-aided retirement income.,project_prompt_target
2,train,MC01,control,Session3,0413,data/extracted/torgo/MC01/Session3/wav_headMic/0413.wav,1.975,it,it,project_prompt_target
2,train,MC02,control,Session1,0016,data/extracted/torgo/MC02/Session1/wav_headMic/0016.wav,2.49506,chair,chair,project_prompt_target
2,train,MC02,control,Session1,0039,data/extracted/torgo/MC02/Session1/wav_headMic/0039.wav,2.39,rake,rake,project_prompt_target
2,train,MC02,control,Session1,0046,data/extracted/torgo/MC02/Session1/wav_headMic/0046.wav,5.385,"he dresses himself in an ancient black frock coat,","he dresses himself in an ancient black frock coat,",project_prompt_target
2,train,MC02,control,Session1,0052,data/extracted/torgo/MC02/Session1/wav_headMic/0052.wav,7.21,Twice each day he plays skillfully and with zest upon our small organ.,Twice each day he plays skillfully and with zest upon our small organ.,project_prompt_target
2,train,MC02,control,Session1,0054,data/extracted/torgo/MC02/Session1/wav_headMic/0054.wav,2.685,trade,trade,project_prompt_target
2,train,MC02,control,Session1,0087,data/extracted/torgo/MC02/Session1/wav_headMic/0087.wav,6.25,"When he speaks, his voice is just a bit cracked and quivers a trifle.","When he speaks, his voice is just a bit cracked and quivers a trifle.",project_prompt_target
2,train,MC02,control,Session1,0106,data/extracted/torgo/MC02/Session1/wav_headMic/0106.wav,2.8,know,know,project_prompt_target
2,train,MC02,control,Session1,0110,data/extracted/torgo/MC02/Session1/wav_headMic/0110.wav,2.76006,trace,trace,project_prompt_target
2,train,MC02,control,Session1,0115,data/extracted/torgo/MC02/Session1/wav_headMic/0115.wav,3.17,car,car,project_prompt_target
2,train,MC02,control,Session1,0125,data/extracted/torgo/MC02/Session1/wav_headMic/0125.wav,3.36,droop,droop,project_prompt_target
2,train,MC02,control,Session1,0188,data/extracted/torgo/MC02/Session1/wav_headMic/0188.wav,2.92006,light,light,project_prompt_target
2,train,MC02,control,Session1,0208,data/extracted/torgo/MC02/Session1/wav_headMic/0208.wav,2.71,troop,troop,project_prompt_target
2,train,MC02,control,Session1,0246,data/extracted/torgo/MC02/Session1/wav_headMic/0246.wav,2.53,no,no,project_prompt_target
2,train,MC02,control,Session1,0252,data/extracted/torgo/MC02/Session1/wav_headMic/0252.wav,6.925,"If you destroy confidence in banks, you do something to the economy, he said.","If you destroy confidence in banks, you do something to the economy, he said.",project_prompt_target
2,train,MC02,control,Session1,0253,data/extracted/torgo/MC02/Session1/wav_headMic/0253.wav,6.6,"If you destroy confidence in banks, you do something to the economy, he said.","If you destroy confidence in banks, you do something to the economy, he said.",project_prompt_target
2,train,MC02,control,Session1,0277,data/extracted/torgo/MC02/Session1/wav_headMic/0277.wav,4.87006,The museum hires musicians every evening.,The museum hires musicians every evening.,project_prompt_target
2,train,MC02,control,Session1,0289,data/extracted/torgo/MC02/Session1/wav_headMic/0289.wav,2.83006,reek,reek,project_prompt_target
2,train,MC02,control,Session1,0359,data/extracted/torgo/MC02/Session1/wav_headMic/0359.wav,6.215,Nothing has been done yet to take advantage of the enabling legislation.,Nothing has been done yet to take advantage of the enabling legislation.,project_prompt_target
2,train,MC02,control,Session2,0008,data/extracted/torgo/MC02/Session2/wav_headMic/0008.wav,2.63,Ned,Ned,project_prompt_target
2,train,MC02,control,Session2,0017,data/extracted/torgo/MC02/Session2/wav_headMic/0017.wav,4.85,Travel is about the only leisure we have.,Travel is about the only leisure we have.,project_prompt_target
2,train,MC02,control,Session2,0034,data/extracted/torgo/MC02/Session2/wav_headMic/0034.wav,3.055,nut,nut,project_prompt_target
2,train,MC02,control,Session2,0043,data/extracted/torgo/MC02/Session2/wav_headMic/0043.wav,4.665,Some hotels are available nearby.,Some hotels are available nearby.,project_prompt_target
2,train,MC02,control,Session2,0046,data/extracted/torgo/MC02/Session2/wav_headMic/0046.wav,2.705,left,left,project_prompt_target
2,train,MC02,control,Session2,0054,data/extracted/torgo/MC02/Session2/wav_headMic/0054.wav,2.925,sicker,sicker,project_prompt_target
2,train,MC02,control,Session2,0055,data/extracted/torgo/MC02/Session2/wav_headMic/0055.wav,6.255,He really crucified him; he nailed it for a yard loss.,He really crucified him; he nailed it for a yard loss.,project_prompt_target
2,train,MC02,control,Session2,0062,data/extracted/torgo/MC02/Session2/wav_headMic/0062.wav,6.62506,The prospect of cutting back spending is an unpleasant one for any governor.,The prospect of cutting back spending is an unpleasant one for any governor.,project_prompt_target
2,train,MC02,control,Session2,0075,data/extracted/torgo/MC02/Session2/wav_headMic/0075.wav,2.735,chip,chip,project_prompt_target
2,train,MC02,control,Session2,0080,data/extracted/torgo/MC02/Session2/wav_arrayMic/0080.wav,3.6,dread,dread,project_prompt_target
2,train,MC02,control,Session2,0089,data/extracted/torgo/MC02/Session2/wav_arrayMic/0089.wav,4.65,Beg that guard for one gallon of gas.,Beg that guard for one gallon of gas.,project_prompt_target
2,train,MC02,control,Session2,0113,data/extracted/torgo/MC02/Session2/wav_arrayMic/0113.wav,3.75,nod,nod,project_prompt_target
2,train,MC02,control,Session2,0130,data/extracted/torgo/MC02/Session2/wav_arrayMic/0130.wav,3.0,show,show,project_prompt_target
2,train,MC02,control,Session2,0143,data/extracted/torgo/MC02/Session2/wav_arrayMic/0143.wav,3.0,shin,shin,project_prompt_target
2,train,MC02,control,Session2,0154,data/extracted/torgo/MC02/Session2/wav_arrayMic/0154.wav,3.3,eat,eat,project_prompt_target
2,train,MC02,control,Session2,0160,data/extracted/torgo/MC02/Session2/wav_arrayMic/0160.wav,7.05,Etiquette mandates compliance with existing regulations.,Etiquette mandates compliance with existing regulations.,project_prompt_target
2,train,MC02,control,Session2,0162,data/extracted/torgo/MC02/Session2/wav_arrayMic/0162.wav,5.25,Critical equipment needs proper maintenance.,Critical equipment needs proper maintenance.,project_prompt_target
2,train,MC02,control,Session2,0198,data/extracted/torgo/MC02/Session2/wav_arrayMic/0198.wav,6.9,He played basketball there while working toward a law degree.,He played basketball there while working toward a law degree.,project_prompt_target
2,train,MC02,control,Session2,0209,data/extracted/torgo/MC02/Session2/wav_arrayMic/0209.wav,5.25,We selected places where families will be welcome.,We selected places where families will be welcome.,project_prompt_target
2,train,MC02,control,Session2,0215,data/extracted/torgo/MC02/Session2/wav_arrayMic/0215.wav,4.65,Suddenly my reflexes are gone.,Suddenly my reflexes are gone.,project_prompt_target
2,train,MC02,control,Session2,0225,data/extracted/torgo/MC02/Session2/wav_arrayMic/0225.wav,3.45,lake,lake,project_prompt_target
2,train,MC02,control,Session2,0229,data/extracted/torgo/MC02/Session2/wav_arrayMic/0229.wav,2.85,steak,steak,project_prompt_target
2,train,MC02,control,Session2,0244,data/extracted/torgo/MC02/Session2/wav_arrayMic/0244.wav,3.6,fort,fort,project_prompt_target
2,train,MC02,control,Session2,0265,data/extracted/torgo/MC02/Session2/wav_arrayMic/0265.wav,7.35,At twilight on the twelfth day we'll have Chablis.,At twilight on the twelfth day we'll have Chablis.,project_prompt_target
2,train,MC02,control,Session2,0276,data/extracted/torgo/MC02/Session2/wav_arrayMic/0276.wav,3.45,cash,cash,project_prompt_target
2,train,MC02,control,Session2,0277,data/extracted/torgo/MC02/Session2/wav_arrayMic/0277.wav,3.3,beam,beam,project_prompt_target
2,train,MC02,control,Session2,0300,data/extracted/torgo/MC02/Session2/wav_arrayMic/0300.wav,7.35,"So, if anybody solicits by phone, make sure you mail the dough to the above.","So, if anybody solicits by phone, make sure you mail the dough to the above.",project_prompt_target
2,train,MC02,control,Session2,0303,data/extracted/torgo/MC02/Session2/wav_arrayMic/0303.wav,3.0,five,five,project_prompt_target
2,validation,M04,dysarthric,Session1,0030,data/extracted/torgo/M04/Session1/wav_arrayMic/0030.wav,2.4,range,range,project_prompt_target
2,validation,M04,dysarthric,Session1,0032,data/extracted/torgo/M04/Session1/wav_arrayMic/0032.wav,3.0,stubble,stubble,project_prompt_target
2,validation,M04,dysarthric,Session1,0035,data/extracted/torgo/M04/Session1/wav_arrayMic/0035.wav,2.25,"tear [as in ""tear up that paper""]",tear,project_prompt_target
2,validation,M04,dysarthric,Session1,0036,data/extracted/torgo/M04/Session1/wav_arrayMic/0036.wav,9.45,The quick brown fox jumps over the lazy dog.,The quick brown fox jumps over the lazy dog.,project_prompt_target
2,validation,M04,dysarthric,Session1,0039,data/extracted/torgo/M04/Session1/wav_arrayMic/0039.wav,1.8,up,up,project_prompt_target
2,validation,M04,dysarthric,Session1,0058,data/extracted/torgo/M04/Session1/wav_arrayMic/0058.wav,2.85,go,go,project_prompt_target
2,validation,M04,dysarthric,Session1,0059,data/extracted/torgo/M04/Session1/wav_arrayMic/0059.wav,3.15,gadget,gadget,project_prompt_target
2,validation,M04,dysarthric,Session1,0069,data/extracted/torgo/M04/Session1/wav_arrayMic/0069.wav,2.7,pat,pat,project_prompt_target
2,validation,M04,dysarthric,Session1,0083,data/extracted/torgo/M04/Session1/wav_arrayMic/0083.wav,4.05,jagged,jagged,project_prompt_target
2,validation,M04,dysarthric,Session1,0085,data/extracted/torgo/M04/Session1/wav_arrayMic/0085.wav,2.1,know,know,project_prompt_target
2,validation,M04,dysarthric,Session1,0090,data/extracted/torgo/M04/Session1/wav_arrayMic/0090.wav,4.5,bit,bit,project_prompt_target
2,validation,M04,dysarthric,Session1,0105,data/extracted/torgo/M04/Session1/wav_arrayMic/0105.wav,4.35,usually min min,usually min min,project_prompt_target
2,validation,M04,dysarthric,Session2,0017,data/extracted/torgo/M04/Session2/wav_headMic/0017.wav,3.13,storm,storm,project_prompt_target
2,validation,M04,dysarthric,Session2,0059,data/extracted/torgo/M04/Session2/wav_headMic/0059.wav,2.645,chair,chair,project_prompt_target
2,validation,M04,dysarthric,Session2,0077,data/extracted/torgo/M04/Session2/wav_headMic/0077.wav,11.88,You wished to know all about my grandfather.,You wished to know all about my grandfather.,project_prompt_target
2,validation,M04,dysarthric,Session2,0086,data/extracted/torgo/M04/Session2/wav_headMic/0086.wav,2.955,"read [as in ""I can read""]",read,project_prompt_target
2,validation,M04,dysarthric,Session2,0087,data/extracted/torgo/M04/Session2/wav_headMic/0087.wav,2.555,swarm,swarm,project_prompt_target
2,validation,M04,dysarthric,Session2,0103,data/extracted/torgo/M04/Session2/wav_headMic/0103.wav,3.005,torn,torn,project_prompt_target
2,validation,M04,dysarthric,Session2,0121,data/extracted/torgo/M04/Session2/wav_headMic/0121.wav,3.445,warm,warm,project_prompt_target
2,validation,M04,dysarthric,Session2,0155,data/extracted/torgo/M04/Session2/wav_headMic/0155.wav,8.105,I was conscious all the time.,I was conscious all the time.,project_prompt_target
2,validation,M04,dysarthric,Session2,0156,data/extracted/torgo/M04/Session2/wav_headMic/0156.wav,7.51,I was conscious all the time.,I was conscious all the time.,project_prompt_target
2,validation,M04,dysarthric,Session2,0157,data/extracted/torgo/M04/Session2/wav_headMic/0157.wav,6.835,She is thinner than I am.,She is thinner than I am.,project_prompt_target
2,validation,M04,dysarthric,Session2,0176,data/extracted/torgo/M04/Session2/wav_headMic/0176.wav,3.975,galore,galore,project_prompt_target
2,validation,M04,dysarthric,Session2,0183,data/extracted/torgo/M04/Session2/wav_headMic/0183.wav,5.695,He will allow a rare lie.,He will allow a rare lie.,project_prompt_target
2,validation,M04,dysarthric,Session2,0185,data/extracted/torgo/M04/Session2/wav_headMic/0185.wav,6.17,briar,briar,project_prompt_target
2,validation,M04,dysarthric,Session2,0187,data/extracted/torgo/M04/Session2/wav_headMic/0187.wav,7.86,Why yell or worry over silly items?,Why yell or worry over silly items?,project_prompt_target
2,validation,M04,dysarthric,Session2,0188,data/extracted/torgo/M04/Session2/wav_headMic/0188.wav,2.415,no,no,project_prompt_target
2,validation,M04,dysarthric,Session2,0246,data/extracted/torgo/M04/Session2/wav_headMic/0246.wav,10.465,Nothing is as offensive as innocence.,Nothing is as offensive as innocence.,project_prompt_target
2,validation,M04,dysarthric,Session2,0253,data/extracted/torgo/M04/Session2/wav_headMic/0253.wav,6.1,This was easy for us.,This was easy for us.,project_prompt_target
2,validation,M04,dysarthric,Session2,0295,data/extracted/torgo/M04/Session2/wav_headMic/0295.wav,6.235,There is a treehouse up above.,There is a treehouse up above.,project_prompt_target
2,validation,M05,dysarthric,Session2,0013,data/extracted/torgo/M05/Session2/wav_headMic/0013.wav,6.87,He will allow a rare lie.,He will allow a rare lie.,project_prompt_target
2,validation,M05,dysarthric,Session2,0017,data/extracted/torgo/M05/Session2/wav_headMic/0017.wav,3.12,prior,prior,project_prompt_target
2,validation,M05,dysarthric,Session2,0021,data/extracted/torgo/M05/Session2/wav_headMic/0021.wav,2.545,knot,knot,project_prompt_target
2,validation,M05,dysarthric,Session2,0041,data/extracted/torgo/M05/Session2/wav_headMic/0041.wav,3.39,pile,pile,project_prompt_target
2,validation,M05,dysarthric,Session2,0050,data/extracted/torgo/M05/Session2/wav_headMic/0050.wav,4.185,error,error,project_prompt_target
2,validation,M05,dysarthric,Session2,0066,data/extracted/torgo/M05/Session2/wav_headMic/0066.wav,10.005,Bright sunshine shimmers on the ocean.,Bright sunshine shimmers on the ocean.,project_prompt_target
2,validation,M05,dysarthric,Session2,0076,data/extracted/torgo/M05/Session2/wav_headMic/0076.wav,8.735,She is thinner than I am.,She is thinner than I am.,project_prompt_target
2,validation,M05,dysarthric,Session2,0083,data/extracted/torgo/M05/Session2/wav_headMic/0083.wav,2.31,toot,toot,project_prompt_target
2,validation,M05,dysarthric,Session2,0086,data/extracted/torgo/M05/Session2/wav_headMic/0086.wav,3.36,ate,ate,project_prompt_target
2,validation,M05,dysarthric,Session2,0090,data/extracted/torgo/M05/Session2/wav_headMic/0090.wav,2.495,sigh,sigh,project_prompt_target
2,validation,M05,dysarthric,Session2,0091,data/extracted/torgo/M05/Session2/wav_headMic/0091.wav,10.24,Nothing is as offensive as innocence.,Nothing is as offensive as innocence.,project_prompt_target
2,validation,M05,dysarthric,Session2,0119,data/extracted/torgo/M05/Session2/wav_headMic/0119.wav,2.05,slip,slip,project_prompt_target
2,validation,M05,dysarthric,Session2,0121,data/extracted/torgo/M05/Session2/wav_headMic/0121.wav,3.565,troop,troop,project_prompt_target
2,validation,M05,dysarthric,Session2,0140,data/extracted/torgo/M05/Session2/wav_headMic/0140.wav,3.485,pretty,pretty,project_prompt_target
2,validation,M05,dysarthric,Session2,0147,data/extracted/torgo/M05/Session2/wav_headMic/0147.wav,6.25,Alfalfa is healthy for you.,Alfalfa is healthy for you.,project_prompt_target
2,validation,M05,dysarthric,Session2,0151,data/extracted/torgo/M05/Session2/wav_headMic/0151.wav,7.485,He wrapped the package hastily.,He wrapped the package hastily.,project_prompt_target
2,validation,M05,dysarthric,Session2,0152,data/extracted/torgo/M05/Session2/wav_headMic/0152.wav,8.1,The box contained three sweaters.,The box contained three sweaters.,project_prompt_target
2,validation,M05,dysarthric,Session2,0153,data/extracted/torgo/M05/Session2/wav_headMic/0153.wav,2.17,hill,hill,project_prompt_target
2,validation,M05,dysarthric,Session2,0163,data/extracted/torgo/M05/Session2/wav_headMic/0163.wav,9.16,The little schoolhouse stood empty.,The little schoolhouse stood empty.,project_prompt_target
2,validation,M05,dysarthric,Session2,0172,data/extracted/torgo/M05/Session2/wav_headMic/0172.wav,3.055,much,much,project_prompt_target
2,validation,M05,dysarthric,Session2,0198,data/extracted/torgo/M05/Session2/wav_headMic/0198.wav,3.875,dart,dart,project_prompt_target
2,validation,M05,dysarthric,Session2,0199,data/extracted/torgo/M05/Session2/wav_headMic/0199.wav,5.655,mitten,mitten,project_prompt_target
2,validation,M05,dysarthric,Session2,0210,data/extracted/torgo/M05/Session2/wav_headMic/0210.wav,2.715,hark,hark,project_prompt_target
2,validation,M05,dysarthric,Session2,0228,data/extracted/torgo/M05/Session2/wav_headMic/0228.wav,2.78,seven,seven,project_prompt_target
2,validation,M05,dysarthric,Session2,0250,data/extracted/torgo/M05/Session2/wav_headMic/0250.wav,3.115,hem,hem,project_prompt_target
2,validation,M05,dysarthric,Session2,0265,data/extracted/torgo/M05/Session2/wav_headMic/0265.wav,9.915,Carl lives in a lively home.,Carl lives in a lively home.,project_prompt_target
2,validation,M05,dysarthric,Session2,0282,data/extracted/torgo/M05/Session2/wav_headMic/0282.wav,11.42006,Those musicians harmonize marvelously.,Those musicians harmonize marvelously.,project_prompt_target
2,validation,M05,dysarthric,Session2,0289,data/extracted/torgo/M05/Session2/wav_headMic/0289.wav,3.275,right,right,project_prompt_target
2,validation,M05,dysarthric,Session2,0327,data/extracted/torgo/M05/Session2/wav_headMic/0327.wav,1.805,dread,dread,project_prompt_target
2,validation,M05,dysarthric,Session2,0390,data/extracted/torgo/M05/Session2/wav_headMic/0390.wav,5.435,The hotel owner shrugged.,The hotel owner shrugged.,project_prompt_target
3,test,M04,dysarthric,Session1,0012,data/extracted/torgo/M04/Session1/wav_arrayMic/0012.wav,20.85,Twice each day he plays skillfully and with zest upon our small organ.,Twice each day he plays skillfully and with zest upon our small organ.,project_prompt_target
3,test,M04,dysarthric,Session1,0020,data/extracted/torgo/M04/Session1/wav_arrayMic/0020.wav,9.45,"Well, he is nearly ninety-three years old;","Well, he is nearly ninety-three years old;",project_prompt_target
3,test,M04,dysarthric,Session1,0036,data/extracted/torgo/M04/Session1/wav_arrayMic/0036.wav,9.45,The quick brown fox jumps over the lazy dog.,The quick brown fox jumps over the lazy dog.,project_prompt_target
3,test,M04,dysarthric,Session1,0040,data/extracted/torgo/M04/Session1/wav_arrayMic/0040.wav,13.35,Grandfather likes to be modern in his language.,Grandfather likes to be modern in his language.,project_prompt_target
3,test,M04,dysarthric,Session1,0047,data/extracted/torgo/M04/Session1/wav_arrayMic/0047.wav,9.45,yet he still thinks as swiftly as ever.,yet he still thinks as swiftly as ever.,project_prompt_target
3,test,M04,dysarthric,Session1,0064,data/extracted/torgo/M04/Session1/wav_arrayMic/0064.wav,10.65,he slowly takes a short walk in the open air each day.,he slowly takes a short walk in the open air each day.,project_prompt_target
3,test,M04,dysarthric,Session1,0076,data/extracted/torgo/M04/Session1/wav_arrayMic/0076.wav,12.6,Don't ask me to carry an oily rag like that.,Don't ask me to carry an oily rag like that.,project_prompt_target
3,test,M04,dysarthric,Session1,0077,data/extracted/torgo/M04/Session1/wav_arrayMic/0077.wav,6.75,"but he always answers, ""Banana oil!""","but he always answers, ""Banana oil!""",project_prompt_target
3,test,M04,dysarthric,Session1,0082,data/extracted/torgo/M04/Session1/wav_arrayMic/0082.wav,12.6,"A long, flowing beard clings to his chin,","A long, flowing beard clings to his chin,",project_prompt_target
3,test,M04,dysarthric,Session1,0088,data/extracted/torgo/M04/Session1/wav_arrayMic/0088.wav,16.01419,She had your dark suit in greasy wash water all year.,She had your dark suit in greasy wash water all year.,project_prompt_target
3,test,M04,dysarthric,Session1,0094,data/extracted/torgo/M04/Session1/wav_arrayMic/0094.wav,23.25,"When he speaks, his voice is just a bit cracked and quivers a trifle.","When he speaks, his voice is just a bit cracked and quivers a trifle.",project_prompt_target
3,test,M04,dysarthric,Session1,0099,data/extracted/torgo/M04/Session1/wav_arrayMic/0099.wav,15.6,"We have often urged him to walk more and smoke less,","We have often urged him to walk more and smoke less,",project_prompt_target
3,test,M04,dysarthric,Session1,0106,data/extracted/torgo/M04/Session1/wav_arrayMic/0106.wav,7.2,usually minus several buttons;,usually minus several buttons;,project_prompt_target
3,test,M04,dysarthric,Session1,0120,data/extracted/torgo/M04/Session1/wav_arrayMic/0120.wav,22.5,giving those who observe him a pronounced feeling of the utmost respect.,giving those who observe him a pronounced feeling of the utmost respect.,project_prompt_target
3,test,M04,dysarthric,Session2,0029,data/extracted/torgo/M04/Session2/wav_headMic/0029.wav,19.54506,"When he speaks, his voice is just a bit cracked and quivers a trifle.","When he speaks, his voice is just a bit cracked and quivers a trifle.",project_prompt_target
3,test,M04,dysarthric,Session2,0077,data/extracted/torgo/M04/Session2/wav_headMic/0077.wav,11.88,You wished to know all about my grandfather.,You wished to know all about my grandfather.,project_prompt_target
3,test,M04,dysarthric,Session2,0083,data/extracted/torgo/M04/Session2/wav_headMic/0083.wav,14.52506,"he dresses himself in an ancient black frock coat,","he dresses himself in an ancient black frock coat,",project_prompt_target
3,test,M04,dysarthric,Session2,0093,data/extracted/torgo/M04/Session2/wav_headMic/0093.wav,9.315,"but he always answers, ""Banana oil!""","but he always answers, ""Banana oil!""",project_prompt_target
3,test,M04,dysarthric,Session2,0098,data/extracted/torgo/M04/Session2/wav_headMic/0098.wav,8.355,"Well, he is nearly ninety-three years old;","Well, he is nearly ninety-three years old;",project_prompt_target
3,test,M04,dysarthric,Session2,0147,data/extracted/torgo/M04/Session2/wav_headMic/0147.wav,12.07506,Two other cases also were under advisement.,Two other cases also were under advisement.,project_prompt_target
3,test,M04,dysarthric,Session2,0155,data/extracted/torgo/M04/Session2/wav_headMic/0155.wav,8.105,I was conscious all the time.,I was conscious all the time.,project_prompt_target
3,test,M04,dysarthric,Session2,0157,data/extracted/torgo/M04/Session2/wav_headMic/0157.wav,6.835,She is thinner than I am.,She is thinner than I am.,project_prompt_target
3,test,M04,dysarthric,Session2,0158,data/extracted/torgo/M04/Session2/wav_headMic/0158.wav,10.83,I just try to do my best.,I just try to do my best.,project_prompt_target
3,test,M04,dysarthric,Session2,0185,data/extracted/torgo/M04/Session2/wav_headMic/0185.wav,6.17,briar,briar,project_prompt_target
3,test,M04,dysarthric,Session2,0187,data/extracted/torgo/M04/Session2/wav_headMic/0187.wav,7.86,Why yell or worry over silly items?,Why yell or worry over silly items?,project_prompt_target
3,test,M04,dysarthric,Session2,0220,data/extracted/torgo/M04/Session2/wav_headMic/0220.wav,9.82,Jane may earn more money by working hard.,Jane may earn more money by working hard.,project_prompt_target
3,test,M04,dysarthric,Session2,0231,data/extracted/torgo/M04/Session2/wav_headMic/0231.wav,8.34006,The train approached the depot slowly.,The train approached the depot slowly.,project_prompt_target
3,test,M04,dysarthric,Session2,0242,data/extracted/torgo/M04/Session2/wav_headMic/0242.wav,9.22,I looked up and noticed two old men.,I looked up and noticed two old men.,project_prompt_target
3,test,M04,dysarthric,Session2,0246,data/extracted/torgo/M04/Session2/wav_headMic/0246.wav,10.465,Nothing is as offensive as innocence.,Nothing is as offensive as innocence.,project_prompt_target
3,test,M04,dysarthric,Session2,0253,data/extracted/torgo/M04/Session2/wav_headMic/0253.wav,6.1,This was easy for us.,This was easy for us.,project_prompt_target
3,test,M04,dysarthric,Session2,0255,data/extracted/torgo/M04/Session2/wav_headMic/0255.wav,9.39,You're used to being on the field.,You're used to being on the field.,project_prompt_target
3,test,M04,dysarthric,Session2,0274,data/extracted/torgo/M04/Session2/wav_headMic/0274.wav,10.205,The islands are sparsely populated.,The islands are sparsely populated.,project_prompt_target
3,test,M04,dysarthric,Session2,0283,data/extracted/torgo/M04/Session2/wav_headMic/0283.wav,7.52506,It was a good win for us.,It was a good win for us.,project_prompt_target
3,test,M04,dysarthric,Session2,0291,data/extracted/torgo/M04/Session2/wav_headMic/0291.wav,17.41006,Nothing has been done yet to take advantage of the enabling legislation.,Nothing has been done yet to take advantage of the enabling legislation.,project_prompt_target
3,test,M04,dysarthric,Session2,0295,data/extracted/torgo/M04/Session2/wav_headMic/0295.wav,6.235,There is a treehouse up above.,There is a treehouse up above.,project_prompt_target
3,test,M05,dysarthric,Session2,0002,data/extracted/torgo/M05/Session2/wav_headMic/0002.wav,7.635,Where were you while we were away?,Where were you while we were away?,project_prompt_target
3,test,M05,dysarthric,Session2,0008,data/extracted/torgo/M05/Session2/wav_headMic/0008.wav,8.93,I feel I can play this weekend.,I feel I can play this weekend.,project_prompt_target
3,test,M05,dysarthric,Session2,0027,data/extracted/torgo/M05/Session2/wav_headMic/0027.wav,11.495,One validated acts of school districts.,One validated acts of school districts.,project_prompt_target
3,test,M05,dysarthric,Session2,0028,data/extracted/torgo/M05/Session2/wav_headMic/0028.wav,7.19506,You're used to being on the field.,You're used to being on the field.,project_prompt_target
3,test,M05,dysarthric,Session2,0055,data/extracted/torgo/M05/Session2/wav_headMic/0055.wav,9.06006,Why yell or worry over silly items?,Why yell or worry over silly items?,project_prompt_target
3,test,M05,dysarthric,Session2,0056,data/extracted/torgo/M05/Session2/wav_headMic/0056.wav,9.215,Why yell or worry over silly items?,Why yell or worry over silly items?,project_prompt_target
3,test,M05,dysarthric,Session2,0076,data/extracted/torgo/M05/Session2/wav_headMic/0076.wav,8.735,She is thinner than I am.,She is thinner than I am.,project_prompt_target
3,test,M05,dysarthric,Session2,0082,data/extracted/torgo/M05/Session2/wav_headMic/0082.wav,7.225,Their house is grey and white.,Their house is grey and white.,project_prompt_target
3,test,M05,dysarthric,Session2,0087,data/extracted/torgo/M05/Session2/wav_headMic/0087.wav,12.225,Are your grades higher or lower than Nancy's?,Are your grades higher or lower than Nancy's?,project_prompt_target
3,test,M05,dysarthric,Session2,0088,data/extracted/torgo/M05/Session2/wav_headMic/0088.wav,9.2,I scrubbed the floors thoroughly.,I scrubbed the floors thoroughly.,project_prompt_target
3,test,M05,dysarthric,Session2,0102,data/extracted/torgo/M05/Session2/wav_headMic/0102.wav,10.9,"Everything went real smooth, the sheriff said.","Everything went real smooth, the sheriff said.",project_prompt_target
3,test,M05,dysarthric,Session2,0122,data/extracted/torgo/M05/Session2/wav_headMic/0122.wav,6.27,Just one side got wet.,Just one side got wet.,project_prompt_target
3,test,M05,dysarthric,Session2,0131,data/extracted/torgo/M05/Session2/wav_headMic/0131.wav,9.54,All the big baseball players get traded.,All the big baseball players get traded.,project_prompt_target
3,test,M05,dysarthric,Session2,0138,data/extracted/torgo/M05/Session2/wav_headMic/0138.wav,10.57,You'd be better off taking a cold shower.,You'd be better off taking a cold shower.,project_prompt_target
3,test,M05,dysarthric,Session2,0145,data/extracted/torgo/M05/Session2/wav_headMic/0145.wav,17.36006,He further proposed grants of an unspecified sum for experimental hospitals.,He further proposed grants of an unspecified sum for experimental hospitals.,project_prompt_target
3,test,M05,dysarthric,Session2,0152,data/extracted/torgo/M05/Session2/wav_headMic/0152.wav,8.1,The box contained three sweaters.,The box contained three sweaters.,project_prompt_target
3,test,M05,dysarthric,Session2,0155,data/extracted/torgo/M05/Session2/wav_headMic/0155.wav,9.58,The museum hires musicians every evening.,The museum hires musicians every evening.,project_prompt_target
3,test,M05,dysarthric,Session2,0170,data/extracted/torgo/M05/Session2/wav_headMic/0170.wav,9.965,I expect we'll bounce back this week.,I expect we'll bounce back this week.,project_prompt_target
3,test,M05,dysarthric,Session2,0176,data/extracted/torgo/M05/Session2/wav_headMic/0176.wav,11.805,Alimony harms a divorced man's wealth.,Alimony harms a divorced man's wealth.,project_prompt_target
3,test,M05,dysarthric,Session2,0197,data/extracted/torgo/M05/Session2/wav_headMic/0197.wav,7.585,There is a treehouse up above.,There is a treehouse up above.,project_prompt_target
3,test,M05,dysarthric,Session2,0207,data/extracted/torgo/M05/Session2/wav_headMic/0207.wav,7.695,The books are very expensive.,The books are very expensive.,project_prompt_target
3,test,M05,dysarthric,Session2,0213,data/extracted/torgo/M05/Session2/wav_headMic/0213.wav,7.365,I have had my bell rung.,I have had my bell rung.,project_prompt_target
3,test,M05,dysarthric,Session2,0236,data/extracted/torgo/M05/Session2/wav_headMic/0236.wav,9.485,The misguided souls have lost their way.,The misguided souls have lost their way.,project_prompt_target
3,test,M05,dysarthric,Session2,0239,data/extracted/torgo/M05/Session2/wav_headMic/0239.wav,11.515,The dolphins swam around our boat.,The dolphins swam around our boat.,project_prompt_target
3,test,M05,dysarthric,Session2,0260,data/extracted/torgo/M05/Session2/wav_headMic/0260.wav,11.60006,This is not a program of socialized medicine.,This is not a program of socialized medicine.,project_prompt_target
3,test,M05,dysarthric,Session2,0275,data/extracted/torgo/M05/Session2/wav_headMic/0275.wav,7.605,Did dad do academic bidding?,Did dad do academic bidding?,project_prompt_target
3,test,M05,dysarthric,Session2,0276,data/extracted/torgo/M05/Session2/wav_headMic/0276.wav,8.62506,Some hotels are available nearby.,Some hotels are available nearby.,project_prompt_target
3,test,M05,dysarthric,Session2,0282,data/extracted/torgo/M05/Session2/wav_headMic/0282.wav,11.42006,Those musicians harmonize marvelously.,Those musicians harmonize marvelously.,project_prompt_target
3,test,M05,dysarthric,Session2,0291,data/extracted/torgo/M05/Session2/wav_headMic/0291.wav,10.64,The wait for work can be very do it again,The wait for work can be very do it again,project_prompt_target
3,test,M05,dysarthric,Session2,0305,data/extracted/torgo/M05/Session2/wav_headMic/0305.wav,12.47638,He really crucified him; he nailed it for a yard loss.,He really crucified him; he nailed it for a yard loss.,project_prompt_target
3,test,M05,dysarthric,Session2,0320,data/extracted/torgo/M05/Session2/wav_headMic/0320.wav,6.1,We bought a brown chair.,We bought a brown chair.,project_prompt_target
3,test,M05,dysarthric,Session2,0321,data/extracted/torgo/M05/Session2/wav_headMic/0321.wav,9.635,Beg that guard for one gallon of gas.,Beg that guard for one gallon of gas.,project_prompt_target
3,test,M05,dysarthric,Session2,0365,data/extracted/torgo/M05/Session2/wav_headMic/0365.wav,11.625,It's fun to roast marshmallows on a gas burner.,It's fun to roast marshmallows on a gas burner.,project_prompt_target
3,test,M05,dysarthric,Session2,0368,data/extracted/torgo/M05/Session2/wav_headMic/0368.wav,9.66,Get a calico cat to keep.,Get a calico cat to keep.,project_prompt_target
3,test,M05,dysarthric,Session2,0370,data/extracted/torgo/M05/Session2/wav_headMic/0370.wav,6.93,Each one volunteered to jump first.,Each one volunteered to jump first.,project_prompt_target
3,train,F03,dysarthric,Session1,0007,data/extracted/torgo/F03/Session1/wav_headMic/0007.wav,0.92169,stubble,stubble,project_prompt_target
3,train,F03,dysarthric,Session1,0008,data/extracted/torgo/F03/Session1/wav_headMic/0008.wav,1.34563,trace,trace,project_prompt_target
3,train,F03,dysarthric,Session1,0022,data/extracted/torgo/F03/Session1/wav_headMic/0022.wav,1.94831,for,for,project_prompt_target
3,train,F03,dysarthric,Session1,0024,data/extracted/torgo/F03/Session1/wav_headMic/0024.wav,9.97325,Twice each day he plays skillfully and with zest upon our little organ.,Twice each day he plays skillfully and with zest upon our little organ.,project_prompt_target
3,train,F03,dysarthric,Session1,0025,data/extracted/torgo/F03/Session1/wav_headMic/0025.wav,10.15881,Twice each day he plays skillfully and with zest upon our small organ.,Twice each day he plays skillfully and with zest upon our small organ.,project_prompt_target
3,train,F03,dysarthric,Session1,0028,data/extracted/torgo/F03/Session1/wav_headMic/0028.wav,8.90638,"We have often urged him to walk more and smoke less,","We have often urged him to walk more and smoke less,",project_prompt_target
3,train,F03,dysarthric,Session1,0030,data/extracted/torgo/F03/Session1/wav_headMic/0030.wav,8.25694,Except in the winter when the ozone or snow or ice prevents.,Except in the winter when the ozone or snow or ice prevents.,project_prompt_target
3,train,F03,dysarthric,Session1,0031,data/extracted/torgo/F03/Session1/wav_headMic/0031.wav,8.11775,"Except in the winter when the ooze or snow or ice prevents,","Except in the winter when the ooze or snow or ice prevents,",project_prompt_target
3,train,F03,dysarthric,Session1,0032,data/extracted/torgo/F03/Session1/wav_headMic/0032.wav,2.876,fair,fair,project_prompt_target
3,train,F03,dysarthric,Session1,0038,data/extracted/torgo/F03/Session1/wav_headMic/0038.wav,1.80906,air,air,project_prompt_target
3,train,F03,dysarthric,Session1,0039,data/extracted/torgo/F03/Session1/wav_headMic/0039.wav,2.36575,chair,chair,project_prompt_target
3,train,F03,dysarthric,Session1,0043,data/extracted/torgo/F03/Session1/wav_headMic/0043.wav,2.08744,right,right,project_prompt_target
3,train,F03,dysarthric,Session1,0045,data/extracted/torgo/F03/Session1/wav_headMic/0045.wav,2.4585,ship,ship,project_prompt_target
3,train,F03,dysarthric,Session1,0053,data/extracted/torgo/F03/Session1/wav_headMic/0053.wav,4.35356,You wished to know all about my grandfather.,You wished to know all about my grandfather.,project_prompt_target
3,train,F03,dysarthric,Session1,0059,data/extracted/torgo/F03/Session1/wav_headMic/0059.wav,1.78606,rake,rake,project_prompt_target
3,train,F03,dysarthric,Session1,0070,data/extracted/torgo/F03/Session1/wav_headMic/0070.wav,10.80025,giving those who observe him a pronounced feeling of the utmost respect.,giving those who observe him a pronounced feeling of the utmost respect.,project_prompt_target
3,train,F03,dysarthric,Session1,0072,data/extracted/torgo/F03/Session1/wav_headMic/0072.wav,7.42344,he slowly takes a short walk in the open air each day.,he slowly takes a short walk in the open air each day.,project_prompt_target
3,train,F03,dysarthric,Session1,0079,data/extracted/torgo/F03/Session1/wav_headMic/0079.wav,0.7535,race,race,project_prompt_target
3,train,F03,dysarthric,Session1,0081,data/extracted/torgo/F03/Session1/wav_headMic/0081.wav,1.17213,torn,torn,project_prompt_target
3,train,F03,dysarthric,Session1,0089,data/extracted/torgo/F03/Session1/wav_headMic/0089.wav,1.06044,read [as in I can read],read,project_prompt_target
3,train,F03,dysarthric,Session1,0092,data/extracted/torgo/F03/Session1/wav_headMic/0092.wav,1.59069,swore,swore,project_prompt_target
3,train,F03,dysarthric,Session1,0095,data/extracted/torgo/F03/Session1/wav_headMic/0095.wav,6.41875,"When he speaks, his voice is just a bit cracked and quivers a trifle.","When he speaks, his voice is just a bit cracked and quivers a trifle.",project_prompt_target
3,train,F03,dysarthric,Session1,0098,data/extracted/torgo/F03/Session1/wav_headMic/0098.wav,0.93494,raid,raid,project_prompt_target
3,train,F03,dysarthric,Session1,0105,data/extracted/torgo/F03/Session1/wav_headMic/0105.wav,1.06044,swarm,swarm,project_prompt_target
3,train,F03,dysarthric,Session1,0107,data/extracted/torgo/F03/Session1/wav_headMic/0107.wav,3.40469,The quick brown fox jumps over the lazy dog.,The quick brown fox jumps over the lazy dog.,project_prompt_target
3,train,F03,dysarthric,Session1,0111,data/extracted/torgo/F03/Session1/wav_headMic/0111.wav,1.45119,warm,warm,project_prompt_target
3,train,F03,dysarthric,Session1,0115,data/extracted/torgo/F03/Session1/wav_headMic/0115.wav,3.69231,yet he still thinks as swiftly as ever.,yet he still thinks as swiftly as ever.,project_prompt_target
3,train,F03,dysarthric,Session1,0125,data/extracted/torgo/F03/Session1/wav_headMic/0125.wav,1.00225,fee,fee,project_prompt_target
3,train,F03,dysarthric,Session1,0127,data/extracted/torgo/F03/Session1/wav_headMic/0127.wav,1.30106,storm,storm,project_prompt_target
3,train,F03,dysarthric,Session1,0131,data/extracted/torgo/F03/Session1/wav_headMic/0131.wav,0.96706,pat,pat,project_prompt_target
3,train,F03,dysarthric,Session1,0133,data/extracted/torgo/F03/Session1/wav_headMic/0133.wav,1.12525,bad,bad,project_prompt_target
3,train,F03,dysarthric,Session1,0146,data/extracted/torgo/F03/Session1/wav_headMic/0146.wav,0.82637,sigh,sigh,project_prompt_target
3,train,F03,dysarthric,Session1,0152,data/extracted/torgo/F03/Session1/wav_headMic/0152.wav,2.34444,This was easy for us.,This was easy for us.,project_prompt_target
3,train,F03,dysarthric,Session1,0154,data/extracted/torgo/F03/Session1/wav_headMic/0154.wav,1.25506,shoot,shoot,project_prompt_target
3,train,F03,dysarthric,Session1,0158,data/extracted/torgo/F03/Session1/wav_headMic/0158.wav,0.94725,lip,lip,project_prompt_target
3,train,F03,dysarthric,Session1,0164,data/extracted/torgo/F03/Session1/wav_headMic/0164.wav,0.92356,sigh,sigh,project_prompt_target
3,train,F03,dysarthric,Session1,0169,data/extracted/torgo/F03/Session1/wav_headMic/0169.wav,0.66312,toot,toot,project_prompt_target
3,train,F03,dysarthric,Session1,0194,data/extracted/torgo/F03/Session1/wav_headMic/0194.wav,3.04119,I just try to do my best.,I just try to do my best.,project_prompt_target
3,train,F03,dysarthric,Session1,0200,data/extracted/torgo/F03/Session1/wav_headMic/0200.wav,1.16181,suit,suit,project_prompt_target
3,train,F03,dysarthric,Session1,0201,data/extracted/torgo/F03/Session1/wav_headMic/0201.wav,1.36688,air,air,project_prompt_target
3,train,F03,dysarthric,Session2,0002,data/extracted/torgo/F03/Session2/wav_headMic/0002.wav,2.46,know,know,project_prompt_target
3,train,F03,dysarthric,Session2,0007,data/extracted/torgo/F03/Session2/wav_headMic/0007.wav,9.255,"If you destroy confidence in banks, you do something to the economy, he said.","If you destroy confidence in banks, you do something to the economy, he said.",project_prompt_target
3,train,F03,dysarthric,Session2,0020,data/extracted/torgo/F03/Session2/wav_headMic/0020.wav,6.66506,The islands are sparsely populated.,The islands are sparsely populated.,project_prompt_target
3,train,F03,dysarthric,Session2,0021,data/extracted/torgo/F03/Session2/wav_headMic/0021.wav,6.135,Bright sunshine shimmers on the ocean.,Bright sunshine shimmers on the ocean.,project_prompt_target
3,train,F03,dysarthric,Session2,0022,data/extracted/torgo/F03/Session2/wav_headMic/0022.wav,2.305,jungle,jungle,project_prompt_target
3,train,F03,dysarthric,Session2,0027,data/extracted/torgo/F03/Session2/wav_headMic/0027.wav,2.46,delta,delta,project_prompt_target
3,train,F03,dysarthric,Session2,0029,data/extracted/torgo/F03/Session2/wav_headMic/0029.wav,8.09,"Everything went real smooth, the sheriff said.","Everything went real smooth, the sheriff said.",project_prompt_target
3,train,F03,dysarthric,Session2,0033,data/extracted/torgo/F03/Session2/wav_headMic/0033.wav,4.915,Two other cases were also under advisement.,Two other cases were also under advisement.,project_prompt_target
3,train,F03,dysarthric,Session2,0034,data/extracted/torgo/F03/Session2/wav_headMic/0034.wav,2.92,pay,pay,project_prompt_target
3,train,F03,dysarthric,Session2,0036,data/extracted/torgo/F03/Session2/wav_headMic/0036.wav,2.32,thigh,thigh,project_prompt_target
3,train,F03,dysarthric,Session2,0037,data/extracted/torgo/F03/Session2/wav_headMic/0037.wav,6.775,Both figures would go higher in later years.,Both figures would go higher in later years.,project_prompt_target
3,train,F03,dysarthric,Session2,0039,data/extracted/torgo/F03/Session2/wav_headMic/0039.wav,1.54,hate,hate,project_prompt_target
3,train,F03,dysarthric,Session2,0041,data/extracted/torgo/F03/Session2/wav_headMic/0041.wav,2.215,slip,slip,project_prompt_target
3,train,F03,dysarthric,Session2,0047,data/extracted/torgo/F03/Session2/wav_headMic/0047.wav,2.455,sprinkle,sprinkle,project_prompt_target
3,train,F03,dysarthric,Session2,0054,data/extracted/torgo/F03/Session2/wav_headMic/0054.wav,9.92506,Mother sews yellow,Mother sews yellow,project_prompt_target
3,train,F03,dysarthric,Session2,0056,data/extracted/torgo/F03/Session2/wav_headMic/0056.wav,2.785,here,here,project_prompt_target
3,train,F03,dysarthric,Session2,0063,data/extracted/torgo/F03/Session2/wav_headMic/0063.wav,6.32,Day after day some new episode is reported.,Day after day some new episode is reported.,project_prompt_target
3,train,F03,dysarthric,Session2,0066,data/extracted/torgo/F03/Session2/wav_headMic/0066.wav,2.45,lick,lick,project_prompt_target
3,train,F03,dysarthric,Session2,0076,data/extracted/torgo/F03/Session2/wav_headMic/0076.wav,1.995,park,park,project_prompt_target
3,train,F03,dysarthric,Session2,0081,data/extracted/torgo/F03/Session2/wav_headMic/0081.wav,1.925,him,him,project_prompt_target
3,train,F03,dysarthric,Session2,0082,data/extracted/torgo/F03/Session2/wav_headMic/0082.wav,1.845,seeds,seeds,project_prompt_target
3,train,F03,dysarthric,Session2,0084,data/extracted/torgo/F03/Session2/wav_headMic/0084.wav,3.995,hem,hem,project_prompt_target
3,train,F03,dysarthric,Session2,0088,data/extracted/torgo/F03/Session2/wav_headMic/0088.wav,7.355,part,part,project_prompt_target
3,train,F03,dysarthric,Session2,0090,data/extracted/torgo/F03/Session2/wav_headMic/0090.wav,2.745,oscar,oscar,project_prompt_target
3,train,F03,dysarthric,Session2,0098,data/extracted/torgo/F03/Session2/wav_headMic/0098.wav,6.12,The museum hires musicians every evening.,The museum hires musicians every evening.,project_prompt_target
3,train,F03,dysarthric,Session2,0101,data/extracted/torgo/F03/Session2/wav_headMic/0101.wav,10.225,Alimony harms a divorced man's wealth.,Alimony harms a divorced man's wealth.,project_prompt_target
3,train,F03,dysarthric,Session2,0102,data/extracted/torgo/F03/Session2/wav_headMic/0102.wav,2.415,mike,mike,project_prompt_target
3,train,F03,dysarthric,Session2,0103,data/extracted/torgo/F03/Session2/wav_headMic/0103.wav,1.51506,city,city,project_prompt_target
3,train,F03,dysarthric,Session2,0106,data/extracted/torgo/F03/Session2/wav_headMic/0106.wav,2.92,sign,sign,project_prompt_target
3,train,F03,dysarthric,Session2,0108,data/extracted/torgo/F03/Session2/wav_headMic/0108.wav,3.59,kitten,kitten,project_prompt_target
3,train,F03,dysarthric,Session2,0110,data/extracted/torgo/F03/Session2/wav_headMic/0110.wav,5.945,brawn,brawn,project_prompt_target
3,train,F03,dysarthric,Session2,0115,data/extracted/torgo/F03/Session2/wav_headMic/0115.wav,1.735,liar,liar,project_prompt_target
3,train,F03,dysarthric,Session2,0118,data/extracted/torgo/F03/Session2/wav_headMic/0118.wav,7.665,Nothing has been done yet to take advantage of the enabling legislation.,Nothing has been done yet to take advantage of the enabling legislation.,project_prompt_target
3,train,F03,dysarthric,Session2,0119,data/extracted/torgo/F03/Session2/wav_headMic/0119.wav,1.77,sigh,sigh,project_prompt_target
3,train,F03,dysarthric,Session2,0126,data/extracted/torgo/F03/Session2/wav_headMic/0126.wav,1.385,nine,nine,project_prompt_target
3,train,F03,dysarthric,Session2,0133,data/extracted/torgo/F03/Session2/wav_headMic/0133.wav,9.59,It eventually became a rather proud claim.,It eventually became a rather proud claim.,project_prompt_target
3,train,F03,dysarthric,Session2,0141,data/extracted/torgo/F03/Session2/wav_headMic/0141.wav,4.445,"Before Thursday's exam, review every formula.","Before Thursday's exam, review every formula.",project_prompt_target
3,train,F03,dysarthric,Session2,0142,data/extracted/torgo/F03/Session2/wav_headMic/0142.wav,3.49506,Students watched as he got out.,Students watched as he got out.,project_prompt_target
3,train,F03,dysarthric,Session2,0152,data/extracted/torgo/F03/Session2/wav_headMic/0152.wav,1.25506,tell,tell,project_prompt_target
3,train,F03,dysarthric,Session3,0009,data/extracted/torgo/F03/Session3/wav_headMic/0009.wav,4.015,Travel is about the only leisure we have.,Travel is about the only leisure we have.,project_prompt_target
3,train,F03,dysarthric,Session3,0011,data/extracted/torgo/F03/Session3/wav_headMic/0011.wav,2.01006,night,night,project_prompt_target
3,train,F03,dysarthric,Session3,0014,data/extracted/torgo/F03/Session3/wav_headMic/0014.wav,1.8,blend,blend,project_prompt_target
3,train,F03,dysarthric,Session3,0022,data/extracted/torgo/F03/Session3/wav_headMic/0022.wav,4.02,She doesn't like it to have,She doesn't like it to have,project_prompt_target
3,train,F03,dysarthric,Session3,0024,data/extracted/torgo/F03/Session3/wav_headMic/0024.wav,2.23506,chip,chip,project_prompt_target
3,train,F03,dysarthric,Session3,0032,data/extracted/torgo/F03/Session3/wav_headMic/0032.wav,3.22,The fish swam across the pond.,The fish swam across the pond.,project_prompt_target
3,train,F03,dysarthric,Session3,0034,data/extracted/torgo/F03/Session3/wav_headMic/0034.wav,2.12,dress,dress,project_prompt_target
3,train,F03,dysarthric,Session3,0037,data/extracted/torgo/F03/Session3/wav_headMic/0037.wav,3.35,bird,bird,project_prompt_target
3,train,F03,dysarthric,Session3,0038,data/extracted/torgo/F03/Session3/wav_headMic/0038.wav,6.82506,Some hotels are available nearby.,Some hotels are available nearby.,project_prompt_target
3,train,F03,dysarthric,Session3,0041,data/extracted/torgo/F03/Session3/wav_headMic/0041.wav,4.49,Most young rise early every morning.,Most young rise early every morning.,project_prompt_target
3,train,F03,dysarthric,Session3,0043,data/extracted/torgo/F03/Session3/wav_headMic/0043.wav,1.34,nice,nice,project_prompt_target
3,train,F03,dysarthric,Session3,0047,data/extracted/torgo/F03/Session3/wav_headMic/0047.wav,7.4,It also provides for funds to clear slums and help colleges build dormitories.,It also provides for funds to clear slums and help colleges build dormitories.,project_prompt_target
3,train,F03,dysarthric,Session3,0048,data/extracted/torgo/F03/Session3/wav_headMic/0048.wav,4.31506,In fact our whole defensive unit did a good job.,In fact our whole defensive unit did a good job.,project_prompt_target
3,train,F03,dysarthric,Session3,0051,data/extracted/torgo/F03/Session3/wav_headMic/0051.wav,1.605,court,court,project_prompt_target
3,train,F03,dysarthric,Session3,0057,data/extracted/torgo/F03/Session3/wav_headMic/0057.wav,1.865,said,said,project_prompt_target
3,train,F03,dysarthric,Session3,0058,data/extracted/torgo/F03/Session3/wav_headMic/0058.wav,2.75,Each one volunteered to jump first.,Each one volunteered to jump first.,project_prompt_target
3,train,F03,dysarthric,Session3,0062,data/extracted/torgo/F03/Session3/wav_headMic/0062.wav,1.33,cork,cork,project_prompt_target
3,train,F03,dysarthric,Session3,0063,data/extracted/torgo/F03/Session3/wav_headMic/0063.wav,2.81,Some hotels are available nearby.,Some hotels are available nearby.,project_prompt_target
3,train,F03,dysarthric,Session3,0068,data/extracted/torgo/F03/Session3/wav_headMic/0068.wav,1.145,and,and,project_prompt_target
3,train,F03,dysarthric,Session3,0078,data/extracted/torgo/F03/Session3/wav_headMic/0078.wav,1.74,three,three,project_prompt_target
3,train,F03,dysarthric,Session3,0079,data/extracted/torgo/F03/Session3/wav_headMic/0079.wav,1.585,snake,snake,project_prompt_target
3,train,F03,dysarthric,Session3,0082,data/extracted/torgo/F03/Session3/wav_headMic/0082.wav,4.565,Those musicians harmonize marvelously.,Those musicians harmonize marvelously.,project_prompt_target
3,train,F03,dysarthric,Session3,0089,data/extracted/torgo/F03/Session3/wav_headMic/0089.wav,1.72,dead,dead,project_prompt_target
3,train,F03,dysarthric,Session3,0099,data/extracted/torgo/F03/Session3/wav_headMic/0099.wav,2.2,The hotel owner shrugged.,The hotel owner shrugged.,project_prompt_target
3,train,F03,dysarthric,Session3,0106,data/extracted/torgo/F03/Session3/wav_headMic/0106.wav,1.69,zulu,zulu,project_prompt_target
3,train,F03,dysarthric,Session3,0108,data/extracted/torgo/F03/Session3/wav_headMic/0108.wav,1.635,best,best,project_prompt_target
3,train,F03,dysarthric,Session3,0110,data/extracted/torgo/F03/Session3/wav_headMic/0110.wav,1.83,nice,nice,project_prompt_target
3,train,F03,dysarthric,Session3,0113,data/extracted/torgo/F03/Session3/wav_headMic/0113.wav,1.76006,goat,goat,project_prompt_target
3,train,F03,dysarthric,Session3,0120,data/extracted/torgo/F03/Session3/wav_headMic/0120.wav,1.34,sort,sort,project_prompt_target
3,train,F03,dysarthric,Session3,0124,data/extracted/torgo/F03/Session3/wav_headMic/0124.wav,1.34006,bitten,bitten,project_prompt_target
3,train,F03,dysarthric,Session3,0126,data/extracted/torgo/F03/Session3/wav_headMic/0126.wav,1.165,in,in,project_prompt_target
3,train,F03,dysarthric,Session3,0128,data/extracted/torgo/F03/Session3/wav_headMic/0128.wav,1.47,rock,rock,project_prompt_target
3,train,F03,dysarthric,Session3,0129,data/extracted/torgo/F03/Session3/wav_headMic/0129.wav,1.35,sink,sink,project_prompt_target
3,train,F03,dysarthric,Session3,0130,data/extracted/torgo/F03/Session3/wav_headMic/0130.wav,3.1,The results were very disappointing.,The results were very disappointing.,project_prompt_target
3,train,F03,dysarthric,Session3,0143,data/extracted/torgo/F03/Session3/wav_headMic/0143.wav,1.69,victor,victor,project_prompt_target
3,train,F03,dysarthric,Session3,0148,data/extracted/torgo/F03/Session3/wav_headMic/0148.wav,0.89506,shoot,shoot,project_prompt_target
3,train,F03,dysarthric,Session3,0149,data/extracted/torgo/F03/Session3/wav_headMic/0149.wav,2.10006,shoot,shoot,project_prompt_target
3,train,F03,dysarthric,Session3,0153,data/extracted/torgo/F03/Session3/wav_headMic/0153.wav,7.045,He further proposed grants of an unspecified sum for experimental hospitals.,He further proposed grants of an unspecified sum for experimental hospitals.,project_prompt_target
3,train,F03,dysarthric,Session3,0171,data/extracted/torgo/F03/Session3/wav_headMic/0171.wav,1.52506,hill,hill,project_prompt_target
3,train,F03,dysarthric,Session3,0180,data/extracted/torgo/F03/Session3/wav_headMic/0180.wav,1.355,catch,catch,project_prompt_target
3,train,F03,dysarthric,Session3,0181,data/extracted/torgo/F03/Session3/wav_headMic/0181.wav,1.275,dread,dread,project_prompt_target
3,train,F03,dysarthric,Session3,0187,data/extracted/torgo/F03/Session3/wav_headMic/0187.wav,1.475,He,He,project_prompt_target
3,train,F03,dysarthric,Session3,0188,data/extracted/torgo/F03/Session3/wav_headMic/0188.wav,2.635,He wrapped the package hastily.,He wrapped the package hastily.,project_prompt_target
3,train,F03,dysarthric,Session3,0204,data/extracted/torgo/F03/Session3/wav_headMic/0204.wav,1.51,lake,lake,project_prompt_target
3,train,F03,dysarthric,Session3,0209,data/extracted/torgo/F03/Session3/wav_headMic/0209.wav,7.05,He further proposed grants of an unspecified sum for experimental hospitals.,He further proposed grants of an unspecified sum for experimental hospitals.,project_prompt_target
3,train,F04,dysarthric,Session1,0006,data/extracted/torgo/F04/Session1/wav_arrayMic/0006.wav,3.15,yet he still thinks as swiftly as ever.,yet he still thinks as swiftly as ever.,project_prompt_target
3,train,F04,dysarthric,Session1,0008,data/extracted/torgo/F04/Session1/wav_arrayMic/0008.wav,1.35,knew,knew,project_prompt_target
3,train,F04,dysarthric,Session1,0009,data/extracted/torgo/F04/Session1/wav_arrayMic/0009.wav,1.35,left,left,project_prompt_target
3,train,F04,dysarthric,Session1,0010,data/extracted/torgo/F04/Session1/wav_arrayMic/0010.wav,1.2,air,air,project_prompt_target
3,train,F04,dysarthric,Session1,0011,data/extracted/torgo/F04/Session1/wav_arrayMic/0011.wav,1.35,torn,torn,project_prompt_target
3,train,F04,dysarthric,Session1,0013,data/extracted/torgo/F04/Session1/wav_arrayMic/0013.wav,1.95,trait,trait,project_prompt_target
3,train,F04,dysarthric,Session1,0015,data/extracted/torgo/F04/Session1/wav_arrayMic/0015.wav,4.35,You wished to know all about my grandfather.,You wished to know all about my grandfather.,project_prompt_target
3,train,F04,dysarthric,Session1,0017,data/extracted/torgo/F04/Session1/wav_arrayMic/0017.wav,1.65,sticks,sticks,project_prompt_target
3,train,F04,dysarthric,Session1,0020,data/extracted/torgo/F04/Session1/wav_arrayMic/0020.wav,1.35,trace,trace,project_prompt_target
3,train,F04,dysarthric,Session1,0021,data/extracted/torgo/F04/Session1/wav_arrayMic/0021.wav,1.35,go,go,project_prompt_target
3,train,F04,dysarthric,Session1,0026,data/extracted/torgo/F04/Session1/wav_arrayMic/0026.wav,1.95,swarm,swarm,project_prompt_target
3,train,F04,dysarthric,Session1,0028,data/extracted/torgo/F04/Session1/wav_arrayMic/0028.wav,1.05,store,store,project_prompt_target
3,train,F04,dysarthric,Session1,0030,data/extracted/torgo/F04/Session1/wav_arrayMic/0030.wav,0.9,chair,chair,project_prompt_target
3,train,F04,dysarthric,Session1,0031,data/extracted/torgo/F04/Session1/wav_arrayMic/0031.wav,1.95,chair,chair,project_prompt_target
3,train,F04,dysarthric,Session1,0033,data/extracted/torgo/F04/Session1/wav_arrayMic/0033.wav,1.5,spark,spark,project_prompt_target
3,train,F04,dysarthric,Session1,0034,data/extracted/torgo/F04/Session1/wav_arrayMic/0034.wav,5.4,Grandfather likes to be modern in his language.,Grandfather likes to be modern in his language.,project_prompt_target
3,train,F04,dysarthric,Session1,0035,data/extracted/torgo/F04/Session1/wav_arrayMic/0035.wav,1.95,tip,tip,project_prompt_target
3,train,F04,dysarthric,Session1,0037,data/extracted/torgo/F04/Session1/wav_arrayMic/0037.wav,1.5,weed,weed,project_prompt_target
3,train,F04,dysarthric,Session1,0040,data/extracted/torgo/F04/Session1/wav_arrayMic/0040.wav,0.9,two,two,project_prompt_target
3,train,F04,dysarthric,Session1,0041,data/extracted/torgo/F04/Session1/wav_arrayMic/0041.wav,1.35,two,two,project_prompt_target
3,train,F04,dysarthric,Session1,0042,data/extracted/torgo/F04/Session1/wav_arrayMic/0042.wav,4.65,Don't ask me to carry an oily rag like that.,Don't ask me to carry an oily rag like that.,project_prompt_target
3,train,F04,dysarthric,Session1,0045,data/extracted/torgo/F04/Session1/wav_arrayMic/0045.wav,1.2,rake,rake,project_prompt_target
3,train,F04,dysarthric,Session1,0046,data/extracted/torgo/F04/Session1/wav_arrayMic/0046.wav,4.65,"Well, he is nearly ninety-three years old;","Well, he is nearly ninety-three years old;",project_prompt_target
3,train,F04,dysarthric,Session1,0047,data/extracted/torgo/F04/Session1/wav_arrayMic/0047.wav,1.8,glow,glow,project_prompt_target
3,train,F04,dysarthric,Session1,0048,data/extracted/torgo/F04/Session1/wav_arrayMic/0048.wav,1.2,knee,knee,project_prompt_target
3,train,F04,dysarthric,Session1,0052,data/extracted/torgo/F04/Session1/wav_arrayMic/0052.wav,1.35,horn,horn,project_prompt_target
3,train,F04,dysarthric,Session1,0053,data/extracted/torgo/F04/Session1/wav_arrayMic/0053.wav,0.9,storm,storm,project_prompt_target
3,train,F04,dysarthric,Session1,0055,data/extracted/torgo/F04/Session1/wav_arrayMic/0055.wav,1.35,dark,dark,project_prompt_target
3,train,F04,dysarthric,Session1,0061,data/extracted/torgo/F04/Session1/wav_arrayMic/0061.wav,5.25,he slowly takes a short walk in the open air each day.,he slowly takes a short walk in the open air each day.,project_prompt_target
3,train,F04,dysarthric,Session1,0062,data/extracted/torgo/F04/Session1/wav_arrayMic/0062.wav,1.95,yes,yes,project_prompt_target
3,train,F04,dysarthric,Session1,0063,data/extracted/torgo/F04/Session1/wav_arrayMic/0063.wav,6.3,giving those who observe him a pronounced feeling of the utmost respect.,giving those who observe him a pronounced feeling of the utmost respect.,project_prompt_target
3,train,F04,dysarthric,Session1,0067,data/extracted/torgo/F04/Session1/wav_arrayMic/0067.wav,7.05,Twice each day he plays skillfully and with zest upon our small organ.,Twice each day he plays skillfully and with zest upon our small organ.,project_prompt_target
3,train,F04,dysarthric,Session1,0068,data/extracted/torgo/F04/Session1/wav_arrayMic/0068.wav,1.35,warm,warm,project_prompt_target
3,train,F04,dysarthric,Session1,0072,data/extracted/torgo/F04/Session1/wav_arrayMic/0072.wav,1.35,bug,bug,project_prompt_target
3,train,F04,dysarthric,Session1,0073,data/extracted/torgo/F04/Session1/wav_arrayMic/0073.wav,1.95,swarm,swarm,project_prompt_target
3,train,F04,dysarthric,Session1,0074,data/extracted/torgo/F04/Session1/wav_arrayMic/0074.wav,1.5,range,range,project_prompt_target
3,train,F04,dysarthric,Session1,0078,data/extracted/torgo/F04/Session1/wav_arrayMic/0078.wav,1.8,rate,rate,project_prompt_target
3,train,F04,dysarthric,Session1,0080,data/extracted/torgo/F04/Session1/wav_arrayMic/0080.wav,1.35,trouble,trouble,project_prompt_target
3,train,F04,dysarthric,Session1,0089,data/extracted/torgo/F04/Session1/wav_arrayMic/0089.wav,1.35,double,double,project_prompt_target
3,train,F04,dysarthric,Session1,0091,data/extracted/torgo/F04/Session1/wav_arrayMic/0091.wav,7.05,"Except in the winter when the ooze or snow or ice prevents,","Except in the winter when the ooze or snow or ice prevents,",project_prompt_target
3,train,F04,dysarthric,Session1,0092,data/extracted/torgo/F04/Session1/wav_arrayMic/0092.wav,6.15,"Except in the winter when the ooze or snow or ice prevents,","Except in the winter when the ooze or snow or ice prevents,",project_prompt_target
3,train,F04,dysarthric,Session1,0098,data/extracted/torgo/F04/Session1/wav_arrayMic/0098.wav,1.65,for,for,project_prompt_target
3,train,F04,dysarthric,Session1,0099,data/extracted/torgo/F04/Session1/wav_arrayMic/0099.wav,1.2,share,share,project_prompt_target
3,train,F04,dysarthric,Session1,0100,data/extracted/torgo/F04/Session1/wav_arrayMic/0100.wav,6.3,"When he speaks, his voice is just a bit cracked and quivers a trifle.","When he speaks, his voice is just a bit cracked and quivers a trifle.",project_prompt_target
3,train,F04,dysarthric,Session1,0102,data/extracted/torgo/F04/Session1/wav_arrayMic/0102.wav,2.25,feed,feed,project_prompt_target
3,train,F04,dysarthric,Session1,0103,data/extracted/torgo/F04/Session1/wav_arrayMic/0103.wav,1.8,sip,sip,project_prompt_target
3,train,F04,dysarthric,Session1,0104,data/extracted/torgo/F04/Session1/wav_arrayMic/0104.wav,1.8,pat,pat,project_prompt_target
3,train,F04,dysarthric,Session1,0105,data/extracted/torgo/F04/Session1/wav_arrayMic/0105.wav,0.75,"tear [as in ""tear up that paper""]",tear,project_prompt_target
3,train,F04,dysarthric,Session1,0106,data/extracted/torgo/F04/Session1/wav_arrayMic/0106.wav,1.65,"tear [as in ""tear up that paper""]",tear,project_prompt_target
3,train,F04,dysarthric,Session1,0108,data/extracted/torgo/F04/Session1/wav_arrayMic/0108.wav,2.1,"lead [as in ""I will lead you""]",lead,project_prompt_target
3,train,F04,dysarthric,Session1,0109,data/extracted/torgo/F04/Session1/wav_arrayMic/0109.wav,1.65,car,car,project_prompt_target
3,train,F04,dysarthric,Session1,0112,data/extracted/torgo/F04/Session1/wav_arrayMic/0112.wav,5.1,"We have often urged him to walk more and smoke less,","We have often urged him to walk more and smoke less,",project_prompt_target
3,train,F04,dysarthric,Session1,0114,data/extracted/torgo/F04/Session1/wav_arrayMic/0114.wav,1.8,one,one,project_prompt_target
3,train,F04,dysarthric,Session1,0120,data/extracted/torgo/F04/Session1/wav_arrayMic/0120.wav,6.75,"A long, flowing beard clings to his chin,","A long, flowing beard clings to his chin,",project_prompt_target
3,train,F04,dysarthric,Session1,0122,data/extracted/torgo/F04/Session1/wav_arrayMic/0122.wav,2.1,dagger,dagger,project_prompt_target
3,train,F04,dysarthric,Session1,0124,data/extracted/torgo/F04/Session1/wav_arrayMic/0124.wav,1.2,farm,farm,project_prompt_target
3,train,F04,dysarthric,Session1,0127,data/extracted/torgo/F04/Session1/wav_arrayMic/0127.wav,1.95,knew,knew,project_prompt_target
3,train,F04,dysarthric,Session1,0128,data/extracted/torgo/F04/Session1/wav_arrayMic/0128.wav,1.5,sleep,sleep,project_prompt_target
3,train,F04,dysarthric,Session1,0132,data/extracted/torgo/F04/Session1/wav_arrayMic/0132.wav,1.35,sway,sway,project_prompt_target
3,train,F04,dysarthric,Session1,0133,data/extracted/torgo/F04/Session1/wav_arrayMic/0133.wav,3.75,Both figures would go higher in later years.,Both figures would go higher in later years.,project_prompt_target
3,train,F04,dysarthric,Session1,0135,data/extracted/torgo/F04/Session1/wav_arrayMic/0135.wav,1.65,mut,mut,project_prompt_target
3,train,F04,dysarthric,Session1,0137,data/extracted/torgo/F04/Session1/wav_arrayMic/0137.wav,1.2,here,here,project_prompt_target
3,train,F04,dysarthric,Session1,0138,data/extracted/torgo/F04/Session1/wav_arrayMic/0138.wav,1.35,wish,wish,project_prompt_target
3,train,F04,dysarthric,Session1,0142,data/extracted/torgo/F04/Session1/wav_arrayMic/0142.wav,1.2,pot,pot,project_prompt_target
3,train,F04,dysarthric,Session1,0143,data/extracted/torgo/F04/Session1/wav_arrayMic/0143.wav,0.6,slip,slip,project_prompt_target
3,train,F04,dysarthric,Session1,0144,data/extracted/torgo/F04/Session1/wav_arrayMic/0144.wav,1.5,slip,slip,project_prompt_target
3,train,F04,dysarthric,Session1,0147,data/extracted/torgo/F04/Session1/wav_arrayMic/0147.wav,5.25,Mother sews yellow gingham aprons.,Mother sews yellow gingham aprons.,project_prompt_target
3,train,F04,dysarthric,Session1,0150,data/extracted/torgo/F04/Session1/wav_arrayMic/0150.wav,3.6,Where were you while we were away?,Where were you while we were away?,project_prompt_target
3,train,F04,dysarthric,Session1,0152,data/extracted/torgo/F04/Session1/wav_arrayMic/0152.wav,1.35,droop,droop,project_prompt_target
3,train,F04,dysarthric,Session1,0153,data/extracted/torgo/F04/Session1/wav_arrayMic/0153.wav,1.5,group,group,project_prompt_target
3,train,F04,dysarthric,Session1,0158,data/extracted/torgo/F04/Session1/wav_arrayMic/0158.wav,1.05,single,single,project_prompt_target
3,train,F04,dysarthric,Session1,0159,data/extracted/torgo/F04/Session1/wav_arrayMic/0159.wav,7.65,"If you destroy confidence in banks, you do something to the economy, he said.","If you destroy confidence in banks, you do something to the economy, he said.",project_prompt_target
3,train,F04,dysarthric,Session1,0161,data/extracted/torgo/F04/Session1/wav_arrayMic/0161.wav,1.35,"tear [as in ""tear in my eye""]",tear,project_prompt_target
3,train,F04,dysarthric,Session1,0163,data/extracted/torgo/F04/Session1/wav_arrayMic/0163.wav,1.2,write,write,project_prompt_target
3,train,F04,dysarthric,Session1,0164,data/extracted/torgo/F04/Session1/wav_arrayMic/0164.wav,3.3,The train approached the depot slowly.,The train approached the depot slowly.,project_prompt_target
3,train,F04,dysarthric,Session1,0165,data/extracted/torgo/F04/Session1/wav_arrayMic/0165.wav,1.95,no,no,project_prompt_target
3,train,F04,dysarthric,Session1,0166,data/extracted/torgo/F04/Session1/wav_arrayMic/0166.wav,3.45,The islands are sparsely populated.,The islands are sparsely populated.,project_prompt_target
3,train,F04,dysarthric,Session1,0168,data/extracted/torgo/F04/Session1/wav_arrayMic/0168.wav,1.8,steer,steer,project_prompt_target
3,train,F04,dysarthric,Session1,0170,data/extracted/torgo/F04/Session1/wav_arrayMic/0170.wav,1.65,select,select,project_prompt_target
3,train,F04,dysarthric,Session1,0171,data/extracted/torgo/F04/Session1/wav_arrayMic/0171.wav,2.1,sweet,sweet,project_prompt_target
3,train,F04,dysarthric,Session1,0172,data/extracted/torgo/F04/Session1/wav_arrayMic/0172.wav,1.5,suit,suit,project_prompt_target
3,train,F04,dysarthric,Session1,0174,data/extracted/torgo/F04/Session1/wav_arrayMic/0174.wav,3.9,You're used to being on the field.,You're used to being on the field.,project_prompt_target
3,train,F04,dysarthric,Session1,0176,data/extracted/torgo/F04/Session1/wav_arrayMic/0176.wav,1.65,root,root,project_prompt_target
3,train,F04,dysarthric,Session1,0177,data/extracted/torgo/F04/Session1/wav_arrayMic/0177.wav,4.05,My sister made the flowered curtains.,My sister made the flowered curtains.,project_prompt_target
3,train,F04,dysarthric,Session1,0178,data/extracted/torgo/F04/Session1/wav_arrayMic/0178.wav,1.35,three,three,project_prompt_target
3,train,F04,dysarthric,Session1,0180,data/extracted/torgo/F04/Session1/wav_arrayMic/0180.wav,3.45,Bright sunshine shimmers on the ocean.,Bright sunshine shimmers on the ocean.,project_prompt_target
3,train,F04,dysarthric,Session1,0182,data/extracted/torgo/F04/Session1/wav_arrayMic/0182.wav,1.5,pay,pay,project_prompt_target
3,train,F04,dysarthric,Session1,0184,data/extracted/torgo/F04/Session1/wav_arrayMic/0184.wav,7.05,Two other cases also were under advisement.,Two other cases also were under advisement.,project_prompt_target
3,train,F04,dysarthric,Session1,0185,data/extracted/torgo/F04/Session1/wav_arrayMic/0185.wav,1.5,much,much,project_prompt_target
3,train,F04,dysarthric,Session1,0188,data/extracted/torgo/F04/Session1/wav_arrayMic/0188.wav,1.95,whoop,whoop,project_prompt_target
3,train,F04,dysarthric,Session1,0190,data/extracted/torgo/F04/Session1/wav_arrayMic/0190.wav,1.35,rock,rock,project_prompt_target
3,train,F04,dysarthric,Session1,0191,data/extracted/torgo/F04/Session1/wav_arrayMic/0191.wav,3.75,Why yell or worry over silly items?,Why yell or worry over silly items?,project_prompt_target
3,train,F04,dysarthric,Session1,0192,data/extracted/torgo/F04/Session1/wav_arrayMic/0192.wav,2.55,toot,toot,project_prompt_target
3,train,F04,dysarthric,Session1,0193,data/extracted/torgo/F04/Session1/wav_arrayMic/0193.wav,1.05,knot,knot,project_prompt_target
3,train,F04,dysarthric,Session1,0196,data/extracted/torgo/F04/Session1/wav_arrayMic/0196.wav,2.55,we're,we're,project_prompt_target
3,train,F04,dysarthric,Session1,0198,data/extracted/torgo/F04/Session1/wav_arrayMic/0198.wav,3.45,Just one side got wet.,Just one side got wet.,project_prompt_target
3,train,F04,dysarthric,Session2,0020,data/extracted/torgo/F04/Session2/wav_headMic/0020.wav,3.14006,boot,boot,project_prompt_target
3,train,F04,dysarthric,Session2,0037,data/extracted/torgo/F04/Session2/wav_headMic/0037.wav,2.07,menu,menu,project_prompt_target
3,train,F04,dysarthric,Session2,0110,data/extracted/torgo/F04/Session2/wav_headMic/0110.wav,2.64506,dart,dart,project_prompt_target
3,train,F04,dysarthric,Session2,0113,data/extracted/torgo/F04/Session2/wav_headMic/0113.wav,2.13,side,side,project_prompt_target
3,train,F04,dysarthric,Session2,0125,data/extracted/torgo/F04/Session2/wav_headMic/0125.wav,2.16,city,city,project_prompt_target
3,train,F04,dysarthric,Session2,0132,data/extracted/torgo/F04/Session2/wav_headMic/0132.wav,3.38506,brawn,brawn,project_prompt_target
3,train,F04,dysarthric,Session2,0134,data/extracted/torgo/F04/Session2/wav_headMic/0134.wav,3.325,witty,witty,project_prompt_target
3,train,F04,dysarthric,Session2,0136,data/extracted/torgo/F04/Session2/wav_headMic/0136.wav,3.515,nine,nine,project_prompt_target
3,train,F04,dysarthric,Session2,0143,data/extracted/torgo/F04/Session2/wav_headMic/0143.wav,7.4,This is not a program of socialized medicine.,This is not a program of socialized medicine.,project_prompt_target
3,train,F04,dysarthric,Session2,0151,data/extracted/torgo/F04/Session2/wav_headMic/0151.wav,3.485,kitten,kitten,project_prompt_target
3,train,F04,dysarthric,Session2,0152,data/extracted/torgo/F04/Session2/wav_headMic/0152.wav,3.49,sitting,sitting,project_prompt_target
3,train,F04,dysarthric,Session2,0160,data/extracted/torgo/F04/Session2/wav_headMic/0160.wav,4.085,him,him,project_prompt_target
3,train,F04,dysarthric,Session2,0163,data/extracted/torgo/F04/Session2/wav_headMic/0163.wav,4.595,eight,eight,project_prompt_target
3,train,FC02,control,Session2,0015,data/extracted/torgo/FC02/Session2/wav_arrayMic/0015.wav,6.3,"When he speaks, his voice is just a bit cracked and quivers a trifle.","When he speaks, his voice is just a bit cracked and quivers a trifle.",project_prompt_target
3,train,FC02,control,Session2,0045,data/extracted/torgo/FC02/Session2/wav_arrayMic/0045.wav,6.45,"Except in the winter when the ooze or snow or ice prevents,","Except in the winter when the ooze or snow or ice prevents,",project_prompt_target
3,train,FC02,control,Session2,0053,data/extracted/torgo/FC02/Session2/wav_arrayMic/0053.wav,3.45,double,double,project_prompt_target
3,train,FC02,control,Session2,0081,data/extracted/torgo/FC02/Session2/wav_arrayMic/0081.wav,6.45,"A long, flowing beard clings to his chin,","A long, flowing beard clings to his chin,",project_prompt_target
3,train,FC02,control,Session2,0099,data/extracted/torgo/FC02/Session2/wav_arrayMic/0099.wav,3.3,knew,knew,project_prompt_target
3,train,FC02,control,Session2,0103,data/extracted/torgo/FC02/Session2/wav_arrayMic/0103.wav,7.5,giving those who observe him a pronounced feeling of the utmost respect.,giving those who observe him a pronounced feeling of the utmost respect.,project_prompt_target
3,train,FC02,control,Session2,0117,data/extracted/torgo/FC02/Session2/wav_arrayMic/0117.wav,3.45,grow,grow,project_prompt_target
3,train,FC02,control,Session2,0120,data/extracted/torgo/FC02/Session2/wav_arrayMic/0120.wav,6.15,"We have often urged him to walk more and smoke less,","We have often urged him to walk more and smoke less,",project_prompt_target
3,train,FC02,control,Session2,0125,data/extracted/torgo/FC02/Session2/wav_arrayMic/0125.wav,7.5,Twice each day he plays skillfully and with zest upon our small organ.,Twice each day he plays skillfully and with zest upon our small organ.,project_prompt_target
3,train,FC02,control,Session2,0129,data/extracted/torgo/FC02/Session2/wav_arrayMic/0129.wav,6.15,The quick brown fox jumps over the lazy dog.,The quick brown fox jumps over the lazy dog.,project_prompt_target
3,train,FC02,control,Session2,0138,data/extracted/torgo/FC02/Session2/wav_arrayMic/0138.wav,3.3,jungle,jungle,project_prompt_target
3,train,FC02,control,Session2,0161,data/extracted/torgo/FC02/Session2/wav_arrayMic/0161.wav,7.35,"If you destroy confidence in banks, you do something to the economy, he said.","If you destroy confidence in banks, you do something to the economy, he said.",project_prompt_target
3,train,FC02,control,Session2,0200,data/extracted/torgo/FC02/Session2/wav_arrayMic/0200.wav,3.3,four,four,project_prompt_target
3,train,FC02,control,Session2,0238,data/extracted/torgo/FC02/Session2/wav_arrayMic/0238.wav,2.85,deer,deer,project_prompt_target
3,train,FC02,control,Session2,0243,data/extracted/torgo/FC02/Session2/wav_arrayMic/0243.wav,2.7,sleep,sleep,project_prompt_target
3,train,FC02,control,Session2,0247,data/extracted/torgo/FC02/Session2/wav_arrayMic/0247.wav,3.0,rock,rock,project_prompt_target
3,train,FC02,control,Session3,0030,data/extracted/torgo/FC02/Session3/wav_headMic/0030.wav,2.69,cake,cake,project_prompt_target
3,train,FC02,control,Session3,0062,data/extracted/torgo/FC02/Session3/wav_headMic/0062.wav,2.575,pretty,pretty,project_prompt_target
3,train,FC02,control,Session3,0094,data/extracted/torgo/FC02/Session3/wav_headMic/0094.wav,2.025,leak,leak,project_prompt_target
3,train,FC02,control,Session3,0114,data/extracted/torgo/FC02/Session3/wav_headMic/0114.wav,2.34,fitting,fitting,project_prompt_target
3,train,FC02,control,Session3,0117,data/extracted/torgo/FC02/Session3/wav_headMic/0117.wav,1.935,thorn,thorn,project_prompt_target
3,train,FC02,control,Session3,0295,data/extracted/torgo/FC02/Session3/wav_headMic/0295.wav,2.175,cork,cork,project_prompt_target
3,train,FC02,control,Session3,0301,data/extracted/torgo/FC02/Session3/wav_headMic/0301.wav,1.98,quart,quart,project_prompt_target
3,train,FC02,control,Session3,0389,data/extracted/torgo/FC02/Session3/wav_headMic/0389.wav,1.955,rip,rip,project_prompt_target
3,train,FC02,control,Session3,0395,data/extracted/torgo/FC02/Session3/wav_headMic/0395.wav,1.845,night,night,project_prompt_target
3,train,FC02,control,Session3,0397,data/extracted/torgo/FC02/Session3/wav_headMic/0397.wav,1.955,cake,cake,project_prompt_target
3,train,FC02,control,Session3,0460,data/extracted/torgo/FC02/Session3/wav_headMic/0460.wav,1.96,six,six,project_prompt_target
3,train,FC02,control,Session3,0484,data/extracted/torgo/FC02/Session3/wav_headMic/0484.wav,6.24006,Her position covers a number of daily tasks common to any social director.,Her position covers a number of daily tasks common to any social director.,project_prompt_target
3,train,FC02,control,Session3,0522,data/extracted/torgo/FC02/Session3/wav_headMic/0522.wav,2.055,sheet,sheet,project_prompt_target
3,train,FC02,control,Session3,0565,data/extracted/torgo/FC02/Session3/wav_headMic/0565.wav,6.31,The structures housing the apartments are of masonry and frame construction.,The structures housing the apartments are of masonry and frame construction.,project_prompt_target
3,train,FC02,control,Session3,0578,data/extracted/torgo/FC02/Session3/wav_headMic/0578.wav,1.81,duck,duck,project_prompt_target
3,train,FC02,control,Session3,0591,data/extracted/torgo/FC02/Session3/wav_headMic/0591.wav,1.835,charm,charm,project_prompt_target
3,train,FC02,control,Session3,0627,data/extracted/torgo/FC02/Session3/wav_headMic/0627.wav,1.765,ate,ate,project_prompt_target
3,train,FC02,control,Session3,0671,data/extracted/torgo/FC02/Session3/wav_headMic/0671.wav,3.02506,There is such a program.,There is such a program.,project_prompt_target
3,train,FC02,control,Session3,0701,data/extracted/torgo/FC02/Session3/wav_headMic/0701.wav,2.945,She will order the wine.,She will order the wine.,project_prompt_target
3,train,FC02,control,Session3,0704,data/extracted/torgo/FC02/Session3/wav_headMic/0704.wav,2.015,hold,hold,project_prompt_target
3,train,FC02,control,Session3,0737,data/extracted/torgo/FC02/Session3/wav_headMic/0737.wav,6.135,The staff deserves a lot of credit working down here under real obstacles.,The staff deserves a lot of credit working down here under real obstacles.,project_prompt_target
3,train,FC02,control,Session3,0775,data/extracted/torgo/FC02/Session3/wav_headMic/0775.wav,6.79,Hiring the wife for one's company may win her tax-aided retirement income.,Hiring the wife for one's company may win her tax-aided retirement income.,project_prompt_target
3,train,FC02,control,Session3,0783,data/extracted/torgo/FC02/Session3/wav_headMic/0783.wav,3.525,She makes other trips for pleasure.,She makes other trips for pleasure.,project_prompt_target
3,train,FC02,control,Session3,0842,data/extracted/torgo/FC02/Session3/wav_headMic/0842.wav,6.575,Maybe it's taking longer to get things squared away than the bankers expected.,Maybe it's taking longer to get things squared away than the bankers expected.,project_prompt_target
3,train,FC02,control,Session3,0844,data/extracted/torgo/FC02/Session3/wav_headMic/0844.wav,2.2,Spain,Spain,project_prompt_target
3,train,FC02,control,Session3,0857,data/extracted/torgo/FC02/Session3/wav_headMic/0857.wav,1.745,crawl,crawl,project_prompt_target
3,train,FC02,control,Session3,0874,data/extracted/torgo/FC02/Session3/wav_headMic/0874.wav,1.87,neat,neat,project_prompt_target
3,train,FC02,control,Session3,0884,data/extracted/torgo/FC02/Session3/wav_headMic/0884.wav,6.44,"They make gin saws and deal in parts, supplies and some used gin machinery.","They make gin saws and deal in parts, supplies and some used gin machinery.",project_prompt_target
3,train,FC02,control,Session3,0901,data/extracted/torgo/FC02/Session3/wav_headMic/0901.wav,1.785,soul,soul,project_prompt_target
3,train,FC02,control,Session3,0938,data/extracted/torgo/FC02/Session3/wav_headMic/0938.wav,2.035,intact,intact,project_prompt_target
3,train,FC02,control,Session3,0950,data/extracted/torgo/FC02/Session3/wav_headMic/0950.wav,6.375,"Displayed as lamps, the puppets delight the children and are decorative accent.","Displayed as lamps, the puppets delight the children and are decorative accent.",project_prompt_target
3,train,FC02,control,Session3,0953,data/extracted/torgo/FC02/Session3/wav_headMic/0953.wav,2.265,grave,grave,project_prompt_target
3,train,FC02,control,Session3,0962,data/extracted/torgo/FC02/Session3/wav_headMic/0962.wav,3.93,My instructions desperately need updating.,My instructions desperately need updating.,project_prompt_target
3,train,FC02,control,Session3,0998,data/extracted/torgo/FC02/Session3/wav_headMic/0998.wav,2.29,scorch,scorch,project_prompt_target
3,train,FC03,control,Session1,0009,data/extracted/torgo/FC03/Session1/wav_headMic/0009.wav,1.525,rain,rain,project_prompt_target
3,train,FC03,control,Session1,0024,data/extracted/torgo/FC03/Session1/wav_headMic/0024.wav,2.405,"read [as in ""I can read""]",read,project_prompt_target
3,train,FC03,control,Session1,0050,data/extracted/torgo/FC03/Session1/wav_headMic/0050.wav,2.37,dug,dug,project_prompt_target
3,train,FC03,control,Session1,0054,data/extracted/torgo/FC03/Session1/wav_headMic/0054.wav,6.225,"When he speaks, his voice is just a bit cracked and quivers a trifle.","When he speaks, his voice is just a bit cracked and quivers a trifle.",project_prompt_target
3,train,FC03,control,Session1,0055,data/extracted/torgo/FC03/Session1/wav_headMic/0055.wav,7.22,"When he speaks, his voice is just a bit cracked and quivers a trifle.","When he speaks, his voice is just a bit cracked and quivers a trifle.",project_prompt_target
3,train,FC03,control,Session1,0064,data/extracted/torgo/FC03/Session1/wav_headMic/0064.wav,2.48,raid,raid,project_prompt_target
3,train,FC03,control,Session1,0072,data/extracted/torgo/FC03/Session1/wav_headMic/0072.wav,2.47,stick,stick,project_prompt_target
3,train,FC03,control,Session1,0082,data/extracted/torgo/FC03/Session1/wav_headMic/0082.wav,2.125,ship,ship,project_prompt_target
3,train,FC03,control,Session1,0091,data/extracted/torgo/FC03/Session1/wav_headMic/0091.wav,2.26,rave,rave,project_prompt_target
3,train,FC03,control,Session1,0098,data/extracted/torgo/FC03/Session1/wav_headMic/0098.wav,1.745,bit,bit,project_prompt_target
3,train,FC03,control,Session1,0109,data/extracted/torgo/FC03/Session1/wav_headMic/0109.wav,7.465,Twice each day he plays skillfully and with zest upon our small organ.,Twice each day he plays skillfully and with zest upon our small organ.,project_prompt_target
3,train,FC03,control,Session1,0140,data/extracted/torgo/FC03/Session1/wav_headMic/0140.wav,6.735,"If you destroy confidence in banks, you do something to the economy, he said.","If you destroy confidence in banks, you do something to the economy, he said.",project_prompt_target
3,train,FC03,control,Session1,0164,data/extracted/torgo/FC03/Session1/wav_headMic/0164.wav,1.955,fate,fate,project_prompt_target
3,train,FC03,control,Session1,0184,data/extracted/torgo/FC03/Session1/wav_headMic/0184.wav,2.08,of,of,project_prompt_target
3,train,FC03,control,Session1,0196,data/extracted/torgo/FC03/Session1/wav_headMic/0196.wav,1.58994,snoop,snoop,project_prompt_target
3,train,FC03,control,Session1,0211,data/extracted/torgo/FC03/Session1/wav_headMic/0211.wav,2.135,yes,yes,project_prompt_target
3,train,FC03,control,Session1,0219,data/extracted/torgo/FC03/Session1/wav_headMic/0219.wav,1.78,write,write,project_prompt_target
3,train,FC03,control,Session1,0250,data/extracted/torgo/FC03/Session1/wav_headMic/0250.wav,1.605,pot,pot,project_prompt_target
3,train,FC03,control,Session1,0259,data/extracted/torgo/FC03/Session1/wav_headMic/0259.wav,1.97,witch,witch,project_prompt_target
3,train,FC03,control,Session1,0283,data/extracted/torgo/FC03/Session1/wav_headMic/0283.wav,4.435,"If you are losing water, replace it immediately.","If you are losing water, replace it immediately.",project_prompt_target
3,train,FC03,control,Session1,0298,data/extracted/torgo/FC03/Session1/wav_headMic/0298.wav,6.695,Nothing has been done yet to take advantage of the enabling legislation.,Nothing has been done yet to take advantage of the enabling legislation.,project_prompt_target
3,train,FC03,control,Session1,0302,data/extracted/torgo/FC03/Session1/wav_headMic/0302.wav,1.595,eight,eight,project_prompt_target
3,train,FC03,control,Session1,0367,data/extracted/torgo/FC03/Session1/wav_headMic/0367.wav,5.1,"Night after night, they received annoying phone calls.","Night after night, they received annoying phone calls.",project_prompt_target
3,train,FC03,control,Session1,0373,data/extracted/torgo/FC03/Session1/wav_headMic/0373.wav,7.36,It also provides for funds to clear slums and help colleges build dormitories.,It also provides for funds to clear slums and help colleges build dormitories.,project_prompt_target
3,train,FC03,control,Session1,0374,data/extracted/torgo/FC03/Session1/wav_headMic/0374.wav,8.49506,It also provides for funds to clear slums and help colleges build dormitories.,It also provides for funds to clear slums and help colleges build dormitories.,project_prompt_target
3,train,FC03,control,Session2,0003,data/extracted/torgo/FC03/Session2/wav_headMic/0003.wav,2.11,litter,litter,project_prompt_target
3,train,FC03,control,Session2,0008,data/extracted/torgo/FC03/Session2/wav_headMic/0008.wav,1.89,dead,dead,project_prompt_target
3,train,FC03,control,Session2,0083,data/extracted/torgo/FC03/Session2/wav_headMic/0083.wav,1.73,a,a,project_prompt_target
3,train,FC03,control,Session2,0103,data/extracted/torgo/FC03/Session2/wav_headMic/0103.wav,2.145,xray,xray,project_prompt_target
3,train,FC03,control,Session2,0123,data/extracted/torgo/FC03/Session2/wav_headMic/0123.wav,7.02506,Etiquette mandates compliance with existing regulations.,Etiquette mandates compliance with existing regulations.,project_prompt_target
3,train,FC03,control,Session2,0124,data/extracted/torgo/FC03/Session2/wav_headMic/0124.wav,6.825,Etiquette mandates compliance with existing regulations.,Etiquette mandates compliance with existing regulations.,project_prompt_target
3,train,FC03,control,Session2,0164,data/extracted/torgo/FC03/Session2/wav_headMic/0164.wav,1.935,court,court,project_prompt_target
3,train,FC03,control,Session2,0171,data/extracted/torgo/FC03/Session2/wav_headMic/0171.wav,1.63,cork,cork,project_prompt_target
3,train,FC03,control,Session2,0276,data/extracted/torgo/FC03/Session2/wav_headMic/0276.wav,2.425,feet,feet,project_prompt_target
3,train,FC03,control,Session2,0296,data/extracted/torgo/FC03/Session2/wav_headMic/0296.wav,7.235,"So, if anybody solicits by phone, make sure you mail the dough to the above.","So, if anybody solicits by phone, make sure you mail the dough to the above.",project_prompt_target
3,train,FC03,control,Session2,0331,data/extracted/torgo/FC03/Session2/wav_headMic/0331.wav,4.335,Ambidextrous pickpockets accomplish more.,Ambidextrous pickpockets accomplish more.,project_prompt_target
3,train,FC03,control,Session2,0350,data/extracted/torgo/FC03/Session2/wav_headMic/0350.wav,1.395,ache,ache,project_prompt_target
3,train,FC03,control,Session2,0368,data/extracted/torgo/FC03/Session2/wav_headMic/0368.wav,1.91,beam,beam,project_prompt_target
3,train,FC03,control,Session3,0059,data/extracted/torgo/FC03/Session3/wav_headMic/0059.wav,4.76606,I had no desire to change my ways.,I had no desire to change my ways.,project_prompt_target
3,train,FC03,control,Session3,0069,data/extracted/torgo/FC03/Session3/wav_headMic/0069.wav,1.496,pit,pit,project_prompt_target
3,train,FC03,control,Session3,0110,data/extracted/torgo/FC03/Session3/wav_headMic/0110.wav,1.51106,dial,dial,project_prompt_target
3,train,FC03,control,Session3,0128,data/extracted/torgo/FC03/Session3/wav_headMic/0128.wav,2.72512,Look for pockets of black sand.,Look for pockets of black sand.,project_prompt_target
3,train,FC03,control,Session3,0130,data/extracted/torgo/FC03/Session3/wav_headMic/0130.wav,1.57219,pill,pill,project_prompt_target
3,train,FC03,control,Session3,0131,data/extracted/torgo/FC03/Session3/wav_headMic/0131.wav,1.22281,bunch,bunch,project_prompt_target
3,train,FC03,control,Session3,0170,data/extracted/torgo/FC03/Session3/wav_headMic/0170.wav,2.2535,Did you eat yet?,Did you eat yet?,project_prompt_target
3,train,FC03,control,Session3,0186,data/extracted/torgo/FC03/Session3/wav_headMic/0186.wav,6.84006,We got drenched from the uninterrupted rain.,We got drenched from the uninterrupted rain.,project_prompt_target
3,train,M02,dysarthric,Session1,0014,data/extracted/torgo/M02/Session1/wav_headMic/0014.wav,1.93788,dagger,dagger,project_prompt_target
3,train,M02,dysarthric,Session1,0015,data/extracted/torgo/M02/Session1/wav_headMic/0015.wav,2.17225,rain,rain,project_prompt_target
3,train,M02,dysarthric,Session1,0018,data/extracted/torgo/M02/Session1/wav_headMic/0018.wav,2.67238,ship,ship,project_prompt_target
3,train,M02,dysarthric,Session1,0019,data/extracted/torgo/M02/Session1/wav_headMic/0019.wav,1.94394,park,park,project_prompt_target
3,train,M02,dysarthric,Session1,0020,data/extracted/torgo/M02/Session1/wav_headMic/0020.wav,7.99069,Grandfather likes to be modern in his language.,Grandfather likes to be modern in his language.,project_prompt_target
3,train,M02,dysarthric,Session1,0021,data/extracted/torgo/M02/Session1/wav_headMic/0021.wav,1.92437,bubble,bubble,project_prompt_target
3,train,M02,dysarthric,Session1,0023,data/extracted/torgo/M02/Session1/wav_headMic/0023.wav,8.0395,"Well, he is nearly ninety-three years old;","Well, he is nearly ninety-three years old;",project_prompt_target
3,train,M02,dysarthric,Session1,0024,data/extracted/torgo/M02/Session1/wav_headMic/0024.wav,2.6375,trouble,trouble,project_prompt_target
3,train,M02,dysarthric,Session1,0026,data/extracted/torgo/M02/Session1/wav_headMic/0026.wav,2.83288,raid,raid,project_prompt_target
3,train,M02,dysarthric,Session1,0031,data/extracted/torgo/M02/Session1/wav_headMic/0031.wav,2.5105,go,go,project_prompt_target
3,train,M02,dysarthric,Session1,0032,data/extracted/torgo/M02/Session1/wav_headMic/0032.wav,2.96969,swarm,swarm,project_prompt_target
3,train,M02,dysarthric,Session1,0035,data/extracted/torgo/M02/Session1/wav_headMic/0035.wav,5.05037,I can,I can,project_prompt_target
3,train,M02,dysarthric,Session1,0039,data/extracted/torgo/M02/Session1/wav_headMic/0039.wav,2.54962,sticks,sticks,project_prompt_target
3,train,M02,dysarthric,Session1,0041,data/extracted/torgo/M02/Session1/wav_headMic/0041.wav,1.96344,knew,knew,project_prompt_target
3,train,M02,dysarthric,Session1,0042,data/extracted/torgo/M02/Session1/wav_headMic/0042.wav,1.8365,tip,tip,project_prompt_target
3,train,M02,dysarthric,Session1,0043,data/extracted/torgo/M02/Session1/wav_headMic/0043.wav,2.43237,know,know,project_prompt_target
3,train,M02,dysarthric,Session1,0044,data/extracted/torgo/M02/Session1/wav_headMic/0044.wav,10.12019,"he dresses himself in an ancient black frock coat,","he dresses himself in an ancient black frock coat,",project_prompt_target
3,train,M02,dysarthric,Session1,0045,data/extracted/torgo/M02/Session1/wav_headMic/0045.wav,3.165,yes,yes,project_prompt_target
3,train,M02,dysarthric,Session1,0046,data/extracted/torgo/M02/Session1/wav_headMic/0046.wav,3.15525,"tear [as in ""tear up that paper""]",tear,project_prompt_target
3,train,M02,dysarthric,Session1,0049,data/extracted/torgo/M02/Session1/wav_headMic/0049.wav,2.40306,swarm,swarm,project_prompt_target
3,train,M02,dysarthric,Session1,0051,data/extracted/torgo/M02/Session1/wav_headMic/0051.wav,2.22725,bat,bat,project_prompt_target
3,train,M02,dysarthric,Session1,0055,data/extracted/torgo/M02/Session1/wav_headMic/0055.wav,9.53406,She had your dark suit in greasy wash water all year.,She had your dark suit in greasy wash water all year.,project_prompt_target
3,train,M02,dysarthric,Session1,0056,data/extracted/torgo/M02/Session1/wav_headMic/0056.wav,3.43556,horn,horn,project_prompt_target
3,train,M02,dysarthric,Session1,0058,data/extracted/torgo/M02/Session1/wav_headMic/0058.wav,2.48981,sheet,sheet,project_prompt_target
3,train,M02,dysarthric,Session1,0066,data/extracted/torgo/M02/Session1/wav_headMic/0066.wav,7.60469,yet he still thinks as swiftly as ever.,yet he still thinks as swiftly as ever.,project_prompt_target
3,train,M02,dysarthric,Session1,0067,data/extracted/torgo/M02/Session1/wav_headMic/0067.wav,5.53944,usually minus several buttons;,usually minus several buttons;,project_prompt_target
3,train,M02,dysarthric,Session1,0068,data/extracted/torgo/M02/Session1/wav_headMic/0068.wav,2.54775,floor,floor,project_prompt_target
3,train,M02,dysarthric,Session1,0070,data/extracted/torgo/M02/Session1/wav_headMic/0070.wav,1.8915,weed,weed,project_prompt_target
3,train,M02,dysarthric,Session1,0071,data/extracted/torgo/M02/Session1/wav_headMic/0071.wav,8.58906,"We have often urged him to walk more and smoke less,","We have often urged him to walk more and smoke less,",project_prompt_target
3,train,M02,dysarthric,Session1,0073,data/extracted/torgo/M02/Session1/wav_headMic/0073.wav,3.011,born,born,project_prompt_target
3,train,M02,dysarthric,Session1,0077,data/extracted/torgo/M02/Session1/wav_headMic/0077.wav,2.50913,range,range,project_prompt_target
3,train,M02,dysarthric,Session1,0080,data/extracted/torgo/M02/Session1/wav_headMic/0080.wav,9.82425,he slowly takes a short walk in the open air each day.,he slowly takes a short walk in the open air each day.,project_prompt_target
3,train,M02,dysarthric,Session1,0081,data/extracted/torgo/M02/Session1/wav_headMic/0081.wav,2.85656,storm,storm,project_prompt_target
3,train,M02,dysarthric,Session1,0086,data/extracted/torgo/M02/Session1/wav_headMic/0086.wav,1.93013,glow,glow,project_prompt_target
3,train,M02,dysarthric,Session1,0090,data/extracted/torgo/M02/Session1/wav_headMic/0090.wav,2.27756,warm,warm,project_prompt_target
3,train,M02,dysarthric,Session1,0091,data/extracted/torgo/M02/Session1/wav_headMic/0091.wav,2.43194,sip,sip,project_prompt_target
3,train,M02,dysarthric,Session1,0092,data/extracted/torgo/M02/Session1/wav_headMic/0092.wav,11.63862,Twice each day he plays skillfully and with zest upon our small organ.,Twice each day he plays skillfully and with zest upon our small organ.,project_prompt_target
3,train,M02,dysarthric,Session1,0093,data/extracted/torgo/M02/Session1/wav_headMic/0093.wav,1.96875,dug,dug,project_prompt_target
3,train,M02,dysarthric,Session1,0094,data/extracted/torgo/M02/Session1/wav_headMic/0094.wav,2.43194,storm,storm,project_prompt_target
3,train,M02,dysarthric,Session1,0095,data/extracted/torgo/M02/Session1/wav_headMic/0095.wav,1.795,meat,meat,project_prompt_target
3,train,M02,dysarthric,Session1,0097,data/extracted/torgo/M02/Session1/wav_headMic/0097.wav,1.85187,up,up,project_prompt_target
3,train,M02,dysarthric,Session1,0098,data/extracted/torgo/M02/Session1/wav_headMic/0098.wav,9.20344,"A long, flowing beard clings to his chin,","A long, flowing beard clings to his chin,",project_prompt_target
3,train,M02,dysarthric,Session1,0101,data/extracted/torgo/M02/Session1/wav_headMic/0101.wav,2.02025,race,race,project_prompt_target
3,train,M02,dysarthric,Session1,0102,data/extracted/torgo/M02/Session1/wav_headMic/0102.wav,3.08656,air,air,project_prompt_target
3,train,M02,dysarthric,Session1,0103,data/extracted/torgo/M02/Session1/wav_headMic/0103.wav,5.24706,I can read,I can read,project_prompt_target
3,train,M02,dysarthric,Session1,0106,data/extracted/torgo/M02/Session1/wav_headMic/0106.wav,8.13719,Don't ask me to carry an oily rag like that.,Don't ask me to carry an oily rag like that.,project_prompt_target
3,train,M02,dysarthric,Session1,0107,data/extracted/torgo/M02/Session1/wav_headMic/0107.wav,2.66562,rage,rage,project_prompt_target
3,train,M02,dysarthric,Session1,0108,data/extracted/torgo/M02/Session1/wav_headMic/0108.wav,2.357,hair,hair,project_prompt_target
3,train,M02,dysarthric,Session1,0110,data/extracted/torgo/M02/Session1/wav_headMic/0110.wav,2.32894,for,for,project_prompt_target
3,train,M02,dysarthric,Session1,0111,data/extracted/torgo/M02/Session1/wav_headMic/0111.wav,2.86206,goat,goat,project_prompt_target
3,train,M02,dysarthric,Session1,0114,data/extracted/torgo/M02/Session1/wav_headMic/0114.wav,2.60956,spark,spark,project_prompt_target
3,train,M02,dysarthric,Session1,0117,data/extracted/torgo/M02/Session1/wav_headMic/0117.wav,8.67025,The quick brown fox jumps over the lazy dog.,The quick brown fox jumps over the lazy dog.,project_prompt_target
3,train,M02,dysarthric,Session1,0118,data/extracted/torgo/M02/Session1/wav_headMic/0118.wav,8.13712,"but he always answers, ""Banana oil!""","but he always answers, ""Banana oil!""",project_prompt_target
3,train,M02,dysarthric,Session1,0119,data/extracted/torgo/M02/Session1/wav_headMic/0119.wav,1.71162,two,two,project_prompt_target
3,train,M02,dysarthric,Session1,0121,data/extracted/torgo/M02/Session1/wav_headMic/0121.wav,6.42556,You wished to know all about my grandfather.,You wished to know all about my grandfather.,project_prompt_target
3,train,M02,dysarthric,Session1,0123,data/extracted/torgo/M02/Session1/wav_headMic/0123.wav,2.74981,cycle,cycle,project_prompt_target
3,train,M02,dysarthric,Session1,0126,data/extracted/torgo/M02/Session1/wav_headMic/0126.wav,5.10681,I just try to do my best.,I just try to do my best.,project_prompt_target
3,train,M02,dysarthric,Session1,0127,data/extracted/torgo/M02/Session1/wav_headMic/0127.wav,6.70613,Both figures would go higher in later years.,Both figures would go higher in later years.,project_prompt_target
3,train,M02,dysarthric,Session1,0128,data/extracted/torgo/M02/Session1/wav_headMic/0128.wav,4.09663,menu,menu,project_prompt_target
3,train,M02,dysarthric,Session1,0129,data/extracted/torgo/M02/Session1/wav_headMic/0129.wav,2.97425,side,side,project_prompt_target
3,train,M02,dysarthric,Session1,0130,data/extracted/torgo/M02/Session1/wav_headMic/0130.wav,6.28525,I tried to tell people in the community.,I tried to tell people in the community.,project_prompt_target
3,train,M02,dysarthric,Session1,0133,data/extracted/torgo/M02/Session1/wav_headMic/0133.wav,2.49731,here,here,project_prompt_target
3,train,M02,dysarthric,Session1,0134,data/extracted/torgo/M02/Session1/wav_headMic/0134.wav,2.66562,area,area,project_prompt_target
3,train,M02,dysarthric,Session1,0135,data/extracted/torgo/M02/Session1/wav_headMic/0135.wav,7.46375,Why yell or worry over silly items?,Why yell or worry over silly items?,project_prompt_target
3,train,M02,dysarthric,Session1,0137,data/extracted/torgo/M02/Session1/wav_headMic/0137.wav,8.83863,"Everything went real smooth, the sheriff said.","Everything went real smooth, the sheriff said.",project_prompt_target
3,train,M02,dysarthric,Session1,0139,data/extracted/torgo/M02/Session1/wav_headMic/0139.wav,2.89006,write,write,project_prompt_target
3,train,M02,dysarthric,Session1,0140,data/extracted/torgo/M02/Session1/wav_headMic/0140.wav,2.77781,hate,hate,project_prompt_target
3,train,M02,dysarthric,Session1,0141,data/extracted/torgo/M02/Session1/wav_headMic/0141.wav,4.0125,This was easy for us.,This was easy for us.,project_prompt_target
3,train,M02,dysarthric,Session1,0142,data/extracted/torgo/M02/Session1/wav_headMic/0142.wav,2.66562,whoop,whoop,project_prompt_target
3,train,M02,dysarthric,Session1,0150,data/extracted/torgo/M02/Session1/wav_headMic/0150.wav,7.46375,Are your grades higher or lower than Nancy's?,Are your grades higher or lower than Nancy's?,project_prompt_target
3,train,M02,dysarthric,Session1,0152,data/extracted/torgo/M02/Session1/wav_headMic/0152.wav,7.2465,You'd be better off taking a cold shower.,You'd be better off taking a cold shower.,project_prompt_target
3,train,M02,dysarthric,Session1,0154,data/extracted/torgo/M02/Session1/wav_headMic/0154.wav,7.70419,The islands are sparsely populated.,The islands are sparsely populated.,project_prompt_target
3,train,M02,dysarthric,Session1,0155,data/extracted/torgo/M02/Session1/wav_headMic/0155.wav,2.16125,knot,knot,project_prompt_target
3,train,M02,dysarthric,Session1,0156,data/extracted/torgo/M02/Session1/wav_headMic/0156.wav,2.44094,pot,pot,project_prompt_target
3,train,M02,dysarthric,Session1,0157,data/extracted/torgo/M02/Session1/wav_headMic/0157.wav,2.69519,boot,boot,project_prompt_target
3,train,M02,dysarthric,Session1,0158,data/extracted/torgo/M02/Session1/wav_headMic/0158.wav,2.54263,three,three,project_prompt_target
3,train,M02,dysarthric,Session1,0161,data/extracted/torgo/M02/Session1/wav_headMic/0161.wav,1.95781,mut,mut,project_prompt_target
3,train,M02,dysarthric,Session1,0162,data/extracted/torgo/M02/Session1/wav_headMic/0162.wav,2.51719,were,were,project_prompt_target
3,train,M02,dysarthric,Session1,0163,data/extracted/torgo/M02/Session1/wav_headMic/0163.wav,2.36469,we're,we're,project_prompt_target
3,train,M02,dysarthric,Session1,0164,data/extracted/torgo/M02/Session1/wav_headMic/0164.wav,2.44094,dot,dot,project_prompt_target
3,train,M02,dysarthric,Session1,0165,data/extracted/torgo/M02/Session1/wav_headMic/0165.wav,2.11037,suit,suit,project_prompt_target
3,train,M02,dysarthric,Session1,0166,data/extracted/torgo/M02/Session1/wav_headMic/0166.wav,2.21212,single,single,project_prompt_target
3,train,M02,dysarthric,Session1,0169,data/extracted/torgo/M02/Session1/wav_headMic/0169.wav,6.94137,All the big baseball players get traded.,All the big baseball players get traded.,project_prompt_target
3,train,M02,dysarthric,Session1,0170,data/extracted/torgo/M02/Session1/wav_headMic/0170.wav,2.28837,pay,pay,project_prompt_target
3,train,M02,dysarthric,Session1,0172,data/extracted/torgo/M02/Session1/wav_headMic/0172.wav,6.50913,I can play this weekend.,I can play this weekend.,project_prompt_target
3,train,M02,dysarthric,Session1,0174,data/extracted/torgo/M02/Session1/wav_headMic/0174.wav,4.98356,They carried me off on the stretcher.,They carried me off on the stretcher.,project_prompt_target
3,train,M02,dysarthric,Session1,0175,data/extracted/torgo/M02/Session1/wav_headMic/0175.wav,2.31381,write,write,project_prompt_target
3,train,M02,dysarthric,Session1,0177,data/extracted/torgo/M02/Session1/wav_headMic/0177.wav,1.95788,witch,witch,project_prompt_target
3,train,M02,dysarthric,Session1,0180,data/extracted/torgo/M02/Session1/wav_headMic/0180.wav,2.0595,steer,steer,project_prompt_target
3,train,M02,dysarthric,Session1,0182,data/extracted/torgo/M02/Session1/wav_headMic/0182.wav,2.5935,galore,galore,project_prompt_target
3,train,M02,dysarthric,Session1,0183,data/extracted/torgo/M02/Session1/wav_headMic/0183.wav,6.56,Bright sunshine shimmers on the ocean.,Bright sunshine shimmers on the ocean.,project_prompt_target
3,train,M02,dysarthric,Session1,0184,data/extracted/torgo/M02/Session1/wav_headMic/0184.wav,4.93275,We gathered shells on the beach.,We gathered shells on the beach.,project_prompt_target
3,train,M02,dysarthric,Session1,0186,data/extracted/torgo/M02/Session1/wav_headMic/0186.wav,2.61894,charlie,charlie,project_prompt_target
3,train,M02,dysarthric,Session1,0187,data/extracted/torgo/M02/Session1/wav_headMic/0187.wav,2.56806,wish,wish,project_prompt_target
3,train,M02,dysarthric,Session1,0189,data/extracted/torgo/M02/Session1/wav_headMic/0189.wav,2.28837,light,light,project_prompt_target
3,train,M02,dysarthric,Session1,0194,data/extracted/torgo/M02/Session1/wav_headMic/0194.wav,2.46638,"tear [as in ""tear in my eye""]",tear,project_prompt_target
3,train,M02,dysarthric,Session1,0197,data/extracted/torgo/M02/Session1/wav_headMic/0197.wav,7.27194,Nothing is as offensive as ignorance,Nothing is as offensive as ignorance,project_prompt_target
3,train,M02,dysarthric,Session1,0198,data/extracted/torgo/M02/Session1/wav_headMic/0198.wav,6.89056,Nothing is as offensive as innocence.,Nothing is as offensive as innocence.,project_prompt_target
3,train,M02,dysarthric,Session1,0200,data/extracted/torgo/M02/Session1/wav_headMic/0200.wav,2.72063,snoop,snoop,project_prompt_target
3,train,M02,dysarthric,Session1,0204,data/extracted/torgo/M02/Session1/wav_headMic/0204.wav,2.28837,urgent,urgent,project_prompt_target
3,train,M02,dysarthric,Session1,0205,data/extracted/torgo/M02/Session1/wav_headMic/0205.wav,2.13581,jungle,jungle,project_prompt_target
3,train,M02,dysarthric,Session1,0206,data/extracted/torgo/M02/Session1/wav_headMic/0206.wav,1.65269,bear,bear,project_prompt_target
3,train,M02,dysarthric,Session1,0207,data/extracted/torgo/M02/Session1/wav_headMic/0207.wav,1.83069,suit,suit,project_prompt_target
3,train,M02,dysarthric,Session1,0210,data/extracted/torgo/M02/Session1/wav_headMic/0210.wav,4.60213,You're used to being on the field.,You're used to being on the field.,project_prompt_target
3,train,M02,dysarthric,Session1,0213,data/extracted/torgo/M02/Session1/wav_headMic/0213.wav,2.2955,peer,peer,project_prompt_target
3,train,M02,dysarthric,Session1,0214,data/extracted/torgo/M02/Session1/wav_headMic/0214.wav,2.40587,delta,delta,project_prompt_target
3,train,M02,dysarthric,Session1,0216,data/extracted/torgo/M02/Session1/wav_headMic/0216.wav,2.00856,slip,slip,project_prompt_target
3,train,M02,dysarthric,Session1,0218,data/extracted/torgo/M02/Session1/wav_headMic/0218.wav,2.97969,prior,prior,project_prompt_target
3,train,M02,dysarthric,Session1,0219,data/extracted/torgo/M02/Session1/wav_headMic/0219.wav,2.40581,tile,tile,project_prompt_target
3,train,M02,dysarthric,Session1,0220,data/extracted/torgo/M02/Session1/wav_headMic/0220.wav,2.20725,fear,fear,project_prompt_target
3,train,M02,dysarthric,Session1,0221,data/extracted/torgo/M02/Session1/wav_headMic/0221.wav,2.00856,back,back,project_prompt_target
3,train,M02,dysarthric,Session1,0222,data/extracted/torgo/M02/Session1/wav_headMic/0222.wav,8.23287,One validated acts of school districts.,One validated acts of school districts.,project_prompt_target
3,train,M02,dysarthric,Session1,0225,data/extracted/torgo/M02/Session1/wav_headMic/0225.wav,2.11888,bat,bat,project_prompt_target
3,train,M02,dysarthric,Session1,0226,data/extracted/torgo/M02/Session1/wav_headMic/0226.wav,7.76931,Mother sews yellow gingham aprons.,Mother sews yellow gingham aprons.,project_prompt_target
3,train,M02,dysarthric,Session1,0227,data/extracted/torgo/M02/Session1/wav_headMic/0227.wav,2.49412,much,much,project_prompt_target
3,train,M02,dysarthric,Session1,0228,data/extracted/torgo/M02/Session1/wav_headMic/0228.wav,2.36169,know,know,project_prompt_target
3,train,M02,dysarthric,Session1,0231,data/extracted/torgo/M02/Session1/wav_headMic/0231.wav,2.11888,rock,rock,project_prompt_target
3,train,M02,dysarthric,Session1,0232,data/extracted/torgo/M02/Session1/wav_headMic/0232.wav,6.66575,Jane may earn more money by working hard.,Jane may earn more money by working hard.,project_prompt_target
3,train,M02,dysarthric,Session1,0235,data/extracted/torgo/M02/Session1/wav_headMic/0235.wav,2.6045,root,root,project_prompt_target
3,train,M02,dysarthric,Session1,0237,data/extracted/torgo/M02/Session1/wav_headMic/0237.wav,2.69275,thigh,thigh,project_prompt_target
3,train,M02,dysarthric,Session1,0238,data/extracted/torgo/M02/Session1/wav_headMic/0238.wav,6.46713,The train approached the depot slowly.,The train approached the depot slowly.,project_prompt_target
3,train,M02,dysarthric,Session2,0100,data/extracted/torgo/M02/Session2/wav_headMic/0100.wav,3.07,mike,mike,project_prompt_target
3,train,M02,dysarthric,Session2,0155,data/extracted/torgo/M02/Session2/wav_headMic/0155.wav,1.35,oh,oh,project_prompt_target
3,train,M02,dysarthric,Session2,0156,data/extracted/torgo/M02/Session2/wav_headMic/0156.wav,3.935,yes,yes,project_prompt_target
3,train,M02,dysarthric,Session2,0165,data/extracted/torgo/M02/Session2/wav_headMic/0165.wav,3.005,at,at,project_prompt_target
3,train,M02,dysarthric,Session2,0203,data/extracted/torgo/M02/Session2/wav_headMic/0203.wav,3.575,fat,fat,project_prompt_target
3,train,M02,dysarthric,Session2,0220,data/extracted/torgo/M02/Session2/wav_headMic/0220.wav,2.765,no,no,project_prompt_target
3,train,M02,dysarthric,Session2,0231,data/extracted/torgo/M02/Session2/wav_headMic/0231.wav,3.86,knot,knot,project_prompt_target
3,train,M02,dysarthric,Session2,0242,data/extracted/torgo/M02/Session2/wav_headMic/0242.wav,2.85,tread,tread,project_prompt_target
3,train,M03,dysarthric,Session2,0003,data/extracted/torgo/M03/Session2/wav_headMic/0003.wav,2.59,know,know,project_prompt_target
3,train,M03,dysarthric,Session2,0007,data/extracted/torgo/M03/Session2/wav_headMic/0007.wav,2.35,race,race,project_prompt_target
3,train,M03,dysarthric,Session2,0010,data/extracted/torgo/M03/Session2/wav_headMic/0010.wav,2.375,air,air,project_prompt_target
3,train,M03,dysarthric,Session2,0017,data/extracted/torgo/M03/Session2/wav_headMic/0017.wav,2.8,warm,warm,project_prompt_target
3,train,M03,dysarthric,Session2,0026,data/extracted/torgo/M03/Session2/wav_headMic/0026.wav,2.46,sheet,sheet,project_prompt_target
3,train,M03,dysarthric,Session2,0029,data/extracted/torgo/M03/Session2/wav_headMic/0029.wav,6.06,"Except in the winter when the ooze or snow or ice prevents,","Except in the winter when the ooze or snow or ice prevents,",project_prompt_target
3,train,M03,dysarthric,Session2,0038,data/extracted/torgo/M03/Session2/wav_headMic/0038.wav,2.71,rate,rate,project_prompt_target
3,train,M03,dysarthric,Session2,0041,data/extracted/torgo/M03/Session2/wav_headMic/0041.wav,2.54,pat,pat,project_prompt_target
3,train,M03,dysarthric,Session2,0042,data/extracted/torgo/M03/Session2/wav_headMic/0042.wav,4.165,chair,chair,project_prompt_target
3,train,M03,dysarthric,Session2,0043,data/extracted/torgo/M03/Session2/wav_headMic/0043.wav,2.62,swarm,swarm,project_prompt_target
3,train,M03,dysarthric,Session2,0047,data/extracted/torgo/M03/Session2/wav_headMic/0047.wav,2.645,dark,dark,project_prompt_target
3,train,M03,dysarthric,Session2,0052,data/extracted/torgo/M03/Session2/wav_headMic/0052.wav,2.92,"tear [as in ""tear up that paper""]",tear,project_prompt_target
3,train,M03,dysarthric,Session2,0053,data/extracted/torgo/M03/Session2/wav_headMic/0053.wav,2.03006,trait,trait,project_prompt_target
3,train,M03,dysarthric,Session2,0059,data/extracted/torgo/M03/Session2/wav_headMic/0059.wav,2.49,park,park,project_prompt_target
3,train,M03,dysarthric,Session2,0060,data/extracted/torgo/M03/Session2/wav_headMic/0060.wav,2.515,dagger,dagger,project_prompt_target
3,train,M03,dysarthric,Session2,0062,data/extracted/torgo/M03/Session2/wav_headMic/0062.wav,2.95,torn,torn,project_prompt_target
3,train,M03,dysarthric,Session2,0063,data/extracted/torgo/M03/Session2/wav_headMic/0063.wav,2.575,knee,knee,project_prompt_target
3,train,M03,dysarthric,Session2,0064,data/extracted/torgo/M03/Session2/wav_headMic/0064.wav,2.845,chair,chair,project_prompt_target
3,train,M03,dysarthric,Session2,0082,data/extracted/torgo/M03/Session2/wav_headMic/0082.wav,2.67,feet,feet,project_prompt_target
3,train,M03,dysarthric,Session2,0095,data/extracted/torgo/M03/Session2/wav_headMic/0095.wav,2.995,stick,stick,project_prompt_target
3,train,M03,dysarthric,Session2,0096,data/extracted/torgo/M03/Session2/wav_headMic/0096.wav,6.005,Twice each day he plays skillfully and with zest upon our small organ.,Twice each day he plays skillfully and with zest upon our small organ.,project_prompt_target
3,train,M03,dysarthric,Session2,0097,data/extracted/torgo/M03/Session2/wav_headMic/0097.wav,3.015,horn,horn,project_prompt_target
3,train,M03,dysarthric,Session2,0101,data/extracted/torgo/M03/Session2/wav_headMic/0101.wav,6.20506,"When he speaks, his voice is just a bit cracked and quivers a trifle.","When he speaks, his voice is just a bit cracked and quivers a trifle.",project_prompt_target
3,train,M03,dysarthric,Session2,0103,data/extracted/torgo/M03/Session2/wav_headMic/0103.wav,2.34,sip,sip,project_prompt_target
3,train,M03,dysarthric,Session2,0122,data/extracted/torgo/M03/Session2/wav_headMic/0122.wav,2.63,wish,wish,project_prompt_target
3,train,M03,dysarthric,Session2,0129,data/extracted/torgo/M03/Session2/wav_headMic/0129.wav,3.375,know,know,project_prompt_target
3,train,M03,dysarthric,Session2,0130,data/extracted/torgo/M03/Session2/wav_headMic/0130.wav,1.88,know,know,project_prompt_target
3,train,M03,dysarthric,Session2,0131,data/extracted/torgo/M03/Session2/wav_headMic/0131.wav,2.295,error,error,project_prompt_target
3,train,M03,dysarthric,Session2,0134,data/extracted/torgo/M03/Session2/wav_headMic/0134.wav,2.20506,shear,shear,project_prompt_target
3,train,M03,dysarthric,Session2,0135,data/extracted/torgo/M03/Session2/wav_headMic/0135.wav,4.35,Jane may earn more money by working hard.,Jane may earn more money by working hard.,project_prompt_target
3,train,M03,dysarthric,Session2,0139,data/extracted/torgo/M03/Session2/wav_headMic/0139.wav,2.25,no,no,project_prompt_target
3,train,M03,dysarthric,Session2,0143,data/extracted/torgo/M03/Session2/wav_headMic/0143.wav,2.08506,four,four,project_prompt_target
3,train,M03,dysarthric,Session2,0148,data/extracted/torgo/M03/Session2/wav_headMic/0148.wav,2.395,area,area,project_prompt_target
3,train,M03,dysarthric,Session2,0150,data/extracted/torgo/M03/Session2/wav_headMic/0150.wav,2.035,deer,deer,project_prompt_target
3,train,M03,dysarthric,Session2,0156,data/extracted/torgo/M03/Session2/wav_headMic/0156.wav,2.505,hate,hate,project_prompt_target
3,train,M03,dysarthric,Session2,0157,data/extracted/torgo/M03/Session2/wav_headMic/0157.wav,2.31,slip,slip,project_prompt_target
3,train,M03,dysarthric,Session2,0163,data/extracted/torgo/M03/Session2/wav_headMic/0163.wav,2.385,pay,pay,project_prompt_target
3,train,M03,dysarthric,Session2,0164,data/extracted/torgo/M03/Session2/wav_headMic/0164.wav,3.87,I looked up and noticed two old men.,I looked up and noticed two old men.,project_prompt_target
3,train,M03,dysarthric,Session2,0169,data/extracted/torgo/M03/Session2/wav_headMic/0169.wav,3.51,were,were,project_prompt_target
3,train,M03,dysarthric,Session2,0175,data/extracted/torgo/M03/Session2/wav_headMic/0175.wav,2.275,suit,suit,project_prompt_target
3,train,M03,dysarthric,Session2,0176,data/extracted/torgo/M03/Session2/wav_headMic/0176.wav,2.325,"tear [as in ""tear in my eye""]",tear,project_prompt_target
3,train,M03,dysarthric,Session2,0178,data/extracted/torgo/M03/Session2/wav_headMic/0178.wav,2.62,ate,ate,project_prompt_target
3,train,M03,dysarthric,Session2,0179,data/extracted/torgo/M03/Session2/wav_headMic/0179.wav,3.425,I was conscious all the time.,I was conscious all the time.,project_prompt_target
3,train,M03,dysarthric,Session2,0180,data/extracted/torgo/M03/Session2/wav_headMic/0180.wav,3.06,delta,delta,project_prompt_target
3,train,M03,dysarthric,Session2,0181,data/extracted/torgo/M03/Session2/wav_headMic/0181.wav,2.08506,slay,slay,project_prompt_target
3,train,M03,dysarthric,Session2,0185,data/extracted/torgo/M03/Session2/wav_headMic/0185.wav,4.01,Why yell or worry over silly items?,Why yell or worry over silly items?,project_prompt_target
3,train,M03,dysarthric,Session2,0186,data/extracted/torgo/M03/Session2/wav_headMic/0186.wav,2.415,forward,forward,project_prompt_target
3,train,M03,dysarthric,Session2,0187,data/extracted/torgo/M03/Session2/wav_headMic/0187.wav,4.575,"Everything went real smooth, the sheriff said.","Everything went real smooth, the sheriff said.",project_prompt_target
3,train,M03,dysarthric,Session2,0191,data/extracted/torgo/M03/Session2/wav_headMic/0191.wav,2.645,fear,fear,project_prompt_target
3,train,M03,dysarthric,Session2,0194,data/extracted/torgo/M03/Session2/wav_headMic/0194.wav,3.555,I just try to do my best.,I just try to do my best.,project_prompt_target
3,train,M03,dysarthric,Session2,0198,data/extracted/torgo/M03/Session2/wav_headMic/0198.wav,3.76,We gathered shells on the beach.,We gathered shells on the beach.,project_prompt_target
3,train,M03,dysarthric,Session2,0200,data/extracted/torgo/M03/Session2/wav_headMic/0200.wav,3.605,through,through,project_prompt_target
3,train,M03,dysarthric,Session2,0206,data/extracted/torgo/M03/Session2/wav_headMic/0206.wav,1.9,menu,menu,project_prompt_target
3,train,M03,dysarthric,Session2,0208,data/extracted/torgo/M03/Session2/wav_headMic/0208.wav,1.91,tie,tie,project_prompt_target
3,train,M03,dysarthric,Session2,0210,data/extracted/torgo/M03/Session2/wav_headMic/0210.wav,1.67,knot,knot,project_prompt_target
3,train,M03,dysarthric,Session2,0211,data/extracted/torgo/M03/Session2/wav_headMic/0211.wav,3.795,I feel I can play this weekend.,I feel I can play this weekend.,project_prompt_target
3,train,M03,dysarthric,Session2,0213,data/extracted/torgo/M03/Session2/wav_headMic/0213.wav,3.17,She is thinner than I am.,She is thinner than I am.,project_prompt_target
3,train,M03,dysarthric,Session2,0214,data/extracted/torgo/M03/Session2/wav_headMic/0214.wav,2.495,here,here,project_prompt_target
3,train,M03,dysarthric,Session2,0220,data/extracted/torgo/M03/Session2/wav_headMic/0220.wav,2.825,witch,witch,project_prompt_target
3,train,M03,dysarthric,Session2,0224,data/extracted/torgo/M03/Session2/wav_headMic/0224.wav,1.88,peer,peer,project_prompt_target
3,train,M03,dysarthric,Session2,0227,data/extracted/torgo/M03/Session2/wav_headMic/0227.wav,2.185,yes,yes,project_prompt_target
3,train,M03,dysarthric,Session2,0231,data/extracted/torgo/M03/Session2/wav_headMic/0231.wav,2.46,troop,troop,project_prompt_target
3,train,M03,dysarthric,Session2,0236,data/extracted/torgo/M03/Session2/wav_headMic/0236.wav,2.51,fate,fate,project_prompt_target
3,train,M03,dysarthric,Session2,0238,data/extracted/torgo/M03/Session2/wav_headMic/0238.wav,2.345,thigh,thigh,project_prompt_target
3,train,M03,dysarthric,Session2,0241,data/extracted/torgo/M03/Session2/wav_headMic/0241.wav,4.205,The humidity is overwhelming there.,The humidity is overwhelming there.,project_prompt_target
3,train,M03,dysarthric,Session2,0244,data/extracted/torgo/M03/Session2/wav_headMic/0244.wav,6.47,"If you destroy confidence in banks, you do something to the economy, he said.","If you destroy confidence in banks, you do something to the economy, he said.",project_prompt_target
3,train,M03,dysarthric,Session2,0245,data/extracted/torgo/M03/Session2/wav_headMic/0245.wav,6.185,"If you destroy confidence in banks, you do something to the economy, he said.","If you destroy confidence in banks, you do something to the economy, he said.",project_prompt_target
3,train,M03,dysarthric,Session2,0247,data/extracted/torgo/M03/Session2/wav_headMic/0247.wav,2.085,play,play,project_prompt_target
3,train,M03,dysarthric,Session2,0255,data/extracted/torgo/M03/Session2/wav_headMic/0255.wav,2.77,mitten,mitten,project_prompt_target
3,train,M03,dysarthric,Session2,0256,data/extracted/torgo/M03/Session2/wav_headMic/0256.wav,4.665,This is a period of transition for me.,This is a period of transition for me.,project_prompt_target
3,train,M03,dysarthric,Session2,0259,data/extracted/torgo/M03/Session2/wav_headMic/0259.wav,2.505,pitting,pitting,project_prompt_target
3,train,M03,dysarthric,Session2,0261,data/extracted/torgo/M03/Session2/wav_headMic/0261.wav,2.06,park,park,project_prompt_target
3,train,M03,dysarthric,Session2,0265,data/extracted/torgo/M03/Session2/wav_headMic/0265.wav,2.38,mush,mush,project_prompt_target
3,train,M03,dysarthric,Session2,0266,data/extracted/torgo/M03/Session2/wav_headMic/0266.wav,2.04,and,and,project_prompt_target
3,train,M03,dysarthric,Session2,0275,data/extracted/torgo/M03/Session2/wav_headMic/0275.wav,6.435,"Before Thursday's exam, review every formula.","Before Thursday's exam, review every formula.",project_prompt_target
3,train,M03,dysarthric,Session2,0276,data/extracted/torgo/M03/Session2/wav_headMic/0276.wav,2.41,juliet,juliet,project_prompt_target
3,train,M03,dysarthric,Session2,0282,data/extracted/torgo/M03/Session2/wav_headMic/0282.wav,2.45006,lick,lick,project_prompt_target
3,train,M03,dysarthric,Session2,0288,data/extracted/torgo/M03/Session2/wav_headMic/0288.wav,2.325,pit,pit,project_prompt_target
3,train,M03,dysarthric,Session2,0291,data/extracted/torgo/M03/Session2/wav_headMic/0291.wav,2.435,yes,yes,project_prompt_target
3,train,M03,dysarthric,Session2,0296,data/extracted/torgo/M03/Session2/wav_headMic/0296.wav,2.48,at,at,project_prompt_target
3,train,M03,dysarthric,Session2,0298,data/extracted/torgo/M03/Session2/wav_headMic/0298.wav,2.28,oscar,oscar,project_prompt_target
3,train,M03,dysarthric,Session2,0305,data/extracted/torgo/M03/Session2/wav_headMic/0305.wav,2.015,vat,vat,project_prompt_target
3,train,M03,dysarthric,Session2,0307,data/extracted/torgo/M03/Session2/wav_headMic/0307.wav,1.93,november,november,project_prompt_target
3,train,M03,dysarthric,Session2,0309,data/extracted/torgo/M03/Session2/wav_headMic/0309.wav,2.095,sell,sell,project_prompt_target
3,train,M03,dysarthric,Session2,0310,data/extracted/torgo/M03/Session2/wav_headMic/0310.wav,2.315,fitting,fitting,project_prompt_target
3,train,M03,dysarthric,Session2,0313,data/extracted/torgo/M03/Session2/wav_headMic/0313.wav,2.125,harp,harp,project_prompt_target
3,train,M03,dysarthric,Session2,0315,data/extracted/torgo/M03/Session2/wav_headMic/0315.wav,3.335,spark,spark,project_prompt_target
3,train,M03,dysarthric,Session2,0317,data/extracted/torgo/M03/Session2/wav_headMic/0317.wav,2.115,fat,fat,project_prompt_target
3,train,M03,dysarthric,Session2,0324,data/extracted/torgo/M03/Session2/wav_headMic/0324.wav,2.475,kitten,kitten,project_prompt_target
3,train,M03,dysarthric,Session2,0325,data/extracted/torgo/M03/Session2/wav_headMic/0325.wav,2.66,liar,liar,project_prompt_target
3,train,M03,dysarthric,Session2,0332,data/extracted/torgo/M03/Session2/wav_headMic/0332.wav,3.48,dark,dark,project_prompt_target
3,train,M03,dysarthric,Session2,0334,data/extracted/torgo/M03/Session2/wav_headMic/0334.wav,2.455,league,league,project_prompt_target
3,train,M03,dysarthric,Session2,0344,data/extracted/torgo/M03/Session2/wav_headMic/0344.wav,6.63506,It also provides for funds to clear slums and help colleges build dormitories.,It also provides for funds to clear slums and help colleges build dormitories.,project_prompt_target
3,train,M03,dysarthric,Session2,0350,data/extracted/torgo/M03/Session2/wav_headMic/0350.wav,2.155,bit,bit,project_prompt_target
3,train,M03,dysarthric,Session2,0354,data/extracted/torgo/M03/Session2/wav_headMic/0354.wav,1.49,side,side,project_prompt_target
3,train,M03,dysarthric,Session2,0356,data/extracted/torgo/M03/Session2/wav_headMic/0356.wav,2.09,golf,golf,project_prompt_target
3,train,M03,dysarthric,Session2,0358,data/extracted/torgo/M03/Session2/wav_headMic/0358.wav,2.65,witch,witch,project_prompt_target
3,train,M03,dysarthric,Session2,0363,data/extracted/torgo/M03/Session2/wav_headMic/0363.wav,2.195,cake,cake,project_prompt_target
3,train,M03,dysarthric,Session2,0372,data/extracted/torgo/M03/Session2/wav_headMic/0372.wav,2.415,thorn,thorn,project_prompt_target
3,train,M03,dysarthric,Session2,0376,data/extracted/torgo/M03/Session2/wav_headMic/0376.wav,2.605,pretty,pretty,project_prompt_target
3,train,M03,dysarthric,Session2,0377,data/extracted/torgo/M03/Session2/wav_headMic/0377.wav,3.465,There is a treehouse up above.,There is a treehouse up above.,project_prompt_target
3,train,M03,dysarthric,Session2,0385,data/extracted/torgo/M03/Session2/wav_headMic/0385.wav,1.73,echo,echo,project_prompt_target
3,train,M03,dysarthric,Session2,0390,data/extracted/torgo/M03/Session2/wav_headMic/0390.wav,2.375,sit,sit,project_prompt_target
3,train,M03,dysarthric,Session2,0395,data/extracted/torgo/M03/Session2/wav_headMic/0395.wav,2.075,dress,dress,project_prompt_target
3,train,M03,dysarthric,Session2,0396,data/extracted/torgo/M03/Session2/wav_headMic/0396.wav,2.115,sin,sin,project_prompt_target
3,train,M03,dysarthric,Session2,0399,data/extracted/torgo/M03/Session2/wav_headMic/0399.wav,2.1,yankee,yankee,project_prompt_target
3,train,M03,dysarthric,Session2,0414,data/extracted/torgo/M03/Session2/wav_headMic/0414.wav,2.35,ham,ham,project_prompt_target
3,train,MC02,control,Session1,0034,data/extracted/torgo/MC02/Session1/wav_headMic/0034.wav,2.56,storm,storm,project_prompt_target
3,train,MC02,control,Session1,0039,data/extracted/torgo/MC02/Session1/wav_headMic/0039.wav,2.39,rake,rake,project_prompt_target
3,train,MC02,control,Session1,0044,data/extracted/torgo/MC02/Session1/wav_headMic/0044.wav,2.69,horn,horn,project_prompt_target
3,train,MC02,control,Session1,0052,data/extracted/torgo/MC02/Session1/wav_headMic/0052.wav,7.21,Twice each day he plays skillfully and with zest upon our small organ.,Twice each day he plays skillfully and with zest upon our small organ.,project_prompt_target
3,train,MC02,control,Session1,0076,data/extracted/torgo/MC02/Session1/wav_headMic/0076.wav,2.84,pat,pat,project_prompt_target
3,train,MC02,control,Session1,0085,data/extracted/torgo/MC02/Session1/wav_headMic/0085.wav,2.865,park,park,project_prompt_target
3,train,MC02,control,Session1,0087,data/extracted/torgo/MC02/Session1/wav_headMic/0087.wav,6.25,"When he speaks, his voice is just a bit cracked and quivers a trifle.","When he speaks, his voice is just a bit cracked and quivers a trifle.",project_prompt_target
3,train,MC02,control,Session1,0094,data/extracted/torgo/MC02/Session1/wav_headMic/0094.wav,2.88,rate,rate,project_prompt_target
3,train,MC02,control,Session1,0097,data/extracted/torgo/MC02/Session1/wav_headMic/0097.wav,3.01506,beat,beat,project_prompt_target
3,train,MC02,control,Session1,0098,data/extracted/torgo/MC02/Session1/wav_headMic/0098.wav,2.885,share,share,project_prompt_target
3,train,MC02,control,Session1,0155,data/extracted/torgo/MC02/Session1/wav_headMic/0155.wav,2.865,sprinkle,sprinkle,project_prompt_target
3,train,MC02,control,Session1,0188,data/extracted/torgo/MC02/Session1/wav_headMic/0188.wav,2.92006,light,light,project_prompt_target
3,train,MC02,control,Session1,0236,data/extracted/torgo/MC02/Session1/wav_headMic/0236.wav,3.025,here,here,project_prompt_target
3,train,MC02,control,Session1,0252,data/extracted/torgo/MC02/Session1/wav_headMic/0252.wav,6.925,"If you destroy confidence in banks, you do something to the economy, he said.","If you destroy confidence in banks, you do something to the economy, he said.",project_prompt_target
3,train,MC02,control,Session1,0253,data/extracted/torgo/MC02/Session1/wav_headMic/0253.wav,6.6,"If you destroy confidence in banks, you do something to the economy, he said.","If you destroy confidence in banks, you do something to the economy, he said.",project_prompt_target
3,train,MC02,control,Session1,0264,data/extracted/torgo/MC02/Session1/wav_headMic/0264.wav,3.81,The books are very expensive.,The books are very expensive.,project_prompt_target
3,train,MC02,control,Session1,0267,data/extracted/torgo/MC02/Session1/wav_headMic/0267.wav,2.64,seed,seed,project_prompt_target
3,train,MC02,control,Session1,0278,data/extracted/torgo/MC02/Session1/wav_headMic/0278.wav,3.555,sitting,sitting,project_prompt_target
3,train,MC02,control,Session1,0329,data/extracted/torgo/MC02/Session1/wav_headMic/0329.wav,2.86,hum,hum,project_prompt_target
3,train,MC02,control,Session1,0352,data/extracted/torgo/MC02/Session1/wav_headMic/0352.wav,2.18,mush,mush,project_prompt_target
3,train,MC02,control,Session1,0359,data/extracted/torgo/MC02/Session1/wav_headMic/0359.wav,6.215,Nothing has been done yet to take advantage of the enabling legislation.,Nothing has been done yet to take advantage of the enabling legislation.,project_prompt_target
3,train,MC02,control,Session2,0019,data/extracted/torgo/MC02/Session2/wav_headMic/0019.wav,2.87,fork,fork,project_prompt_target
3,train,MC02,control,Session2,0028,data/extracted/torgo/MC02/Session2/wav_headMic/0028.wav,5.17,The wait for work can be very long.,The wait for work can be very long.,project_prompt_target
3,train,MC02,control,Session2,0046,data/extracted/torgo/MC02/Session2/wav_headMic/0046.wav,2.705,left,left,project_prompt_target
3,train,MC02,control,Session2,0055,data/extracted/torgo/MC02/Session2/wav_headMic/0055.wav,6.255,He really crucified him; he nailed it for a yard loss.,He really crucified him; he nailed it for a yard loss.,project_prompt_target
3,train,MC02,control,Session2,0062,data/extracted/torgo/MC02/Session2/wav_headMic/0062.wav,6.62506,The prospect of cutting back spending is an unpleasant one for any governor.,The prospect of cutting back spending is an unpleasant one for any governor.,project_prompt_target
3,train,MC02,control,Session2,0064,data/extracted/torgo/MC02/Session2/wav_headMic/0064.wav,2.855,ship,ship,project_prompt_target
3,train,MC02,control,Session2,0067,data/extracted/torgo/MC02/Session2/wav_headMic/0067.wav,2.915,quicker,quicker,project_prompt_target
3,train,MC02,control,Session2,0070,data/extracted/torgo/MC02/Session2/wav_headMic/0070.wav,2.44006,and,and,project_prompt_target
3,train,MC02,control,Session2,0093,data/extracted/torgo/MC02/Session2/wav_arrayMic/0093.wav,3.3,xray,xray,project_prompt_target
3,train,MC02,control,Session2,0123,data/extracted/torgo/MC02/Session2/wav_arrayMic/0123.wav,3.15,nice,nice,project_prompt_target
3,train,MC02,control,Session2,0124,data/extracted/torgo/MC02/Session2/wav_arrayMic/0124.wav,3.75,rip,rip,project_prompt_target
3,train,MC02,control,Session2,0150,data/extracted/torgo/MC02/Session2/wav_arrayMic/0150.wav,5.25,Don't do Charlie's dirty dishes.,Don't do Charlie's dirty dishes.,project_prompt_target
3,train,MC02,control,Session2,0153,data/extracted/torgo/MC02/Session2/wav_arrayMic/0153.wav,3.3,sketch,sketch,project_prompt_target
3,train,MC02,control,Session2,0160,data/extracted/torgo/MC02/Session2/wav_arrayMic/0160.wav,7.05,Etiquette mandates compliance with existing regulations.,Etiquette mandates compliance with existing regulations.,project_prompt_target
3,train,MC02,control,Session2,0181,data/extracted/torgo/MC02/Session2/wav_arrayMic/0181.wav,3.45,sheet,sheet,project_prompt_target
3,train,MC02,control,Session2,0192,data/extracted/torgo/MC02/Session2/wav_arrayMic/0192.wav,3.6,select,select,project_prompt_target
3,train,MC02,control,Session2,0198,data/extracted/torgo/MC02/Session2/wav_arrayMic/0198.wav,6.9,He played basketball there while working toward a law degree.,He played basketball there while working toward a law degree.,project_prompt_target
3,train,MC02,control,Session2,0241,data/extracted/torgo/MC02/Session2/wav_arrayMic/0241.wav,3.45,old,old,project_prompt_target
3,train,MC02,control,Session2,0265,data/extracted/torgo/MC02/Session2/wav_arrayMic/0265.wav,7.35,At twilight on the twelfth day we'll have Chablis.,At twilight on the twelfth day we'll have Chablis.,project_prompt_target
3,train,MC02,control,Session2,0268,data/extracted/torgo/MC02/Session2/wav_arrayMic/0268.wav,5.4,A fire in straw makes a quick blaze.,A fire in straw makes a quick blaze.,project_prompt_target
3,train,MC02,control,Session2,0276,data/extracted/torgo/MC02/Session2/wav_arrayMic/0276.wav,3.45,cash,cash,project_prompt_target
3,train,MC02,control,Session2,0282,data/extracted/torgo/MC02/Session2/wav_arrayMic/0282.wav,3.45,six,six,project_prompt_target
3,train,MC02,control,Session2,0289,data/extracted/torgo/MC02/Session2/wav_arrayMic/0289.wav,4.8,That pickpocket was caught red-handed.,That pickpocket was caught red-handed.,project_prompt_target
3,train,MC02,control,Session2,0290,data/extracted/torgo/MC02/Session2/wav_arrayMic/0290.wav,3.3,beep,beep,project_prompt_target
3,train,MC02,control,Session2,0300,data/extracted/torgo/MC02/Session2/wav_arrayMic/0300.wav,7.35,"So, if anybody solicits by phone, make sure you mail the dough to the above.","So, if anybody solicits by phone, make sure you mail the dough to the above.",project_prompt_target
3,train,MC03,control,Session1,0017,data/extracted/torgo/MC03/Session1/wav_headMic/0017.wav,1.56006,bat,bat,project_prompt_target
3,train,MC03,control,Session1,0024,data/extracted/torgo/MC03/Session1/wav_headMic/0024.wav,1.84,right,right,project_prompt_target
3,train,MC03,control,Session1,0029,data/extracted/torgo/MC03/Session1/wav_headMic/0029.wav,1.545,jacket,jacket,project_prompt_target
3,train,MC03,control,Session1,0050,data/extracted/torgo/MC03/Session1/wav_headMic/0050.wav,6.075,Twice each day he plays skillfully and with zest upon our small organ.,Twice each day he plays skillfully and with zest upon our small organ.,project_prompt_target
3,train,MC03,control,Session1,0117,data/extracted/torgo/MC03/Session1/wav_headMic/0117.wav,1.515,knew,knew,project_prompt_target
3,train,MC03,control,Session1,0136,data/extracted/torgo/MC03/Session1/wav_headMic/0136.wav,3.095,Will Robin wear a yellow lily?,Will Robin wear a yellow lily?,project_prompt_target
3,train,MC03,control,Session1,0138,data/extracted/torgo/MC03/Session1/wav_headMic/0138.wav,1.645,slip,slip,project_prompt_target
3,train,MC03,control,Session1,0142,data/extracted/torgo/MC03/Session1/wav_headMic/0142.wav,1.565,fear,fear,project_prompt_target
3,train,MC03,control,Session1,0157,data/extracted/torgo/MC03/Session1/wav_headMic/0157.wav,3.315,Bright sunshine shimmers on the ocean.,Bright sunshine shimmers on the ocean.,project_prompt_target
3,train,MC03,control,Session1,0177,data/extracted/torgo/MC03/Session1/wav_headMic/0177.wav,1.51,white,white,project_prompt_target
3,train,MC03,control,Session1,0248,data/extracted/torgo/MC03/Session1/wav_headMic/0248.wav,1.46,whoop,whoop,project_prompt_target
3,train,MC03,control,Session1,0291,data/extracted/torgo/MC03/Session1/wav_headMic/0291.wav,1.86,fitting,fitting,project_prompt_target
3,train,MC03,control,Session1,0299,data/extracted/torgo/MC03/Session1/wav_headMic/0299.wav,6.455,He further proposed grants of an unspecified sum for experimental hospitals.,He further proposed grants of an unspecified sum for experimental hospitals.,project_prompt_target
3,train,MC03,control,Session1,0339,data/extracted/torgo/MC03/Session1/wav_headMic/0339.wav,3.005,The dolphins swam around our boat.,The dolphins swam around our boat.,project_prompt_target
3,train,MC03,control,Session1,0349,data/extracted/torgo/MC03/Session1/wav_headMic/0349.wav,1.795,november,november,project_prompt_target
3,train,MC03,control,Session1,0357,data/extracted/torgo/MC03/Session1/wav_headMic/0357.wav,6.22,It also provides for funds to clear slums and help colleges build dormitories.,It also provides for funds to clear slums and help colleges build dormitories.,project_prompt_target
3,train,MC03,control,Session1,0363,data/extracted/torgo/MC03/Session1/wav_headMic/0363.wav,1.535,start,start,project_prompt_target
3,train,MC03,control,Session1,0371,data/extracted/torgo/MC03/Session1/wav_headMic/0371.wav,3.925,Day after day some new episode is reported.,Day after day some new episode is reported.,project_prompt_target
3,train,MC03,control,Session1,0374,data/extracted/torgo/MC03/Session1/wav_headMic/0374.wav,1.66,kilo,kilo,project_prompt_target
3,train,MC03,control,Session1,0377,data/extracted/torgo/MC03/Session1/wav_headMic/0377.wav,1.845,juliet,juliet,project_prompt_target
3,train,MC03,control,Session1,0383,data/extracted/torgo/MC03/Session1/wav_headMic/0383.wav,1.49,league,league,project_prompt_target
3,train,MC03,control,Session1,0399,data/extracted/torgo/MC03/Session1/wav_headMic/0399.wav,1.53,down,down,project_prompt_target
3,train,MC03,control,Session1,0413,data/extracted/torgo/MC03/Session1/wav_headMic/0413.wav,1.18,sip,sip,project_prompt_target
3,train,MC03,control,Session1,0451,data/extracted/torgo/MC03/Session1/wav_headMic/0451.wav,2.575,He took me out one day.,He took me out one day.,project_prompt_target
3,train,MC03,control,Session1,0488,data/extracted/torgo/MC03/Session1/wav_headMic/0488.wav,1.71,and,and,project_prompt_target
3,train,MC03,control,Session1,0489,data/extracted/torgo/MC03/Session1/wav_headMic/0489.wav,1.475,zip,zip,project_prompt_target
3,train,MC03,control,Session1,0505,data/extracted/torgo/MC03/Session1/wav_headMic/0505.wav,1.57506,bed,bed,project_prompt_target
3,train,MC03,control,Session1,0534,data/extracted/torgo/MC03/Session1/wav_headMic/0534.wav,1.73,sight,sight,project_prompt_target
3,train,MC03,control,Session1,0539,data/extracted/torgo/MC03/Session1/wav_headMic/0539.wav,1.82,sew,sew,project_prompt_target
3,train,MC03,control,Session1,0566,data/extracted/torgo/MC03/Session1/wav_headMic/0566.wav,1.265,tug,tug,project_prompt_target
3,train,MC03,control,Session1,0573,data/extracted/torgo/MC03/Session1/wav_headMic/0573.wav,1.515,bill,bill,project_prompt_target
3,train,MC03,control,Session1,0577,data/extracted/torgo/MC03/Session1/wav_headMic/0577.wav,1.91,back,back,project_prompt_target
3,train,MC03,control,Session1,0587,data/extracted/torgo/MC03/Session1/wav_headMic/0587.wav,1.54006,three,three,project_prompt_target
3,train,MC03,control,Session2,0011,data/extracted/torgo/MC03/Session2/wav_headMic/0011.wav,1.90781,forward,forward,project_prompt_target
3,train,MC03,control,Session2,0058,data/extracted/torgo/MC03/Session2/wav_headMic/0058.wav,1.10825,it,it,project_prompt_target
3,train,MC03,control,Session2,0121,data/extracted/torgo/MC03/Session2/wav_headMic/0121.wav,1.74169,hail,hail,project_prompt_target
3,train,MC03,control,Session2,0139,data/extracted/torgo/MC03/Session2/wav_headMic/0139.wav,2.10125,forks,forks,project_prompt_target
3,train,MC03,control,Session2,0170,data/extracted/torgo/MC03/Session2/wav_headMic/0170.wav,5.00387,We experience distress and frustration obtaining our degrees.,We experience distress and frustration obtaining our degrees.,project_prompt_target
3,validation,F01,dysarthric,Session1,0008,data/extracted/torgo/F01/Session1/wav_headMic/0008.wav,9.84375,"Except in the winter when the ooze or snow or ice prevents,","Except in the winter when the ooze or snow or ice prevents,",project_prompt_target
3,validation,F01,dysarthric,Session1,0011,data/extracted/torgo/F01/Session1/wav_headMic/0011.wav,1.59244,meat,meat,project_prompt_target
3,validation,F01,dysarthric,Session1,0014,data/extracted/torgo/F01/Session1/wav_headMic/0014.wav,6.56244,he slowly takes a short walk in the open air each day.,he slowly takes a short walk in the open air each day.,project_prompt_target
3,validation,F01,dysarthric,Session1,0021,data/extracted/torgo/F01/Session1/wav_headMic/0021.wav,1.84431,dug,dug,project_prompt_target
3,validation,F01,dysarthric,Session1,0022,data/extracted/torgo/F01/Session1/wav_headMic/0022.wav,4.99038,You wished to know all about my grandfather.,You wished to know all about my grandfather.,project_prompt_target
3,validation,F01,dysarthric,Session1,0032,data/extracted/torgo/F01/Session1/wav_headMic/0032.wav,7.56687,She had your dark suit in greasy wash water all year.,She had your dark suit in greasy wash water all year.,project_prompt_target
3,validation,F01,dysarthric,Session1,0036,data/extracted/torgo/F01/Session1/wav_headMic/0036.wav,6.31931,"We have often urged him to walk more and smoke less,","We have often urged him to walk more and smoke less,",project_prompt_target
3,validation,F01,dysarthric,Session1,0039,data/extracted/torgo/F01/Session1/wav_headMic/0039.wav,1.27481,swore,swore,project_prompt_target
3,validation,F01,dysarthric,Session1,0042,data/extracted/torgo/F01/Session1/wav_headMic/0042.wav,0.78387,for,for,project_prompt_target
3,validation,F01,dysarthric,Session1,0045,data/extracted/torgo/F01/Session1/wav_headMic/0045.wav,1.13406,bit,bit,project_prompt_target
3,validation,F01,dysarthric,Session1,0058,data/extracted/torgo/F01/Session1/wav_headMic/0058.wav,0.95063,the,the,project_prompt_target
3,validation,F01,dysarthric,Session1,0062,data/extracted/torgo/F01/Session1/wav_headMic/0062.wav,1.06737,sip,sip,project_prompt_target
3,validation,F01,dysarthric,Session1,0065,data/extracted/torgo/F01/Session1/wav_headMic/0065.wav,1.16738,fee,fee,project_prompt_target
3,validation,F01,dysarthric,Session1,0066,data/extracted/torgo/F01/Session1/wav_headMic/0066.wav,2.11794,weed,weed,project_prompt_target
3,validation,F01,dysarthric,Session1,0076,data/extracted/torgo/F01/Session1/wav_headMic/0076.wav,1.32056,ship,ship,project_prompt_target
3,validation,F01,dysarthric,Session1,0085,data/extracted/torgo/F01/Session1/wav_headMic/0085.wav,1.59106,sip,sip,project_prompt_target
3,validation,F01,dysarthric,Session1,0089,data/extracted/torgo/F01/Session1/wav_headMic/0089.wav,1.59106,sticks,sticks,project_prompt_target
3,validation,F01,dysarthric,Session1,0091,data/extracted/torgo/F01/Session1/wav_headMic/0091.wav,2.16763,dagger,dagger,project_prompt_target
3,validation,F01,dysarthric,Session1,0098,data/extracted/torgo/F01/Session1/wav_headMic/0098.wav,1.30838,range,range,project_prompt_target
3,validation,F01,dysarthric,Session1,0116,data/extracted/torgo/F01/Session1/wav_headMic/0116.wav,9.807,Twice each day he plays skillfully and with zest upon our small organ.,Twice each day he plays skillfully and with zest upon our small organ.,project_prompt_target
3,validation,F01,dysarthric,Session1,0123,data/extracted/torgo/F01/Session1/wav_headMic/0123.wav,1.68406,down,down,project_prompt_target
3,validation,F01,dysarthric,Session1,0124,data/extracted/torgo/F01/Session1/wav_headMic/0124.wav,2.32794,gadget,gadget,project_prompt_target
3,validation,F01,dysarthric,Session1,0125,data/extracted/torgo/F01/Session1/wav_headMic/0125.wav,2.32794,store,store,project_prompt_target
3,validation,F01,dysarthric,Session1,0126,data/extracted/torgo/F01/Session1/wav_headMic/0126.wav,6.24081,"he dresses himself in an ancient black frock coat,","he dresses himself in an ancient black frock coat,",project_prompt_target
3,validation,F01,dysarthric,Session1,0128,data/extracted/torgo/F01/Session1/wav_headMic/0128.wav,2.27844,storm,storm,project_prompt_target
3,validation,F01,dysarthric,Session1,0132,data/extracted/torgo/F01/Session1/wav_headMic/0132.wav,9.16313,"When he speaks, his voice is just a bit cracked and quivers a trifle.","When he speaks, his voice is just a bit cracked and quivers a trifle.",project_prompt_target
3,validation,F01,dysarthric,Session1,0134,data/extracted/torgo/F01/Session1/wav_headMic/0134.wav,1.98125,yes,yes,project_prompt_target
3,validation,M01,dysarthric,Session2_3,0001,data/extracted/torgo/M01/Session2_3/wav_headMic/0001.wav,1.51406,one,one,project_prompt_target
3,validation,M01,dysarthric,Session2_3,0019,data/extracted/torgo/M01/Session2_3/wav_headMic/0019.wav,2.15156,dark,dark,project_prompt_target
3,validation,M01,dysarthric,Session2_3,0029,data/extracted/torgo/M01/Session2_3/wav_headMic/0029.wav,4.95075,I was conscious all the time.,I was conscious all the time.,project_prompt_target
3,validation,M01,dysarthric,Session2_3,0031,data/extracted/torgo/M01/Session2_3/wav_headMic/0031.wav,2.31194,fate,fate,project_prompt_target
3,validation,M01,dysarthric,Session2_3,0046,data/extracted/torgo/M01/Session2_3/wav_headMic/0046.wav,1.47731,knew,knew,project_prompt_target
3,validation,M01,dysarthric,Session2_3,0063,data/extracted/torgo/M01/Session2_3/wav_headMic/0063.wav,1.80756,rock,rock,project_prompt_target
3,validation,M01,dysarthric,Session2_3,0066,data/extracted/torgo/M01/Session2_3/wav_headMic/0066.wav,11.749,Two other cases also were under advisement.,Two other cases also were under advisement.,project_prompt_target
3,validation,M01,dysarthric,Session2_3,0103,data/extracted/torgo/M01/Session2_3/wav_headMic/0103.wav,4.84019,Their house is grey and white.,Their house is grey and white.,project_prompt_target
3,validation,M01,dysarthric,Session2_3,0109,data/extracted/torgo/M01/Session2_3/wav_headMic/0109.wav,8.04194,You'd be better off taking a cold shower.,You'd be better off taking a cold shower.,project_prompt_target
3,validation,M01,dysarthric,Session2_3,0121,data/extracted/torgo/M01/Session2_3/wav_headMic/0121.wav,6.66706,All the big baseball players get traded.,All the big baseball players get traded.,project_prompt_target
3,validation,M01,dysarthric,Session2_3,0129,data/extracted/torgo/M01/Session2_3/wav_headMic/0129.wav,7.86125,The train approached the depot slowly.,The train approached the depot slowly.,project_prompt_target
3,validation,M01,dysarthric,Session2_3,0132,data/extracted/torgo/M01/Session2_3/wav_headMic/0132.wav,7.152,They carried me off on the stretcher.,They carried me off on the stretcher.,project_prompt_target
3,validation,M01,dysarthric,Session2_3,0140,data/extracted/torgo/M01/Session2_3/wav_headMic/0140.wav,1.77319,we're,we're,project_prompt_target
3,validation,M01,dysarthric,Session2_3,0154,data/extracted/torgo/M01/Session2_3/wav_headMic/0154.wav,1.36688,select,select,project_prompt_target
3,validation,M01,dysarthric,Session2_3,0174,data/extracted/torgo/M01/Session2_3/wav_headMic/0174.wav,6.60288,The dolphins swam around our boat.,The dolphins swam around our boat.,project_prompt_target
3,validation,M01,dysarthric,Session2_3,0176,data/extracted/torgo/M01/Session2_3/wav_headMic/0176.wav,1.27225,zero,zero,project_prompt_target
3,validation,M01,dysarthric,Session2_3,0183,data/extracted/torgo/M01/Session2_3/wav_headMic/0183.wav,2.04038,sergeant,sergeant,project_prompt_target
3,validation,M01,dysarthric,Session2_3,0185,data/extracted/torgo/M01/Session2_3/wav_headMic/0185.wav,6.10475,The misguided souls have lost their way.,The misguided souls have lost their way.,project_prompt_target
3,validation,M01,dysarthric,Session2_3,0187,data/extracted/torgo/M01/Session2_3/wav_headMic/0187.wav,4.86425,There is a treehouse up above.,There is a treehouse up above.,project_prompt_target
3,validation,M01,dysarthric,Session2_3,0200,data/extracted/torgo/M01/Session2_3/wav_headMic/0200.wav,1.89344,rich,rich,project_prompt_target
3,validation,M01,dysarthric,Session2_3,0205,data/extracted/torgo/M01/Session2_3/wav_headMic/0205.wav,7.52481,"If you are losing water, replace it immediately.","If you are losing water, replace it immediately.",project_prompt_target
3,validation,M01,dysarthric,Session2_3,0232,data/extracted/torgo/M01/Session2_3/wav_headMic/0232.wav,8.10325,"Before Thursday's exam, review every formula.","Before Thursday's exam, review every formula.",project_prompt_target
3,validation,M01,dysarthric,Session2_3,0235,data/extracted/torgo/M01/Session2_3/wav_headMic/0235.wav,7.25894,The museum hires musicians every evening.,The museum hires musicians every evening.,project_prompt_target
3,validation,M01,dysarthric,Session2_3,0237,data/extracted/torgo/M01/Session2_3/wav_headMic/0237.wav,1.67694,nine,nine,project_prompt_target
3,validation,M01,dysarthric,Session2_3,0249,data/extracted/torgo/M01/Session2_3/wav_headMic/0249.wav,3.85456,The books are very expensive.,The books are very expensive.,project_prompt_target
3,validation,M01,dysarthric,Session2_3,0250,data/extracted/torgo/M01/Session2_3/wav_headMic/0250.wav,1.37662,side,side,project_prompt_target
3,validation,M01,dysarthric,Session2_3,0256,data/extracted/torgo/M01/Session2_3/wav_headMic/0256.wav,1.63081,no,no,project_prompt_target
3,validation,M01,dysarthric,Session2_3,0277,data/extracted/torgo/M01/Session2_3/wav_headMic/0277.wav,2.08244,heart,heart,project_prompt_target
3,validation,M01,dysarthric,Session2_3,0283,data/extracted/torgo/M01/Session2_3/wav_headMic/0283.wav,3.14737,hat,hat,project_prompt_target
3,validation,M01,dysarthric,Session2_3,0286,data/extracted/torgo/M01/Session2_3/wav_headMic/0286.wav,2.22444,brought,brought,project_prompt_target
