speaker,condition,session,utterance_id,feature_path,frames,valid_target_dimensions,valid_target_mask,sensor_flags,alignment
F03,dysarthric,Session2,0001,data/processed/torgo_aai_features/F03/Session2/0001.npz,345,12,1|1|1|1|1|1|1|1|1|1|1|1,4,head_audio_pos_same_start_100hz
F03,dysarthric,Session2,0002,data/processed/torgo_aai_features/F03/Session2/0002.npz,246,12,1|1|1|1|1|1|1|1|1|1|1|1,,head_audio_pos_same_start_100hz
F03,dysarthric,Session2,0003,data/processed/torgo_aai_features/F03/Session2/0003.npz,158,12,1|1|1|1|1|1|1|1|1|1|1|1,,head_audio_pos_same_start_100hz
F03,dysarthric,Session2,0004,data/processed/torgo_aai_features/F03/Session2/0004.npz,415,12,1|1|1|1|1|1|1|1|1|1|1|1,,head_audio_pos_same_start_100hz
F03,dysarthric,Session2,0005,data/processed/torgo_aai_features/F03/Session2/0005.npz,193,12,1|1|1|1|1|1|1|1|1|1|1|1,,head_audio_pos_same_start_100hz
F03,dysarthric,Session2,0006,data/processed/torgo_aai_features/F03/Session2/0006.npz,1411,12,1|1|1|1|1|1|1|1|1|1|1|1,,head_audio_pos_same_start_100hz
F03,dysarthric,Session2,0007,data/processed/torgo_aai_features/F03/Session2/0007.npz,926,12,1|1|1|1|1|1|1|1|1|1|1|1,,head_audio_pos_same_start_100hz
F03,dysarthric,Session2,0008,data/processed/torgo_aai_features/F03/Session2/0008.npz,548,12,1|1|1|1|1|1|1|1|1|1|1|1,12,head_audio_pos_same_start_100hz
F03,dysarthric,Session2,0009,data/processed/torgo_aai_features/F03/Session2/0009.npz,197,12,1|1|1|1|1|1|1|1|1|1|1|1,,head_audio_pos_same_start_100hz
F03,dysarthric,Session2,0010,data/processed/torgo_aai_features/F03/Session2/0010.npz,931,12,1|1|1|1|1|1|1|1|1|1|1|1,12,head_audio_pos_same_start_100hz
F03,dysarthric,Session2,0011,data/processed/torgo_aai_features/F03/Session2/0011.npz,238,12,1|1|1|1|1|1|1|1|1|1|1|1,,head_audio_pos_same_start_100hz
F03,dysarthric,Session2,0012,data/processed/torgo_aai_features/F03/Session2/0012.npz,252,12,1|1|1|1|1|1|1|1|1|1|1|1,,head_audio_pos_same_start_100hz
F03,dysarthric,Session2,0013,data/processed/torgo_aai_features/F03/Session2/0013.npz,200,12,1|1|1|1|1|1|1|1|1|1|1|1,,head_audio_pos_same_start_100hz
F03,dysarthric,Session2,0014,data/processed/torgo_aai_features/F03/Session2/0014.npz,353,12,1|1|1|1|1|1|1|1|1|1|1|1,,head_audio_pos_same_start_100hz
F03,dysarthric,Session2,0015,data/processed/torgo_aai_features/F03/Session2/0015.npz,194,12,1|1|1|1|1|1|1|1|1|1|1|1,,head_audio_pos_same_start_100hz
F03,dysarthric,Session2,0016,data/processed/torgo_aai_features/F03/Session2/0016.npz,173,12,1|1|1|1|1|1|1|1|1|1|1|1,,head_audio_pos_same_start_100hz
F03,dysarthric,Session2,0017,data/processed/torgo_aai_features/F03/Session2/0017.npz,535,12,1|1|1|1|1|1|1|1|1|1|1|1,,head_audio_pos_same_start_100hz
F03,dysarthric,Session2,0018,data/processed/torgo_aai_features/F03/Session2/0018.npz,216,12,1|1|1|1|1|1|1|1|1|1|1|1,,head_audio_pos_same_start_100hz
F03,dysarthric,Session2,0019,data/processed/torgo_aai_features/F03/Session2/0019.npz,197,12,1|1|1|1|1|1|1|1|1|1|1|1,,head_audio_pos_same_start_100hz
F03,dysarthric,Session2,0020,data/processed/torgo_aai_features/F03/Session2/0020.npz,667,12,1|1|1|1|1|1|1|1|1|1|1|1,,head_audio_pos_same_start_100hz
F03,dysarthric,Session2,0021,data/processed/torgo_aai_features/F03/Session2/0021.npz,614,12,1|1|1|1|1|1|1|1|1|1|1|1,,head_audio_pos_same_start_100hz
F03,dysarthric,Session2,0022,data/processed/torgo_aai_features/F03/Session2/0022.npz,231,12,1|1|1|1|1|1|1|1|1|1|1|1,,head_audio_pos_same_start_100hz
F03,dysarthric,Session2,0023,data/processed/torgo_aai_features/F03/Session2/0023.npz,169,12,1|1|1|1|1|1|1|1|1|1|1|1,,head_audio_pos_same_start_100hz
F03,dysarthric,Session2,0024,data/processed/torgo_aai_features/F03/Session2/0024.npz,481,12,1|1|1|1|1|1|1|1|1|1|1|1,,head_audio_pos_same_start_100hz
F03,dysarthric,Session2,0025,data/processed/torgo_aai_features/F03/Session2/0025.npz,242,12,1|1|1|1|1|1|1|1|1|1|1|1,,head_audio_pos_same_start_100hz
F03,dysarthric,Session2,0026,data/processed/torgo_aai_features/F03/Session2/0026.npz,169,12,1|1|1|1|1|1|1|1|1|1|1|1,,head_audio_pos_same_start_100hz
F03,dysarthric,Session2,0027,data/processed/torgo_aai_features/F03/Session2/0027.npz,246,12,1|1|1|1|1|1|1|1|1|1|1|1,,head_audio_pos_same_start_100hz
F03,dysarthric,Session2,0028,data/processed/torgo_aai_features/F03/Session2/0028.npz,337,12,1|1|1|1|1|1|1|1|1|1|1|1,,head_audio_pos_same_start_100hz
F03,dysarthric,Session2,0029,data/processed/torgo_aai_features/F03/Session2/0029.npz,809,12,1|1|1|1|1|1|1|1|1|1|1|1,,head_audio_pos_same_start_100hz
F03,dysarthric,Session2,0030,data/processed/torgo_aai_features/F03/Session2/0030.npz,185,12,1|1|1|1|1|1|1|1|1|1|1|1,,head_audio_pos_same_start_100hz
F03,dysarthric,Session2,0031,data/processed/torgo_aai_features/F03/Session2/0031.npz,753,12,1|1|1|1|1|1|1|1|1|1|1|1,,head_audio_pos_same_start_100hz
F03,dysarthric,Session2,0032,data/processed/torgo_aai_features/F03/Session2/0032.npz,586,12,1|1|1|1|1|1|1|1|1|1|1|1,,head_audio_pos_same_start_100hz
F03,dysarthric,Session2,0033,data/processed/torgo_aai_features/F03/Session2/0033.npz,492,12,1|1|1|1|1|1|1|1|1|1|1|1,,head_audio_pos_same_start_100hz
F03,dysarthric,Session2,0034,data/processed/torgo_aai_features/F03/Session2/0034.npz,292,12,1|1|1|1|1|1|1|1|1|1|1|1,,head_audio_pos_same_start_100hz
F03,dysarthric,Session2,0035,data/processed/torgo_aai_features/F03/Session2/0035.npz,216,12,1|1|1|1|1|1|1|1|1|1|1|1,,head_audio_pos_same_start_100hz
F03,dysarthric,Session2,0036,data/processed/torgo_aai_features/F03/Session2/0036.npz,232,12,1|1|1|1|1|1|1|1|1|1|1|1,,head_audio_pos_same_start_100hz
F03,dysarthric,Session2,0037,data/processed/torgo_aai_features/F03/Session2/0037.npz,678,10,1|1|1|1|0|1|1|1|1|1|0|1,2,head_audio_pos_same_start_100hz
F03,dysarthric,Session2,0038,data/processed/torgo_aai_features/F03/Session2/0038.npz,240,10,1|1|1|1|0|1|1|1|1|1|0|1,2,head_audio_pos_same_start_100hz
F03,dysarthric,Session2,0039,data/processed/torgo_aai_features/F03/Session2/0039.npz,154,12,1|1|1|1|1|1|1|1|1|1|1|1,,head_audio_pos_same_start_100hz
F03,dysarthric,Session2,0040,data/processed/torgo_aai_features/F03/Session2/0040.npz,174,10,1|1|1|1|0|1|1|1|1|1|0|1,2,head_audio_pos_same_start_100hz
F03,dysarthric,Session2,0041,data/processed/torgo_aai_features/F03/Session2/0041.npz,222,12,1|1|1|1|1|1|1|1|1|1|1|1,,head_audio_pos_same_start_100hz
F03,dysarthric,Session2,0042,data/processed/torgo_aai_features/F03/Session2/0042.npz,460,12,1|1|1|1|1|1|1|1|1|1|1|1,,head_audio_pos_same_start_100hz
F03,dysarthric,Session2,0043,data/processed/torgo_aai_features/F03/Session2/0043.npz,548,12,1|1|1|1|1|1|1|1|1|1|1|1,,head_audio_pos_same_start_100hz
F03,dysarthric,Session2,0044,data/processed/torgo_aai_features/F03/Session2/0044.npz,503,10,1|1|1|1|1|0|1|1|1|1|1|0,1,head_audio_pos_same_start_100hz
F03,dysarthric,Session2,0045,data/processed/torgo_aai_features/F03/Session2/0045.npz,243,12,1|1|1|1|1|1|1|1|1|1|1|1,,head_audio_pos_same_start_100hz
F03,dysarthric,Session2,0046,data/processed/torgo_aai_features/F03/Session2/0046.npz,203,12,1|1|1|1|1|1|1|1|1|1|1|1,,head_audio_pos_same_start_100hz
F03,dysarthric,Session2,0047,data/processed/torgo_aai_features/F03/Session2/0047.npz,246,12,1|1|1|1|1|1|1|1|1|1|1|1,,head_audio_pos_same_start_100hz
F03,dysarthric,Session2,0048,data/processed/torgo_aai_features/F03/Session2/0048.npz,201,12,1|1|1|1|1|1|1|1|1|1|1|1,,head_audio_pos_same_start_100hz
F03,dysarthric,Session2,0049,data/processed/torgo_aai_features/F03/Session2/0049.npz,180,12,1|1|1|1|1|1|1|1|1|1|1|1,,head_audio_pos_same_start_100hz
F03,dysarthric,Session2,0050,data/processed/torgo_aai_features/F03/Session2/0050.npz,185,12,1|1|1|1|1|1|1|1|1|1|1|1,,head_audio_pos_same_start_100hz
F03,dysarthric,Session2,0051,data/processed/torgo_aai_features/F03/Session2/0051.npz,165,12,1|1|1|1|1|1|1|1|1|1|1|1,,head_audio_pos_same_start_100hz
F03,dysarthric,Session2,0052,data/processed/torgo_aai_features/F03/Session2/0052.npz,314,12,1|1|1|1|1|1|1|1|1|1|1|1,,head_audio_pos_same_start_100hz
F03,dysarthric,Session2,0053,data/processed/torgo_aai_features/F03/Session2/0053.npz,224,12,1|1|1|1|1|1|1|1|1|1|1|1,,head_audio_pos_same_start_100hz
F03,dysarthric,Session2,0054,data/processed/torgo_aai_features/F03/Session2/0054.npz,993,12,1|1|1|1|1|1|1|1|1|1|1|1,,head_audio_pos_same_start_100hz
F03,dysarthric,Session2,0055,data/processed/torgo_aai_features/F03/Session2/0055.npz,580,12,1|1|1|1|1|1|1|1|1|1|1|1,,head_audio_pos_same_start_100hz
F03,dysarthric,Session2,0056,data/processed/torgo_aai_features/F03/Session2/0056.npz,279,12,1|1|1|1|1|1|1|1|1|1|1|1,,head_audio_pos_same_start_100hz
F03,dysarthric,Session2,0057,data/processed/torgo_aai_features/F03/Session2/0057.npz,139,12,1|1|1|1|1|1|1|1|1|1|1|1,,head_audio_pos_same_start_100hz
F03,dysarthric,Session2,0058,data/processed/torgo_aai_features/F03/Session2/0058.npz,477,10,1|1|1|1|0|1|1|1|1|1|0|1,2,head_audio_pos_same_start_100hz
F03,dysarthric,Session2,0059,data/processed/torgo_aai_features/F03/Session2/0059.npz,370,12,1|1|1|1|1|1|1|1|1|1|1|1,,head_audio_pos_same_start_100hz
F03,dysarthric,Session2,0060,data/processed/torgo_aai_features/F03/Session2/0060.npz,146,12,1|1|1|1|1|1|1|1|1|1|1|1,,head_audio_pos_same_start_100hz
F03,dysarthric,Session2,0061,data/processed/torgo_aai_features/F03/Session2/0061.npz,142,12,1|1|1|1|1|1|1|1|1|1|1|1,,head_audio_pos_same_start_100hz
F03,dysarthric,Session2,0062,data/processed/torgo_aai_features/F03/Session2/0062.npz,171,12,1|1|1|1|1|1|1|1|1|1|1|1,,head_audio_pos_same_start_100hz
F03,dysarthric,Session2,0063,data/processed/torgo_aai_features/F03/Session2/0063.npz,632,12,1|1|1|1|1|1|1|1|1|1|1|1,,head_audio_pos_same_start_100hz
F03,dysarthric,Session2,0064,data/processed/torgo_aai_features/F03/Session2/0064.npz,283,12,1|1|1|1|1|1|1|1|1|1|1|1,,head_audio_pos_same_start_100hz
F03,dysarthric,Session2,0065,data/processed/torgo_aai_features/F03/Session2/0065.npz,149,12,1|1|1|1|1|1|1|1|1|1|1|1,,head_audio_pos_same_start_100hz
F03,dysarthric,Session2,0066,data/processed/torgo_aai_features/F03/Session2/0066.npz,245,12,1|1|1|1|1|1|1|1|1|1|1|1,,head_audio_pos_same_start_100hz
F03,dysarthric,Session2,0067,data/processed/torgo_aai_features/F03/Session2/0067.npz,306,12,1|1|1|1|1|1|1|1|1|1|1|1,,head_audio_pos_same_start_100hz
F03,dysarthric,Session2,0068,data/processed/torgo_aai_features/F03/Session2/0068.npz,176,12,1|1|1|1|1|1|1|1|1|1|1|1,,head_audio_pos_same_start_100hz
F03,dysarthric,Session2,0069,data/processed/torgo_aai_features/F03/Session2/0069.npz,239,12,1|1|1|1|1|1|1|1|1|1|1|1,,head_audio_pos_same_start_100hz
F03,dysarthric,Session2,0070,data/processed/torgo_aai_features/F03/Session2/0070.npz,190,12,1|1|1|1|1|1|1|1|1|1|1|1,,head_audio_pos_same_start_100hz
F03,dysarthric,Session2,0071,data/processed/torgo_aai_features/F03/Session2/0071.npz,211,12,1|1|1|1|1|1|1|1|1|1|1|1,,head_audio_pos_same_start_100hz
F03,dysarthric,Session2,0072,data/processed/torgo_aai_features/F03/Session2/0072.npz,425,12,1|1|1|1|1|1|1|1|1|1|1|1,,head_audio_pos_same_start_100hz
F03,dysarthric,Session2,0073,data/processed/torgo_aai_features/F03/Session2/0073.npz,275,12,1|1|1|1|1|1|1|1|1|1|1|1,,head_audio_pos_same_start_100hz
F03,dysarthric,Session2,0074,data/processed/torgo_aai_features/F03/Session2/0074.npz,170,12,1|1|1|1|1|1|1|1|1|1|1|1,,head_audio_pos_same_start_100hz
F03,dysarthric,Session2,0075,data/processed/torgo_aai_features/F03/Session2/0075.npz,284,12,1|1|1|1|1|1|1|1|1|1|1|1,,head_audio_pos_same_start_100hz
F03,dysarthric,Session2,0076,data/processed/torgo_aai_features/F03/Session2/0076.npz,200,12,1|1|1|1|1|1|1|1|1|1|1|1,,head_audio_pos_same_start_100hz
F03,dysarthric,Session2,0077,data/processed/torgo_aai_features/F03/Session2/0077.npz,129,12,1|1|1|1|1|1|1|1|1|1|1|1,,head_audio_pos_same_start_100hz
F03,dysarthric,Session2,0078,data/processed/torgo_aai_features/F03/Session2/0078.npz,166,12,1|1|1|1|1|1|1|1|1|1|1|1,,head_audio_pos_same_start_100hz
F03,dysarthric,Session2,0079,data/processed/torgo_aai_features/F03/Session2/0079.npz,385,12,1|1|1|1|1|1|1|1|1|1|1|1,,head_audio_pos_same_start_100hz
F03,dysarthric,Session2,0080,data/processed/torgo_aai_features/F03/Session2/0080.npz,527,12,1|1|1|1|1|1|1|1|1|1|1|1,4,head_audio_pos_same_start_100hz
F03,dysarthric,Session2,0081,data/processed/torgo_aai_features/F03/Session2/0081.npz,193,12,1|1|1|1|1|1|1|1|1|1|1|1,,head_audio_pos_same_start_100hz
F03,dysarthric,Session2,0082,data/processed/torgo_aai_features/F03/Session2/0082.npz,185,12,1|1|1|1|1|1|1|1|1|1|1|1,,head_audio_pos_same_start_100hz
F03,dysarthric,Session2,0083,data/processed/torgo_aai_features/F03/Session2/0083.npz,333,12,1|1|1|1|1|1|1|1|1|1|1|1,,head_audio_pos_same_start_100hz
F03,dysarthric,Session2,0084,data/processed/torgo_aai_features/F03/Session2/0084.npz,400,12,1|1|1|1|1|1|1|1|1|1|1|1,,head_audio_pos_same_start_100hz
F03,dysarthric,Session2,0085,data/processed/torgo_aai_features/F03/Session2/0085.npz,426,12,1|1|1|1|1|1|1|1|1|1|1|1,,head_audio_pos_same_start_100hz
F03,dysarthric,Session2,0086,data/processed/torgo_aai_features/F03/Session2/0086.npz,179,12,1|1|1|1|1|1|1|1|1|1|1|1,,head_audio_pos_same_start_100hz
F03,dysarthric,Session2,0087,data/processed/torgo_aai_features/F03/Session2/0087.npz,523,12,1|1|1|1|1|1|1|1|1|1|1|1,,head_audio_pos_same_start_100hz
F03,dysarthric,Session2,0088,data/processed/torgo_aai_features/F03/Session2/0088.npz,736,12,1|1|1|1|1|1|1|1|1|1|1|1,,head_audio_pos_same_start_100hz
F03,dysarthric,Session2,0089,data/processed/torgo_aai_features/F03/Session2/0089.npz,263,12,1|1|1|1|1|1|1|1|1|1|1|1,,head_audio_pos_same_start_100hz
F03,dysarthric,Session2,0090,data/processed/torgo_aai_features/F03/Session2/0090.npz,275,12,1|1|1|1|1|1|1|1|1|1|1|1,,head_audio_pos_same_start_100hz
F03,dysarthric,Session2,0091,data/processed/torgo_aai_features/F03/Session2/0091.npz,174,12,1|1|1|1|1|1|1|1|1|1|1|1,,head_audio_pos_same_start_100hz
F03,dysarthric,Session2,0092,data/processed/torgo_aai_features/F03/Session2/0092.npz,480,12,1|1|1|1|1|1|1|1|1|1|1|1,,head_audio_pos_same_start_100hz
F03,dysarthric,Session2,0093,data/processed/torgo_aai_features/F03/Session2/0093.npz,175,12,1|1|1|1|1|1|1|1|1|1|1|1,,head_audio_pos_same_start_100hz
F03,dysarthric,Session2,0094,data/processed/torgo_aai_features/F03/Session2/0094.npz,152,12,1|1|1|1|1|1|1|1|1|1|1|1,,head_audio_pos_same_start_100hz
F03,dysarthric,Session2,0095,data/processed/torgo_aai_features/F03/Session2/0095.npz,425,12,1|1|1|1|1|1|1|1|1|1|1|1,,head_audio_pos_same_start_100hz
F03,dysarthric,Session2,0096,data/processed/torgo_aai_features/F03/Session2/0096.npz,148,12,1|1|1|1|1|1|1|1|1|1|1|1,,head_audio_pos_same_start_100hz
F03,dysarthric,Session2,0097,data/processed/torgo_aai_features/F03/Session2/0097.npz,341,12,1|1|1|1|1|1|1|1|1|1|1|1,,head_audio_pos_same_start_100hz
F03,dysarthric,Session2,0098,data/processed/torgo_aai_features/F03/Session2/0098.npz,612,12,1|1|1|1|1|1|1|1|1|1|1|1,,head_audio_pos_same_start_100hz
F03,dysarthric,Session2,0099,data/processed/torgo_aai_features/F03/Session2/0099.npz,526,12,1|1|1|1|1|1|1|1|1|1|1|1,,head_audio_pos_same_start_100hz
F03,dysarthric,Session2,0100,data/processed/torgo_aai_features/F03/Session2/0100.npz,165,12,1|1|1|1|1|1|1|1|1|1|1|1,,head_audio_pos_same_start_100hz
F03,dysarthric,Session2,0101,data/processed/torgo_aai_features/F03/Session2/0101.npz,1023,12,1|1|1|1|1|1|1|1|1|1|1|1,,head_audio_pos_same_start_100hz
F03,dysarthric,Session2,0102,data/processed/torgo_aai_features/F03/Session2/0102.npz,242,12,1|1|1|1|1|1|1|1|1|1|1|1,,head_audio_pos_same_start_100hz
F03,dysarthric,Session2,0103,data/processed/torgo_aai_features/F03/Session2/0103.npz,152,12,1|1|1|1|1|1|1|1|1|1|1|1,,head_audio_pos_same_start_100hz
F03,dysarthric,Session2,0104,data/processed/torgo_aai_features/F03/Session2/0104.npz,254,12,1|1|1|1|1|1|1|1|1|1|1|1,,head_audio_pos_same_start_100hz
F03,dysarthric,Session2,0105,data/processed/torgo_aai_features/F03/Session2/0105.npz,273,12,1|1|1|1|1|1|1|1|1|1|1|1,,head_audio_pos_same_start_100hz
F03,dysarthric,Session2,0106,data/processed/torgo_aai_features/F03/Session2/0106.npz,292,12,1|1|1|1|1|1|1|1|1|1|1|1,,head_audio_pos_same_start_100hz
F03,dysarthric,Session2,0107,data/processed/torgo_aai_features/F03/Session2/0107.npz,176,12,1|1|1|1|1|1|1|1|1|1|1|1,,head_audio_pos_same_start_100hz
F03,dysarthric,Session2,0108,data/processed/torgo_aai_features/F03/Session2/0108.npz,359,12,1|1|1|1|1|1|1|1|1|1|1|1,,head_audio_pos_same_start_100hz
F03,dysarthric,Session2,0109,data/processed/torgo_aai_features/F03/Session2/0109.npz,271,12,1|1|1|1|1|1|1|1|1|1|1|1,,head_audio_pos_same_start_100hz
F03,dysarthric,Session2,0110,data/processed/torgo_aai_features/F03/Session2/0110.npz,595,10,1|1|1|0|1|1|1|1|1|0|1|1,3,head_audio_pos_same_start_100hz
F03,dysarthric,Session2,0111,data/processed/torgo_aai_features/F03/Session2/0111.npz,390,12,1|1|1|1|1|1|1|1|1|1|1|1,,head_audio_pos_same_start_100hz
F03,dysarthric,Session2,0112,data/processed/torgo_aai_features/F03/Session2/0112.npz,226,12,1|1|1|1|1|1|1|1|1|1|1|1,,head_audio_pos_same_start_100hz
F03,dysarthric,Session2,0113,data/processed/torgo_aai_features/F03/Session2/0113.npz,187,12,1|1|1|1|1|1|1|1|1|1|1|1,,head_audio_pos_same_start_100hz
F03,dysarthric,Session2,0114,data/processed/torgo_aai_features/F03/Session2/0114.npz,164,12,1|1|1|1|1|1|1|1|1|1|1|1,,head_audio_pos_same_start_100hz
F03,dysarthric,Session2,0115,data/processed/torgo_aai_features/F03/Session2/0115.npz,174,12,1|1|1|1|1|1|1|1|1|1|1|1,,head_audio_pos_same_start_100hz
F03,dysarthric,Session2,0116,data/processed/torgo_aai_features/F03/Session2/0116.npz,141,12,1|1|1|1|1|1|1|1|1|1|1|1,,head_audio_pos_same_start_100hz
F03,dysarthric,Session2,0118,data/processed/torgo_aai_features/F03/Session2/0118.npz,767,12,1|1|1|1|1|1|1|1|1|1|1|1,,head_audio_pos_same_start_100hz
F03,dysarthric,Session2,0119,data/processed/torgo_aai_features/F03/Session2/0119.npz,177,12,1|1|1|1|1|1|1|1|1|1|1|1,,head_audio_pos_same_start_100hz
F03,dysarthric,Session2,0120,data/processed/torgo_aai_features/F03/Session2/0120.npz,221,12,1|1|1|1|1|1|1|1|1|1|1|1,,head_audio_pos_same_start_100hz
F03,dysarthric,Session2,0121,data/processed/torgo_aai_features/F03/Session2/0121.npz,164,12,1|1|1|1|1|1|1|1|1|1|1|1,,head_audio_pos_same_start_100hz
F03,dysarthric,Session2,0122,data/processed/torgo_aai_features/F03/Session2/0122.npz,509,12,1|1|1|1|1|1|1|1|1|1|1|1,,head_audio_pos_same_start_100hz
F03,dysarthric,Session2,0123,data/processed/torgo_aai_features/F03/Session2/0123.npz,512,12,1|1|1|1|1|1|1|1|1|1|1|1,,head_audio_pos_same_start_100hz
F03,dysarthric,Session2,0124,data/processed/torgo_aai_features/F03/Session2/0124.npz,271,12,1|1|1|1|1|1|1|1|1|1|1|1,,head_audio_pos_same_start_100hz
F03,dysarthric,Session2,0125,data/processed/torgo_aai_features/F03/Session2/0125.npz,155,12,1|1|1|1|1|1|1|1|1|1|1|1,,head_audio_pos_same_start_100hz
F03,dysarthric,Session2,0126,data/processed/torgo_aai_features/F03/Session2/0126.npz,139,12,1|1|1|1|1|1|1|1|1|1|1|1,,head_audio_pos_same_start_100hz
F03,dysarthric,Session2,0127,data/processed/torgo_aai_features/F03/Session2/0127.npz,194,12,1|1|1|1|1|1|1|1|1|1|1|1,,head_audio_pos_same_start_100hz
F03,dysarthric,Session2,0128,data/processed/torgo_aai_features/F03/Session2/0128.npz,148,12,1|1|1|1|1|1|1|1|1|1|1|1,,head_audio_pos_same_start_100hz
F03,dysarthric,Session2,0129,data/processed/torgo_aai_features/F03/Session2/0129.npz,155,12,1|1|1|1|1|1|1|1|1|1|1|1,,head_audio_pos_same_start_100hz
F03,dysarthric,Session2,0130,data/processed/torgo_aai_features/F03/Session2/0130.npz,571,12,1|1|1|1|1|1|1|1|1|1|1|1,,head_audio_pos_same_start_100hz
F03,dysarthric,Session2,0131,data/processed/torgo_aai_features/F03/Session2/0131.npz,639,12,1|1|1|1|1|1|1|1|1|1|1|1,,head_audio_pos_same_start_100hz
F03,dysarthric,Session2,0132,data/processed/torgo_aai_features/F03/Session2/0132.npz,776,12,1|1|1|1|1|1|1|1|1|1|1|1,12,head_audio_pos_same_start_100hz
F03,dysarthric,Session2,0133,data/processed/torgo_aai_features/F03/Session2/0133.npz,959,12,1|1|1|1|1|1|1|1|1|1|1|1,,head_audio_pos_same_start_100hz
F03,dysarthric,Session2,0134,data/processed/torgo_aai_features/F03/Session2/0134.npz,247,12,1|1|1|1|1|1|1|1|1|1|1|1,,head_audio_pos_same_start_100hz
F03,dysarthric,Session2,0135,data/processed/torgo_aai_features/F03/Session2/0135.npz,118,12,1|1|1|1|1|1|1|1|1|1|1|1,,head_audio_pos_same_start_100hz
F03,dysarthric,Session2,0136,data/processed/torgo_aai_features/F03/Session2/0136.npz,156,12,1|1|1|1|1|1|1|1|1|1|1|1,,head_audio_pos_same_start_100hz
F03,dysarthric,Session2,0137,data/processed/torgo_aai_features/F03/Session2/0137.npz,152,12,1|1|1|1|1|1|1|1|1|1|1|1,,head_audio_pos_same_start_100hz
F03,dysarthric,Session2,0138,data/processed/torgo_aai_features/F03/Session2/0138.npz,127,12,1|1|1|1|1|1|1|1|1|1|1|1,,head_audio_pos_same_start_100hz
F03,dysarthric,Session2,0139,data/processed/torgo_aai_features/F03/Session2/0139.npz,244,12,1|1|1|1|1|1|1|1|1|1|1|1,,head_audio_pos_same_start_100hz
F03,dysarthric,Session2,0140,data/processed/torgo_aai_features/F03/Session2/0140.npz,174,12,1|1|1|1|1|1|1|1|1|1|1|1,,head_audio_pos_same_start_100hz
F03,dysarthric,Session2,0141,data/processed/torgo_aai_features/F03/Session2/0141.npz,445,12,1|1|1|1|1|1|1|1|1|1|1|1,12,head_audio_pos_same_start_100hz
F03,dysarthric,Session2,0142,data/processed/torgo_aai_features/F03/Session2/0142.npz,350,12,1|1|1|1|1|1|1|1|1|1|1|1,,head_audio_pos_same_start_100hz
F03,dysarthric,Session2,0143,data/processed/torgo_aai_features/F03/Session2/0143.npz,318,12,1|1|1|1|1|1|1|1|1|1|1|1,,head_audio_pos_same_start_100hz
F03,dysarthric,Session2,0144,data/processed/torgo_aai_features/F03/Session2/0144.npz,136,12,1|1|1|1|1|1|1|1|1|1|1|1,,head_audio_pos_same_start_100hz
F03,dysarthric,Session2,0145,data/processed/torgo_aai_features/F03/Session2/0145.npz,211,12,1|1|1|1|1|1|1|1|1|1|1|1,,head_audio_pos_same_start_100hz
F03,dysarthric,Session2,0146,data/processed/torgo_aai_features/F03/Session2/0146.npz,471,12,1|1|1|1|1|1|1|1|1|1|1|1,,head_audio_pos_same_start_100hz
F03,dysarthric,Session2,0147,data/processed/torgo_aai_features/F03/Session2/0147.npz,426,12,1|1|1|1|1|1|1|1|1|1|1|1,,head_audio_pos_same_start_100hz
F03,dysarthric,Session2,0148,data/processed/torgo_aai_features/F03/Session2/0148.npz,166,12,1|1|1|1|1|1|1|1|1|1|1|1,,head_audio_pos_same_start_100hz
F03,dysarthric,Session2,0149,data/processed/torgo_aai_features/F03/Session2/0149.npz,347,12,1|1|1|1|1|1|1|1|1|1|1|1,,head_audio_pos_same_start_100hz
F03,dysarthric,Session2,0150,data/processed/torgo_aai_features/F03/Session2/0150.npz,165,12,1|1|1|1|1|1|1|1|1|1|1|1,,head_audio_pos_same_start_100hz
F03,dysarthric,Session2,0151,data/processed/torgo_aai_features/F03/Session2/0151.npz,121,12,1|1|1|1|1|1|1|1|1|1|1|1,12,head_audio_pos_same_start_100hz
F03,dysarthric,Session2,0152,data/processed/torgo_aai_features/F03/Session2/0152.npz,126,12,1|1|1|1|1|1|1|1|1|1|1|1,,head_audio_pos_same_start_100hz
F03,dysarthric,Session2,0153,data/processed/torgo_aai_features/F03/Session2/0153.npz,221,12,1|1|1|1|1|1|1|1|1|1|1|1,,head_audio_pos_same_start_100hz
F03,dysarthric,Session2,0154,data/processed/torgo_aai_features/F03/Session2/0154.npz,138,12,1|1|1|1|1|1|1|1|1|1|1|1,,head_audio_pos_same_start_100hz
F03,dysarthric,Session2,0155,data/processed/torgo_aai_features/F03/Session2/0155.npz,177,12,1|1|1|1|1|1|1|1|1|1|1|1,,head_audio_pos_same_start_100hz
F03,dysarthric,Session2,0156,data/processed/torgo_aai_features/F03/Session2/0156.npz,143,12,1|1|1|1|1|1|1|1|1|1|1|1,,head_audio_pos_same_start_100hz
F03,dysarthric,Session2,0157,data/processed/torgo_aai_features/F03/Session2/0157.npz,179,12,1|1|1|1|1|1|1|1|1|1|1|1,12,head_audio_pos_same_start_100hz
F03,dysarthric,Session2,0158,data/processed/torgo_aai_features/F03/Session2/0158.npz,728,12,1|1|1|1|1|1|1|1|1|1|1|1,,head_audio_pos_same_start_100hz
F03,dysarthric,Session2,0159,data/processed/torgo_aai_features/F03/Session2/0159.npz,313,12,1|1|1|1|1|1|1|1|1|1|1|1,,head_audio_pos_same_start_100hz
F03,dysarthric,Session2,0160,data/processed/torgo_aai_features/F03/Session2/0160.npz,482,12,1|1|1|1|1|1|1|1|1|1|1|1,,head_audio_pos_same_start_100hz
F03,dysarthric,Session3,0001,data/processed/torgo_aai_features/F03/Session3/0001.npz,490,12,1|1|1|1|1|1|1|1|1|1|1|1,,head_audio_pos_same_start_100hz
F03,dysarthric,Session3,0002,data/processed/torgo_aai_features/F03/Session3/0002.npz,53,12,1|1|1|1|1|1|1|1|1|1|1|1,,head_audio_pos_same_start_100hz
F03,dysarthric,Session3,0003,data/processed/torgo_aai_features/F03/Session3/0003.npz,291,12,1|1|1|1|1|1|1|1|1|1|1|1,,head_audio_pos_same_start_100hz
F03,dysarthric,Session3,0004,data/processed/torgo_aai_features/F03/Session3/0004.npz,188,12,1|1|1|1|1|1|1|1|1|1|1|1,,head_audio_pos_same_start_100hz
F03,dysarthric,Session3,0005,data/processed/torgo_aai_features/F03/Session3/0005.npz,218,12,1|1|1|1|1|1|1|1|1|1|1|1,,head_audio_pos_same_start_100hz
F03,dysarthric,Session3,0006,data/processed/torgo_aai_features/F03/Session3/0006.npz,183,12,1|1|1|1|1|1|1|1|1|1|1|1,,head_audio_pos_same_start_100hz
F03,dysarthric,Session3,0007,data/processed/torgo_aai_features/F03/Session3/0007.npz,420,12,1|1|1|1|1|1|1|1|1|1|1|1,,head_audio_pos_same_start_100hz
F03,dysarthric,Session3,0008,data/processed/torgo_aai_features/F03/Session3/0008.npz,172,12,1|1|1|1|1|1|1|1|1|1|1|1,,head_audio_pos_same_start_100hz
F03,dysarthric,Session3,0009,data/processed/torgo_aai_features/F03/Session3/0009.npz,402,12,1|1|1|1|1|1|1|1|1|1|1|1,,head_audio_pos_same_start_100hz
F03,dysarthric,Session3,0010,data/processed/torgo_aai_features/F03/Session3/0010.npz,188,12,1|1|1|1|1|1|1|1|1|1|1|1,,head_audio_pos_same_start_100hz
F03,dysarthric,Session3,0011,data/processed/torgo_aai_features/F03/Session3/0011.npz,201,12,1|1|1|1|1|1|1|1|1|1|1|1,,head_audio_pos_same_start_100hz
F03,dysarthric,Session3,0012,data/processed/torgo_aai_features/F03/Session3/0012.npz,174,12,1|1|1|1|1|1|1|1|1|1|1|1,,head_audio_pos_same_start_100hz
F03,dysarthric,Session3,0013,data/processed/torgo_aai_features/F03/Session3/0013.npz,232,12,1|1|1|1|1|1|1|1|1|1|1|1,,head_audio_pos_same_start_100hz
F03,dysarthric,Session3,0014,data/processed/torgo_aai_features/F03/Session3/0014.npz,180,12,1|1|1|1|1|1|1|1|1|1|1|1,,head_audio_pos_same_start_100hz
F03,dysarthric,Session3,0015,data/processed/torgo_aai_features/F03/Session3/0015.npz,231,12,1|1|1|1|1|1|1|1|1|1|1|1,,head_audio_pos_same_start_100hz
F03,dysarthric,Session3,0016,data/processed/torgo_aai_features/F03/Session3/0016.npz,252,12,1|1|1|1|1|1|1|1|1|1|1|1,,head_audio_pos_same_start_100hz
F03,dysarthric,Session3,0017,data/processed/torgo_aai_features/F03/Session3/0017.npz,209,12,1|1|1|1|1|1|1|1|1|1|1|1,,head_audio_pos_same_start_100hz
F03,dysarthric,Session3,0018,data/processed/torgo_aai_features/F03/Session3/0018.npz,219,12,1|1|1|1|1|1|1|1|1|1|1|1,,head_audio_pos_same_start_100hz
F03,dysarthric,Session3,0019,data/processed/torgo_aai_features/F03/Session3/0019.npz,224,12,1|1|1|1|1|1|1|1|1|1|1|1,,head_audio_pos_same_start_100hz
F03,dysarthric,Session3,0020,data/processed/torgo_aai_features/F03/Session3/0020.npz,192,12,1|1|1|1|1|1|1|1|1|1|1|1,,head_audio_pos_same_start_100hz
F03,dysarthric,Session3,0021,data/processed/torgo_aai_features/F03/Session3/0021.npz,346,12,1|1|1|1|1|1|1|1|1|1|1|1,,head_audio_pos_same_start_100hz
F03,dysarthric,Session3,0022,data/processed/torgo_aai_features/F03/Session3/0022.npz,402,12,1|1|1|1|1|1|1|1|1|1|1|1,,head_audio_pos_same_start_100hz
F03,dysarthric,Session3,0023,data/processed/torgo_aai_features/F03/Session3/0023.npz,435,12,1|1|1|1|1|1|1|1|1|1|1|1,9,head_audio_pos_same_start_100hz
F03,dysarthric,Session3,0024,data/processed/torgo_aai_features/F03/Session3/0024.npz,224,12,1|1|1|1|1|1|1|1|1|1|1|1,,head_audio_pos_same_start_100hz
F03,dysarthric,Session3,0025,data/processed/torgo_aai_features/F03/Session3/0025.npz,468,12,1|1|1|1|1|1|1|1|1|1|1|1,,head_audio_pos_same_start_100hz
F03,dysarthric,Session3,0026,data/processed/torgo_aai_features/F03/Session3/0026.npz,232,10,1|1|0|1|1|1|1|1|0|1|1|1,7,head_audio_pos_same_start_100hz
F03,dysarthric,Session3,0027,data/processed/torgo_aai_features/F03/Session3/0027.npz,235,12,1|1|1|1|1|1|1|1|1|1|1|1,,head_audio_pos_same_start_100hz
F03,dysarthric,Session3,0028,data/processed/torgo_aai_features/F03/Session3/0028.npz,204,10,1|1|0|1|1|1|1|1|0|1|1|1,7|9,head_audio_pos_same_start_100hz
F03,dysarthric,Session3,0029,data/processed/torgo_aai_features/F03/Session3/0029.npz,552,12,1|1|1|1|1|1|1|1|1|1|1|1,9,head_audio_pos_same_start_100hz
F03,dysarthric,Session3,0030,data/processed/torgo_aai_features/F03/Session3/0030.npz,427,10,1|1|0|1|1|1|1|1|0|1|1|1,7,head_audio_pos_same_start_100hz
F03,dysarthric,Session3,0031,data/processed/torgo_aai_features/F03/Session3/0031.npz,181,12,1|1|1|1|1|1|1|1|1|1|1|1,,head_audio_pos_same_start_100hz
F03,dysarthric,Session3,0032,data/processed/torgo_aai_features/F03/Session3/0032.npz,322,12,1|1|1|1|1|1|1|1|1|1|1|1,,head_audio_pos_same_start_100hz
F03,dysarthric,Session3,0033,data/processed/torgo_aai_features/F03/Session3/0033.npz,242,12,1|1|1|1|1|1|1|1|1|1|1|1,,head_audio_pos_same_start_100hz
F03,dysarthric,Session3,0034,data/processed/torgo_aai_features/F03/Session3/0034.npz,212,12,1|1|1|1|1|1|1|1|1|1|1|1,,head_audio_pos_same_start_100hz
F03,dysarthric,Session3,0035,data/processed/torgo_aai_features/F03/Session3/0035.npz,160,12,1|1|1|1|1|1|1|1|1|1|1|1,,head_audio_pos_same_start_100hz
F03,dysarthric,Session3,0036,data/processed/torgo_aai_features/F03/Session3/0036.npz,451,12,1|1|1|1|1|1|1|1|1|1|1|1,,head_audio_pos_same_start_100hz
F03,dysarthric,Session3,0037,data/processed/torgo_aai_features/F03/Session3/0037.npz,335,12,1|1|1|1|1|1|1|1|1|1|1|1,,head_audio_pos_same_start_100hz
F03,dysarthric,Session3,0038,data/processed/torgo_aai_features/F03/Session3/0038.npz,683,12,1|1|1|1|1|1|1|1|1|1|1|1,,head_audio_pos_same_start_100hz
F03,dysarthric,Session3,0039,data/processed/torgo_aai_features/F03/Session3/0039.npz,190,12,1|1|1|1|1|1|1|1|1|1|1|1,,head_audio_pos_same_start_100hz
F03,dysarthric,Session3,0040,data/processed/torgo_aai_features/F03/Session3/0040.npz,182,12,1|1|1|1|1|1|1|1|1|1|1|1,,head_audio_pos_same_start_100hz
F03,dysarthric,Session3,0041,data/processed/torgo_aai_features/F03/Session3/0041.npz,449,12,1|1|1|1|1|1|1|1|1|1|1|1,,head_audio_pos_same_start_100hz
F03,dysarthric,Session3,0042,data/processed/torgo_aai_features/F03/Session3/0042.npz,192,12,1|1|1|1|1|1|1|1|1|1|1|1,9,head_audio_pos_same_start_100hz
F03,dysarthric,Session3,0043,data/processed/torgo_aai_features/F03/Session3/0043.npz,134,12,1|1|1|1|1|1|1|1|1|1|1|1,,head_audio_pos_same_start_100hz
F03,dysarthric,Session3,0044,data/processed/torgo_aai_features/F03/Session3/0044.npz,301,12,1|1|1|1|1|1|1|1|1|1|1|1,,head_audio_pos_same_start_100hz
F03,dysarthric,Session3,0045,data/processed/torgo_aai_features/F03/Session3/0045.npz,166,12,1|1|1|1|1|1|1|1|1|1|1|1,,head_audio_pos_same_start_100hz
F03,dysarthric,Session3,0046,data/processed/torgo_aai_features/F03/Session3/0046.npz,173,12,1|1|1|1|1|1|1|1|1|1|1|1,,head_audio_pos_same_start_100hz
F03,dysarthric,Session3,0047,data/processed/torgo_aai_features/F03/Session3/0047.npz,740,12,1|1|1|1|1|1|1|1|1|1|1|1,9,head_audio_pos_same_start_100hz
F03,dysarthric,Session3,0048,data/processed/torgo_aai_features/F03/Session3/0048.npz,432,12,1|1|1|1|1|1|1|1|1|1|1|1,4|9,head_audio_pos_same_start_100hz
F03,dysarthric,Session3,0049,data/processed/torgo_aai_features/F03/Session3/0049.npz,158,12,1|1|1|1|1|1|1|1|1|1|1|1,9,head_audio_pos_same_start_100hz
F03,dysarthric,Session3,0050,data/processed/torgo_aai_features/F03/Session3/0050.npz,405,12,1|1|1|1|1|1|1|1|1|1|1|1,,head_audio_pos_same_start_100hz
F03,dysarthric,Session3,0051,data/processed/torgo_aai_features/F03/Session3/0051.npz,161,12,1|1|1|1|1|1|1|1|1|1|1|1,,head_audio_pos_same_start_100hz
F03,dysarthric,Session3,0052,data/processed/torgo_aai_features/F03/Session3/0052.npz,262,12,1|1|1|1|1|1|1|1|1|1|1|1,,head_audio_pos_same_start_100hz
F03,dysarthric,Session3,0053,data/processed/torgo_aai_features/F03/Session3/0053.npz,235,12,1|1|1|1|1|1|1|1|1|1|1|1,,head_audio_pos_same_start_100hz
F03,dysarthric,Session3,0054,data/processed/torgo_aai_features/F03/Session3/0054.npz,143,12,1|1|1|1|1|1|1|1|1|1|1|1,,head_audio_pos_same_start_100hz
F03,dysarthric,Session3,0055,data/processed/torgo_aai_features/F03/Session3/0055.npz,370,12,1|1|1|1|1|1|1|1|1|1|1|1,9,head_audio_pos_same_start_100hz
F03,dysarthric,Session3,0056,data/processed/torgo_aai_features/F03/Session3/0056.npz,359,10,1|1|0|1|1|1|1|1|0|1|1|1,7,head_audio_pos_same_start_100hz
F03,dysarthric,Session3,0057,data/processed/torgo_aai_features/F03/Session3/0057.npz,187,12,1|1|1|1|1|1|1|1|1|1|1|1,,head_audio_pos_same_start_100hz
F03,dysarthric,Session3,0058,data/processed/torgo_aai_features/F03/Session3/0058.npz,275,10,1|1|0|1|1|1|1|1|0|1|1|1,7,head_audio_pos_same_start_100hz
F03,dysarthric,Session3,0059,data/processed/torgo_aai_features/F03/Session3/0059.npz,188,12,1|1|1|1|1|1|1|1|1|1|1|1,,head_audio_pos_same_start_100hz
F03,dysarthric,Session3,0060,data/processed/torgo_aai_features/F03/Session3/0060.npz,175,10,1|1|0|1|1|1|1|1|0|1|1|1,7,head_audio_pos_same_start_100hz
F03,dysarthric,Session3,0061,data/processed/torgo_aai_features/F03/Session3/0061.npz,157,12,1|1|1|1|1|1|1|1|1|1|1|1,,head_audio_pos_same_start_100hz
F03,dysarthric,Session3,0062,data/processed/torgo_aai_features/F03/Session3/0062.npz,133,12,1|1|1|1|1|1|1|1|1|1|1|1,,head_audio_pos_same_start_100hz
F03,dysarthric,Session3,0063,data/processed/torgo_aai_features/F03/Session3/0063.npz,281,12,1|1|1|1|1|1|1|1|1|1|1|1,,head_audio_pos_same_start_100hz
F03,dysarthric,Session3,0064,data/processed/torgo_aai_features/F03/Session3/0064.npz,154,10,1|1|0|1|1|1|1|1|0|1|1|1,7,head_audio_pos_same_start_100hz
F03,dysarthric,Session3,0065,data/processed/torgo_aai_features/F03/Session3/0065.npz,261,12,1|1|1|1|1|1|1|1|1|1|1|1,,head_audio_pos_same_start_100hz
F03,dysarthric,Session3,0066,data/processed/torgo_aai_features/F03/Session3/0066.npz,150,12,1|1|1|1|1|1|1|1|1|1|1|1,,head_audio_pos_same_start_100hz
F03,dysarthric,Session3,0067,data/processed/torgo_aai_features/F03/Session3/0067.npz,271,10,1|1|0|1|1|1|1|1|0|1|1|1,7,head_audio_pos_same_start_100hz
F03,dysarthric,Session3,0068,data/processed/torgo_aai_features/F03/Session3/0068.npz,115,10,1|1|0|1|1|1|1|1|0|1|1|1,7,head_audio_pos_same_start_100hz
F03,dysarthric,Session3,0069,data/processed/torgo_aai_features/F03/Session3/0069.npz,152,12,1|1|1|1|1|1|1|1|1|1|1|1,,head_audio_pos_same_start_100hz
F03,dysarthric,Session3,0070,data/processed/torgo_aai_features/F03/Session3/0070.npz,179,12,1|1|1|1|1|1|1|1|1|1|1|1,,head_audio_pos_same_start_100hz
F03,dysarthric,Session3,0071,data/processed/torgo_aai_features/F03/Session3/0071.npz,144,12,1|1|1|1|1|1|1|1|1|1|1|1,,head_audio_pos_same_start_100hz
F03,dysarthric,Session3,0072,data/processed/torgo_aai_features/F03/Session3/0072.npz,138,12,1|1|1|1|1|1|1|1|1|1|1|1,,head_audio_pos_same_start_100hz
F03,dysarthric,Session3,0073,data/processed/torgo_aai_features/F03/Session3/0073.npz,146,12,1|1|1|1|1|1|1|1|1|1|1|1,,head_audio_pos_same_start_100hz
F03,dysarthric,Session3,0074,data/processed/torgo_aai_features/F03/Session3/0074.npz,134,12,1|1|1|1|1|1|1|1|1|1|1|1,4,head_audio_pos_same_start_100hz
F03,dysarthric,Session3,0075,data/processed/torgo_aai_features/F03/Session3/0075.npz,164,12,1|1|1|1|1|1|1|1|1|1|1|1,,head_audio_pos_same_start_100hz
F03,dysarthric,Session3,0076,data/processed/torgo_aai_features/F03/Session3/0076.npz,146,12,1|1|1|1|1|1|1|1|1|1|1|1,,head_audio_pos_same_start_100hz
F03,dysarthric,Session3,0077,data/processed/torgo_aai_features/F03/Session3/0077.npz,168,12,1|1|1|1|1|1|1|1|1|1|1|1,,head_audio_pos_same_start_100hz
F03,dysarthric,Session3,0078,data/processed/torgo_aai_features/F03/Session3/0078.npz,174,12,1|1|1|1|1|1|1|1|1|1|1|1,,head_audio_pos_same_start_100hz
F03,dysarthric,Session3,0079,data/processed/torgo_aai_features/F03/Session3/0079.npz,159,12,1|1|1|1|1|1|1|1|1|1|1|1,,head_audio_pos_same_start_100hz
F03,dysarthric,Session3,0080,data/processed/torgo_aai_features/F03/Session3/0080.npz,247,12,1|1|1|1|1|1|1|1|1|1|1|1,9,head_audio_pos_same_start_100hz
F03,dysarthric,Session3,0081,data/processed/torgo_aai_features/F03/Session3/0081.npz,201,12,1|1|1|1|1|1|1|1|1|1|1|1,9,head_audio_pos_same_start_100hz
F03,dysarthric,Session3,0082,data/processed/torgo_aai_features/F03/Session3/0082.npz,457,12,1|1|1|1|1|1|1|1|1|1|1|1,9,head_audio_pos_same_start_100hz
F03,dysarthric,Session3,0083,data/processed/torgo_aai_features/F03/Session3/0083.npz,246,12,1|1|1|1|1|1|1|1|1|1|1|1,9,head_audio_pos_same_start_100hz
F03,dysarthric,Session3,0084,data/processed/torgo_aai_features/F03/Session3/0084.npz,473,12,1|1|1|1|1|1|1|1|1|1|1|1,9,head_audio_pos_same_start_100hz
F03,dysarthric,Session3,0085,data/processed/torgo_aai_features/F03/Session3/0085.npz,130,12,1|1|1|1|1|1|1|1|1|1|1|1,,head_audio_pos_same_start_100hz
F03,dysarthric,Session3,0086,data/processed/torgo_aai_features/F03/Session3/0086.npz,172,12,1|1|1|1|1|1|1|1|1|1|1|1,,head_audio_pos_same_start_100hz
F03,dysarthric,Session3,0087,data/processed/torgo_aai_features/F03/Session3/0087.npz,147,12,1|1|1|1|1|1|1|1|1|1|1|1,,head_audio_pos_same_start_100hz
F03,dysarthric,Session3,0088,data/processed/torgo_aai_features/F03/Session3/0088.npz,145,12,1|1|1|1|1|1|1|1|1|1|1|1,,head_audio_pos_same_start_100hz
F03,dysarthric,Session3,0089,data/processed/torgo_aai_features/F03/Session3/0089.npz,172,10,1|1|0|1|1|1|1|1|0|1|1|1,7,head_audio_pos_same_start_100hz
F03,dysarthric,Session3,0090,data/processed/torgo_aai_features/F03/Session3/0090.npz,417,10,1|1|0|1|1|1|1|1|0|1|1|1,7,head_audio_pos_same_start_100hz
F03,dysarthric,Session3,0091,data/processed/torgo_aai_features/F03/Session3/0091.npz,113,10,1|1|0|1|1|1|1|1|0|1|1|1,7,head_audio_pos_same_start_100hz
F03,dysarthric,Session3,0092,data/processed/torgo_aai_features/F03/Session3/0092.npz,170,10,1|1|0|1|1|1|1|1|0|1|1|1,7,head_audio_pos_same_start_100hz
F03,dysarthric,Session3,0093,data/processed/torgo_aai_features/F03/Session3/0093.npz,130,10,1|1|0|1|1|1|1|1|0|1|1|1,7,head_audio_pos_same_start_100hz
F03,dysarthric,Session3,0094,data/processed/torgo_aai_features/F03/Session3/0094.npz,148,12,1|1|1|1|1|1|1|1|1|1|1|1,,head_audio_pos_same_start_100hz
F03,dysarthric,Session3,0095,data/processed/torgo_aai_features/F03/Session3/0095.npz,138,12,1|1|1|1|1|1|1|1|1|1|1|1,,head_audio_pos_same_start_100hz
F03,dysarthric,Session3,0096,data/processed/torgo_aai_features/F03/Session3/0096.npz,175,8,1|1|0|0|1|1|1|1|0|0|1|1,3|7,head_audio_pos_same_start_100hz
F03,dysarthric,Session3,0097,data/processed/torgo_aai_features/F03/Session3/0097.npz,314,12,1|1|1|1|1|1|1|1|1|1|1|1,,head_audio_pos_same_start_100hz
F03,dysarthric,Session3,0098,data/processed/torgo_aai_features/F03/Session3/0098.npz,219,12,1|1|1|1|1|1|1|1|1|1|1|1,,head_audio_pos_same_start_100hz
F03,dysarthric,Session3,0099,data/processed/torgo_aai_features/F03/Session3/0099.npz,220,12,1|1|1|1|1|1|1|1|1|1|1|1,,head_audio_pos_same_start_100hz
F03,dysarthric,Session3,0100,data/processed/torgo_aai_features/F03/Session3/0100.npz,157,12,1|1|1|1|1|1|1|1|1|1|1|1,,head_audio_pos_same_start_100hz
F03,dysarthric,Session3,0101,data/processed/torgo_aai_features/F03/Session3/0101.npz,262,12,1|1|1|1|1|1|1|1|1|1|1|1,,head_audio_pos_same_start_100hz
F03,dysarthric,Session3,0102,data/processed/torgo_aai_features/F03/Session3/0102.npz,364,12,1|1|1|1|1|1|1|1|1|1|1|1,,head_audio_pos_same_start_100hz
F03,dysarthric,Session3,0103,data/processed/torgo_aai_features/F03/Session3/0103.npz,229,12,1|1|1|1|1|1|1|1|1|1|1|1,,head_audio_pos_same_start_100hz
F03,dysarthric,Session3,0104,data/processed/torgo_aai_features/F03/Session3/0104.npz,164,12,1|1|1|1|1|1|1|1|1|1|1|1,,head_audio_pos_same_start_100hz
F03,dysarthric,Session3,0105,data/processed/torgo_aai_features/F03/Session3/0105.npz,265,12,1|1|1|1|1|1|1|1|1|1|1|1,,head_audio_pos_same_start_100hz
F03,dysarthric,Session3,0106,data/processed/torgo_aai_features/F03/Session3/0106.npz,169,12,1|1|1|1|1|1|1|1|1|1|1|1,,head_audio_pos_same_start_100hz
F03,dysarthric,Session3,0107,data/processed/torgo_aai_features/F03/Session3/0107.npz,298,12,1|1|1|1|1|1|1|1|1|1|1|1,,head_audio_pos_same_start_100hz
F03,dysarthric,Session3,0108,data/processed/torgo_aai_features/F03/Session3/0108.npz,164,12,1|1|1|1|1|1|1|1|1|1|1|1,,head_audio_pos_same_start_100hz
F03,dysarthric,Session3,0109,data/processed/torgo_aai_features/F03/Session3/0109.npz,141,12,1|1|1|1|1|1|1|1|1|1|1|1,,head_audio_pos_same_start_100hz
F03,dysarthric,Session3,0110,data/processed/torgo_aai_features/F03/Session3/0110.npz,183,12,1|1|1|1|1|1|1|1|1|1|1|1,,head_audio_pos_same_start_100hz
F03,dysarthric,Session3,0111,data/processed/torgo_aai_features/F03/Session3/0111.npz,138,12,1|1|1|1|1|1|1|1|1|1|1|1,,head_audio_pos_same_start_100hz
F03,dysarthric,Session3,0112,data/processed/torgo_aai_features/F03/Session3/0112.npz,173,12,1|1|1|1|1|1|1|1|1|1|1|1,,head_audio_pos_same_start_100hz
F03,dysarthric,Session3,0113,data/processed/torgo_aai_features/F03/Session3/0113.npz,176,12,1|1|1|1|1|1|1|1|1|1|1|1,,head_audio_pos_same_start_100hz
F03,dysarthric,Session3,0114,data/processed/torgo_aai_features/F03/Session3/0114.npz,168,12,1|1|1|1|1|1|1|1|1|1|1|1,,head_audio_pos_same_start_100hz
F03,dysarthric,Session3,0115,data/processed/torgo_aai_features/F03/Session3/0115.npz,160,12,1|1|1|1|1|1|1|1|1|1|1|1,,head_audio_pos_same_start_100hz
F03,dysarthric,Session3,0116,data/processed/torgo_aai_features/F03/Session3/0116.npz,128,12,1|1|1|1|1|1|1|1|1|1|1|1,,head_audio_pos_same_start_100hz
F03,dysarthric,Session3,0117,data/processed/torgo_aai_features/F03/Session3/0117.npz,398,12,1|1|1|1|1|1|1|1|1|1|1|1,,head_audio_pos_same_start_100hz
F03,dysarthric,Session3,0118,data/processed/torgo_aai_features/F03/Session3/0118.npz,401,12,1|1|1|1|1|1|1|1|1|1|1|1,,head_audio_pos_same_start_100hz
F03,dysarthric,Session3,0119,data/processed/torgo_aai_features/F03/Session3/0119.npz,470,12,1|1|1|1|1|1|1|1|1|1|1|1,,head_audio_pos_same_start_100hz
F03,dysarthric,Session3,0120,data/processed/torgo_aai_features/F03/Session3/0120.npz,134,10,1|1|1|0|1|1|1|1|1|0|1|1,3,head_audio_pos_same_start_100hz
F03,dysarthric,Session3,0121,data/processed/torgo_aai_features/F03/Session3/0121.npz,229,12,1|1|1|1|1|1|1|1|1|1|1|1,,head_audio_pos_same_start_100hz
F03,dysarthric,Session3,0122,data/processed/torgo_aai_features/F03/Session3/0122.npz,346,12,1|1|1|1|1|1|1|1|1|1|1|1,,head_audio_pos_same_start_100hz
F03,dysarthric,Session3,0123,data/processed/torgo_aai_features/F03/Session3/0123.npz,514,12,1|1|1|1|1|1|1|1|1|1|1|1,,head_audio_pos_same_start_100hz
F03,dysarthric,Session3,0124,data/processed/torgo_aai_features/F03/Session3/0124.npz,134,12,1|1|1|1|1|1|1|1|1|1|1|1,10,head_audio_pos_same_start_100hz
F03,dysarthric,Session3,0125,data/processed/torgo_aai_features/F03/Session3/0125.npz,207,10,1|1|1|0|1|1|1|1|1|0|1|1,3,head_audio_pos_same_start_100hz
F03,dysarthric,Session3,0126,data/processed/torgo_aai_features/F03/Session3/0126.npz,117,12,1|1|1|1|1|1|1|1|1|1|1|1,,head_audio_pos_same_start_100hz
F03,dysarthric,Session3,0127,data/processed/torgo_aai_features/F03/Session3/0127.npz,424,10,1|1|0|1|1|1|1|1|0|1|1|1,7,head_audio_pos_same_start_100hz
F03,dysarthric,Session3,0128,data/processed/torgo_aai_features/F03/Session3/0128.npz,147,12,1|1|1|1|1|1|1|1|1|1|1|1,,head_audio_pos_same_start_100hz
F03,dysarthric,Session3,0129,data/processed/torgo_aai_features/F03/Session3/0129.npz,135,12,1|1|1|1|1|1|1|1|1|1|1|1,,head_audio_pos_same_start_100hz
F03,dysarthric,Session3,0130,data/processed/torgo_aai_features/F03/Session3/0130.npz,310,12,1|1|1|1|1|1|1|1|1|1|1|1,,head_audio_pos_same_start_100hz
F03,dysarthric,Session3,0131,data/processed/torgo_aai_features/F03/Session3/0131.npz,112,10,1|1|1|0|1|1|1|1|1|0|1|1,3,head_audio_pos_same_start_100hz
F03,dysarthric,Session3,0132,data/processed/torgo_aai_features/F03/Session3/0132.npz,137,12,1|1|1|1|1|1|1|1|1|1|1|1,,head_audio_pos_same_start_100hz
F03,dysarthric,Session3,0133,data/processed/torgo_aai_features/F03/Session3/0133.npz,280,12,1|1|1|1|1|1|1|1|1|1|1|1,,head_audio_pos_same_start_100hz
F03,dysarthric,Session3,0134,data/processed/torgo_aai_features/F03/Session3/0134.npz,597,10,1|1|0|1|1|1|1|1|0|1|1|1,7|9,head_audio_pos_same_start_100hz
F03,dysarthric,Session3,0135,data/processed/torgo_aai_features/F03/Session3/0135.npz,542,10,1|1|0|1|1|1|1|1|0|1|1|1,7|9,head_audio_pos_same_start_100hz
F03,dysarthric,Session3,0136,data/processed/torgo_aai_features/F03/Session3/0136.npz,354,12,1|1|1|1|1|1|1|1|1|1|1|1,,head_audio_pos_same_start_100hz
F03,dysarthric,Session3,0137,data/processed/torgo_aai_features/F03/Session3/0137.npz,345,12,1|1|1|1|1|1|1|1|1|1|1|1,,head_audio_pos_same_start_100hz
F03,dysarthric,Session3,0138,data/processed/torgo_aai_features/F03/Session3/0138.npz,164,12,1|1|1|1|1|1|1|1|1|1|1|1,,head_audio_pos_same_start_100hz
F03,dysarthric,Session3,0139,data/processed/torgo_aai_features/F03/Session3/0139.npz,157,12,1|1|1|1|1|1|1|1|1|1|1|1,,head_audio_pos_same_start_100hz
F03,dysarthric,Session3,0140,data/processed/torgo_aai_features/F03/Session3/0140.npz,128,12,1|1|1|1|1|1|1|1|1|1|1|1,,head_audio_pos_same_start_100hz
F03,dysarthric,Session3,0141,data/processed/torgo_aai_features/F03/Session3/0141.npz,194,12,1|1|1|1|1|1|1|1|1|1|1|1,,head_audio_pos_same_start_100hz
F03,dysarthric,Session3,0142,data/processed/torgo_aai_features/F03/Session3/0142.npz,142,10,1|1|0|1|1|1|1|1|0|1|1|1,7,head_audio_pos_same_start_100hz
F03,dysarthric,Session3,0143,data/processed/torgo_aai_features/F03/Session3/0143.npz,169,12,1|1|1|1|1|1|1|1|1|1|1|1,,head_audio_pos_same_start_100hz
F03,dysarthric,Session3,0144,data/processed/torgo_aai_features/F03/Session3/0144.npz,158,12,1|1|1|1|1|1|1|1|1|1|1|1,,head_audio_pos_same_start_100hz
F03,dysarthric,Session3,0145,data/processed/torgo_aai_features/F03/Session3/0145.npz,142,12,1|1|1|1|1|1|1|1|1|1|1|1,,head_audio_pos_same_start_100hz
F03,dysarthric,Session3,0146,data/processed/torgo_aai_features/F03/Session3/0146.npz,130,12,1|1|1|1|1|1|1|1|1|1|1|1,,head_audio_pos_same_start_100hz
F03,dysarthric,Session3,0147,data/processed/torgo_aai_features/F03/Session3/0147.npz,134,12,1|1|1|1|1|1|1|1|1|1|1|1,,head_audio_pos_same_start_100hz
F03,dysarthric,Session3,0148,data/processed/torgo_aai_features/F03/Session3/0148.npz,90,12,1|1|1|1|1|1|1|1|1|1|1|1,,head_audio_pos_same_start_100hz
F03,dysarthric,Session3,0149,data/processed/torgo_aai_features/F03/Session3/0149.npz,210,12,1|1|1|1|1|1|1|1|1|1|1|1,,head_audio_pos_same_start_100hz
F03,dysarthric,Session3,0150,data/processed/torgo_aai_features/F03/Session3/0150.npz,1545,8,1|0|0|1|1|1|1|0|0|1|1|1,6|7,head_audio_pos_same_start_100hz
F03,dysarthric,Session3,0151,data/processed/torgo_aai_features/F03/Session3/0151.npz,172,12,1|1|1|1|1|1|1|1|1|1|1|1,,head_audio_pos_same_start_100hz
F03,dysarthric,Session3,0152,data/processed/torgo_aai_features/F03/Session3/0152.npz,153,10,1|1|0|1|1|1|1|1|0|1|1|1,7|9,head_audio_pos_same_start_100hz
F03,dysarthric,Session3,0153,data/processed/torgo_aai_features/F03/Session3/0153.npz,705,10,1|1|0|1|1|1|1|1|0|1|1|1,7,head_audio_pos_same_start_100hz
F03,dysarthric,Session3,0154,data/processed/torgo_aai_features/F03/Session3/0154.npz,221,12,1|1|1|1|1|1|1|1|1|1|1|1,,head_audio_pos_same_start_100hz
F03,dysarthric,Session3,0155,data/processed/torgo_aai_features/F03/Session3/0155.npz,207,12,1|1|1|1|1|1|1|1|1|1|1|1,,head_audio_pos_same_start_100hz
F03,dysarthric,Session3,0156,data/processed/torgo_aai_features/F03/Session3/0156.npz,186,12,1|1|1|1|1|1|1|1|1|1|1|1,,head_audio_pos_same_start_100hz
F03,dysarthric,Session3,0157,data/processed/torgo_aai_features/F03/Session3/0157.npz,120,12,1|1|1|1|1|1|1|1|1|1|1|1,,head_audio_pos_same_start_100hz
F03,dysarthric,Session3,0158,data/processed/torgo_aai_features/F03/Session3/0158.npz,191,12,1|1|1|1|1|1|1|1|1|1|1|1,,head_audio_pos_same_start_100hz
F03,dysarthric,Session3,0159,data/processed/torgo_aai_features/F03/Session3/0159.npz,134,12,1|1|1|1|1|1|1|1|1|1|1|1,,head_audio_pos_same_start_100hz
F03,dysarthric,Session3,0160,data/processed/torgo_aai_features/F03/Session3/0160.npz,122,12,1|1|1|1|1|1|1|1|1|1|1|1,,head_audio_pos_same_start_100hz
F03,dysarthric,Session3,0161,data/processed/torgo_aai_features/F03/Session3/0161.npz,132,12,1|1|1|1|1|1|1|1|1|1|1|1,,head_audio_pos_same_start_100hz
F03,dysarthric,Session3,0162,data/processed/torgo_aai_features/F03/Session3/0162.npz,325,12,1|1|1|1|1|1|1|1|1|1|1|1,10,head_audio_pos_same_start_100hz
F03,dysarthric,Session3,0163,data/processed/torgo_aai_features/F03/Session3/0163.npz,131,10,1|1|0|1|1|1|1|1|0|1|1|1,7,head_audio_pos_same_start_100hz
F03,dysarthric,Session3,0164,data/processed/torgo_aai_features/F03/Session3/0164.npz,148,10,1|1|0|1|1|1|1|1|0|1|1|1,7,head_audio_pos_same_start_100hz
F03,dysarthric,Session3,0165,data/processed/torgo_aai_features/F03/Session3/0165.npz,145,12,1|1|1|1|1|1|1|1|1|1|1|1,,head_audio_pos_same_start_100hz
F03,dysarthric,Session3,0166,data/processed/torgo_aai_features/F03/Session3/0166.npz,141,12,1|1|1|1|1|1|1|1|1|1|1|1,,head_audio_pos_same_start_100hz
F03,dysarthric,Session3,0167,data/processed/torgo_aai_features/F03/Session3/0167.npz,139,12,1|1|1|1|1|1|1|1|1|1|1|1,,head_audio_pos_same_start_100hz
F03,dysarthric,Session3,0168,data/processed/torgo_aai_features/F03/Session3/0168.npz,126,12,1|1|1|1|1|1|1|1|1|1|1|1,,head_audio_pos_same_start_100hz
F03,dysarthric,Session3,0169,data/processed/torgo_aai_features/F03/Session3/0169.npz,141,12,1|1|1|1|1|1|1|1|1|1|1|1,,head_audio_pos_same_start_100hz
F03,dysarthric,Session3,0170,data/processed/torgo_aai_features/F03/Session3/0170.npz,124,12,1|1|1|1|1|1|1|1|1|1|1|1,,head_audio_pos_same_start_100hz
F03,dysarthric,Session3,0171,data/processed/torgo_aai_features/F03/Session3/0171.npz,153,12,1|1|1|1|1|1|1|1|1|1|1|1,,head_audio_pos_same_start_100hz
F03,dysarthric,Session3,0172,data/processed/torgo_aai_features/F03/Session3/0172.npz,287,12,1|1|1|1|1|1|1|1|1|1|1|1,,head_audio_pos_same_start_100hz
F03,dysarthric,Session3,0173,data/processed/torgo_aai_features/F03/Session3/0173.npz,145,12,1|1|1|1|1|1|1|1|1|1|1|1,,head_audio_pos_same_start_100hz
F03,dysarthric,Session3,0174,data/processed/torgo_aai_features/F03/Session3/0174.npz,210,12,1|1|1|1|1|1|1|1|1|1|1|1,,head_audio_pos_same_start_100hz
F03,dysarthric,Session3,0175,data/processed/torgo_aai_features/F03/Session3/0175.npz,185,12,1|1|1|1|1|1|1|1|1|1|1|1,,head_audio_pos_same_start_100hz
F03,dysarthric,Session3,0176,data/processed/torgo_aai_features/F03/Session3/0176.npz,163,12,1|1|1|1|1|1|1|1|1|1|1|1,9,head_audio_pos_same_start_100hz
F03,dysarthric,Session3,0177,data/processed/torgo_aai_features/F03/Session3/0177.npz,32,12,1|1|1|1|1|1|1|1|1|1|1|1,,head_audio_pos_same_start_100hz
F03,dysarthric,Session3,0178,data/processed/torgo_aai_features/F03/Session3/0178.npz,263,12,1|1|1|1|1|1|1|1|1|1|1|1,,head_audio_pos_same_start_100hz
F03,dysarthric,Session3,0179,data/processed/torgo_aai_features/F03/Session3/0179.npz,261,12,1|1|1|1|1|1|1|1|1|1|1|1,,head_audio_pos_same_start_100hz
F03,dysarthric,Session3,0180,data/processed/torgo_aai_features/F03/Session3/0180.npz,136,12,1|1|1|1|1|1|1|1|1|1|1|1,9,head_audio_pos_same_start_100hz
F03,dysarthric,Session3,0181,data/processed/torgo_aai_features/F03/Session3/0181.npz,128,12,1|1|1|1|1|1|1|1|1|1|1|1,,head_audio_pos_same_start_100hz
F03,dysarthric,Session3,0182,data/processed/torgo_aai_features/F03/Session3/0182.npz,454,12,1|1|1|1|1|1|1|1|1|1|1|1,,head_audio_pos_same_start_100hz
F03,dysarthric,Session3,0183,data/processed/torgo_aai_features/F03/Session3/0183.npz,296,10,1|1|1|0|1|1|1|1|1|0|1|1,3|9,head_audio_pos_same_start_100hz
F03,dysarthric,Session3,0184,data/processed/torgo_aai_features/F03/Session3/0184.npz,254,12,1|1|1|1|1|1|1|1|1|1|1|1,,head_audio_pos_same_start_100hz
F03,dysarthric,Session3,0185,data/processed/torgo_aai_features/F03/Session3/0185.npz,125,12,1|1|1|1|1|1|1|1|1|1|1|1,,head_audio_pos_same_start_100hz
F03,dysarthric,Session3,0186,data/processed/torgo_aai_features/F03/Session3/0186.npz,204,12,1|1|1|1|1|1|1|1|1|1|1|1,,head_audio_pos_same_start_100hz
F03,dysarthric,Session3,0187,data/processed/torgo_aai_features/F03/Session3/0187.npz,148,12,1|1|1|1|1|1|1|1|1|1|1|1,,head_audio_pos_same_start_100hz
F03,dysarthric,Session3,0188,data/processed/torgo_aai_features/F03/Session3/0188.npz,264,12,1|1|1|1|1|1|1|1|1|1|1|1,,head_audio_pos_same_start_100hz
F03,dysarthric,Session3,0189,data/processed/torgo_aai_features/F03/Session3/0189.npz,148,12,1|1|1|1|1|1|1|1|1|1|1|1,9,head_audio_pos_same_start_100hz
F03,dysarthric,Session3,0190,data/processed/torgo_aai_features/F03/Session3/0190.npz,221,12,1|1|1|1|1|1|1|1|1|1|1|1,,head_audio_pos_same_start_100hz
F03,dysarthric,Session3,0191,data/processed/torgo_aai_features/F03/Session3/0191.npz,539,0,0|0|0|0|0|0|0|0|0|0|0|0,1|2|3|4|6|7|8|9|10|11,head_audio_pos_same_start_100hz
F03,dysarthric,Session3,0192,data/processed/torgo_aai_features/F03/Session3/0192.npz,445,10,1|1|0|1|1|1|1|1|0|1|1|1,7,head_audio_pos_same_start_100hz
F03,dysarthric,Session3,0193,data/processed/torgo_aai_features/F03/Session3/0193.npz,109,12,1|1|1|1|1|1|1|1|1|1|1|1,,head_audio_pos_same_start_100hz
F03,dysarthric,Session3,0194,data/processed/torgo_aai_features/F03/Session3/0194.npz,198,12,1|1|1|1|1|1|1|1|1|1|1|1,,head_audio_pos_same_start_100hz
F03,dysarthric,Session3,0195,data/processed/torgo_aai_features/F03/Session3/0195.npz,158,12,1|1|1|1|1|1|1|1|1|1|1|1,,head_audio_pos_same_start_100hz
F03,dysarthric,Session3,0196,data/processed/torgo_aai_features/F03/Session3/0196.npz,180,12,1|1|1|1|1|1|1|1|1|1|1|1,,head_audio_pos_same_start_100hz
F03,dysarthric,Session3,0197,data/processed/torgo_aai_features/F03/Session3/0197.npz,302,12,1|1|1|1|1|1|1|1|1|1|1|1,9,head_audio_pos_same_start_100hz
F03,dysarthric,Session3,0198,data/processed/torgo_aai_features/F03/Session3/0198.npz,154,12,1|1|1|1|1|1|1|1|1|1|1|1,,head_audio_pos_same_start_100hz
F03,dysarthric,Session3,0199,data/processed/torgo_aai_features/F03/Session3/0199.npz,449,10,1|1|0|1|1|1|1|1|0|1|1|1,7,head_audio_pos_same_start_100hz
F03,dysarthric,Session3,0200,data/processed/torgo_aai_features/F03/Session3/0200.npz,132,8,1|1|0|0|1|1|1|1|0|0|1|1,3|7,head_audio_pos_same_start_100hz
F03,dysarthric,Session3,0201,data/processed/torgo_aai_features/F03/Session3/0201.npz,154,10,1|1|1|0|1|1|1|1|1|0|1|1,3,head_audio_pos_same_start_100hz
F03,dysarthric,Session3,0202,data/processed/torgo_aai_features/F03/Session3/0202.npz,157,12,1|1|1|1|1|1|1|1|1|1|1|1,,head_audio_pos_same_start_100hz
F03,dysarthric,Session3,0203,data/processed/torgo_aai_features/F03/Session3/0203.npz,199,12,1|1|1|1|1|1|1|1|1|1|1|1,,head_audio_pos_same_start_100hz
F03,dysarthric,Session3,0204,data/processed/torgo_aai_features/F03/Session3/0204.npz,151,12,1|1|1|1|1|1|1|1|1|1|1|1,,head_audio_pos_same_start_100hz
F03,dysarthric,Session3,0205,data/processed/torgo_aai_features/F03/Session3/0205.npz,129,12,1|1|1|1|1|1|1|1|1|1|1|1,,head_audio_pos_same_start_100hz
F03,dysarthric,Session3,0206,data/processed/torgo_aai_features/F03/Session3/0206.npz,140,12,1|1|1|1|1|1|1|1|1|1|1|1,,head_audio_pos_same_start_100hz
F03,dysarthric,Session3,0207,data/processed/torgo_aai_features/F03/Session3/0207.npz,124,12,1|1|1|1|1|1|1|1|1|1|1|1,,head_audio_pos_same_start_100hz
F03,dysarthric,Session3,0208,data/processed/torgo_aai_features/F03/Session3/0208.npz,130,12,1|1|1|1|1|1|1|1|1|1|1|1,,head_audio_pos_same_start_100hz
F03,dysarthric,Session3,0209,data/processed/torgo_aai_features/F03/Session3/0209.npz,705,10,1|1|1|0|1|1|1|1|1|0|1|1,3,head_audio_pos_same_start_100hz
F03,dysarthric,Session3,0210,data/processed/torgo_aai_features/F03/Session3/0210.npz,126,12,1|1|1|1|1|1|1|1|1|1|1|1,,head_audio_pos_same_start_100hz
F03,dysarthric,Session3,0211,data/processed/torgo_aai_features/F03/Session3/0211.npz,153,10,1|1|0|1|1|1|1|1|0|1|1|1,7,head_audio_pos_same_start_100hz
F03,dysarthric,Session3,0212,data/processed/torgo_aai_features/F03/Session3/0212.npz,65,10,1|1|1|0|1|1|1|1|1|0|1|1,3,head_audio_pos_same_start_100hz
F03,dysarthric,Session3,0213,data/processed/torgo_aai_features/F03/Session3/0213.npz,755,6,0|0|0|1|1|1|0|0|0|1|1|1,6|7|8|10,head_audio_pos_same_start_100hz
F03,dysarthric,Session3,0214,data/processed/torgo_aai_features/F03/Session3/0214.npz,275,10,1|1|1|0|1|1|1|1|1|0|1|1,3|9|10,head_audio_pos_same_start_100hz
F04,dysarthric,Session2,0001,data/processed/torgo_aai_features/F04/Session2/0001.npz,256,12,1|1|1|1|1|1|1|1|1|1|1|1,,head_audio_pos_same_start_100hz
F04,dysarthric,Session2,0002,data/processed/torgo_aai_features/F04/Session2/0002.npz,507,12,1|1|1|1|1|1|1|1|1|1|1|1,,head_audio_pos_same_start_100hz
F04,dysarthric,Session2,0003,data/processed/torgo_aai_features/F04/Session2/0003.npz,178,12,1|1|1|1|1|1|1|1|1|1|1|1,,head_audio_pos_same_start_100hz
F04,dysarthric,Session2,0004,data/processed/torgo_aai_features/F04/Session2/0004.npz,476,12,1|1|1|1|1|1|1|1|1|1|1|1,,head_audio_pos_same_start_100hz
F04,dysarthric,Session2,0005,data/processed/torgo_aai_features/F04/Session2/0005.npz,365,12,1|1|1|1|1|1|1|1|1|1|1|1,,head_audio_pos_same_start_100hz
F04,dysarthric,Session2,0006,data/processed/torgo_aai_features/F04/Session2/0006.npz,174,12,1|1|1|1|1|1|1|1|1|1|1|1,,head_audio_pos_same_start_100hz
F04,dysarthric,Session2,0007,data/processed/torgo_aai_features/F04/Session2/0007.npz,175,12,1|1|1|1|1|1|1|1|1|1|1|1,10,head_audio_pos_same_start_100hz
F04,dysarthric,Session2,0008,data/processed/torgo_aai_features/F04/Session2/0008.npz,329,12,1|1|1|1|1|1|1|1|1|1|1|1,10,head_audio_pos_same_start_100hz
F04,dysarthric,Session2,0009,data/processed/torgo_aai_features/F04/Session2/0009.npz,527,10,1|1|1|1|0|1|1|1|1|1|0|1,2|10,head_audio_pos_same_start_100hz
F04,dysarthric,Session2,0010,data/processed/torgo_aai_features/F04/Session2/0010.npz,231,12,1|1|1|1|1|1|1|1|1|1|1|1,,head_audio_pos_same_start_100hz
F04,dysarthric,Session2,0011,data/processed/torgo_aai_features/F04/Session2/0011.npz,283,12,1|1|1|1|1|1|1|1|1|1|1|1,,head_audio_pos_same_start_100hz
F04,dysarthric,Session2,0012,data/processed/torgo_aai_features/F04/Session2/0012.npz,385,12,1|1|1|1|1|1|1|1|1|1|1|1,,head_audio_pos_same_start_100hz
F04,dysarthric,Session2,0013,data/processed/torgo_aai_features/F04/Session2/0013.npz,454,12,1|1|1|1|1|1|1|1|1|1|1|1,,head_audio_pos_same_start_100hz
F04,dysarthric,Session2,0014,data/processed/torgo_aai_features/F04/Session2/0014.npz,317,12,1|1|1|1|1|1|1|1|1|1|1|1,10,head_audio_pos_same_start_100hz
F04,dysarthric,Session2,0015,data/processed/torgo_aai_features/F04/Session2/0015.npz,235,12,1|1|1|1|1|1|1|1|1|1|1|1,,head_audio_pos_same_start_100hz
F04,dysarthric,Session2,0016,data/processed/torgo_aai_features/F04/Session2/0016.npz,275,12,1|1|1|1|1|1|1|1|1|1|1|1,,head_audio_pos_same_start_100hz
F04,dysarthric,Session2,0017,data/processed/torgo_aai_features/F04/Session2/0017.npz,236,12,1|1|1|1|1|1|1|1|1|1|1|1,,head_audio_pos_same_start_100hz
F04,dysarthric,Session2,0018,data/processed/torgo_aai_features/F04/Session2/0018.npz,201,12,1|1|1|1|1|1|1|1|1|1|1|1,,head_audio_pos_same_start_100hz
F04,dysarthric,Session2,0019,data/processed/torgo_aai_features/F04/Session2/0019.npz,445,12,1|1|1|1|1|1|1|1|1|1|1|1,,head_audio_pos_same_start_100hz
F04,dysarthric,Session2,0020,data/processed/torgo_aai_features/F04/Session2/0020.npz,314,10,1|1|1|1|0|1|1|1|1|1|0|1,2,head_audio_pos_same_start_100hz
F04,dysarthric,Session2,0021,data/processed/torgo_aai_features/F04/Session2/0021.npz,216,12,1|1|1|1|1|1|1|1|1|1|1|1,,head_audio_pos_same_start_100hz
F04,dysarthric,Session2,0022,data/processed/torgo_aai_features/F04/Session2/0022.npz,190,12,1|1|1|1|1|1|1|1|1|1|1|1,,head_audio_pos_same_start_100hz
F04,dysarthric,Session2,0023,data/processed/torgo_aai_features/F04/Session2/0023.npz,206,12,1|1|1|1|1|1|1|1|1|1|1|1,,head_audio_pos_same_start_100hz
F04,dysarthric,Session2,0024,data/processed/torgo_aai_features/F04/Session2/0024.npz,353,12,1|1|1|1|1|1|1|1|1|1|1|1,,head_audio_pos_same_start_100hz
F04,dysarthric,Session2,0025,data/processed/torgo_aai_features/F04/Session2/0025.npz,346,12,1|1|1|1|1|1|1|1|1|1|1|1,,head_audio_pos_same_start_100hz
F04,dysarthric,Session2,0026,data/processed/torgo_aai_features/F04/Session2/0026.npz,218,12,1|1|1|1|1|1|1|1|1|1|1|1,,head_audio_pos_same_start_100hz
F04,dysarthric,Session2,0027,data/processed/torgo_aai_features/F04/Session2/0027.npz,243,12,1|1|1|1|1|1|1|1|1|1|1|1,,head_audio_pos_same_start_100hz
F04,dysarthric,Session2,0028,data/processed/torgo_aai_features/F04/Session2/0028.npz,457,10,1|1|1|1|0|1|1|1|1|1|0|1,2|10,head_audio_pos_same_start_100hz
F04,dysarthric,Session2,0029,data/processed/torgo_aai_features/F04/Session2/0029.npz,299,12,1|1|1|1|1|1|1|1|1|1|1|1,,head_audio_pos_same_start_100hz
F04,dysarthric,Session2,0030,data/processed/torgo_aai_features/F04/Session2/0030.npz,196,12,1|1|1|1|1|1|1|1|1|1|1|1,,head_audio_pos_same_start_100hz
F04,dysarthric,Session2,0031,data/processed/torgo_aai_features/F04/Session2/0031.npz,278,12,1|1|1|1|1|1|1|1|1|1|1|1,10,head_audio_pos_same_start_100hz
F04,dysarthric,Session2,0032,data/processed/torgo_aai_features/F04/Session2/0032.npz,446,12,1|1|1|1|1|1|1|1|1|1|1|1,10,head_audio_pos_same_start_100hz
F04,dysarthric,Session2,0033,data/processed/torgo_aai_features/F04/Session2/0033.npz,199,12,1|1|1|1|1|1|1|1|1|1|1|1,,head_audio_pos_same_start_100hz
F04,dysarthric,Session2,0034,data/processed/torgo_aai_features/F04/Session2/0034.npz,282,12,1|1|1|1|1|1|1|1|1|1|1|1,,head_audio_pos_same_start_100hz
F04,dysarthric,Session2,0035,data/processed/torgo_aai_features/F04/Session2/0035.npz,275,12,1|1|1|1|1|1|1|1|1|1|1|1,,head_audio_pos_same_start_100hz
F04,dysarthric,Session2,0036,data/processed/torgo_aai_features/F04/Session2/0036.npz,669,12,1|1|1|1|1|1|1|1|1|1|1|1,,head_audio_pos_same_start_100hz
F04,dysarthric,Session2,0037,data/processed/torgo_aai_features/F04/Session2/0037.npz,207,10,1|1|1|1|1|0|1|1|1|1|1|0,1,head_audio_pos_same_start_100hz
F04,dysarthric,Session2,0038,data/processed/torgo_aai_features/F04/Session2/0038.npz,223,12,1|1|1|1|1|1|1|1|1|1|1|1,,head_audio_pos_same_start_100hz
F04,dysarthric,Session2,0039,data/processed/torgo_aai_features/F04/Session2/0039.npz,354,12,1|1|1|1|1|1|1|1|1|1|1|1,,head_audio_pos_same_start_100hz
F04,dysarthric,Session2,0040,data/processed/torgo_aai_features/F04/Session2/0040.npz,285,12,1|1|1|1|1|1|1|1|1|1|1|1,,head_audio_pos_same_start_100hz
F04,dysarthric,Session2,0041,data/processed/torgo_aai_features/F04/Session2/0041.npz,461,12,1|1|1|1|1|1|1|1|1|1|1|1,,head_audio_pos_same_start_100hz
F04,dysarthric,Session2,0042,data/processed/torgo_aai_features/F04/Session2/0042.npz,482,12,1|1|1|1|1|1|1|1|1|1|1|1,,head_audio_pos_same_start_100hz
F04,dysarthric,Session2,0043,data/processed/torgo_aai_features/F04/Session2/0043.npz,227,12,1|1|1|1|1|1|1|1|1|1|1|1,10,head_audio_pos_same_start_100hz
F04,dysarthric,Session2,0044,data/processed/torgo_aai_features/F04/Session2/0044.npz,313,12,1|1|1|1|1|1|1|1|1|1|1|1,,head_audio_pos_same_start_100hz
F04,dysarthric,Session2,0045,data/processed/torgo_aai_features/F04/Session2/0045.npz,237,10,1|1|1|1|1|0|1|1|1|1|1|0,1,head_audio_pos_same_start_100hz
F04,dysarthric,Session2,0046,data/processed/torgo_aai_features/F04/Session2/0046.npz,195,12,1|1|1|1|1|1|1|1|1|1|1|1,,head_audio_pos_same_start_100hz
F04,dysarthric,Session2,0047,data/processed/torgo_aai_features/F04/Session2/0047.npz,554,10,1|1|1|0|1|1|1|1|1|0|1|1,3,head_audio_pos_same_start_100hz
F04,dysarthric,Session2,0048,data/processed/torgo_aai_features/F04/Session2/0048.npz,275,12,1|1|1|1|1|1|1|1|1|1|1|1,,head_audio_pos_same_start_100hz
F04,dysarthric,Session2,0049,data/processed/torgo_aai_features/F04/Session2/0049.npz,477,12,1|1|1|1|1|1|1|1|1|1|1|1,,head_audio_pos_same_start_100hz
F04,dysarthric,Session2,0050,data/processed/torgo_aai_features/F04/Session2/0050.npz,377,12,1|1|1|1|1|1|1|1|1|1|1|1,,head_audio_pos_same_start_100hz
F04,dysarthric,Session2,0051,data/processed/torgo_aai_features/F04/Session2/0051.npz,312,12,1|1|1|1|1|1|1|1|1|1|1|1,,head_audio_pos_same_start_100hz
F04,dysarthric,Session2,0052,data/processed/torgo_aai_features/F04/Session2/0052.npz,464,8,1|1|1|0|1|0|1|1|1|0|1|0,1|3,head_audio_pos_same_start_100hz
F04,dysarthric,Session2,0053,data/processed/torgo_aai_features/F04/Session2/0053.npz,644,10,1|1|1|1|1|0|1|1|1|1|1|0,1,head_audio_pos_same_start_100hz
F04,dysarthric,Session2,0054,data/processed/torgo_aai_features/F04/Session2/0054.npz,382,10,1|1|1|0|1|1|1|1|1|0|1|1,3,head_audio_pos_same_start_100hz
F04,dysarthric,Session2,0055,data/processed/torgo_aai_features/F04/Session2/0055.npz,452,12,1|1|1|1|1|1|1|1|1|1|1|1,,head_audio_pos_same_start_100hz
F04,dysarthric,Session2,0056,data/processed/torgo_aai_features/F04/Session2/0056.npz,282,12,1|1|1|1|1|1|1|1|1|1|1|1,,head_audio_pos_same_start_100hz
F04,dysarthric,Session2,0057,data/processed/torgo_aai_features/F04/Session2/0057.npz,557,12,1|1|1|1|1|1|1|1|1|1|1|1,,head_audio_pos_same_start_100hz
F04,dysarthric,Session2,0058,data/processed/torgo_aai_features/F04/Session2/0058.npz,691,8,1|1|1|0|0|1|1|1|1|0|0|1,2|3,head_audio_pos_same_start_100hz
F04,dysarthric,Session2,0059,data/processed/torgo_aai_features/F04/Session2/0059.npz,219,12,1|1|1|1|1|1|1|1|1|1|1|1,,head_audio_pos_same_start_100hz
F04,dysarthric,Session2,0060,data/processed/torgo_aai_features/F04/Session2/0060.npz,181,12,1|1|1|1|1|1|1|1|1|1|1|1,,head_audio_pos_same_start_100hz
F04,dysarthric,Session2,0061,data/processed/torgo_aai_features/F04/Session2/0061.npz,257,12,1|1|1|1|1|1|1|1|1|1|1|1,,head_audio_pos_same_start_100hz
F04,dysarthric,Session2,0062,data/processed/torgo_aai_features/F04/Session2/0062.npz,626,10,1|1|1|0|1|1|1|1|1|0|1|1,3,head_audio_pos_same_start_100hz
F04,dysarthric,Session2,0063,data/processed/torgo_aai_features/F04/Session2/0063.npz,179,12,1|1|1|1|1|1|1|1|1|1|1|1,,head_audio_pos_same_start_100hz
F04,dysarthric,Session2,0064,data/processed/torgo_aai_features/F04/Session2/0064.npz,290,12,1|1|1|1|1|1|1|1|1|1|1|1,,head_audio_pos_same_start_100hz
F04,dysarthric,Session2,0065,data/processed/torgo_aai_features/F04/Session2/0065.npz,250,10,1|1|1|0|1|1|1|1|1|0|1|1,3,head_audio_pos_same_start_100hz
F04,dysarthric,Session2,0066,data/processed/torgo_aai_features/F04/Session2/0066.npz,446,10,1|1|1|0|1|1|1|1|1|0|1|1,3,head_audio_pos_same_start_100hz
F04,dysarthric,Session2,0067,data/processed/torgo_aai_features/F04/Session2/0067.npz,280,10,1|1|1|1|0|1|1|1|1|1|0|1,2,head_audio_pos_same_start_100hz
F04,dysarthric,Session2,0068,data/processed/torgo_aai_features/F04/Session2/0068.npz,363,12,1|1|1|1|1|1|1|1|1|1|1|1,,head_audio_pos_same_start_100hz
F04,dysarthric,Session2,0069,data/processed/torgo_aai_features/F04/Session2/0069.npz,249,12,1|1|1|1|1|1|1|1|1|1|1|1,,head_audio_pos_same_start_100hz
F04,dysarthric,Session2,0070,data/processed/torgo_aai_features/F04/Session2/0070.npz,234,12,1|1|1|1|1|1|1|1|1|1|1|1,,head_audio_pos_same_start_100hz
F04,dysarthric,Session2,0071,data/processed/torgo_aai_features/F04/Session2/0071.npz,252,12,1|1|1|1|1|1|1|1|1|1|1|1,,head_audio_pos_same_start_100hz
F04,dysarthric,Session2,0072,data/processed/torgo_aai_features/F04/Session2/0072.npz,633,10,1|1|0|1|1|1|1|1|0|1|1|1,7,head_audio_pos_same_start_100hz
F04,dysarthric,Session2,0073,data/processed/torgo_aai_features/F04/Session2/0073.npz,355,12,1|1|1|1|1|1|1|1|1|1|1|1,,head_audio_pos_same_start_100hz
F04,dysarthric,Session2,0074,data/processed/torgo_aai_features/F04/Session2/0074.npz,257,12,1|1|1|1|1|1|1|1|1|1|1|1,,head_audio_pos_same_start_100hz
F04,dysarthric,Session2,0075,data/processed/torgo_aai_features/F04/Session2/0075.npz,280,12,1|1|1|1|1|1|1|1|1|1|1|1,,head_audio_pos_same_start_100hz
F04,dysarthric,Session2,0076,data/processed/torgo_aai_features/F04/Session2/0076.npz,202,12,1|1|1|1|1|1|1|1|1|1|1|1,,head_audio_pos_same_start_100hz
F04,dysarthric,Session2,0077,data/processed/torgo_aai_features/F04/Session2/0077.npz,239,12,1|1|1|1|1|1|1|1|1|1|1|1,,head_audio_pos_same_start_100hz
F04,dysarthric,Session2,0078,data/processed/torgo_aai_features/F04/Session2/0078.npz,210,12,1|1|1|1|1|1|1|1|1|1|1|1,,head_audio_pos_same_start_100hz
F04,dysarthric,Session2,0079,data/processed/torgo_aai_features/F04/Session2/0079.npz,472,12,1|1|1|1|1|1|1|1|1|1|1|1,10,head_audio_pos_same_start_100hz
F04,dysarthric,Session2,0080,data/processed/torgo_aai_features/F04/Session2/0080.npz,219,12,1|1|1|1|1|1|1|1|1|1|1|1,10,head_audio_pos_same_start_100hz
F04,dysarthric,Session2,0081,data/processed/torgo_aai_features/F04/Session2/0081.npz,240,12,1|1|1|1|1|1|1|1|1|1|1|1,10,head_audio_pos_same_start_100hz
F04,dysarthric,Session2,0082,data/processed/torgo_aai_features/F04/Session2/0082.npz,308,12,1|1|1|1|1|1|1|1|1|1|1|1,,head_audio_pos_same_start_100hz
F04,dysarthric,Session2,0083,data/processed/torgo_aai_features/F04/Session2/0083.npz,525,12,1|1|1|1|1|1|1|1|1|1|1|1,10,head_audio_pos_same_start_100hz
F04,dysarthric,Session2,0084,data/processed/torgo_aai_features/F04/Session2/0084.npz,235,12,1|1|1|1|1|1|1|1|1|1|1|1,10,head_audio_pos_same_start_100hz
F04,dysarthric,Session2,0085,data/processed/torgo_aai_features/F04/Session2/0085.npz,482,12,1|1|1|1|1|1|1|1|1|1|1|1,,head_audio_pos_same_start_100hz
F04,dysarthric,Session2,0086,data/processed/torgo_aai_features/F04/Session2/0086.npz,214,12,1|1|1|1|1|1|1|1|1|1|1|1,,head_audio_pos_same_start_100hz
F04,dysarthric,Session2,0087,data/processed/torgo_aai_features/F04/Session2/0087.npz,177,12,1|1|1|1|1|1|1|1|1|1|1|1,10,head_audio_pos_same_start_100hz
F04,dysarthric,Session2,0088,data/processed/torgo_aai_features/F04/Session2/0088.npz,444,12,1|1|1|1|1|1|1|1|1|1|1|1,10,head_audio_pos_same_start_100hz
F04,dysarthric,Session2,0089,data/processed/torgo_aai_features/F04/Session2/0089.npz,197,12,1|1|1|1|1|1|1|1|1|1|1|1,10,head_audio_pos_same_start_100hz
F04,dysarthric,Session2,0090,data/processed/torgo_aai_features/F04/Session2/0090.npz,337,12,1|1|1|1|1|1|1|1|1|1|1|1,10,head_audio_pos_same_start_100hz
F04,dysarthric,Session2,0091,data/processed/torgo_aai_features/F04/Session2/0091.npz,293,12,1|1|1|1|1|1|1|1|1|1|1|1,,head_audio_pos_same_start_100hz
F04,dysarthric,Session2,0092,data/processed/torgo_aai_features/F04/Session2/0092.npz,233,10,1|1|0|1|1|1|1|1|0|1|1|1,7,head_audio_pos_same_start_100hz
F04,dysarthric,Session2,0093,data/processed/torgo_aai_features/F04/Session2/0093.npz,305,10,1|1|0|1|1|1|1|1|0|1|1|1,7,head_audio_pos_same_start_100hz
F04,dysarthric,Session2,0094,data/processed/torgo_aai_features/F04/Session2/0094.npz,262,12,1|1|1|1|1|1|1|1|1|1|1|1,,head_audio_pos_same_start_100hz
F04,dysarthric,Session2,0095,data/processed/torgo_aai_features/F04/Session2/0095.npz,251,12,1|1|1|1|1|1|1|1|1|1|1|1,10,head_audio_pos_same_start_100hz
F04,dysarthric,Session2,0096,data/processed/torgo_aai_features/F04/Session2/0096.npz,559,12,1|1|1|1|1|1|1|1|1|1|1|1,,head_audio_pos_same_start_100hz
F04,dysarthric,Session2,0097,data/processed/torgo_aai_features/F04/Session2/0097.npz,314,12,1|1|1|1|1|1|1|1|1|1|1|1,,head_audio_pos_same_start_100hz
F04,dysarthric,Session2,0098,data/processed/torgo_aai_features/F04/Session2/0098.npz,235,12,1|1|1|1|1|1|1|1|1|1|1|1,,head_audio_pos_same_start_100hz
F04,dysarthric,Session2,0099,data/processed/torgo_aai_features/F04/Session2/0099.npz,495,12,1|1|1|1|1|1|1|1|1|1|1|1,,head_audio_pos_same_start_100hz
F04,dysarthric,Session2,0100,data/processed/torgo_aai_features/F04/Session2/0100.npz,324,12,1|1|1|1|1|1|1|1|1|1|1|1,,head_audio_pos_same_start_100hz
F04,dysarthric,Session2,0101,data/processed/torgo_aai_features/F04/Session2/0101.npz,555,12,1|1|1|1|1|1|1|1|1|1|1|1,,head_audio_pos_same_start_100hz
F04,dysarthric,Session2,0102,data/processed/torgo_aai_features/F04/Session2/0102.npz,246,12,1|1|1|1|1|1|1|1|1|1|1|1,,head_audio_pos_same_start_100hz
F04,dysarthric,Session2,0103,data/processed/torgo_aai_features/F04/Session2/0103.npz,586,12,1|1|1|1|1|1|1|1|1|1|1|1,,head_audio_pos_same_start_100hz
F04,dysarthric,Session2,0104,data/processed/torgo_aai_features/F04/Session2/0104.npz,438,12,1|1|1|1|1|1|1|1|1|1|1|1,10,head_audio_pos_same_start_100hz
F04,dysarthric,Session2,0105,data/processed/torgo_aai_features/F04/Session2/0105.npz,337,12,1|1|1|1|1|1|1|1|1|1|1|1,,head_audio_pos_same_start_100hz
F04,dysarthric,Session2,0106,data/processed/torgo_aai_features/F04/Session2/0106.npz,294,12,1|1|1|1|1|1|1|1|1|1|1|1,,head_audio_pos_same_start_100hz
F04,dysarthric,Session2,0107,data/processed/torgo_aai_features/F04/Session2/0107.npz,319,12,1|1|1|1|1|1|1|1|1|1|1|1,,head_audio_pos_same_start_100hz
F04,dysarthric,Session2,0108,data/processed/torgo_aai_features/F04/Session2/0108.npz,454,12,1|1|1|1|1|1|1|1|1|1|1|1,,head_audio_pos_same_start_100hz
F04,dysarthric,Session2,0109,data/processed/torgo_aai_features/F04/Session2/0109.npz,384,12,1|1|1|1|1|1|1|1|1|1|1|1,,head_audio_pos_same_start_100hz
F04,dysarthric,Session2,0110,data/processed/torgo_aai_features/F04/Session2/0110.npz,265,12,1|1|1|1|1|1|1|1|1|1|1|1,,head_audio_pos_same_start_100hz
F04,dysarthric,Session2,0111,data/processed/torgo_aai_features/F04/Session2/0111.npz,276,12,1|1|1|1|1|1|1|1|1|1|1|1,,head_audio_pos_same_start_100hz
F04,dysarthric,Session2,0112,data/processed/torgo_aai_features/F04/Session2/0112.npz,267,12,1|1|1|1|1|1|1|1|1|1|1|1,,head_audio_pos_same_start_100hz
F04,dysarthric,Session2,0113,data/processed/torgo_aai_features/F04/Session2/0113.npz,213,12,1|1|1|1|1|1|1|1|1|1|1|1,,head_audio_pos_same_start_100hz
F04,dysarthric,Session2,0114,data/processed/torgo_aai_features/F04/Session2/0114.npz,218,12,1|1|1|1|1|1|1|1|1|1|1|1,10,head_audio_pos_same_start_100hz
F04,dysarthric,Session2,0115,data/processed/torgo_aai_features/F04/Session2/0115.npz,971,12,1|1|1|1|1|1|1|1|1|1|1|1,,head_audio_pos_same_start_100hz
F04,dysarthric,Session2,0116,data/processed/torgo_aai_features/F04/Session2/0116.npz,254,12,1|1|1|1|1|1|1|1|1|1|1|1,,head_audio_pos_same_start_100hz
F04,dysarthric,Session2,0117,data/processed/torgo_aai_features/F04/Session2/0117.npz,208,12,1|1|1|1|1|1|1|1|1|1|1|1,10,head_audio_pos_same_start_100hz
F04,dysarthric,Session2,0118,data/processed/torgo_aai_features/F04/Session2/0118.npz,420,10,1|1|1|0|1|1|1|1|1|0|1|1,3|10,head_audio_pos_same_start_100hz
F04,dysarthric,Session2,0119,data/processed/torgo_aai_features/F04/Session2/0119.npz,724,12,1|1|1|1|1|1|1|1|1|1|1|1,10,head_audio_pos_same_start_100hz
F04,dysarthric,Session2,0120,data/processed/torgo_aai_features/F04/Session2/0120.npz,535,12,1|1|1|1|1|1|1|1|1|1|1|1,10,head_audio_pos_same_start_100hz
F04,dysarthric,Session2,0121,data/processed/torgo_aai_features/F04/Session2/0121.npz,176,12,1|1|1|1|1|1|1|1|1|1|1|1,,head_audio_pos_same_start_100hz
F04,dysarthric,Session2,0122,data/processed/torgo_aai_features/F04/Session2/0122.npz,332,12,1|1|1|1|1|1|1|1|1|1|1|1,10,head_audio_pos_same_start_100hz
F04,dysarthric,Session2,0123,data/processed/torgo_aai_features/F04/Session2/0123.npz,307,12,1|1|1|1|1|1|1|1|1|1|1|1,,head_audio_pos_same_start_100hz
F04,dysarthric,Session2,0124,data/processed/torgo_aai_features/F04/Session2/0124.npz,208,12,1|1|1|1|1|1|1|1|1|1|1|1,10,head_audio_pos_same_start_100hz
F04,dysarthric,Session2,0125,data/processed/torgo_aai_features/F04/Session2/0125.npz,216,12,1|1|1|1|1|1|1|1|1|1|1|1,,head_audio_pos_same_start_100hz
F04,dysarthric,Session2,0126,data/processed/torgo_aai_features/F04/Session2/0126.npz,447,12,1|1|1|1|1|1|1|1|1|1|1|1,10,head_audio_pos_same_start_100hz
F04,dysarthric,Session2,0127,data/processed/torgo_aai_features/F04/Session2/0127.npz,497,12,1|1|1|1|1|1|1|1|1|1|1|1,,head_audio_pos_same_start_100hz
F04,dysarthric,Session2,0128,data/processed/torgo_aai_features/F04/Session2/0128.npz,546,12,1|1|1|1|1|1|1|1|1|1|1|1,,head_audio_pos_same_start_100hz
F04,dysarthric,Session2,0129,data/processed/torgo_aai_features/F04/Session2/0129.npz,1055,10,1|1|1|1|0|1|1|1|1|1|0|1,2|10,head_audio_pos_same_start_100hz
F04,dysarthric,Session2,0130,data/processed/torgo_aai_features/F04/Session2/0130.npz,256,12,1|1|1|1|1|1|1|1|1|1|1|1,,head_audio_pos_same_start_100hz
F04,dysarthric,Session2,0131,data/processed/torgo_aai_features/F04/Session2/0131.npz,277,12,1|1|1|1|1|1|1|1|1|1|1|1,10,head_audio_pos_same_start_100hz
F04,dysarthric,Session2,0132,data/processed/torgo_aai_features/F04/Session2/0132.npz,339,12,1|1|1|1|1|1|1|1|1|1|1|1,,head_audio_pos_same_start_100hz
F04,dysarthric,Session2,0133,data/processed/torgo_aai_features/F04/Session2/0133.npz,352,12,1|1|1|1|1|1|1|1|1|1|1|1,10,head_audio_pos_same_start_100hz
F04,dysarthric,Session2,0134,data/processed/torgo_aai_features/F04/Session2/0134.npz,333,10,1|1|1|1|0|1|1|1|1|1|0|1,2,head_audio_pos_same_start_100hz
F04,dysarthric,Session2,0135,data/processed/torgo_aai_features/F04/Session2/0135.npz,347,12,1|1|1|1|1|1|1|1|1|1|1|1,10,head_audio_pos_same_start_100hz
F04,dysarthric,Session2,0136,data/processed/torgo_aai_features/F04/Session2/0136.npz,352,12,1|1|1|1|1|1|1|1|1|1|1|1,10,head_audio_pos_same_start_100hz
F04,dysarthric,Session2,0137,data/processed/torgo_aai_features/F04/Session2/0137.npz,222,12,1|1|1|1|1|1|1|1|1|1|1|1,10,head_audio_pos_same_start_100hz
F04,dysarthric,Session2,0138,data/processed/torgo_aai_features/F04/Session2/0138.npz,509,12,1|1|1|1|1|1|1|1|1|1|1|1,10,head_audio_pos_same_start_100hz
F04,dysarthric,Session2,0139,data/processed/torgo_aai_features/F04/Session2/0139.npz,458,10,1|1|1|0|1|1|1|1|1|0|1|1,3,head_audio_pos_same_start_100hz
F04,dysarthric,Session2,0140,data/processed/torgo_aai_features/F04/Session2/0140.npz,473,8,1|1|1|1|0|0|1|1|1|1|0|0,1|2,head_audio_pos_same_start_100hz
F04,dysarthric,Session2,0141,data/processed/torgo_aai_features/F04/Session2/0141.npz,348,10,1|1|1|0|1|1|1|1|1|0|1|1,3,head_audio_pos_same_start_100hz
F04,dysarthric,Session2,0142,data/processed/torgo_aai_features/F04/Session2/0142.npz,234,12,1|1|1|1|1|1|1|1|1|1|1|1,,head_audio_pos_same_start_100hz
F04,dysarthric,Session2,0143,data/processed/torgo_aai_features/F04/Session2/0143.npz,740,10,1|0|1|1|1|1|1|0|1|1|1|1,6,head_audio_pos_same_start_100hz
F04,dysarthric,Session2,0144,data/processed/torgo_aai_features/F04/Session2/0144.npz,647,8,1|1|1|1|0|0|1|1|1|1|0|0,1|2,head_audio_pos_same_start_100hz
F04,dysarthric,Session2,0145,data/processed/torgo_aai_features/F04/Session2/0145.npz,262,12,1|1|1|1|1|1|1|1|1|1|1|1,,head_audio_pos_same_start_100hz
F04,dysarthric,Session2,0146,data/processed/torgo_aai_features/F04/Session2/0146.npz,295,12,1|1|1|1|1|1|1|1|1|1|1|1,10,head_audio_pos_same_start_100hz
F04,dysarthric,Session2,0147,data/processed/torgo_aai_features/F04/Session2/0147.npz,606,8,1|1|1|1|0|0|1|1|1|1|0|0,1|2,head_audio_pos_same_start_100hz
F04,dysarthric,Session2,0148,data/processed/torgo_aai_features/F04/Session2/0148.npz,515,10,1|1|1|0|1|1|1|1|1|0|1|1,3,head_audio_pos_same_start_100hz
F04,dysarthric,Session2,0149,data/processed/torgo_aai_features/F04/Session2/0149.npz,518,12,1|1|1|1|1|1|1|1|1|1|1|1,,head_audio_pos_same_start_100hz
F04,dysarthric,Session2,0150,data/processed/torgo_aai_features/F04/Session2/0150.npz,207,12,1|1|1|1|1|1|1|1|1|1|1|1,,head_audio_pos_same_start_100hz
F04,dysarthric,Session2,0151,data/processed/torgo_aai_features/F04/Session2/0151.npz,349,12,1|1|1|1|1|1|1|1|1|1|1|1,,head_audio_pos_same_start_100hz
F04,dysarthric,Session2,0152,data/processed/torgo_aai_features/F04/Session2/0152.npz,349,12,1|1|1|1|1|1|1|1|1|1|1|1,,head_audio_pos_same_start_100hz
F04,dysarthric,Session2,0153,data/processed/torgo_aai_features/F04/Session2/0153.npz,353,12,1|1|1|1|1|1|1|1|1|1|1|1,,head_audio_pos_same_start_100hz
F04,dysarthric,Session2,0154,data/processed/torgo_aai_features/F04/Session2/0154.npz,262,12,1|1|1|1|1|1|1|1|1|1|1|1,,head_audio_pos_same_start_100hz
F04,dysarthric,Session2,0155,data/processed/torgo_aai_features/F04/Session2/0155.npz,278,12,1|1|1|1|1|1|1|1|1|1|1|1,,head_audio_pos_same_start_100hz
F04,dysarthric,Session2,0156,data/processed/torgo_aai_features/F04/Session2/0156.npz,255,12,1|1|1|1|1|1|1|1|1|1|1|1,,head_audio_pos_same_start_100hz
F04,dysarthric,Session2,0157,data/processed/torgo_aai_features/F04/Session2/0157.npz,717,8,1|1|1|1|0|0|1|1|1|1|0|0,1|2,head_audio_pos_same_start_100hz
F04,dysarthric,Session2,0158,data/processed/torgo_aai_features/F04/Session2/0158.npz,258,12,1|1|1|1|1|1|1|1|1|1|1|1,,head_audio_pos_same_start_100hz
F04,dysarthric,Session2,0159,data/processed/torgo_aai_features/F04/Session2/0159.npz,702,12,1|1|1|1|1|1|1|1|1|1|1|1,,head_audio_pos_same_start_100hz
F04,dysarthric,Session2,0160,data/processed/torgo_aai_features/F04/Session2/0160.npz,409,12,1|1|1|1|1|1|1|1|1|1|1|1,,head_audio_pos_same_start_100hz
F04,dysarthric,Session2,0161,data/processed/torgo_aai_features/F04/Session2/0161.npz,318,12,1|1|1|1|1|1|1|1|1|1|1|1,10,head_audio_pos_same_start_100hz
F04,dysarthric,Session2,0162,data/processed/torgo_aai_features/F04/Session2/0162.npz,661,12,1|1|1|1|1|1|1|1|1|1|1|1,,head_audio_pos_same_start_100hz
F04,dysarthric,Session2,0163,data/processed/torgo_aai_features/F04/Session2/0163.npz,460,12,1|1|1|1|1|1|1|1|1|1|1|1,10,head_audio_pos_same_start_100hz
F04,dysarthric,Session2,0164,data/processed/torgo_aai_features/F04/Session2/0164.npz,226,12,1|1|1|1|1|1|1|1|1|1|1|1,10,head_audio_pos_same_start_100hz
F04,dysarthric,Session2,0165,data/processed/torgo_aai_features/F04/Session2/0165.npz,409,12,1|1|1|1|1|1|1|1|1|1|1|1,,head_audio_pos_same_start_100hz
F04,dysarthric,Session2,0166,data/processed/torgo_aai_features/F04/Session2/0166.npz,357,10,1|1|1|1|0|1|1|1|1|1|0|1,2,head_audio_pos_same_start_100hz
F04,dysarthric,Session2,0167,data/processed/torgo_aai_features/F04/Session2/0167.npz,235,10,1|1|0|1|1|1|1|1|0|1|1|1,7,head_audio_pos_same_start_100hz
F04,dysarthric,Session2,0168,data/processed/torgo_aai_features/F04/Session2/0168.npz,225,12,1|1|1|1|1|1|1|1|1|1|1|1,,head_audio_pos_same_start_100hz
F04,dysarthric,Session2,0169,data/processed/torgo_aai_features/F04/Session2/0169.npz,157,12,1|1|1|1|1|1|1|1|1|1|1|1,,head_audio_pos_same_start_100hz
F04,dysarthric,Session2,0170,data/processed/torgo_aai_features/F04/Session2/0170.npz,744,10,1|1|1|1|0|1|1|1|1|1|0|1,2,head_audio_pos_same_start_100hz
F04,dysarthric,Session2,0171,data/processed/torgo_aai_features/F04/Session2/0171.npz,287,12,1|1|1|1|1|1|1|1|1|1|1|1,10,head_audio_pos_same_start_100hz
F04,dysarthric,Session2,0172,data/processed/torgo_aai_features/F04/Session2/0172.npz,587,12,1|1|1|1|1|1|1|1|1|1|1|1,,head_audio_pos_same_start_100hz
F04,dysarthric,Session2,0173,data/processed/torgo_aai_features/F04/Session2/0173.npz,238,10,1|1|1|1|0|1|1|1|1|1|0|1,2,head_audio_pos_same_start_100hz
F04,dysarthric,Session2,0174,data/processed/torgo_aai_features/F04/Session2/0174.npz,213,12,1|1|1|1|1|1|1|1|1|1|1|1,,head_audio_pos_same_start_100hz
F04,dysarthric,Session2,0175,data/processed/torgo_aai_features/F04/Session2/0175.npz,210,12,1|1|1|1|1|1|1|1|1|1|1|1,,head_audio_pos_same_start_100hz
F04,dysarthric,Session2,0176,data/processed/torgo_aai_features/F04/Session2/0176.npz,563,12,1|1|1|1|1|1|1|1|1|1|1|1,,head_audio_pos_same_start_100hz
F04,dysarthric,Session2,0177,data/processed/torgo_aai_features/F04/Session2/0177.npz,807,12,1|1|1|1|1|1|1|1|1|1|1|1,10,head_audio_pos_same_start_100hz
F04,dysarthric,Session2,0178,data/processed/torgo_aai_features/F04/Session2/0178.npz,341,12,1|1|1|1|1|1|1|1|1|1|1|1,,head_audio_pos_same_start_100hz
F04,dysarthric,Session2,0179,data/processed/torgo_aai_features/F04/Session2/0179.npz,296,12,1|1|1|1|1|1|1|1|1|1|1|1,,head_audio_pos_same_start_100hz
F04,dysarthric,Session2,0180,data/processed/torgo_aai_features/F04/Session2/0180.npz,319,12,1|1|1|1|1|1|1|1|1|1|1|1,10,head_audio_pos_same_start_100hz
F04,dysarthric,Session2,0181,data/processed/torgo_aai_features/F04/Session2/0181.npz,259,12,1|1|1|1|1|1|1|1|1|1|1|1,10,head_audio_pos_same_start_100hz
F04,dysarthric,Session2,0182,data/processed/torgo_aai_features/F04/Session2/0182.npz,327,10,1|1|1|1|0|1|1|1|1|1|0|1,2,head_audio_pos_same_start_100hz
F04,dysarthric,Session2,0183,data/processed/torgo_aai_features/F04/Session2/0183.npz,995,12,1|1|1|1|1|1|1|1|1|1|1|1,10,head_audio_pos_same_start_100hz
F04,dysarthric,Session2,0184,data/processed/torgo_aai_features/F04/Session2/0184.npz,209,12,1|1|1|1|1|1|1|1|1|1|1|1,10,head_audio_pos_same_start_100hz
F04,dysarthric,Session2,0185,data/processed/torgo_aai_features/F04/Session2/0185.npz,230,12,1|1|1|1|1|1|1|1|1|1|1|1,,head_audio_pos_same_start_100hz
F04,dysarthric,Session2,0186,data/processed/torgo_aai_features/F04/Session2/0186.npz,277,12,1|1|1|1|1|1|1|1|1|1|1|1,,head_audio_pos_same_start_100hz
F04,dysarthric,Session2,0187,data/processed/torgo_aai_features/F04/Session2/0187.npz,338,12,1|1|1|1|1|1|1|1|1|1|1|1,10,head_audio_pos_same_start_100hz
F04,dysarthric,Session2,0188,data/processed/torgo_aai_features/F04/Session2/0188.npz,234,12,1|1|1|1|1|1|1|1|1|1|1|1,10,head_audio_pos_same_start_100hz
F04,dysarthric,Session2,0189,data/processed/torgo_aai_features/F04/Session2/0189.npz,281,12,1|1|1|1|1|1|1|1|1|1|1|1,,head_audio_pos_same_start_100hz
F04,dysarthric,Session2,0190,data/processed/torgo_aai_features/F04/Session2/0190.npz,254,12,1|1|1|1|1|1|1|1|1|1|1|1,,head_audio_pos_same_start_100hz
F04,dysarthric,Session2,0191,data/processed/torgo_aai_features/F04/Session2/0191.npz,273,12,1|1|1|1|1|1|1|1|1|1|1|1,,head_audio_pos_same_start_100hz
F04,dysarthric,Session2,0192,data/processed/torgo_aai_features/F04/Session2/0192.npz,218,12,1|1|1|1|1|1|1|1|1|1|1|1,10,head_audio_pos_same_start_100hz
F04,dysarthric,Session2,0193,data/processed/torgo_aai_features/F04/Session2/0193.npz,452,12,1|1|1|1|1|1|1|1|1|1|1|1,10,head_audio_pos_same_start_100hz
F04,dysarthric,Session2,0194,data/processed/torgo_aai_features/F04/Session2/0194.npz,287,12,1|1|1|1|1|1|1|1|1|1|1|1,10,head_audio_pos_same_start_100hz
F04,dysarthric,Session2,0195,data/processed/torgo_aai_features/F04/Session2/0195.npz,193,12,1|1|1|1|1|1|1|1|1|1|1|1,,head_audio_pos_same_start_100hz
F04,dysarthric,Session2,0196,data/processed/torgo_aai_features/F04/Session2/0196.npz,319,12,1|1|1|1|1|1|1|1|1|1|1|1,10,head_audio_pos_same_start_100hz
F04,dysarthric,Session2,0197,data/processed/torgo_aai_features/F04/Session2/0197.npz,234,12,1|1|1|1|1|1|1|1|1|1|1|1,,head_audio_pos_same_start_100hz
F04,dysarthric,Session2,0198,data/processed/torgo_aai_features/F04/Session2/0198.npz,242,12,1|1|1|1|1|1|1|1|1|1|1|1,,head_audio_pos_same_start_100hz
F04,dysarthric,Session2,0199,data/processed/torgo_aai_features/F04/Session2/0199.npz,223,12,1|1|1|1|1|1|1|1|1|1|1|1,,head_audio_pos_same_start_100hz
F04,dysarthric,Session2,0200,data/processed/torgo_aai_features/F04/Session2/0200.npz,465,12,1|1|1|1|1|1|1|1|1|1|1|1,10,head_audio_pos_same_start_100hz
F04,dysarthric,Session2,0201,data/processed/torgo_aai_features/F04/Session2/0201.npz,274,12,1|1|1|1|1|1|1|1|1|1|1|1,,head_audio_pos_same_start_100hz
F04,dysarthric,Session2,0202,data/processed/torgo_aai_features/F04/Session2/0202.npz,261,12,1|1|1|1|1|1|1|1|1|1|1|1,10,head_audio_pos_same_start_100hz
F04,dysarthric,Session2,0203,data/processed/torgo_aai_features/F04/Session2/0203.npz,373,12,1|1|1|1|1|1|1|1|1|1|1|1,,head_audio_pos_same_start_100hz
F04,dysarthric,Session2,0204,data/processed/torgo_aai_features/F04/Session2/0204.npz,539,12,1|1|1|1|1|1|1|1|1|1|1|1,10,head_audio_pos_same_start_100hz
F04,dysarthric,Session2,0205,data/processed/torgo_aai_features/F04/Session2/0205.npz,186,12,1|1|1|1|1|1|1|1|1|1|1|1,,head_audio_pos_same_start_100hz
F04,dysarthric,Session2,0206,data/processed/torgo_aai_features/F04/Session2/0206.npz,388,12,1|1|1|1|1|1|1|1|1|1|1|1,,head_audio_pos_same_start_100hz
F04,dysarthric,Session2,0207,data/processed/torgo_aai_features/F04/Session2/0207.npz,475,12,1|1|1|1|1|1|1|1|1|1|1|1,10,head_audio_pos_same_start_100hz
F04,dysarthric,Session2,0208,data/processed/torgo_aai_features/F04/Session2/0208.npz,324,12,1|1|1|1|1|1|1|1|1|1|1|1,10,head_audio_pos_same_start_100hz
F04,dysarthric,Session2,0209,data/processed/torgo_aai_features/F04/Session2/0209.npz,179,12,1|1|1|1|1|1|1|1|1|1|1|1,10,head_audio_pos_same_start_100hz
F04,dysarthric,Session2,0210,data/processed/torgo_aai_features/F04/Session2/0210.npz,195,12,1|1|1|1|1|1|1|1|1|1|1|1,,head_audio_pos_same_start_100hz
F04,dysarthric,Session2,0211,data/processed/torgo_aai_features/F04/Session2/0211.npz,187,12,1|1|1|1|1|1|1|1|1|1|1|1,,head_audio_pos_same_start_100hz
F04,dysarthric,Session2,0212,data/processed/torgo_aai_features/F04/Session2/0212.npz,195,12,1|1|1|1|1|1|1|1|1|1|1|1,10,head_audio_pos_same_start_100hz
F04,dysarthric,Session2,0213,data/processed/torgo_aai_features/F04/Session2/0213.npz,382,12,1|1|1|1|1|1|1|1|1|1|1|1,,head_audio_pos_same_start_100hz
F04,dysarthric,Session2,0214,data/processed/torgo_aai_features/F04/Session2/0214.npz,765,12,1|1|1|1|1|1|1|1|1|1|1|1,,head_audio_pos_same_start_100hz
F04,dysarthric,Session2,0215,data/processed/torgo_aai_features/F04/Session2/0215.npz,471,12,1|1|1|1|1|1|1|1|1|1|1|1,10,head_audio_pos_same_start_100hz
F04,dysarthric,Session2,0216,data/processed/torgo_aai_features/F04/Session2/0216.npz,221,12,1|1|1|1|1|1|1|1|1|1|1|1,,head_audio_pos_same_start_100hz
F04,dysarthric,Session2,0217,data/processed/torgo_aai_features/F04/Session2/0217.npz,343,12,1|1|1|1|1|1|1|1|1|1|1|1,10,head_audio_pos_same_start_100hz
F04,dysarthric,Session2,0218,data/processed/torgo_aai_features/F04/Session2/0218.npz,514,12,1|1|1|1|1|1|1|1|1|1|1|1,10,head_audio_pos_same_start_100hz
F04,dysarthric,Session2,0219,data/processed/torgo_aai_features/F04/Session2/0219.npz,184,12,1|1|1|1|1|1|1|1|1|1|1|1,,head_audio_pos_same_start_100hz
F04,dysarthric,Session2,0220,data/processed/torgo_aai_features/F04/Session2/0220.npz,443,12,1|1|1|1|1|1|1|1|1|1|1|1,,head_audio_pos_same_start_100hz
F04,dysarthric,Session2,0221,data/processed/torgo_aai_features/F04/Session2/0221.npz,257,12,1|1|1|1|1|1|1|1|1|1|1|1,,head_audio_pos_same_start_100hz
F04,dysarthric,Session2,0222,data/processed/torgo_aai_features/F04/Session2/0222.npz,295,12,1|1|1|1|1|1|1|1|1|1|1|1,,head_audio_pos_same_start_100hz
F04,dysarthric,Session2,0223,data/processed/torgo_aai_features/F04/Session2/0223.npz,822,12,1|1|1|1|1|1|1|1|1|1|1|1,10,head_audio_pos_same_start_100hz
F04,dysarthric,Session2,0224,data/processed/torgo_aai_features/F04/Session2/0224.npz,338,10,1|1|0|1|1|1|1|1|0|1|1|1,7,head_audio_pos_same_start_100hz
F04,dysarthric,Session2,0225,data/processed/torgo_aai_features/F04/Session2/0225.npz,275,10,1|1|1|1|1|0|1|1|1|1|1|0,1,head_audio_pos_same_start_100hz
F04,dysarthric,Session2,0226,data/processed/torgo_aai_features/F04/Session2/0226.npz,223,8,1|1|1|1|0|0|1|1|1|1|0|0,1|2,head_audio_pos_same_start_100hz
F04,dysarthric,Session2,0227,data/processed/torgo_aai_features/F04/Session2/0227.npz,734,6,1|0|1|0|0|1|1|0|1|0|0|1,2|3|6,head_audio_pos_same_start_100hz
F04,dysarthric,Session2,0228,data/processed/torgo_aai_features/F04/Session2/0228.npz,604,12,1|1|1|1|1|1|1|1|1|1|1|1,,head_audio_pos_same_start_100hz
F04,dysarthric,Session2,0229,data/processed/torgo_aai_features/F04/Session2/0229.npz,270,12,1|1|1|1|1|1|1|1|1|1|1|1,,head_audio_pos_same_start_100hz
F04,dysarthric,Session2,0230,data/processed/torgo_aai_features/F04/Session2/0230.npz,376,12,1|1|1|1|1|1|1|1|1|1|1|1,,head_audio_pos_same_start_100hz
F04,dysarthric,Session2,0231,data/processed/torgo_aai_features/F04/Session2/0231.npz,230,12,1|1|1|1|1|1|1|1|1|1|1|1,10,head_audio_pos_same_start_100hz
F04,dysarthric,Session2,0232,data/processed/torgo_aai_features/F04/Session2/0232.npz,386,8,1|0|1|1|0|1|1|0|1|1|0|1,2|6|10,head_audio_pos_same_start_100hz
F04,dysarthric,Session2,0233,data/processed/torgo_aai_features/F04/Session2/0233.npz,320,8,1|1|0|1|0|1|1|1|0|1|0|1,2|7,head_audio_pos_same_start_100hz
F04,dysarthric,Session2,0234,data/processed/torgo_aai_features/F04/Session2/0234.npz,305,12,1|1|1|1|1|1|1|1|1|1|1|1,,head_audio_pos_same_start_100hz
F04,dysarthric,Session2,0235,data/processed/torgo_aai_features/F04/Session2/0235.npz,158,12,1|1|1|1|1|1|1|1|1|1|1|1,,head_audio_pos_same_start_100hz
F04,dysarthric,Session2,0236,data/processed/torgo_aai_features/F04/Session2/0236.npz,284,12,1|1|1|1|1|1|1|1|1|1|1|1,4,head_audio_pos_same_start_100hz
F04,dysarthric,Session2,0237,data/processed/torgo_aai_features/F04/Session2/0237.npz,240,12,1|1|1|1|1|1|1|1|1|1|1|1,4|10,head_audio_pos_same_start_100hz
F04,dysarthric,Session2,0238,data/processed/torgo_aai_features/F04/Session2/0238.npz,276,10,1|1|1|1|1|0|1|1|1|1|1|0,1,head_audio_pos_same_start_100hz
F04,dysarthric,Session2,0239,data/processed/torgo_aai_features/F04/Session2/0239.npz,252,12,1|1|1|1|1|1|1|1|1|1|1|1,4,head_audio_pos_same_start_100hz
F04,dysarthric,Session2,0240,data/processed/torgo_aai_features/F04/Session2/0240.npz,280,12,1|1|1|1|1|1|1|1|1|1|1|1,,head_audio_pos_same_start_100hz
F04,dysarthric,Session2,0241,data/processed/torgo_aai_features/F04/Session2/0241.npz,425,12,1|1|1|1|1|1|1|1|1|1|1|1,,head_audio_pos_same_start_100hz
F04,dysarthric,Session2,0242,data/processed/torgo_aai_features/F04/Session2/0242.npz,193,12,1|1|1|1|1|1|1|1|1|1|1|1,,head_audio_pos_same_start_100hz
F04,dysarthric,Session2,0243,data/processed/torgo_aai_features/F04/Session2/0243.npz,734,12,1|1|1|1|1|1|1|1|1|1|1|1,,head_audio_pos_same_start_100hz
F04,dysarthric,Session2,0244,data/processed/torgo_aai_features/F04/Session2/0244.npz,382,12,1|1|1|1|1|1|1|1|1|1|1|1,10,head_audio_pos_same_start_100hz
F04,dysarthric,Session2,0245,data/processed/torgo_aai_features/F04/Session2/0245.npz,262,12,1|1|1|1|1|1|1|1|1|1|1|1,10,head_audio_pos_same_start_100hz
F04,dysarthric,Session2,0246,data/processed/torgo_aai_features/F04/Session2/0246.npz,320,12,1|1|1|1|1|1|1|1|1|1|1|1,,head_audio_pos_same_start_100hz
F04,dysarthric,Session2,0247,data/processed/torgo_aai_features/F04/Session2/0247.npz,425,12,1|1|1|1|1|1|1|1|1|1|1|1,10,head_audio_pos_same_start_100hz
F04,dysarthric,Session2,0248,data/processed/torgo_aai_features/F04/Session2/0248.npz,507,12,1|1|1|1|1|1|1|1|1|1|1|1,,head_audio_pos_same_start_100hz
F04,dysarthric,Session2,0249,data/processed/torgo_aai_features/F04/Session2/0249.npz,244,12,1|1|1|1|1|1|1|1|1|1|1|1,10,head_audio_pos_same_start_100hz
F04,dysarthric,Session2,0250,data/processed/torgo_aai_features/F04/Session2/0250.npz,305,12,1|1|1|1|1|1|1|1|1|1|1|1,,head_audio_pos_same_start_100hz
FC01,control,Session1,0001,data/processed/torgo_aai_features/FC01/Session1/0001.npz,1075,12,1|1|1|1|1|1|1|1|1|1|1|1,,head_audio_pos_same_start_100hz
FC01,control,Session1,0002,data/processed/torgo_aai_features/FC01/Session1/0002.npz,759,12,1|1|1|1|1|1|1|1|1|1|1|1,,head_audio_pos_same_start_100hz
FC01,control,Session1,0003,data/processed/torgo_aai_features/FC01/Session1/0003.npz,602,12,1|1|1|1|1|1|1|1|1|1|1|1,,head_audio_pos_same_start_100hz
FC01,control,Session1,0004,data/processed/torgo_aai_features/FC01/Session1/0004.npz,520,12,1|1|1|1|1|1|1|1|1|1|1|1,,head_audio_pos_same_start_100hz
FC01,control,Session1,0005,data/processed/torgo_aai_features/FC01/Session1/0005.npz,259,12,1|1|1|1|1|1|1|1|1|1|1|1,,head_audio_pos_same_start_100hz
FC01,control,Session1,0006,data/processed/torgo_aai_features/FC01/Session1/0006.npz,263,12,1|1|1|1|1|1|1|1|1|1|1|1,10,head_audio_pos_same_start_100hz
FC01,control,Session1,0007,data/processed/torgo_aai_features/FC01/Session1/0007.npz,242,12,1|1|1|1|1|1|1|1|1|1|1|1,,head_audio_pos_same_start_100hz
FC01,control,Session1,0008,data/processed/torgo_aai_features/FC01/Session1/0008.npz,296,12,1|1|1|1|1|1|1|1|1|1|1|1,,head_audio_pos_same_start_100hz
FC01,control,Session1,0009,data/processed/torgo_aai_features/FC01/Session1/0009.npz,265,12,1|1|1|1|1|1|1|1|1|1|1|1,10,head_audio_pos_same_start_100hz
FC01,control,Session1,0010,data/processed/torgo_aai_features/FC01/Session1/0010.npz,287,12,1|1|1|1|1|1|1|1|1|1|1|1,,head_audio_pos_same_start_100hz
FC01,control,Session1,0011,data/processed/torgo_aai_features/FC01/Session1/0011.npz,281,12,1|1|1|1|1|1|1|1|1|1|1|1,,head_audio_pos_same_start_100hz
FC01,control,Session1,0012,data/processed/torgo_aai_features/FC01/Session1/0012.npz,308,12,1|1|1|1|1|1|1|1|1|1|1|1,,head_audio_pos_same_start_100hz
FC01,control,Session1,0013,data/processed/torgo_aai_features/FC01/Session1/0013.npz,321,12,1|1|1|1|1|1|1|1|1|1|1|1,10,head_audio_pos_same_start_100hz
FC01,control,Session1,0014,data/processed/torgo_aai_features/FC01/Session1/0014.npz,328,12,1|1|1|1|1|1|1|1|1|1|1|1,,head_audio_pos_same_start_100hz
FC01,control,Session1,0015,data/processed/torgo_aai_features/FC01/Session1/0015.npz,652,12,1|1|1|1|1|1|1|1|1|1|1|1,,head_audio_pos_same_start_100hz
FC01,control,Session1,0016,data/processed/torgo_aai_features/FC01/Session1/0016.npz,329,12,1|1|1|1|1|1|1|1|1|1|1|1,,head_audio_pos_same_start_100hz
FC01,control,Session1,0017,data/processed/torgo_aai_features/FC01/Session1/0017.npz,380,12,1|1|1|1|1|1|1|1|1|1|1|1,,head_audio_pos_same_start_100hz
FC01,control,Session1,0018,data/processed/torgo_aai_features/FC01/Session1/0018.npz,332,12,1|1|1|1|1|1|1|1|1|1|1|1,10,head_audio_pos_same_start_100hz
FC01,control,Session1,0019,data/processed/torgo_aai_features/FC01/Session1/0019.npz,360,12,1|1|1|1|1|1|1|1|1|1|1|1,,head_audio_pos_same_start_100hz
FC01,control,Session1,0020,data/processed/torgo_aai_features/FC01/Session1/0020.npz,315,12,1|1|1|1|1|1|1|1|1|1|1|1,,head_audio_pos_same_start_100hz
FC01,control,Session1,0021,data/processed/torgo_aai_features/FC01/Session1/0021.npz,293,12,1|1|1|1|1|1|1|1|1|1|1|1,,head_audio_pos_same_start_100hz
FC01,control,Session1,0022,data/processed/torgo_aai_features/FC01/Session1/0022.npz,315,12,1|1|1|1|1|1|1|1|1|1|1|1,10,head_audio_pos_same_start_100hz
FC01,control,Session1,0023,data/processed/torgo_aai_features/FC01/Session1/0023.npz,1380,12,1|1|1|1|1|1|1|1|1|1|1|1,,head_audio_pos_same_start_100hz
FC01,control,Session1,0024,data/processed/torgo_aai_features/FC01/Session1/0024.npz,301,12,1|1|1|1|1|1|1|1|1|1|1|1,,head_audio_pos_same_start_100hz
FC01,control,Session1,0025,data/processed/torgo_aai_features/FC01/Session1/0025.npz,705,12,1|1|1|1|1|1|1|1|1|1|1|1,,head_audio_pos_same_start_100hz
FC01,control,Session1,0026,data/processed/torgo_aai_features/FC01/Session1/0026.npz,620,12,1|1|1|1|1|1|1|1|1|1|1|1,,head_audio_pos_same_start_100hz
FC01,control,Session1,0027,data/processed/torgo_aai_features/FC01/Session1/0027.npz,744,12,1|1|1|1|1|1|1|1|1|1|1|1,,head_audio_pos_same_start_100hz
FC01,control,Session1,0028,data/processed/torgo_aai_features/FC01/Session1/0028.npz,302,12,1|1|1|1|1|1|1|1|1|1|1|1,,head_audio_pos_same_start_100hz
FC01,control,Session1,0029,data/processed/torgo_aai_features/FC01/Session1/0029.npz,330,12,1|1|1|1|1|1|1|1|1|1|1|1,,head_audio_pos_same_start_100hz
FC01,control,Session1,0030,data/processed/torgo_aai_features/FC01/Session1/0030.npz,348,12,1|1|1|1|1|1|1|1|1|1|1|1,,head_audio_pos_same_start_100hz
FC01,control,Session1,0031,data/processed/torgo_aai_features/FC01/Session1/0031.npz,336,12,1|1|1|1|1|1|1|1|1|1|1|1,,head_audio_pos_same_start_100hz
FC01,control,Session1,0032,data/processed/torgo_aai_features/FC01/Session1/0032.npz,327,12,1|1|1|1|1|1|1|1|1|1|1|1,10,head_audio_pos_same_start_100hz
FC01,control,Session1,0033,data/processed/torgo_aai_features/FC01/Session1/0033.npz,620,12,1|1|1|1|1|1|1|1|1|1|1|1,,head_audio_pos_same_start_100hz
FC01,control,Session1,0034,data/processed/torgo_aai_features/FC01/Session1/0034.npz,290,12,1|1|1|1|1|1|1|1|1|1|1|1,,head_audio_pos_same_start_100hz
FC01,control,Session1,0035,data/processed/torgo_aai_features/FC01/Session1/0035.npz,294,12,1|1|1|1|1|1|1|1|1|1|1|1,10,head_audio_pos_same_start_100hz
FC01,control,Session1,0036,data/processed/torgo_aai_features/FC01/Session1/0036.npz,472,12,1|1|1|1|1|1|1|1|1|1|1|1,10,head_audio_pos_same_start_100hz
FC01,control,Session1,0037,data/processed/torgo_aai_features/FC01/Session1/0037.npz,310,12,1|1|1|1|1|1|1|1|1|1|1|1,,head_audio_pos_same_start_100hz
FC01,control,Session1,0038,data/processed/torgo_aai_features/FC01/Session1/0038.npz,343,12,1|1|1|1|1|1|1|1|1|1|1|1,,head_audio_pos_same_start_100hz
FC01,control,Session1,0039,data/processed/torgo_aai_features/FC01/Session1/0039.npz,317,12,1|1|1|1|1|1|1|1|1|1|1|1,,head_audio_pos_same_start_100hz
FC01,control,Session1,0040,data/processed/torgo_aai_features/FC01/Session1/0040.npz,554,12,1|1|1|1|1|1|1|1|1|1|1|1,10,head_audio_pos_same_start_100hz
FC01,control,Session1,0041,data/processed/torgo_aai_features/FC01/Session1/0041.npz,326,12,1|1|1|1|1|1|1|1|1|1|1|1,,head_audio_pos_same_start_100hz
FC01,control,Session1,0042,data/processed/torgo_aai_features/FC01/Session1/0042.npz,342,12,1|1|1|1|1|1|1|1|1|1|1|1,10,head_audio_pos_same_start_100hz
FC01,control,Session1,0043,data/processed/torgo_aai_features/FC01/Session1/0043.npz,312,12,1|1|1|1|1|1|1|1|1|1|1|1,,head_audio_pos_same_start_100hz
FC01,control,Session1,0044,data/processed/torgo_aai_features/FC01/Session1/0044.npz,438,12,1|1|1|1|1|1|1|1|1|1|1|1,,head_audio_pos_same_start_100hz
FC01,control,Session1,0045,data/processed/torgo_aai_features/FC01/Session1/0045.npz,343,12,1|1|1|1|1|1|1|1|1|1|1|1,10,head_audio_pos_same_start_100hz
FC01,control,Session1,0046,data/processed/torgo_aai_features/FC01/Session1/0046.npz,639,12,1|1|1|1|1|1|1|1|1|1|1|1,,head_audio_pos_same_start_100hz
FC01,control,Session1,0047,data/processed/torgo_aai_features/FC01/Session1/0047.npz,531,12,1|1|1|1|1|1|1|1|1|1|1|1,,head_audio_pos_same_start_100hz
FC01,control,Session1,0048,data/processed/torgo_aai_features/FC01/Session1/0048.npz,344,12,1|1|1|1|1|1|1|1|1|1|1|1,,head_audio_pos_same_start_100hz
FC01,control,Session1,0049,data/processed/torgo_aai_features/FC01/Session1/0049.npz,320,12,1|1|1|1|1|1|1|1|1|1|1|1,,head_audio_pos_same_start_100hz
FC01,control,Session1,0050,data/processed/torgo_aai_features/FC01/Session1/0050.npz,320,12,1|1|1|1|1|1|1|1|1|1|1|1,10,head_audio_pos_same_start_100hz
FC01,control,Session1,0051,data/processed/torgo_aai_features/FC01/Session1/0051.npz,294,12,1|1|1|1|1|1|1|1|1|1|1|1,,head_audio_pos_same_start_100hz
FC01,control,Session1,0052,data/processed/torgo_aai_features/FC01/Session1/0052.npz,336,12,1|1|1|1|1|1|1|1|1|1|1|1,,head_audio_pos_same_start_100hz
FC01,control,Session1,0053,data/processed/torgo_aai_features/FC01/Session1/0053.npz,321,12,1|1|1|1|1|1|1|1|1|1|1|1,10,head_audio_pos_same_start_100hz
FC01,control,Session1,0054,data/processed/torgo_aai_features/FC01/Session1/0054.npz,512,12,1|1|1|1|1|1|1|1|1|1|1|1,,head_audio_pos_same_start_100hz
FC01,control,Session1,0055,data/processed/torgo_aai_features/FC01/Session1/0055.npz,330,12,1|1|1|1|1|1|1|1|1|1|1|1,,head_audio_pos_same_start_100hz
FC01,control,Session1,0056,data/processed/torgo_aai_features/FC01/Session1/0056.npz,327,12,1|1|1|1|1|1|1|1|1|1|1|1,,head_audio_pos_same_start_100hz
FC01,control,Session1,0057,data/processed/torgo_aai_features/FC01/Session1/0057.npz,361,12,1|1|1|1|1|1|1|1|1|1|1|1,10,head_audio_pos_same_start_100hz
FC01,control,Session1,0058,data/processed/torgo_aai_features/FC01/Session1/0058.npz,313,12,1|1|1|1|1|1|1|1|1|1|1|1,,head_audio_pos_same_start_100hz
FC01,control,Session1,0059,data/processed/torgo_aai_features/FC01/Session1/0059.npz,586,12,1|1|1|1|1|1|1|1|1|1|1|1,,head_audio_pos_same_start_100hz
FC01,control,Session1,0060,data/processed/torgo_aai_features/FC01/Session1/0060.npz,283,12,1|1|1|1|1|1|1|1|1|1|1|1,,head_audio_pos_same_start_100hz
FC01,control,Session1,0061,data/processed/torgo_aai_features/FC01/Session1/0061.npz,686,12,1|1|1|1|1|1|1|1|1|1|1|1,10,head_audio_pos_same_start_100hz
FC01,control,Session1,0062,data/processed/torgo_aai_features/FC01/Session1/0062.npz,273,12,1|1|1|1|1|1|1|1|1|1|1|1,,head_audio_pos_same_start_100hz
FC01,control,Session1,0063,data/processed/torgo_aai_features/FC01/Session1/0063.npz,333,12,1|1|1|1|1|1|1|1|1|1|1|1,10,head_audio_pos_same_start_100hz
FC01,control,Session1,0064,data/processed/torgo_aai_features/FC01/Session1/0064.npz,353,12,1|1|1|1|1|1|1|1|1|1|1|1,10,head_audio_pos_same_start_100hz
FC01,control,Session1,0065,data/processed/torgo_aai_features/FC01/Session1/0065.npz,328,12,1|1|1|1|1|1|1|1|1|1|1|1,,head_audio_pos_same_start_100hz
FC01,control,Session1,0066,data/processed/torgo_aai_features/FC01/Session1/0066.npz,318,12,1|1|1|1|1|1|1|1|1|1|1|1,10,head_audio_pos_same_start_100hz
FC01,control,Session1,0067,data/processed/torgo_aai_features/FC01/Session1/0067.npz,299,12,1|1|1|1|1|1|1|1|1|1|1|1,10,head_audio_pos_same_start_100hz
FC01,control,Session1,0068,data/processed/torgo_aai_features/FC01/Session1/0068.npz,341,12,1|1|1|1|1|1|1|1|1|1|1|1,10,head_audio_pos_same_start_100hz
FC01,control,Session1,0069,data/processed/torgo_aai_features/FC01/Session1/0069.npz,288,12,1|1|1|1|1|1|1|1|1|1|1|1,10,head_audio_pos_same_start_100hz
FC01,control,Session1,0070,data/processed/torgo_aai_features/FC01/Session1/0070.npz,312,12,1|1|1|1|1|1|1|1|1|1|1|1,10,head_audio_pos_same_start_100hz
FC01,control,Session1,0071,data/processed/torgo_aai_features/FC01/Session1/0071.npz,320,12,1|1|1|1|1|1|1|1|1|1|1|1,10,head_audio_pos_same_start_100hz
FC01,control,Session1,0072,data/processed/torgo_aai_features/FC01/Session1/0072.npz,659,12,1|1|1|1|1|1|1|1|1|1|1|1,10,head_audio_pos_same_start_100hz
FC01,control,Session1,0073,data/processed/torgo_aai_features/FC01/Session1/0073.npz,303,12,1|1|1|1|1|1|1|1|1|1|1|1,10,head_audio_pos_same_start_100hz
FC01,control,Session1,0074,data/processed/torgo_aai_features/FC01/Session1/0074.npz,363,12,1|1|1|1|1|1|1|1|1|1|1|1,10,head_audio_pos_same_start_100hz
FC01,control,Session1,0075,data/processed/torgo_aai_features/FC01/Session1/0075.npz,526,12,1|1|1|1|1|1|1|1|1|1|1|1,10,head_audio_pos_same_start_100hz
FC01,control,Session1,0076,data/processed/torgo_aai_features/FC01/Session1/0076.npz,543,12,1|1|1|1|1|1|1|1|1|1|1|1,,head_audio_pos_same_start_100hz
FC01,control,Session1,0077,data/processed/torgo_aai_features/FC01/Session1/0077.npz,421,12,1|1|1|1|1|1|1|1|1|1|1|1,,head_audio_pos_same_start_100hz
FC01,control,Session1,0078,data/processed/torgo_aai_features/FC01/Session1/0078.npz,280,12,1|1|1|1|1|1|1|1|1|1|1|1,,head_audio_pos_same_start_100hz
FC01,control,Session1,0079,data/processed/torgo_aai_features/FC01/Session1/0079.npz,265,12,1|1|1|1|1|1|1|1|1|1|1|1,,head_audio_pos_same_start_100hz
FC01,control,Session1,0080,data/processed/torgo_aai_features/FC01/Session1/0080.npz,1162,12,1|1|1|1|1|1|1|1|1|1|1|1,,head_audio_pos_same_start_100hz
FC01,control,Session1,0081,data/processed/torgo_aai_features/FC01/Session1/0081.npz,280,12,1|1|1|1|1|1|1|1|1|1|1|1,,head_audio_pos_same_start_100hz
FC01,control,Session1,0082,data/processed/torgo_aai_features/FC01/Session1/0082.npz,297,12,1|1|1|1|1|1|1|1|1|1|1|1,,head_audio_pos_same_start_100hz
FC01,control,Session1,0083,data/processed/torgo_aai_features/FC01/Session1/0083.npz,291,12,1|1|1|1|1|1|1|1|1|1|1|1,10,head_audio_pos_same_start_100hz
FC01,control,Session1,0084,data/processed/torgo_aai_features/FC01/Session1/0084.npz,423,12,1|1|1|1|1|1|1|1|1|1|1|1,10,head_audio_pos_same_start_100hz
FC01,control,Session1,0085,data/processed/torgo_aai_features/FC01/Session1/0085.npz,412,12,1|1|1|1|1|1|1|1|1|1|1|1,10,head_audio_pos_same_start_100hz
FC01,control,Session1,0086,data/processed/torgo_aai_features/FC01/Session1/0086.npz,349,12,1|1|1|1|1|1|1|1|1|1|1|1,10,head_audio_pos_same_start_100hz
FC01,control,Session1,0087,data/processed/torgo_aai_features/FC01/Session1/0087.npz,297,12,1|1|1|1|1|1|1|1|1|1|1|1,,head_audio_pos_same_start_100hz
FC01,control,Session1,0088,data/processed/torgo_aai_features/FC01/Session1/0088.npz,293,12,1|1|1|1|1|1|1|1|1|1|1|1,10,head_audio_pos_same_start_100hz
FC01,control,Session1,0089,data/processed/torgo_aai_features/FC01/Session1/0089.npz,313,12,1|1|1|1|1|1|1|1|1|1|1|1,10,head_audio_pos_same_start_100hz
FC01,control,Session1,0090,data/processed/torgo_aai_features/FC01/Session1/0090.npz,692,12,1|1|1|1|1|1|1|1|1|1|1|1,,head_audio_pos_same_start_100hz
FC01,control,Session1,0091,data/processed/torgo_aai_features/FC01/Session1/0091.npz,298,12,1|1|1|1|1|1|1|1|1|1|1|1,,head_audio_pos_same_start_100hz
FC01,control,Session1,0092,data/processed/torgo_aai_features/FC01/Session1/0092.npz,310,12,1|1|1|1|1|1|1|1|1|1|1|1,10,head_audio_pos_same_start_100hz
FC01,control,Session1,0093,data/processed/torgo_aai_features/FC01/Session1/0093.npz,263,12,1|1|1|1|1|1|1|1|1|1|1|1,,head_audio_pos_same_start_100hz
FC01,control,Session1,0094,data/processed/torgo_aai_features/FC01/Session1/0094.npz,321,12,1|1|1|1|1|1|1|1|1|1|1|1,10,head_audio_pos_same_start_100hz
FC01,control,Session1,0095,data/processed/torgo_aai_features/FC01/Session1/0095.npz,341,12,1|1|1|1|1|1|1|1|1|1|1|1,10,head_audio_pos_same_start_100hz
FC01,control,Session1,0096,data/processed/torgo_aai_features/FC01/Session1/0096.npz,337,12,1|1|1|1|1|1|1|1|1|1|1|1,10,head_audio_pos_same_start_100hz
FC01,control,Session1,0097,data/processed/torgo_aai_features/FC01/Session1/0097.npz,336,12,1|1|1|1|1|1|1|1|1|1|1|1,10,head_audio_pos_same_start_100hz
FC01,control,Session1,0098,data/processed/torgo_aai_features/FC01/Session1/0098.npz,341,12,1|1|1|1|1|1|1|1|1|1|1|1,,head_audio_pos_same_start_100hz
FC01,control,Session1,0099,data/processed/torgo_aai_features/FC01/Session1/0099.npz,372,12,1|1|1|1|1|1|1|1|1|1|1|1,10,head_audio_pos_same_start_100hz
FC01,control,Session1,0100,data/processed/torgo_aai_features/FC01/Session1/0100.npz,299,12,1|1|1|1|1|1|1|1|1|1|1|1,,head_audio_pos_same_start_100hz
FC01,control,Session1,0101,data/processed/torgo_aai_features/FC01/Session1/0101.npz,331,12,1|1|1|1|1|1|1|1|1|1|1|1,,head_audio_pos_same_start_100hz
FC01,control,Session1,0102,data/processed/torgo_aai_features/FC01/Session1/0102.npz,580,12,1|1|1|1|1|1|1|1|1|1|1|1,10,head_audio_pos_same_start_100hz
FC01,control,Session1,0103,data/processed/torgo_aai_features/FC01/Session1/0103.npz,606,12,1|1|1|1|1|1|1|1|1|1|1|1,9,head_audio_pos_same_start_100hz
FC01,control,Session1,0104,data/processed/torgo_aai_features/FC01/Session1/0104.npz,580,12,1|1|1|1|1|1|1|1|1|1|1|1,,head_audio_pos_same_start_100hz
FC01,control,Session1,0105,data/processed/torgo_aai_features/FC01/Session1/0105.npz,297,12,1|1|1|1|1|1|1|1|1|1|1|1,,head_audio_pos_same_start_100hz
FC01,control,Session1,0106,data/processed/torgo_aai_features/FC01/Session1/0106.npz,284,12,1|1|1|1|1|1|1|1|1|1|1|1,,head_audio_pos_same_start_100hz
FC01,control,Session1,0107,data/processed/torgo_aai_features/FC01/Session1/0107.npz,297,12,1|1|1|1|1|1|1|1|1|1|1|1,,head_audio_pos_same_start_100hz
FC01,control,Session1,0108,data/processed/torgo_aai_features/FC01/Session1/0108.npz,327,12,1|1|1|1|1|1|1|1|1|1|1|1,,head_audio_pos_same_start_100hz
FC01,control,Session1,0109,data/processed/torgo_aai_features/FC01/Session1/0109.npz,298,12,1|1|1|1|1|1|1|1|1|1|1|1,10,head_audio_pos_same_start_100hz
FC01,control,Session1,0110,data/processed/torgo_aai_features/FC01/Session1/0110.npz,321,12,1|1|1|1|1|1|1|1|1|1|1|1,,head_audio_pos_same_start_100hz
FC01,control,Session1,0111,data/processed/torgo_aai_features/FC01/Session1/0111.npz,475,12,1|1|1|1|1|1|1|1|1|1|1|1,,head_audio_pos_same_start_100hz
FC01,control,Session1,0112,data/processed/torgo_aai_features/FC01/Session1/0112.npz,308,12,1|1|1|1|1|1|1|1|1|1|1|1,,head_audio_pos_same_start_100hz
FC01,control,Session1,0113,data/processed/torgo_aai_features/FC01/Session1/0113.npz,526,12,1|1|1|1|1|1|1|1|1|1|1|1,10,head_audio_pos_same_start_100hz
FC01,control,Session1,0114,data/processed/torgo_aai_features/FC01/Session1/0114.npz,485,12,1|1|1|1|1|1|1|1|1|1|1|1,,head_audio_pos_same_start_100hz
FC01,control,Session1,0115,data/processed/torgo_aai_features/FC01/Session1/0115.npz,286,12,1|1|1|1|1|1|1|1|1|1|1|1,,head_audio_pos_same_start_100hz
FC01,control,Session1,0116,data/processed/torgo_aai_features/FC01/Session1/0116.npz,293,12,1|1|1|1|1|1|1|1|1|1|1|1,,head_audio_pos_same_start_100hz
FC01,control,Session1,0117,data/processed/torgo_aai_features/FC01/Session1/0117.npz,336,12,1|1|1|1|1|1|1|1|1|1|1|1,10,head_audio_pos_same_start_100hz
FC01,control,Session1,0118,data/processed/torgo_aai_features/FC01/Session1/0118.npz,336,12,1|1|1|1|1|1|1|1|1|1|1|1,,head_audio_pos_same_start_100hz
FC01,control,Session1,0119,data/processed/torgo_aai_features/FC01/Session1/0119.npz,320,12,1|1|1|1|1|1|1|1|1|1|1|1,,head_audio_pos_same_start_100hz
FC01,control,Session1,0120,data/processed/torgo_aai_features/FC01/Session1/0120.npz,316,12,1|1|1|1|1|1|1|1|1|1|1|1,10,head_audio_pos_same_start_100hz
FC01,control,Session1,0121,data/processed/torgo_aai_features/FC01/Session1/0121.npz,306,12,1|1|1|1|1|1|1|1|1|1|1|1,,head_audio_pos_same_start_100hz
FC01,control,Session1,0122,data/processed/torgo_aai_features/FC01/Session1/0122.npz,309,12,1|1|1|1|1|1|1|1|1|1|1|1,10,head_audio_pos_same_start_100hz
FC01,control,Session1,0123,data/processed/torgo_aai_features/FC01/Session1/0123.npz,660,12,1|1|1|1|1|1|1|1|1|1|1|1,,head_audio_pos_same_start_100hz
FC01,control,Session1,0124,data/processed/torgo_aai_features/FC01/Session1/0124.npz,332,12,1|1|1|1|1|1|1|1|1|1|1|1,10,head_audio_pos_same_start_100hz
FC01,control,Session1,0125,data/processed/torgo_aai_features/FC01/Session1/0125.npz,340,12,1|1|1|1|1|1|1|1|1|1|1|1,10,head_audio_pos_same_start_100hz
FC01,control,Session1,0126,data/processed/torgo_aai_features/FC01/Session1/0126.npz,284,12,1|1|1|1|1|1|1|1|1|1|1|1,10,head_audio_pos_same_start_100hz
FC01,control,Session1,0127,data/processed/torgo_aai_features/FC01/Session1/0127.npz,328,12,1|1|1|1|1|1|1|1|1|1|1|1,10,head_audio_pos_same_start_100hz
FC01,control,Session1,0128,data/processed/torgo_aai_features/FC01/Session1/0128.npz,332,12,1|1|1|1|1|1|1|1|1|1|1|1,10,head_audio_pos_same_start_100hz
FC01,control,Session1,0129,data/processed/torgo_aai_features/FC01/Session1/0129.npz,334,12,1|1|1|1|1|1|1|1|1|1|1|1,10,head_audio_pos_same_start_100hz
FC01,control,Session1,0130,data/processed/torgo_aai_features/FC01/Session1/0130.npz,428,12,1|1|1|1|1|1|1|1|1|1|1|1,,head_audio_pos_same_start_100hz
FC01,control,Session1,0131,data/processed/torgo_aai_features/FC01/Session1/0131.npz,343,12,1|1|1|1|1|1|1|1|1|1|1|1,,head_audio_pos_same_start_100hz
FC01,control,Session1,0132,data/processed/torgo_aai_features/FC01/Session1/0132.npz,299,12,1|1|1|1|1|1|1|1|1|1|1|1,,head_audio_pos_same_start_100hz
FC01,control,Session1,0133,data/processed/torgo_aai_features/FC01/Session1/0133.npz,435,12,1|1|1|1|1|1|1|1|1|1|1|1,,head_audio_pos_same_start_100hz
FC01,control,Session1,0134,data/processed/torgo_aai_features/FC01/Session1/0134.npz,342,12,1|1|1|1|1|1|1|1|1|1|1|1,10,head_audio_pos_same_start_100hz
FC01,control,Session1,0135,data/processed/torgo_aai_features/FC01/Session1/0135.npz,309,12,1|1|1|1|1|1|1|1|1|1|1|1,,head_audio_pos_same_start_100hz
FC01,control,Session1,0136,data/processed/torgo_aai_features/FC01/Session1/0136.npz,286,12,1|1|1|1|1|1|1|1|1|1|1|1,10,head_audio_pos_same_start_100hz
FC01,control,Session1,0137,data/processed/torgo_aai_features/FC01/Session1/0137.npz,300,12,1|1|1|1|1|1|1|1|1|1|1|1,,head_audio_pos_same_start_100hz
FC01,control,Session1,0138,data/processed/torgo_aai_features/FC01/Session1/0138.npz,303,12,1|1|1|1|1|1|1|1|1|1|1|1,10,head_audio_pos_same_start_100hz
FC01,control,Session1,0139,data/processed/torgo_aai_features/FC01/Session1/0139.npz,444,12,1|1|1|1|1|1|1|1|1|1|1|1,,head_audio_pos_same_start_100hz
FC01,control,Session1,0140,data/processed/torgo_aai_features/FC01/Session1/0140.npz,445,12,1|1|1|1|1|1|1|1|1|1|1|1,,head_audio_pos_same_start_100hz
FC01,control,Session1,0141,data/processed/torgo_aai_features/FC01/Session1/0141.npz,282,12,1|1|1|1|1|1|1|1|1|1|1|1,,head_audio_pos_same_start_100hz
FC01,control,Session1,0142,data/processed/torgo_aai_features/FC01/Session1/0142.npz,279,12,1|1|1|1|1|1|1|1|1|1|1|1,10,head_audio_pos_same_start_100hz
FC01,control,Session1,0143,data/processed/torgo_aai_features/FC01/Session1/0143.npz,308,12,1|1|1|1|1|1|1|1|1|1|1|1,,head_audio_pos_same_start_100hz
FC01,control,Session1,0144,data/processed/torgo_aai_features/FC01/Session1/0144.npz,330,12,1|1|1|1|1|1|1|1|1|1|1|1,,head_audio_pos_same_start_100hz
FC01,control,Session1,0145,data/processed/torgo_aai_features/FC01/Session1/0145.npz,350,12,1|1|1|1|1|1|1|1|1|1|1|1,,head_audio_pos_same_start_100hz
FC01,control,Session1,0146,data/processed/torgo_aai_features/FC01/Session1/0146.npz,309,12,1|1|1|1|1|1|1|1|1|1|1|1,10,head_audio_pos_same_start_100hz
FC01,control,Session1,0147,data/processed/torgo_aai_features/FC01/Session1/0147.npz,351,12,1|1|1|1|1|1|1|1|1|1|1|1,,head_audio_pos_same_start_100hz
FC01,control,Session1,0148,data/processed/torgo_aai_features/FC01/Session1/0148.npz,339,12,1|1|1|1|1|1|1|1|1|1|1|1,,head_audio_pos_same_start_100hz
FC01,control,Session1,0149,data/processed/torgo_aai_features/FC01/Session1/0149.npz,338,12,1|1|1|1|1|1|1|1|1|1|1|1,,head_audio_pos_same_start_100hz
FC01,control,Session1,0150,data/processed/torgo_aai_features/FC01/Session1/0150.npz,401,12,1|1|1|1|1|1|1|1|1|1|1|1,10,head_audio_pos_same_start_100hz
FC01,control,Session1,0151,data/processed/torgo_aai_features/FC01/Session1/0151.npz,268,12,1|1|1|1|1|1|1|1|1|1|1|1,9,head_audio_pos_same_start_100hz
FC01,control,Session1,0152,data/processed/torgo_aai_features/FC01/Session1/0152.npz,270,12,1|1|1|1|1|1|1|1|1|1|1|1,,head_audio_pos_same_start_100hz
FC01,control,Session1,0153,data/processed/torgo_aai_features/FC01/Session1/0153.npz,306,12,1|1|1|1|1|1|1|1|1|1|1|1,,head_audio_pos_same_start_100hz
FC01,control,Session1,0154,data/processed/torgo_aai_features/FC01/Session1/0154.npz,293,12,1|1|1|1|1|1|1|1|1|1|1|1,10,head_audio_pos_same_start_100hz
FC01,control,Session1,0155,data/processed/torgo_aai_features/FC01/Session1/0155.npz,297,12,1|1|1|1|1|1|1|1|1|1|1|1,,head_audio_pos_same_start_100hz
FC01,control,Session1,0156,data/processed/torgo_aai_features/FC01/Session1/0156.npz,265,12,1|1|1|1|1|1|1|1|1|1|1|1,10,head_audio_pos_same_start_100hz
FC01,control,Session1,0157,data/processed/torgo_aai_features/FC01/Session1/0157.npz,396,12,1|1|1|1|1|1|1|1|1|1|1|1,,head_audio_pos_same_start_100hz
FC01,control,Session1,0158,data/processed/torgo_aai_features/FC01/Session1/0158.npz,270,12,1|1|1|1|1|1|1|1|1|1|1|1,,head_audio_pos_same_start_100hz
FC01,control,Session1,0159,data/processed/torgo_aai_features/FC01/Session1/0159.npz,302,12,1|1|1|1|1|1|1|1|1|1|1|1,,head_audio_pos_same_start_100hz
FC01,control,Session1,0160,data/processed/torgo_aai_features/FC01/Session1/0160.npz,295,12,1|1|1|1|1|1|1|1|1|1|1|1,,head_audio_pos_same_start_100hz
FC01,control,Session1,0161,data/processed/torgo_aai_features/FC01/Session1/0161.npz,516,12,1|1|1|1|1|1|1|1|1|1|1|1,,head_audio_pos_same_start_100hz
FC01,control,Session1,0162,data/processed/torgo_aai_features/FC01/Session1/0162.npz,278,12,1|1|1|1|1|1|1|1|1|1|1|1,10,head_audio_pos_same_start_100hz
FC01,control,Session1,0163,data/processed/torgo_aai_features/FC01/Session1/0163.npz,274,12,1|1|1|1|1|1|1|1|1|1|1|1,10,head_audio_pos_same_start_100hz
FC01,control,Session1,0164,data/processed/torgo_aai_features/FC01/Session1/0164.npz,286,12,1|1|1|1|1|1|1|1|1|1|1|1,10,head_audio_pos_same_start_100hz
FC02,control,Session3,0001,data/processed/torgo_aai_features/FC02/Session3/0001.npz,1272,12,1|1|1|1|1|1|1|1|1|1|1|1,,head_audio_pos_same_start_100hz
FC02,control,Session3,0002,data/processed/torgo_aai_features/FC02/Session3/0002.npz,1134,12,1|1|1|1|1|1|1|1|1|1|1|1,,head_audio_pos_same_start_100hz
FC02,control,Session3,0003,data/processed/torgo_aai_features/FC02/Session3/0003.npz,627,12,1|1|1|1|1|1|1|1|1|1|1|1,,head_audio_pos_same_start_100hz
FC02,control,Session3,0004,data/processed/torgo_aai_features/FC02/Session3/0004.npz,1206,12,1|1|1|1|1|1|1|1|1|1|1|1,,head_audio_pos_same_start_100hz
FC02,control,Session3,0005,data/processed/torgo_aai_features/FC02/Session3/0005.npz,1243,12,1|1|1|1|1|1|1|1|1|1|1|1,,head_audio_pos_same_start_100hz
FC02,control,Session3,0006,data/processed/torgo_aai_features/FC02/Session3/0006.npz,287,12,1|1|1|1|1|1|1|1|1|1|1|1,,head_audio_pos_same_start_100hz
FC02,control,Session3,0007,data/processed/torgo_aai_features/FC02/Session3/0007.npz,261,12,1|1|1|1|1|1|1|1|1|1|1|1,,head_audio_pos_same_start_100hz
FC02,control,Session3,0008,data/processed/torgo_aai_features/FC02/Session3/0008.npz,248,12,1|1|1|1|1|1|1|1|1|1|1|1,,head_audio_pos_same_start_100hz
FC02,control,Session3,0009,data/processed/torgo_aai_features/FC02/Session3/0009.npz,414,12,1|1|1|1|1|1|1|1|1|1|1|1,,head_audio_pos_same_start_100hz
FC02,control,Session3,0010,data/processed/torgo_aai_features/FC02/Session3/0010.npz,202,12,1|1|1|1|1|1|1|1|1|1|1|1,,head_audio_pos_same_start_100hz
FC02,control,Session3,0011,data/processed/torgo_aai_features/FC02/Session3/0011.npz,237,12,1|1|1|1|1|1|1|1|1|1|1|1,,head_audio_pos_same_start_100hz
FC02,control,Session3,0012,data/processed/torgo_aai_features/FC02/Session3/0012.npz,207,12,1|1|1|1|1|1|1|1|1|1|1|1,,head_audio_pos_same_start_100hz
FC02,control,Session3,0013,data/processed/torgo_aai_features/FC02/Session3/0013.npz,204,12,1|1|1|1|1|1|1|1|1|1|1|1,,head_audio_pos_same_start_100hz
FC02,control,Session3,0014,data/processed/torgo_aai_features/FC02/Session3/0014.npz,384,12,1|1|1|1|1|1|1|1|1|1|1|1,,head_audio_pos_same_start_100hz
FC02,control,Session3,0015,data/processed/torgo_aai_features/FC02/Session3/0015.npz,369,12,1|1|1|1|1|1|1|1|1|1|1|1,,head_audio_pos_same_start_100hz
FC02,control,Session3,0016,data/processed/torgo_aai_features/FC02/Session3/0016.npz,219,12,1|1|1|1|1|1|1|1|1|1|1|1,,head_audio_pos_same_start_100hz
FC02,control,Session3,0017,data/processed/torgo_aai_features/FC02/Session3/0017.npz,386,10,1|1|1|1|1|0|1|1|1|1|1|0,1,head_audio_pos_same_start_100hz
FC02,control,Session3,0018,data/processed/torgo_aai_features/FC02/Session3/0018.npz,222,12,1|1|1|1|1|1|1|1|1|1|1|1,,head_audio_pos_same_start_100hz
FC02,control,Session3,0019,data/processed/torgo_aai_features/FC02/Session3/0019.npz,269,12,1|1|1|1|1|1|1|1|1|1|1|1,,head_audio_pos_same_start_100hz
FC02,control,Session3,0020,data/processed/torgo_aai_features/FC02/Session3/0020.npz,425,12,1|1|1|1|1|1|1|1|1|1|1|1,,head_audio_pos_same_start_100hz
FC02,control,Session3,0021,data/processed/torgo_aai_features/FC02/Session3/0021.npz,259,12,1|1|1|1|1|1|1|1|1|1|1|1,,head_audio_pos_same_start_100hz
FC02,control,Session3,0022,data/processed/torgo_aai_features/FC02/Session3/0022.npz,650,12,1|1|1|1|1|1|1|1|1|1|1|1,,head_audio_pos_same_start_100hz
FC02,control,Session3,0023,data/processed/torgo_aai_features/FC02/Session3/0023.npz,295,12,1|1|1|1|1|1|1|1|1|1|1|1,,head_audio_pos_same_start_100hz
FC02,control,Session3,0024,data/processed/torgo_aai_features/FC02/Session3/0024.npz,252,12,1|1|1|1|1|1|1|1|1|1|1|1,,head_audio_pos_same_start_100hz
FC02,control,Session3,0025,data/processed/torgo_aai_features/FC02/Session3/0025.npz,244,12,1|1|1|1|1|1|1|1|1|1|1|1,,head_audio_pos_same_start_100hz
FC02,control,Session3,0026,data/processed/torgo_aai_features/FC02/Session3/0026.npz,487,12,1|1|1|1|1|1|1|1|1|1|1|1,,head_audio_pos_same_start_100hz
FC02,control,Session3,0027,data/processed/torgo_aai_features/FC02/Session3/0027.npz,260,12,1|1|1|1|1|1|1|1|1|1|1|1,,head_audio_pos_same_start_100hz
FC02,control,Session3,0028,data/processed/torgo_aai_features/FC02/Session3/0028.npz,241,10,1|1|1|0|1|1|1|1|1|0|1|1,3,head_audio_pos_same_start_100hz
FC02,control,Session3,0029,data/processed/torgo_aai_features/FC02/Session3/0029.npz,274,12,1|1|1|1|1|1|1|1|1|1|1|1,,head_audio_pos_same_start_100hz
FC02,control,Session3,0030,data/processed/torgo_aai_features/FC02/Session3/0030.npz,269,12,1|1|1|1|1|1|1|1|1|1|1|1,,head_audio_pos_same_start_100hz
FC02,control,Session3,0031,data/processed/torgo_aai_features/FC02/Session3/0031.npz,270,12,1|1|1|1|1|1|1|1|1|1|1|1,,head_audio_pos_same_start_100hz
FC02,control,Session3,0032,data/processed/torgo_aai_features/FC02/Session3/0032.npz,416,12,1|1|1|1|1|1|1|1|1|1|1|1,,head_audio_pos_same_start_100hz
FC02,control,Session3,0033,data/processed/torgo_aai_features/FC02/Session3/0033.npz,518,12,1|1|1|1|1|1|1|1|1|1|1|1,,head_audio_pos_same_start_100hz
FC02,control,Session3,0034,data/processed/torgo_aai_features/FC02/Session3/0034.npz,363,12,1|1|1|1|1|1|1|1|1|1|1|1,,head_audio_pos_same_start_100hz
FC02,control,Session3,0035,data/processed/torgo_aai_features/FC02/Session3/0035.npz,222,12,1|1|1|1|1|1|1|1|1|1|1|1,,head_audio_pos_same_start_100hz
FC02,control,Session3,0036,data/processed/torgo_aai_features/FC02/Session3/0036.npz,405,12,1|1|1|1|1|1|1|1|1|1|1|1,10,head_audio_pos_same_start_100hz
FC02,control,Session3,0037,data/processed/torgo_aai_features/FC02/Session3/0037.npz,272,12,1|1|1|1|1|1|1|1|1|1|1|1,,head_audio_pos_same_start_100hz
FC02,control,Session3,0038,data/processed/torgo_aai_features/FC02/Session3/0038.npz,252,12,1|1|1|1|1|1|1|1|1|1|1|1,,head_audio_pos_same_start_100hz
FC02,control,Session3,0039,data/processed/torgo_aai_features/FC02/Session3/0039.npz,273,12,1|1|1|1|1|1|1|1|1|1|1|1,,head_audio_pos_same_start_100hz
FC02,control,Session3,0040,data/processed/torgo_aai_features/FC02/Session3/0040.npz,408,12,1|1|1|1|1|1|1|1|1|1|1|1,10,head_audio_pos_same_start_100hz
FC02,control,Session3,0041,data/processed/torgo_aai_features/FC02/Session3/0041.npz,219,10,1|1|1|0|1|1|1|1|1|0|1|1,3,head_audio_pos_same_start_100hz
FC02,control,Session3,0042,data/processed/torgo_aai_features/FC02/Session3/0042.npz,463,12,1|1|1|1|1|1|1|1|1|1|1|1,,head_audio_pos_same_start_100hz
FC02,control,Session3,0043,data/processed/torgo_aai_features/FC02/Session3/0043.npz,207,12,1|1|1|1|1|1|1|1|1|1|1|1,,head_audio_pos_same_start_100hz
FC02,control,Session3,0044,data/processed/torgo_aai_features/FC02/Session3/0044.npz,250,12,1|1|1|1|1|1|1|1|1|1|1|1,,head_audio_pos_same_start_100hz
FC02,control,Session3,0045,data/processed/torgo_aai_features/FC02/Session3/0045.npz,247,12,1|1|1|1|1|1|1|1|1|1|1|1,,head_audio_pos_same_start_100hz
FC02,control,Session3,0046,data/processed/torgo_aai_features/FC02/Session3/0046.npz,292,12,1|1|1|1|1|1|1|1|1|1|1|1,,head_audio_pos_same_start_100hz
FC02,control,Session3,0047,data/processed/torgo_aai_features/FC02/Session3/0047.npz,253,12,1|1|1|1|1|1|1|1|1|1|1|1,,head_audio_pos_same_start_100hz
FC02,control,Session3,0048,data/processed/torgo_aai_features/FC02/Session3/0048.npz,430,12,1|1|1|1|1|1|1|1|1|1|1|1,,head_audio_pos_same_start_100hz
FC02,control,Session3,0049,data/processed/torgo_aai_features/FC02/Session3/0049.npz,342,12,1|1|1|1|1|1|1|1|1|1|1|1,,head_audio_pos_same_start_100hz
FC02,control,Session3,0050,data/processed/torgo_aai_features/FC02/Session3/0050.npz,255,12,1|1|1|1|1|1|1|1|1|1|1|1,,head_audio_pos_same_start_100hz
FC02,control,Session3,0051,data/processed/torgo_aai_features/FC02/Session3/0051.npz,408,12,1|1|1|1|1|1|1|1|1|1|1|1,,head_audio_pos_same_start_100hz
FC02,control,Session3,0052,data/processed/torgo_aai_features/FC02/Session3/0052.npz,499,12,1|1|1|1|1|1|1|1|1|1|1|1,,head_audio_pos_same_start_100hz
FC02,control,Session3,0053,data/processed/torgo_aai_features/FC02/Session3/0053.npz,250,12,1|1|1|1|1|1|1|1|1|1|1|1,,head_audio_pos_same_start_100hz
FC02,control,Session3,0054,data/processed/torgo_aai_features/FC02/Session3/0054.npz,272,12,1|1|1|1|1|1|1|1|1|1|1|1,,head_audio_pos_same_start_100hz
FC02,control,Session3,0055,data/processed/torgo_aai_features/FC02/Session3/0055.npz,294,12,1|1|1|1|1|1|1|1|1|1|1|1,,head_audio_pos_same_start_100hz
FC02,control,Session3,0056,data/processed/torgo_aai_features/FC02/Session3/0056.npz,257,12,1|1|1|1|1|1|1|1|1|1|1|1,,head_audio_pos_same_start_100hz
FC02,control,Session3,0057,data/processed/torgo_aai_features/FC02/Session3/0057.npz,238,12,1|1|1|1|1|1|1|1|1|1|1|1,,head_audio_pos_same_start_100hz
FC02,control,Session3,0058,data/processed/torgo_aai_features/FC02/Session3/0058.npz,247,12,1|1|1|1|1|1|1|1|1|1|1|1,,head_audio_pos_same_start_100hz
FC02,control,Session3,0059,data/processed/torgo_aai_features/FC02/Session3/0059.npz,255,12,1|1|1|1|1|1|1|1|1|1|1|1,,head_audio_pos_same_start_100hz
FC02,control,Session3,0060,data/processed/torgo_aai_features/FC02/Session3/0060.npz,274,12,1|1|1|1|1|1|1|1|1|1|1|1,,head_audio_pos_same_start_100hz
FC02,control,Session3,0061,data/processed/torgo_aai_features/FC02/Session3/0061.npz,249,12,1|1|1|1|1|1|1|1|1|1|1|1,,head_audio_pos_same_start_100hz
FC02,control,Session3,0062,data/processed/torgo_aai_features/FC02/Session3/0062.npz,258,12,1|1|1|1|1|1|1|1|1|1|1|1,,head_audio_pos_same_start_100hz
FC02,control,Session3,0063,data/processed/torgo_aai_features/FC02/Session3/0063.npz,253,12,1|1|1|1|1|1|1|1|1|1|1|1,,head_audio_pos_same_start_100hz
FC02,control,Session3,0064,data/processed/torgo_aai_features/FC02/Session3/0064.npz,268,12,1|1|1|1|1|1|1|1|1|1|1|1,,head_audio_pos_same_start_100hz
FC02,control,Session3,0065,data/processed/torgo_aai_features/FC02/Session3/0065.npz,414,12,1|1|1|1|1|1|1|1|1|1|1|1,,head_audio_pos_same_start_100hz
FC02,control,Session3,0066,data/processed/torgo_aai_features/FC02/Session3/0066.npz,243,12,1|1|1|1|1|1|1|1|1|1|1|1,,head_audio_pos_same_start_100hz
FC02,control,Session3,0067,data/processed/torgo_aai_features/FC02/Session3/0067.npz,256,12,1|1|1|1|1|1|1|1|1|1|1|1,,head_audio_pos_same_start_100hz
FC02,control,Session3,0068,data/processed/torgo_aai_features/FC02/Session3/0068.npz,277,12,1|1|1|1|1|1|1|1|1|1|1|1,,head_audio_pos_same_start_100hz
FC02,control,Session3,0069,data/processed/torgo_aai_features/FC02/Session3/0069.npz,271,12,1|1|1|1|1|1|1|1|1|1|1|1,,head_audio_pos_same_start_100hz
FC02,control,Session3,0070,data/processed/torgo_aai_features/FC02/Session3/0070.npz,468,12,1|1|1|1|1|1|1|1|1|1|1|1,,head_audio_pos_same_start_100hz
FC02,control,Session3,0071,data/processed/torgo_aai_features/FC02/Session3/0071.npz,275,12,1|1|1|1|1|1|1|1|1|1|1|1,,head_audio_pos_same_start_100hz
FC02,control,Session3,0072,data/processed/torgo_aai_features/FC02/Session3/0072.npz,253,12,1|1|1|1|1|1|1|1|1|1|1|1,,head_audio_pos_same_start_100hz
FC02,control,Session3,0073,data/processed/torgo_aai_features/FC02/Session3/0073.npz,256,12,1|1|1|1|1|1|1|1|1|1|1|1,4,head_audio_pos_same_start_100hz
FC02,control,Session3,0074,data/processed/torgo_aai_features/FC02/Session3/0074.npz,270,12,1|1|1|1|1|1|1|1|1|1|1|1,,head_audio_pos_same_start_100hz
FC02,control,Session3,0075,data/processed/torgo_aai_features/FC02/Session3/0075.npz,248,12,1|1|1|1|1|1|1|1|1|1|1|1,,head_audio_pos_same_start_100hz
FC02,control,Session3,0076,data/processed/torgo_aai_features/FC02/Session3/0076.npz,405,12,1|1|1|1|1|1|1|1|1|1|1|1,,head_audio_pos_same_start_100hz
FC02,control,Session3,0077,data/processed/torgo_aai_features/FC02/Session3/0077.npz,239,12,1|1|1|1|1|1|1|1|1|1|1|1,,head_audio_pos_same_start_100hz
FC02,control,Session3,0078,data/processed/torgo_aai_features/FC02/Session3/0078.npz,247,12,1|1|1|1|1|1|1|1|1|1|1|1,,head_audio_pos_same_start_100hz
FC02,control,Session3,0079,data/processed/torgo_aai_features/FC02/Session3/0079.npz,259,12,1|1|1|1|1|1|1|1|1|1|1|1,,head_audio_pos_same_start_100hz
FC02,control,Session3,0080,data/processed/torgo_aai_features/FC02/Session3/0080.npz,189,12,1|1|1|1|1|1|1|1|1|1|1|1,,head_audio_pos_same_start_100hz
FC02,control,Session3,0081,data/processed/torgo_aai_features/FC02/Session3/0081.npz,201,12,1|1|1|1|1|1|1|1|1|1|1|1,,head_audio_pos_same_start_100hz
FC02,control,Session3,0082,data/processed/torgo_aai_features/FC02/Session3/0082.npz,201,12,1|1|1|1|1|1|1|1|1|1|1|1,,head_audio_pos_same_start_100hz
FC02,control,Session3,0083,data/processed/torgo_aai_features/FC02/Session3/0083.npz,425,12,1|1|1|1|1|1|1|1|1|1|1|1,,head_audio_pos_same_start_100hz
FC02,control,Session3,0084,data/processed/torgo_aai_features/FC02/Session3/0084.npz,273,12,1|1|1|1|1|1|1|1|1|1|1|1,,head_audio_pos_same_start_100hz
FC02,control,Session3,0085,data/processed/torgo_aai_features/FC02/Session3/0085.npz,394,12,1|1|1|1|1|1|1|1|1|1|1|1,,head_audio_pos_same_start_100hz
FC02,control,Session3,0086,data/processed/torgo_aai_features/FC02/Session3/0086.npz,258,12,1|1|1|1|1|1|1|1|1|1|1|1,,head_audio_pos_same_start_100hz
FC02,control,Session3,0087,data/processed/torgo_aai_features/FC02/Session3/0087.npz,226,12,1|1|1|1|1|1|1|1|1|1|1|1,,head_audio_pos_same_start_100hz
FC02,control,Session3,0088,data/processed/torgo_aai_features/FC02/Session3/0088.npz,429,12,1|1|1|1|1|1|1|1|1|1|1|1,,head_audio_pos_same_start_100hz
FC02,control,Session3,0089,data/processed/torgo_aai_features/FC02/Session3/0089.npz,452,12,1|1|1|1|1|1|1|1|1|1|1|1,,head_audio_pos_same_start_100hz
FC02,control,Session3,0090,data/processed/torgo_aai_features/FC02/Session3/0090.npz,410,12,1|1|1|1|1|1|1|1|1|1|1|1,,head_audio_pos_same_start_100hz
FC02,control,Session3,0091,data/processed/torgo_aai_features/FC02/Session3/0091.npz,208,12,1|1|1|1|1|1|1|1|1|1|1|1,,head_audio_pos_same_start_100hz
FC02,control,Session3,0092,data/processed/torgo_aai_features/FC02/Session3/0092.npz,230,12,1|1|1|1|1|1|1|1|1|1|1|1,,head_audio_pos_same_start_100hz
FC02,control,Session3,0093,data/processed/torgo_aai_features/FC02/Session3/0093.npz,467,12,1|1|1|1|1|1|1|1|1|1|1|1,,head_audio_pos_same_start_100hz
FC02,control,Session3,0094,data/processed/torgo_aai_features/FC02/Session3/0094.npz,203,12,1|1|1|1|1|1|1|1|1|1|1|1,,head_audio_pos_same_start_100hz
FC02,control,Session3,0095,data/processed/torgo_aai_features/FC02/Session3/0095.npz,207,12,1|1|1|1|1|1|1|1|1|1|1|1,,head_audio_pos_same_start_100hz
FC02,control,Session3,0096,data/processed/torgo_aai_features/FC02/Session3/0096.npz,242,12,1|1|1|1|1|1|1|1|1|1|1|1,,head_audio_pos_same_start_100hz
FC02,control,Session3,0097,data/processed/torgo_aai_features/FC02/Session3/0097.npz,185,12,1|1|1|1|1|1|1|1|1|1|1|1,,head_audio_pos_same_start_100hz
FC02,control,Session3,0098,data/processed/torgo_aai_features/FC02/Session3/0098.npz,195,12,1|1|1|1|1|1|1|1|1|1|1|1,,head_audio_pos_same_start_100hz
FC02,control,Session3,0099,data/processed/torgo_aai_features/FC02/Session3/0099.npz,207,12,1|1|1|1|1|1|1|1|1|1|1|1,,head_audio_pos_same_start_100hz
FC02,control,Session3,0100,data/processed/torgo_aai_features/FC02/Session3/0100.npz,245,12,1|1|1|1|1|1|1|1|1|1|1|1,,head_audio_pos_same_start_100hz
FC02,control,Session3,0101,data/processed/torgo_aai_features/FC02/Session3/0101.npz,474,12,1|1|1|1|1|1|1|1|1|1|1|1,,head_audio_pos_same_start_100hz
FC02,control,Session3,0102,data/processed/torgo_aai_features/FC02/Session3/0102.npz,472,12,1|1|1|1|1|1|1|1|1|1|1|1,,head_audio_pos_same_start_100hz
FC02,control,Session3,0103,data/processed/torgo_aai_features/FC02/Session3/0103.npz,498,12,1|1|1|1|1|1|1|1|1|1|1|1,,head_audio_pos_same_start_100hz
FC02,control,Session3,0104,data/processed/torgo_aai_features/FC02/Session3/0104.npz,273,12,1|1|1|1|1|1|1|1|1|1|1|1,,head_audio_pos_same_start_100hz
FC02,control,Session3,0105,data/processed/torgo_aai_features/FC02/Session3/0105.npz,255,12,1|1|1|1|1|1|1|1|1|1|1|1,,head_audio_pos_same_start_100hz
FC02,control,Session3,0106,data/processed/torgo_aai_features/FC02/Session3/0106.npz,236,12,1|1|1|1|1|1|1|1|1|1|1|1,,head_audio_pos_same_start_100hz
FC02,control,Session3,0107,data/processed/torgo_aai_features/FC02/Session3/0107.npz,713,12,1|1|1|1|1|1|1|1|1|1|1|1,,head_audio_pos_same_start_100hz
FC02,control,Session3,0108,data/processed/torgo_aai_features/FC02/Session3/0108.npz,255,12,1|1|1|1|1|1|1|1|1|1|1|1,,head_audio_pos_same_start_100hz
FC02,control,Session3,0109,data/processed/torgo_aai_features/FC02/Session3/0109.npz,185,12,1|1|1|1|1|1|1|1|1|1|1|1,,head_audio_pos_same_start_100hz
FC02,control,Session3,0110,data/processed/torgo_aai_features/FC02/Session3/0110.npz,357,12,1|1|1|1|1|1|1|1|1|1|1|1,,head_audio_pos_same_start_100hz
FC02,control,Session3,0111,data/processed/torgo_aai_features/FC02/Session3/0111.npz,214,12,1|1|1|1|1|1|1|1|1|1|1|1,,head_audio_pos_same_start_100hz
FC02,control,Session3,0112,data/processed/torgo_aai_features/FC02/Session3/0112.npz,195,12,1|1|1|1|1|1|1|1|1|1|1|1,,head_audio_pos_same_start_100hz
FC02,control,Session3,0113,data/processed/torgo_aai_features/FC02/Session3/0113.npz,231,12,1|1|1|1|1|1|1|1|1|1|1|1,,head_audio_pos_same_start_100hz
FC02,control,Session3,0114,data/processed/torgo_aai_features/FC02/Session3/0114.npz,234,12,1|1|1|1|1|1|1|1|1|1|1|1,,head_audio_pos_same_start_100hz
FC02,control,Session3,0115,data/processed/torgo_aai_features/FC02/Session3/0115.npz,193,12,1|1|1|1|1|1|1|1|1|1|1|1,,head_audio_pos_same_start_100hz
FC02,control,Session3,0116,data/processed/torgo_aai_features/FC02/Session3/0116.npz,205,12,1|1|1|1|1|1|1|1|1|1|1|1,,head_audio_pos_same_start_100hz
FC02,control,Session3,0117,data/processed/torgo_aai_features/FC02/Session3/0117.npz,194,12,1|1|1|1|1|1|1|1|1|1|1|1,,head_audio_pos_same_start_100hz
FC02,control,Session3,0118,data/processed/torgo_aai_features/FC02/Session3/0118.npz,462,12,1|1|1|1|1|1|1|1|1|1|1|1,,head_audio_pos_same_start_100hz
FC02,control,Session3,0119,data/processed/torgo_aai_features/FC02/Session3/0119.npz,167,12,1|1|1|1|1|1|1|1|1|1|1|1,,head_audio_pos_same_start_100hz
FC02,control,Session3,0120,data/processed/torgo_aai_features/FC02/Session3/0120.npz,209,12,1|1|1|1|1|1|1|1|1|1|1|1,,head_audio_pos_same_start_100hz
FC02,control,Session3,0121,data/processed/torgo_aai_features/FC02/Session3/0121.npz,191,12,1|1|1|1|1|1|1|1|1|1|1|1,,head_audio_pos_same_start_100hz
FC02,control,Session3,0122,data/processed/torgo_aai_features/FC02/Session3/0122.npz,573,12,1|1|1|1|1|1|1|1|1|1|1|1,,head_audio_pos_same_start_100hz
FC02,control,Session3,0123,data/processed/torgo_aai_features/FC02/Session3/0123.npz,607,12,1|1|1|1|1|1|1|1|1|1|1|1,,head_audio_pos_same_start_100hz
FC02,control,Session3,0124,data/processed/torgo_aai_features/FC02/Session3/0124.npz,203,12,1|1|1|1|1|1|1|1|1|1|1|1,,head_audio_pos_same_start_100hz
FC02,control,Session3,0125,data/processed/torgo_aai_features/FC02/Session3/0125.npz,210,12,1|1|1|1|1|1|1|1|1|1|1|1,,head_audio_pos_same_start_100hz
FC02,control,Session3,0126,data/processed/torgo_aai_features/FC02/Session3/0126.npz,354,12,1|1|1|1|1|1|1|1|1|1|1|1,,head_audio_pos_same_start_100hz
FC02,control,Session3,0127,data/processed/torgo_aai_features/FC02/Session3/0127.npz,338,12,1|1|1|1|1|1|1|1|1|1|1|1,,head_audio_pos_same_start_100hz
FC02,control,Session3,0128,data/processed/torgo_aai_features/FC02/Session3/0128.npz,203,12,1|1|1|1|1|1|1|1|1|1|1|1,,head_audio_pos_same_start_100hz
FC02,control,Session3,0129,data/processed/torgo_aai_features/FC02/Session3/0129.npz,237,12,1|1|1|1|1|1|1|1|1|1|1|1,,head_audio_pos_same_start_100hz
FC02,control,Session3,0130,data/processed/torgo_aai_features/FC02/Session3/0130.npz,186,12,1|1|1|1|1|1|1|1|1|1|1|1,,head_audio_pos_same_start_100hz
FC02,control,Session3,0131,data/processed/torgo_aai_features/FC02/Session3/0131.npz,204,12,1|1|1|1|1|1|1|1|1|1|1|1,,head_audio_pos_same_start_100hz
FC02,control,Session3,0132,data/processed/torgo_aai_features/FC02/Session3/0132.npz,200,12,1|1|1|1|1|1|1|1|1|1|1|1,,head_audio_pos_same_start_100hz
FC02,control,Session3,0133,data/processed/torgo_aai_features/FC02/Session3/0133.npz,215,12,1|1|1|1|1|1|1|1|1|1|1|1,,head_audio_pos_same_start_100hz
FC02,control,Session3,0134,data/processed/torgo_aai_features/FC02/Session3/0134.npz,180,12,1|1|1|1|1|1|1|1|1|1|1|1,,head_audio_pos_same_start_100hz
FC02,control,Session3,0135,data/processed/torgo_aai_features/FC02/Session3/0135.npz,240,12,1|1|1|1|1|1|1|1|1|1|1|1,,head_audio_pos_same_start_100hz
FC02,control,Session3,0136,data/processed/torgo_aai_features/FC02/Session3/0136.npz,227,12,1|1|1|1|1|1|1|1|1|1|1|1,,head_audio_pos_same_start_100hz
FC02,control,Session3,0137,data/processed/torgo_aai_features/FC02/Session3/0137.npz,484,12,1|1|1|1|1|1|1|1|1|1|1|1,,head_audio_pos_same_start_100hz
FC02,control,Session3,0138,data/processed/torgo_aai_features/FC02/Session3/0138.npz,222,12,1|1|1|1|1|1|1|1|1|1|1|1,,head_audio_pos_same_start_100hz
FC02,control,Session3,0139,data/processed/torgo_aai_features/FC02/Session3/0139.npz,176,12,1|1|1|1|1|1|1|1|1|1|1|1,,head_audio_pos_same_start_100hz
FC02,control,Session3,0140,data/processed/torgo_aai_features/FC02/Session3/0140.npz,537,12,1|1|1|1|1|1|1|1|1|1|1|1,,head_audio_pos_same_start_100hz
FC02,control,Session3,0141,data/processed/torgo_aai_features/FC02/Session3/0141.npz,469,12,1|1|1|1|1|1|1|1|1|1|1|1,,head_audio_pos_same_start_100hz
FC02,control,Session3,0142,data/processed/torgo_aai_features/FC02/Session3/0142.npz,641,12,1|1|1|1|1|1|1|1|1|1|1|1,,head_audio_pos_same_start_100hz
FC02,control,Session3,0143,data/processed/torgo_aai_features/FC02/Session3/0143.npz,362,12,1|1|1|1|1|1|1|1|1|1|1|1,,head_audio_pos_same_start_100hz
FC02,control,Session3,0144,data/processed/torgo_aai_features/FC02/Session3/0144.npz,456,12,1|1|1|1|1|1|1|1|1|1|1|1,,head_audio_pos_same_start_100hz
FC02,control,Session3,0145,data/processed/torgo_aai_features/FC02/Session3/0145.npz,399,12,1|1|1|1|1|1|1|1|1|1|1|1,,head_audio_pos_same_start_100hz
FC02,control,Session3,0146,data/processed/torgo_aai_features/FC02/Session3/0146.npz,229,12,1|1|1|1|1|1|1|1|1|1|1|1,,head_audio_pos_same_start_100hz
FC02,control,Session3,0147,data/processed/torgo_aai_features/FC02/Session3/0147.npz,225,12,1|1|1|1|1|1|1|1|1|1|1|1,,head_audio_pos_same_start_100hz
FC02,control,Session3,0148,data/processed/torgo_aai_features/FC02/Session3/0148.npz,254,12,1|1|1|1|1|1|1|1|1|1|1|1,,head_audio_pos_same_start_100hz
FC02,control,Session3,0149,data/processed/torgo_aai_features/FC02/Session3/0149.npz,224,12,1|1|1|1|1|1|1|1|1|1|1|1,,head_audio_pos_same_start_100hz
FC02,control,Session3,0150,data/processed/torgo_aai_features/FC02/Session3/0150.npz,232,12,1|1|1|1|1|1|1|1|1|1|1|1,,head_audio_pos_same_start_100hz
FC02,control,Session3,0151,data/processed/torgo_aai_features/FC02/Session3/0151.npz,216,12,1|1|1|1|1|1|1|1|1|1|1|1,,head_audio_pos_same_start_100hz
FC02,control,Session3,0152,data/processed/torgo_aai_features/FC02/Session3/0152.npz,238,12,1|1|1|1|1|1|1|1|1|1|1|1,,head_audio_pos_same_start_100hz
FC02,control,Session3,0153,data/processed/torgo_aai_features/FC02/Session3/0153.npz,826,12,1|1|1|1|1|1|1|1|1|1|1|1,,head_audio_pos_same_start_100hz
FC02,control,Session3,0154,data/processed/torgo_aai_features/FC02/Session3/0154.npz,405,12,1|1|1|1|1|1|1|1|1|1|1|1,,head_audio_pos_same_start_100hz
FC02,control,Session3,0155,data/processed/torgo_aai_features/FC02/Session3/0155.npz,224,12,1|1|1|1|1|1|1|1|1|1|1|1,,head_audio_pos_same_start_100hz
FC02,control,Session3,0156,data/processed/torgo_aai_features/FC02/Session3/0156.npz,484,12,1|1|1|1|1|1|1|1|1|1|1|1,,head_audio_pos_same_start_100hz
FC02,control,Session3,0157,data/processed/torgo_aai_features/FC02/Session3/0157.npz,222,12,1|1|1|1|1|1|1|1|1|1|1|1,,head_audio_pos_same_start_100hz
FC02,control,Session3,0158,data/processed/torgo_aai_features/FC02/Session3/0158.npz,245,12,1|1|1|1|1|1|1|1|1|1|1|1,,head_audio_pos_same_start_100hz
FC02,control,Session3,0159,data/processed/torgo_aai_features/FC02/Session3/0159.npz,420,12,1|1|1|1|1|1|1|1|1|1|1|1,,head_audio_pos_same_start_100hz
FC02,control,Session3,0160,data/processed/torgo_aai_features/FC02/Session3/0160.npz,205,12,1|1|1|1|1|1|1|1|1|1|1|1,,head_audio_pos_same_start_100hz
FC02,control,Session3,0161,data/processed/torgo_aai_features/FC02/Session3/0161.npz,340,12,1|1|1|1|1|1|1|1|1|1|1|1,,head_audio_pos_same_start_100hz
FC02,control,Session3,0162,data/processed/torgo_aai_features/FC02/Session3/0162.npz,531,12,1|1|1|1|1|1|1|1|1|1|1|1,,head_audio_pos_same_start_100hz
FC02,control,Session3,0163,data/processed/torgo_aai_features/FC02/Session3/0163.npz,219,10,1|1|1|1|1|0|1|1|1|1|1|0,1,head_audio_pos_same_start_100hz
FC02,control,Session3,0164,data/processed/torgo_aai_features/FC02/Session3/0164.npz,182,12,1|1|1|1|1|1|1|1|1|1|1|1,,head_audio_pos_same_start_100hz
FC02,control,Session3,0165,data/processed/torgo_aai_features/FC02/Session3/0165.npz,195,12,1|1|1|1|1|1|1|1|1|1|1|1,,head_audio_pos_same_start_100hz
FC02,control,Session3,0166,data/processed/torgo_aai_features/FC02/Session3/0166.npz,215,12,1|1|1|1|1|1|1|1|1|1|1|1,,head_audio_pos_same_start_100hz
FC02,control,Session3,0167,data/processed/torgo_aai_features/FC02/Session3/0167.npz,350,12,1|1|1|1|1|1|1|1|1|1|1|1,,head_audio_pos_same_start_100hz
FC02,control,Session3,0168,data/processed/torgo_aai_features/FC02/Session3/0168.npz,198,12,1|1|1|1|1|1|1|1|1|1|1|1,,head_audio_pos_same_start_100hz
FC02,control,Session3,0169,data/processed/torgo_aai_features/FC02/Session3/0169.npz,314,12,1|1|1|1|1|1|1|1|1|1|1|1,,head_audio_pos_same_start_100hz
FC02,control,Session3,0170,data/processed/torgo_aai_features/FC02/Session3/0170.npz,424,12,1|1|1|1|1|1|1|1|1|1|1|1,,head_audio_pos_same_start_100hz
FC02,control,Session3,0171,data/processed/torgo_aai_features/FC02/Session3/0171.npz,199,12,1|1|1|1|1|1|1|1|1|1|1|1,,head_audio_pos_same_start_100hz
FC02,control,Session3,0172,data/processed/torgo_aai_features/FC02/Session3/0172.npz,198,12,1|1|1|1|1|1|1|1|1|1|1|1,,head_audio_pos_same_start_100hz
FC02,control,Session3,0173,data/processed/torgo_aai_features/FC02/Session3/0173.npz,256,12,1|1|1|1|1|1|1|1|1|1|1|1,,head_audio_pos_same_start_100hz
FC02,control,Session3,0174,data/processed/torgo_aai_features/FC02/Session3/0174.npz,225,12,1|1|1|1|1|1|1|1|1|1|1|1,,head_audio_pos_same_start_100hz
FC02,control,Session3,0175,data/processed/torgo_aai_features/FC02/Session3/0175.npz,227,10,1|1|1|1|1|0|1|1|1|1|1|0,1,head_audio_pos_same_start_100hz
FC02,control,Session3,0176,data/processed/torgo_aai_features/FC02/Session3/0176.npz,178,12,1|1|1|1|1|1|1|1|1|1|1|1,,head_audio_pos_same_start_100hz
FC02,control,Session3,0177,data/processed/torgo_aai_features/FC02/Session3/0177.npz,229,12,1|1|1|1|1|1|1|1|1|1|1|1,,head_audio_pos_same_start_100hz
FC02,control,Session3,0178,data/processed/torgo_aai_features/FC02/Session3/0178.npz,216,12,1|1|1|1|1|1|1|1|1|1|1|1,,head_audio_pos_same_start_100hz
FC02,control,Session3,0179,data/processed/torgo_aai_features/FC02/Session3/0179.npz,450,12,1|1|1|1|1|1|1|1|1|1|1|1,,head_audio_pos_same_start_100hz
FC02,control,Session3,0180,data/processed/torgo_aai_features/FC02/Session3/0180.npz,398,12,1|1|1|1|1|1|1|1|1|1|1|1,,head_audio_pos_same_start_100hz
FC02,control,Session3,0181,data/processed/torgo_aai_features/FC02/Session3/0181.npz,293,12,1|1|1|1|1|1|1|1|1|1|1|1,,head_audio_pos_same_start_100hz
FC02,control,Session3,0182,data/processed/torgo_aai_features/FC02/Session3/0182.npz,362,12,1|1|1|1|1|1|1|1|1|1|1|1,,head_audio_pos_same_start_100hz
FC02,control,Session3,0183,data/processed/torgo_aai_features/FC02/Session3/0183.npz,209,12,1|1|1|1|1|1|1|1|1|1|1|1,,head_audio_pos_same_start_100hz
FC02,control,Session3,0184,data/processed/torgo_aai_features/FC02/Session3/0184.npz,246,12,1|1|1|1|1|1|1|1|1|1|1|1,,head_audio_pos_same_start_100hz
FC02,control,Session3,0185,data/processed/torgo_aai_features/FC02/Session3/0185.npz,224,12,1|1|1|1|1|1|1|1|1|1|1|1,,head_audio_pos_same_start_100hz
FC02,control,Session3,0186,data/processed/torgo_aai_features/FC02/Session3/0186.npz,220,12,1|1|1|1|1|1|1|1|1|1|1|1,,head_audio_pos_same_start_100hz
FC02,control,Session3,0187,data/processed/torgo_aai_features/FC02/Session3/0187.npz,204,12,1|1|1|1|1|1|1|1|1|1|1|1,,head_audio_pos_same_start_100hz
FC02,control,Session3,0188,data/processed/torgo_aai_features/FC02/Session3/0188.npz,199,12,1|1|1|1|1|1|1|1|1|1|1|1,,head_audio_pos_same_start_100hz
FC02,control,Session3,0189,data/processed/torgo_aai_features/FC02/Session3/0189.npz,167,12,1|1|1|1|1|1|1|1|1|1|1|1,,head_audio_pos_same_start_100hz
FC02,control,Session3,0190,data/processed/torgo_aai_features/FC02/Session3/0190.npz,201,12,1|1|1|1|1|1|1|1|1|1|1|1,,head_audio_pos_same_start_100hz
FC02,control,Session3,0191,data/processed/torgo_aai_features/FC02/Session3/0191.npz,214,12,1|1|1|1|1|1|1|1|1|1|1|1,,head_audio_pos_same_start_100hz
FC02,control,Session3,0192,data/processed/torgo_aai_features/FC02/Session3/0192.npz,209,12,1|1|1|1|1|1|1|1|1|1|1|1,,head_audio_pos_same_start_100hz
FC02,control,Session3,0193,data/processed/torgo_aai_features/FC02/Session3/0193.npz,194,12,1|1|1|1|1|1|1|1|1|1|1|1,,head_audio_pos_same_start_100hz
FC02,control,Session3,0194,data/processed/torgo_aai_features/FC02/Session3/0194.npz,428,12,1|1|1|1|1|1|1|1|1|1|1|1,,head_audio_pos_same_start_100hz
FC02,control,Session3,0195,data/processed/torgo_aai_features/FC02/Session3/0195.npz,224,12,1|1|1|1|1|1|1|1|1|1|1|1,,head_audio_pos_same_start_100hz
FC02,control,Session3,0196,data/processed/torgo_aai_features/FC02/Session3/0196.npz,201,12,1|1|1|1|1|1|1|1|1|1|1|1,,head_audio_pos_same_start_100hz
FC02,control,Session3,0197,data/processed/torgo_aai_features/FC02/Session3/0197.npz,186,12,1|1|1|1|1|1|1|1|1|1|1|1,,head_audio_pos_same_start_100hz
FC02,control,Session3,0198,data/processed/torgo_aai_features/FC02/Session3/0198.npz,205,12,1|1|1|1|1|1|1|1|1|1|1|1,,head_audio_pos_same_start_100hz
FC02,control,Session3,0199,data/processed/torgo_aai_features/FC02/Session3/0199.npz,381,12,1|1|1|1|1|1|1|1|1|1|1|1,,head_audio_pos_same_start_100hz
FC02,control,Session3,0200,data/processed/torgo_aai_features/FC02/Session3/0200.npz,335,12,1|1|1|1|1|1|1|1|1|1|1|1,,head_audio_pos_same_start_100hz
FC02,control,Session3,0201,data/processed/torgo_aai_features/FC02/Session3/0201.npz,403,12,1|1|1|1|1|1|1|1|1|1|1|1,,head_audio_pos_same_start_100hz
FC02,control,Session3,0202,data/processed/torgo_aai_features/FC02/Session3/0202.npz,426,12,1|1|1|1|1|1|1|1|1|1|1|1,,head_audio_pos_same_start_100hz
FC02,control,Session3,0203,data/processed/torgo_aai_features/FC02/Session3/0203.npz,198,12,1|1|1|1|1|1|1|1|1|1|1|1,,head_audio_pos_same_start_100hz
FC02,control,Session3,0204,data/processed/torgo_aai_features/FC02/Session3/0204.npz,208,12,1|1|1|1|1|1|1|1|1|1|1|1,,head_audio_pos_same_start_100hz
FC02,control,Session3,0205,data/processed/torgo_aai_features/FC02/Session3/0205.npz,245,12,1|1|1|1|1|1|1|1|1|1|1|1,,head_audio_pos_same_start_100hz
FC02,control,Session3,0206,data/processed/torgo_aai_features/FC02/Session3/0206.npz,421,12,1|1|1|1|1|1|1|1|1|1|1|1,,head_audio_pos_same_start_100hz
FC02,control,Session3,0207,data/processed/torgo_aai_features/FC02/Session3/0207.npz,250,12,1|1|1|1|1|1|1|1|1|1|1|1,,head_audio_pos_same_start_100hz
FC02,control,Session3,0208,data/processed/torgo_aai_features/FC02/Session3/0208.npz,208,12,1|1|1|1|1|1|1|1|1|1|1|1,,head_audio_pos_same_start_100hz
FC02,control,Session3,0209,data/processed/torgo_aai_features/FC02/Session3/0209.npz,232,12,1|1|1|1|1|1|1|1|1|1|1|1,,head_audio_pos_same_start_100hz
FC02,control,Session3,0210,data/processed/torgo_aai_features/FC02/Session3/0210.npz,209,12,1|1|1|1|1|1|1|1|1|1|1|1,,head_audio_pos_same_start_100hz
FC02,control,Session3,0211,data/processed/torgo_aai_features/FC02/Session3/0211.npz,324,12,1|1|1|1|1|1|1|1|1|1|1|1,,head_audio_pos_same_start_100hz
FC02,control,Session3,0212,data/processed/torgo_aai_features/FC02/Session3/0212.npz,253,12,1|1|1|1|1|1|1|1|1|1|1|1,,head_audio_pos_same_start_100hz
FC02,control,Session3,0213,data/processed/torgo_aai_features/FC02/Session3/0213.npz,246,12,1|1|1|1|1|1|1|1|1|1|1|1,,head_audio_pos_same_start_100hz
FC02,control,Session3,0214,data/processed/torgo_aai_features/FC02/Session3/0214.npz,245,12,1|1|1|1|1|1|1|1|1|1|1|1,,head_audio_pos_same_start_100hz
FC02,control,Session3,0215,data/processed/torgo_aai_features/FC02/Session3/0215.npz,243,12,1|1|1|1|1|1|1|1|1|1|1|1,,head_audio_pos_same_start_100hz
FC02,control,Session3,0216,data/processed/torgo_aai_features/FC02/Session3/0216.npz,259,12,1|1|1|1|1|1|1|1|1|1|1|1,4,head_audio_pos_same_start_100hz
FC02,control,Session3,0217,data/processed/torgo_aai_features/FC02/Session3/0217.npz,242,12,1|1|1|1|1|1|1|1|1|1|1|1,,head_audio_pos_same_start_100hz
FC02,control,Session3,0218,data/processed/torgo_aai_features/FC02/Session3/0218.npz,333,12,1|1|1|1|1|1|1|1|1|1|1|1,,head_audio_pos_same_start_100hz
FC02,control,Session3,0219,data/processed/torgo_aai_features/FC02/Session3/0219.npz,242,12,1|1|1|1|1|1|1|1|1|1|1|1,,head_audio_pos_same_start_100hz
FC02,control,Session3,0220,data/processed/torgo_aai_features/FC02/Session3/0220.npz,234,12,1|1|1|1|1|1|1|1|1|1|1|1,,head_audio_pos_same_start_100hz
FC02,control,Session3,0221,data/processed/torgo_aai_features/FC02/Session3/0221.npz,217,12,1|1|1|1|1|1|1|1|1|1|1|1,,head_audio_pos_same_start_100hz
FC02,control,Session3,0222,data/processed/torgo_aai_features/FC02/Session3/0222.npz,448,12,1|1|1|1|1|1|1|1|1|1|1|1,,head_audio_pos_same_start_100hz
FC02,control,Session3,0223,data/processed/torgo_aai_features/FC02/Session3/0223.npz,220,12,1|1|1|1|1|1|1|1|1|1|1|1,,head_audio_pos_same_start_100hz
FC02,control,Session3,0224,data/processed/torgo_aai_features/FC02/Session3/0224.npz,219,12,1|1|1|1|1|1|1|1|1|1|1|1,,head_audio_pos_same_start_100hz
FC02,control,Session3,0225,data/processed/torgo_aai_features/FC02/Session3/0225.npz,32,12,1|1|1|1|1|1|1|1|1|1|1|1,,head_audio_pos_same_start_100hz
FC02,control,Session3,0226,data/processed/torgo_aai_features/FC02/Session3/0226.npz,214,12,1|1|1|1|1|1|1|1|1|1|1|1,,head_audio_pos_same_start_100hz
FC02,control,Session3,0227,data/processed/torgo_aai_features/FC02/Session3/0227.npz,244,12,1|1|1|1|1|1|1|1|1|1|1|1,,head_audio_pos_same_start_100hz
FC02,control,Session3,0228,data/processed/torgo_aai_features/FC02/Session3/0228.npz,426,12,1|1|1|1|1|1|1|1|1|1|1|1,,head_audio_pos_same_start_100hz
FC02,control,Session3,0229,data/processed/torgo_aai_features/FC02/Session3/0229.npz,221,12,1|1|1|1|1|1|1|1|1|1|1|1,,head_audio_pos_same_start_100hz
FC02,control,Session3,0230,data/processed/torgo_aai_features/FC02/Session3/0230.npz,263,12,1|1|1|1|1|1|1|1|1|1|1|1,,head_audio_pos_same_start_100hz
FC02,control,Session3,0231,data/processed/torgo_aai_features/FC02/Session3/0231.npz,419,12,1|1|1|1|1|1|1|1|1|1|1|1,,head_audio_pos_same_start_100hz
FC02,control,Session3,0232,data/processed/torgo_aai_features/FC02/Session3/0232.npz,256,12,1|1|1|1|1|1|1|1|1|1|1|1,,head_audio_pos_same_start_100hz
FC02,control,Session3,0233,data/processed/torgo_aai_features/FC02/Session3/0233.npz,194,12,1|1|1|1|1|1|1|1|1|1|1|1,,head_audio_pos_same_start_100hz
FC02,control,Session3,0234,data/processed/torgo_aai_features/FC02/Session3/0234.npz,414,12,1|1|1|1|1|1|1|1|1|1|1|1,,head_audio_pos_same_start_100hz
FC02,control,Session3,0235,data/processed/torgo_aai_features/FC02/Session3/0235.npz,250,12,1|1|1|1|1|1|1|1|1|1|1|1,,head_audio_pos_same_start_100hz
FC02,control,Session3,0236,data/processed/torgo_aai_features/FC02/Session3/0236.npz,188,10,1|1|1|1|1|0|1|1|1|1|1|0,1,head_audio_pos_same_start_100hz
FC02,control,Session3,0237,data/processed/torgo_aai_features/FC02/Session3/0237.npz,199,12,1|1|1|1|1|1|1|1|1|1|1|1,,head_audio_pos_same_start_100hz
FC02,control,Session3,0238,data/processed/torgo_aai_features/FC02/Session3/0238.npz,238,12,1|1|1|1|1|1|1|1|1|1|1|1,,head_audio_pos_same_start_100hz
FC02,control,Session3,0239,data/processed/torgo_aai_features/FC02/Session3/0239.npz,356,12,1|1|1|1|1|1|1|1|1|1|1|1,,head_audio_pos_same_start_100hz
FC02,control,Session3,0240,data/processed/torgo_aai_features/FC02/Session3/0240.npz,354,12,1|1|1|1|1|1|1|1|1|1|1|1,,head_audio_pos_same_start_100hz
FC02,control,Session3,0241,data/processed/torgo_aai_features/FC02/Session3/0241.npz,208,12,1|1|1|1|1|1|1|1|1|1|1|1,,head_audio_pos_same_start_100hz
FC02,control,Session3,0242,data/processed/torgo_aai_features/FC02/Session3/0242.npz,218,12,1|1|1|1|1|1|1|1|1|1|1|1,,head_audio_pos_same_start_100hz
FC02,control,Session3,0243,data/processed/torgo_aai_features/FC02/Session3/0243.npz,217,12,1|1|1|1|1|1|1|1|1|1|1|1,,head_audio_pos_same_start_100hz
FC02,control,Session3,0244,data/processed/torgo_aai_features/FC02/Session3/0244.npz,187,12,1|1|1|1|1|1|1|1|1|1|1|1,,head_audio_pos_same_start_100hz
FC02,control,Session3,0245,data/processed/torgo_aai_features/FC02/Session3/0245.npz,387,12,1|1|1|1|1|1|1|1|1|1|1|1,,head_audio_pos_same_start_100hz
FC02,control,Session3,0246,data/processed/torgo_aai_features/FC02/Session3/0246.npz,219,12,1|1|1|1|1|1|1|1|1|1|1|1,,head_audio_pos_same_start_100hz
FC02,control,Session3,0247,data/processed/torgo_aai_features/FC02/Session3/0247.npz,433,12,1|1|1|1|1|1|1|1|1|1|1|1,,head_audio_pos_same_start_100hz
FC02,control,Session3,0248,data/processed/torgo_aai_features/FC02/Session3/0248.npz,239,12,1|1|1|1|1|1|1|1|1|1|1|1,,head_audio_pos_same_start_100hz
FC02,control,Session3,0249,data/processed/torgo_aai_features/FC02/Session3/0249.npz,191,12,1|1|1|1|1|1|1|1|1|1|1|1,,head_audio_pos_same_start_100hz
FC02,control,Session3,0250,data/processed/torgo_aai_features/FC02/Session3/0250.npz,218,12,1|1|1|1|1|1|1|1|1|1|1|1,,head_audio_pos_same_start_100hz
FC02,control,Session3,0251,data/processed/torgo_aai_features/FC02/Session3/0251.npz,222,12,1|1|1|1|1|1|1|1|1|1|1|1,,head_audio_pos_same_start_100hz
FC02,control,Session3,0252,data/processed/torgo_aai_features/FC02/Session3/0252.npz,218,12,1|1|1|1|1|1|1|1|1|1|1|1,,head_audio_pos_same_start_100hz
FC02,control,Session3,0253,data/processed/torgo_aai_features/FC02/Session3/0253.npz,387,12,1|1|1|1|1|1|1|1|1|1|1|1,,head_audio_pos_same_start_100hz
FC02,control,Session3,0254,data/processed/torgo_aai_features/FC02/Session3/0254.npz,198,12,1|1|1|1|1|1|1|1|1|1|1|1,,head_audio_pos_same_start_100hz
FC02,control,Session3,0255,data/processed/torgo_aai_features/FC02/Session3/0255.npz,207,12,1|1|1|1|1|1|1|1|1|1|1|1,,head_audio_pos_same_start_100hz
FC02,control,Session3,0256,data/processed/torgo_aai_features/FC02/Session3/0256.npz,494,12,1|1|1|1|1|1|1|1|1|1|1|1,,head_audio_pos_same_start_100hz
FC02,control,Session3,0257,data/processed/torgo_aai_features/FC02/Session3/0257.npz,369,12,1|1|1|1|1|1|1|1|1|1|1|1,,head_audio_pos_same_start_100hz
FC02,control,Session3,0258,data/processed/torgo_aai_features/FC02/Session3/0258.npz,191,10,1|1|1|1|1|0|1|1|1|1|1|0,1,head_audio_pos_same_start_100hz
FC02,control,Session3,0259,data/processed/torgo_aai_features/FC02/Session3/0259.npz,207,12,1|1|1|1|1|1|1|1|1|1|1|1,,head_audio_pos_same_start_100hz
FC02,control,Session3,0260,data/processed/torgo_aai_features/FC02/Session3/0260.npz,208,12,1|1|1|1|1|1|1|1|1|1|1|1,,head_audio_pos_same_start_100hz
FC02,control,Session3,0261,data/processed/torgo_aai_features/FC02/Session3/0261.npz,220,12,1|1|1|1|1|1|1|1|1|1|1|1,,head_audio_pos_same_start_100hz
FC02,control,Session3,0262,data/processed/torgo_aai_features/FC02/Session3/0262.npz,236,12,1|1|1|1|1|1|1|1|1|1|1|1,,head_audio_pos_same_start_100hz
FC02,control,Session3,0263,data/processed/torgo_aai_features/FC02/Session3/0263.npz,234,12,1|1|1|1|1|1|1|1|1|1|1|1,,head_audio_pos_same_start_100hz
FC02,control,Session3,0264,data/processed/torgo_aai_features/FC02/Session3/0264.npz,398,12,1|1|1|1|1|1|1|1|1|1|1|1,,head_audio_pos_same_start_100hz
FC02,control,Session3,0265,data/processed/torgo_aai_features/FC02/Session3/0265.npz,216,12,1|1|1|1|1|1|1|1|1|1|1|1,,head_audio_pos_same_start_100hz
FC02,control,Session3,0266,data/processed/torgo_aai_features/FC02/Session3/0266.npz,211,12,1|1|1|1|1|1|1|1|1|1|1|1,,head_audio_pos_same_start_100hz
FC02,control,Session3,0267,data/processed/torgo_aai_features/FC02/Session3/0267.npz,207,12,1|1|1|1|1|1|1|1|1|1|1|1,,head_audio_pos_same_start_100hz
FC02,control,Session3,0268,data/processed/torgo_aai_features/FC02/Session3/0268.npz,199,12,1|1|1|1|1|1|1|1|1|1|1|1,,head_audio_pos_same_start_100hz
FC02,control,Session3,0269,data/processed/torgo_aai_features/FC02/Session3/0269.npz,195,12,1|1|1|1|1|1|1|1|1|1|1|1,,head_audio_pos_same_start_100hz
FC02,control,Session3,0270,data/processed/torgo_aai_features/FC02/Session3/0270.npz,210,12,1|1|1|1|1|1|1|1|1|1|1|1,,head_audio_pos_same_start_100hz
FC02,control,Session3,0271,data/processed/torgo_aai_features/FC02/Session3/0271.npz,218,12,1|1|1|1|1|1|1|1|1|1|1|1,,head_audio_pos_same_start_100hz
FC02,control,Session3,0272,data/processed/torgo_aai_features/FC02/Session3/0272.npz,230,12,1|1|1|1|1|1|1|1|1|1|1|1,,head_audio_pos_same_start_100hz
FC02,control,Session3,0273,data/processed/torgo_aai_features/FC02/Session3/0273.npz,223,10,1|1|1|1|1|0|1|1|1|1|1|0,1,head_audio_pos_same_start_100hz
FC02,control,Session3,0274,data/processed/torgo_aai_features/FC02/Session3/0274.npz,477,12,1|1|1|1|1|1|1|1|1|1|1|1,,head_audio_pos_same_start_100hz
FC02,control,Session3,0275,data/processed/torgo_aai_features/FC02/Session3/0275.npz,399,12,1|1|1|1|1|1|1|1|1|1|1|1,,head_audio_pos_same_start_100hz
FC02,control,Session3,0276,data/processed/torgo_aai_features/FC02/Session3/0276.npz,215,12,1|1|1|1|1|1|1|1|1|1|1|1,,head_audio_pos_same_start_100hz
FC02,control,Session3,0277,data/processed/torgo_aai_features/FC02/Session3/0277.npz,213,12,1|1|1|1|1|1|1|1|1|1|1|1,,head_audio_pos_same_start_100hz
FC02,control,Session3,0278,data/processed/torgo_aai_features/FC02/Session3/0278.npz,467,12,1|1|1|1|1|1|1|1|1|1|1|1,,head_audio_pos_same_start_100hz
FC02,control,Session3,0279,data/processed/torgo_aai_features/FC02/Session3/0279.npz,210,12,1|1|1|1|1|1|1|1|1|1|1|1,,head_audio_pos_same_start_100hz
FC02,control,Session3,0280,data/processed/torgo_aai_features/FC02/Session3/0280.npz,201,12,1|1|1|1|1|1|1|1|1|1|1|1,,head_audio_pos_same_start_100hz
FC02,control,Session3,0281,data/processed/torgo_aai_features/FC02/Session3/0281.npz,517,10,1|1|1|0|1|1|1|1|1|0|1|1,3,head_audio_pos_same_start_100hz
FC02,control,Session3,0282,data/processed/torgo_aai_features/FC02/Session3/0282.npz,209,12,1|1|1|1|1|1|1|1|1|1|1|1,,head_audio_pos_same_start_100hz
FC02,control,Session3,0283,data/processed/torgo_aai_features/FC02/Session3/0283.npz,258,12,1|1|1|1|1|1|1|1|1|1|1|1,,head_audio_pos_same_start_100hz
FC02,control,Session3,0284,data/processed/torgo_aai_features/FC02/Session3/0284.npz,247,12,1|1|1|1|1|1|1|1|1|1|1|1,,head_audio_pos_same_start_100hz
FC02,control,Session3,0285,data/processed/torgo_aai_features/FC02/Session3/0285.npz,262,12,1|1|1|1|1|1|1|1|1|1|1|1,,head_audio_pos_same_start_100hz
FC02,control,Session3,0286,data/processed/torgo_aai_features/FC02/Session3/0286.npz,186,12,1|1|1|1|1|1|1|1|1|1|1|1,,head_audio_pos_same_start_100hz
FC02,control,Session3,0287,data/processed/torgo_aai_features/FC02/Session3/0287.npz,197,12,1|1|1|1|1|1|1|1|1|1|1|1,,head_audio_pos_same_start_100hz
FC02,control,Session3,0288,data/processed/torgo_aai_features/FC02/Session3/0288.npz,197,12,1|1|1|1|1|1|1|1|1|1|1|1,,head_audio_pos_same_start_100hz
FC02,control,Session3,0289,data/processed/torgo_aai_features/FC02/Session3/0289.npz,201,12,1|1|1|1|1|1|1|1|1|1|1|1,,head_audio_pos_same_start_100hz
FC02,control,Session3,0290,data/processed/torgo_aai_features/FC02/Session3/0290.npz,206,12,1|1|1|1|1|1|1|1|1|1|1|1,,head_audio_pos_same_start_100hz
FC02,control,Session3,0291,data/processed/torgo_aai_features/FC02/Session3/0291.npz,197,12,1|1|1|1|1|1|1|1|1|1|1|1,,head_audio_pos_same_start_100hz
FC02,control,Session3,0292,data/processed/torgo_aai_features/FC02/Session3/0292.npz,223,12,1|1|1|1|1|1|1|1|1|1|1|1,,head_audio_pos_same_start_100hz
FC02,control,Session3,0293,data/processed/torgo_aai_features/FC02/Session3/0293.npz,216,12,1|1|1|1|1|1|1|1|1|1|1|1,,head_audio_pos_same_start_100hz
FC02,control,Session3,0294,data/processed/torgo_aai_features/FC02/Session3/0294.npz,408,12,1|1|1|1|1|1|1|1|1|1|1|1,,head_audio_pos_same_start_100hz
FC02,control,Session3,0295,data/processed/torgo_aai_features/FC02/Session3/0295.npz,218,12,1|1|1|1|1|1|1|1|1|1|1|1,,head_audio_pos_same_start_100hz
FC02,control,Session3,0296,data/processed/torgo_aai_features/FC02/Session3/0296.npz,205,12,1|1|1|1|1|1|1|1|1|1|1|1,,head_audio_pos_same_start_100hz
FC02,control,Session3,0297,data/processed/torgo_aai_features/FC02/Session3/0297.npz,185,12,1|1|1|1|1|1|1|1|1|1|1|1,,head_audio_pos_same_start_100hz
FC02,control,Session3,0298,data/processed/torgo_aai_features/FC02/Session3/0298.npz,390,12,1|1|1|1|1|1|1|1|1|1|1|1,,head_audio_pos_same_start_100hz
FC02,control,Session3,0299,data/processed/torgo_aai_features/FC02/Session3/0299.npz,200,12,1|1|1|1|1|1|1|1|1|1|1|1,,head_audio_pos_same_start_100hz
FC02,control,Session3,0300,data/processed/torgo_aai_features/FC02/Session3/0300.npz,242,12,1|1|1|1|1|1|1|1|1|1|1|1,,head_audio_pos_same_start_100hz
FC02,control,Session3,0301,data/processed/torgo_aai_features/FC02/Session3/0301.npz,198,12,1|1|1|1|1|1|1|1|1|1|1|1,,head_audio_pos_same_start_100hz
FC02,control,Session3,0302,data/processed/torgo_aai_features/FC02/Session3/0302.npz,228,12,1|1|1|1|1|1|1|1|1|1|1|1,,head_audio_pos_same_start_100hz
FC02,control,Session3,0303,data/processed/torgo_aai_features/FC02/Session3/0303.npz,473,12,1|1|1|1|1|1|1|1|1|1|1|1,,head_audio_pos_same_start_100hz
FC02,control,Session3,0304,data/processed/torgo_aai_features/FC02/Session3/0304.npz,182,12,1|1|1|1|1|1|1|1|1|1|1|1,,head_audio_pos_same_start_100hz
FC02,control,Session3,0305,data/processed/torgo_aai_features/FC02/Session3/0305.npz,193,12,1|1|1|1|1|1|1|1|1|1|1|1,,head_audio_pos_same_start_100hz
FC02,control,Session3,0306,data/processed/torgo_aai_features/FC02/Session3/0306.npz,216,12,1|1|1|1|1|1|1|1|1|1|1|1,,head_audio_pos_same_start_100hz
FC02,control,Session3,0307,data/processed/torgo_aai_features/FC02/Session3/0307.npz,223,12,1|1|1|1|1|1|1|1|1|1|1|1,,head_audio_pos_same_start_100hz
FC02,control,Session3,0308,data/processed/torgo_aai_features/FC02/Session3/0308.npz,427,12,1|1|1|1|1|1|1|1|1|1|1|1,,head_audio_pos_same_start_100hz
FC02,control,Session3,0309,data/processed/torgo_aai_features/FC02/Session3/0309.npz,203,12,1|1|1|1|1|1|1|1|1|1|1|1,,head_audio_pos_same_start_100hz
FC02,control,Session3,0310,data/processed/torgo_aai_features/FC02/Session3/0310.npz,397,12,1|1|1|1|1|1|1|1|1|1|1|1,,head_audio_pos_same_start_100hz
FC02,control,Session3,0311,data/processed/torgo_aai_features/FC02/Session3/0311.npz,231,12,1|1|1|1|1|1|1|1|1|1|1|1,,head_audio_pos_same_start_100hz
FC02,control,Session3,0312,data/processed/torgo_aai_features/FC02/Session3/0312.npz,182,12,1|1|1|1|1|1|1|1|1|1|1|1,,head_audio_pos_same_start_100hz
FC02,control,Session3,0313,data/processed/torgo_aai_features/FC02/Session3/0313.npz,372,12,1|1|1|1|1|1|1|1|1|1|1|1,,head_audio_pos_same_start_100hz
FC02,control,Session3,0314,data/processed/torgo_aai_features/FC02/Session3/0314.npz,215,12,1|1|1|1|1|1|1|1|1|1|1|1,,head_audio_pos_same_start_100hz
FC02,control,Session3,0315,data/processed/torgo_aai_features/FC02/Session3/0315.npz,177,12,1|1|1|1|1|1|1|1|1|1|1|1,,head_audio_pos_same_start_100hz
FC02,control,Session3,0316,data/processed/torgo_aai_features/FC02/Session3/0316.npz,178,12,1|1|1|1|1|1|1|1|1|1|1|1,,head_audio_pos_same_start_100hz
FC02,control,Session3,0317,data/processed/torgo_aai_features/FC02/Session3/0317.npz,956,10,1|1|1|1|1|0|1|1|1|1|1|0,1,head_audio_pos_same_start_100hz
FC02,control,Session3,0318,data/processed/torgo_aai_features/FC02/Session3/0318.npz,239,12,1|1|1|1|1|1|1|1|1|1|1|1,,head_audio_pos_same_start_100hz
FC02,control,Session3,0319,data/processed/torgo_aai_features/FC02/Session3/0319.npz,414,12,1|1|1|1|1|1|1|1|1|1|1|1,,head_audio_pos_same_start_100hz
FC02,control,Session3,0320,data/processed/torgo_aai_features/FC02/Session3/0320.npz,176,12,1|1|1|1|1|1|1|1|1|1|1|1,,head_audio_pos_same_start_100hz
FC02,control,Session3,0321,data/processed/torgo_aai_features/FC02/Session3/0321.npz,188,12,1|1|1|1|1|1|1|1|1|1|1|1,,head_audio_pos_same_start_100hz
FC02,control,Session3,0322,data/processed/torgo_aai_features/FC02/Session3/0322.npz,209,12,1|1|1|1|1|1|1|1|1|1|1|1,,head_audio_pos_same_start_100hz
FC02,control,Session3,0323,data/processed/torgo_aai_features/FC02/Session3/0323.npz,183,12,1|1|1|1|1|1|1|1|1|1|1|1,,head_audio_pos_same_start_100hz
FC02,control,Session3,0324,data/processed/torgo_aai_features/FC02/Session3/0324.npz,204,12,1|1|1|1|1|1|1|1|1|1|1|1,,head_audio_pos_same_start_100hz
FC02,control,Session3,0325,data/processed/torgo_aai_features/FC02/Session3/0325.npz,371,12,1|1|1|1|1|1|1|1|1|1|1|1,,head_audio_pos_same_start_100hz
FC02,control,Session3,0326,data/processed/torgo_aai_features/FC02/Session3/0326.npz,199,12,1|1|1|1|1|1|1|1|1|1|1|1,,head_audio_pos_same_start_100hz
FC02,control,Session3,0327,data/processed/torgo_aai_features/FC02/Session3/0327.npz,205,12,1|1|1|1|1|1|1|1|1|1|1|1,,head_audio_pos_same_start_100hz
FC02,control,Session3,0328,data/processed/torgo_aai_features/FC02/Session3/0328.npz,220,12,1|1|1|1|1|1|1|1|1|1|1|1,,head_audio_pos_same_start_100hz
FC02,control,Session3,0329,data/processed/torgo_aai_features/FC02/Session3/0329.npz,372,12,1|1|1|1|1|1|1|1|1|1|1|1,,head_audio_pos_same_start_100hz
FC02,control,Session3,0330,data/processed/torgo_aai_features/FC02/Session3/0330.npz,212,12,1|1|1|1|1|1|1|1|1|1|1|1,,head_audio_pos_same_start_100hz
FC02,control,Session3,0331,data/processed/torgo_aai_features/FC02/Session3/0331.npz,194,12,1|1|1|1|1|1|1|1|1|1|1|1,,head_audio_pos_same_start_100hz
FC02,control,Session3,0332,data/processed/torgo_aai_features/FC02/Session3/0332.npz,216,12,1|1|1|1|1|1|1|1|1|1|1|1,,head_audio_pos_same_start_100hz
FC02,control,Session3,0333,data/processed/torgo_aai_features/FC02/Session3/0333.npz,229,12,1|1|1|1|1|1|1|1|1|1|1|1,,head_audio_pos_same_start_100hz
FC02,control,Session3,0334,data/processed/torgo_aai_features/FC02/Session3/0334.npz,225,12,1|1|1|1|1|1|1|1|1|1|1|1,,head_audio_pos_same_start_100hz
FC02,control,Session3,0335,data/processed/torgo_aai_features/FC02/Session3/0335.npz,194,12,1|1|1|1|1|1|1|1|1|1|1|1,,head_audio_pos_same_start_100hz
FC02,control,Session3,0336,data/processed/torgo_aai_features/FC02/Session3/0336.npz,178,12,1|1|1|1|1|1|1|1|1|1|1|1,,head_audio_pos_same_start_100hz
FC02,control,Session3,0337,data/processed/torgo_aai_features/FC02/Session3/0337.npz,182,12,1|1|1|1|1|1|1|1|1|1|1|1,,head_audio_pos_same_start_100hz
FC02,control,Session3,0338,data/processed/torgo_aai_features/FC02/Session3/0338.npz,180,12,1|1|1|1|1|1|1|1|1|1|1|1,,head_audio_pos_same_start_100hz
FC02,control,Session3,0339,data/processed/torgo_aai_features/FC02/Session3/0339.npz,165,12,1|1|1|1|1|1|1|1|1|1|1|1,,head_audio_pos_same_start_100hz
FC02,control,Session3,0340,data/processed/torgo_aai_features/FC02/Session3/0340.npz,331,12,1|1|1|1|1|1|1|1|1|1|1|1,,head_audio_pos_same_start_100hz
FC02,control,Session3,0341,data/processed/torgo_aai_features/FC02/Session3/0341.npz,368,12,1|1|1|1|1|1|1|1|1|1|1|1,,head_audio_pos_same_start_100hz
FC02,control,Session3,0342,data/processed/torgo_aai_features/FC02/Session3/0342.npz,222,12,1|1|1|1|1|1|1|1|1|1|1|1,,head_audio_pos_same_start_100hz
FC02,control,Session3,0343,data/processed/torgo_aai_features/FC02/Session3/0343.npz,387,12,1|1|1|1|1|1|1|1|1|1|1|1,,head_audio_pos_same_start_100hz
FC02,control,Session3,0344,data/processed/torgo_aai_features/FC02/Session3/0344.npz,207,12,1|1|1|1|1|1|1|1|1|1|1|1,,head_audio_pos_same_start_100hz
FC02,control,Session3,0345,data/processed/torgo_aai_features/FC02/Session3/0345.npz,184,12,1|1|1|1|1|1|1|1|1|1|1|1,,head_audio_pos_same_start_100hz
FC02,control,Session3,0346,data/processed/torgo_aai_features/FC02/Session3/0346.npz,207,12,1|1|1|1|1|1|1|1|1|1|1|1,,head_audio_pos_same_start_100hz
FC02,control,Session3,0347,data/processed/torgo_aai_features/FC02/Session3/0347.npz,219,12,1|1|1|1|1|1|1|1|1|1|1|1,,head_audio_pos_same_start_100hz
FC02,control,Session3,0348,data/processed/torgo_aai_features/FC02/Session3/0348.npz,204,12,1|1|1|1|1|1|1|1|1|1|1|1,,head_audio_pos_same_start_100hz
FC02,control,Session3,0349,data/processed/torgo_aai_features/FC02/Session3/0349.npz,337,12,1|1|1|1|1|1|1|1|1|1|1|1,,head_audio_pos_same_start_100hz
FC02,control,Session3,0350,data/processed/torgo_aai_features/FC02/Session3/0350.npz,225,12,1|1|1|1|1|1|1|1|1|1|1|1,,head_audio_pos_same_start_100hz
FC02,control,Session3,0351,data/processed/torgo_aai_features/FC02/Session3/0351.npz,376,12,1|1|1|1|1|1|1|1|1|1|1|1,,head_audio_pos_same_start_100hz
FC02,control,Session3,0352,data/processed/torgo_aai_features/FC02/Session3/0352.npz,180,12,1|1|1|1|1|1|1|1|1|1|1|1,,head_audio_pos_same_start_100hz
FC02,control,Session3,0353,data/processed/torgo_aai_features/FC02/Session3/0353.npz,220,12,1|1|1|1|1|1|1|1|1|1|1|1,,head_audio_pos_same_start_100hz
FC02,control,Session3,0354,data/processed/torgo_aai_features/FC02/Session3/0354.npz,324,12,1|1|1|1|1|1|1|1|1|1|1|1,,head_audio_pos_same_start_100hz
FC02,control,Session3,0355,data/processed/torgo_aai_features/FC02/Session3/0355.npz,192,12,1|1|1|1|1|1|1|1|1|1|1|1,,head_audio_pos_same_start_100hz
FC02,control,Session3,0356,data/processed/torgo_aai_features/FC02/Session3/0356.npz,220,12,1|1|1|1|1|1|1|1|1|1|1|1,,head_audio_pos_same_start_100hz
FC02,control,Session3,0357,data/processed/torgo_aai_features/FC02/Session3/0357.npz,453,12,1|1|1|1|1|1|1|1|1|1|1|1,,head_audio_pos_same_start_100hz
FC02,control,Session3,0358,data/processed/torgo_aai_features/FC02/Session3/0358.npz,444,12,1|1|1|1|1|1|1|1|1|1|1|1,,head_audio_pos_same_start_100hz
FC02,control,Session3,0359,data/processed/torgo_aai_features/FC02/Session3/0359.npz,554,12,1|1|1|1|1|1|1|1|1|1|1|1,,head_audio_pos_same_start_100hz
FC02,control,Session3,0360,data/processed/torgo_aai_features/FC02/Session3/0360.npz,237,12,1|1|1|1|1|1|1|1|1|1|1|1,,head_audio_pos_same_start_100hz
FC02,control,Session3,0361,data/processed/torgo_aai_features/FC02/Session3/0361.npz,322,12,1|1|1|1|1|1|1|1|1|1|1|1,,head_audio_pos_same_start_100hz
FC02,control,Session3,0362,data/processed/torgo_aai_features/FC02/Session3/0362.npz,417,12,1|1|1|1|1|1|1|1|1|1|1|1,,head_audio_pos_same_start_100hz
FC02,control,Session3,0363,data/processed/torgo_aai_features/FC02/Session3/0363.npz,174,12,1|1|1|1|1|1|1|1|1|1|1|1,,head_audio_pos_same_start_100hz
FC02,control,Session3,0364,data/processed/torgo_aai_features/FC02/Session3/0364.npz,183,12,1|1|1|1|1|1|1|1|1|1|1|1,,head_audio_pos_same_start_100hz
FC02,control,Session3,0365,data/processed/torgo_aai_features/FC02/Session3/0365.npz,670,12,1|1|1|1|1|1|1|1|1|1|1|1,,head_audio_pos_same_start_100hz
FC02,control,Session3,0366,data/processed/torgo_aai_features/FC02/Session3/0366.npz,241,12,1|1|1|1|1|1|1|1|1|1|1|1,,head_audio_pos_same_start_100hz
FC02,control,Session3,0367,data/processed/torgo_aai_features/FC02/Session3/0367.npz,222,12,1|1|1|1|1|1|1|1|1|1|1|1,,head_audio_pos_same_start_100hz
FC02,control,Session3,0368,data/processed/torgo_aai_features/FC02/Session3/0368.npz,187,12,1|1|1|1|1|1|1|1|1|1|1|1,,head_audio_pos_same_start_100hz
FC02,control,Session3,0369,data/processed/torgo_aai_features/FC02/Session3/0369.npz,471,12,1|1|1|1|1|1|1|1|1|1|1|1,,head_audio_pos_same_start_100hz
FC02,control,Session3,0370,data/processed/torgo_aai_features/FC02/Session3/0370.npz,206,12,1|1|1|1|1|1|1|1|1|1|1|1,,head_audio_pos_same_start_100hz
FC02,control,Session3,0371,data/processed/torgo_aai_features/FC02/Session3/0371.npz,208,12,1|1|1|1|1|1|1|1|1|1|1|1,,head_audio_pos_same_start_100hz
FC02,control,Session3,0372,data/processed/torgo_aai_features/FC02/Session3/0372.npz,170,12,1|1|1|1|1|1|1|1|1|1|1|1,,head_audio_pos_same_start_100hz
FC02,control,Session3,0373,data/processed/torgo_aai_features/FC02/Session3/0373.npz,188,12,1|1|1|1|1|1|1|1|1|1|1|1,,head_audio_pos_same_start_100hz
FC02,control,Session3,0374,data/processed/torgo_aai_features/FC02/Session3/0374.npz,186,12,1|1|1|1|1|1|1|1|1|1|1|1,,head_audio_pos_same_start_100hz
FC02,control,Session3,0375,data/processed/torgo_aai_features/FC02/Session3/0375.npz,177,12,1|1|1|1|1|1|1|1|1|1|1|1,,head_audio_pos_same_start_100hz
FC02,control,Session3,0376,data/processed/torgo_aai_features/FC02/Session3/0376.npz,178,12,1|1|1|1|1|1|1|1|1|1|1|1,,head_audio_pos_same_start_100hz
FC02,control,Session3,0377,data/processed/torgo_aai_features/FC02/Session3/0377.npz,181,12,1|1|1|1|1|1|1|1|1|1|1|1,,head_audio_pos_same_start_100hz
FC02,control,Session3,0378,data/processed/torgo_aai_features/FC02/Session3/0378.npz,200,12,1|1|1|1|1|1|1|1|1|1|1|1,,head_audio_pos_same_start_100hz
FC02,control,Session3,0379,data/processed/torgo_aai_features/FC02/Session3/0379.npz,336,12,1|1|1|1|1|1|1|1|1|1|1|1,,head_audio_pos_same_start_100hz
FC02,control,Session3,0380,data/processed/torgo_aai_features/FC02/Session3/0380.npz,279,12,1|1|1|1|1|1|1|1|1|1|1|1,,head_audio_pos_same_start_100hz
FC02,control,Session3,0381,data/processed/torgo_aai_features/FC02/Session3/0381.npz,194,12,1|1|1|1|1|1|1|1|1|1|1|1,,head_audio_pos_same_start_100hz
FC02,control,Session3,0382,data/processed/torgo_aai_features/FC02/Session3/0382.npz,213,12,1|1|1|1|1|1|1|1|1|1|1|1,,head_audio_pos_same_start_100hz
FC02,control,Session3,0383,data/processed/torgo_aai_features/FC02/Session3/0383.npz,429,12,1|1|1|1|1|1|1|1|1|1|1|1,,head_audio_pos_same_start_100hz
FC02,control,Session3,0384,data/processed/torgo_aai_features/FC02/Session3/0384.npz,204,12,1|1|1|1|1|1|1|1|1|1|1|1,,head_audio_pos_same_start_100hz
FC02,control,Session3,0385,data/processed/torgo_aai_features/FC02/Session3/0385.npz,185,12,1|1|1|1|1|1|1|1|1|1|1|1,,head_audio_pos_same_start_100hz
FC02,control,Session3,0386,data/processed/torgo_aai_features/FC02/Session3/0386.npz,203,12,1|1|1|1|1|1|1|1|1|1|1|1,,head_audio_pos_same_start_100hz
FC02,control,Session3,0387,data/processed/torgo_aai_features/FC02/Session3/0387.npz,192,12,1|1|1|1|1|1|1|1|1|1|1|1,,head_audio_pos_same_start_100hz
FC02,control,Session3,0388,data/processed/torgo_aai_features/FC02/Session3/0388.npz,328,12,1|1|1|1|1|1|1|1|1|1|1|1,,head_audio_pos_same_start_100hz
FC02,control,Session3,0389,data/processed/torgo_aai_features/FC02/Session3/0389.npz,196,12,1|1|1|1|1|1|1|1|1|1|1|1,,head_audio_pos_same_start_100hz
FC02,control,Session3,0390,data/processed/torgo_aai_features/FC02/Session3/0390.npz,200,12,1|1|1|1|1|1|1|1|1|1|1|1,,head_audio_pos_same_start_100hz
FC02,control,Session3,0391,data/processed/torgo_aai_features/FC02/Session3/0391.npz,331,12,1|1|1|1|1|1|1|1|1|1|1|1,,head_audio_pos_same_start_100hz
FC02,control,Session3,0392,data/processed/torgo_aai_features/FC02/Session3/0392.npz,208,12,1|1|1|1|1|1|1|1|1|1|1|1,,head_audio_pos_same_start_100hz
FC02,control,Session3,0393,data/processed/torgo_aai_features/FC02/Session3/0393.npz,185,12,1|1|1|1|1|1|1|1|1|1|1|1,,head_audio_pos_same_start_100hz
FC02,control,Session3,0394,data/processed/torgo_aai_features/FC02/Session3/0394.npz,186,12,1|1|1|1|1|1|1|1|1|1|1|1,,head_audio_pos_same_start_100hz
FC02,control,Session3,0395,data/processed/torgo_aai_features/FC02/Session3/0395.npz,185,12,1|1|1|1|1|1|1|1|1|1|1|1,,head_audio_pos_same_start_100hz
FC02,control,Session3,0396,data/processed/torgo_aai_features/FC02/Session3/0396.npz,203,12,1|1|1|1|1|1|1|1|1|1|1|1,,head_audio_pos_same_start_100hz
FC02,control,Session3,0397,data/processed/torgo_aai_features/FC02/Session3/0397.npz,196,12,1|1|1|1|1|1|1|1|1|1|1|1,,head_audio_pos_same_start_100hz
FC02,control,Session3,0398,data/processed/torgo_aai_features/FC02/Session3/0398.npz,370,12,1|1|1|1|1|1|1|1|1|1|1|1,,head_audio_pos_same_start_100hz
FC02,control,Session3,0399,data/processed/torgo_aai_features/FC02/Session3/0399.npz,406,12,1|1|1|1|1|1|1|1|1|1|1|1,,head_audio_pos_same_start_100hz
FC02,control,Session3,0400,data/processed/torgo_aai_features/FC02/Session3/0400.npz,253,12,1|1|1|1|1|1|1|1|1|1|1|1,,head_audio_pos_same_start_100hz
FC02,control,Session3,0401,data/processed/torgo_aai_features/FC02/Session3/0401.npz,172,12,1|1|1|1|1|1|1|1|1|1|1|1,,head_audio_pos_same_start_100hz
FC02,control,Session3,0402,data/processed/torgo_aai_features/FC02/Session3/0402.npz,170,12,1|1|1|1|1|1|1|1|1|1|1|1,,head_audio_pos_same_start_100hz
FC02,control,Session3,0403,data/processed/torgo_aai_features/FC02/Session3/0403.npz,186,12,1|1|1|1|1|1|1|1|1|1|1|1,,head_audio_pos_same_start_100hz
FC02,control,Session3,0404,data/processed/torgo_aai_features/FC02/Session3/0404.npz,194,12,1|1|1|1|1|1|1|1|1|1|1|1,,head_audio_pos_same_start_100hz
FC02,control,Session3,0405,data/processed/torgo_aai_features/FC02/Session3/0405.npz,180,12,1|1|1|1|1|1|1|1|1|1|1|1,,head_audio_pos_same_start_100hz
FC02,control,Session3,0406,data/processed/torgo_aai_features/FC02/Session3/0406.npz,191,12,1|1|1|1|1|1|1|1|1|1|1|1,,head_audio_pos_same_start_100hz
FC02,control,Session3,0407,data/processed/torgo_aai_features/FC02/Session3/0407.npz,418,12,1|1|1|1|1|1|1|1|1|1|1|1,,head_audio_pos_same_start_100hz
FC02,control,Session3,0408,data/processed/torgo_aai_features/FC02/Session3/0408.npz,176,12,1|1|1|1|1|1|1|1|1|1|1|1,,head_audio_pos_same_start_100hz
FC02,control,Session3,0409,data/processed/torgo_aai_features/FC02/Session3/0409.npz,201,12,1|1|1|1|1|1|1|1|1|1|1|1,,head_audio_pos_same_start_100hz
FC02,control,Session3,0410,data/processed/torgo_aai_features/FC02/Session3/0410.npz,191,12,1|1|1|1|1|1|1|1|1|1|1|1,,head_audio_pos_same_start_100hz
FC02,control,Session3,0411,data/processed/torgo_aai_features/FC02/Session3/0411.npz,178,12,1|1|1|1|1|1|1|1|1|1|1|1,,head_audio_pos_same_start_100hz
FC02,control,Session3,0412,data/processed/torgo_aai_features/FC02/Session3/0412.npz,211,12,1|1|1|1|1|1|1|1|1|1|1|1,,head_audio_pos_same_start_100hz
FC02,control,Session3,0413,data/processed/torgo_aai_features/FC02/Session3/0413.npz,512,12,1|1|1|1|1|1|1|1|1|1|1|1,,head_audio_pos_same_start_100hz
FC02,control,Session3,0414,data/processed/torgo_aai_features/FC02/Session3/0414.npz,231,12,1|1|1|1|1|1|1|1|1|1|1|1,,head_audio_pos_same_start_100hz
FC02,control,Session3,0415,data/processed/torgo_aai_features/FC02/Session3/0415.npz,329,12,1|1|1|1|1|1|1|1|1|1|1|1,,head_audio_pos_same_start_100hz
FC02,control,Session3,0416,data/processed/torgo_aai_features/FC02/Session3/0416.npz,390,12,1|1|1|1|1|1|1|1|1|1|1|1,,head_audio_pos_same_start_100hz
FC02,control,Session3,0417,data/processed/torgo_aai_features/FC02/Session3/0417.npz,189,12,1|1|1|1|1|1|1|1|1|1|1|1,,head_audio_pos_same_start_100hz
FC02,control,Session3,0418,data/processed/torgo_aai_features/FC02/Session3/0418.npz,188,12,1|1|1|1|1|1|1|1|1|1|1|1,,head_audio_pos_same_start_100hz
FC02,control,Session3,0419,data/processed/torgo_aai_features/FC02/Session3/0419.npz,186,12,1|1|1|1|1|1|1|1|1|1|1|1,,head_audio_pos_same_start_100hz
FC02,control,Session3,0420,data/processed/torgo_aai_features/FC02/Session3/0420.npz,430,12,1|1|1|1|1|1|1|1|1|1|1|1,,head_audio_pos_same_start_100hz
FC02,control,Session3,0421,data/processed/torgo_aai_features/FC02/Session3/0421.npz,226,12,1|1|1|1|1|1|1|1|1|1|1|1,,head_audio_pos_same_start_100hz
FC02,control,Session3,0422,data/processed/torgo_aai_features/FC02/Session3/0422.npz,430,12,1|1|1|1|1|1|1|1|1|1|1|1,,head_audio_pos_same_start_100hz
FC02,control,Session3,0423,data/processed/torgo_aai_features/FC02/Session3/0423.npz,198,12,1|1|1|1|1|1|1|1|1|1|1|1,,head_audio_pos_same_start_100hz
FC02,control,Session3,0424,data/processed/torgo_aai_features/FC02/Session3/0424.npz,246,12,1|1|1|1|1|1|1|1|1|1|1|1,,head_audio_pos_same_start_100hz
FC02,control,Session3,0425,data/processed/torgo_aai_features/FC02/Session3/0425.npz,191,12,1|1|1|1|1|1|1|1|1|1|1|1,,head_audio_pos_same_start_100hz
FC02,control,Session3,0426,data/processed/torgo_aai_features/FC02/Session3/0426.npz,195,12,1|1|1|1|1|1|1|1|1|1|1|1,,head_audio_pos_same_start_100hz
FC02,control,Session3,0427,data/processed/torgo_aai_features/FC02/Session3/0427.npz,185,12,1|1|1|1|1|1|1|1|1|1|1|1,,head_audio_pos_same_start_100hz
FC02,control,Session3,0428,data/processed/torgo_aai_features/FC02/Session3/0428.npz,224,12,1|1|1|1|1|1|1|1|1|1|1|1,,head_audio_pos_same_start_100hz
FC02,control,Session3,0429,data/processed/torgo_aai_features/FC02/Session3/0429.npz,429,12,1|1|1|1|1|1|1|1|1|1|1|1,,head_audio_pos_same_start_100hz
FC02,control,Session3,0430,data/processed/torgo_aai_features/FC02/Session3/0430.npz,347,12,1|1|1|1|1|1|1|1|1|1|1|1,,head_audio_pos_same_start_100hz
FC02,control,Session3,0431,data/processed/torgo_aai_features/FC02/Session3/0431.npz,188,12,1|1|1|1|1|1|1|1|1|1|1|1,,head_audio_pos_same_start_100hz
FC02,control,Session3,0432,data/processed/torgo_aai_features/FC02/Session3/0432.npz,377,12,1|1|1|1|1|1|1|1|1|1|1|1,,head_audio_pos_same_start_100hz
FC02,control,Session3,0433,data/processed/torgo_aai_features/FC02/Session3/0433.npz,188,12,1|1|1|1|1|1|1|1|1|1|1|1,,head_audio_pos_same_start_100hz
FC02,control,Session3,0434,data/processed/torgo_aai_features/FC02/Session3/0434.npz,180,12,1|1|1|1|1|1|1|1|1|1|1|1,,head_audio_pos_same_start_100hz
FC02,control,Session3,0435,data/processed/torgo_aai_features/FC02/Session3/0435.npz,300,12,1|1|1|1|1|1|1|1|1|1|1|1,,head_audio_pos_same_start_100hz
FC02,control,Session3,0436,data/processed/torgo_aai_features/FC02/Session3/0436.npz,205,12,1|1|1|1|1|1|1|1|1|1|1|1,,head_audio_pos_same_start_100hz
FC02,control,Session3,0437,data/processed/torgo_aai_features/FC02/Session3/0437.npz,188,12,1|1|1|1|1|1|1|1|1|1|1|1,,head_audio_pos_same_start_100hz
FC02,control,Session3,0438,data/processed/torgo_aai_features/FC02/Session3/0438.npz,523,12,1|1|1|1|1|1|1|1|1|1|1|1,,head_audio_pos_same_start_100hz
FC02,control,Session3,0439,data/processed/torgo_aai_features/FC02/Session3/0439.npz,336,12,1|1|1|1|1|1|1|1|1|1|1|1,,head_audio_pos_same_start_100hz
FC02,control,Session3,0440,data/processed/torgo_aai_features/FC02/Session3/0440.npz,199,12,1|1|1|1|1|1|1|1|1|1|1|1,,head_audio_pos_same_start_100hz
FC02,control,Session3,0441,data/processed/torgo_aai_features/FC02/Session3/0441.npz,181,12,1|1|1|1|1|1|1|1|1|1|1|1,,head_audio_pos_same_start_100hz
FC02,control,Session3,0442,data/processed/torgo_aai_features/FC02/Session3/0442.npz,211,12,1|1|1|1|1|1|1|1|1|1|1|1,,head_audio_pos_same_start_100hz
FC02,control,Session3,0443,data/processed/torgo_aai_features/FC02/Session3/0443.npz,204,12,1|1|1|1|1|1|1|1|1|1|1|1,,head_audio_pos_same_start_100hz
FC02,control,Session3,0444,data/processed/torgo_aai_features/FC02/Session3/0444.npz,199,12,1|1|1|1|1|1|1|1|1|1|1|1,,head_audio_pos_same_start_100hz
FC02,control,Session3,0445,data/processed/torgo_aai_features/FC02/Session3/0445.npz,396,12,1|1|1|1|1|1|1|1|1|1|1|1,,head_audio_pos_same_start_100hz
FC02,control,Session3,0446,data/processed/torgo_aai_features/FC02/Session3/0446.npz,216,12,1|1|1|1|1|1|1|1|1|1|1|1,,head_audio_pos_same_start_100hz
FC02,control,Session3,0447,data/processed/torgo_aai_features/FC02/Session3/0447.npz,207,12,1|1|1|1|1|1|1|1|1|1|1|1,,head_audio_pos_same_start_100hz
FC02,control,Session3,0448,data/processed/torgo_aai_features/FC02/Session3/0448.npz,627,12,1|1|1|1|1|1|1|1|1|1|1|1,,head_audio_pos_same_start_100hz
FC02,control,Session3,0449,data/processed/torgo_aai_features/FC02/Session3/0449.npz,197,12,1|1|1|1|1|1|1|1|1|1|1|1,,head_audio_pos_same_start_100hz
FC02,control,Session3,0450,data/processed/torgo_aai_features/FC02/Session3/0450.npz,427,12,1|1|1|1|1|1|1|1|1|1|1|1,,head_audio_pos_same_start_100hz
FC02,control,Session3,0451,data/processed/torgo_aai_features/FC02/Session3/0451.npz,183,12,1|1|1|1|1|1|1|1|1|1|1|1,,head_audio_pos_same_start_100hz
FC02,control,Session3,0452,data/processed/torgo_aai_features/FC02/Session3/0452.npz,331,12,1|1|1|1|1|1|1|1|1|1|1|1,,head_audio_pos_same_start_100hz
FC02,control,Session3,0453,data/processed/torgo_aai_features/FC02/Session3/0453.npz,380,12,1|1|1|1|1|1|1|1|1|1|1|1,,head_audio_pos_same_start_100hz
FC02,control,Session3,0454,data/processed/torgo_aai_features/FC02/Session3/0454.npz,227,12,1|1|1|1|1|1|1|1|1|1|1|1,,head_audio_pos_same_start_100hz
FC02,control,Session3,0455,data/processed/torgo_aai_features/FC02/Session3/0455.npz,181,12,1|1|1|1|1|1|1|1|1|1|1|1,,head_audio_pos_same_start_100hz
FC02,control,Session3,0456,data/processed/torgo_aai_features/FC02/Session3/0456.npz,183,12,1|1|1|1|1|1|1|1|1|1|1|1,,head_audio_pos_same_start_100hz
FC02,control,Session3,0457,data/processed/torgo_aai_features/FC02/Session3/0457.npz,326,12,1|1|1|1|1|1|1|1|1|1|1|1,,head_audio_pos_same_start_100hz
FC02,control,Session3,0458,data/processed/torgo_aai_features/FC02/Session3/0458.npz,329,12,1|1|1|1|1|1|1|1|1|1|1|1,,head_audio_pos_same_start_100hz
FC02,control,Session3,0459,data/processed/torgo_aai_features/FC02/Session3/0459.npz,186,12,1|1|1|1|1|1|1|1|1|1|1|1,,head_audio_pos_same_start_100hz
FC02,control,Session3,0460,data/processed/torgo_aai_features/FC02/Session3/0460.npz,196,12,1|1|1|1|1|1|1|1|1|1|1|1,,head_audio_pos_same_start_100hz
FC02,control,Session3,0461,data/processed/torgo_aai_features/FC02/Session3/0461.npz,348,12,1|1|1|1|1|1|1|1|1|1|1|1,,head_audio_pos_same_start_100hz
FC02,control,Session3,0462,data/processed/torgo_aai_features/FC02/Session3/0462.npz,389,12,1|1|1|1|1|1|1|1|1|1|1|1,,head_audio_pos_same_start_100hz
FC02,control,Session3,0463,data/processed/torgo_aai_features/FC02/Session3/0463.npz,279,12,1|1|1|1|1|1|1|1|1|1|1|1,,head_audio_pos_same_start_100hz
FC02,control,Session3,0464,data/processed/torgo_aai_features/FC02/Session3/0464.npz,207,12,1|1|1|1|1|1|1|1|1|1|1|1,,head_audio_pos_same_start_100hz
FC02,control,Session3,0465,data/processed/torgo_aai_features/FC02/Session3/0465.npz,184,12,1|1|1|1|1|1|1|1|1|1|1|1,,head_audio_pos_same_start_100hz
FC02,control,Session3,0466,data/processed/torgo_aai_features/FC02/Session3/0466.npz,202,12,1|1|1|1|1|1|1|1|1|1|1|1,,head_audio_pos_same_start_100hz
FC02,control,Session3,0467,data/processed/torgo_aai_features/FC02/Session3/0467.npz,178,12,1|1|1|1|1|1|1|1|1|1|1|1,,head_audio_pos_same_start_100hz
FC02,control,Session3,0468,data/processed/torgo_aai_features/FC02/Session3/0468.npz,475,12,1|1|1|1|1|1|1|1|1|1|1|1,,head_audio_pos_same_start_100hz
FC02,control,Session3,0469,data/processed/torgo_aai_features/FC02/Session3/0469.npz,294,12,1|1|1|1|1|1|1|1|1|1|1|1,,head_audio_pos_same_start_100hz
FC02,control,Session3,0470,data/processed/torgo_aai_features/FC02/Session3/0470.npz,184,12,1|1|1|1|1|1|1|1|1|1|1|1,,head_audio_pos_same_start_100hz
FC02,control,Session3,0471,data/processed/torgo_aai_features/FC02/Session3/0471.npz,181,12,1|1|1|1|1|1|1|1|1|1|1|1,,head_audio_pos_same_start_100hz
FC02,control,Session3,0472,data/processed/torgo_aai_features/FC02/Session3/0472.npz,174,12,1|1|1|1|1|1|1|1|1|1|1|1,,head_audio_pos_same_start_100hz
FC02,control,Session3,0473,data/processed/torgo_aai_features/FC02/Session3/0473.npz,399,12,1|1|1|1|1|1|1|1|1|1|1|1,,head_audio_pos_same_start_100hz
FC02,control,Session3,0474,data/processed/torgo_aai_features/FC02/Session3/0474.npz,182,12,1|1|1|1|1|1|1|1|1|1|1|1,,head_audio_pos_same_start_100hz
FC02,control,Session3,0475,data/processed/torgo_aai_features/FC02/Session3/0475.npz,198,12,1|1|1|1|1|1|1|1|1|1|1|1,,head_audio_pos_same_start_100hz
FC02,control,Session3,0476,data/processed/torgo_aai_features/FC02/Session3/0476.npz,188,12,1|1|1|1|1|1|1|1|1|1|1|1,,head_audio_pos_same_start_100hz
FC02,control,Session3,0477,data/processed/torgo_aai_features/FC02/Session3/0477.npz,413,10,1|1|1|1|1|0|1|1|1|1|1|0,1,head_audio_pos_same_start_100hz
FC02,control,Session3,0478,data/processed/torgo_aai_features/FC02/Session3/0478.npz,190,12,1|1|1|1|1|1|1|1|1|1|1|1,,head_audio_pos_same_start_100hz
FC02,control,Session3,0479,data/processed/torgo_aai_features/FC02/Session3/0479.npz,183,12,1|1|1|1|1|1|1|1|1|1|1|1,,head_audio_pos_same_start_100hz
FC02,control,Session3,0480,data/processed/torgo_aai_features/FC02/Session3/0480.npz,182,12,1|1|1|1|1|1|1|1|1|1|1|1,,head_audio_pos_same_start_100hz
FC02,control,Session3,0481,data/processed/torgo_aai_features/FC02/Session3/0481.npz,452,10,1|1|1|1|1|0|1|1|1|1|1|0,1,head_audio_pos_same_start_100hz
FC02,control,Session3,0482,data/processed/torgo_aai_features/FC02/Session3/0482.npz,32,12,1|1|1|1|1|1|1|1|1|1|1|1,,head_audio_pos_same_start_100hz
FC02,control,Session3,0483,data/processed/torgo_aai_features/FC02/Session3/0483.npz,209,12,1|1|1|1|1|1|1|1|1|1|1|1,,head_audio_pos_same_start_100hz
FC02,control,Session3,0484,data/processed/torgo_aai_features/FC02/Session3/0484.npz,624,12,1|1|1|1|1|1|1|1|1|1|1|1,,head_audio_pos_same_start_100hz
FC02,control,Session3,0485,data/processed/torgo_aai_features/FC02/Session3/0485.npz,322,12,1|1|1|1|1|1|1|1|1|1|1|1,,head_audio_pos_same_start_100hz
FC02,control,Session3,0486,data/processed/torgo_aai_features/FC02/Session3/0486.npz,320,12,1|1|1|1|1|1|1|1|1|1|1|1,,head_audio_pos_same_start_100hz
FC02,control,Session3,0487,data/processed/torgo_aai_features/FC02/Session3/0487.npz,201,12,1|1|1|1|1|1|1|1|1|1|1|1,,head_audio_pos_same_start_100hz
FC02,control,Session3,0488,data/processed/torgo_aai_features/FC02/Session3/0488.npz,196,12,1|1|1|1|1|1|1|1|1|1|1|1,,head_audio_pos_same_start_100hz
FC02,control,Session3,0489,data/processed/torgo_aai_features/FC02/Session3/0489.npz,185,12,1|1|1|1|1|1|1|1|1|1|1|1,,head_audio_pos_same_start_100hz
FC02,control,Session3,0490,data/processed/torgo_aai_features/FC02/Session3/0490.npz,175,12,1|1|1|1|1|1|1|1|1|1|1|1,,head_audio_pos_same_start_100hz
FC02,control,Session3,0491,data/processed/torgo_aai_features/FC02/Session3/0491.npz,199,12,1|1|1|1|1|1|1|1|1|1|1|1,,head_audio_pos_same_start_100hz
FC02,control,Session3,0492,data/processed/torgo_aai_features/FC02/Session3/0492.npz,214,12,1|1|1|1|1|1|1|1|1|1|1|1,,head_audio_pos_same_start_100hz
FC02,control,Session3,0493,data/processed/torgo_aai_features/FC02/Session3/0493.npz,158,12,1|1|1|1|1|1|1|1|1|1|1|1,,head_audio_pos_same_start_100hz
FC02,control,Session3,0494,data/processed/torgo_aai_features/FC02/Session3/0494.npz,176,12,1|1|1|1|1|1|1|1|1|1|1|1,,head_audio_pos_same_start_100hz
FC02,control,Session3,0495,data/processed/torgo_aai_features/FC02/Session3/0495.npz,278,12,1|1|1|1|1|1|1|1|1|1|1|1,,head_audio_pos_same_start_100hz
FC02,control,Session3,0496,data/processed/torgo_aai_features/FC02/Session3/0496.npz,216,12,1|1|1|1|1|1|1|1|1|1|1|1,,head_audio_pos_same_start_100hz
FC02,control,Session3,0497,data/processed/torgo_aai_features/FC02/Session3/0497.npz,220,12,1|1|1|1|1|1|1|1|1|1|1|1,,head_audio_pos_same_start_100hz
FC02,control,Session3,0498,data/processed/torgo_aai_features/FC02/Session3/0498.npz,167,12,1|1|1|1|1|1|1|1|1|1|1|1,,head_audio_pos_same_start_100hz
FC02,control,Session3,0499,data/processed/torgo_aai_features/FC02/Session3/0499.npz,377,10,1|1|1|1|1|0|1|1|1|1|1|0,1,head_audio_pos_same_start_100hz
FC02,control,Session3,0500,data/processed/torgo_aai_features/FC02/Session3/0500.npz,200,12,1|1|1|1|1|1|1|1|1|1|1|1,,head_audio_pos_same_start_100hz
FC02,control,Session3,0501,data/processed/torgo_aai_features/FC02/Session3/0501.npz,188,12,1|1|1|1|1|1|1|1|1|1|1|1,,head_audio_pos_same_start_100hz
FC02,control,Session3,0502,data/processed/torgo_aai_features/FC02/Session3/0502.npz,170,12,1|1|1|1|1|1|1|1|1|1|1|1,,head_audio_pos_same_start_100hz
FC02,control,Session3,0503,data/processed/torgo_aai_features/FC02/Session3/0503.npz,463,12,1|1|1|1|1|1|1|1|1|1|1|1,,head_audio_pos_same_start_100hz
FC02,control,Session3,0504,data/processed/torgo_aai_features/FC02/Session3/0504.npz,171,12,1|1|1|1|1|1|1|1|1|1|1|1,,head_audio_pos_same_start_100hz
FC02,control,Session3,0505,data/processed/torgo_aai_features/FC02/Session3/0505.npz,173,12,1|1|1|1|1|1|1|1|1|1|1|1,,head_audio_pos_same_start_100hz
FC02,control,Session3,0506,data/processed/torgo_aai_features/FC02/Session3/0506.npz,174,12,1|1|1|1|1|1|1|1|1|1|1|1,,head_audio_pos_same_start_100hz
FC02,control,Session3,0507,data/processed/torgo_aai_features/FC02/Session3/0507.npz,162,12,1|1|1|1|1|1|1|1|1|1|1|1,,head_audio_pos_same_start_100hz
FC02,control,Session3,0508,data/processed/torgo_aai_features/FC02/Session3/0508.npz,571,12,1|1|1|1|1|1|1|1|1|1|1|1,,head_audio_pos_same_start_100hz
FC02,control,Session3,0509,data/processed/torgo_aai_features/FC02/Session3/0509.npz,189,12,1|1|1|1|1|1|1|1|1|1|1|1,,head_audio_pos_same_start_100hz
FC02,control,Session3,0510,data/processed/torgo_aai_features/FC02/Session3/0510.npz,201,12,1|1|1|1|1|1|1|1|1|1|1|1,,head_audio_pos_same_start_100hz
FC02,control,Session3,0511,data/processed/torgo_aai_features/FC02/Session3/0511.npz,201,12,1|1|1|1|1|1|1|1|1|1|1|1,,head_audio_pos_same_start_100hz
FC02,control,Session3,0512,data/processed/torgo_aai_features/FC02/Session3/0512.npz,398,10,1|1|1|1|1|0|1|1|1|1|1|0,1,head_audio_pos_same_start_100hz
FC02,control,Session3,0513,data/processed/torgo_aai_features/FC02/Session3/0513.npz,185,12,1|1|1|1|1|1|1|1|1|1|1|1,,head_audio_pos_same_start_100hz
FC02,control,Session3,0514,data/processed/torgo_aai_features/FC02/Session3/0514.npz,191,12,1|1|1|1|1|1|1|1|1|1|1|1,,head_audio_pos_same_start_100hz
FC02,control,Session3,0515,data/processed/torgo_aai_features/FC02/Session3/0515.npz,376,12,1|1|1|1|1|1|1|1|1|1|1|1,,head_audio_pos_same_start_100hz
FC02,control,Session3,0516,data/processed/torgo_aai_features/FC02/Session3/0516.npz,224,12,1|1|1|1|1|1|1|1|1|1|1|1,,head_audio_pos_same_start_100hz
FC02,control,Session3,0517,data/processed/torgo_aai_features/FC02/Session3/0517.npz,180,12,1|1|1|1|1|1|1|1|1|1|1|1,,head_audio_pos_same_start_100hz
FC02,control,Session3,0518,data/processed/torgo_aai_features/FC02/Session3/0518.npz,229,12,1|1|1|1|1|1|1|1|1|1|1|1,,head_audio_pos_same_start_100hz
FC02,control,Session3,0519,data/processed/torgo_aai_features/FC02/Session3/0519.npz,226,12,1|1|1|1|1|1|1|1|1|1|1|1,,head_audio_pos_same_start_100hz
FC02,control,Session3,0520,data/processed/torgo_aai_features/FC02/Session3/0520.npz,198,12,1|1|1|1|1|1|1|1|1|1|1|1,,head_audio_pos_same_start_100hz
FC02,control,Session3,0521,data/processed/torgo_aai_features/FC02/Session3/0521.npz,186,12,1|1|1|1|1|1|1|1|1|1|1|1,,head_audio_pos_same_start_100hz
FC02,control,Session3,0522,data/processed/torgo_aai_features/FC02/Session3/0522.npz,206,12,1|1|1|1|1|1|1|1|1|1|1|1,,head_audio_pos_same_start_100hz
FC02,control,Session3,0523,data/processed/torgo_aai_features/FC02/Session3/0523.npz,177,12,1|1|1|1|1|1|1|1|1|1|1|1,,head_audio_pos_same_start_100hz
FC02,control,Session3,0524,data/processed/torgo_aai_features/FC02/Session3/0524.npz,187,12,1|1|1|1|1|1|1|1|1|1|1|1,,head_audio_pos_same_start_100hz
FC02,control,Session3,0525,data/processed/torgo_aai_features/FC02/Session3/0525.npz,212,12,1|1|1|1|1|1|1|1|1|1|1|1,,head_audio_pos_same_start_100hz
FC02,control,Session3,0526,data/processed/torgo_aai_features/FC02/Session3/0526.npz,186,12,1|1|1|1|1|1|1|1|1|1|1|1,,head_audio_pos_same_start_100hz
FC02,control,Session3,0527,data/processed/torgo_aai_features/FC02/Session3/0527.npz,195,12,1|1|1|1|1|1|1|1|1|1|1|1,,head_audio_pos_same_start_100hz
FC02,control,Session3,0528,data/processed/torgo_aai_features/FC02/Session3/0528.npz,203,10,1|1|1|1|1|0|1|1|1|1|1|0,1,head_audio_pos_same_start_100hz
FC02,control,Session3,0529,data/processed/torgo_aai_features/FC02/Session3/0529.npz,182,12,1|1|1|1|1|1|1|1|1|1|1|1,,head_audio_pos_same_start_100hz
FC02,control,Session3,0530,data/processed/torgo_aai_features/FC02/Session3/0530.npz,507,12,1|1|1|1|1|1|1|1|1|1|1|1,,head_audio_pos_same_start_100hz
FC02,control,Session3,0531,data/processed/torgo_aai_features/FC02/Session3/0531.npz,195,12,1|1|1|1|1|1|1|1|1|1|1|1,,head_audio_pos_same_start_100hz
FC02,control,Session3,0532,data/processed/torgo_aai_features/FC02/Session3/0532.npz,453,12,1|1|1|1|1|1|1|1|1|1|1|1,,head_audio_pos_same_start_100hz
FC02,control,Session3,0533,data/processed/torgo_aai_features/FC02/Session3/0533.npz,198,12,1|1|1|1|1|1|1|1|1|1|1|1,,head_audio_pos_same_start_100hz
FC02,control,Session3,0534,data/processed/torgo_aai_features/FC02/Session3/0534.npz,188,12,1|1|1|1|1|1|1|1|1|1|1|1,,head_audio_pos_same_start_100hz
FC02,control,Session3,0535,data/processed/torgo_aai_features/FC02/Session3/0535.npz,204,10,1|1|1|1|1|0|1|1|1|1|1|0,1,head_audio_pos_same_start_100hz
FC02,control,Session3,0536,data/processed/torgo_aai_features/FC02/Session3/0536.npz,520,12,1|1|1|1|1|1|1|1|1|1|1|1,,head_audio_pos_same_start_100hz
FC02,control,Session3,0537,data/processed/torgo_aai_features/FC02/Session3/0537.npz,224,12,1|1|1|1|1|1|1|1|1|1|1|1,,head_audio_pos_same_start_100hz
FC02,control,Session3,0538,data/processed/torgo_aai_features/FC02/Session3/0538.npz,195,12,1|1|1|1|1|1|1|1|1|1|1|1,,head_audio_pos_same_start_100hz
FC02,control,Session3,0539,data/processed/torgo_aai_features/FC02/Session3/0539.npz,214,12,1|1|1|1|1|1|1|1|1|1|1|1,,head_audio_pos_same_start_100hz
FC02,control,Session3,0540,data/processed/torgo_aai_features/FC02/Session3/0540.npz,521,12,1|1|1|1|1|1|1|1|1|1|1|1,,head_audio_pos_same_start_100hz
FC02,control,Session3,0541,data/processed/torgo_aai_features/FC02/Session3/0541.npz,197,10,1|1|1|1|1|0|1|1|1|1|1|0,1,head_audio_pos_same_start_100hz
FC02,control,Session3,0542,data/processed/torgo_aai_features/FC02/Session3/0542.npz,205,12,1|1|1|1|1|1|1|1|1|1|1|1,,head_audio_pos_same_start_100hz
FC02,control,Session3,0543,data/processed/torgo_aai_features/FC02/Session3/0543.npz,218,12,1|1|1|1|1|1|1|1|1|1|1|1,,head_audio_pos_same_start_100hz
FC02,control,Session3,0544,data/processed/torgo_aai_features/FC02/Session3/0544.npz,543,10,1|1|1|1|1|0|1|1|1|1|1|0,1,head_audio_pos_same_start_100hz
FC02,control,Session3,0545,data/processed/torgo_aai_features/FC02/Session3/0545.npz,546,10,1|1|1|1|1|0|1|1|1|1|1|0,1,head_audio_pos_same_start_100hz
FC02,control,Session3,0546,data/processed/torgo_aai_features/FC02/Session3/0546.npz,239,12,1|1|1|1|1|1|1|1|1|1|1|1,,head_audio_pos_same_start_100hz
FC02,control,Session3,0547,data/processed/torgo_aai_features/FC02/Session3/0547.npz,204,12,1|1|1|1|1|1|1|1|1|1|1|1,,head_audio_pos_same_start_100hz
FC02,control,Session3,0548,data/processed/torgo_aai_features/FC02/Session3/0548.npz,377,12,1|1|1|1|1|1|1|1|1|1|1|1,,head_audio_pos_same_start_100hz
FC02,control,Session3,0549,data/processed/torgo_aai_features/FC02/Session3/0549.npz,217,12,1|1|1|1|1|1|1|1|1|1|1|1,,head_audio_pos_same_start_100hz
FC02,control,Session3,0550,data/processed/torgo_aai_features/FC02/Session3/0550.npz,196,12,1|1|1|1|1|1|1|1|1|1|1|1,,head_audio_pos_same_start_100hz
FC02,control,Session3,0551,data/processed/torgo_aai_features/FC02/Session3/0551.npz,197,12,1|1|1|1|1|1|1|1|1|1|1|1,,head_audio_pos_same_start_100hz
FC02,control,Session3,0552,data/processed/torgo_aai_features/FC02/Session3/0552.npz,165,12,1|1|1|1|1|1|1|1|1|1|1|1,,head_audio_pos_same_start_100hz
FC02,control,Session3,0553,data/processed/torgo_aai_features/FC02/Session3/0553.npz,187,12,1|1|1|1|1|1|1|1|1|1|1|1,,head_audio_pos_same_start_100hz
FC02,control,Session3,0554,data/processed/torgo_aai_features/FC02/Session3/0554.npz,429,12,1|1|1|1|1|1|1|1|1|1|1|1,,head_audio_pos_same_start_100hz
FC02,control,Session3,0555,data/processed/torgo_aai_features/FC02/Session3/0555.npz,239,12,1|1|1|1|1|1|1|1|1|1|1|1,,head_audio_pos_same_start_100hz
FC02,control,Session3,0557,data/processed/torgo_aai_features/FC02/Session3/0557.npz,408,12,1|1|1|1|1|1|1|1|1|1|1|1,,head_audio_pos_same_start_100hz
FC02,control,Session3,0558,data/processed/torgo_aai_features/FC02/Session3/0558.npz,218,12,1|1|1|1|1|1|1|1|1|1|1|1,,head_audio_pos_same_start_100hz
FC02,control,Session3,0559,data/processed/torgo_aai_features/FC02/Session3/0559.npz,194,12,1|1|1|1|1|1|1|1|1|1|1|1,,head_audio_pos_same_start_100hz
FC02,control,Session3,0560,data/processed/torgo_aai_features/FC02/Session3/0560.npz,314,12,1|1|1|1|1|1|1|1|1|1|1|1,,head_audio_pos_same_start_100hz
FC02,control,Session3,0561,data/processed/torgo_aai_features/FC02/Session3/0561.npz,206,12,1|1|1|1|1|1|1|1|1|1|1|1,,head_audio_pos_same_start_100hz
FC02,control,Session3,0562,data/processed/torgo_aai_features/FC02/Session3/0562.npz,195,12,1|1|1|1|1|1|1|1|1|1|1|1,,head_audio_pos_same_start_100hz
FC02,control,Session3,0563,data/processed/torgo_aai_features/FC02/Session3/0563.npz,183,12,1|1|1|1|1|1|1|1|1|1|1|1,,head_audio_pos_same_start_100hz
FC02,control,Session3,0564,data/processed/torgo_aai_features/FC02/Session3/0564.npz,193,12,1|1|1|1|1|1|1|1|1|1|1|1,,head_audio_pos_same_start_100hz
FC02,control,Session3,0565,data/processed/torgo_aai_features/FC02/Session3/0565.npz,631,12,1|1|1|1|1|1|1|1|1|1|1|1,,head_audio_pos_same_start_100hz
FC02,control,Session3,0566,data/processed/torgo_aai_features/FC02/Session3/0566.npz,229,12,1|1|1|1|1|1|1|1|1|1|1|1,,head_audio_pos_same_start_100hz
FC02,control,Session3,0567,data/processed/torgo_aai_features/FC02/Session3/0567.npz,211,12,1|1|1|1|1|1|1|1|1|1|1|1,,head_audio_pos_same_start_100hz
FC02,control,Session3,0568,data/processed/torgo_aai_features/FC02/Session3/0568.npz,196,12,1|1|1|1|1|1|1|1|1|1|1|1,,head_audio_pos_same_start_100hz
FC02,control,Session3,0569,data/processed/torgo_aai_features/FC02/Session3/0569.npz,215,12,1|1|1|1|1|1|1|1|1|1|1|1,,head_audio_pos_same_start_100hz
FC02,control,Session3,0570,data/processed/torgo_aai_features/FC02/Session3/0570.npz,365,12,1|1|1|1|1|1|1|1|1|1|1|1,,head_audio_pos_same_start_100hz
FC02,control,Session3,0571,data/processed/torgo_aai_features/FC02/Session3/0571.npz,203,12,1|1|1|1|1|1|1|1|1|1|1|1,,head_audio_pos_same_start_100hz
FC02,control,Session3,0572,data/processed/torgo_aai_features/FC02/Session3/0572.npz,211,12,1|1|1|1|1|1|1|1|1|1|1|1,,head_audio_pos_same_start_100hz
FC02,control,Session3,0573,data/processed/torgo_aai_features/FC02/Session3/0573.npz,396,10,1|1|1|1|1|0|1|1|1|1|1|0,1,head_audio_pos_same_start_100hz
FC02,control,Session3,0574,data/processed/torgo_aai_features/FC02/Session3/0574.npz,191,12,1|1|1|1|1|1|1|1|1|1|1|1,,head_audio_pos_same_start_100hz
FC02,control,Session3,0575,data/processed/torgo_aai_features/FC02/Session3/0575.npz,177,12,1|1|1|1|1|1|1|1|1|1|1|1,,head_audio_pos_same_start_100hz
FC02,control,Session3,0576,data/processed/torgo_aai_features/FC02/Session3/0576.npz,190,10,1|1|1|1|1|0|1|1|1|1|1|0,1,head_audio_pos_same_start_100hz
FC02,control,Session3,0577,data/processed/torgo_aai_features/FC02/Session3/0577.npz,183,12,1|1|1|1|1|1|1|1|1|1|1|1,,head_audio_pos_same_start_100hz
FC02,control,Session3,0578,data/processed/torgo_aai_features/FC02/Session3/0578.npz,181,12,1|1|1|1|1|1|1|1|1|1|1|1,,head_audio_pos_same_start_100hz
FC02,control,Session3,0579,data/processed/torgo_aai_features/FC02/Session3/0579.npz,177,12,1|1|1|1|1|1|1|1|1|1|1|1,,head_audio_pos_same_start_100hz
FC02,control,Session3,0580,data/processed/torgo_aai_features/FC02/Session3/0580.npz,716,12,1|1|1|1|1|1|1|1|1|1|1|1,,head_audio_pos_same_start_100hz
FC02,control,Session3,0581,data/processed/torgo_aai_features/FC02/Session3/0581.npz,212,12,1|1|1|1|1|1|1|1|1|1|1|1,,head_audio_pos_same_start_100hz
FC02,control,Session3,0582,data/processed/torgo_aai_features/FC02/Session3/0582.npz,202,12,1|1|1|1|1|1|1|1|1|1|1|1,,head_audio_pos_same_start_100hz
FC02,control,Session3,0583,data/processed/torgo_aai_features/FC02/Session3/0583.npz,190,12,1|1|1|1|1|1|1|1|1|1|1|1,,head_audio_pos_same_start_100hz
FC02,control,Session3,0584,data/processed/torgo_aai_features/FC02/Session3/0584.npz,195,10,1|1|1|1|1|0|1|1|1|1|1|0,1,head_audio_pos_same_start_100hz
FC02,control,Session3,0585,data/processed/torgo_aai_features/FC02/Session3/0585.npz,190,12,1|1|1|1|1|1|1|1|1|1|1|1,,head_audio_pos_same_start_100hz
FC02,control,Session3,0586,data/processed/torgo_aai_features/FC02/Session3/0586.npz,346,12,1|1|1|1|1|1|1|1|1|1|1|1,,head_audio_pos_same_start_100hz
FC02,control,Session3,0587,data/processed/torgo_aai_features/FC02/Session3/0587.npz,188,12,1|1|1|1|1|1|1|1|1|1|1|1,,head_audio_pos_same_start_100hz
FC02,control,Session3,0588,data/processed/torgo_aai_features/FC02/Session3/0588.npz,203,10,1|1|1|1|0|1|1|1|1|1|0|1,2,head_audio_pos_same_start_100hz
FC02,control,Session3,0589,data/processed/torgo_aai_features/FC02/Session3/0589.npz,173,12,1|1|1|1|1|1|1|1|1|1|1|1,,head_audio_pos_same_start_100hz
FC02,control,Session3,0590,data/processed/torgo_aai_features/FC02/Session3/0590.npz,424,12,1|1|1|1|1|1|1|1|1|1|1|1,,head_audio_pos_same_start_100hz
FC02,control,Session3,0591,data/processed/torgo_aai_features/FC02/Session3/0591.npz,184,12,1|1|1|1|1|1|1|1|1|1|1|1,,head_audio_pos_same_start_100hz
FC02,control,Session3,0592,data/processed/torgo_aai_features/FC02/Session3/0592.npz,266,12,1|1|1|1|1|1|1|1|1|1|1|1,,head_audio_pos_same_start_100hz
FC02,control,Session3,0593,data/processed/torgo_aai_features/FC02/Session3/0593.npz,302,12,1|1|1|1|1|1|1|1|1|1|1|1,,head_audio_pos_same_start_100hz
FC02,control,Session3,0594,data/processed/torgo_aai_features/FC02/Session3/0594.npz,419,12,1|1|1|1|1|1|1|1|1|1|1|1,,head_audio_pos_same_start_100hz
FC02,control,Session3,0595,data/processed/torgo_aai_features/FC02/Session3/0595.npz,192,12,1|1|1|1|1|1|1|1|1|1|1|1,,head_audio_pos_same_start_100hz
FC02,control,Session3,0596,data/processed/torgo_aai_features/FC02/Session3/0596.npz,178,12,1|1|1|1|1|1|1|1|1|1|1|1,,head_audio_pos_same_start_100hz
FC02,control,Session3,0597,data/processed/torgo_aai_features/FC02/Session3/0597.npz,208,12,1|1|1|1|1|1|1|1|1|1|1|1,,head_audio_pos_same_start_100hz
FC02,control,Session3,0598,data/processed/torgo_aai_features/FC02/Session3/0598.npz,32,12,1|1|1|1|1|1|1|1|1|1|1|1,,head_audio_pos_same_start_100hz
FC02,control,Session3,0599,data/processed/torgo_aai_features/FC02/Session3/0599.npz,206,12,1|1|1|1|1|1|1|1|1|1|1|1,,head_audio_pos_same_start_100hz
FC02,control,Session3,0600,data/processed/torgo_aai_features/FC02/Session3/0600.npz,194,12,1|1|1|1|1|1|1|1|1|1|1|1,,head_audio_pos_same_start_100hz
FC02,control,Session3,0601,data/processed/torgo_aai_features/FC02/Session3/0601.npz,302,12,1|1|1|1|1|1|1|1|1|1|1|1,,head_audio_pos_same_start_100hz
FC02,control,Session3,0602,data/processed/torgo_aai_features/FC02/Session3/0602.npz,188,12,1|1|1|1|1|1|1|1|1|1|1|1,,head_audio_pos_same_start_100hz
FC02,control,Session3,0603,data/processed/torgo_aai_features/FC02/Session3/0603.npz,179,12,1|1|1|1|1|1|1|1|1|1|1|1,,head_audio_pos_same_start_100hz
FC02,control,Session3,0604,data/processed/torgo_aai_features/FC02/Session3/0604.npz,197,12,1|1|1|1|1|1|1|1|1|1|1|1,,head_audio_pos_same_start_100hz
FC02,control,Session3,0605,data/processed/torgo_aai_features/FC02/Session3/0605.npz,418,12,1|1|1|1|1|1|1|1|1|1|1|1,,head_audio_pos_same_start_100hz
FC02,control,Session3,0606,data/processed/torgo_aai_features/FC02/Session3/0606.npz,338,12,1|1|1|1|1|1|1|1|1|1|1|1,,head_audio_pos_same_start_100hz
FC02,control,Session3,0607,data/processed/torgo_aai_features/FC02/Session3/0607.npz,340,12,1|1|1|1|1|1|1|1|1|1|1|1,,head_audio_pos_same_start_100hz
FC02,control,Session3,0608,data/processed/torgo_aai_features/FC02/Session3/0608.npz,184,12,1|1|1|1|1|1|1|1|1|1|1|1,,head_audio_pos_same_start_100hz
FC02,control,Session3,0609,data/processed/torgo_aai_features/FC02/Session3/0609.npz,173,12,1|1|1|1|1|1|1|1|1|1|1|1,,head_audio_pos_same_start_100hz
FC02,control,Session3,0610,data/processed/torgo_aai_features/FC02/Session3/0610.npz,195,12,1|1|1|1|1|1|1|1|1|1|1|1,,head_audio_pos_same_start_100hz
FC02,control,Session3,0611,data/processed/torgo_aai_features/FC02/Session3/0611.npz,164,12,1|1|1|1|1|1|1|1|1|1|1|1,,head_audio_pos_same_start_100hz
FC02,control,Session3,0612,data/processed/torgo_aai_features/FC02/Session3/0612.npz,205,12,1|1|1|1|1|1|1|1|1|1|1|1,,head_audio_pos_same_start_100hz
FC02,control,Session3,0613,data/processed/torgo_aai_features/FC02/Session3/0613.npz,193,12,1|1|1|1|1|1|1|1|1|1|1|1,,head_audio_pos_same_start_100hz
FC02,control,Session3,0614,data/processed/torgo_aai_features/FC02/Session3/0614.npz,360,12,1|1|1|1|1|1|1|1|1|1|1|1,,head_audio_pos_same_start_100hz
FC02,control,Session3,0615,data/processed/torgo_aai_features/FC02/Session3/0615.npz,342,12,1|1|1|1|1|1|1|1|1|1|1|1,,head_audio_pos_same_start_100hz
FC02,control,Session3,0616,data/processed/torgo_aai_features/FC02/Session3/0616.npz,193,12,1|1|1|1|1|1|1|1|1|1|1|1,,head_audio_pos_same_start_100hz
FC02,control,Session3,0617,data/processed/torgo_aai_features/FC02/Session3/0617.npz,173,12,1|1|1|1|1|1|1|1|1|1|1|1,,head_audio_pos_same_start_100hz
FC02,control,Session3,0618,data/processed/torgo_aai_features/FC02/Session3/0618.npz,293,12,1|1|1|1|1|1|1|1|1|1|1|1,,head_audio_pos_same_start_100hz
FC02,control,Session3,0619,data/processed/torgo_aai_features/FC02/Session3/0619.npz,173,12,1|1|1|1|1|1|1|1|1|1|1|1,,head_audio_pos_same_start_100hz
FC02,control,Session3,0620,data/processed/torgo_aai_features/FC02/Session3/0620.npz,439,12,1|1|1|1|1|1|1|1|1|1|1|1,,head_audio_pos_same_start_100hz
FC02,control,Session3,0621,data/processed/torgo_aai_features/FC02/Session3/0621.npz,443,12,1|1|1|1|1|1|1|1|1|1|1|1,,head_audio_pos_same_start_100hz
FC02,control,Session3,0622,data/processed/torgo_aai_features/FC02/Session3/0622.npz,392,12,1|1|1|1|1|1|1|1|1|1|1|1,,head_audio_pos_same_start_100hz
FC02,control,Session3,0623,data/processed/torgo_aai_features/FC02/Session3/0623.npz,535,12,1|1|1|1|1|1|1|1|1|1|1|1,,head_audio_pos_same_start_100hz
FC02,control,Session3,0624,data/processed/torgo_aai_features/FC02/Session3/0624.npz,200,12,1|1|1|1|1|1|1|1|1|1|1|1,,head_audio_pos_same_start_100hz
FC02,control,Session3,0625,data/processed/torgo_aai_features/FC02/Session3/0625.npz,194,12,1|1|1|1|1|1|1|1|1|1|1|1,,head_audio_pos_same_start_100hz
FC02,control,Session3,0626,data/processed/torgo_aai_features/FC02/Session3/0626.npz,172,12,1|1|1|1|1|1|1|1|1|1|1|1,,head_audio_pos_same_start_100hz
FC02,control,Session3,0627,data/processed/torgo_aai_features/FC02/Session3/0627.npz,177,12,1|1|1|1|1|1|1|1|1|1|1|1,,head_audio_pos_same_start_100hz
FC02,control,Session3,0628,data/processed/torgo_aai_features/FC02/Session3/0628.npz,407,12,1|1|1|1|1|1|1|1|1|1|1|1,,head_audio_pos_same_start_100hz
FC02,control,Session3,0629,data/processed/torgo_aai_features/FC02/Session3/0629.npz,589,12,1|1|1|1|1|1|1|1|1|1|1|1,,head_audio_pos_same_start_100hz
FC02,control,Session3,0630,data/processed/torgo_aai_features/FC02/Session3/0630.npz,170,12,1|1|1|1|1|1|1|1|1|1|1|1,,head_audio_pos_same_start_100hz
FC02,control,Session3,0631,data/processed/torgo_aai_features/FC02/Session3/0631.npz,169,12,1|1|1|1|1|1|1|1|1|1|1|1,,head_audio_pos_same_start_100hz
FC02,control,Session3,0632,data/processed/torgo_aai_features/FC02/Session3/0632.npz,205,10,1|1|1|0|1|1|1|1|1|0|1|1,3,head_audio_pos_same_start_100hz
FC02,control,Session3,0633,data/processed/torgo_aai_features/FC02/Session3/0633.npz,160,12,1|1|1|1|1|1|1|1|1|1|1|1,,head_audio_pos_same_start_100hz
FC02,control,Session3,0634,data/processed/torgo_aai_features/FC02/Session3/0634.npz,186,12,1|1|1|1|1|1|1|1|1|1|1|1,,head_audio_pos_same_start_100hz
FC02,control,Session3,0635,data/processed/torgo_aai_features/FC02/Session3/0635.npz,266,12,1|1|1|1|1|1|1|1|1|1|1|1,,head_audio_pos_same_start_100hz
FC02,control,Session3,0636,data/processed/torgo_aai_features/FC02/Session3/0636.npz,176,12,1|1|1|1|1|1|1|1|1|1|1|1,,head_audio_pos_same_start_100hz
FC02,control,Session3,0637,data/processed/torgo_aai_features/FC02/Session3/0637.npz,256,12,1|1|1|1|1|1|1|1|1|1|1|1,,head_audio_pos_same_start_100hz
FC02,control,Session3,0638,data/processed/torgo_aai_features/FC02/Session3/0638.npz,642,12,1|1|1|1|1|1|1|1|1|1|1|1,,head_audio_pos_same_start_100hz
FC02,control,Session3,0639,data/processed/torgo_aai_features/FC02/Session3/0639.npz,186,12,1|1|1|1|1|1|1|1|1|1|1|1,,head_audio_pos_same_start_100hz
FC02,control,Session3,0640,data/processed/torgo_aai_features/FC02/Session3/0640.npz,178,12,1|1|1|1|1|1|1|1|1|1|1|1,,head_audio_pos_same_start_100hz
FC02,control,Session3,0641,data/processed/torgo_aai_features/FC02/Session3/0641.npz,252,12,1|1|1|1|1|1|1|1|1|1|1|1,,head_audio_pos_same_start_100hz
FC02,control,Session3,0642,data/processed/torgo_aai_features/FC02/Session3/0642.npz,469,12,1|1|1|1|1|1|1|1|1|1|1|1,,head_audio_pos_same_start_100hz
FC02,control,Session3,0643,data/processed/torgo_aai_features/FC02/Session3/0643.npz,205,10,1|1|1|0|1|1|1|1|1|0|1|1,3,head_audio_pos_same_start_100hz
FC02,control,Session3,0644,data/processed/torgo_aai_features/FC02/Session3/0644.npz,475,12,1|1|1|1|1|1|1|1|1|1|1|1,,head_audio_pos_same_start_100hz
FC02,control,Session3,0645,data/processed/torgo_aai_features/FC02/Session3/0645.npz,195,12,1|1|1|1|1|1|1|1|1|1|1|1,,head_audio_pos_same_start_100hz
FC02,control,Session3,0646,data/processed/torgo_aai_features/FC02/Session3/0646.npz,172,12,1|1|1|1|1|1|1|1|1|1|1|1,,head_audio_pos_same_start_100hz
FC02,control,Session3,0647,data/processed/torgo_aai_features/FC02/Session3/0647.npz,204,12,1|1|1|1|1|1|1|1|1|1|1|1,,head_audio_pos_same_start_100hz
FC02,control,Session3,0648,data/processed/torgo_aai_features/FC02/Session3/0648.npz,184,12,1|1|1|1|1|1|1|1|1|1|1|1,,head_audio_pos_same_start_100hz
FC02,control,Session3,0649,data/processed/torgo_aai_features/FC02/Session3/0649.npz,194,12,1|1|1|1|1|1|1|1|1|1|1|1,,head_audio_pos_same_start_100hz
FC02,control,Session3,0650,data/processed/torgo_aai_features/FC02/Session3/0650.npz,176,12,1|1|1|1|1|1|1|1|1|1|1|1,,head_audio_pos_same_start_100hz
FC02,control,Session3,0651,data/processed/torgo_aai_features/FC02/Session3/0651.npz,198,12,1|1|1|1|1|1|1|1|1|1|1|1,,head_audio_pos_same_start_100hz
FC02,control,Session3,0652,data/processed/torgo_aai_features/FC02/Session3/0652.npz,188,12,1|1|1|1|1|1|1|1|1|1|1|1,,head_audio_pos_same_start_100hz
FC02,control,Session3,0653,data/processed/torgo_aai_features/FC02/Session3/0653.npz,198,12,1|1|1|1|1|1|1|1|1|1|1|1,,head_audio_pos_same_start_100hz
FC02,control,Session3,0654,data/processed/torgo_aai_features/FC02/Session3/0654.npz,201,12,1|1|1|1|1|1|1|1|1|1|1|1,,head_audio_pos_same_start_100hz
FC02,control,Session3,0655,data/processed/torgo_aai_features/FC02/Session3/0655.npz,213,10,1|1|1|0|1|1|1|1|1|0|1|1,3,head_audio_pos_same_start_100hz
FC02,control,Session3,0656,data/processed/torgo_aai_features/FC02/Session3/0656.npz,186,12,1|1|1|1|1|1|1|1|1|1|1|1,,head_audio_pos_same_start_100hz
FC02,control,Session3,0657,data/processed/torgo_aai_features/FC02/Session3/0657.npz,180,12,1|1|1|1|1|1|1|1|1|1|1|1,,head_audio_pos_same_start_100hz
FC02,control,Session3,0658,data/processed/torgo_aai_features/FC02/Session3/0658.npz,364,12,1|1|1|1|1|1|1|1|1|1|1|1,,head_audio_pos_same_start_100hz
FC02,control,Session3,0659,data/processed/torgo_aai_features/FC02/Session3/0659.npz,370,10,1|1|1|1|1|0|1|1|1|1|1|0,1,head_audio_pos_same_start_100hz
FC02,control,Session3,0660,data/processed/torgo_aai_features/FC02/Session3/0660.npz,212,12,1|1|1|1|1|1|1|1|1|1|1|1,,head_audio_pos_same_start_100hz
FC02,control,Session3,0661,data/processed/torgo_aai_features/FC02/Session3/0661.npz,218,12,1|1|1|1|1|1|1|1|1|1|1|1,,head_audio_pos_same_start_100hz
FC02,control,Session3,0662,data/processed/torgo_aai_features/FC02/Session3/0662.npz,310,12,1|1|1|1|1|1|1|1|1|1|1|1,,head_audio_pos_same_start_100hz
FC02,control,Session3,0663,data/processed/torgo_aai_features/FC02/Session3/0663.npz,214,12,1|1|1|1|1|1|1|1|1|1|1|1,,head_audio_pos_same_start_100hz
FC02,control,Session3,0664,data/processed/torgo_aai_features/FC02/Session3/0664.npz,32,12,1|1|1|1|1|1|1|1|1|1|1|1,,head_audio_pos_same_start_100hz
FC02,control,Session3,0665,data/processed/torgo_aai_features/FC02/Session3/0665.npz,259,12,1|1|1|1|1|1|1|1|1|1|1|1,,head_audio_pos_same_start_100hz
FC02,control,Session3,0666,data/processed/torgo_aai_features/FC02/Session3/0666.npz,237,12,1|1|1|1|1|1|1|1|1|1|1|1,,head_audio_pos_same_start_100hz
FC02,control,Session3,0667,data/processed/torgo_aai_features/FC02/Session3/0667.npz,221,12,1|1|1|1|1|1|1|1|1|1|1|1,,head_audio_pos_same_start_100hz
FC02,control,Session3,0668,data/processed/torgo_aai_features/FC02/Session3/0668.npz,307,12,1|1|1|1|1|1|1|1|1|1|1|1,,head_audio_pos_same_start_100hz
FC02,control,Session3,0669,data/processed/torgo_aai_features/FC02/Session3/0669.npz,197,12,1|1|1|1|1|1|1|1|1|1|1|1,,head_audio_pos_same_start_100hz
FC02,control,Session3,0670,data/processed/torgo_aai_features/FC02/Session3/0670.npz,203,12,1|1|1|1|1|1|1|1|1|1|1|1,,head_audio_pos_same_start_100hz
FC02,control,Session3,0671,data/processed/torgo_aai_features/FC02/Session3/0671.npz,303,12,1|1|1|1|1|1|1|1|1|1|1|1,,head_audio_pos_same_start_100hz
FC02,control,Session3,0672,data/processed/torgo_aai_features/FC02/Session3/0672.npz,196,12,1|1|1|1|1|1|1|1|1|1|1|1,,head_audio_pos_same_start_100hz
FC02,control,Session3,0673,data/processed/torgo_aai_features/FC02/Session3/0673.npz,272,12,1|1|1|1|1|1|1|1|1|1|1|1,,head_audio_pos_same_start_100hz
FC02,control,Session3,0674,data/processed/torgo_aai_features/FC02/Session3/0674.npz,226,12,1|1|1|1|1|1|1|1|1|1|1|1,,head_audio_pos_same_start_100hz
FC02,control,Session3,0675,data/processed/torgo_aai_features/FC02/Session3/0675.npz,188,12,1|1|1|1|1|1|1|1|1|1|1|1,,head_audio_pos_same_start_100hz
FC02,control,Session3,0676,data/processed/torgo_aai_features/FC02/Session3/0676.npz,183,12,1|1|1|1|1|1|1|1|1|1|1|1,,head_audio_pos_same_start_100hz
FC02,control,Session3,0677,data/processed/torgo_aai_features/FC02/Session3/0677.npz,391,12,1|1|1|1|1|1|1|1|1|1|1|1,,head_audio_pos_same_start_100hz
FC02,control,Session3,0678,data/processed/torgo_aai_features/FC02/Session3/0678.npz,569,12,1|1|1|1|1|1|1|1|1|1|1|1,,head_audio_pos_same_start_100hz
FC02,control,Session3,0679,data/processed/torgo_aai_features/FC02/Session3/0679.npz,216,12,1|1|1|1|1|1|1|1|1|1|1|1,,head_audio_pos_same_start_100hz
FC02,control,Session3,0680,data/processed/torgo_aai_features/FC02/Session3/0680.npz,208,12,1|1|1|1|1|1|1|1|1|1|1|1,,head_audio_pos_same_start_100hz
FC02,control,Session3,0681,data/processed/torgo_aai_features/FC02/Session3/0681.npz,214,12,1|1|1|1|1|1|1|1|1|1|1|1,,head_audio_pos_same_start_100hz
FC02,control,Session3,0682,data/processed/torgo_aai_features/FC02/Session3/0682.npz,180,12,1|1|1|1|1|1|1|1|1|1|1|1,,head_audio_pos_same_start_100hz
FC02,control,Session3,0683,data/processed/torgo_aai_features/FC02/Session3/0683.npz,301,12,1|1|1|1|1|1|1|1|1|1|1|1,,head_audio_pos_same_start_100hz
FC02,control,Session3,0684,data/processed/torgo_aai_features/FC02/Session3/0684.npz,197,10,1|1|1|0|1|1|1|1|1|0|1|1,3,head_audio_pos_same_start_100hz
FC02,control,Session3,0685,data/processed/torgo_aai_features/FC02/Session3/0685.npz,191,12,1|1|1|1|1|1|1|1|1|1|1|1,,head_audio_pos_same_start_100hz
FC02,control,Session3,0686,data/processed/torgo_aai_features/FC02/Session3/0686.npz,195,12,1|1|1|1|1|1|1|1|1|1|1|1,,head_audio_pos_same_start_100hz
FC02,control,Session3,0687,data/processed/torgo_aai_features/FC02/Session3/0687.npz,426,12,1|1|1|1|1|1|1|1|1|1|1|1,,head_audio_pos_same_start_100hz
FC02,control,Session3,0688,data/processed/torgo_aai_features/FC02/Session3/0688.npz,224,12,1|1|1|1|1|1|1|1|1|1|1|1,,head_audio_pos_same_start_100hz
FC02,control,Session3,0689,data/processed/torgo_aai_features/FC02/Session3/0689.npz,302,10,1|1|1|0|1|1|1|1|1|0|1|1,3,head_audio_pos_same_start_100hz
FC02,control,Session3,0690,data/processed/torgo_aai_features/FC02/Session3/0690.npz,202,10,1|1|1|0|1|1|1|1|1|0|1|1,3,head_audio_pos_same_start_100hz
FC02,control,Session3,0691,data/processed/torgo_aai_features/FC02/Session3/0691.npz,193,10,1|1|1|0|1|1|1|1|1|0|1|1,3,head_audio_pos_same_start_100hz
FC02,control,Session3,0692,data/processed/torgo_aai_features/FC02/Session3/0692.npz,333,12,1|1|1|1|1|1|1|1|1|1|1|1,,head_audio_pos_same_start_100hz
FC02,control,Session3,0693,data/processed/torgo_aai_features/FC02/Session3/0693.npz,205,12,1|1|1|1|1|1|1|1|1|1|1|1,,head_audio_pos_same_start_100hz
FC02,control,Session3,0694,data/processed/torgo_aai_features/FC02/Session3/0694.npz,204,12,1|1|1|1|1|1|1|1|1|1|1|1,,head_audio_pos_same_start_100hz
FC02,control,Session3,0695,data/processed/torgo_aai_features/FC02/Session3/0695.npz,408,12,1|1|1|1|1|1|1|1|1|1|1|1,,head_audio_pos_same_start_100hz
FC02,control,Session3,0696,data/processed/torgo_aai_features/FC02/Session3/0696.npz,216,10,1|1|1|0|1|1|1|1|1|0|1|1,3,head_audio_pos_same_start_100hz
FC02,control,Session3,0697,data/processed/torgo_aai_features/FC02/Session3/0697.npz,190,10,1|1|1|0|1|1|1|1|1|0|1|1,3,head_audio_pos_same_start_100hz
FC02,control,Session3,0698,data/processed/torgo_aai_features/FC02/Session3/0698.npz,353,12,1|1|1|1|1|1|1|1|1|1|1|1,,head_audio_pos_same_start_100hz
FC02,control,Session3,0699,data/processed/torgo_aai_features/FC02/Session3/0699.npz,376,10,1|1|1|0|1|1|1|1|1|0|1|1,3,head_audio_pos_same_start_100hz
FC02,control,Session3,0700,data/processed/torgo_aai_features/FC02/Session3/0700.npz,349,12,1|1|1|1|1|1|1|1|1|1|1|1,,head_audio_pos_same_start_100hz
FC02,control,Session3,0701,data/processed/torgo_aai_features/FC02/Session3/0701.npz,295,12,1|1|1|1|1|1|1|1|1|1|1|1,,head_audio_pos_same_start_100hz
FC02,control,Session3,0702,data/processed/torgo_aai_features/FC02/Session3/0702.npz,203,10,1|1|1|0|1|1|1|1|1|0|1|1,3,head_audio_pos_same_start_100hz
FC02,control,Session3,0703,data/processed/torgo_aai_features/FC02/Session3/0703.npz,209,12,1|1|1|1|1|1|1|1|1|1|1|1,,head_audio_pos_same_start_100hz
FC02,control,Session3,0704,data/processed/torgo_aai_features/FC02/Session3/0704.npz,202,10,1|1|1|0|1|1|1|1|1|0|1|1,3,head_audio_pos_same_start_100hz
FC02,control,Session3,0705,data/processed/torgo_aai_features/FC02/Session3/0705.npz,222,12,1|1|1|1|1|1|1|1|1|1|1|1,,head_audio_pos_same_start_100hz
FC02,control,Session3,0706,data/processed/torgo_aai_features/FC02/Session3/0706.npz,247,12,1|1|1|1|1|1|1|1|1|1|1|1,,head_audio_pos_same_start_100hz
FC02,control,Session3,0707,data/processed/torgo_aai_features/FC02/Session3/0707.npz,222,10,1|1|1|0|1|1|1|1|1|0|1|1,3,head_audio_pos_same_start_100hz
FC02,control,Session3,0708,data/processed/torgo_aai_features/FC02/Session3/0708.npz,439,12,1|1|1|1|1|1|1|1|1|1|1|1,,head_audio_pos_same_start_100hz
FC02,control,Session3,0709,data/processed/torgo_aai_features/FC02/Session3/0709.npz,172,10,1|1|1|0|1|1|1|1|1|0|1|1,3,head_audio_pos_same_start_100hz
FC02,control,Session3,0710,data/processed/torgo_aai_features/FC02/Session3/0710.npz,160,12,1|1|1|1|1|1|1|1|1|1|1|1,,head_audio_pos_same_start_100hz
FC02,control,Session3,0711,data/processed/torgo_aai_features/FC02/Session3/0711.npz,182,12,1|1|1|1|1|1|1|1|1|1|1|1,,head_audio_pos_same_start_100hz
FC02,control,Session3,0712,data/processed/torgo_aai_features/FC02/Session3/0712.npz,181,12,1|1|1|1|1|1|1|1|1|1|1|1,,head_audio_pos_same_start_100hz
FC02,control,Session3,0713,data/processed/torgo_aai_features/FC02/Session3/0713.npz,222,12,1|1|1|1|1|1|1|1|1|1|1|1,,head_audio_pos_same_start_100hz
FC02,control,Session3,0714,data/processed/torgo_aai_features/FC02/Session3/0714.npz,377,12,1|1|1|1|1|1|1|1|1|1|1|1,,head_audio_pos_same_start_100hz
FC02,control,Session3,0715,data/processed/torgo_aai_features/FC02/Session3/0715.npz,189,12,1|1|1|1|1|1|1|1|1|1|1|1,,head_audio_pos_same_start_100hz
FC02,control,Session3,0716,data/processed/torgo_aai_features/FC02/Session3/0716.npz,716,12,1|1|1|1|1|1|1|1|1|1|1|1,,head_audio_pos_same_start_100hz
FC02,control,Session3,0717,data/processed/torgo_aai_features/FC02/Session3/0717.npz,208,10,1|1|1|0|1|1|1|1|1|0|1|1,3,head_audio_pos_same_start_100hz
FC02,control,Session3,0718,data/processed/torgo_aai_features/FC02/Session3/0718.npz,184,12,1|1|1|1|1|1|1|1|1|1|1|1,,head_audio_pos_same_start_100hz
FC02,control,Session3,0719,data/processed/torgo_aai_features/FC02/Session3/0719.npz,206,12,1|1|1|1|1|1|1|1|1|1|1|1,,head_audio_pos_same_start_100hz
FC02,control,Session3,0720,data/processed/torgo_aai_features/FC02/Session3/0720.npz,180,10,1|1|1|0|1|1|1|1|1|0|1|1,3,head_audio_pos_same_start_100hz
FC02,control,Session3,0721,data/processed/torgo_aai_features/FC02/Session3/0721.npz,186,12,1|1|1|1|1|1|1|1|1|1|1|1,,head_audio_pos_same_start_100hz
FC02,control,Session3,0722,data/processed/torgo_aai_features/FC02/Session3/0722.npz,282,10,1|1|1|0|1|1|1|1|1|0|1|1,3,head_audio_pos_same_start_100hz
FC02,control,Session3,0723,data/processed/torgo_aai_features/FC02/Session3/0723.npz,374,12,1|1|1|1|1|1|1|1|1|1|1|1,,head_audio_pos_same_start_100hz
FC02,control,Session3,0724,data/processed/torgo_aai_features/FC02/Session3/0724.npz,390,10,1|1|1|0|1|1|1|1|1|0|1|1,3,head_audio_pos_same_start_100hz
FC02,control,Session3,0725,data/processed/torgo_aai_features/FC02/Session3/0725.npz,179,12,1|1|1|1|1|1|1|1|1|1|1|1,,head_audio_pos_same_start_100hz
FC02,control,Session3,0726,data/processed/torgo_aai_features/FC02/Session3/0726.npz,341,12,1|1|1|1|1|1|1|1|1|1|1|1,,head_audio_pos_same_start_100hz
FC02,control,Session3,0727,data/processed/torgo_aai_features/FC02/Session3/0727.npz,188,10,1|1|1|0|1|1|1|1|1|0|1|1,3,head_audio_pos_same_start_100hz
FC02,control,Session3,0728,data/processed/torgo_aai_features/FC02/Session3/0728.npz,182,12,1|1|1|1|1|1|1|1|1|1|1|1,,head_audio_pos_same_start_100hz
FC02,control,Session3,0729,data/processed/torgo_aai_features/FC02/Session3/0729.npz,224,10,1|1|1|0|1|1|1|1|1|0|1|1,3,head_audio_pos_same_start_100hz
FC02,control,Session3,0730,data/processed/torgo_aai_features/FC02/Session3/0730.npz,186,10,1|1|1|0|1|1|1|1|1|0|1|1,3,head_audio_pos_same_start_100hz
FC02,control,Session3,0731,data/processed/torgo_aai_features/FC02/Session3/0731.npz,509,12,1|1|1|1|1|1|1|1|1|1|1|1,,head_audio_pos_same_start_100hz
FC02,control,Session3,0732,data/processed/torgo_aai_features/FC02/Session3/0732.npz,188,12,1|1|1|1|1|1|1|1|1|1|1|1,,head_audio_pos_same_start_100hz
FC02,control,Session3,0733,data/processed/torgo_aai_features/FC02/Session3/0733.npz,367,12,1|1|1|1|1|1|1|1|1|1|1|1,,head_audio_pos_same_start_100hz
FC02,control,Session3,0734,data/processed/torgo_aai_features/FC02/Session3/0734.npz,346,12,1|1|1|1|1|1|1|1|1|1|1|1,,head_audio_pos_same_start_100hz
FC02,control,Session3,0735,data/processed/torgo_aai_features/FC02/Session3/0735.npz,186,10,1|1|1|0|1|1|1|1|1|0|1|1,3,head_audio_pos_same_start_100hz
FC02,control,Session3,0736,data/processed/torgo_aai_features/FC02/Session3/0736.npz,172,12,1|1|1|1|1|1|1|1|1|1|1|1,,head_audio_pos_same_start_100hz
FC02,control,Session3,0737,data/processed/torgo_aai_features/FC02/Session3/0737.npz,614,12,1|1|1|1|1|1|1|1|1|1|1|1,,head_audio_pos_same_start_100hz
FC02,control,Session3,0738,data/processed/torgo_aai_features/FC02/Session3/0738.npz,174,12,1|1|1|1|1|1|1|1|1|1|1|1,,head_audio_pos_same_start_100hz
FC02,control,Session3,0739,data/processed/torgo_aai_features/FC02/Session3/0739.npz,170,12,1|1|1|1|1|1|1|1|1|1|1|1,,head_audio_pos_same_start_100hz
FC02,control,Session3,0740,data/processed/torgo_aai_features/FC02/Session3/0740.npz,207,10,1|1|1|0|1|1|1|1|1|0|1|1,3,head_audio_pos_same_start_100hz
FC02,control,Session3,0741,data/processed/torgo_aai_features/FC02/Session3/0741.npz,196,12,1|1|1|1|1|1|1|1|1|1|1|1,,head_audio_pos_same_start_100hz
FC02,control,Session3,0742,data/processed/torgo_aai_features/FC02/Session3/0742.npz,197,12,1|1|1|1|1|1|1|1|1|1|1|1,,head_audio_pos_same_start_100hz
FC02,control,Session3,0743,data/processed/torgo_aai_features/FC02/Session3/0743.npz,350,12,1|1|1|1|1|1|1|1|1|1|1|1,,head_audio_pos_same_start_100hz
FC02,control,Session3,0744,data/processed/torgo_aai_features/FC02/Session3/0744.npz,204,12,1|1|1|1|1|1|1|1|1|1|1|1,,head_audio_pos_same_start_100hz
FC02,control,Session3,0745,data/processed/torgo_aai_features/FC02/Session3/0745.npz,170,10,1|1|1|0|1|1|1|1|1|0|1|1,3,head_audio_pos_same_start_100hz
FC02,control,Session3,0746,data/processed/torgo_aai_features/FC02/Session3/0746.npz,199,12,1|1|1|1|1|1|1|1|1|1|1|1,,head_audio_pos_same_start_100hz
FC02,control,Session3,0747,data/processed/torgo_aai_features/FC02/Session3/0747.npz,189,10,1|1|1|0|1|1|1|1|1|0|1|1,3,head_audio_pos_same_start_100hz
FC02,control,Session3,0748,data/processed/torgo_aai_features/FC02/Session3/0748.npz,178,12,1|1|1|1|1|1|1|1|1|1|1|1,,head_audio_pos_same_start_100hz
FC02,control,Session3,0749,data/processed/torgo_aai_features/FC02/Session3/0749.npz,190,10,1|1|1|0|1|1|1|1|1|0|1|1,3,head_audio_pos_same_start_100hz
FC02,control,Session3,0750,data/processed/torgo_aai_features/FC02/Session3/0750.npz,190,10,1|1|1|0|1|1|1|1|1|0|1|1,3,head_audio_pos_same_start_100hz
FC02,control,Session3,0751,data/processed/torgo_aai_features/FC02/Session3/0751.npz,206,10,1|1|1|0|1|1|1|1|1|0|1|1,3,head_audio_pos_same_start_100hz
FC02,control,Session3,0752,data/processed/torgo_aai_features/FC02/Session3/0752.npz,414,10,1|1|1|0|1|1|1|1|1|0|1|1,3,head_audio_pos_same_start_100hz
FC02,control,Session3,0753,data/processed/torgo_aai_features/FC02/Session3/0753.npz,322,12,1|1|1|1|1|1|1|1|1|1|1|1,,head_audio_pos_same_start_100hz
FC02,control,Session3,0754,data/processed/torgo_aai_features/FC02/Session3/0754.npz,219,10,1|1|1|0|1|1|1|1|1|0|1|1,3,head_audio_pos_same_start_100hz
FC02,control,Session3,0755,data/processed/torgo_aai_features/FC02/Session3/0755.npz,392,12,1|1|1|1|1|1|1|1|1|1|1|1,,head_audio_pos_same_start_100hz
FC02,control,Session3,0756,data/processed/torgo_aai_features/FC02/Session3/0756.npz,212,12,1|1|1|1|1|1|1|1|1|1|1|1,,head_audio_pos_same_start_100hz
FC02,control,Session3,0757,data/processed/torgo_aai_features/FC02/Session3/0757.npz,192,12,1|1|1|1|1|1|1|1|1|1|1|1,,head_audio_pos_same_start_100hz
FC02,control,Session3,0758,data/processed/torgo_aai_features/FC02/Session3/0758.npz,179,10,1|1|1|0|1|1|1|1|1|0|1|1,3,head_audio_pos_same_start_100hz
FC02,control,Session3,0759,data/processed/torgo_aai_features/FC02/Session3/0759.npz,436,10,1|1|1|0|1|1|1|1|1|0|1|1,3,head_audio_pos_same_start_100hz
FC02,control,Session3,0760,data/processed/torgo_aai_features/FC02/Session3/0760.npz,211,10,1|1|1|0|1|1|1|1|1|0|1|1,3,head_audio_pos_same_start_100hz
FC02,control,Session3,0761,data/processed/torgo_aai_features/FC02/Session3/0761.npz,366,12,1|1|1|1|1|1|1|1|1|1|1|1,,head_audio_pos_same_start_100hz
FC02,control,Session3,0762,data/processed/torgo_aai_features/FC02/Session3/0762.npz,193,10,1|1|1|0|1|1|1|1|1|0|1|1,3,head_audio_pos_same_start_100hz
FC02,control,Session3,0763,data/processed/torgo_aai_features/FC02/Session3/0763.npz,347,10,1|1|1|0|1|1|1|1|1|0|1|1,3,head_audio_pos_same_start_100hz
FC02,control,Session3,0764,data/processed/torgo_aai_features/FC02/Session3/0764.npz,384,12,1|1|1|1|1|1|1|1|1|1|1|1,,head_audio_pos_same_start_100hz
FC02,control,Session3,0765,data/processed/torgo_aai_features/FC02/Session3/0765.npz,199,12,1|1|1|1|1|1|1|1|1|1|1|1,,head_audio_pos_same_start_100hz
FC02,control,Session3,0766,data/processed/torgo_aai_features/FC02/Session3/0766.npz,185,12,1|1|1|1|1|1|1|1|1|1|1|1,,head_audio_pos_same_start_100hz
FC02,control,Session3,0767,data/processed/torgo_aai_features/FC02/Session3/0767.npz,183,10,1|1|1|0|1|1|1|1|1|0|1|1,3,head_audio_pos_same_start_100hz
FC02,control,Session3,0768,data/processed/torgo_aai_features/FC02/Session3/0768.npz,200,12,1|1|1|1|1|1|1|1|1|1|1|1,,head_audio_pos_same_start_100hz
FC02,control,Session3,0769,data/processed/torgo_aai_features/FC02/Session3/0769.npz,404,12,1|1|1|1|1|1|1|1|1|1|1|1,,head_audio_pos_same_start_100hz
FC02,control,Session3,0770,data/processed/torgo_aai_features/FC02/Session3/0770.npz,199,10,1|1|1|0|1|1|1|1|1|0|1|1,3,head_audio_pos_same_start_100hz
FC02,control,Session3,0771,data/processed/torgo_aai_features/FC02/Session3/0771.npz,203,10,1|1|1|0|1|1|1|1|1|0|1|1,3,head_audio_pos_same_start_100hz
FC02,control,Session3,0772,data/processed/torgo_aai_features/FC02/Session3/0772.npz,216,12,1|1|1|1|1|1|1|1|1|1|1|1,,head_audio_pos_same_start_100hz
FC02,control,Session3,0773,data/processed/torgo_aai_features/FC02/Session3/0773.npz,221,10,1|1|1|0|1|1|1|1|1|0|1|1,3,head_audio_pos_same_start_100hz
FC02,control,Session3,0774,data/processed/torgo_aai_features/FC02/Session3/0774.npz,180,10,1|1|1|0|1|1|1|1|1|0|1|1,3,head_audio_pos_same_start_100hz
FC02,control,Session3,0775,data/processed/torgo_aai_features/FC02/Session3/0775.npz,679,12,1|1|1|1|1|1|1|1|1|1|1|1,,head_audio_pos_same_start_100hz
FC02,control,Session3,0776,data/processed/torgo_aai_features/FC02/Session3/0776.npz,416,10,1|1|1|0|1|1|1|1|1|0|1|1,3,head_audio_pos_same_start_100hz
FC02,control,Session3,0777,data/processed/torgo_aai_features/FC02/Session3/0777.npz,212,10,1|1|1|0|1|1|1|1|1|0|1|1,3,head_audio_pos_same_start_100hz
FC02,control,Session3,0778,data/processed/torgo_aai_features/FC02/Session3/0778.npz,193,10,1|1|1|0|1|1|1|1|1|0|1|1,3,head_audio_pos_same_start_100hz
FC02,control,Session3,0779,data/processed/torgo_aai_features/FC02/Session3/0779.npz,169,12,1|1|1|1|1|1|1|1|1|1|1|1,,head_audio_pos_same_start_100hz
FC02,control,Session3,0780,data/processed/torgo_aai_features/FC02/Session3/0780.npz,180,10,1|1|1|0|1|1|1|1|1|0|1|1,3,head_audio_pos_same_start_100hz
FC02,control,Session3,0781,data/processed/torgo_aai_features/FC02/Session3/0781.npz,202,10,1|1|1|0|1|1|1|1|1|0|1|1,3,head_audio_pos_same_start_100hz
FC02,control,Session3,0782,data/processed/torgo_aai_features/FC02/Session3/0782.npz,32,12,1|1|1|1|1|1|1|1|1|1|1|1,,head_audio_pos_same_start_100hz
FC02,control,Session3,0783,data/processed/torgo_aai_features/FC02/Session3/0783.npz,353,10,1|1|1|0|1|1|1|1|1|0|1|1,3,head_audio_pos_same_start_100hz
FC02,control,Session3,0784,data/processed/torgo_aai_features/FC02/Session3/0784.npz,235,12,1|1|1|1|1|1|1|1|1|1|1|1,,head_audio_pos_same_start_100hz
FC02,control,Session3,0785,data/processed/torgo_aai_features/FC02/Session3/0785.npz,197,12,1|1|1|1|1|1|1|1|1|1|1|1,,head_audio_pos_same_start_100hz
FC02,control,Session3,0786,data/processed/torgo_aai_features/FC02/Session3/0786.npz,201,12,1|1|1|1|1|1|1|1|1|1|1|1,,head_audio_pos_same_start_100hz
FC02,control,Session3,0787,data/processed/torgo_aai_features/FC02/Session3/0787.npz,273,10,1|1|1|1|0|1|1|1|1|1|0|1,2,head_audio_pos_same_start_100hz
FC02,control,Session3,0788,data/processed/torgo_aai_features/FC02/Session3/0788.npz,177,12,1|1|1|1|1|1|1|1|1|1|1|1,,head_audio_pos_same_start_100hz
FC02,control,Session3,0789,data/processed/torgo_aai_features/FC02/Session3/0789.npz,182,10,1|1|1|1|0|1|1|1|1|1|0|1,2,head_audio_pos_same_start_100hz
FC02,control,Session3,0790,data/processed/torgo_aai_features/FC02/Session3/0790.npz,200,12,1|1|1|1|1|1|1|1|1|1|1|1,,head_audio_pos_same_start_100hz
FC02,control,Session3,0791,data/processed/torgo_aai_features/FC02/Session3/0791.npz,187,12,1|1|1|1|1|1|1|1|1|1|1|1,,head_audio_pos_same_start_100hz
FC02,control,Session3,0792,data/processed/torgo_aai_features/FC02/Session3/0792.npz,193,12,1|1|1|1|1|1|1|1|1|1|1|1,,head_audio_pos_same_start_100hz
FC02,control,Session3,0793,data/processed/torgo_aai_features/FC02/Session3/0793.npz,186,12,1|1|1|1|1|1|1|1|1|1|1|1,,head_audio_pos_same_start_100hz
FC02,control,Session3,0794,data/processed/torgo_aai_features/FC02/Session3/0794.npz,188,10,1|1|1|0|1|1|1|1|1|0|1|1,3,head_audio_pos_same_start_100hz
FC02,control,Session3,0795,data/processed/torgo_aai_features/FC02/Session3/0795.npz,189,12,1|1|1|1|1|1|1|1|1|1|1|1,,head_audio_pos_same_start_100hz
FC02,control,Session3,0796,data/processed/torgo_aai_features/FC02/Session3/0796.npz,228,12,1|1|1|1|1|1|1|1|1|1|1|1,,head_audio_pos_same_start_100hz
FC02,control,Session3,0797,data/processed/torgo_aai_features/FC02/Session3/0797.npz,177,12,1|1|1|1|1|1|1|1|1|1|1|1,,head_audio_pos_same_start_100hz
FC02,control,Session3,0798,data/processed/torgo_aai_features/FC02/Session3/0798.npz,435,12,1|1|1|1|1|1|1|1|1|1|1|1,,head_audio_pos_same_start_100hz
FC02,control,Session3,0799,data/processed/torgo_aai_features/FC02/Session3/0799.npz,183,12,1|1|1|1|1|1|1|1|1|1|1|1,,head_audio_pos_same_start_100hz
FC02,control,Session3,0800,data/processed/torgo_aai_features/FC02/Session3/0800.npz,401,12,1|1|1|1|1|1|1|1|1|1|1|1,,head_audio_pos_same_start_100hz
FC02,control,Session3,0801,data/processed/torgo_aai_features/FC02/Session3/0801.npz,309,12,1|1|1|1|1|1|1|1|1|1|1|1,,head_audio_pos_same_start_100hz
FC02,control,Session3,0802,data/processed/torgo_aai_features/FC02/Session3/0802.npz,205,12,1|1|1|1|1|1|1|1|1|1|1|1,,head_audio_pos_same_start_100hz
FC02,control,Session3,0803,data/processed/torgo_aai_features/FC02/Session3/0803.npz,202,12,1|1|1|1|1|1|1|1|1|1|1|1,,head_audio_pos_same_start_100hz
FC02,control,Session3,0804,data/processed/torgo_aai_features/FC02/Session3/0804.npz,200,12,1|1|1|1|1|1|1|1|1|1|1|1,,head_audio_pos_same_start_100hz
FC02,control,Session3,0805,data/processed/torgo_aai_features/FC02/Session3/0805.npz,209,12,1|1|1|1|1|1|1|1|1|1|1|1,,head_audio_pos_same_start_100hz
FC02,control,Session3,0806,data/processed/torgo_aai_features/FC02/Session3/0806.npz,183,12,1|1|1|1|1|1|1|1|1|1|1|1,,head_audio_pos_same_start_100hz
FC02,control,Session3,0807,data/processed/torgo_aai_features/FC02/Session3/0807.npz,326,12,1|1|1|1|1|1|1|1|1|1|1|1,,head_audio_pos_same_start_100hz
FC02,control,Session3,0808,data/processed/torgo_aai_features/FC02/Session3/0808.npz,181,12,1|1|1|1|1|1|1|1|1|1|1|1,,head_audio_pos_same_start_100hz
FC02,control,Session3,0809,data/processed/torgo_aai_features/FC02/Session3/0809.npz,177,12,1|1|1|1|1|1|1|1|1|1|1|1,,head_audio_pos_same_start_100hz
FC02,control,Session3,0810,data/processed/torgo_aai_features/FC02/Session3/0810.npz,205,12,1|1|1|1|1|1|1|1|1|1|1|1,,head_audio_pos_same_start_100hz
FC02,control,Session3,0811,data/processed/torgo_aai_features/FC02/Session3/0811.npz,204,12,1|1|1|1|1|1|1|1|1|1|1|1,,head_audio_pos_same_start_100hz
FC02,control,Session3,0812,data/processed/torgo_aai_features/FC02/Session3/0812.npz,183,12,1|1|1|1|1|1|1|1|1|1|1|1,,head_audio_pos_same_start_100hz
FC02,control,Session3,0813,data/processed/torgo_aai_features/FC02/Session3/0813.npz,368,12,1|1|1|1|1|1|1|1|1|1|1|1,,head_audio_pos_same_start_100hz
FC02,control,Session3,0814,data/processed/torgo_aai_features/FC02/Session3/0814.npz,178,12,1|1|1|1|1|1|1|1|1|1|1|1,,head_audio_pos_same_start_100hz
FC02,control,Session3,0815,data/processed/torgo_aai_features/FC02/Session3/0815.npz,398,10,1|1|1|0|1|1|1|1|1|0|1|1,3,head_audio_pos_same_start_100hz
FC02,control,Session3,0816,data/processed/torgo_aai_features/FC02/Session3/0816.npz,177,12,1|1|1|1|1|1|1|1|1|1|1|1,,head_audio_pos_same_start_100hz
FC02,control,Session3,0817,data/processed/torgo_aai_features/FC02/Session3/0817.npz,173,12,1|1|1|1|1|1|1|1|1|1|1|1,,head_audio_pos_same_start_100hz
FC02,control,Session3,0818,data/processed/torgo_aai_features/FC02/Session3/0818.npz,168,12,1|1|1|1|1|1|1|1|1|1|1|1,5,head_audio_pos_same_start_100hz
FC02,control,Session3,0819,data/processed/torgo_aai_features/FC02/Session3/0819.npz,176,12,1|1|1|1|1|1|1|1|1|1|1|1,,head_audio_pos_same_start_100hz
FC02,control,Session3,0820,data/processed/torgo_aai_features/FC02/Session3/0820.npz,184,12,1|1|1|1|1|1|1|1|1|1|1|1,,head_audio_pos_same_start_100hz
FC02,control,Session3,0821,data/processed/torgo_aai_features/FC02/Session3/0821.npz,315,8,1|1|1|0|0|1|1|1|1|0|0|1,2|3,head_audio_pos_same_start_100hz
FC02,control,Session3,0822,data/processed/torgo_aai_features/FC02/Session3/0822.npz,353,10,1|1|1|0|1|1|1|1|1|0|1|1,3,head_audio_pos_same_start_100hz
FC02,control,Session3,0823,data/processed/torgo_aai_features/FC02/Session3/0823.npz,220,12,1|1|1|1|1|1|1|1|1|1|1|1,,head_audio_pos_same_start_100hz
FC02,control,Session3,0824,data/processed/torgo_aai_features/FC02/Session3/0824.npz,216,12,1|1|1|1|1|1|1|1|1|1|1|1,,head_audio_pos_same_start_100hz
FC02,control,Session3,0825,data/processed/torgo_aai_features/FC02/Session3/0825.npz,220,12,1|1|1|1|1|1|1|1|1|1|1|1,,head_audio_pos_same_start_100hz
FC02,control,Session3,0826,data/processed/torgo_aai_features/FC02/Session3/0826.npz,200,12,1|1|1|1|1|1|1|1|1|1|1|1,,head_audio_pos_same_start_100hz
FC02,control,Session3,0827,data/processed/torgo_aai_features/FC02/Session3/0827.npz,226,12,1|1|1|1|1|1|1|1|1|1|1|1,,head_audio_pos_same_start_100hz
FC02,control,Session3,0828,data/processed/torgo_aai_features/FC02/Session3/0828.npz,364,12,1|1|1|1|1|1|1|1|1|1|1|1,,head_audio_pos_same_start_100hz
FC02,control,Session3,0829,data/processed/torgo_aai_features/FC02/Session3/0829.npz,181,12,1|1|1|1|1|1|1|1|1|1|1|1,,head_audio_pos_same_start_100hz
FC02,control,Session3,0830,data/processed/torgo_aai_features/FC02/Session3/0830.npz,189,12,1|1|1|1|1|1|1|1|1|1|1|1,,head_audio_pos_same_start_100hz
FC02,control,Session3,0831,data/processed/torgo_aai_features/FC02/Session3/0831.npz,197,12,1|1|1|1|1|1|1|1|1|1|1|1,,head_audio_pos_same_start_100hz
FC02,control,Session3,0832,data/processed/torgo_aai_features/FC02/Session3/0832.npz,176,12,1|1|1|1|1|1|1|1|1|1|1|1,,head_audio_pos_same_start_100hz
FC02,control,Session3,0833,data/processed/torgo_aai_features/FC02/Session3/0833.npz,180,12,1|1|1|1|1|1|1|1|1|1|1|1,,head_audio_pos_same_start_100hz
FC02,control,Session3,0834,data/processed/torgo_aai_features/FC02/Session3/0834.npz,186,10,1|1|1|0|1|1|1|1|1|0|1|1,3,head_audio_pos_same_start_100hz
FC02,control,Session3,0835,data/processed/torgo_aai_features/FC02/Session3/0835.npz,187,10,1|1|1|0|1|1|1|1|1|0|1|1,3,head_audio_pos_same_start_100hz
FC02,control,Session3,0836,data/processed/torgo_aai_features/FC02/Session3/0836.npz,316,10,1|1|1|0|1|1|1|1|1|0|1|1,3,head_audio_pos_same_start_100hz
FC02,control,Session3,0837,data/processed/torgo_aai_features/FC02/Session3/0837.npz,356,12,1|1|1|1|1|1|1|1|1|1|1|1,,head_audio_pos_same_start_100hz
FC02,control,Session3,0838,data/processed/torgo_aai_features/FC02/Session3/0838.npz,202,10,1|1|1|0|1|1|1|1|1|0|1|1,3,head_audio_pos_same_start_100hz
FC02,control,Session3,0839,data/processed/torgo_aai_features/FC02/Session3/0839.npz,187,10,1|1|1|0|1|1|1|1|1|0|1|1,3,head_audio_pos_same_start_100hz
FC02,control,Session3,0840,data/processed/torgo_aai_features/FC02/Session3/0840.npz,281,10,1|1|1|0|1|1|1|1|1|0|1|1,3,head_audio_pos_same_start_100hz
FC02,control,Session3,0841,data/processed/torgo_aai_features/FC02/Session3/0841.npz,455,10,1|1|1|0|1|1|1|1|1|0|1|1,3,head_audio_pos_same_start_100hz
FC02,control,Session3,0842,data/processed/torgo_aai_features/FC02/Session3/0842.npz,658,10,1|1|1|0|1|1|1|1|1|0|1|1,3,head_audio_pos_same_start_100hz
FC02,control,Session3,0843,data/processed/torgo_aai_features/FC02/Session3/0843.npz,245,12,1|1|1|1|1|1|1|1|1|1|1|1,,head_audio_pos_same_start_100hz
FC02,control,Session3,0844,data/processed/torgo_aai_features/FC02/Session3/0844.npz,220,10,1|1|1|0|1|1|1|1|1|0|1|1,3,head_audio_pos_same_start_100hz
FC02,control,Session3,0845,data/processed/torgo_aai_features/FC02/Session3/0845.npz,228,10,1|1|1|0|1|1|1|1|1|0|1|1,3,head_audio_pos_same_start_100hz
FC02,control,Session3,0846,data/processed/torgo_aai_features/FC02/Session3/0846.npz,209,12,1|1|1|1|1|1|1|1|1|1|1|1,,head_audio_pos_same_start_100hz
FC02,control,Session3,0847,data/processed/torgo_aai_features/FC02/Session3/0847.npz,420,10,1|1|1|0|1|1|1|1|1|0|1|1,3,head_audio_pos_same_start_100hz
FC02,control,Session3,0848,data/processed/torgo_aai_features/FC02/Session3/0848.npz,411,10,1|1|1|0|1|1|1|1|1|0|1|1,3,head_audio_pos_same_start_100hz
FC02,control,Session3,0849,data/processed/torgo_aai_features/FC02/Session3/0849.npz,220,10,1|1|1|0|1|1|1|1|1|0|1|1,3,head_audio_pos_same_start_100hz
FC02,control,Session3,0850,data/processed/torgo_aai_features/FC02/Session3/0850.npz,189,12,1|1|1|1|1|1|1|1|1|1|1|1,,head_audio_pos_same_start_100hz
FC02,control,Session3,0851,data/processed/torgo_aai_features/FC02/Session3/0851.npz,196,12,1|1|1|1|1|1|1|1|1|1|1|1,,head_audio_pos_same_start_100hz
FC02,control,Session3,0852,data/processed/torgo_aai_features/FC02/Session3/0852.npz,196,10,1|1|1|0|1|1|1|1|1|0|1|1,3,head_audio_pos_same_start_100hz
FC02,control,Session3,0853,data/processed/torgo_aai_features/FC02/Session3/0853.npz,222,10,1|1|1|0|1|1|1|1|1|0|1|1,3,head_audio_pos_same_start_100hz
FC02,control,Session3,0854,data/processed/torgo_aai_features/FC02/Session3/0854.npz,176,10,1|1|1|0|1|1|1|1|1|0|1|1,3,head_audio_pos_same_start_100hz
FC02,control,Session3,0855,data/processed/torgo_aai_features/FC02/Session3/0855.npz,335,10,1|1|1|0|1|1|1|1|1|0|1|1,3,head_audio_pos_same_start_100hz
FC02,control,Session3,0856,data/processed/torgo_aai_features/FC02/Session3/0856.npz,181,10,1|1|1|0|1|1|1|1|1|0|1|1,3,head_audio_pos_same_start_100hz
FC02,control,Session3,0857,data/processed/torgo_aai_features/FC02/Session3/0857.npz,175,10,1|1|1|0|1|1|1|1|1|0|1|1,3,head_audio_pos_same_start_100hz
FC02,control,Session3,0858,data/processed/torgo_aai_features/FC02/Session3/0858.npz,226,12,1|1|1|1|1|1|1|1|1|1|1|1,,head_audio_pos_same_start_100hz
FC02,control,Session3,0859,data/processed/torgo_aai_features/FC02/Session3/0859.npz,201,10,1|1|1|0|1|1|1|1|1|0|1|1,3,head_audio_pos_same_start_100hz
FC02,control,Session3,0860,data/processed/torgo_aai_features/FC02/Session3/0860.npz,193,12,1|1|1|1|1|1|1|1|1|1|1|1,,head_audio_pos_same_start_100hz
FC02,control,Session3,0861,data/processed/torgo_aai_features/FC02/Session3/0861.npz,258,10,1|1|1|0|1|1|1|1|1|0|1|1,3,head_audio_pos_same_start_100hz
FC02,control,Session3,0862,data/processed/torgo_aai_features/FC02/Session3/0862.npz,207,10,1|1|1|0|1|1|1|1|1|0|1|1,3,head_audio_pos_same_start_100hz
FC02,control,Session3,0863,data/processed/torgo_aai_features/FC02/Session3/0863.npz,352,12,1|1|1|1|1|1|1|1|1|1|1|1,,head_audio_pos_same_start_100hz
FC02,control,Session3,0864,data/processed/torgo_aai_features/FC02/Session3/0864.npz,194,10,1|1|1|0|1|1|1|1|1|0|1|1,3,head_audio_pos_same_start_100hz
FC02,control,Session3,0865,data/processed/torgo_aai_features/FC02/Session3/0865.npz,205,10,1|1|1|0|1|1|1|1|1|0|1|1,3,head_audio_pos_same_start_100hz
FC02,control,Session3,0866,data/processed/torgo_aai_features/FC02/Session3/0866.npz,182,10,1|1|1|0|1|1|1|1|1|0|1|1,3,head_audio_pos_same_start_100hz
FC02,control,Session3,0867,data/processed/torgo_aai_features/FC02/Session3/0867.npz,196,12,1|1|1|1|1|1|1|1|1|1|1|1,,head_audio_pos_same_start_100hz
FC02,control,Session3,0868,data/processed/torgo_aai_features/FC02/Session3/0868.npz,211,10,1|1|1|0|1|1|1|1|1|0|1|1,3,head_audio_pos_same_start_100hz
FC02,control,Session3,0869,data/processed/torgo_aai_features/FC02/Session3/0869.npz,174,12,1|1|1|1|1|1|1|1|1|1|1|1,,head_audio_pos_same_start_100hz
FC02,control,Session3,0870,data/processed/torgo_aai_features/FC02/Session3/0870.npz,197,12,1|1|1|1|1|1|1|1|1|1|1|1,,head_audio_pos_same_start_100hz
FC02,control,Session3,0871,data/processed/torgo_aai_features/FC02/Session3/0871.npz,181,12,1|1|1|1|1|1|1|1|1|1|1|1,,head_audio_pos_same_start_100hz
FC02,control,Session3,0872,data/processed/torgo_aai_features/FC02/Session3/0872.npz,391,12,1|1|1|1|1|1|1|1|1|1|1|1,,head_audio_pos_same_start_100hz
FC02,control,Session3,0873,data/processed/torgo_aai_features/FC02/Session3/0873.npz,193,12,1|1|1|1|1|1|1|1|1|1|1|1,,head_audio_pos_same_start_100hz
FC02,control,Session3,0874,data/processed/torgo_aai_features/FC02/Session3/0874.npz,187,12,1|1|1|1|1|1|1|1|1|1|1|1,,head_audio_pos_same_start_100hz
FC02,control,Session3,0875,data/processed/torgo_aai_features/FC02/Session3/0875.npz,197,12,1|1|1|1|1|1|1|1|1|1|1|1,,head_audio_pos_same_start_100hz
FC02,control,Session3,0876,data/processed/torgo_aai_features/FC02/Session3/0876.npz,453,10,1|1|1|1|0|1|1|1|1|1|0|1,2,head_audio_pos_same_start_100hz
FC02,control,Session3,0877,data/processed/torgo_aai_features/FC02/Session3/0877.npz,206,10,1|1|1|1|0|1|1|1|1|1|0|1,2,head_audio_pos_same_start_100hz
FC02,control,Session3,0878,data/processed/torgo_aai_features/FC02/Session3/0878.npz,185,12,1|1|1|1|1|1|1|1|1|1|1|1,,head_audio_pos_same_start_100hz
FC02,control,Session3,0879,data/processed/torgo_aai_features/FC02/Session3/0879.npz,215,12,1|1|1|1|1|1|1|1|1|1|1|1,,head_audio_pos_same_start_100hz
FC02,control,Session3,0880,data/processed/torgo_aai_features/FC02/Session3/0880.npz,218,12,1|1|1|1|1|1|1|1|1|1|1|1,,head_audio_pos_same_start_100hz
FC02,control,Session3,0881,data/processed/torgo_aai_features/FC02/Session3/0881.npz,349,10,1|1|1|1|0|1|1|1|1|1|0|1,2,head_audio_pos_same_start_100hz
FC02,control,Session3,0882,data/processed/torgo_aai_features/FC02/Session3/0882.npz,431,10,1|1|1|1|0|1|1|1|1|1|0|1,2,head_audio_pos_same_start_100hz
FC02,control,Session3,0883,data/processed/torgo_aai_features/FC02/Session3/0883.npz,364,10,1|1|1|1|0|1|1|1|1|1|0|1,2,head_audio_pos_same_start_100hz
FC02,control,Session3,0884,data/processed/torgo_aai_features/FC02/Session3/0884.npz,644,10,1|1|1|1|0|1|1|1|1|1|0|1,2,head_audio_pos_same_start_100hz
FC02,control,Session3,0885,data/processed/torgo_aai_features/FC02/Session3/0885.npz,668,10,1|1|1|1|0|1|1|1|1|1|0|1,2,head_audio_pos_same_start_100hz
FC02,control,Session3,0886,data/processed/torgo_aai_features/FC02/Session3/0886.npz,230,10,1|1|1|1|0|1|1|1|1|1|0|1,2,head_audio_pos_same_start_100hz
FC02,control,Session3,0887,data/processed/torgo_aai_features/FC02/Session3/0887.npz,301,10,1|1|1|1|0|1|1|1|1|1|0|1,2,head_audio_pos_same_start_100hz
FC02,control,Session3,0888,data/processed/torgo_aai_features/FC02/Session3/0888.npz,506,12,1|1|1|1|1|1|1|1|1|1|1|1,,head_audio_pos_same_start_100hz
FC02,control,Session3,0889,data/processed/torgo_aai_features/FC02/Session3/0889.npz,198,10,1|1|1|1|0|1|1|1|1|1|0|1,2,head_audio_pos_same_start_100hz
FC02,control,Session3,0890,data/processed/torgo_aai_features/FC02/Session3/0890.npz,209,12,1|1|1|1|1|1|1|1|1|1|1|1,,head_audio_pos_same_start_100hz
FC02,control,Session3,0891,data/processed/torgo_aai_features/FC02/Session3/0891.npz,423,10,1|1|1|1|0|1|1|1|1|1|0|1,2,head_audio_pos_same_start_100hz
FC02,control,Session3,0892,data/processed/torgo_aai_features/FC02/Session3/0892.npz,351,10,1|1|1|1|0|1|1|1|1|1|0|1,2,head_audio_pos_same_start_100hz
FC02,control,Session3,0893,data/processed/torgo_aai_features/FC02/Session3/0893.npz,199,12,1|1|1|1|1|1|1|1|1|1|1|1,,head_audio_pos_same_start_100hz
FC02,control,Session3,0894,data/processed/torgo_aai_features/FC02/Session3/0894.npz,416,10,1|1|1|1|0|1|1|1|1|1|0|1,2,head_audio_pos_same_start_100hz
FC02,control,Session3,0895,data/processed/torgo_aai_features/FC02/Session3/0895.npz,179,12,1|1|1|1|1|1|1|1|1|1|1|1,,head_audio_pos_same_start_100hz
FC02,control,Session3,0896,data/processed/torgo_aai_features/FC02/Session3/0896.npz,213,10,1|1|1|1|0|1|1|1|1|1|0|1,2,head_audio_pos_same_start_100hz
FC02,control,Session3,0897,data/processed/torgo_aai_features/FC02/Session3/0897.npz,223,10,1|1|1|1|0|1|1|1|1|1|0|1,2,head_audio_pos_same_start_100hz
FC02,control,Session3,0898,data/processed/torgo_aai_features/FC02/Session3/0898.npz,168,12,1|1|1|1|1|1|1|1|1|1|1|1,,head_audio_pos_same_start_100hz
FC02,control,Session3,0899,data/processed/torgo_aai_features/FC02/Session3/0899.npz,200,12,1|1|1|1|1|1|1|1|1|1|1|1,,head_audio_pos_same_start_100hz
FC02,control,Session3,0900,data/processed/torgo_aai_features/FC02/Session3/0900.npz,220,12,1|1|1|1|1|1|1|1|1|1|1|1,,head_audio_pos_same_start_100hz
FC02,control,Session3,0901,data/processed/torgo_aai_features/FC02/Session3/0901.npz,179,10,1|1|1|1|0|1|1|1|1|1|0|1,2,head_audio_pos_same_start_100hz
FC02,control,Session3,0902,data/processed/torgo_aai_features/FC02/Session3/0902.npz,217,12,1|1|1|1|1|1|1|1|1|1|1|1,,head_audio_pos_same_start_100hz
FC02,control,Session3,0903,data/processed/torgo_aai_features/FC02/Session3/0903.npz,175,10,1|1|1|1|0|1|1|1|1|1|0|1,2,head_audio_pos_same_start_100hz
FC02,control,Session3,0904,data/processed/torgo_aai_features/FC02/Session3/0904.npz,650,10,1|1|1|1|0|1|1|1|1|1|0|1,2,head_audio_pos_same_start_100hz
FC02,control,Session3,0905,data/processed/torgo_aai_features/FC02/Session3/0905.npz,245,10,1|1|1|1|0|1|1|1|1|1|0|1,2,head_audio_pos_same_start_100hz
FC02,control,Session3,0906,data/processed/torgo_aai_features/FC02/Session3/0906.npz,218,12,1|1|1|1|1|1|1|1|1|1|1|1,,head_audio_pos_same_start_100hz
FC02,control,Session3,0907,data/processed/torgo_aai_features/FC02/Session3/0907.npz,235,10,1|1|1|1|0|1|1|1|1|1|0|1,2,head_audio_pos_same_start_100hz
FC02,control,Session3,0908,data/processed/torgo_aai_features/FC02/Session3/0908.npz,361,10,1|1|1|1|0|1|1|1|1|1|0|1,2,head_audio_pos_same_start_100hz
FC02,control,Session3,0909,data/processed/torgo_aai_features/FC02/Session3/0909.npz,222,12,1|1|1|1|1|1|1|1|1|1|1|1,,head_audio_pos_same_start_100hz
FC02,control,Session3,0910,data/processed/torgo_aai_features/FC02/Session3/0910.npz,563,10,1|1|1|1|0|1|1|1|1|1|0|1,2,head_audio_pos_same_start_100hz
FC02,control,Session3,0911,data/processed/torgo_aai_features/FC02/Session3/0911.npz,344,10,1|1|1|1|0|1|1|1|1|1|0|1,2,head_audio_pos_same_start_100hz
FC02,control,Session3,0912,data/processed/torgo_aai_features/FC02/Session3/0912.npz,271,12,1|1|1|1|1|1|1|1|1|1|1|1,,head_audio_pos_same_start_100hz
FC02,control,Session3,0913,data/processed/torgo_aai_features/FC02/Session3/0913.npz,199,12,1|1|1|1|1|1|1|1|1|1|1|1,,head_audio_pos_same_start_100hz
FC02,control,Session3,0914,data/processed/torgo_aai_features/FC02/Session3/0914.npz,417,12,1|1|1|1|1|1|1|1|1|1|1|1,,head_audio_pos_same_start_100hz
FC02,control,Session3,0915,data/processed/torgo_aai_features/FC02/Session3/0915.npz,198,10,1|1|1|1|0|1|1|1|1|1|0|1,2,head_audio_pos_same_start_100hz
FC02,control,Session3,0916,data/processed/torgo_aai_features/FC02/Session3/0916.npz,400,10,1|1|1|1|0|1|1|1|1|1|0|1,2,head_audio_pos_same_start_100hz
FC02,control,Session3,0917,data/processed/torgo_aai_features/FC02/Session3/0917.npz,213,12,1|1|1|1|1|1|1|1|1|1|1|1,,head_audio_pos_same_start_100hz
FC02,control,Session3,0918,data/processed/torgo_aai_features/FC02/Session3/0918.npz,197,12,1|1|1|1|1|1|1|1|1|1|1|1,,head_audio_pos_same_start_100hz
FC02,control,Session3,0919,data/processed/torgo_aai_features/FC02/Session3/0919.npz,201,10,1|1|1|1|0|1|1|1|1|1|0|1,2,head_audio_pos_same_start_100hz
FC02,control,Session3,0920,data/processed/torgo_aai_features/FC02/Session3/0920.npz,179,10,1|1|1|1|0|1|1|1|1|1|0|1,2,head_audio_pos_same_start_100hz
FC02,control,Session3,0921,data/processed/torgo_aai_features/FC02/Session3/0921.npz,208,12,1|1|1|1|1|1|1|1|1|1|1|1,,head_audio_pos_same_start_100hz
FC02,control,Session3,0922,data/processed/torgo_aai_features/FC02/Session3/0922.npz,201,12,1|1|1|1|1|1|1|1|1|1|1|1,,head_audio_pos_same_start_100hz
FC02,control,Session3,0923,data/processed/torgo_aai_features/FC02/Session3/0923.npz,381,8,1|1|1|1|0|0|1|1|1|1|0|0,1|2,head_audio_pos_same_start_100hz
FC02,control,Session3,0924,data/processed/torgo_aai_features/FC02/Session3/0924.npz,190,10,1|1|1|1|0|1|1|1|1|1|0|1,2,head_audio_pos_same_start_100hz
FC02,control,Session3,0925,data/processed/torgo_aai_features/FC02/Session3/0925.npz,183,10,1|1|1|1|0|1|1|1|1|1|0|1,2,head_audio_pos_same_start_100hz
FC02,control,Session3,0926,data/processed/torgo_aai_features/FC02/Session3/0926.npz,203,12,1|1|1|1|1|1|1|1|1|1|1|1,,head_audio_pos_same_start_100hz
FC02,control,Session3,0927,data/processed/torgo_aai_features/FC02/Session3/0927.npz,216,12,1|1|1|1|1|1|1|1|1|1|1|1,,head_audio_pos_same_start_100hz
FC02,control,Session3,0928,data/processed/torgo_aai_features/FC02/Session3/0928.npz,195,12,1|1|1|1|1|1|1|1|1|1|1|1,,head_audio_pos_same_start_100hz
FC02,control,Session3,0929,data/processed/torgo_aai_features/FC02/Session3/0929.npz,421,10,1|1|1|1|0|1|1|1|1|1|0|1,2,head_audio_pos_same_start_100hz
FC02,control,Session3,0930,data/processed/torgo_aai_features/FC02/Session3/0930.npz,238,8,1|1|1|1|0|0|1|1|1|1|0|0,1|2,head_audio_pos_same_start_100hz
FC02,control,Session3,0931,data/processed/torgo_aai_features/FC02/Session3/0931.npz,193,12,1|1|1|1|1|1|1|1|1|1|1|1,,head_audio_pos_same_start_100hz
FC02,control,Session3,0932,data/processed/torgo_aai_features/FC02/Session3/0932.npz,187,12,1|1|1|1|1|1|1|1|1|1|1|1,,head_audio_pos_same_start_100hz
FC02,control,Session3,0933,data/processed/torgo_aai_features/FC02/Session3/0933.npz,174,12,1|1|1|1|1|1|1|1|1|1|1|1,,head_audio_pos_same_start_100hz
FC02,control,Session3,0934,data/processed/torgo_aai_features/FC02/Session3/0934.npz,204,10,1|1|1|1|0|1|1|1|1|1|0|1,2,head_audio_pos_same_start_100hz
FC02,control,Session3,0935,data/processed/torgo_aai_features/FC02/Session3/0935.npz,187,12,1|1|1|1|1|1|1|1|1|1|1|1,,head_audio_pos_same_start_100hz
FC02,control,Session3,0936,data/processed/torgo_aai_features/FC02/Session3/0936.npz,211,12,1|1|1|1|1|1|1|1|1|1|1|1,,head_audio_pos_same_start_100hz
FC02,control,Session3,0937,data/processed/torgo_aai_features/FC02/Session3/0937.npz,189,12,1|1|1|1|1|1|1|1|1|1|1|1,,head_audio_pos_same_start_100hz
FC02,control,Session3,0938,data/processed/torgo_aai_features/FC02/Session3/0938.npz,204,10,1|1|1|1|0|1|1|1|1|1|0|1,2,head_audio_pos_same_start_100hz
FC02,control,Session3,0939,data/processed/torgo_aai_features/FC02/Session3/0939.npz,298,10,1|1|1|1|0|1|1|1|1|1|0|1,2,head_audio_pos_same_start_100hz
FC02,control,Session3,0940,data/processed/torgo_aai_features/FC02/Session3/0940.npz,204,12,1|1|1|1|1|1|1|1|1|1|1|1,,head_audio_pos_same_start_100hz
FC02,control,Session3,0941,data/processed/torgo_aai_features/FC02/Session3/0941.npz,253,12,1|1|1|1|1|1|1|1|1|1|1|1,,head_audio_pos_same_start_100hz
FC02,control,Session3,0942,data/processed/torgo_aai_features/FC02/Session3/0942.npz,321,12,1|1|1|1|1|1|1|1|1|1|1|1,,head_audio_pos_same_start_100hz
FC02,control,Session3,0943,data/processed/torgo_aai_features/FC02/Session3/0943.npz,434,12,1|1|1|1|1|1|1|1|1|1|1|1,,head_audio_pos_same_start_100hz
FC02,control,Session3,0944,data/processed/torgo_aai_features/FC02/Session3/0944.npz,327,12,1|1|1|1|1|1|1|1|1|1|1|1,,head_audio_pos_same_start_100hz
FC02,control,Session3,0945,data/processed/torgo_aai_features/FC02/Session3/0945.npz,417,12,1|1|1|1|1|1|1|1|1|1|1|1,,head_audio_pos_same_start_100hz
FC02,control,Session3,0946,data/processed/torgo_aai_features/FC02/Session3/0946.npz,208,12,1|1|1|1|1|1|1|1|1|1|1|1,,head_audio_pos_same_start_100hz
FC02,control,Session3,0947,data/processed/torgo_aai_features/FC02/Session3/0947.npz,184,12,1|1|1|1|1|1|1|1|1|1|1|1,,head_audio_pos_same_start_100hz
FC02,control,Session3,0948,data/processed/torgo_aai_features/FC02/Session3/0948.npz,191,10,1|1|1|1|0|1|1|1|1|1|0|1,2,head_audio_pos_same_start_100hz
FC02,control,Session3,0949,data/processed/torgo_aai_features/FC02/Session3/0949.npz,194,10,1|1|1|1|0|1|1|1|1|1|0|1,2,head_audio_pos_same_start_100hz
FC02,control,Session3,0950,data/processed/torgo_aai_features/FC02/Session3/0950.npz,638,10,1|1|1|1|0|1|1|1|1|1|0|1,2,head_audio_pos_same_start_100hz
FC02,control,Session3,0951,data/processed/torgo_aai_features/FC02/Session3/0951.npz,490,12,1|1|1|1|1|1|1|1|1|1|1|1,,head_audio_pos_same_start_100hz
FC02,control,Session3,0952,data/processed/torgo_aai_features/FC02/Session3/0952.npz,231,10,1|1|1|1|0|1|1|1|1|1|0|1,2,head_audio_pos_same_start_100hz
FC02,control,Session3,0953,data/processed/torgo_aai_features/FC02/Session3/0953.npz,227,12,1|1|1|1|1|1|1|1|1|1|1|1,,head_audio_pos_same_start_100hz
FC02,control,Session3,0954,data/processed/torgo_aai_features/FC02/Session3/0954.npz,220,12,1|1|1|1|1|1|1|1|1|1|1|1,,head_audio_pos_same_start_100hz
FC02,control,Session3,0955,data/processed/torgo_aai_features/FC02/Session3/0955.npz,234,10,1|1|1|1|0|1|1|1|1|1|0|1,2,head_audio_pos_same_start_100hz
FC02,control,Session3,0956,data/processed/torgo_aai_features/FC02/Session3/0956.npz,178,12,1|1|1|1|1|1|1|1|1|1|1|1,,head_audio_pos_same_start_100hz
FC02,control,Session3,0957,data/processed/torgo_aai_features/FC02/Session3/0957.npz,196,12,1|1|1|1|1|1|1|1|1|1|1|1,,head_audio_pos_same_start_100hz
FC02,control,Session3,0958,data/processed/torgo_aai_features/FC02/Session3/0958.npz,234,10,1|1|1|1|0|1|1|1|1|1|0|1,2,head_audio_pos_same_start_100hz
FC02,control,Session3,0959,data/processed/torgo_aai_features/FC02/Session3/0959.npz,741,10,1|1|1|1|0|1|1|1|1|1|0|1,2,head_audio_pos_same_start_100hz
FC02,control,Session3,0960,data/processed/torgo_aai_features/FC02/Session3/0960.npz,497,10,1|1|1|1|0|1|1|1|1|1|0|1,2,head_audio_pos_same_start_100hz
FC02,control,Session3,0961,data/processed/torgo_aai_features/FC02/Session3/0961.npz,209,12,1|1|1|1|1|1|1|1|1|1|1|1,,head_audio_pos_same_start_100hz
FC02,control,Session3,0962,data/processed/torgo_aai_features/FC02/Session3/0962.npz,393,12,1|1|1|1|1|1|1|1|1|1|1|1,,head_audio_pos_same_start_100hz
FC02,control,Session3,0963,data/processed/torgo_aai_features/FC02/Session3/0963.npz,219,12,1|1|1|1|1|1|1|1|1|1|1|1,,head_audio_pos_same_start_100hz
FC02,control,Session3,0964,data/processed/torgo_aai_features/FC02/Session3/0964.npz,210,12,1|1|1|1|1|1|1|1|1|1|1|1,,head_audio_pos_same_start_100hz
FC02,control,Session3,0965,data/processed/torgo_aai_features/FC02/Session3/0965.npz,186,12,1|1|1|1|1|1|1|1|1|1|1|1,,head_audio_pos_same_start_100hz
FC02,control,Session3,0966,data/processed/torgo_aai_features/FC02/Session3/0966.npz,409,12,1|1|1|1|1|1|1|1|1|1|1|1,,head_audio_pos_same_start_100hz
FC02,control,Session3,0967,data/processed/torgo_aai_features/FC02/Session3/0967.npz,347,12,1|1|1|1|1|1|1|1|1|1|1|1,,head_audio_pos_same_start_100hz
FC02,control,Session3,0968,data/processed/torgo_aai_features/FC02/Session3/0968.npz,329,10,1|1|1|1|0|1|1|1|1|1|0|1,2,head_audio_pos_same_start_100hz
FC02,control,Session3,0969,data/processed/torgo_aai_features/FC02/Session3/0969.npz,207,12,1|1|1|1|1|1|1|1|1|1|1|1,,head_audio_pos_same_start_100hz
FC02,control,Session3,0970,data/processed/torgo_aai_features/FC02/Session3/0970.npz,388,12,1|1|1|1|1|1|1|1|1|1|1|1,,head_audio_pos_same_start_100hz
FC02,control,Session3,0971,data/processed/torgo_aai_features/FC02/Session3/0971.npz,192,12,1|1|1|1|1|1|1|1|1|1|1|1,,head_audio_pos_same_start_100hz
FC02,control,Session3,0972,data/processed/torgo_aai_features/FC02/Session3/0972.npz,180,12,1|1|1|1|1|1|1|1|1|1|1|1,,head_audio_pos_same_start_100hz
FC02,control,Session3,0973,data/processed/torgo_aai_features/FC02/Session3/0973.npz,181,12,1|1|1|1|1|1|1|1|1|1|1|1,,head_audio_pos_same_start_100hz
FC02,control,Session3,0974,data/processed/torgo_aai_features/FC02/Session3/0974.npz,208,12,1|1|1|1|1|1|1|1|1|1|1|1,,head_audio_pos_same_start_100hz
FC02,control,Session3,0975,data/processed/torgo_aai_features/FC02/Session3/0975.npz,192,10,1|1|1|1|0|1|1|1|1|1|0|1,2,head_audio_pos_same_start_100hz
FC02,control,Session3,0976,data/processed/torgo_aai_features/FC02/Session3/0976.npz,205,12,1|1|1|1|1|1|1|1|1|1|1|1,,head_audio_pos_same_start_100hz
FC02,control,Session3,0977,data/processed/torgo_aai_features/FC02/Session3/0977.npz,174,12,1|1|1|1|1|1|1|1|1|1|1|1,,head_audio_pos_same_start_100hz
FC02,control,Session3,0978,data/processed/torgo_aai_features/FC02/Session3/0978.npz,202,12,1|1|1|1|1|1|1|1|1|1|1|1,,head_audio_pos_same_start_100hz
FC02,control,Session3,0979,data/processed/torgo_aai_features/FC02/Session3/0979.npz,214,12,1|1|1|1|1|1|1|1|1|1|1|1,,head_audio_pos_same_start_100hz
FC02,control,Session3,0980,data/processed/torgo_aai_features/FC02/Session3/0980.npz,206,12,1|1|1|1|1|1|1|1|1|1|1|1,,head_audio_pos_same_start_100hz
FC02,control,Session3,0981,data/processed/torgo_aai_features/FC02/Session3/0981.npz,200,12,1|1|1|1|1|1|1|1|1|1|1|1,,head_audio_pos_same_start_100hz
FC02,control,Session3,0982,data/processed/torgo_aai_features/FC02/Session3/0982.npz,179,12,1|1|1|1|1|1|1|1|1|1|1|1,,head_audio_pos_same_start_100hz
FC02,control,Session3,0983,data/processed/torgo_aai_features/FC02/Session3/0983.npz,298,10,1|1|1|1|0|1|1|1|1|1|0|1,2,head_audio_pos_same_start_100hz
FC02,control,Session3,0984,data/processed/torgo_aai_features/FC02/Session3/0984.npz,397,12,1|1|1|1|1|1|1|1|1|1|1|1,,head_audio_pos_same_start_100hz
FC02,control,Session3,0985,data/processed/torgo_aai_features/FC02/Session3/0985.npz,196,12,1|1|1|1|1|1|1|1|1|1|1|1,,head_audio_pos_same_start_100hz
FC02,control,Session3,0986,data/processed/torgo_aai_features/FC02/Session3/0986.npz,171,12,1|1|1|1|1|1|1|1|1|1|1|1,,head_audio_pos_same_start_100hz
FC02,control,Session3,0987,data/processed/torgo_aai_features/FC02/Session3/0987.npz,416,10,1|1|1|1|0|1|1|1|1|1|0|1,2,head_audio_pos_same_start_100hz
FC02,control,Session3,0988,data/processed/torgo_aai_features/FC02/Session3/0988.npz,174,12,1|1|1|1|1|1|1|1|1|1|1|1,,head_audio_pos_same_start_100hz
FC02,control,Session3,0989,data/processed/torgo_aai_features/FC02/Session3/0989.npz,248,12,1|1|1|1|1|1|1|1|1|1|1|1,,head_audio_pos_same_start_100hz
FC02,control,Session3,0990,data/processed/torgo_aai_features/FC02/Session3/0990.npz,230,12,1|1|1|1|1|1|1|1|1|1|1|1,,head_audio_pos_same_start_100hz
FC02,control,Session3,0991,data/processed/torgo_aai_features/FC02/Session3/0991.npz,202,12,1|1|1|1|1|1|1|1|1|1|1|1,,head_audio_pos_same_start_100hz
FC02,control,Session3,0992,data/processed/torgo_aai_features/FC02/Session3/0992.npz,182,12,1|1|1|1|1|1|1|1|1|1|1|1,,head_audio_pos_same_start_100hz
FC02,control,Session3,0993,data/processed/torgo_aai_features/FC02/Session3/0993.npz,190,10,1|1|1|1|0|1|1|1|1|1|0|1,2,head_audio_pos_same_start_100hz
FC02,control,Session3,0994,data/processed/torgo_aai_features/FC02/Session3/0994.npz,208,10,1|1|1|1|0|1|1|1|1|1|0|1,2,head_audio_pos_same_start_100hz
FC02,control,Session3,0995,data/processed/torgo_aai_features/FC02/Session3/0995.npz,228,10,1|1|1|1|0|1|1|1|1|1|0|1,2,head_audio_pos_same_start_100hz
FC02,control,Session3,0996,data/processed/torgo_aai_features/FC02/Session3/0996.npz,279,12,1|1|1|1|1|1|1|1|1|1|1|1,,head_audio_pos_same_start_100hz
FC02,control,Session3,0997,data/processed/torgo_aai_features/FC02/Session3/0997.npz,185,12,1|1|1|1|1|1|1|1|1|1|1|1,,head_audio_pos_same_start_100hz
FC02,control,Session3,0998,data/processed/torgo_aai_features/FC02/Session3/0998.npz,229,12,1|1|1|1|1|1|1|1|1|1|1|1,10,head_audio_pos_same_start_100hz
FC02,control,Session3,0999,data/processed/torgo_aai_features/FC02/Session3/0999.npz,372,12,1|1|1|1|1|1|1|1|1|1|1|1,,head_audio_pos_same_start_100hz
FC02,control,Session3,1000,data/processed/torgo_aai_features/FC02/Session3/1000.npz,224,12,1|1|1|1|1|1|1|1|1|1|1|1,,head_audio_pos_same_start_100hz
FC03,control,Session1,0001,data/processed/torgo_aai_features/FC03/Session1/0001.npz,1174,10,1|1|1|0|1|1|1|1|1|0|1|1,3|9,head_audio_pos_same_start_100hz
FC03,control,Session1,0002,data/processed/torgo_aai_features/FC03/Session1/0002.npz,1312,10,1|1|1|0|1|1|1|1|1|0|1|1,3|9,head_audio_pos_same_start_100hz
FC03,control,Session1,0003,data/processed/torgo_aai_features/FC03/Session1/0003.npz,1257,12,1|1|1|1|1|1|1|1|1|1|1|1,9,head_audio_pos_same_start_100hz
FC03,control,Session1,0004,data/processed/torgo_aai_features/FC03/Session1/0004.npz,493,12,1|1|1|1|1|1|1|1|1|1|1|1,,head_audio_pos_same_start_100hz
FC03,control,Session1,0005,data/processed/torgo_aai_features/FC03/Session1/0005.npz,171,12,1|1|1|1|1|1|1|1|1|1|1|1,9,head_audio_pos_same_start_100hz
FC03,control,Session1,0006,data/processed/torgo_aai_features/FC03/Session1/0006.npz,164,12,1|1|1|1|1|1|1|1|1|1|1|1,,head_audio_pos_same_start_100hz
FC03,control,Session1,0007,data/processed/torgo_aai_features/FC03/Session1/0007.npz,156,10,1|1|1|1|1|0|1|1|1|1|1|0,1,head_audio_pos_same_start_100hz
FC03,control,Session1,0008,data/processed/torgo_aai_features/FC03/Session1/0008.npz,142,12,1|1|1|1|1|1|1|1|1|1|1|1,,head_audio_pos_same_start_100hz
FC03,control,Session1,0009,data/processed/torgo_aai_features/FC03/Session1/0009.npz,153,12,1|1|1|1|1|1|1|1|1|1|1|1,,head_audio_pos_same_start_100hz
FC03,control,Session1,0010,data/processed/torgo_aai_features/FC03/Session1/0010.npz,201,12,1|1|1|1|1|1|1|1|1|1|1|1,,head_audio_pos_same_start_100hz
FC03,control,Session1,0011,data/processed/torgo_aai_features/FC03/Session1/0011.npz,472,12,1|1|1|1|1|1|1|1|1|1|1|1,,head_audio_pos_same_start_100hz
FC03,control,Session1,0012,data/processed/torgo_aai_features/FC03/Session1/0012.npz,209,12,1|1|1|1|1|1|1|1|1|1|1|1,,head_audio_pos_same_start_100hz
FC03,control,Session1,0013,data/processed/torgo_aai_features/FC03/Session1/0013.npz,189,12,1|1|1|1|1|1|1|1|1|1|1|1,,head_audio_pos_same_start_100hz
FC03,control,Session1,0014,data/processed/torgo_aai_features/FC03/Session1/0014.npz,181,12,1|1|1|1|1|1|1|1|1|1|1|1,,head_audio_pos_same_start_100hz
FC03,control,Session1,0015,data/processed/torgo_aai_features/FC03/Session1/0015.npz,184,10,1|1|1|0|1|1|1|1|1|0|1|1,3,head_audio_pos_same_start_100hz
FC03,control,Session1,0016,data/processed/torgo_aai_features/FC03/Session1/0016.npz,189,12,1|1|1|1|1|1|1|1|1|1|1|1,,head_audio_pos_same_start_100hz
FC03,control,Session1,0017,data/processed/torgo_aai_features/FC03/Session1/0017.npz,176,10,1|1|1|0|1|1|1|1|1|0|1|1,3,head_audio_pos_same_start_100hz
FC03,control,Session1,0018,data/processed/torgo_aai_features/FC03/Session1/0018.npz,197,12,1|1|1|1|1|1|1|1|1|1|1|1,,head_audio_pos_same_start_100hz
FC03,control,Session1,0019,data/processed/torgo_aai_features/FC03/Session1/0019.npz,233,12,1|1|1|1|1|1|1|1|1|1|1|1,9,head_audio_pos_same_start_100hz
FC03,control,Session1,0020,data/processed/torgo_aai_features/FC03/Session1/0020.npz,256,12,1|1|1|1|1|1|1|1|1|1|1|1,,head_audio_pos_same_start_100hz
FC03,control,Session1,0021,data/processed/torgo_aai_features/FC03/Session1/0021.npz,187,12,1|1|1|1|1|1|1|1|1|1|1|1,9,head_audio_pos_same_start_100hz
FC03,control,Session1,0022,data/processed/torgo_aai_features/FC03/Session1/0022.npz,562,12,1|1|1|1|1|1|1|1|1|1|1|1,,head_audio_pos_same_start_100hz
FC03,control,Session1,0023,data/processed/torgo_aai_features/FC03/Session1/0023.npz,239,12,1|1|1|1|1|1|1|1|1|1|1|1,,head_audio_pos_same_start_100hz
FC03,control,Session1,0024,data/processed/torgo_aai_features/FC03/Session1/0024.npz,241,12,1|1|1|1|1|1|1|1|1|1|1|1,9,head_audio_pos_same_start_100hz
FC03,control,Session1,0025,data/processed/torgo_aai_features/FC03/Session1/0025.npz,202,12,1|1|1|1|1|1|1|1|1|1|1|1,,head_audio_pos_same_start_100hz
FC03,control,Session1,0026,data/processed/torgo_aai_features/FC03/Session1/0026.npz,563,8,1|1|1|0|1|0|1|1|1|0|1|0,1|3|9,head_audio_pos_same_start_100hz
FC03,control,Session1,0027,data/processed/torgo_aai_features/FC03/Session1/0027.npz,219,10,1|1|1|0|1|1|1|1|1|0|1|1,3,head_audio_pos_same_start_100hz
FC03,control,Session1,0028,data/processed/torgo_aai_features/FC03/Session1/0028.npz,223,12,1|1|1|1|1|1|1|1|1|1|1|1,9,head_audio_pos_same_start_100hz
FC03,control,Session1,0029,data/processed/torgo_aai_features/FC03/Session1/0029.npz,228,12,1|1|1|1|1|1|1|1|1|1|1|1,,head_audio_pos_same_start_100hz
FC03,control,Session1,0030,data/processed/torgo_aai_features/FC03/Session1/0030.npz,248,12,1|1|1|1|1|1|1|1|1|1|1|1,,head_audio_pos_same_start_100hz
FC03,control,Session1,0031,data/processed/torgo_aai_features/FC03/Session1/0031.npz,216,12,1|1|1|1|1|1|1|1|1|1|1|1,,head_audio_pos_same_start_100hz
FC03,control,Session1,0032,data/processed/torgo_aai_features/FC03/Session1/0032.npz,234,12,1|1|1|1|1|1|1|1|1|1|1|1,,head_audio_pos_same_start_100hz
FC03,control,Session1,0033,data/processed/torgo_aai_features/FC03/Session1/0033.npz,214,12,1|1|1|1|1|1|1|1|1|1|1|1,,head_audio_pos_same_start_100hz
FC03,control,Session1,0034,data/processed/torgo_aai_features/FC03/Session1/0034.npz,226,12,1|1|1|1|1|1|1|1|1|1|1|1,,head_audio_pos_same_start_100hz
FC03,control,Session1,0035,data/processed/torgo_aai_features/FC03/Session1/0035.npz,508,12,1|1|1|1|1|1|1|1|1|1|1|1,,head_audio_pos_same_start_100hz
FC03,control,Session1,0036,data/processed/torgo_aai_features/FC03/Session1/0036.npz,919,12,1|1|1|1|1|1|1|1|1|1|1|1,,head_audio_pos_same_start_100hz
FC03,control,Session1,0037,data/processed/torgo_aai_features/FC03/Session1/0037.npz,237,12,1|1|1|1|1|1|1|1|1|1|1|1,,head_audio_pos_same_start_100hz
FC03,control,Session1,0038,data/processed/torgo_aai_features/FC03/Session1/0038.npz,197,12,1|1|1|1|1|1|1|1|1|1|1|1,,head_audio_pos_same_start_100hz
FC03,control,Session1,0039,data/processed/torgo_aai_features/FC03/Session1/0039.npz,198,12,1|1|1|1|1|1|1|1|1|1|1|1,,head_audio_pos_same_start_100hz
FC03,control,Session1,0040,data/processed/torgo_aai_features/FC03/Session1/0040.npz,227,12,1|1|1|1|1|1|1|1|1|1|1|1,,head_audio_pos_same_start_100hz
FC03,control,Session1,0041,data/processed/torgo_aai_features/FC03/Session1/0041.npz,215,12,1|1|1|1|1|1|1|1|1|1|1|1,9,head_audio_pos_same_start_100hz
FC03,control,Session1,0042,data/processed/torgo_aai_features/FC03/Session1/0042.npz,244,12,1|1|1|1|1|1|1|1|1|1|1|1,,head_audio_pos_same_start_100hz
FC03,control,Session1,0043,data/processed/torgo_aai_features/FC03/Session1/0043.npz,352,12,1|1|1|1|1|1|1|1|1|1|1|1,,head_audio_pos_same_start_100hz
FC03,control,Session1,0044,data/processed/torgo_aai_features/FC03/Session1/0044.npz,232,12,1|1|1|1|1|1|1|1|1|1|1|1,,head_audio_pos_same_start_100hz
FC03,control,Session1,0045,data/processed/torgo_aai_features/FC03/Session1/0045.npz,202,12,1|1|1|1|1|1|1|1|1|1|1|1,,head_audio_pos_same_start_100hz
FC03,control,Session1,0046,data/processed/torgo_aai_features/FC03/Session1/0046.npz,295,12,1|1|1|1|1|1|1|1|1|1|1|1,,head_audio_pos_same_start_100hz
FC03,control,Session1,0047,data/processed/torgo_aai_features/FC03/Session1/0047.npz,283,12,1|1|1|1|1|1|1|1|1|1|1|1,,head_audio_pos_same_start_100hz
FC03,control,Session1,0048,data/processed/torgo_aai_features/FC03/Session1/0048.npz,246,12,1|1|1|1|1|1|1|1|1|1|1|1,,head_audio_pos_same_start_100hz
FC03,control,Session1,0049,data/processed/torgo_aai_features/FC03/Session1/0049.npz,515,12,1|1|1|1|1|1|1|1|1|1|1|1,,head_audio_pos_same_start_100hz
FC03,control,Session1,0050,data/processed/torgo_aai_features/FC03/Session1/0050.npz,237,12,1|1|1|1|1|1|1|1|1|1|1|1,9,head_audio_pos_same_start_100hz
FC03,control,Session1,0051,data/processed/torgo_aai_features/FC03/Session1/0051.npz,202,12,1|1|1|1|1|1|1|1|1|1|1|1,,head_audio_pos_same_start_100hz
FC03,control,Session1,0052,data/processed/torgo_aai_features/FC03/Session1/0052.npz,219,12,1|1|1|1|1|1|1|1|1|1|1|1,,head_audio_pos_same_start_100hz
FC03,control,Session1,0053,data/processed/torgo_aai_features/FC03/Session1/0053.npz,441,12,1|1|1|1|1|1|1|1|1|1|1|1,9,head_audio_pos_same_start_100hz
FC03,control,Session1,0054,data/processed/torgo_aai_features/FC03/Session1/0054.npz,623,12,1|1|1|1|1|1|1|1|1|1|1|1,9,head_audio_pos_same_start_100hz
FC03,control,Session1,0055,data/processed/torgo_aai_features/FC03/Session1/0055.npz,722,12,1|1|1|1|1|1|1|1|1|1|1|1,,head_audio_pos_same_start_100hz
FC03,control,Session1,0056,data/processed/torgo_aai_features/FC03/Session1/0056.npz,262,12,1|1|1|1|1|1|1|1|1|1|1|1,,head_audio_pos_same_start_100hz
FC03,control,Session1,0057,data/processed/torgo_aai_features/FC03/Session1/0057.npz,247,12,1|1|1|1|1|1|1|1|1|1|1|1,,head_audio_pos_same_start_100hz
FC03,control,Session1,0058,data/processed/torgo_aai_features/FC03/Session1/0058.npz,224,12,1|1|1|1|1|1|1|1|1|1|1|1,,head_audio_pos_same_start_100hz
FC03,control,Session1,0059,data/processed/torgo_aai_features/FC03/Session1/0059.npz,508,12,1|1|1|1|1|1|1|1|1|1|1|1,,head_audio_pos_same_start_100hz
FC03,control,Session1,0060,data/processed/torgo_aai_features/FC03/Session1/0060.npz,507,12,1|1|1|1|1|1|1|1|1|1|1|1,,head_audio_pos_same_start_100hz
FC03,control,Session1,0061,data/processed/torgo_aai_features/FC03/Session1/0061.npz,229,12,1|1|1|1|1|1|1|1|1|1|1|1,,head_audio_pos_same_start_100hz
FC03,control,Session1,0062,data/processed/torgo_aai_features/FC03/Session1/0062.npz,207,12,1|1|1|1|1|1|1|1|1|1|1|1,,head_audio_pos_same_start_100hz
FC03,control,Session1,0063,data/processed/torgo_aai_features/FC03/Session1/0063.npz,548,12,1|1|1|1|1|1|1|1|1|1|1|1,,head_audio_pos_same_start_100hz
FC03,control,Session1,0064,data/processed/torgo_aai_features/FC03/Session1/0064.npz,248,12,1|1|1|1|1|1|1|1|1|1|1|1,,head_audio_pos_same_start_100hz
FC03,control,Session1,0065,data/processed/torgo_aai_features/FC03/Session1/0065.npz,213,12,1|1|1|1|1|1|1|1|1|1|1|1,,head_audio_pos_same_start_100hz
FC03,control,Session1,0066,data/processed/torgo_aai_features/FC03/Session1/0066.npz,220,12,1|1|1|1|1|1|1|1|1|1|1|1,,head_audio_pos_same_start_100hz
FC03,control,Session1,0067,data/processed/torgo_aai_features/FC03/Session1/0067.npz,210,12,1|1|1|1|1|1|1|1|1|1|1|1,,head_audio_pos_same_start_100hz
FC03,control,Session1,0068,data/processed/torgo_aai_features/FC03/Session1/0068.npz,217,10,1|1|1|1|1|0|1|1|1|1|1|0,1,head_audio_pos_same_start_100hz
FC03,control,Session1,0069,data/processed/torgo_aai_features/FC03/Session1/0069.npz,573,12,1|1|1|1|1|1|1|1|1|1|1|1,,head_audio_pos_same_start_100hz
FC03,control,Session1,0070,data/processed/torgo_aai_features/FC03/Session1/0070.npz,223,12,1|1|1|1|1|1|1|1|1|1|1|1,,head_audio_pos_same_start_100hz
FC03,control,Session1,0071,data/processed/torgo_aai_features/FC03/Session1/0071.npz,226,12,1|1|1|1|1|1|1|1|1|1|1|1,,head_audio_pos_same_start_100hz
FC03,control,Session1,0072,data/processed/torgo_aai_features/FC03/Session1/0072.npz,247,12,1|1|1|1|1|1|1|1|1|1|1|1,,head_audio_pos_same_start_100hz
FC03,control,Session1,0073,data/processed/torgo_aai_features/FC03/Session1/0073.npz,210,12,1|1|1|1|1|1|1|1|1|1|1|1,,head_audio_pos_same_start_100hz
FC03,control,Session1,0074,data/processed/torgo_aai_features/FC03/Session1/0074.npz,223,12,1|1|1|1|1|1|1|1|1|1|1|1,,head_audio_pos_same_start_100hz
FC03,control,Session1,0075,data/processed/torgo_aai_features/FC03/Session1/0075.npz,200,12,1|1|1|1|1|1|1|1|1|1|1|1,,head_audio_pos_same_start_100hz
FC03,control,Session1,0076,data/processed/torgo_aai_features/FC03/Session1/0076.npz,211,12,1|1|1|1|1|1|1|1|1|1|1|1,,head_audio_pos_same_start_100hz
FC03,control,Session1,0077,data/processed/torgo_aai_features/FC03/Session1/0077.npz,573,12,1|1|1|1|1|1|1|1|1|1|1|1,,head_audio_pos_same_start_100hz
FC03,control,Session1,0078,data/processed/torgo_aai_features/FC03/Session1/0078.npz,189,12,1|1|1|1|1|1|1|1|1|1|1|1,,head_audio_pos_same_start_100hz
FC03,control,Session1,0079,data/processed/torgo_aai_features/FC03/Session1/0079.npz,251,12,1|1|1|1|1|1|1|1|1|1|1|1,,head_audio_pos_same_start_100hz
FC03,control,Session1,0080,data/processed/torgo_aai_features/FC03/Session1/0080.npz,283,12,1|1|1|1|1|1|1|1|1|1|1|1,,head_audio_pos_same_start_100hz
FC03,control,Session1,0081,data/processed/torgo_aai_features/FC03/Session1/0081.npz,302,12,1|1|1|1|1|1|1|1|1|1|1|1,,head_audio_pos_same_start_100hz
FC03,control,Session1,0082,data/processed/torgo_aai_features/FC03/Session1/0082.npz,213,12,1|1|1|1|1|1|1|1|1|1|1|1,,head_audio_pos_same_start_100hz
FC03,control,Session1,0083,data/processed/torgo_aai_features/FC03/Session1/0083.npz,220,12,1|1|1|1|1|1|1|1|1|1|1|1,,head_audio_pos_same_start_100hz
FC03,control,Session1,0084,data/processed/torgo_aai_features/FC03/Session1/0084.npz,206,12,1|1|1|1|1|1|1|1|1|1|1|1,,head_audio_pos_same_start_100hz
FC03,control,Session1,0085,data/processed/torgo_aai_features/FC03/Session1/0085.npz,244,12,1|1|1|1|1|1|1|1|1|1|1|1,,head_audio_pos_same_start_100hz
FC03,control,Session1,0086,data/processed/torgo_aai_features/FC03/Session1/0086.npz,182,12,1|1|1|1|1|1|1|1|1|1|1|1,,head_audio_pos_same_start_100hz
FC03,control,Session1,0087,data/processed/torgo_aai_features/FC03/Session1/0087.npz,199,12,1|1|1|1|1|1|1|1|1|1|1|1,,head_audio_pos_same_start_100hz
FC03,control,Session1,0088,data/processed/torgo_aai_features/FC03/Session1/0088.npz,218,12,1|1|1|1|1|1|1|1|1|1|1|1,,head_audio_pos_same_start_100hz
FC03,control,Session1,0089,data/processed/torgo_aai_features/FC03/Session1/0089.npz,523,12,1|1|1|1|1|1|1|1|1|1|1|1,,head_audio_pos_same_start_100hz
FC03,control,Session1,0090,data/processed/torgo_aai_features/FC03/Session1/0090.npz,189,12,1|1|1|1|1|1|1|1|1|1|1|1,,head_audio_pos_same_start_100hz
FC03,control,Session1,0091,data/processed/torgo_aai_features/FC03/Session1/0091.npz,226,12,1|1|1|1|1|1|1|1|1|1|1|1,,head_audio_pos_same_start_100hz
FC03,control,Session1,0092,data/processed/torgo_aai_features/FC03/Session1/0092.npz,241,12,1|1|1|1|1|1|1|1|1|1|1|1,,head_audio_pos_same_start_100hz
FC03,control,Session1,0093,data/processed/torgo_aai_features/FC03/Session1/0093.npz,212,12,1|1|1|1|1|1|1|1|1|1|1|1,,head_audio_pos_same_start_100hz
FC03,control,Session1,0094,data/processed/torgo_aai_features/FC03/Session1/0094.npz,178,12,1|1|1|1|1|1|1|1|1|1|1|1,,head_audio_pos_same_start_100hz
FC03,control,Session1,0095,data/processed/torgo_aai_features/FC03/Session1/0095.npz,199,12,1|1|1|1|1|1|1|1|1|1|1|1,,head_audio_pos_same_start_100hz
FC03,control,Session1,0096,data/processed/torgo_aai_features/FC03/Session1/0096.npz,175,12,1|1|1|1|1|1|1|1|1|1|1|1,,head_audio_pos_same_start_100hz
FC03,control,Session1,0097,data/processed/torgo_aai_features/FC03/Session1/0097.npz,473,12,1|1|1|1|1|1|1|1|1|1|1|1,,head_audio_pos_same_start_100hz
FC03,control,Session1,0098,data/processed/torgo_aai_features/FC03/Session1/0098.npz,175,12,1|1|1|1|1|1|1|1|1|1|1|1,,head_audio_pos_same_start_100hz
FC03,control,Session1,0099,data/processed/torgo_aai_features/FC03/Session1/0099.npz,198,12,1|1|1|1|1|1|1|1|1|1|1|1,,head_audio_pos_same_start_100hz
FC03,control,Session1,0100,data/processed/torgo_aai_features/FC03/Session1/0100.npz,201,12,1|1|1|1|1|1|1|1|1|1|1|1,,head_audio_pos_same_start_100hz
FC03,control,Session1,0101,data/processed/torgo_aai_features/FC03/Session1/0101.npz,208,12,1|1|1|1|1|1|1|1|1|1|1|1,,head_audio_pos_same_start_100hz
FC03,control,Session1,0102,data/processed/torgo_aai_features/FC03/Session1/0102.npz,217,12,1|1|1|1|1|1|1|1|1|1|1|1,,head_audio_pos_same_start_100hz
FC03,control,Session1,0103,data/processed/torgo_aai_features/FC03/Session1/0103.npz,202,12,1|1|1|1|1|1|1|1|1|1|1|1,,head_audio_pos_same_start_100hz
FC03,control,Session1,0104,data/processed/torgo_aai_features/FC03/Session1/0104.npz,185,12,1|1|1|1|1|1|1|1|1|1|1|1,,head_audio_pos_same_start_100hz
FC03,control,Session1,0105,data/processed/torgo_aai_features/FC03/Session1/0105.npz,599,12,1|1|1|1|1|1|1|1|1|1|1|1,,head_audio_pos_same_start_100hz
FC03,control,Session1,0106,data/processed/torgo_aai_features/FC03/Session1/0106.npz,229,12,1|1|1|1|1|1|1|1|1|1|1|1,,head_audio_pos_same_start_100hz
FC03,control,Session1,0107,data/processed/torgo_aai_features/FC03/Session1/0107.npz,223,12,1|1|1|1|1|1|1|1|1|1|1|1,,head_audio_pos_same_start_100hz
FC03,control,Session1,0108,data/processed/torgo_aai_features/FC03/Session1/0108.npz,233,12,1|1|1|1|1|1|1|1|1|1|1|1,,head_audio_pos_same_start_100hz
FC03,control,Session1,0109,data/processed/torgo_aai_features/FC03/Session1/0109.npz,747,12,1|1|1|1|1|1|1|1|1|1|1|1,,head_audio_pos_same_start_100hz
FC03,control,Session1,0110,data/processed/torgo_aai_features/FC03/Session1/0110.npz,200,12,1|1|1|1|1|1|1|1|1|1|1|1,,head_audio_pos_same_start_100hz
FC03,control,Session1,0111,data/processed/torgo_aai_features/FC03/Session1/0111.npz,218,12,1|1|1|1|1|1|1|1|1|1|1|1,,head_audio_pos_same_start_100hz
FC03,control,Session1,0112,data/processed/torgo_aai_features/FC03/Session1/0112.npz,720,12,1|1|1|1|1|1|1|1|1|1|1|1,,head_audio_pos_same_start_100hz
FC03,control,Session1,0113,data/processed/torgo_aai_features/FC03/Session1/0113.npz,861,12,1|1|1|1|1|1|1|1|1|1|1|1,,head_audio_pos_same_start_100hz
FC03,control,Session1,0114,data/processed/torgo_aai_features/FC03/Session1/0114.npz,227,12,1|1|1|1|1|1|1|1|1|1|1|1,,head_audio_pos_same_start_100hz
FC03,control,Session1,0115,data/processed/torgo_aai_features/FC03/Session1/0115.npz,461,12,1|1|1|1|1|1|1|1|1|1|1|1,,head_audio_pos_same_start_100hz
FC03,control,Session1,0116,data/processed/torgo_aai_features/FC03/Session1/0116.npz,774,12,1|1|1|1|1|1|1|1|1|1|1|1,,head_audio_pos_same_start_100hz
FC03,control,Session1,0117,data/processed/torgo_aai_features/FC03/Session1/0117.npz,565,12,1|1|1|1|1|1|1|1|1|1|1|1,,head_audio_pos_same_start_100hz
FC03,control,Session1,0118,data/processed/torgo_aai_features/FC03/Session1/0118.npz,505,12,1|1|1|1|1|1|1|1|1|1|1|1,,head_audio_pos_same_start_100hz
FC03,control,Session1,0119,data/processed/torgo_aai_features/FC03/Session1/0119.npz,231,12,1|1|1|1|1|1|1|1|1|1|1|1,,head_audio_pos_same_start_100hz
FC03,control,Session1,0120,data/processed/torgo_aai_features/FC03/Session1/0120.npz,195,12,1|1|1|1|1|1|1|1|1|1|1|1,,head_audio_pos_same_start_100hz
FC03,control,Session1,0121,data/processed/torgo_aai_features/FC03/Session1/0121.npz,233,12,1|1|1|1|1|1|1|1|1|1|1|1,,head_audio_pos_same_start_100hz
FC03,control,Session1,0122,data/processed/torgo_aai_features/FC03/Session1/0122.npz,179,12,1|1|1|1|1|1|1|1|1|1|1|1,,head_audio_pos_same_start_100hz
FC03,control,Session1,0123,data/processed/torgo_aai_features/FC03/Session1/0123.npz,203,12,1|1|1|1|1|1|1|1|1|1|1|1,,head_audio_pos_same_start_100hz
FC03,control,Session1,0124,data/processed/torgo_aai_features/FC03/Session1/0124.npz,764,12,1|1|1|1|1|1|1|1|1|1|1|1,,head_audio_pos_same_start_100hz
FC03,control,Session1,0125,data/processed/torgo_aai_features/FC03/Session1/0125.npz,279,12,1|1|1|1|1|1|1|1|1|1|1|1,,head_audio_pos_same_start_100hz
FC03,control,Session1,0126,data/processed/torgo_aai_features/FC03/Session1/0126.npz,220,12,1|1|1|1|1|1|1|1|1|1|1|1,,head_audio_pos_same_start_100hz
FC03,control,Session1,0127,data/processed/torgo_aai_features/FC03/Session1/0127.npz,574,12,1|1|1|1|1|1|1|1|1|1|1|1,,head_audio_pos_same_start_100hz
FC03,control,Session1,0128,data/processed/torgo_aai_features/FC03/Session1/0128.npz,217,12,1|1|1|1|1|1|1|1|1|1|1|1,,head_audio_pos_same_start_100hz
FC03,control,Session1,0129,data/processed/torgo_aai_features/FC03/Session1/0129.npz,216,12,1|1|1|1|1|1|1|1|1|1|1|1,,head_audio_pos_same_start_100hz
FC03,control,Session1,0130,data/processed/torgo_aai_features/FC03/Session1/0130.npz,177,10,1|1|1|0|1|1|1|1|1|0|1|1,3,head_audio_pos_same_start_100hz
FC03,control,Session1,0131,data/processed/torgo_aai_features/FC03/Session1/0131.npz,206,12,1|1|1|1|1|1|1|1|1|1|1|1,,head_audio_pos_same_start_100hz
FC03,control,Session1,0132,data/processed/torgo_aai_features/FC03/Session1/0132.npz,364,12,1|1|1|1|1|1|1|1|1|1|1|1,,head_audio_pos_same_start_100hz
FC03,control,Session1,0133,data/processed/torgo_aai_features/FC03/Session1/0133.npz,221,12,1|1|1|1|1|1|1|1|1|1|1|1,,head_audio_pos_same_start_100hz
FC03,control,Session1,0134,data/processed/torgo_aai_features/FC03/Session1/0134.npz,231,12,1|1|1|1|1|1|1|1|1|1|1|1,,head_audio_pos_same_start_100hz
FC03,control,Session1,0135,data/processed/torgo_aai_features/FC03/Session1/0135.npz,224,12,1|1|1|1|1|1|1|1|1|1|1|1,,head_audio_pos_same_start_100hz
FC03,control,Session1,0136,data/processed/torgo_aai_features/FC03/Session1/0136.npz,422,12,1|1|1|1|1|1|1|1|1|1|1|1,,head_audio_pos_same_start_100hz
FC03,control,Session1,0137,data/processed/torgo_aai_features/FC03/Session1/0137.npz,224,12,1|1|1|1|1|1|1|1|1|1|1|1,,head_audio_pos_same_start_100hz
FC03,control,Session1,0138,data/processed/torgo_aai_features/FC03/Session1/0138.npz,230,12,1|1|1|1|1|1|1|1|1|1|1|1,,head_audio_pos_same_start_100hz
FC03,control,Session1,0139,data/processed/torgo_aai_features/FC03/Session1/0139.npz,223,12,1|1|1|1|1|1|1|1|1|1|1|1,,head_audio_pos_same_start_100hz
FC03,control,Session1,0140,data/processed/torgo_aai_features/FC03/Session1/0140.npz,674,12,1|1|1|1|1|1|1|1|1|1|1|1,,head_audio_pos_same_start_100hz
FC03,control,Session1,0141,data/processed/torgo_aai_features/FC03/Session1/0141.npz,193,12,1|1|1|1|1|1|1|1|1|1|1|1,,head_audio_pos_same_start_100hz
FC03,control,Session1,0142,data/processed/torgo_aai_features/FC03/Session1/0142.npz,488,12,1|1|1|1|1|1|1|1|1|1|1|1,,head_audio_pos_same_start_100hz
FC03,control,Session1,0143,data/processed/torgo_aai_features/FC03/Session1/0143.npz,538,12,1|1|1|1|1|1|1|1|1|1|1|1,,head_audio_pos_same_start_100hz
FC03,control,Session1,0144,data/processed/torgo_aai_features/FC03/Session1/0144.npz,216,12,1|1|1|1|1|1|1|1|1|1|1|1,,head_audio_pos_same_start_100hz
FC03,control,Session1,0145,data/processed/torgo_aai_features/FC03/Session1/0145.npz,228,12,1|1|1|1|1|1|1|1|1|1|1|1,,head_audio_pos_same_start_100hz
FC03,control,Session1,0146,data/processed/torgo_aai_features/FC03/Session1/0146.npz,185,12,1|1|1|1|1|1|1|1|1|1|1|1,,head_audio_pos_same_start_100hz
FC03,control,Session1,0147,data/processed/torgo_aai_features/FC03/Session1/0147.npz,182,12,1|1|1|1|1|1|1|1|1|1|1|1,,head_audio_pos_same_start_100hz
FC03,control,Session1,0148,data/processed/torgo_aai_features/FC03/Session1/0148.npz,213,10,1|1|1|0|1|1|1|1|1|0|1|1,3,head_audio_pos_same_start_100hz
FC03,control,Session1,0149,data/processed/torgo_aai_features/FC03/Session1/0149.npz,451,12,1|1|1|1|1|1|1|1|1|1|1|1,,head_audio_pos_same_start_100hz
FC03,control,Session1,0150,data/processed/torgo_aai_features/FC03/Session1/0150.npz,212,12,1|1|1|1|1|1|1|1|1|1|1|1,,head_audio_pos_same_start_100hz
FC03,control,Session1,0151,data/processed/torgo_aai_features/FC03/Session1/0151.npz,341,12,1|1|1|1|1|1|1|1|1|1|1|1,,head_audio_pos_same_start_100hz
FC03,control,Session1,0152,data/processed/torgo_aai_features/FC03/Session1/0152.npz,273,12,1|1|1|1|1|1|1|1|1|1|1|1,,head_audio_pos_same_start_100hz
FC03,control,Session1,0153,data/processed/torgo_aai_features/FC03/Session1/0153.npz,255,12,1|1|1|1|1|1|1|1|1|1|1|1,,head_audio_pos_same_start_100hz
FC03,control,Session1,0154,data/processed/torgo_aai_features/FC03/Session1/0154.npz,509,12,1|1|1|1|1|1|1|1|1|1|1|1,,head_audio_pos_same_start_100hz
FC03,control,Session1,0155,data/processed/torgo_aai_features/FC03/Session1/0155.npz,584,12,1|1|1|1|1|1|1|1|1|1|1|1,,head_audio_pos_same_start_100hz
FC03,control,Session1,0156,data/processed/torgo_aai_features/FC03/Session1/0156.npz,244,12,1|1|1|1|1|1|1|1|1|1|1|1,4,head_audio_pos_same_start_100hz
FC03,control,Session1,0157,data/processed/torgo_aai_features/FC03/Session1/0157.npz,446,12,1|1|1|1|1|1|1|1|1|1|1|1,,head_audio_pos_same_start_100hz
FC03,control,Session1,0158,data/processed/torgo_aai_features/FC03/Session1/0158.npz,453,12,1|1|1|1|1|1|1|1|1|1|1|1,,head_audio_pos_same_start_100hz
FC03,control,Session1,0159,data/processed/torgo_aai_features/FC03/Session1/0159.npz,262,12,1|1|1|1|1|1|1|1|1|1|1|1,,head_audio_pos_same_start_100hz
FC03,control,Session1,0160,data/processed/torgo_aai_features/FC03/Session1/0160.npz,292,12,1|1|1|1|1|1|1|1|1|1|1|1,,head_audio_pos_same_start_100hz
FC03,control,Session1,0161,data/processed/torgo_aai_features/FC03/Session1/0161.npz,280,12,1|1|1|1|1|1|1|1|1|1|1|1,,head_audio_pos_same_start_100hz
FC03,control,Session1,0162,data/processed/torgo_aai_features/FC03/Session1/0162.npz,504,10,1|1|1|0|1|1|1|1|1|0|1|1,3,head_audio_pos_same_start_100hz
FC03,control,Session1,0163,data/processed/torgo_aai_features/FC03/Session1/0163.npz,199,12,1|1|1|1|1|1|1|1|1|1|1|1,,head_audio_pos_same_start_100hz
FC03,control,Session1,0164,data/processed/torgo_aai_features/FC03/Session1/0164.npz,196,12,1|1|1|1|1|1|1|1|1|1|1|1,,head_audio_pos_same_start_100hz
FC03,control,Session1,0165,data/processed/torgo_aai_features/FC03/Session1/0165.npz,234,12,1|1|1|1|1|1|1|1|1|1|1|1,,head_audio_pos_same_start_100hz
FC03,control,Session1,0166,data/processed/torgo_aai_features/FC03/Session1/0166.npz,215,12,1|1|1|1|1|1|1|1|1|1|1|1,,head_audio_pos_same_start_100hz
FC03,control,Session1,0167,data/processed/torgo_aai_features/FC03/Session1/0167.npz,203,12,1|1|1|1|1|1|1|1|1|1|1|1,,head_audio_pos_same_start_100hz
FC03,control,Session1,0168,data/processed/torgo_aai_features/FC03/Session1/0168.npz,181,12,1|1|1|1|1|1|1|1|1|1|1|1,,head_audio_pos_same_start_100hz
FC03,control,Session1,0169,data/processed/torgo_aai_features/FC03/Session1/0169.npz,429,12,1|1|1|1|1|1|1|1|1|1|1|1,,head_audio_pos_same_start_100hz
FC03,control,Session1,0170,data/processed/torgo_aai_features/FC03/Session1/0170.npz,494,12,1|1|1|1|1|1|1|1|1|1|1|1,,head_audio_pos_same_start_100hz
FC03,control,Session1,0171,data/processed/torgo_aai_features/FC03/Session1/0171.npz,234,12,1|1|1|1|1|1|1|1|1|1|1|1,,head_audio_pos_same_start_100hz
FC03,control,Session1,0172,data/processed/torgo_aai_features/FC03/Session1/0172.npz,247,12,1|1|1|1|1|1|1|1|1|1|1|1,,head_audio_pos_same_start_100hz
FC03,control,Session1,0173,data/processed/torgo_aai_features/FC03/Session1/0173.npz,216,12,1|1|1|1|1|1|1|1|1|1|1|1,,head_audio_pos_same_start_100hz
FC03,control,Session1,0174,data/processed/torgo_aai_features/FC03/Session1/0174.npz,235,12,1|1|1|1|1|1|1|1|1|1|1|1,,head_audio_pos_same_start_100hz
FC03,control,Session1,0175,data/processed/torgo_aai_features/FC03/Session1/0175.npz,221,12,1|1|1|1|1|1|1|1|1|1|1|1,,head_audio_pos_same_start_100hz
FC03,control,Session1,0176,data/processed/torgo_aai_features/FC03/Session1/0176.npz,212,12,1|1|1|1|1|1|1|1|1|1|1|1,,head_audio_pos_same_start_100hz
FC03,control,Session1,0177,data/processed/torgo_aai_features/FC03/Session1/0177.npz,193,12,1|1|1|1|1|1|1|1|1|1|1|1,,head_audio_pos_same_start_100hz
FC03,control,Session1,0178,data/processed/torgo_aai_features/FC03/Session1/0178.npz,179,12,1|1|1|1|1|1|1|1|1|1|1|1,,head_audio_pos_same_start_100hz
FC03,control,Session1,0179,data/processed/torgo_aai_features/FC03/Session1/0179.npz,421,12,1|1|1|1|1|1|1|1|1|1|1|1,,head_audio_pos_same_start_100hz
FC03,control,Session1,0180,data/processed/torgo_aai_features/FC03/Session1/0180.npz,413,12,1|1|1|1|1|1|1|1|1|1|1|1,,head_audio_pos_same_start_100hz
FC03,control,Session1,0181,data/processed/torgo_aai_features/FC03/Session1/0181.npz,214,12,1|1|1|1|1|1|1|1|1|1|1|1,,head_audio_pos_same_start_100hz
FC03,control,Session1,0182,data/processed/torgo_aai_features/FC03/Session1/0182.npz,201,12,1|1|1|1|1|1|1|1|1|1|1|1,,head_audio_pos_same_start_100hz
FC03,control,Session1,0183,data/processed/torgo_aai_features/FC03/Session1/0183.npz,211,12,1|1|1|1|1|1|1|1|1|1|1|1,,head_audio_pos_same_start_100hz
FC03,control,Session1,0184,data/processed/torgo_aai_features/FC03/Session1/0184.npz,208,12,1|1|1|1|1|1|1|1|1|1|1|1,,head_audio_pos_same_start_100hz
FC03,control,Session1,0185,data/processed/torgo_aai_features/FC03/Session1/0185.npz,475,12,1|1|1|1|1|1|1|1|1|1|1|1,,head_audio_pos_same_start_100hz
FC03,control,Session1,0186,data/processed/torgo_aai_features/FC03/Session1/0186.npz,161,12,1|1|1|1|1|1|1|1|1|1|1|1,,head_audio_pos_same_start_100hz
FC03,control,Session1,0187,data/processed/torgo_aai_features/FC03/Session1/0187.npz,325,12,1|1|1|1|1|1|1|1|1|1|1|1,,head_audio_pos_same_start_100hz
FC03,control,Session1,0188,data/processed/torgo_aai_features/FC03/Session1/0188.npz,257,12,1|1|1|1|1|1|1|1|1|1|1|1,,head_audio_pos_same_start_100hz
FC03,control,Session1,0189,data/processed/torgo_aai_features/FC03/Session1/0189.npz,218,12,1|1|1|1|1|1|1|1|1|1|1|1,,head_audio_pos_same_start_100hz
FC03,control,Session1,0190,data/processed/torgo_aai_features/FC03/Session1/0190.npz,390,12,1|1|1|1|1|1|1|1|1|1|1|1,,head_audio_pos_same_start_100hz
FC03,control,Session1,0191,data/processed/torgo_aai_features/FC03/Session1/0191.npz,222,12,1|1|1|1|1|1|1|1|1|1|1|1,,head_audio_pos_same_start_100hz
FC03,control,Session1,0192,data/processed/torgo_aai_features/FC03/Session1/0192.npz,189,12,1|1|1|1|1|1|1|1|1|1|1|1,,head_audio_pos_same_start_100hz
FC03,control,Session1,0193,data/processed/torgo_aai_features/FC03/Session1/0193.npz,229,12,1|1|1|1|1|1|1|1|1|1|1|1,,head_audio_pos_same_start_100hz
FC03,control,Session1,0194,data/processed/torgo_aai_features/FC03/Session1/0194.npz,168,12,1|1|1|1|1|1|1|1|1|1|1|1,,head_audio_pos_same_start_100hz
FC03,control,Session1,0195,data/processed/torgo_aai_features/FC03/Session1/0195.npz,159,12,1|1|1|1|1|1|1|1|1|1|1|1,,head_audio_pos_same_start_100hz
FC03,control,Session1,0196,data/processed/torgo_aai_features/FC03/Session1/0196.npz,159,12,1|1|1|1|1|1|1|1|1|1|1|1,,head_audio_pos_same_start_100hz
FC03,control,Session1,0197,data/processed/torgo_aai_features/FC03/Session1/0197.npz,174,12,1|1|1|1|1|1|1|1|1|1|1|1,,head_audio_pos_same_start_100hz
FC03,control,Session1,0198,data/processed/torgo_aai_features/FC03/Session1/0198.npz,364,12,1|1|1|1|1|1|1|1|1|1|1|1,,head_audio_pos_same_start_100hz
FC03,control,Session1,0199,data/processed/torgo_aai_features/FC03/Session1/0199.npz,176,12,1|1|1|1|1|1|1|1|1|1|1|1,,head_audio_pos_same_start_100hz
FC03,control,Session1,0200,data/processed/torgo_aai_features/FC03/Session1/0200.npz,170,12,1|1|1|1|1|1|1|1|1|1|1|1,,head_audio_pos_same_start_100hz
FC03,control,Session1,0201,data/processed/torgo_aai_features/FC03/Session1/0201.npz,181,12,1|1|1|1|1|1|1|1|1|1|1|1,,head_audio_pos_same_start_100hz
FC03,control,Session1,0202,data/processed/torgo_aai_features/FC03/Session1/0202.npz,32,12,1|1|1|1|1|1|1|1|1|1|1|1,,head_audio_pos_same_start_100hz
FC03,control,Session1,0203,data/processed/torgo_aai_features/FC03/Session1/0203.npz,701,12,1|1|1|1|1|1|1|1|1|1|1|1,,head_audio_pos_same_start_100hz
FC03,control,Session1,0204,data/processed/torgo_aai_features/FC03/Session1/0204.npz,258,12,1|1|1|1|1|1|1|1|1|1|1|1,,head_audio_pos_same_start_100hz
FC03,control,Session1,0205,data/processed/torgo_aai_features/FC03/Session1/0205.npz,589,12,1|1|1|1|1|1|1|1|1|1|1|1,,head_audio_pos_same_start_100hz
FC03,control,Session1,0206,data/processed/torgo_aai_features/FC03/Session1/0206.npz,223,12,1|1|1|1|1|1|1|1|1|1|1|1,,head_audio_pos_same_start_100hz
FC03,control,Session1,0207,data/processed/torgo_aai_features/FC03/Session1/0207.npz,193,12,1|1|1|1|1|1|1|1|1|1|1|1,,head_audio_pos_same_start_100hz
FC03,control,Session1,0208,data/processed/torgo_aai_features/FC03/Session1/0208.npz,394,10,1|1|1|1|1|0|1|1|1|1|1|0,1,head_audio_pos_same_start_100hz
FC03,control,Session1,0209,data/processed/torgo_aai_features/FC03/Session1/0209.npz,386,12,1|1|1|1|1|1|1|1|1|1|1|1,,head_audio_pos_same_start_100hz
FC03,control,Session1,0210,data/processed/torgo_aai_features/FC03/Session1/0210.npz,259,12,1|1|1|1|1|1|1|1|1|1|1|1,,head_audio_pos_same_start_100hz
FC03,control,Session1,0211,data/processed/torgo_aai_features/FC03/Session1/0211.npz,214,12,1|1|1|1|1|1|1|1|1|1|1|1,,head_audio_pos_same_start_100hz
FC03,control,Session1,0212,data/processed/torgo_aai_features/FC03/Session1/0212.npz,377,12,1|1|1|1|1|1|1|1|1|1|1|1,,head_audio_pos_same_start_100hz
FC03,control,Session1,0213,data/processed/torgo_aai_features/FC03/Session1/0213.npz,185,12,1|1|1|1|1|1|1|1|1|1|1|1,,head_audio_pos_same_start_100hz
FC03,control,Session1,0214,data/processed/torgo_aai_features/FC03/Session1/0214.npz,365,12,1|1|1|1|1|1|1|1|1|1|1|1,,head_audio_pos_same_start_100hz
FC03,control,Session1,0215,data/processed/torgo_aai_features/FC03/Session1/0215.npz,223,12,1|1|1|1|1|1|1|1|1|1|1|1,,head_audio_pos_same_start_100hz
FC03,control,Session1,0216,data/processed/torgo_aai_features/FC03/Session1/0216.npz,230,12,1|1|1|1|1|1|1|1|1|1|1|1,,head_audio_pos_same_start_100hz
FC03,control,Session1,0217,data/processed/torgo_aai_features/FC03/Session1/0217.npz,204,12,1|1|1|1|1|1|1|1|1|1|1|1,,head_audio_pos_same_start_100hz
FC03,control,Session1,0218,data/processed/torgo_aai_features/FC03/Session1/0218.npz,178,12,1|1|1|1|1|1|1|1|1|1|1|1,,head_audio_pos_same_start_100hz
FC03,control,Session1,0219,data/processed/torgo_aai_features/FC03/Session1/0219.npz,178,12,1|1|1|1|1|1|1|1|1|1|1|1,,head_audio_pos_same_start_100hz
FC03,control,Session1,0220,data/processed/torgo_aai_features/FC03/Session1/0220.npz,272,12,1|1|1|1|1|1|1|1|1|1|1|1,,head_audio_pos_same_start_100hz
FC03,control,Session1,0221,data/processed/torgo_aai_features/FC03/Session1/0221.npz,245,12,1|1|1|1|1|1|1|1|1|1|1|1,,head_audio_pos_same_start_100hz
FC03,control,Session1,0222,data/processed/torgo_aai_features/FC03/Session1/0222.npz,232,12,1|1|1|1|1|1|1|1|1|1|1|1,,head_audio_pos_same_start_100hz
FC03,control,Session1,0223,data/processed/torgo_aai_features/FC03/Session1/0223.npz,197,12,1|1|1|1|1|1|1|1|1|1|1|1,,head_audio_pos_same_start_100hz
FC03,control,Session1,0224,data/processed/torgo_aai_features/FC03/Session1/0224.npz,203,12,1|1|1|1|1|1|1|1|1|1|1|1,,head_audio_pos_same_start_100hz
FC03,control,Session1,0225,data/processed/torgo_aai_features/FC03/Session1/0225.npz,185,12,1|1|1|1|1|1|1|1|1|1|1|1,,head_audio_pos_same_start_100hz
FC03,control,Session1,0226,data/processed/torgo_aai_features/FC03/Session1/0226.npz,162,12,1|1|1|1|1|1|1|1|1|1|1|1,,head_audio_pos_same_start_100hz
FC03,control,Session1,0227,data/processed/torgo_aai_features/FC03/Session1/0227.npz,224,12,1|1|1|1|1|1|1|1|1|1|1|1,,head_audio_pos_same_start_100hz
FC03,control,Session1,0228,data/processed/torgo_aai_features/FC03/Session1/0228.npz,182,12,1|1|1|1|1|1|1|1|1|1|1|1,,head_audio_pos_same_start_100hz
FC03,control,Session1,0229,data/processed/torgo_aai_features/FC03/Session1/0229.npz,225,12,1|1|1|1|1|1|1|1|1|1|1|1,,head_audio_pos_same_start_100hz
FC03,control,Session1,0230,data/processed/torgo_aai_features/FC03/Session1/0230.npz,495,12,1|1|1|1|1|1|1|1|1|1|1|1,,head_audio_pos_same_start_100hz
FC03,control,Session1,0231,data/processed/torgo_aai_features/FC03/Session1/0231.npz,457,12,1|1|1|1|1|1|1|1|1|1|1|1,,head_audio_pos_same_start_100hz
FC03,control,Session1,0232,data/processed/torgo_aai_features/FC03/Session1/0232.npz,372,12,1|1|1|1|1|1|1|1|1|1|1|1,,head_audio_pos_same_start_100hz
FC03,control,Session1,0233,data/processed/torgo_aai_features/FC03/Session1/0233.npz,192,12,1|1|1|1|1|1|1|1|1|1|1|1,,head_audio_pos_same_start_100hz
FC03,control,Session1,0234,data/processed/torgo_aai_features/FC03/Session1/0234.npz,291,12,1|1|1|1|1|1|1|1|1|1|1|1,,head_audio_pos_same_start_100hz
FC03,control,Session1,0235,data/processed/torgo_aai_features/FC03/Session1/0235.npz,190,12,1|1|1|1|1|1|1|1|1|1|1|1,,head_audio_pos_same_start_100hz
FC03,control,Session1,0236,data/processed/torgo_aai_features/FC03/Session1/0236.npz,155,12,1|1|1|1|1|1|1|1|1|1|1|1,,head_audio_pos_same_start_100hz
FC03,control,Session1,0237,data/processed/torgo_aai_features/FC03/Session1/0237.npz,284,12,1|1|1|1|1|1|1|1|1|1|1|1,,head_audio_pos_same_start_100hz
FC03,control,Session1,0238,data/processed/torgo_aai_features/FC03/Session1/0238.npz,170,12,1|1|1|1|1|1|1|1|1|1|1|1,,head_audio_pos_same_start_100hz
FC03,control,Session1,0239,data/processed/torgo_aai_features/FC03/Session1/0239.npz,170,12,1|1|1|1|1|1|1|1|1|1|1|1,,head_audio_pos_same_start_100hz
FC03,control,Session1,0240,data/processed/torgo_aai_features/FC03/Session1/0240.npz,171,12,1|1|1|1|1|1|1|1|1|1|1|1,,head_audio_pos_same_start_100hz
FC03,control,Session1,0241,data/processed/torgo_aai_features/FC03/Session1/0241.npz,179,12,1|1|1|1|1|1|1|1|1|1|1|1,,head_audio_pos_same_start_100hz
FC03,control,Session1,0242,data/processed/torgo_aai_features/FC03/Session1/0242.npz,272,12,1|1|1|1|1|1|1|1|1|1|1|1,,head_audio_pos_same_start_100hz
FC03,control,Session1,0243,data/processed/torgo_aai_features/FC03/Session1/0243.npz,335,12,1|1|1|1|1|1|1|1|1|1|1|1,,head_audio_pos_same_start_100hz
FC03,control,Session1,0244,data/processed/torgo_aai_features/FC03/Session1/0244.npz,176,12,1|1|1|1|1|1|1|1|1|1|1|1,,head_audio_pos_same_start_100hz
FC03,control,Session1,0245,data/processed/torgo_aai_features/FC03/Session1/0245.npz,271,12,1|1|1|1|1|1|1|1|1|1|1|1,,head_audio_pos_same_start_100hz
FC03,control,Session1,0246,data/processed/torgo_aai_features/FC03/Session1/0246.npz,223,12,1|1|1|1|1|1|1|1|1|1|1|1,,head_audio_pos_same_start_100hz
FC03,control,Session1,0247,data/processed/torgo_aai_features/FC03/Session1/0247.npz,334,12,1|1|1|1|1|1|1|1|1|1|1|1,,head_audio_pos_same_start_100hz
FC03,control,Session1,0248,data/processed/torgo_aai_features/FC03/Session1/0248.npz,175,12,1|1|1|1|1|1|1|1|1|1|1|1,,head_audio_pos_same_start_100hz
FC03,control,Session1,0249,data/processed/torgo_aai_features/FC03/Session1/0249.npz,175,12,1|1|1|1|1|1|1|1|1|1|1|1,,head_audio_pos_same_start_100hz
FC03,control,Session1,0250,data/processed/torgo_aai_features/FC03/Session1/0250.npz,161,12,1|1|1|1|1|1|1|1|1|1|1|1,,head_audio_pos_same_start_100hz
FC03,control,Session1,0251,data/processed/torgo_aai_features/FC03/Session1/0251.npz,229,12,1|1|1|1|1|1|1|1|1|1|1|1,,head_audio_pos_same_start_100hz
FC03,control,Session1,0252,data/processed/torgo_aai_features/FC03/Session1/0252.npz,206,12,1|1|1|1|1|1|1|1|1|1|1|1,,head_audio_pos_same_start_100hz
FC03,control,Session1,0253,data/processed/torgo_aai_features/FC03/Session1/0253.npz,176,12,1|1|1|1|1|1|1|1|1|1|1|1,,head_audio_pos_same_start_100hz
FC03,control,Session1,0254,data/processed/torgo_aai_features/FC03/Session1/0254.npz,211,12,1|1|1|1|1|1|1|1|1|1|1|1,,head_audio_pos_same_start_100hz
FC03,control,Session1,0255,data/processed/torgo_aai_features/FC03/Session1/0255.npz,441,12,1|1|1|1|1|1|1|1|1|1|1|1,,head_audio_pos_same_start_100hz
FC03,control,Session1,0256,data/processed/torgo_aai_features/FC03/Session1/0256.npz,146,12,1|1|1|1|1|1|1|1|1|1|1|1,,head_audio_pos_same_start_100hz
FC03,control,Session1,0257,data/processed/torgo_aai_features/FC03/Session1/0257.npz,172,12,1|1|1|1|1|1|1|1|1|1|1|1,,head_audio_pos_same_start_100hz
FC03,control,Session1,0258,data/processed/torgo_aai_features/FC03/Session1/0258.npz,189,12,1|1|1|1|1|1|1|1|1|1|1|1,,head_audio_pos_same_start_100hz
FC03,control,Session1,0259,data/processed/torgo_aai_features/FC03/Session1/0259.npz,197,12,1|1|1|1|1|1|1|1|1|1|1|1,,head_audio_pos_same_start_100hz
FC03,control,Session1,0260,data/processed/torgo_aai_features/FC03/Session1/0260.npz,186,12,1|1|1|1|1|1|1|1|1|1|1|1,,head_audio_pos_same_start_100hz
FC03,control,Session1,0261,data/processed/torgo_aai_features/FC03/Session1/0261.npz,307,12,1|1|1|1|1|1|1|1|1|1|1|1,,head_audio_pos_same_start_100hz
FC03,control,Session1,0262,data/processed/torgo_aai_features/FC03/Session1/0262.npz,195,12,1|1|1|1|1|1|1|1|1|1|1|1,,head_audio_pos_same_start_100hz
FC03,control,Session1,0263,data/processed/torgo_aai_features/FC03/Session1/0263.npz,183,12,1|1|1|1|1|1|1|1|1|1|1|1,,head_audio_pos_same_start_100hz
FC03,control,Session1,0264,data/processed/torgo_aai_features/FC03/Session1/0264.npz,210,12,1|1|1|1|1|1|1|1|1|1|1|1,,head_audio_pos_same_start_100hz
FC03,control,Session1,0265,data/processed/torgo_aai_features/FC03/Session1/0265.npz,187,12,1|1|1|1|1|1|1|1|1|1|1|1,,head_audio_pos_same_start_100hz
FC03,control,Session1,0266,data/processed/torgo_aai_features/FC03/Session1/0266.npz,385,12,1|1|1|1|1|1|1|1|1|1|1|1,,head_audio_pos_same_start_100hz
FC03,control,Session1,0267,data/processed/torgo_aai_features/FC03/Session1/0267.npz,333,12,1|1|1|1|1|1|1|1|1|1|1|1,,head_audio_pos_same_start_100hz
FC03,control,Session1,0268,data/processed/torgo_aai_features/FC03/Session1/0268.npz,188,12,1|1|1|1|1|1|1|1|1|1|1|1,,head_audio_pos_same_start_100hz
FC03,control,Session1,0269,data/processed/torgo_aai_features/FC03/Session1/0269.npz,180,12,1|1|1|1|1|1|1|1|1|1|1|1,,head_audio_pos_same_start_100hz
FC03,control,Session1,0270,data/processed/torgo_aai_features/FC03/Session1/0270.npz,414,12,1|1|1|1|1|1|1|1|1|1|1|1,,head_audio_pos_same_start_100hz
FC03,control,Session1,0271,data/processed/torgo_aai_features/FC03/Session1/0271.npz,190,12,1|1|1|1|1|1|1|1|1|1|1|1,,head_audio_pos_same_start_100hz
FC03,control,Session1,0272,data/processed/torgo_aai_features/FC03/Session1/0272.npz,307,12,1|1|1|1|1|1|1|1|1|1|1|1,,head_audio_pos_same_start_100hz
FC03,control,Session1,0273,data/processed/torgo_aai_features/FC03/Session1/0273.npz,205,12,1|1|1|1|1|1|1|1|1|1|1|1,,head_audio_pos_same_start_100hz
FC03,control,Session1,0274,data/processed/torgo_aai_features/FC03/Session1/0274.npz,191,12,1|1|1|1|1|1|1|1|1|1|1|1,,head_audio_pos_same_start_100hz
FC03,control,Session1,0275,data/processed/torgo_aai_features/FC03/Session1/0275.npz,182,12,1|1|1|1|1|1|1|1|1|1|1|1,,head_audio_pos_same_start_100hz
FC03,control,Session1,0276,data/processed/torgo_aai_features/FC03/Session1/0276.npz,222,12,1|1|1|1|1|1|1|1|1|1|1|1,,head_audio_pos_same_start_100hz
FC03,control,Session1,0277,data/processed/torgo_aai_features/FC03/Session1/0277.npz,169,12,1|1|1|1|1|1|1|1|1|1|1|1,,head_audio_pos_same_start_100hz
FC03,control,Session1,0278,data/processed/torgo_aai_features/FC03/Session1/0278.npz,160,12,1|1|1|1|1|1|1|1|1|1|1|1,,head_audio_pos_same_start_100hz
FC03,control,Session1,0279,data/processed/torgo_aai_features/FC03/Session1/0279.npz,179,12,1|1|1|1|1|1|1|1|1|1|1|1,,head_audio_pos_same_start_100hz
FC03,control,Session1,0280,data/processed/torgo_aai_features/FC03/Session1/0280.npz,182,12,1|1|1|1|1|1|1|1|1|1|1|1,,head_audio_pos_same_start_100hz
FC03,control,Session1,0281,data/processed/torgo_aai_features/FC03/Session1/0281.npz,194,10,1|1|1|1|1|0|1|1|1|1|1|0,1,head_audio_pos_same_start_100hz
FC03,control,Session1,0282,data/processed/torgo_aai_features/FC03/Session1/0282.npz,206,12,1|1|1|1|1|1|1|1|1|1|1|1,,head_audio_pos_same_start_100hz
FC03,control,Session1,0283,data/processed/torgo_aai_features/FC03/Session1/0283.npz,444,12,1|1|1|1|1|1|1|1|1|1|1|1,,head_audio_pos_same_start_100hz
FC03,control,Session1,0284,data/processed/torgo_aai_features/FC03/Session1/0284.npz,179,12,1|1|1|1|1|1|1|1|1|1|1|1,,head_audio_pos_same_start_100hz
FC03,control,Session1,0285,data/processed/torgo_aai_features/FC03/Session1/0285.npz,179,12,1|1|1|1|1|1|1|1|1|1|1|1,,head_audio_pos_same_start_100hz
FC03,control,Session1,0286,data/processed/torgo_aai_features/FC03/Session1/0286.npz,317,10,1|1|1|1|1|0|1|1|1|1|1|0,1,head_audio_pos_same_start_100hz
FC03,control,Session1,0287,data/processed/torgo_aai_features/FC03/Session1/0287.npz,211,12,1|1|1|1|1|1|1|1|1|1|1|1,,head_audio_pos_same_start_100hz
FC03,control,Session1,0288,data/processed/torgo_aai_features/FC03/Session1/0288.npz,186,12,1|1|1|1|1|1|1|1|1|1|1|1,,head_audio_pos_same_start_100hz
FC03,control,Session1,0289,data/processed/torgo_aai_features/FC03/Session1/0289.npz,160,12,1|1|1|1|1|1|1|1|1|1|1|1,,head_audio_pos_same_start_100hz
FC03,control,Session1,0290,data/processed/torgo_aai_features/FC03/Session1/0290.npz,299,12,1|1|1|1|1|1|1|1|1|1|1|1,,head_audio_pos_same_start_100hz
FC03,control,Session1,0291,data/processed/torgo_aai_features/FC03/Session1/0291.npz,201,12,1|1|1|1|1|1|1|1|1|1|1|1,,head_audio_pos_same_start_100hz
FC03,control,Session1,0292,data/processed/torgo_aai_features/FC03/Session1/0292.npz,182,12,1|1|1|1|1|1|1|1|1|1|1|1,,head_audio_pos_same_start_100hz
FC03,control,Session1,0293,data/processed/torgo_aai_features/FC03/Session1/0293.npz,172,12,1|1|1|1|1|1|1|1|1|1|1|1,,head_audio_pos_same_start_100hz
FC03,control,Session1,0294,data/processed/torgo_aai_features/FC03/Session1/0294.npz,166,12,1|1|1|1|1|1|1|1|1|1|1|1,,head_audio_pos_same_start_100hz
FC03,control,Session1,0295,data/processed/torgo_aai_features/FC03/Session1/0295.npz,212,12,1|1|1|1|1|1|1|1|1|1|1|1,,head_audio_pos_same_start_100hz
FC03,control,Session1,0296,data/processed/torgo_aai_features/FC03/Session1/0296.npz,314,12,1|1|1|1|1|1|1|1|1|1|1|1,,head_audio_pos_same_start_100hz
FC03,control,Session1,0297,data/processed/torgo_aai_features/FC03/Session1/0297.npz,381,12,1|1|1|1|1|1|1|1|1|1|1|1,,head_audio_pos_same_start_100hz
FC03,control,Session1,0298,data/processed/torgo_aai_features/FC03/Session1/0298.npz,670,12,1|1|1|1|1|1|1|1|1|1|1|1,,head_audio_pos_same_start_100hz
FC03,control,Session1,0299,data/processed/torgo_aai_features/FC03/Session1/0299.npz,216,12,1|1|1|1|1|1|1|1|1|1|1|1,,head_audio_pos_same_start_100hz
FC03,control,Session1,0300,data/processed/torgo_aai_features/FC03/Session1/0300.npz,380,12,1|1|1|1|1|1|1|1|1|1|1|1,,head_audio_pos_same_start_100hz
FC03,control,Session1,0301,data/processed/torgo_aai_features/FC03/Session1/0301.npz,353,12,1|1|1|1|1|1|1|1|1|1|1|1,,head_audio_pos_same_start_100hz
FC03,control,Session1,0302,data/processed/torgo_aai_features/FC03/Session1/0302.npz,160,12,1|1|1|1|1|1|1|1|1|1|1|1,,head_audio_pos_same_start_100hz
FC03,control,Session1,0303,data/processed/torgo_aai_features/FC03/Session1/0303.npz,378,12,1|1|1|1|1|1|1|1|1|1|1|1,,head_audio_pos_same_start_100hz
FC03,control,Session1,0304,data/processed/torgo_aai_features/FC03/Session1/0304.npz,473,10,1|1|1|1|1|0|1|1|1|1|1|0,1,head_audio_pos_same_start_100hz
FC03,control,Session1,0305,data/processed/torgo_aai_features/FC03/Session1/0305.npz,190,12,1|1|1|1|1|1|1|1|1|1|1|1,,head_audio_pos_same_start_100hz
FC03,control,Session1,0306,data/processed/torgo_aai_features/FC03/Session1/0306.npz,213,12,1|1|1|1|1|1|1|1|1|1|1|1,,head_audio_pos_same_start_100hz
FC03,control,Session1,0307,data/processed/torgo_aai_features/FC03/Session1/0307.npz,525,12,1|1|1|1|1|1|1|1|1|1|1|1,,head_audio_pos_same_start_100hz
FC03,control,Session1,0308,data/processed/torgo_aai_features/FC03/Session1/0308.npz,224,12,1|1|1|1|1|1|1|1|1|1|1|1,,head_audio_pos_same_start_100hz
FC03,control,Session1,0309,data/processed/torgo_aai_features/FC03/Session1/0309.npz,280,12,1|1|1|1|1|1|1|1|1|1|1|1,,head_audio_pos_same_start_100hz
FC03,control,Session1,0310,data/processed/torgo_aai_features/FC03/Session1/0310.npz,234,12,1|1|1|1|1|1|1|1|1|1|1|1,,head_audio_pos_same_start_100hz
FC03,control,Session1,0311,data/processed/torgo_aai_features/FC03/Session1/0311.npz,223,12,1|1|1|1|1|1|1|1|1|1|1|1,,head_audio_pos_same_start_100hz
FC03,control,Session1,0312,data/processed/torgo_aai_features/FC03/Session1/0312.npz,459,12,1|1|1|1|1|1|1|1|1|1|1|1,,head_audio_pos_same_start_100hz
FC03,control,Session1,0313,data/processed/torgo_aai_features/FC03/Session1/0313.npz,227,12,1|1|1|1|1|1|1|1|1|1|1|1,,head_audio_pos_same_start_100hz
FC03,control,Session1,0314,data/processed/torgo_aai_features/FC03/Session1/0314.npz,212,12,1|1|1|1|1|1|1|1|1|1|1|1,,head_audio_pos_same_start_100hz
FC03,control,Session1,0315,data/processed/torgo_aai_features/FC03/Session1/0315.npz,212,12,1|1|1|1|1|1|1|1|1|1|1|1,,head_audio_pos_same_start_100hz
FC03,control,Session1,0316,data/processed/torgo_aai_features/FC03/Session1/0316.npz,191,12,1|1|1|1|1|1|1|1|1|1|1|1,,head_audio_pos_same_start_100hz
FC03,control,Session1,0317,data/processed/torgo_aai_features/FC03/Session1/0317.npz,228,12,1|1|1|1|1|1|1|1|1|1|1|1,10,head_audio_pos_same_start_100hz
FC03,control,Session1,0318,data/processed/torgo_aai_features/FC03/Session1/0318.npz,404,12,1|1|1|1|1|1|1|1|1|1|1|1,,head_audio_pos_same_start_100hz
FC03,control,Session1,0319,data/processed/torgo_aai_features/FC03/Session1/0319.npz,504,4,1|0|0|1|0|0|1|0|0|1|0|0,1|2|4|6|7,head_audio_pos_same_start_100hz
FC03,control,Session1,0320,data/processed/torgo_aai_features/FC03/Session1/0320.npz,439,12,1|1|1|1|1|1|1|1|1|1|1|1,,head_audio_pos_same_start_100hz
FC03,control,Session1,0321,data/processed/torgo_aai_features/FC03/Session1/0321.npz,502,12,1|1|1|1|1|1|1|1|1|1|1|1,,head_audio_pos_same_start_100hz
FC03,control,Session1,0322,data/processed/torgo_aai_features/FC03/Session1/0322.npz,390,12,1|1|1|1|1|1|1|1|1|1|1|1,,head_audio_pos_same_start_100hz
FC03,control,Session1,0323,data/processed/torgo_aai_features/FC03/Session1/0323.npz,439,12,1|1|1|1|1|1|1|1|1|1|1|1,,head_audio_pos_same_start_100hz
FC03,control,Session1,0324,data/processed/torgo_aai_features/FC03/Session1/0324.npz,202,12,1|1|1|1|1|1|1|1|1|1|1|1,,head_audio_pos_same_start_100hz
FC03,control,Session1,0325,data/processed/torgo_aai_features/FC03/Session1/0325.npz,213,12,1|1|1|1|1|1|1|1|1|1|1|1,,head_audio_pos_same_start_100hz
FC03,control,Session1,0326,data/processed/torgo_aai_features/FC03/Session1/0326.npz,204,12,1|1|1|1|1|1|1|1|1|1|1|1,,head_audio_pos_same_start_100hz
FC03,control,Session1,0327,data/processed/torgo_aai_features/FC03/Session1/0327.npz,200,12,1|1|1|1|1|1|1|1|1|1|1|1,,head_audio_pos_same_start_100hz
FC03,control,Session1,0328,data/processed/torgo_aai_features/FC03/Session1/0328.npz,486,12,1|1|1|1|1|1|1|1|1|1|1|1,,head_audio_pos_same_start_100hz
FC03,control,Session1,0329,data/processed/torgo_aai_features/FC03/Session1/0329.npz,199,12,1|1|1|1|1|1|1|1|1|1|1|1,,head_audio_pos_same_start_100hz
FC03,control,Session1,0330,data/processed/torgo_aai_features/FC03/Session1/0330.npz,402,12,1|1|1|1|1|1|1|1|1|1|1|1,,head_audio_pos_same_start_100hz
FC03,control,Session1,0331,data/processed/torgo_aai_features/FC03/Session1/0331.npz,381,12,1|1|1|1|1|1|1|1|1|1|1|1,,head_audio_pos_same_start_100hz
FC03,control,Session1,0332,data/processed/torgo_aai_features/FC03/Session1/0332.npz,501,12,1|1|1|1|1|1|1|1|1|1|1|1,,head_audio_pos_same_start_100hz
FC03,control,Session1,0333,data/processed/torgo_aai_features/FC03/Session1/0333.npz,194,12,1|1|1|1|1|1|1|1|1|1|1|1,,head_audio_pos_same_start_100hz
FC03,control,Session1,0334,data/processed/torgo_aai_features/FC03/Session1/0334.npz,220,12,1|1|1|1|1|1|1|1|1|1|1|1,,head_audio_pos_same_start_100hz
FC03,control,Session1,0335,data/processed/torgo_aai_features/FC03/Session1/0335.npz,218,12,1|1|1|1|1|1|1|1|1|1|1|1,,head_audio_pos_same_start_100hz
FC03,control,Session1,0336,data/processed/torgo_aai_features/FC03/Session1/0336.npz,237,12,1|1|1|1|1|1|1|1|1|1|1|1,,head_audio_pos_same_start_100hz
FC03,control,Session1,0337,data/processed/torgo_aai_features/FC03/Session1/0337.npz,206,12,1|1|1|1|1|1|1|1|1|1|1|1,,head_audio_pos_same_start_100hz
FC03,control,Session1,0338,data/processed/torgo_aai_features/FC03/Session1/0338.npz,275,12,1|1|1|1|1|1|1|1|1|1|1|1,,head_audio_pos_same_start_100hz
FC03,control,Session1,0339,data/processed/torgo_aai_features/FC03/Session1/0339.npz,246,12,1|1|1|1|1|1|1|1|1|1|1|1,,head_audio_pos_same_start_100hz
FC03,control,Session1,0340,data/processed/torgo_aai_features/FC03/Session1/0340.npz,241,12,1|1|1|1|1|1|1|1|1|1|1|1,,head_audio_pos_same_start_100hz
FC03,control,Session1,0341,data/processed/torgo_aai_features/FC03/Session1/0341.npz,390,12,1|1|1|1|1|1|1|1|1|1|1|1,,head_audio_pos_same_start_100hz
FC03,control,Session1,0342,data/processed/torgo_aai_features/FC03/Session1/0342.npz,465,12,1|1|1|1|1|1|1|1|1|1|1|1,,head_audio_pos_same_start_100hz
FC03,control,Session1,0343,data/processed/torgo_aai_features/FC03/Session1/0343.npz,717,12,1|1|1|1|1|1|1|1|1|1|1|1,,head_audio_pos_same_start_100hz
FC03,control,Session1,0344,data/processed/torgo_aai_features/FC03/Session1/0344.npz,32,12,1|1|1|1|1|1|1|1|1|1|1|1,,head_audio_pos_same_start_100hz
FC03,control,Session1,0345,data/processed/torgo_aai_features/FC03/Session1/0345.npz,809,10,1|1|1|1|1|0|1|1|1|1|1|0,1,head_audio_pos_same_start_100hz
FC03,control,Session1,0346,data/processed/torgo_aai_features/FC03/Session1/0346.npz,217,12,1|1|1|1|1|1|1|1|1|1|1|1,,head_audio_pos_same_start_100hz
FC03,control,Session1,0347,data/processed/torgo_aai_features/FC03/Session1/0347.npz,195,12,1|1|1|1|1|1|1|1|1|1|1|1,,head_audio_pos_same_start_100hz
FC03,control,Session1,0348,data/processed/torgo_aai_features/FC03/Session1/0348.npz,208,12,1|1|1|1|1|1|1|1|1|1|1|1,,head_audio_pos_same_start_100hz
FC03,control,Session1,0349,data/processed/torgo_aai_features/FC03/Session1/0349.npz,173,12,1|1|1|1|1|1|1|1|1|1|1|1,,head_audio_pos_same_start_100hz
FC03,control,Session1,0350,data/processed/torgo_aai_features/FC03/Session1/0350.npz,208,12,1|1|1|1|1|1|1|1|1|1|1|1,,head_audio_pos_same_start_100hz
FC03,control,Session1,0351,data/processed/torgo_aai_features/FC03/Session1/0351.npz,192,12,1|1|1|1|1|1|1|1|1|1|1|1,,head_audio_pos_same_start_100hz
FC03,control,Session1,0352,data/processed/torgo_aai_features/FC03/Session1/0352.npz,360,12,1|1|1|1|1|1|1|1|1|1|1|1,,head_audio_pos_same_start_100hz
FC03,control,Session1,0353,data/processed/torgo_aai_features/FC03/Session1/0353.npz,418,12,1|1|1|1|1|1|1|1|1|1|1|1,,head_audio_pos_same_start_100hz
FC03,control,Session1,0354,data/processed/torgo_aai_features/FC03/Session1/0354.npz,231,12,1|1|1|1|1|1|1|1|1|1|1|1,,head_audio_pos_same_start_100hz
FC03,control,Session1,0355,data/processed/torgo_aai_features/FC03/Session1/0355.npz,546,12,1|1|1|1|1|1|1|1|1|1|1|1,,head_audio_pos_same_start_100hz
FC03,control,Session1,0356,data/processed/torgo_aai_features/FC03/Session1/0356.npz,498,12,1|1|1|1|1|1|1|1|1|1|1|1,,head_audio_pos_same_start_100hz
FC03,control,Session1,0357,data/processed/torgo_aai_features/FC03/Session1/0357.npz,181,12,1|1|1|1|1|1|1|1|1|1|1|1,,head_audio_pos_same_start_100hz
FC03,control,Session1,0358,data/processed/torgo_aai_features/FC03/Session1/0358.npz,197,12,1|1|1|1|1|1|1|1|1|1|1|1,,head_audio_pos_same_start_100hz
FC03,control,Session1,0359,data/processed/torgo_aai_features/FC03/Session1/0359.npz,214,12,1|1|1|1|1|1|1|1|1|1|1|1,,head_audio_pos_same_start_100hz
FC03,control,Session1,0360,data/processed/torgo_aai_features/FC03/Session1/0360.npz,358,12,1|1|1|1|1|1|1|1|1|1|1|1,,head_audio_pos_same_start_100hz
FC03,control,Session1,0361,data/processed/torgo_aai_features/FC03/Session1/0361.npz,245,12,1|1|1|1|1|1|1|1|1|1|1|1,10,head_audio_pos_same_start_100hz
FC03,control,Session1,0362,data/processed/torgo_aai_features/FC03/Session1/0362.npz,221,12,1|1|1|1|1|1|1|1|1|1|1|1,,head_audio_pos_same_start_100hz
FC03,control,Session1,0363,data/processed/torgo_aai_features/FC03/Session1/0363.npz,206,12,1|1|1|1|1|1|1|1|1|1|1|1,,head_audio_pos_same_start_100hz
FC03,control,Session1,0364,data/processed/torgo_aai_features/FC03/Session1/0364.npz,200,12,1|1|1|1|1|1|1|1|1|1|1|1,,head_audio_pos_same_start_100hz
FC03,control,Session1,0365,data/processed/torgo_aai_features/FC03/Session1/0365.npz,215,12,1|1|1|1|1|1|1|1|1|1|1|1,,head_audio_pos_same_start_100hz
FC03,control,Session1,0366,data/processed/torgo_aai_features/FC03/Session1/0366.npz,188,12,1|1|1|1|1|1|1|1|1|1|1|1,,head_audio_pos_same_start_100hz
FC03,control,Session1,0367,data/processed/torgo_aai_features/FC03/Session1/0367.npz,510,12,1|1|1|1|1|1|1|1|1|1|1|1,,head_audio_pos_same_start_100hz
FC03,control,Session1,0368,data/processed/torgo_aai_features/FC03/Session1/0368.npz,209,10,1|1|1|1|1|0|1|1|1|1|1|0,1,head_audio_pos_same_start_100hz
FC03,control,Session1,0369,data/processed/torgo_aai_features/FC03/Session1/0369.npz,343,10,1|1|1|1|1|0|1|1|1|1|1|0,1,head_audio_pos_same_start_100hz
FC03,control,Session1,0370,data/processed/torgo_aai_features/FC03/Session1/0370.npz,189,12,1|1|1|1|1|1|1|1|1|1|1|1,,head_audio_pos_same_start_100hz
FC03,control,Session1,0371,data/processed/torgo_aai_features/FC03/Session1/0371.npz,205,12,1|1|1|1|1|1|1|1|1|1|1|1,,head_audio_pos_same_start_100hz
FC03,control,Session1,0372,data/processed/torgo_aai_features/FC03/Session1/0372.npz,333,12,1|1|1|1|1|1|1|1|1|1|1|1,,head_audio_pos_same_start_100hz
FC03,control,Session1,0373,data/processed/torgo_aai_features/FC03/Session1/0373.npz,736,12,1|1|1|1|1|1|1|1|1|1|1|1,,head_audio_pos_same_start_100hz
FC03,control,Session1,0374,data/processed/torgo_aai_features/FC03/Session1/0374.npz,850,12,1|1|1|1|1|1|1|1|1|1|1|1,,head_audio_pos_same_start_100hz
FC03,control,Session1,0375,data/processed/torgo_aai_features/FC03/Session1/0375.npz,237,12,1|1|1|1|1|1|1|1|1|1|1|1,,head_audio_pos_same_start_100hz
FC03,control,Session1,0376,data/processed/torgo_aai_features/FC03/Session1/0376.npz,233,12,1|1|1|1|1|1|1|1|1|1|1|1,,head_audio_pos_same_start_100hz
FC03,control,Session1,0377,data/processed/torgo_aai_features/FC03/Session1/0377.npz,224,12,1|1|1|1|1|1|1|1|1|1|1|1,,head_audio_pos_same_start_100hz
FC03,control,Session1,0378,data/processed/torgo_aai_features/FC03/Session1/0378.npz,207,12,1|1|1|1|1|1|1|1|1|1|1|1,,head_audio_pos_same_start_100hz
FC03,control,Session1,0379,data/processed/torgo_aai_features/FC03/Session1/0379.npz,204,12,1|1|1|1|1|1|1|1|1|1|1|1,,head_audio_pos_same_start_100hz
FC03,control,Session1,0380,data/processed/torgo_aai_features/FC03/Session1/0380.npz,244,12,1|1|1|1|1|1|1|1|1|1|1|1,,head_audio_pos_same_start_100hz
FC03,control,Session1,0381,data/processed/torgo_aai_features/FC03/Session1/0381.npz,209,12,1|1|1|1|1|1|1|1|1|1|1|1,,head_audio_pos_same_start_100hz
FC03,control,Session1,0382,data/processed/torgo_aai_features/FC03/Session1/0382.npz,221,12,1|1|1|1|1|1|1|1|1|1|1|1,,head_audio_pos_same_start_100hz
FC03,control,Session1,0383,data/processed/torgo_aai_features/FC03/Session1/0383.npz,357,10,1|1|1|1|1|0|1|1|1|1|1|0,1,head_audio_pos_same_start_100hz
FC03,control,Session1,0384,data/processed/torgo_aai_features/FC03/Session1/0384.npz,226,12,1|1|1|1|1|1|1|1|1|1|1|1,,head_audio_pos_same_start_100hz
FC03,control,Session1,0385,data/processed/torgo_aai_features/FC03/Session1/0385.npz,441,12,1|1|1|1|1|1|1|1|1|1|1|1,,head_audio_pos_same_start_100hz
FC03,control,Session1,0386,data/processed/torgo_aai_features/FC03/Session1/0386.npz,237,12,1|1|1|1|1|1|1|1|1|1|1|1,,head_audio_pos_same_start_100hz
FC03,control,Session1,0387,data/processed/torgo_aai_features/FC03/Session1/0387.npz,242,12,1|1|1|1|1|1|1|1|1|1|1|1,,head_audio_pos_same_start_100hz
FC03,control,Session1,0388,data/processed/torgo_aai_features/FC03/Session1/0388.npz,202,12,1|1|1|1|1|1|1|1|1|1|1|1,,head_audio_pos_same_start_100hz
FC03,control,Session1,0389,data/processed/torgo_aai_features/FC03/Session1/0389.npz,206,12,1|1|1|1|1|1|1|1|1|1|1|1,,head_audio_pos_same_start_100hz
FC03,control,Session1,0390,data/processed/torgo_aai_features/FC03/Session1/0390.npz,199,12,1|1|1|1|1|1|1|1|1|1|1|1,,head_audio_pos_same_start_100hz
FC03,control,Session1,0391,data/processed/torgo_aai_features/FC03/Session1/0391.npz,213,12,1|1|1|1|1|1|1|1|1|1|1|1,,head_audio_pos_same_start_100hz
FC03,control,Session1,0392,data/processed/torgo_aai_features/FC03/Session1/0392.npz,216,12,1|1|1|1|1|1|1|1|1|1|1|1,,head_audio_pos_same_start_100hz
FC03,control,Session1,0393,data/processed/torgo_aai_features/FC03/Session1/0393.npz,372,12,1|1|1|1|1|1|1|1|1|1|1|1,,head_audio_pos_same_start_100hz
FC03,control,Session1,0394,data/processed/torgo_aai_features/FC03/Session1/0394.npz,231,12,1|1|1|1|1|1|1|1|1|1|1|1,,head_audio_pos_same_start_100hz
FC03,control,Session1,0395,data/processed/torgo_aai_features/FC03/Session1/0395.npz,211,12,1|1|1|1|1|1|1|1|1|1|1|1,,head_audio_pos_same_start_100hz
FC03,control,Session1,0396,data/processed/torgo_aai_features/FC03/Session1/0396.npz,362,12,1|1|1|1|1|1|1|1|1|1|1|1,,head_audio_pos_same_start_100hz
FC03,control,Session1,0397,data/processed/torgo_aai_features/FC03/Session1/0397.npz,202,12,1|1|1|1|1|1|1|1|1|1|1|1,,head_audio_pos_same_start_100hz
FC03,control,Session1,0398,data/processed/torgo_aai_features/FC03/Session1/0398.npz,203,12,1|1|1|1|1|1|1|1|1|1|1|1,,head_audio_pos_same_start_100hz
FC03,control,Session1,0399,data/processed/torgo_aai_features/FC03/Session1/0399.npz,197,12,1|1|1|1|1|1|1|1|1|1|1|1,,head_audio_pos_same_start_100hz
FC03,control,Session1,0400,data/processed/torgo_aai_features/FC03/Session1/0400.npz,215,12,1|1|1|1|1|1|1|1|1|1|1|1,,head_audio_pos_same_start_100hz
FC03,control,Session1,0401,data/processed/torgo_aai_features/FC03/Session1/0401.npz,433,12,1|1|1|1|1|1|1|1|1|1|1|1,,head_audio_pos_same_start_100hz
FC03,control,Session1,0402,data/processed/torgo_aai_features/FC03/Session1/0402.npz,227,12,1|1|1|1|1|1|1|1|1|1|1|1,,head_audio_pos_same_start_100hz
FC03,control,Session1,0403,data/processed/torgo_aai_features/FC03/Session1/0403.npz,228,12,1|1|1|1|1|1|1|1|1|1|1|1,,head_audio_pos_same_start_100hz
FC03,control,Session1,0404,data/processed/torgo_aai_features/FC03/Session1/0404.npz,197,12,1|1|1|1|1|1|1|1|1|1|1|1,,head_audio_pos_same_start_100hz
FC03,control,Session1,0405,data/processed/torgo_aai_features/FC03/Session1/0405.npz,178,12,1|1|1|1|1|1|1|1|1|1|1|1,,head_audio_pos_same_start_100hz
FC03,control,Session2,0001,data/processed/torgo_aai_features/FC03/Session2/0001.npz,395,12,1|1|1|1|1|1|1|1|1|1|1|1,,head_audio_pos_same_start_100hz
FC03,control,Session2,0002,data/processed/torgo_aai_features/FC03/Session2/0002.npz,373,12,1|1|1|1|1|1|1|1|1|1|1|1,,head_audio_pos_same_start_100hz
FC03,control,Session2,0003,data/processed/torgo_aai_features/FC03/Session2/0003.npz,211,12,1|1|1|1|1|1|1|1|1|1|1|1,,head_audio_pos_same_start_100hz
FC03,control,Session2,0004,data/processed/torgo_aai_features/FC03/Session2/0004.npz,196,12,1|1|1|1|1|1|1|1|1|1|1|1,,head_audio_pos_same_start_100hz
FC03,control,Session2,0005,data/processed/torgo_aai_features/FC03/Session2/0005.npz,403,12,1|1|1|1|1|1|1|1|1|1|1|1,,head_audio_pos_same_start_100hz
FC03,control,Session2,0006,data/processed/torgo_aai_features/FC03/Session2/0006.npz,251,12,1|1|1|1|1|1|1|1|1|1|1|1,,head_audio_pos_same_start_100hz
FC03,control,Session2,0007,data/processed/torgo_aai_features/FC03/Session2/0007.npz,184,12,1|1|1|1|1|1|1|1|1|1|1|1,,head_audio_pos_same_start_100hz
FC03,control,Session2,0008,data/processed/torgo_aai_features/FC03/Session2/0008.npz,189,12,1|1|1|1|1|1|1|1|1|1|1|1,,head_audio_pos_same_start_100hz
FC03,control,Session2,0009,data/processed/torgo_aai_features/FC03/Session2/0009.npz,499,12,1|1|1|1|1|1|1|1|1|1|1|1,,head_audio_pos_same_start_100hz
FC03,control,Session2,0010,data/processed/torgo_aai_features/FC03/Session2/0010.npz,195,12,1|1|1|1|1|1|1|1|1|1|1|1,9,head_audio_pos_same_start_100hz
FC03,control,Session2,0011,data/processed/torgo_aai_features/FC03/Session2/0011.npz,441,12,1|1|1|1|1|1|1|1|1|1|1|1,9,head_audio_pos_same_start_100hz
FC03,control,Session2,0012,data/processed/torgo_aai_features/FC03/Session2/0012.npz,188,12,1|1|1|1|1|1|1|1|1|1|1|1,9,head_audio_pos_same_start_100hz
FC03,control,Session2,0013,data/processed/torgo_aai_features/FC03/Session2/0013.npz,644,12,1|1|1|1|1|1|1|1|1|1|1|1,,head_audio_pos_same_start_100hz
FC03,control,Session2,0014,data/processed/torgo_aai_features/FC03/Session2/0014.npz,630,12,1|1|1|1|1|1|1|1|1|1|1|1,,head_audio_pos_same_start_100hz
FC03,control,Session2,0015,data/processed/torgo_aai_features/FC03/Session2/0015.npz,370,12,1|1|1|1|1|1|1|1|1|1|1|1,9,head_audio_pos_same_start_100hz
FC03,control,Session2,0016,data/processed/torgo_aai_features/FC03/Session2/0016.npz,214,12,1|1|1|1|1|1|1|1|1|1|1|1,,head_audio_pos_same_start_100hz
FC03,control,Session2,0017,data/processed/torgo_aai_features/FC03/Session2/0017.npz,240,12,1|1|1|1|1|1|1|1|1|1|1|1,,head_audio_pos_same_start_100hz
FC03,control,Session2,0018,data/processed/torgo_aai_features/FC03/Session2/0018.npz,408,12,1|1|1|1|1|1|1|1|1|1|1|1,,head_audio_pos_same_start_100hz
FC03,control,Session2,0019,data/processed/torgo_aai_features/FC03/Session2/0019.npz,724,12,1|1|1|1|1|1|1|1|1|1|1|1,,head_audio_pos_same_start_100hz
FC03,control,Session2,0020,data/processed/torgo_aai_features/FC03/Session2/0020.npz,215,12,1|1|1|1|1|1|1|1|1|1|1|1,,head_audio_pos_same_start_100hz
FC03,control,Session2,0021,data/processed/torgo_aai_features/FC03/Session2/0021.npz,213,12,1|1|1|1|1|1|1|1|1|1|1|1,,head_audio_pos_same_start_100hz
FC03,control,Session2,0022,data/processed/torgo_aai_features/FC03/Session2/0022.npz,524,12,1|1|1|1|1|1|1|1|1|1|1|1,,head_audio_pos_same_start_100hz
FC03,control,Session2,0023,data/processed/torgo_aai_features/FC03/Session2/0023.npz,213,12,1|1|1|1|1|1|1|1|1|1|1|1,,head_audio_pos_same_start_100hz
FC03,control,Session2,0024,data/processed/torgo_aai_features/FC03/Session2/0024.npz,186,12,1|1|1|1|1|1|1|1|1|1|1|1,,head_audio_pos_same_start_100hz
FC03,control,Session2,0025,data/processed/torgo_aai_features/FC03/Session2/0025.npz,448,12,1|1|1|1|1|1|1|1|1|1|1|1,,head_audio_pos_same_start_100hz
FC03,control,Session2,0026,data/processed/torgo_aai_features/FC03/Session2/0026.npz,191,12,1|1|1|1|1|1|1|1|1|1|1|1,,head_audio_pos_same_start_100hz
FC03,control,Session2,0027,data/processed/torgo_aai_features/FC03/Session2/0027.npz,195,12,1|1|1|1|1|1|1|1|1|1|1|1,,head_audio_pos_same_start_100hz
FC03,control,Session2,0028,data/processed/torgo_aai_features/FC03/Session2/0028.npz,493,12,1|1|1|1|1|1|1|1|1|1|1|1,9,head_audio_pos_same_start_100hz
FC03,control,Session2,0029,data/processed/torgo_aai_features/FC03/Session2/0029.npz,434,12,1|1|1|1|1|1|1|1|1|1|1|1,,head_audio_pos_same_start_100hz
FC03,control,Session2,0030,data/processed/torgo_aai_features/FC03/Session2/0030.npz,197,12,1|1|1|1|1|1|1|1|1|1|1|1,,head_audio_pos_same_start_100hz
FC03,control,Session2,0031,data/processed/torgo_aai_features/FC03/Session2/0031.npz,220,12,1|1|1|1|1|1|1|1|1|1|1|1,,head_audio_pos_same_start_100hz
FC03,control,Session2,0032,data/processed/torgo_aai_features/FC03/Session2/0032.npz,174,12,1|1|1|1|1|1|1|1|1|1|1|1,,head_audio_pos_same_start_100hz
FC03,control,Session2,0033,data/processed/torgo_aai_features/FC03/Session2/0033.npz,204,12,1|1|1|1|1|1|1|1|1|1|1|1,,head_audio_pos_same_start_100hz
FC03,control,Session2,0034,data/processed/torgo_aai_features/FC03/Session2/0034.npz,190,12,1|1|1|1|1|1|1|1|1|1|1|1,,head_audio_pos_same_start_100hz
FC03,control,Session2,0035,data/processed/torgo_aai_features/FC03/Session2/0035.npz,188,12,1|1|1|1|1|1|1|1|1|1|1|1,,head_audio_pos_same_start_100hz
FC03,control,Session2,0036,data/processed/torgo_aai_features/FC03/Session2/0036.npz,203,12,1|1|1|1|1|1|1|1|1|1|1|1,,head_audio_pos_same_start_100hz
FC03,control,Session2,0037,data/processed/torgo_aai_features/FC03/Session2/0037.npz,205,12,1|1|1|1|1|1|1|1|1|1|1|1,,head_audio_pos_same_start_100hz
FC03,control,Session2,0038,data/processed/torgo_aai_features/FC03/Session2/0038.npz,206,12,1|1|1|1|1|1|1|1|1|1|1|1,,head_audio_pos_same_start_100hz
FC03,control,Session2,0039,data/processed/torgo_aai_features/FC03/Session2/0039.npz,221,12,1|1|1|1|1|1|1|1|1|1|1|1,9,head_audio_pos_same_start_100hz
FC03,control,Session2,0040,data/processed/torgo_aai_features/FC03/Session2/0040.npz,242,12,1|1|1|1|1|1|1|1|1|1|1|1,9,head_audio_pos_same_start_100hz
FC03,control,Session2,0041,data/processed/torgo_aai_features/FC03/Session2/0041.npz,229,12,1|1|1|1|1|1|1|1|1|1|1|1,,head_audio_pos_same_start_100hz
FC03,control,Session2,0042,data/processed/torgo_aai_features/FC03/Session2/0042.npz,227,12,1|1|1|1|1|1|1|1|1|1|1|1,,head_audio_pos_same_start_100hz
FC03,control,Session2,0043,data/processed/torgo_aai_features/FC03/Session2/0043.npz,208,12,1|1|1|1|1|1|1|1|1|1|1|1,9,head_audio_pos_same_start_100hz
FC03,control,Session2,0044,data/processed/torgo_aai_features/FC03/Session2/0044.npz,172,12,1|1|1|1|1|1|1|1|1|1|1|1,,head_audio_pos_same_start_100hz
FC03,control,Session2,0045,data/processed/torgo_aai_features/FC03/Session2/0045.npz,343,12,1|1|1|1|1|1|1|1|1|1|1|1,9,head_audio_pos_same_start_100hz
FC03,control,Session2,0046,data/processed/torgo_aai_features/FC03/Session2/0046.npz,183,12,1|1|1|1|1|1|1|1|1|1|1|1,9,head_audio_pos_same_start_100hz
FC03,control,Session2,0047,data/processed/torgo_aai_features/FC03/Session2/0047.npz,170,12,1|1|1|1|1|1|1|1|1|1|1|1,9,head_audio_pos_same_start_100hz
FC03,control,Session2,0048,data/processed/torgo_aai_features/FC03/Session2/0048.npz,212,12,1|1|1|1|1|1|1|1|1|1|1|1,,head_audio_pos_same_start_100hz
FC03,control,Session2,0049,data/processed/torgo_aai_features/FC03/Session2/0049.npz,186,12,1|1|1|1|1|1|1|1|1|1|1|1,,head_audio_pos_same_start_100hz
FC03,control,Session2,0050,data/processed/torgo_aai_features/FC03/Session2/0050.npz,189,12,1|1|1|1|1|1|1|1|1|1|1|1,,head_audio_pos_same_start_100hz
FC03,control,Session2,0051,data/processed/torgo_aai_features/FC03/Session2/0051.npz,312,12,1|1|1|1|1|1|1|1|1|1|1|1,,head_audio_pos_same_start_100hz
FC03,control,Session2,0052,data/processed/torgo_aai_features/FC03/Session2/0052.npz,325,12,1|1|1|1|1|1|1|1|1|1|1|1,,head_audio_pos_same_start_100hz
FC03,control,Session2,0053,data/processed/torgo_aai_features/FC03/Session2/0053.npz,156,12,1|1|1|1|1|1|1|1|1|1|1|1,9,head_audio_pos_same_start_100hz
FC03,control,Session2,0054,data/processed/torgo_aai_features/FC03/Session2/0054.npz,188,12,1|1|1|1|1|1|1|1|1|1|1|1,,head_audio_pos_same_start_100hz
FC03,control,Session2,0055,data/processed/torgo_aai_features/FC03/Session2/0055.npz,380,12,1|1|1|1|1|1|1|1|1|1|1|1,9,head_audio_pos_same_start_100hz
FC03,control,Session2,0056,data/processed/torgo_aai_features/FC03/Session2/0056.npz,153,12,1|1|1|1|1|1|1|1|1|1|1|1,,head_audio_pos_same_start_100hz
FC03,control,Session2,0057,data/processed/torgo_aai_features/FC03/Session2/0057.npz,239,12,1|1|1|1|1|1|1|1|1|1|1|1,,head_audio_pos_same_start_100hz
FC03,control,Session2,0058,data/processed/torgo_aai_features/FC03/Session2/0058.npz,216,12,1|1|1|1|1|1|1|1|1|1|1|1,,head_audio_pos_same_start_100hz
FC03,control,Session2,0059,data/processed/torgo_aai_features/FC03/Session2/0059.npz,179,12,1|1|1|1|1|1|1|1|1|1|1|1,,head_audio_pos_same_start_100hz
FC03,control,Session2,0060,data/processed/torgo_aai_features/FC03/Session2/0060.npz,455,12,1|1|1|1|1|1|1|1|1|1|1|1,9,head_audio_pos_same_start_100hz
FC03,control,Session2,0061,data/processed/torgo_aai_features/FC03/Session2/0061.npz,291,12,1|1|1|1|1|1|1|1|1|1|1|1,,head_audio_pos_same_start_100hz
FC03,control,Session2,0062,data/processed/torgo_aai_features/FC03/Session2/0062.npz,212,12,1|1|1|1|1|1|1|1|1|1|1|1,,head_audio_pos_same_start_100hz
FC03,control,Session2,0063,data/processed/torgo_aai_features/FC03/Session2/0063.npz,181,12,1|1|1|1|1|1|1|1|1|1|1|1,,head_audio_pos_same_start_100hz
FC03,control,Session2,0064,data/processed/torgo_aai_features/FC03/Session2/0064.npz,226,12,1|1|1|1|1|1|1|1|1|1|1|1,,head_audio_pos_same_start_100hz
FC03,control,Session2,0065,data/processed/torgo_aai_features/FC03/Session2/0065.npz,369,12,1|1|1|1|1|1|1|1|1|1|1|1,,head_audio_pos_same_start_100hz
FC03,control,Session2,0066,data/processed/torgo_aai_features/FC03/Session2/0066.npz,448,12,1|1|1|1|1|1|1|1|1|1|1|1,,head_audio_pos_same_start_100hz
FC03,control,Session2,0067,data/processed/torgo_aai_features/FC03/Session2/0067.npz,218,12,1|1|1|1|1|1|1|1|1|1|1|1,,head_audio_pos_same_start_100hz
FC03,control,Session2,0068,data/processed/torgo_aai_features/FC03/Session2/0068.npz,219,12,1|1|1|1|1|1|1|1|1|1|1|1,,head_audio_pos_same_start_100hz
FC03,control,Session2,0069,data/processed/torgo_aai_features/FC03/Session2/0069.npz,177,12,1|1|1|1|1|1|1|1|1|1|1|1,,head_audio_pos_same_start_100hz
FC03,control,Session2,0070,data/processed/torgo_aai_features/FC03/Session2/0070.npz,188,12,1|1|1|1|1|1|1|1|1|1|1|1,,head_audio_pos_same_start_100hz
FC03,control,Session2,0071,data/processed/torgo_aai_features/FC03/Session2/0071.npz,190,12,1|1|1|1|1|1|1|1|1|1|1|1,,head_audio_pos_same_start_100hz
FC03,control,Session2,0072,data/processed/torgo_aai_features/FC03/Session2/0072.npz,207,12,1|1|1|1|1|1|1|1|1|1|1|1,,head_audio_pos_same_start_100hz
FC03,control,Session2,0073,data/processed/torgo_aai_features/FC03/Session2/0073.npz,198,12,1|1|1|1|1|1|1|1|1|1|1|1,,head_audio_pos_same_start_100hz
FC03,control,Session2,0074,data/processed/torgo_aai_features/FC03/Session2/0074.npz,180,12,1|1|1|1|1|1|1|1|1|1|1|1,,head_audio_pos_same_start_100hz
FC03,control,Session2,0075,data/processed/torgo_aai_features/FC03/Session2/0075.npz,167,12,1|1|1|1|1|1|1|1|1|1|1|1,,head_audio_pos_same_start_100hz
FC03,control,Session2,0076,data/processed/torgo_aai_features/FC03/Session2/0076.npz,171,12,1|1|1|1|1|1|1|1|1|1|1|1,,head_audio_pos_same_start_100hz
FC03,control,Session2,0077,data/processed/torgo_aai_features/FC03/Session2/0077.npz,168,12,1|1|1|1|1|1|1|1|1|1|1|1,,head_audio_pos_same_start_100hz
FC03,control,Session2,0078,data/processed/torgo_aai_features/FC03/Session2/0078.npz,154,12,1|1|1|1|1|1|1|1|1|1|1|1,,head_audio_pos_same_start_100hz
FC03,control,Session2,0079,data/processed/torgo_aai_features/FC03/Session2/0079.npz,163,12,1|1|1|1|1|1|1|1|1|1|1|1,,head_audio_pos_same_start_100hz
FC03,control,Session2,0080,data/processed/torgo_aai_features/FC03/Session2/0080.npz,166,12,1|1|1|1|1|1|1|1|1|1|1|1,,head_audio_pos_same_start_100hz
FC03,control,Session2,0081,data/processed/torgo_aai_features/FC03/Session2/0081.npz,167,12,1|1|1|1|1|1|1|1|1|1|1|1,,head_audio_pos_same_start_100hz
FC03,control,Session2,0082,data/processed/torgo_aai_features/FC03/Session2/0082.npz,186,12,1|1|1|1|1|1|1|1|1|1|1|1,,head_audio_pos_same_start_100hz
FC03,control,Session2,0083,data/processed/torgo_aai_features/FC03/Session2/0083.npz,173,12,1|1|1|1|1|1|1|1|1|1|1|1,,head_audio_pos_same_start_100hz
FC03,control,Session2,0084,data/processed/torgo_aai_features/FC03/Session2/0084.npz,159,12,1|1|1|1|1|1|1|1|1|1|1|1,,head_audio_pos_same_start_100hz
FC03,control,Session2,0085,data/processed/torgo_aai_features/FC03/Session2/0085.npz,187,12,1|1|1|1|1|1|1|1|1|1|1|1,,head_audio_pos_same_start_100hz
FC03,control,Session2,0086,data/processed/torgo_aai_features/FC03/Session2/0086.npz,163,12,1|1|1|1|1|1|1|1|1|1|1|1,,head_audio_pos_same_start_100hz
FC03,control,Session2,0087,data/processed/torgo_aai_features/FC03/Session2/0087.npz,157,12,1|1|1|1|1|1|1|1|1|1|1|1,,head_audio_pos_same_start_100hz
FC03,control,Session2,0088,data/processed/torgo_aai_features/FC03/Session2/0088.npz,149,12,1|1|1|1|1|1|1|1|1|1|1|1,,head_audio_pos_same_start_100hz
FC03,control,Session2,0089,data/processed/torgo_aai_features/FC03/Session2/0089.npz,173,12,1|1|1|1|1|1|1|1|1|1|1|1,,head_audio_pos_same_start_100hz
FC03,control,Session2,0090,data/processed/torgo_aai_features/FC03/Session2/0090.npz,325,12,1|1|1|1|1|1|1|1|1|1|1|1,,head_audio_pos_same_start_100hz
FC03,control,Session2,0091,data/processed/torgo_aai_features/FC03/Session2/0091.npz,197,12,1|1|1|1|1|1|1|1|1|1|1|1,,head_audio_pos_same_start_100hz
FC03,control,Session2,0092,data/processed/torgo_aai_features/FC03/Session2/0092.npz,215,12,1|1|1|1|1|1|1|1|1|1|1|1,,head_audio_pos_same_start_100hz
FC03,control,Session2,0093,data/processed/torgo_aai_features/FC03/Session2/0093.npz,201,12,1|1|1|1|1|1|1|1|1|1|1|1,,head_audio_pos_same_start_100hz
FC03,control,Session2,0094,data/processed/torgo_aai_features/FC03/Session2/0094.npz,518,12,1|1|1|1|1|1|1|1|1|1|1|1,,head_audio_pos_same_start_100hz
FC03,control,Session2,0095,data/processed/torgo_aai_features/FC03/Session2/0095.npz,481,12,1|1|1|1|1|1|1|1|1|1|1|1,,head_audio_pos_same_start_100hz
FC03,control,Session2,0096,data/processed/torgo_aai_features/FC03/Session2/0096.npz,463,12,1|1|1|1|1|1|1|1|1|1|1|1,,head_audio_pos_same_start_100hz
FC03,control,Session2,0097,data/processed/torgo_aai_features/FC03/Session2/0097.npz,431,12,1|1|1|1|1|1|1|1|1|1|1|1,,head_audio_pos_same_start_100hz
FC03,control,Session2,0098,data/processed/torgo_aai_features/FC03/Session2/0098.npz,346,12,1|1|1|1|1|1|1|1|1|1|1|1,,head_audio_pos_same_start_100hz
FC03,control,Session2,0099,data/processed/torgo_aai_features/FC03/Session2/0099.npz,355,12,1|1|1|1|1|1|1|1|1|1|1|1,,head_audio_pos_same_start_100hz
FC03,control,Session2,0100,data/processed/torgo_aai_features/FC03/Session2/0100.npz,32,12,1|1|1|1|1|1|1|1|1|1|1|1,,head_audio_pos_same_start_100hz
FC03,control,Session2,0101,data/processed/torgo_aai_features/FC03/Session2/0101.npz,397,12,1|1|1|1|1|1|1|1|1|1|1|1,,head_audio_pos_same_start_100hz
FC03,control,Session2,0102,data/processed/torgo_aai_features/FC03/Session2/0102.npz,445,12,1|1|1|1|1|1|1|1|1|1|1|1,,head_audio_pos_same_start_100hz
FC03,control,Session2,0103,data/processed/torgo_aai_features/FC03/Session2/0103.npz,215,12,1|1|1|1|1|1|1|1|1|1|1|1,,head_audio_pos_same_start_100hz
FC03,control,Session2,0104,data/processed/torgo_aai_features/FC03/Session2/0104.npz,339,12,1|1|1|1|1|1|1|1|1|1|1|1,,head_audio_pos_same_start_100hz
FC03,control,Session2,0105,data/processed/torgo_aai_features/FC03/Session2/0105.npz,188,12,1|1|1|1|1|1|1|1|1|1|1|1,,head_audio_pos_same_start_100hz
FC03,control,Session2,0106,data/processed/torgo_aai_features/FC03/Session2/0106.npz,209,12,1|1|1|1|1|1|1|1|1|1|1|1,,head_audio_pos_same_start_100hz
FC03,control,Session2,0107,data/processed/torgo_aai_features/FC03/Session2/0107.npz,382,10,1|1|1|1|1|0|1|1|1|1|1|0,1,head_audio_pos_same_start_100hz
FC03,control,Session2,0108,data/processed/torgo_aai_features/FC03/Session2/0108.npz,472,12,1|1|1|1|1|1|1|1|1|1|1|1,,head_audio_pos_same_start_100hz
FC03,control,Session2,0109,data/processed/torgo_aai_features/FC03/Session2/0109.npz,465,12,1|1|1|1|1|1|1|1|1|1|1|1,,head_audio_pos_same_start_100hz
FC03,control,Session2,0110,data/processed/torgo_aai_features/FC03/Session2/0110.npz,224,12,1|1|1|1|1|1|1|1|1|1|1|1,,head_audio_pos_same_start_100hz
FC03,control,Session2,0111,data/processed/torgo_aai_features/FC03/Session2/0111.npz,485,12,1|1|1|1|1|1|1|1|1|1|1|1,,head_audio_pos_same_start_100hz
FC03,control,Session2,0112,data/processed/torgo_aai_features/FC03/Session2/0112.npz,203,12,1|1|1|1|1|1|1|1|1|1|1|1,,head_audio_pos_same_start_100hz
FC03,control,Session2,0113,data/processed/torgo_aai_features/FC03/Session2/0113.npz,366,12,1|1|1|1|1|1|1|1|1|1|1|1,,head_audio_pos_same_start_100hz
FC03,control,Session2,0114,data/processed/torgo_aai_features/FC03/Session2/0114.npz,742,12,1|1|1|1|1|1|1|1|1|1|1|1,,head_audio_pos_same_start_100hz
FC03,control,Session2,0115,data/processed/torgo_aai_features/FC03/Session2/0115.npz,215,12,1|1|1|1|1|1|1|1|1|1|1|1,,head_audio_pos_same_start_100hz
FC03,control,Session2,0116,data/processed/torgo_aai_features/FC03/Session2/0116.npz,218,12,1|1|1|1|1|1|1|1|1|1|1|1,,head_audio_pos_same_start_100hz
FC03,control,Session2,0117,data/processed/torgo_aai_features/FC03/Session2/0117.npz,201,12,1|1|1|1|1|1|1|1|1|1|1|1,9,head_audio_pos_same_start_100hz
FC03,control,Session2,0118,data/processed/torgo_aai_features/FC03/Session2/0118.npz,205,12,1|1|1|1|1|1|1|1|1|1|1|1,,head_audio_pos_same_start_100hz
FC03,control,Session2,0119,data/processed/torgo_aai_features/FC03/Session2/0119.npz,177,12,1|1|1|1|1|1|1|1|1|1|1|1,,head_audio_pos_same_start_100hz
FC03,control,Session2,0120,data/processed/torgo_aai_features/FC03/Session2/0120.npz,191,12,1|1|1|1|1|1|1|1|1|1|1|1,,head_audio_pos_same_start_100hz
FC03,control,Session2,0121,data/processed/torgo_aai_features/FC03/Session2/0121.npz,180,12,1|1|1|1|1|1|1|1|1|1|1|1,,head_audio_pos_same_start_100hz
FC03,control,Session2,0122,data/processed/torgo_aai_features/FC03/Session2/0122.npz,187,12,1|1|1|1|1|1|1|1|1|1|1|1,,head_audio_pos_same_start_100hz
FC03,control,Session2,0123,data/processed/torgo_aai_features/FC03/Session2/0123.npz,703,12,1|1|1|1|1|1|1|1|1|1|1|1,,head_audio_pos_same_start_100hz
FC03,control,Session2,0124,data/processed/torgo_aai_features/FC03/Session2/0124.npz,683,12,1|1|1|1|1|1|1|1|1|1|1|1,,head_audio_pos_same_start_100hz
FC03,control,Session2,0125,data/processed/torgo_aai_features/FC03/Session2/0125.npz,214,12,1|1|1|1|1|1|1|1|1|1|1|1,,head_audio_pos_same_start_100hz
FC03,control,Session2,0126,data/processed/torgo_aai_features/FC03/Session2/0126.npz,424,12,1|1|1|1|1|1|1|1|1|1|1|1,,head_audio_pos_same_start_100hz
FC03,control,Session2,0127,data/processed/torgo_aai_features/FC03/Session2/0127.npz,201,12,1|1|1|1|1|1|1|1|1|1|1|1,,head_audio_pos_same_start_100hz
FC03,control,Session2,0128,data/processed/torgo_aai_features/FC03/Session2/0128.npz,327,12,1|1|1|1|1|1|1|1|1|1|1|1,,head_audio_pos_same_start_100hz
FC03,control,Session2,0129,data/processed/torgo_aai_features/FC03/Session2/0129.npz,505,12,1|1|1|1|1|1|1|1|1|1|1|1,,head_audio_pos_same_start_100hz
FC03,control,Session2,0130,data/processed/torgo_aai_features/FC03/Session2/0130.npz,438,12,1|1|1|1|1|1|1|1|1|1|1|1,,head_audio_pos_same_start_100hz
FC03,control,Session2,0131,data/processed/torgo_aai_features/FC03/Session2/0131.npz,202,12,1|1|1|1|1|1|1|1|1|1|1|1,,head_audio_pos_same_start_100hz
FC03,control,Session2,0132,data/processed/torgo_aai_features/FC03/Session2/0132.npz,218,12,1|1|1|1|1|1|1|1|1|1|1|1,,head_audio_pos_same_start_100hz
FC03,control,Session2,0133,data/processed/torgo_aai_features/FC03/Session2/0133.npz,193,12,1|1|1|1|1|1|1|1|1|1|1|1,,head_audio_pos_same_start_100hz
FC03,control,Session2,0134,data/processed/torgo_aai_features/FC03/Session2/0134.npz,404,12,1|1|1|1|1|1|1|1|1|1|1|1,9,head_audio_pos_same_start_100hz
FC03,control,Session2,0135,data/processed/torgo_aai_features/FC03/Session2/0135.npz,180,12,1|1|1|1|1|1|1|1|1|1|1|1,,head_audio_pos_same_start_100hz
FC03,control,Session2,0136,data/processed/torgo_aai_features/FC03/Session2/0136.npz,189,12,1|1|1|1|1|1|1|1|1|1|1|1,,head_audio_pos_same_start_100hz
FC03,control,Session2,0137,data/processed/torgo_aai_features/FC03/Session2/0137.npz,251,12,1|1|1|1|1|1|1|1|1|1|1|1,,head_audio_pos_same_start_100hz
FC03,control,Session2,0138,data/processed/torgo_aai_features/FC03/Session2/0138.npz,217,12,1|1|1|1|1|1|1|1|1|1|1|1,,head_audio_pos_same_start_100hz
FC03,control,Session2,0139,data/processed/torgo_aai_features/FC03/Session2/0139.npz,176,12,1|1|1|1|1|1|1|1|1|1|1|1,,head_audio_pos_same_start_100hz
FC03,control,Session2,0140,data/processed/torgo_aai_features/FC03/Session2/0140.npz,343,12,1|1|1|1|1|1|1|1|1|1|1|1,,head_audio_pos_same_start_100hz
FC03,control,Session2,0141,data/processed/torgo_aai_features/FC03/Session2/0141.npz,427,12,1|1|1|1|1|1|1|1|1|1|1|1,,head_audio_pos_same_start_100hz
FC03,control,Session2,0142,data/processed/torgo_aai_features/FC03/Session2/0142.npz,249,12,1|1|1|1|1|1|1|1|1|1|1|1,9,head_audio_pos_same_start_100hz
FC03,control,Session2,0143,data/processed/torgo_aai_features/FC03/Session2/0143.npz,195,12,1|1|1|1|1|1|1|1|1|1|1|1,,head_audio_pos_same_start_100hz
FC03,control,Session2,0144,data/processed/torgo_aai_features/FC03/Session2/0144.npz,377,12,1|1|1|1|1|1|1|1|1|1|1|1,,head_audio_pos_same_start_100hz
FC03,control,Session2,0145,data/processed/torgo_aai_features/FC03/Session2/0145.npz,755,12,1|1|1|1|1|1|1|1|1|1|1|1,,head_audio_pos_same_start_100hz
FC03,control,Session2,0146,data/processed/torgo_aai_features/FC03/Session2/0146.npz,421,12,1|1|1|1|1|1|1|1|1|1|1|1,,head_audio_pos_same_start_100hz
FC03,control,Session2,0147,data/processed/torgo_aai_features/FC03/Session2/0147.npz,213,12,1|1|1|1|1|1|1|1|1|1|1|1,,head_audio_pos_same_start_100hz
FC03,control,Session2,0148,data/processed/torgo_aai_features/FC03/Session2/0148.npz,346,12,1|1|1|1|1|1|1|1|1|1|1|1,,head_audio_pos_same_start_100hz
FC03,control,Session2,0149,data/processed/torgo_aai_features/FC03/Session2/0149.npz,242,12,1|1|1|1|1|1|1|1|1|1|1|1,,head_audio_pos_same_start_100hz
FC03,control,Session2,0150,data/processed/torgo_aai_features/FC03/Session2/0150.npz,263,12,1|1|1|1|1|1|1|1|1|1|1|1,,head_audio_pos_same_start_100hz
FC03,control,Session2,0151,data/processed/torgo_aai_features/FC03/Session2/0151.npz,210,12,1|1|1|1|1|1|1|1|1|1|1|1,,head_audio_pos_same_start_100hz
FC03,control,Session2,0152,data/processed/torgo_aai_features/FC03/Session2/0152.npz,213,12,1|1|1|1|1|1|1|1|1|1|1|1,,head_audio_pos_same_start_100hz
FC03,control,Session2,0153,data/processed/torgo_aai_features/FC03/Session2/0153.npz,220,12,1|1|1|1|1|1|1|1|1|1|1|1,,head_audio_pos_same_start_100hz
FC03,control,Session2,0154,data/processed/torgo_aai_features/FC03/Session2/0154.npz,192,12,1|1|1|1|1|1|1|1|1|1|1|1,,head_audio_pos_same_start_100hz
FC03,control,Session2,0155,data/processed/torgo_aai_features/FC03/Session2/0155.npz,193,12,1|1|1|1|1|1|1|1|1|1|1|1,,head_audio_pos_same_start_100hz
FC03,control,Session2,0156,data/processed/torgo_aai_features/FC03/Session2/0156.npz,183,12,1|1|1|1|1|1|1|1|1|1|1|1,,head_audio_pos_same_start_100hz
FC03,control,Session2,0157,data/processed/torgo_aai_features/FC03/Session2/0157.npz,211,12,1|1|1|1|1|1|1|1|1|1|1|1,,head_audio_pos_same_start_100hz
FC03,control,Session2,0158,data/processed/torgo_aai_features/FC03/Session2/0158.npz,399,12,1|1|1|1|1|1|1|1|1|1|1|1,,head_audio_pos_same_start_100hz
FC03,control,Session2,0159,data/processed/torgo_aai_features/FC03/Session2/0159.npz,496,12,1|1|1|1|1|1|1|1|1|1|1|1,,head_audio_pos_same_start_100hz
FC03,control,Session2,0160,data/processed/torgo_aai_features/FC03/Session2/0160.npz,207,12,1|1|1|1|1|1|1|1|1|1|1|1,,head_audio_pos_same_start_100hz
FC03,control,Session2,0161,data/processed/torgo_aai_features/FC03/Session2/0161.npz,210,12,1|1|1|1|1|1|1|1|1|1|1|1,,head_audio_pos_same_start_100hz
FC03,control,Session2,0162,data/processed/torgo_aai_features/FC03/Session2/0162.npz,193,12,1|1|1|1|1|1|1|1|1|1|1|1,,head_audio_pos_same_start_100hz
FC03,control,Session2,0163,data/processed/torgo_aai_features/FC03/Session2/0163.npz,193,12,1|1|1|1|1|1|1|1|1|1|1|1,,head_audio_pos_same_start_100hz
FC03,control,Session2,0164,data/processed/torgo_aai_features/FC03/Session2/0164.npz,194,12,1|1|1|1|1|1|1|1|1|1|1|1,,head_audio_pos_same_start_100hz
FC03,control,Session2,0165,data/processed/torgo_aai_features/FC03/Session2/0165.npz,195,12,1|1|1|1|1|1|1|1|1|1|1|1,,head_audio_pos_same_start_100hz
FC03,control,Session2,0166,data/processed/torgo_aai_features/FC03/Session2/0166.npz,184,12,1|1|1|1|1|1|1|1|1|1|1|1,,head_audio_pos_same_start_100hz
FC03,control,Session2,0167,data/processed/torgo_aai_features/FC03/Session2/0167.npz,192,12,1|1|1|1|1|1|1|1|1|1|1|1,,head_audio_pos_same_start_100hz
FC03,control,Session2,0168,data/processed/torgo_aai_features/FC03/Session2/0168.npz,570,12,1|1|1|1|1|1|1|1|1|1|1|1,9,head_audio_pos_same_start_100hz
FC03,control,Session2,0169,data/processed/torgo_aai_features/FC03/Session2/0169.npz,214,12,1|1|1|1|1|1|1|1|1|1|1|1,,head_audio_pos_same_start_100hz
FC03,control,Session2,0170,data/processed/torgo_aai_features/FC03/Session2/0170.npz,245,12,1|1|1|1|1|1|1|1|1|1|1|1,,head_audio_pos_same_start_100hz
FC03,control,Session2,0171,data/processed/torgo_aai_features/FC03/Session2/0171.npz,163,12,1|1|1|1|1|1|1|1|1|1|1|1,,head_audio_pos_same_start_100hz
FC03,control,Session2,0172,data/processed/torgo_aai_features/FC03/Session2/0172.npz,387,12,1|1|1|1|1|1|1|1|1|1|1|1,,head_audio_pos_same_start_100hz
FC03,control,Session2,0173,data/processed/torgo_aai_features/FC03/Session2/0173.npz,207,12,1|1|1|1|1|1|1|1|1|1|1|1,,head_audio_pos_same_start_100hz
FC03,control,Session2,0174,data/processed/torgo_aai_features/FC03/Session2/0174.npz,188,12,1|1|1|1|1|1|1|1|1|1|1|1,,head_audio_pos_same_start_100hz
FC03,control,Session2,0175,data/processed/torgo_aai_features/FC03/Session2/0175.npz,371,12,1|1|1|1|1|1|1|1|1|1|1|1,,head_audio_pos_same_start_100hz
FC03,control,Session2,0176,data/processed/torgo_aai_features/FC03/Session2/0176.npz,177,12,1|1|1|1|1|1|1|1|1|1|1|1,,head_audio_pos_same_start_100hz
FC03,control,Session2,0177,data/processed/torgo_aai_features/FC03/Session2/0177.npz,208,12,1|1|1|1|1|1|1|1|1|1|1|1,,head_audio_pos_same_start_100hz
FC03,control,Session2,0178,data/processed/torgo_aai_features/FC03/Session2/0178.npz,325,12,1|1|1|1|1|1|1|1|1|1|1|1,,head_audio_pos_same_start_100hz
FC03,control,Session2,0179,data/processed/torgo_aai_features/FC03/Session2/0179.npz,164,12,1|1|1|1|1|1|1|1|1|1|1|1,9,head_audio_pos_same_start_100hz
FC03,control,Session2,0180,data/processed/torgo_aai_features/FC03/Session2/0180.npz,195,12,1|1|1|1|1|1|1|1|1|1|1|1,,head_audio_pos_same_start_100hz
FC03,control,Session2,0181,data/processed/torgo_aai_features/FC03/Session2/0181.npz,404,12,1|1|1|1|1|1|1|1|1|1|1|1,9,head_audio_pos_same_start_100hz
FC03,control,Session2,0182,data/processed/torgo_aai_features/FC03/Session2/0182.npz,170,12,1|1|1|1|1|1|1|1|1|1|1|1,,head_audio_pos_same_start_100hz
FC03,control,Session2,0183,data/processed/torgo_aai_features/FC03/Session2/0183.npz,181,12,1|1|1|1|1|1|1|1|1|1|1|1,,head_audio_pos_same_start_100hz
FC03,control,Session2,0184,data/processed/torgo_aai_features/FC03/Session2/0184.npz,169,12,1|1|1|1|1|1|1|1|1|1|1|1,,head_audio_pos_same_start_100hz
FC03,control,Session2,0185,data/processed/torgo_aai_features/FC03/Session2/0185.npz,176,12,1|1|1|1|1|1|1|1|1|1|1|1,,head_audio_pos_same_start_100hz
FC03,control,Session2,0186,data/processed/torgo_aai_features/FC03/Session2/0186.npz,152,12,1|1|1|1|1|1|1|1|1|1|1|1,,head_audio_pos_same_start_100hz
FC03,control,Session2,0187,data/processed/torgo_aai_features/FC03/Session2/0187.npz,300,12,1|1|1|1|1|1|1|1|1|1|1|1,,head_audio_pos_same_start_100hz
FC03,control,Session2,0188,data/processed/torgo_aai_features/FC03/Session2/0188.npz,170,12,1|1|1|1|1|1|1|1|1|1|1|1,,head_audio_pos_same_start_100hz
FC03,control,Session2,0189,data/processed/torgo_aai_features/FC03/Session2/0189.npz,168,12,1|1|1|1|1|1|1|1|1|1|1|1,,head_audio_pos_same_start_100hz
FC03,control,Session2,0190,data/processed/torgo_aai_features/FC03/Session2/0190.npz,452,12,1|1|1|1|1|1|1|1|1|1|1|1,9,head_audio_pos_same_start_100hz
FC03,control,Session2,0191,data/processed/torgo_aai_features/FC03/Session2/0191.npz,187,12,1|1|1|1|1|1|1|1|1|1|1|1,,head_audio_pos_same_start_100hz
FC03,control,Session2,0192,data/processed/torgo_aai_features/FC03/Session2/0192.npz,178,12,1|1|1|1|1|1|1|1|1|1|1|1,,head_audio_pos_same_start_100hz
FC03,control,Session2,0193,data/processed/torgo_aai_features/FC03/Session2/0193.npz,200,12,1|1|1|1|1|1|1|1|1|1|1|1,,head_audio_pos_same_start_100hz
FC03,control,Session2,0194,data/processed/torgo_aai_features/FC03/Session2/0194.npz,211,12,1|1|1|1|1|1|1|1|1|1|1|1,,head_audio_pos_same_start_100hz
FC03,control,Session2,0195,data/processed/torgo_aai_features/FC03/Session2/0195.npz,396,12,1|1|1|1|1|1|1|1|1|1|1|1,,head_audio_pos_same_start_100hz
FC03,control,Session2,0196,data/processed/torgo_aai_features/FC03/Session2/0196.npz,202,12,1|1|1|1|1|1|1|1|1|1|1|1,,head_audio_pos_same_start_100hz
FC03,control,Session2,0197,data/processed/torgo_aai_features/FC03/Session2/0197.npz,343,12,1|1|1|1|1|1|1|1|1|1|1|1,,head_audio_pos_same_start_100hz
FC03,control,Session2,0198,data/processed/torgo_aai_features/FC03/Session2/0198.npz,164,12,1|1|1|1|1|1|1|1|1|1|1|1,,head_audio_pos_same_start_100hz
FC03,control,Session2,0199,data/processed/torgo_aai_features/FC03/Session2/0199.npz,153,12,1|1|1|1|1|1|1|1|1|1|1|1,,head_audio_pos_same_start_100hz
FC03,control,Session2,0200,data/processed/torgo_aai_features/FC03/Session2/0200.npz,223,12,1|1|1|1|1|1|1|1|1|1|1|1,,head_audio_pos_same_start_100hz
FC03,control,Session2,0201,data/processed/torgo_aai_features/FC03/Session2/0201.npz,216,12,1|1|1|1|1|1|1|1|1|1|1|1,,head_audio_pos_same_start_100hz
FC03,control,Session2,0202,data/processed/torgo_aai_features/FC03/Session2/0202.npz,349,12,1|1|1|1|1|1|1|1|1|1|1|1,,head_audio_pos_same_start_100hz
FC03,control,Session2,0203,data/processed/torgo_aai_features/FC03/Session2/0203.npz,208,12,1|1|1|1|1|1|1|1|1|1|1|1,,head_audio_pos_same_start_100hz
FC03,control,Session2,0204,data/processed/torgo_aai_features/FC03/Session2/0204.npz,152,12,1|1|1|1|1|1|1|1|1|1|1|1,,head_audio_pos_same_start_100hz
FC03,control,Session2,0205,data/processed/torgo_aai_features/FC03/Session2/0205.npz,325,12,1|1|1|1|1|1|1|1|1|1|1|1,,head_audio_pos_same_start_100hz
FC03,control,Session2,0206,data/processed/torgo_aai_features/FC03/Session2/0206.npz,167,12,1|1|1|1|1|1|1|1|1|1|1|1,,head_audio_pos_same_start_100hz
FC03,control,Session2,0207,data/processed/torgo_aai_features/FC03/Session2/0207.npz,139,12,1|1|1|1|1|1|1|1|1|1|1|1,,head_audio_pos_same_start_100hz
FC03,control,Session2,0208,data/processed/torgo_aai_features/FC03/Session2/0208.npz,175,12,1|1|1|1|1|1|1|1|1|1|1|1,,head_audio_pos_same_start_100hz
FC03,control,Session2,0209,data/processed/torgo_aai_features/FC03/Session2/0209.npz,157,12,1|1|1|1|1|1|1|1|1|1|1|1,,head_audio_pos_same_start_100hz
FC03,control,Session2,0210,data/processed/torgo_aai_features/FC03/Session2/0210.npz,173,12,1|1|1|1|1|1|1|1|1|1|1|1,,head_audio_pos_same_start_100hz
FC03,control,Session2,0211,data/processed/torgo_aai_features/FC03/Session2/0211.npz,411,12,1|1|1|1|1|1|1|1|1|1|1|1,,head_audio_pos_same_start_100hz
FC03,control,Session2,0212,data/processed/torgo_aai_features/FC03/Session2/0212.npz,346,12,1|1|1|1|1|1|1|1|1|1|1|1,,head_audio_pos_same_start_100hz
FC03,control,Session2,0213,data/processed/torgo_aai_features/FC03/Session2/0213.npz,181,12,1|1|1|1|1|1|1|1|1|1|1|1,,head_audio_pos_same_start_100hz
FC03,control,Session2,0214,data/processed/torgo_aai_features/FC03/Session2/0214.npz,179,12,1|1|1|1|1|1|1|1|1|1|1|1,,head_audio_pos_same_start_100hz
FC03,control,Session2,0215,data/processed/torgo_aai_features/FC03/Session2/0215.npz,157,12,1|1|1|1|1|1|1|1|1|1|1|1,,head_audio_pos_same_start_100hz
FC03,control,Session2,0216,data/processed/torgo_aai_features/FC03/Session2/0216.npz,177,12,1|1|1|1|1|1|1|1|1|1|1|1,,head_audio_pos_same_start_100hz
FC03,control,Session2,0217,data/processed/torgo_aai_features/FC03/Session2/0217.npz,176,12,1|1|1|1|1|1|1|1|1|1|1|1,,head_audio_pos_same_start_100hz
FC03,control,Session2,0218,data/processed/torgo_aai_features/FC03/Session2/0218.npz,152,12,1|1|1|1|1|1|1|1|1|1|1|1,,head_audio_pos_same_start_100hz
FC03,control,Session2,0219,data/processed/torgo_aai_features/FC03/Session2/0219.npz,186,12,1|1|1|1|1|1|1|1|1|1|1|1,,head_audio_pos_same_start_100hz
FC03,control,Session2,0220,data/processed/torgo_aai_features/FC03/Session2/0220.npz,200,12,1|1|1|1|1|1|1|1|1|1|1|1,,head_audio_pos_same_start_100hz
FC03,control,Session2,0221,data/processed/torgo_aai_features/FC03/Session2/0221.npz,166,12,1|1|1|1|1|1|1|1|1|1|1|1,,head_audio_pos_same_start_100hz
FC03,control,Session2,0222,data/processed/torgo_aai_features/FC03/Session2/0222.npz,149,12,1|1|1|1|1|1|1|1|1|1|1|1,,head_audio_pos_same_start_100hz
FC03,control,Session2,0223,data/processed/torgo_aai_features/FC03/Session2/0223.npz,181,12,1|1|1|1|1|1|1|1|1|1|1|1,,head_audio_pos_same_start_100hz
FC03,control,Session2,0224,data/processed/torgo_aai_features/FC03/Session2/0224.npz,443,12,1|1|1|1|1|1|1|1|1|1|1|1,,head_audio_pos_same_start_100hz
FC03,control,Session2,0225,data/processed/torgo_aai_features/FC03/Session2/0225.npz,218,12,1|1|1|1|1|1|1|1|1|1|1|1,,head_audio_pos_same_start_100hz
FC03,control,Session2,0226,data/processed/torgo_aai_features/FC03/Session2/0226.npz,382,12,1|1|1|1|1|1|1|1|1|1|1|1,,head_audio_pos_same_start_100hz
FC03,control,Session2,0227,data/processed/torgo_aai_features/FC03/Session2/0227.npz,425,12,1|1|1|1|1|1|1|1|1|1|1|1,,head_audio_pos_same_start_100hz
FC03,control,Session2,0228,data/processed/torgo_aai_features/FC03/Session2/0228.npz,224,12,1|1|1|1|1|1|1|1|1|1|1|1,,head_audio_pos_same_start_100hz
FC03,control,Session2,0229,data/processed/torgo_aai_features/FC03/Session2/0229.npz,236,12,1|1|1|1|1|1|1|1|1|1|1|1,,head_audio_pos_same_start_100hz
FC03,control,Session2,0230,data/processed/torgo_aai_features/FC03/Session2/0230.npz,182,12,1|1|1|1|1|1|1|1|1|1|1|1,,head_audio_pos_same_start_100hz
FC03,control,Session2,0231,data/processed/torgo_aai_features/FC03/Session2/0231.npz,198,12,1|1|1|1|1|1|1|1|1|1|1|1,,head_audio_pos_same_start_100hz
FC03,control,Session2,0232,data/processed/torgo_aai_features/FC03/Session2/0232.npz,187,12,1|1|1|1|1|1|1|1|1|1|1|1,,head_audio_pos_same_start_100hz
FC03,control,Session2,0233,data/processed/torgo_aai_features/FC03/Session2/0233.npz,200,12,1|1|1|1|1|1|1|1|1|1|1|1,,head_audio_pos_same_start_100hz
FC03,control,Session2,0234,data/processed/torgo_aai_features/FC03/Session2/0234.npz,177,12,1|1|1|1|1|1|1|1|1|1|1|1,,head_audio_pos_same_start_100hz
FC03,control,Session2,0235,data/processed/torgo_aai_features/FC03/Session2/0235.npz,143,12,1|1|1|1|1|1|1|1|1|1|1|1,,head_audio_pos_same_start_100hz
FC03,control,Session2,0236,data/processed/torgo_aai_features/FC03/Session2/0236.npz,156,12,1|1|1|1|1|1|1|1|1|1|1|1,,head_audio_pos_same_start_100hz
FC03,control,Session2,0237,data/processed/torgo_aai_features/FC03/Session2/0237.npz,151,12,1|1|1|1|1|1|1|1|1|1|1|1,,head_audio_pos_same_start_100hz
FC03,control,Session2,0238,data/processed/torgo_aai_features/FC03/Session2/0238.npz,287,12,1|1|1|1|1|1|1|1|1|1|1|1,,head_audio_pos_same_start_100hz
FC03,control,Session2,0239,data/processed/torgo_aai_features/FC03/Session2/0239.npz,198,12,1|1|1|1|1|1|1|1|1|1|1|1,,head_audio_pos_same_start_100hz
FC03,control,Session2,0240,data/processed/torgo_aai_features/FC03/Session2/0240.npz,173,12,1|1|1|1|1|1|1|1|1|1|1|1,,head_audio_pos_same_start_100hz
FC03,control,Session2,0241,data/processed/torgo_aai_features/FC03/Session2/0241.npz,178,12,1|1|1|1|1|1|1|1|1|1|1|1,,head_audio_pos_same_start_100hz
FC03,control,Session2,0242,data/processed/torgo_aai_features/FC03/Session2/0242.npz,198,12,1|1|1|1|1|1|1|1|1|1|1|1,,head_audio_pos_same_start_100hz
FC03,control,Session2,0243,data/processed/torgo_aai_features/FC03/Session2/0243.npz,337,12,1|1|1|1|1|1|1|1|1|1|1|1,,head_audio_pos_same_start_100hz
FC03,control,Session2,0244,data/processed/torgo_aai_features/FC03/Session2/0244.npz,210,12,1|1|1|1|1|1|1|1|1|1|1|1,,head_audio_pos_same_start_100hz
FC03,control,Session2,0245,data/processed/torgo_aai_features/FC03/Session2/0245.npz,230,12,1|1|1|1|1|1|1|1|1|1|1|1,,head_audio_pos_same_start_100hz
FC03,control,Session2,0246,data/processed/torgo_aai_features/FC03/Session2/0246.npz,206,12,1|1|1|1|1|1|1|1|1|1|1|1,,head_audio_pos_same_start_100hz
FC03,control,Session2,0247,data/processed/torgo_aai_features/FC03/Session2/0247.npz,199,12,1|1|1|1|1|1|1|1|1|1|1|1,,head_audio_pos_same_start_100hz
FC03,control,Session2,0248,data/processed/torgo_aai_features/FC03/Session2/0248.npz,338,12,1|1|1|1|1|1|1|1|1|1|1|1,,head_audio_pos_same_start_100hz
FC03,control,Session2,0249,data/processed/torgo_aai_features/FC03/Session2/0249.npz,777,12,1|1|1|1|1|1|1|1|1|1|1|1,,head_audio_pos_same_start_100hz
FC03,control,Session2,0250,data/processed/torgo_aai_features/FC03/Session2/0250.npz,211,12,1|1|1|1|1|1|1|1|1|1|1|1,,head_audio_pos_same_start_100hz
FC03,control,Session2,0251,data/processed/torgo_aai_features/FC03/Session2/0251.npz,209,12,1|1|1|1|1|1|1|1|1|1|1|1,,head_audio_pos_same_start_100hz
FC03,control,Session2,0252,data/processed/torgo_aai_features/FC03/Session2/0252.npz,310,12,1|1|1|1|1|1|1|1|1|1|1|1,,head_audio_pos_same_start_100hz
FC03,control,Session2,0253,data/processed/torgo_aai_features/FC03/Session2/0253.npz,190,12,1|1|1|1|1|1|1|1|1|1|1|1,,head_audio_pos_same_start_100hz
FC03,control,Session2,0254,data/processed/torgo_aai_features/FC03/Session2/0254.npz,180,12,1|1|1|1|1|1|1|1|1|1|1|1,10,head_audio_pos_same_start_100hz
FC03,control,Session2,0255,data/processed/torgo_aai_features/FC03/Session2/0255.npz,194,12,1|1|1|1|1|1|1|1|1|1|1|1,,head_audio_pos_same_start_100hz
FC03,control,Session2,0256,data/processed/torgo_aai_features/FC03/Session2/0256.npz,162,12,1|1|1|1|1|1|1|1|1|1|1|1,,head_audio_pos_same_start_100hz
FC03,control,Session2,0257,data/processed/torgo_aai_features/FC03/Session2/0257.npz,420,12,1|1|1|1|1|1|1|1|1|1|1|1,,head_audio_pos_same_start_100hz
FC03,control,Session2,0258,data/processed/torgo_aai_features/FC03/Session2/0258.npz,159,12,1|1|1|1|1|1|1|1|1|1|1|1,,head_audio_pos_same_start_100hz
FC03,control,Session2,0259,data/processed/torgo_aai_features/FC03/Session2/0259.npz,193,12,1|1|1|1|1|1|1|1|1|1|1|1,,head_audio_pos_same_start_100hz
FC03,control,Session2,0260,data/processed/torgo_aai_features/FC03/Session2/0260.npz,461,12,1|1|1|1|1|1|1|1|1|1|1|1,,head_audio_pos_same_start_100hz
FC03,control,Session2,0261,data/processed/torgo_aai_features/FC03/Session2/0261.npz,190,12,1|1|1|1|1|1|1|1|1|1|1|1,,head_audio_pos_same_start_100hz
FC03,control,Session2,0262,data/processed/torgo_aai_features/FC03/Session2/0262.npz,219,12,1|1|1|1|1|1|1|1|1|1|1|1,,head_audio_pos_same_start_100hz
FC03,control,Session2,0263,data/processed/torgo_aai_features/FC03/Session2/0263.npz,192,12,1|1|1|1|1|1|1|1|1|1|1|1,,head_audio_pos_same_start_100hz
FC03,control,Session2,0264,data/processed/torgo_aai_features/FC03/Session2/0264.npz,177,12,1|1|1|1|1|1|1|1|1|1|1|1,,head_audio_pos_same_start_100hz
FC03,control,Session2,0265,data/processed/torgo_aai_features/FC03/Session2/0265.npz,174,12,1|1|1|1|1|1|1|1|1|1|1|1,,head_audio_pos_same_start_100hz
FC03,control,Session2,0266,data/processed/torgo_aai_features/FC03/Session2/0266.npz,191,12,1|1|1|1|1|1|1|1|1|1|1|1,,head_audio_pos_same_start_100hz
FC03,control,Session2,0267,data/processed/torgo_aai_features/FC03/Session2/0267.npz,165,12,1|1|1|1|1|1|1|1|1|1|1|1,,head_audio_pos_same_start_100hz
FC03,control,Session2,0268,data/processed/torgo_aai_features/FC03/Session2/0268.npz,169,12,1|1|1|1|1|1|1|1|1|1|1|1,,head_audio_pos_same_start_100hz
FC03,control,Session2,0269,data/processed/torgo_aai_features/FC03/Session2/0269.npz,498,12,1|1|1|1|1|1|1|1|1|1|1|1,,head_audio_pos_same_start_100hz
FC03,control,Session2,0270,data/processed/torgo_aai_features/FC03/Session2/0270.npz,174,12,1|1|1|1|1|1|1|1|1|1|1|1,,head_audio_pos_same_start_100hz
FC03,control,Session2,0271,data/processed/torgo_aai_features/FC03/Session2/0271.npz,366,12,1|1|1|1|1|1|1|1|1|1|1|1,,head_audio_pos_same_start_100hz
FC03,control,Session2,0272,data/processed/torgo_aai_features/FC03/Session2/0272.npz,189,12,1|1|1|1|1|1|1|1|1|1|1|1,,head_audio_pos_same_start_100hz
FC03,control,Session2,0273,data/processed/torgo_aai_features/FC03/Session2/0273.npz,170,12,1|1|1|1|1|1|1|1|1|1|1|1,,head_audio_pos_same_start_100hz
FC03,control,Session2,0274,data/processed/torgo_aai_features/FC03/Session2/0274.npz,370,12,1|1|1|1|1|1|1|1|1|1|1|1,,head_audio_pos_same_start_100hz
FC03,control,Session2,0275,data/processed/torgo_aai_features/FC03/Session2/0275.npz,188,12,1|1|1|1|1|1|1|1|1|1|1|1,,head_audio_pos_same_start_100hz
FC03,control,Session2,0276,data/processed/torgo_aai_features/FC03/Session2/0276.npz,243,12,1|1|1|1|1|1|1|1|1|1|1|1,,head_audio_pos_same_start_100hz
FC03,control,Session2,0277,data/processed/torgo_aai_features/FC03/Session2/0277.npz,335,12,1|1|1|1|1|1|1|1|1|1|1|1,,head_audio_pos_same_start_100hz
FC03,control,Session2,0278,data/processed/torgo_aai_features/FC03/Session2/0278.npz,180,12,1|1|1|1|1|1|1|1|1|1|1|1,,head_audio_pos_same_start_100hz
FC03,control,Session2,0279,data/processed/torgo_aai_features/FC03/Session2/0279.npz,187,12,1|1|1|1|1|1|1|1|1|1|1|1,,head_audio_pos_same_start_100hz
FC03,control,Session2,0280,data/processed/torgo_aai_features/FC03/Session2/0280.npz,204,12,1|1|1|1|1|1|1|1|1|1|1|1,,head_audio_pos_same_start_100hz
FC03,control,Session2,0281,data/processed/torgo_aai_features/FC03/Session2/0281.npz,196,12,1|1|1|1|1|1|1|1|1|1|1|1,,head_audio_pos_same_start_100hz
FC03,control,Session2,0282,data/processed/torgo_aai_features/FC03/Session2/0282.npz,175,12,1|1|1|1|1|1|1|1|1|1|1|1,,head_audio_pos_same_start_100hz
FC03,control,Session2,0283,data/processed/torgo_aai_features/FC03/Session2/0283.npz,171,12,1|1|1|1|1|1|1|1|1|1|1|1,,head_audio_pos_same_start_100hz
FC03,control,Session2,0284,data/processed/torgo_aai_features/FC03/Session2/0284.npz,218,12,1|1|1|1|1|1|1|1|1|1|1|1,,head_audio_pos_same_start_100hz
FC03,control,Session2,0285,data/processed/torgo_aai_features/FC03/Session2/0285.npz,366,12,1|1|1|1|1|1|1|1|1|1|1|1,,head_audio_pos_same_start_100hz
FC03,control,Session2,0286,data/processed/torgo_aai_features/FC03/Session2/0286.npz,193,12,1|1|1|1|1|1|1|1|1|1|1|1,,head_audio_pos_same_start_100hz
FC03,control,Session2,0287,data/processed/torgo_aai_features/FC03/Session2/0287.npz,595,12,1|1|1|1|1|1|1|1|1|1|1|1,,head_audio_pos_same_start_100hz
FC03,control,Session2,0288,data/processed/torgo_aai_features/FC03/Session2/0288.npz,175,12,1|1|1|1|1|1|1|1|1|1|1|1,,head_audio_pos_same_start_100hz
FC03,control,Session2,0289,data/processed/torgo_aai_features/FC03/Session2/0289.npz,344,12,1|1|1|1|1|1|1|1|1|1|1|1,,head_audio_pos_same_start_100hz
FC03,control,Session2,0290,data/processed/torgo_aai_features/FC03/Session2/0290.npz,344,12,1|1|1|1|1|1|1|1|1|1|1|1,,head_audio_pos_same_start_100hz
FC03,control,Session2,0291,data/processed/torgo_aai_features/FC03/Session2/0291.npz,182,12,1|1|1|1|1|1|1|1|1|1|1|1,,head_audio_pos_same_start_100hz
FC03,control,Session2,0292,data/processed/torgo_aai_features/FC03/Session2/0292.npz,326,12,1|1|1|1|1|1|1|1|1|1|1|1,,head_audio_pos_same_start_100hz
FC03,control,Session2,0293,data/processed/torgo_aai_features/FC03/Session2/0293.npz,389,12,1|1|1|1|1|1|1|1|1|1|1|1,,head_audio_pos_same_start_100hz
FC03,control,Session2,0294,data/processed/torgo_aai_features/FC03/Session2/0294.npz,208,12,1|1|1|1|1|1|1|1|1|1|1|1,,head_audio_pos_same_start_100hz
FC03,control,Session2,0295,data/processed/torgo_aai_features/FC03/Session2/0295.npz,193,12,1|1|1|1|1|1|1|1|1|1|1|1,,head_audio_pos_same_start_100hz
FC03,control,Session2,0296,data/processed/torgo_aai_features/FC03/Session2/0296.npz,724,12,1|1|1|1|1|1|1|1|1|1|1|1,9,head_audio_pos_same_start_100hz
FC03,control,Session2,0297,data/processed/torgo_aai_features/FC03/Session2/0297.npz,184,12,1|1|1|1|1|1|1|1|1|1|1|1,,head_audio_pos_same_start_100hz
FC03,control,Session2,0298,data/processed/torgo_aai_features/FC03/Session2/0298.npz,182,12,1|1|1|1|1|1|1|1|1|1|1|1,,head_audio_pos_same_start_100hz
FC03,control,Session2,0299,data/processed/torgo_aai_features/FC03/Session2/0299.npz,177,12,1|1|1|1|1|1|1|1|1|1|1|1,,head_audio_pos_same_start_100hz
FC03,control,Session2,0300,data/processed/torgo_aai_features/FC03/Session2/0300.npz,160,12,1|1|1|1|1|1|1|1|1|1|1|1,,head_audio_pos_same_start_100hz
FC03,control,Session2,0301,data/processed/torgo_aai_features/FC03/Session2/0301.npz,157,12,1|1|1|1|1|1|1|1|1|1|1|1,,head_audio_pos_same_start_100hz
FC03,control,Session2,0302,data/processed/torgo_aai_features/FC03/Session2/0302.npz,384,12,1|1|1|1|1|1|1|1|1|1|1|1,9,head_audio_pos_same_start_100hz
FC03,control,Session2,0303,data/processed/torgo_aai_features/FC03/Session2/0303.npz,449,12,1|1|1|1|1|1|1|1|1|1|1|1,9,head_audio_pos_same_start_100hz
FC03,control,Session2,0304,data/processed/torgo_aai_features/FC03/Session2/0304.npz,412,12,1|1|1|1|1|1|1|1|1|1|1|1,,head_audio_pos_same_start_100hz
FC03,control,Session2,0305,data/processed/torgo_aai_features/FC03/Session2/0305.npz,210,12,1|1|1|1|1|1|1|1|1|1|1|1,,head_audio_pos_same_start_100hz
FC03,control,Session2,0306,data/processed/torgo_aai_features/FC03/Session2/0306.npz,402,12,1|1|1|1|1|1|1|1|1|1|1|1,,head_audio_pos_same_start_100hz
FC03,control,Session2,0307,data/processed/torgo_aai_features/FC03/Session2/0307.npz,201,12,1|1|1|1|1|1|1|1|1|1|1|1,,head_audio_pos_same_start_100hz
FC03,control,Session2,0308,data/processed/torgo_aai_features/FC03/Session2/0308.npz,197,12,1|1|1|1|1|1|1|1|1|1|1|1,,head_audio_pos_same_start_100hz
FC03,control,Session2,0309,data/processed/torgo_aai_features/FC03/Session2/0309.npz,197,12,1|1|1|1|1|1|1|1|1|1|1|1,,head_audio_pos_same_start_100hz
FC03,control,Session2,0310,data/processed/torgo_aai_features/FC03/Session2/0310.npz,203,12,1|1|1|1|1|1|1|1|1|1|1|1,,head_audio_pos_same_start_100hz
FC03,control,Session2,0311,data/processed/torgo_aai_features/FC03/Session2/0311.npz,200,12,1|1|1|1|1|1|1|1|1|1|1|1,,head_audio_pos_same_start_100hz
FC03,control,Session2,0312,data/processed/torgo_aai_features/FC03/Session2/0312.npz,337,12,1|1|1|1|1|1|1|1|1|1|1|1,9,head_audio_pos_same_start_100hz
FC03,control,Session2,0313,data/processed/torgo_aai_features/FC03/Session2/0313.npz,329,12,1|1|1|1|1|1|1|1|1|1|1|1,,head_audio_pos_same_start_100hz
FC03,control,Session2,0314,data/processed/torgo_aai_features/FC03/Session2/0314.npz,176,12,1|1|1|1|1|1|1|1|1|1|1|1,9,head_audio_pos_same_start_100hz
FC03,control,Session2,0315,data/processed/torgo_aai_features/FC03/Session2/0315.npz,170,12,1|1|1|1|1|1|1|1|1|1|1|1,,head_audio_pos_same_start_100hz
FC03,control,Session2,0316,data/processed/torgo_aai_features/FC03/Session2/0316.npz,157,12,1|1|1|1|1|1|1|1|1|1|1|1,,head_audio_pos_same_start_100hz
FC03,control,Session2,0317,data/processed/torgo_aai_features/FC03/Session2/0317.npz,179,12,1|1|1|1|1|1|1|1|1|1|1|1,,head_audio_pos_same_start_100hz
FC03,control,Session2,0318,data/processed/torgo_aai_features/FC03/Session2/0318.npz,161,12,1|1|1|1|1|1|1|1|1|1|1|1,,head_audio_pos_same_start_100hz
FC03,control,Session2,0319,data/processed/torgo_aai_features/FC03/Session2/0319.npz,219,12,1|1|1|1|1|1|1|1|1|1|1|1,,head_audio_pos_same_start_100hz
FC03,control,Session2,0320,data/processed/torgo_aai_features/FC03/Session2/0320.npz,535,12,1|1|1|1|1|1|1|1|1|1|1|1,,head_audio_pos_same_start_100hz
FC03,control,Session2,0321,data/processed/torgo_aai_features/FC03/Session2/0321.npz,373,12,1|1|1|1|1|1|1|1|1|1|1|1,,head_audio_pos_same_start_100hz
FC03,control,Session2,0322,data/processed/torgo_aai_features/FC03/Session2/0322.npz,186,12,1|1|1|1|1|1|1|1|1|1|1|1,,head_audio_pos_same_start_100hz
FC03,control,Session2,0323,data/processed/torgo_aai_features/FC03/Session2/0323.npz,400,12,1|1|1|1|1|1|1|1|1|1|1|1,,head_audio_pos_same_start_100hz
FC03,control,Session2,0324,data/processed/torgo_aai_features/FC03/Session2/0324.npz,166,12,1|1|1|1|1|1|1|1|1|1|1|1,,head_audio_pos_same_start_100hz
FC03,control,Session2,0325,data/processed/torgo_aai_features/FC03/Session2/0325.npz,153,12,1|1|1|1|1|1|1|1|1|1|1|1,,head_audio_pos_same_start_100hz
FC03,control,Session2,0326,data/processed/torgo_aai_features/FC03/Session2/0326.npz,160,12,1|1|1|1|1|1|1|1|1|1|1|1,,head_audio_pos_same_start_100hz
FC03,control,Session2,0327,data/processed/torgo_aai_features/FC03/Session2/0327.npz,383,12,1|1|1|1|1|1|1|1|1|1|1|1,9,head_audio_pos_same_start_100hz
FC03,control,Session2,0328,data/processed/torgo_aai_features/FC03/Session2/0328.npz,395,12,1|1|1|1|1|1|1|1|1|1|1|1,,head_audio_pos_same_start_100hz
FC03,control,Session2,0329,data/processed/torgo_aai_features/FC03/Session2/0329.npz,166,12,1|1|1|1|1|1|1|1|1|1|1|1,,head_audio_pos_same_start_100hz
FC03,control,Session2,0330,data/processed/torgo_aai_features/FC03/Session2/0330.npz,250,12,1|1|1|1|1|1|1|1|1|1|1|1,,head_audio_pos_same_start_100hz
FC03,control,Session2,0331,data/processed/torgo_aai_features/FC03/Session2/0331.npz,434,12,1|1|1|1|1|1|1|1|1|1|1|1,,head_audio_pos_same_start_100hz
FC03,control,Session2,0332,data/processed/torgo_aai_features/FC03/Session2/0332.npz,194,12,1|1|1|1|1|1|1|1|1|1|1|1,,head_audio_pos_same_start_100hz
FC03,control,Session2,0333,data/processed/torgo_aai_features/FC03/Session2/0333.npz,151,12,1|1|1|1|1|1|1|1|1|1|1|1,,head_audio_pos_same_start_100hz
FC03,control,Session2,0334,data/processed/torgo_aai_features/FC03/Session2/0334.npz,186,12,1|1|1|1|1|1|1|1|1|1|1|1,,head_audio_pos_same_start_100hz
FC03,control,Session2,0335,data/processed/torgo_aai_features/FC03/Session2/0335.npz,154,12,1|1|1|1|1|1|1|1|1|1|1|1,,head_audio_pos_same_start_100hz
FC03,control,Session2,0336,data/processed/torgo_aai_features/FC03/Session2/0336.npz,172,12,1|1|1|1|1|1|1|1|1|1|1|1,,head_audio_pos_same_start_100hz
FC03,control,Session2,0337,data/processed/torgo_aai_features/FC03/Session2/0337.npz,151,12,1|1|1|1|1|1|1|1|1|1|1|1,,head_audio_pos_same_start_100hz
FC03,control,Session2,0338,data/processed/torgo_aai_features/FC03/Session2/0338.npz,159,12,1|1|1|1|1|1|1|1|1|1|1|1,,head_audio_pos_same_start_100hz
FC03,control,Session2,0339,data/processed/torgo_aai_features/FC03/Session2/0339.npz,179,12,1|1|1|1|1|1|1|1|1|1|1|1,,head_audio_pos_same_start_100hz
FC03,control,Session2,0340,data/processed/torgo_aai_features/FC03/Session2/0340.npz,169,12,1|1|1|1|1|1|1|1|1|1|1|1,,head_audio_pos_same_start_100hz
FC03,control,Session2,0341,data/processed/torgo_aai_features/FC03/Session2/0341.npz,150,12,1|1|1|1|1|1|1|1|1|1|1|1,,head_audio_pos_same_start_100hz
FC03,control,Session2,0342,data/processed/torgo_aai_features/FC03/Session2/0342.npz,152,12,1|1|1|1|1|1|1|1|1|1|1|1,,head_audio_pos_same_start_100hz
FC03,control,Session2,0343,data/processed/torgo_aai_features/FC03/Session2/0343.npz,163,12,1|1|1|1|1|1|1|1|1|1|1|1,,head_audio_pos_same_start_100hz
FC03,control,Session2,0344,data/processed/torgo_aai_features/FC03/Session2/0344.npz,161,12,1|1|1|1|1|1|1|1|1|1|1|1,,head_audio_pos_same_start_100hz
FC03,control,Session2,0345,data/processed/torgo_aai_features/FC03/Session2/0345.npz,371,12,1|1|1|1|1|1|1|1|1|1|1|1,,head_audio_pos_same_start_100hz
FC03,control,Session2,0346,data/processed/torgo_aai_features/FC03/Session2/0346.npz,451,12,1|1|1|1|1|1|1|1|1|1|1|1,,head_audio_pos_same_start_100hz
FC03,control,Session2,0347,data/processed/torgo_aai_features/FC03/Session2/0347.npz,171,12,1|1|1|1|1|1|1|1|1|1|1|1,,head_audio_pos_same_start_100hz
FC03,control,Session2,0348,data/processed/torgo_aai_features/FC03/Session2/0348.npz,183,12,1|1|1|1|1|1|1|1|1|1|1|1,,head_audio_pos_same_start_100hz
FC03,control,Session2,0349,data/processed/torgo_aai_features/FC03/Session2/0349.npz,156,12,1|1|1|1|1|1|1|1|1|1|1|1,,head_audio_pos_same_start_100hz
FC03,control,Session2,0350,data/processed/torgo_aai_features/FC03/Session2/0350.npz,140,12,1|1|1|1|1|1|1|1|1|1|1|1,,head_audio_pos_same_start_100hz
FC03,control,Session2,0351,data/processed/torgo_aai_features/FC03/Session2/0351.npz,193,12,1|1|1|1|1|1|1|1|1|1|1|1,,head_audio_pos_same_start_100hz
FC03,control,Session2,0352,data/processed/torgo_aai_features/FC03/Session2/0352.npz,589,12,1|1|1|1|1|1|1|1|1|1|1|1,,head_audio_pos_same_start_100hz
FC03,control,Session2,0353,data/processed/torgo_aai_features/FC03/Session2/0353.npz,206,12,1|1|1|1|1|1|1|1|1|1|1|1,,head_audio_pos_same_start_100hz
FC03,control,Session2,0354,data/processed/torgo_aai_features/FC03/Session2/0354.npz,198,12,1|1|1|1|1|1|1|1|1|1|1|1,,head_audio_pos_same_start_100hz
FC03,control,Session2,0355,data/processed/torgo_aai_features/FC03/Session2/0355.npz,199,12,1|1|1|1|1|1|1|1|1|1|1|1,,head_audio_pos_same_start_100hz
FC03,control,Session2,0356,data/processed/torgo_aai_features/FC03/Session2/0356.npz,158,12,1|1|1|1|1|1|1|1|1|1|1|1,,head_audio_pos_same_start_100hz
FC03,control,Session2,0357,data/processed/torgo_aai_features/FC03/Session2/0357.npz,270,12,1|1|1|1|1|1|1|1|1|1|1|1,,head_audio_pos_same_start_100hz
FC03,control,Session2,0358,data/processed/torgo_aai_features/FC03/Session2/0358.npz,184,12,1|1|1|1|1|1|1|1|1|1|1|1,,head_audio_pos_same_start_100hz
FC03,control,Session2,0359,data/processed/torgo_aai_features/FC03/Session2/0359.npz,171,12,1|1|1|1|1|1|1|1|1|1|1|1,,head_audio_pos_same_start_100hz
FC03,control,Session2,0360,data/processed/torgo_aai_features/FC03/Session2/0360.npz,177,12,1|1|1|1|1|1|1|1|1|1|1|1,,head_audio_pos_same_start_100hz
FC03,control,Session2,0361,data/processed/torgo_aai_features/FC03/Session2/0361.npz,345,12,1|1|1|1|1|1|1|1|1|1|1|1,,head_audio_pos_same_start_100hz
FC03,control,Session2,0362,data/processed/torgo_aai_features/FC03/Session2/0362.npz,348,12,1|1|1|1|1|1|1|1|1|1|1|1,,head_audio_pos_same_start_100hz
FC03,control,Session2,0363,data/processed/torgo_aai_features/FC03/Session2/0363.npz,197,12,1|1|1|1|1|1|1|1|1|1|1|1,,head_audio_pos_same_start_100hz
FC03,control,Session2,0364,data/processed/torgo_aai_features/FC03/Session2/0364.npz,200,12,1|1|1|1|1|1|1|1|1|1|1|1,,head_audio_pos_same_start_100hz
FC03,control,Session2,0365,data/processed/torgo_aai_features/FC03/Session2/0365.npz,146,12,1|1|1|1|1|1|1|1|1|1|1|1,,head_audio_pos_same_start_100hz
FC03,control,Session2,0366,data/processed/torgo_aai_features/FC03/Session2/0366.npz,203,12,1|1|1|1|1|1|1|1|1|1|1|1,,head_audio_pos_same_start_100hz
FC03,control,Session2,0367,data/processed/torgo_aai_features/FC03/Session2/0367.npz,309,12,1|1|1|1|1|1|1|1|1|1|1|1,,head_audio_pos_same_start_100hz
FC03,control,Session2,0368,data/processed/torgo_aai_features/FC03/Session2/0368.npz,191,12,1|1|1|1|1|1|1|1|1|1|1|1,,head_audio_pos_same_start_100hz
FC03,control,Session2,0369,data/processed/torgo_aai_features/FC03/Session2/0369.npz,188,12,1|1|1|1|1|1|1|1|1|1|1|1,,head_audio_pos_same_start_100hz
FC03,control,Session2,0370,data/processed/torgo_aai_features/FC03/Session2/0370.npz,211,12,1|1|1|1|1|1|1|1|1|1|1|1,,head_audio_pos_same_start_100hz
FC03,control,Session2,0371,data/processed/torgo_aai_features/FC03/Session2/0371.npz,176,12,1|1|1|1|1|1|1|1|1|1|1|1,,head_audio_pos_same_start_100hz
FC03,control,Session2,0372,data/processed/torgo_aai_features/FC03/Session2/0372.npz,270,12,1|1|1|1|1|1|1|1|1|1|1|1,,head_audio_pos_same_start_100hz
FC03,control,Session2,0373,data/processed/torgo_aai_features/FC03/Session2/0373.npz,488,12,1|1|1|1|1|1|1|1|1|1|1|1,,head_audio_pos_same_start_100hz
FC03,control,Session2,0374,data/processed/torgo_aai_features/FC03/Session2/0374.npz,470,12,1|1|1|1|1|1|1|1|1|1|1|1,,head_audio_pos_same_start_100hz
FC03,control,Session2,0375,data/processed/torgo_aai_features/FC03/Session2/0375.npz,258,12,1|1|1|1|1|1|1|1|1|1|1|1,,head_audio_pos_same_start_100hz
FC03,control,Session2,0376,data/processed/torgo_aai_features/FC03/Session2/0376.npz,229,12,1|1|1|1|1|1|1|1|1|1|1|1,,head_audio_pos_same_start_100hz
FC03,control,Session2,0377,data/processed/torgo_aai_features/FC03/Session2/0377.npz,414,12,1|1|1|1|1|1|1|1|1|1|1|1,,head_audio_pos_same_start_100hz
FC03,control,Session2,0378,data/processed/torgo_aai_features/FC03/Session2/0378.npz,508,12,1|1|1|1|1|1|1|1|1|1|1|1,,head_audio_pos_same_start_100hz
FC03,control,Session2,0379,data/processed/torgo_aai_features/FC03/Session2/0379.npz,417,12,1|1|1|1|1|1|1|1|1|1|1|1,,head_audio_pos_same_start_100hz
FC03,control,Session2,0380,data/processed/torgo_aai_features/FC03/Session2/0380.npz,191,12,1|1|1|1|1|1|1|1|1|1|1|1,,head_audio_pos_same_start_100hz
FC03,control,Session2,0381,data/processed/torgo_aai_features/FC03/Session2/0381.npz,175,12,1|1|1|1|1|1|1|1|1|1|1|1,,head_audio_pos_same_start_100hz
FC03,control,Session2,0382,data/processed/torgo_aai_features/FC03/Session2/0382.npz,331,12,1|1|1|1|1|1|1|1|1|1|1|1,,head_audio_pos_same_start_100hz
FC03,control,Session2,0383,data/processed/torgo_aai_features/FC03/Session2/0383.npz,170,12,1|1|1|1|1|1|1|1|1|1|1|1,,head_audio_pos_same_start_100hz
FC03,control,Session2,0384,data/processed/torgo_aai_features/FC03/Session2/0384.npz,165,12,1|1|1|1|1|1|1|1|1|1|1|1,,head_audio_pos_same_start_100hz
FC03,control,Session2,0385,data/processed/torgo_aai_features/FC03/Session2/0385.npz,248,12,1|1|1|1|1|1|1|1|1|1|1|1,,head_audio_pos_same_start_100hz
FC03,control,Session2,0386,data/processed/torgo_aai_features/FC03/Session2/0386.npz,184,12,1|1|1|1|1|1|1|1|1|1|1|1,,head_audio_pos_same_start_100hz
FC03,control,Session2,0387,data/processed/torgo_aai_features/FC03/Session2/0387.npz,169,12,1|1|1|1|1|1|1|1|1|1|1|1,,head_audio_pos_same_start_100hz
FC03,control,Session2,0388,data/processed/torgo_aai_features/FC03/Session2/0388.npz,208,12,1|1|1|1|1|1|1|1|1|1|1|1,,head_audio_pos_same_start_100hz
FC03,control,Session2,0389,data/processed/torgo_aai_features/FC03/Session2/0389.npz,205,12,1|1|1|1|1|1|1|1|1|1|1|1,,head_audio_pos_same_start_100hz
FC03,control,Session2,0390,data/processed/torgo_aai_features/FC03/Session2/0390.npz,206,12,1|1|1|1|1|1|1|1|1|1|1|1,,head_audio_pos_same_start_100hz
M01,dysarthric,Session1,0001,data/processed/torgo_aai_features/M01/Session1/0001.npz,952,12,1|1|1|1|1|1|1|1|1|1|1|1,10,head_audio_pos_same_start_100hz
M01,dysarthric,Session1,0002,data/processed/torgo_aai_features/M01/Session1/0002.npz,742,12,1|1|1|1|1|1|1|1|1|1|1|1,,head_audio_pos_same_start_100hz
M01,dysarthric,Session1,0003,data/processed/torgo_aai_features/M01/Session1/0003.npz,789,12,1|1|1|1|1|1|1|1|1|1|1|1,,head_audio_pos_same_start_100hz
M01,dysarthric,Session1,0004,data/processed/torgo_aai_features/M01/Session1/0004.npz,658,12,1|1|1|1|1|1|1|1|1|1|1|1,,head_audio_pos_same_start_100hz
M01,dysarthric,Session1,0005,data/processed/torgo_aai_features/M01/Session1/0005.npz,1208,12,1|1|1|1|1|1|1|1|1|1|1|1,,head_audio_pos_same_start_100hz
M01,dysarthric,Session1,0006,data/processed/torgo_aai_features/M01/Session1/0006.npz,286,12,1|1|1|1|1|1|1|1|1|1|1|1,10,head_audio_pos_same_start_100hz
M01,dysarthric,Session1,0007,data/processed/torgo_aai_features/M01/Session1/0007.npz,262,12,1|1|1|1|1|1|1|1|1|1|1|1,,head_audio_pos_same_start_100hz
M01,dysarthric,Session1,0008,data/processed/torgo_aai_features/M01/Session1/0008.npz,406,10,1|1|1|1|1|0|1|1|1|1|1|0,1,head_audio_pos_same_start_100hz
M01,dysarthric,Session1,0009,data/processed/torgo_aai_features/M01/Session1/0009.npz,854,12,1|1|1|1|1|1|1|1|1|1|1|1,,head_audio_pos_same_start_100hz
M01,dysarthric,Session1,0010,data/processed/torgo_aai_features/M01/Session1/0010.npz,386,12,1|1|1|1|1|1|1|1|1|1|1|1,,head_audio_pos_same_start_100hz
M01,dysarthric,Session1,0011,data/processed/torgo_aai_features/M01/Session1/0011.npz,946,10,1|1|1|1|1|0|1|1|1|1|1|0,1,head_audio_pos_same_start_100hz
M01,dysarthric,Session1,0012,data/processed/torgo_aai_features/M01/Session1/0012.npz,1023,12,1|1|1|1|1|1|1|1|1|1|1|1,9,head_audio_pos_same_start_100hz
M01,dysarthric,Session1,0013,data/processed/torgo_aai_features/M01/Session1/0013.npz,792,8,1|0|1|1|0|1|1|0|1|1|0|1,2|6,head_audio_pos_same_start_100hz
M01,dysarthric,Session1,0014,data/processed/torgo_aai_features/M01/Session1/0014.npz,276,8,1|0|1|1|0|1|1|0|1|1|0|1,2|6,head_audio_pos_same_start_100hz
M01,dysarthric,Session1,0015,data/processed/torgo_aai_features/M01/Session1/0015.npz,379,8,1|0|1|1|0|1|1|0|1|1|0|1,2|6,head_audio_pos_same_start_100hz
M01,dysarthric,Session1,0016,data/processed/torgo_aai_features/M01/Session1/0016.npz,354,8,1|0|1|1|0|1|1|0|1|1|0|1,2|6,head_audio_pos_same_start_100hz
M01,dysarthric,Session1,0017,data/processed/torgo_aai_features/M01/Session1/0017.npz,295,8,1|0|1|1|0|1|1|0|1|1|0|1,2|6,head_audio_pos_same_start_100hz
M01,dysarthric,Session1,0018,data/processed/torgo_aai_features/M01/Session1/0018.npz,909,8,1|0|1|1|0|1|1|0|1|1|0|1,2|6,head_audio_pos_same_start_100hz
M01,dysarthric,Session1,0019,data/processed/torgo_aai_features/M01/Session1/0019.npz,1239,8,1|0|1|1|0|1|1|0|1|1|0|1,2|6,head_audio_pos_same_start_100hz
M01,dysarthric,Session1,0020,data/processed/torgo_aai_features/M01/Session1/0020.npz,351,10,1|1|1|1|0|1|1|1|1|1|0|1,2,head_audio_pos_same_start_100hz
M01,dysarthric,Session1,0021,data/processed/torgo_aai_features/M01/Session1/0021.npz,369,10,1|1|1|1|0|1|1|1|1|1|0|1,2,head_audio_pos_same_start_100hz
M01,dysarthric,Session1,0022,data/processed/torgo_aai_features/M01/Session1/0022.npz,340,10,1|1|1|1|0|1|1|1|1|1|0|1,2,head_audio_pos_same_start_100hz
M01,dysarthric,Session1,0023,data/processed/torgo_aai_features/M01/Session1/0023.npz,530,10,1|1|1|1|0|1|1|1|1|1|0|1,2,head_audio_pos_same_start_100hz
M01,dysarthric,Session1,0024,data/processed/torgo_aai_features/M01/Session1/0024.npz,322,10,1|1|1|1|0|1|1|1|1|1|0|1,2|10,head_audio_pos_same_start_100hz
M01,dysarthric,Session1,0025,data/processed/torgo_aai_features/M01/Session1/0025.npz,313,10,1|1|1|1|0|1|1|1|1|1|0|1,2,head_audio_pos_same_start_100hz
M01,dysarthric,Session1,0026,data/processed/torgo_aai_features/M01/Session1/0026.npz,944,0,0|0|0|0|0|0|0|0|0|0|0|0,1|2|3|4|6|7|8|9|10,head_audio_pos_same_start_100hz
M01,dysarthric,Session1,0027,data/processed/torgo_aai_features/M01/Session1/0027.npz,438,12,1|1|1|1|1|1|1|1|1|1|1|1,,head_audio_pos_same_start_100hz
M01,dysarthric,Session1,0028,data/processed/torgo_aai_features/M01/Session1/0028.npz,485,12,1|1|1|1|1|1|1|1|1|1|1|1,10,head_audio_pos_same_start_100hz
M01,dysarthric,Session1,0029,data/processed/torgo_aai_features/M01/Session1/0029.npz,289,0,0|0|0|0|0|0|0|0|0|0|0|0,1|2|3|4|5|6|7|8|9|10|11,head_audio_pos_same_start_100hz
M01,dysarthric,Session1,0030,data/processed/torgo_aai_features/M01/Session1/0030.npz,383,6,1|1|1|0|0|0|1|1|1|0|0|0,1|2|3,head_audio_pos_same_start_100hz
M01,dysarthric,Session1,0031,data/processed/torgo_aai_features/M01/Session1/0031.npz,284,8,1|1|1|1|0|0|1|1|1|1|0|0,1|2,head_audio_pos_same_start_100hz
M01,dysarthric,Session1,0032,data/processed/torgo_aai_features/M01/Session1/0032.npz,405,0,0|0|0|0|0|0|0|0|0|0|0|0,1|2|3|4|6|7|8|9|10,head_audio_pos_same_start_100hz
M01,dysarthric,Session1,0033,data/processed/torgo_aai_features/M01/Session1/0033.npz,353,8,1|1|1|1|0|0|1|1|1|1|0|0,1|2,head_audio_pos_same_start_100hz
M01,dysarthric,Session1,0034,data/processed/torgo_aai_features/M01/Session1/0034.npz,343,8,1|1|1|1|0|0|1|1|1|1|0|0,1|2,head_audio_pos_same_start_100hz
M01,dysarthric,Session1,0035,data/processed/torgo_aai_features/M01/Session1/0035.npz,341,0,0|0|0|0|0|0|0|0|0|0|0|0,1|2|3|4|6|7|8|9|10,head_audio_pos_same_start_100hz
M01,dysarthric,Session1,0036,data/processed/torgo_aai_features/M01/Session1/0036.npz,330,8,1|1|1|1|0|0|1|1|1|1|0|0,1|2|10,head_audio_pos_same_start_100hz
M01,dysarthric,Session1,0037,data/processed/torgo_aai_features/M01/Session1/0037.npz,383,8,1|1|1|1|0|0|1|1|1|1|0|0,1|2|10,head_audio_pos_same_start_100hz
M01,dysarthric,Session1,0038,data/processed/torgo_aai_features/M01/Session1/0038.npz,472,6,1|1|1|0|0|0|1|1|1|0|0|0,1|2|3|9,head_audio_pos_same_start_100hz
M01,dysarthric,Session1,0039,data/processed/torgo_aai_features/M01/Session1/0039.npz,377,6,1|1|1|0|0|0|1|1|1|0|0|0,1|2|3,head_audio_pos_same_start_100hz
M01,dysarthric,Session1,0040,data/processed/torgo_aai_features/M01/Session1/0040.npz,761,0,0|0|0|0|0|0|0|0|0|0|0|0,1|2|3|4|6|7|8|9|10|11,head_audio_pos_same_start_100hz
M01,dysarthric,Session1,0041,data/processed/torgo_aai_features/M01/Session1/0041.npz,717,8,1|1|1|1|0|0|1|1|1|1|0|0,1|2,head_audio_pos_same_start_100hz
M01,dysarthric,Session1,0042,data/processed/torgo_aai_features/M01/Session1/0042.npz,1029,0,0|0|0|0|0|0|0|0|0|0|0|0,1|2|3|4|6|7|8|9|10,head_audio_pos_same_start_100hz
M01,dysarthric,Session1,0043,data/processed/torgo_aai_features/M01/Session1/0043.npz,684,10,1|1|1|1|0|1|1|1|1|1|0|1,2|10,head_audio_pos_same_start_100hz
M01,dysarthric,Session1,0044,data/processed/torgo_aai_features/M01/Session1/0044.npz,906,6,1|1|1|0|0|0|1|1|1|0|0|0,1|2|3,head_audio_pos_same_start_100hz
M01,dysarthric,Session1,0045,data/processed/torgo_aai_features/M01/Session1/0045.npz,415,8,1|0|1|1|0|1|1|0|1|1|0|1,2|6,head_audio_pos_same_start_100hz
M01,dysarthric,Session1,0046,data/processed/torgo_aai_features/M01/Session1/0046.npz,399,10,1|1|1|1|0|1|1|1|1|1|0|1,2,head_audio_pos_same_start_100hz
M01,dysarthric,Session1,0047,data/processed/torgo_aai_features/M01/Session1/0047.npz,289,10,1|1|1|1|0|1|1|1|1|1|0|1,2,head_audio_pos_same_start_100hz
M01,dysarthric,Session1,0048,data/processed/torgo_aai_features/M01/Session1/0048.npz,375,10,1|1|1|1|0|1|1|1|1|1|0|1,2,head_audio_pos_same_start_100hz
M01,dysarthric,Session1,0049,data/processed/torgo_aai_features/M01/Session1/0049.npz,337,10,1|1|1|1|0|1|1|1|1|1|0|1,2,head_audio_pos_same_start_100hz
M01,dysarthric,Session1,0050,data/processed/torgo_aai_features/M01/Session1/0050.npz,394,10,1|0|1|1|1|1|1|0|1|1|1|1,6,head_audio_pos_same_start_100hz
M01,dysarthric,Session1,0051,data/processed/torgo_aai_features/M01/Session1/0051.npz,307,10,1|1|0|1|1|1|1|1|0|1|1|1,7|10,head_audio_pos_same_start_100hz
M01,dysarthric,Session1,0052,data/processed/torgo_aai_features/M01/Session1/0052.npz,331,12,1|1|1|1|1|1|1|1|1|1|1|1,,head_audio_pos_same_start_100hz
M01,dysarthric,Session1,0053,data/processed/torgo_aai_features/M01/Session1/0053.npz,787,12,1|1|1|1|1|1|1|1|1|1|1|1,,head_audio_pos_same_start_100hz
M01,dysarthric,Session1,0054,data/processed/torgo_aai_features/M01/Session1/0054.npz,310,12,1|1|1|1|1|1|1|1|1|1|1|1,9,head_audio_pos_same_start_100hz
M01,dysarthric,Session1,0055,data/processed/torgo_aai_features/M01/Session1/0055.npz,341,12,1|1|1|1|1|1|1|1|1|1|1|1,,head_audio_pos_same_start_100hz
M01,dysarthric,Session1,0056,data/processed/torgo_aai_features/M01/Session1/0056.npz,1244,12,1|1|1|1|1|1|1|1|1|1|1|1,,head_audio_pos_same_start_100hz
M01,dysarthric,Session1,0057,data/processed/torgo_aai_features/M01/Session1/0057.npz,391,12,1|1|1|1|1|1|1|1|1|1|1|1,10,head_audio_pos_same_start_100hz
M01,dysarthric,Session1,0058,data/processed/torgo_aai_features/M01/Session1/0058.npz,429,10,1|0|1|1|1|1|1|0|1|1|1|1,6,head_audio_pos_same_start_100hz
M01,dysarthric,Session1,0059,data/processed/torgo_aai_features/M01/Session1/0059.npz,309,10,1|0|1|1|1|1|1|0|1|1|1|1,6|10,head_audio_pos_same_start_100hz
M01,dysarthric,Session1,0060,data/processed/torgo_aai_features/M01/Session1/0060.npz,406,12,1|1|1|1|1|1|1|1|1|1|1|1,,head_audio_pos_same_start_100hz
M01,dysarthric,Session1,0061,data/processed/torgo_aai_features/M01/Session1/0061.npz,488,8,1|0|0|1|1|1|1|0|0|1|1|1,6|7,head_audio_pos_same_start_100hz
M01,dysarthric,Session1,0062,data/processed/torgo_aai_features/M01/Session1/0062.npz,345,12,1|1|1|1|1|1|1|1|1|1|1|1,,head_audio_pos_same_start_100hz
M01,dysarthric,Session1,0063,data/processed/torgo_aai_features/M01/Session1/0063.npz,674,10,1|0|1|1|1|1|1|0|1|1|1|1,6,head_audio_pos_same_start_100hz
M01,dysarthric,Session1,0064,data/processed/torgo_aai_features/M01/Session1/0064.npz,410,10,1|1|0|1|1|1|1|1|0|1|1|1,7|10,head_audio_pos_same_start_100hz
M01,dysarthric,Session1,0065,data/processed/torgo_aai_features/M01/Session1/0065.npz,452,12,1|1|1|1|1|1|1|1|1|1|1|1,,head_audio_pos_same_start_100hz
M01,dysarthric,Session1,0066,data/processed/torgo_aai_features/M01/Session1/0066.npz,787,12,1|1|1|1|1|1|1|1|1|1|1|1,10,head_audio_pos_same_start_100hz
M01,dysarthric,Session1,0067,data/processed/torgo_aai_features/M01/Session1/0067.npz,414,12,1|1|1|1|1|1|1|1|1|1|1|1,,head_audio_pos_same_start_100hz
M01,dysarthric,Session1,0068,data/processed/torgo_aai_features/M01/Session1/0068.npz,364,12,1|1|1|1|1|1|1|1|1|1|1|1,,head_audio_pos_same_start_100hz
M01,dysarthric,Session1,0069,data/processed/torgo_aai_features/M01/Session1/0069.npz,333,12,1|1|1|1|1|1|1|1|1|1|1|1,,head_audio_pos_same_start_100hz
M01,dysarthric,Session1,0070,data/processed/torgo_aai_features/M01/Session1/0070.npz,306,12,1|1|1|1|1|1|1|1|1|1|1|1,,head_audio_pos_same_start_100hz
M01,dysarthric,Session1,0071,data/processed/torgo_aai_features/M01/Session1/0071.npz,366,12,1|1|1|1|1|1|1|1|1|1|1|1,,head_audio_pos_same_start_100hz
M01,dysarthric,Session1,0072,data/processed/torgo_aai_features/M01/Session1/0072.npz,1029,8,1|0|0|1|1|1|1|0|0|1|1|1,6|7,head_audio_pos_same_start_100hz
M01,dysarthric,Session1,0073,data/processed/torgo_aai_features/M01/Session1/0073.npz,329,10,1|1|1|1|0|1|1|1|1|1|0|1,2,head_audio_pos_same_start_100hz
M01,dysarthric,Session1,0074,data/processed/torgo_aai_features/M01/Session1/0074.npz,354,10,1|0|1|1|1|1|1|0|1|1|1|1,6,head_audio_pos_same_start_100hz
M01,dysarthric,Session1,0075,data/processed/torgo_aai_features/M01/Session1/0075.npz,313,10,1|0|1|1|1|1|1|0|1|1|1|1,6,head_audio_pos_same_start_100hz
M01,dysarthric,Session1,0076,data/processed/torgo_aai_features/M01/Session1/0076.npz,299,8,1|0|0|1|1|1|1|0|0|1|1|1,6|7,head_audio_pos_same_start_100hz
M01,dysarthric,Session1,0077,data/processed/torgo_aai_features/M01/Session1/0077.npz,914,10,1|0|1|1|1|1|1|0|1|1|1|1,6|10,head_audio_pos_same_start_100hz
M01,dysarthric,Session1,0078,data/processed/torgo_aai_features/M01/Session1/0078.npz,407,8,1|0|1|0|1|1|1|0|1|0|1|1,3|6,head_audio_pos_same_start_100hz
M01,dysarthric,Session1,0079,data/processed/torgo_aai_features/M01/Session1/0079.npz,303,10,1|0|1|1|1|1|1|0|1|1|1|1,6,head_audio_pos_same_start_100hz
M01,dysarthric,Session1,0080,data/processed/torgo_aai_features/M01/Session1/0080.npz,330,12,1|1|1|1|1|1|1|1|1|1|1|1,,head_audio_pos_same_start_100hz
M01,dysarthric,Session1,0081,data/processed/torgo_aai_features/M01/Session1/0081.npz,285,12,1|1|1|1|1|1|1|1|1|1|1|1,,head_audio_pos_same_start_100hz
M01,dysarthric,Session1,0082,data/processed/torgo_aai_features/M01/Session1/0082.npz,341,12,1|1|1|1|1|1|1|1|1|1|1|1,,head_audio_pos_same_start_100hz
M01,dysarthric,Session1,0083,data/processed/torgo_aai_features/M01/Session1/0083.npz,385,10,1|1|0|1|1|1|1|1|0|1|1|1,7,head_audio_pos_same_start_100hz
M01,dysarthric,Session1,0084,data/processed/torgo_aai_features/M01/Session1/0084.npz,1503,8,1|1|0|0|1|1|1|1|0|0|1|1,3|7|9,head_audio_pos_same_start_100hz
M01,dysarthric,Session1,0085,data/processed/torgo_aai_features/M01/Session1/0085.npz,319,10,0|1|1|1|1|1|0|1|1|1|1|1,8,head_audio_pos_same_start_100hz
M01,dysarthric,Session1,0086,data/processed/torgo_aai_features/M01/Session1/0086.npz,367,10,1|1|0|1|1|1|1|1|0|1|1|1,7|9,head_audio_pos_same_start_100hz
M01,dysarthric,Session1,0087,data/processed/torgo_aai_features/M01/Session1/0087.npz,305,8,1|1|0|0|1|1|1|1|0|0|1|1,3|7,head_audio_pos_same_start_100hz
M01,dysarthric,Session1,0088,data/processed/torgo_aai_features/M01/Session1/0088.npz,346,12,1|1|1|1|1|1|1|1|1|1|1|1,,head_audio_pos_same_start_100hz
M01,dysarthric,Session1,0089,data/processed/torgo_aai_features/M01/Session1/0089.npz,455,8,1|1|1|0|0|1|1|1|1|0|0|1,2|3,head_audio_pos_same_start_100hz
M01,dysarthric,Session1,0090,data/processed/torgo_aai_features/M01/Session1/0090.npz,403,10,1|1|1|1|0|1|1|1|1|1|0|1,2,head_audio_pos_same_start_100hz
M01,dysarthric,Session1,0091,data/processed/torgo_aai_features/M01/Session1/0091.npz,331,12,1|1|1|1|1|1|1|1|1|1|1|1,,head_audio_pos_same_start_100hz
M01,dysarthric,Session1,0092,data/processed/torgo_aai_features/M01/Session1/0092.npz,1020,8,1|1|0|0|1|1|1|1|0|0|1|1,3|7,head_audio_pos_same_start_100hz
M01,dysarthric,Session1,0093,data/processed/torgo_aai_features/M01/Session1/0093.npz,317,12,1|1|1|1|1|1|1|1|1|1|1|1,,head_audio_pos_same_start_100hz
M01,dysarthric,Session1,0094,data/processed/torgo_aai_features/M01/Session1/0094.npz,309,12,1|1|1|1|1|1|1|1|1|1|1|1,,head_audio_pos_same_start_100hz
M01,dysarthric,Session1,0095,data/processed/torgo_aai_features/M01/Session1/0095.npz,307,12,1|1|1|1|1|1|1|1|1|1|1|1,,head_audio_pos_same_start_100hz
M01,dysarthric,Session1,0096,data/processed/torgo_aai_features/M01/Session1/0096.npz,245,12,1|1|1|1|1|1|1|1|1|1|1|1,,head_audio_pos_same_start_100hz
M01,dysarthric,Session1,0097,data/processed/torgo_aai_features/M01/Session1/0097.npz,354,0,0|0|0|0|0|0|0|0|0|0|0|0,1|2|3|4|6|7|8|9|10,head_audio_pos_same_start_100hz
M01,dysarthric,Session1,0098,data/processed/torgo_aai_features/M01/Session1/0098.npz,294,0,0|0|0|0|0|0|0|0|0|0|0|0,1|2|3|4|6|7|8|9|10|11|12,head_audio_pos_same_start_100hz
M01,dysarthric,Session1,0099,data/processed/torgo_aai_features/M01/Session1/0099.npz,320,0,0|0|0|0|0|0|0|0|0|0|0|0,1|2|3|4|5|6|7|8|9|10|11|12,head_audio_pos_same_start_100hz
M01,dysarthric,Session1,0100,data/processed/torgo_aai_features/M01/Session1/0100.npz,289,0,0|0|0|0|0|0|0|0|0|0|0|0,1|2|3|4|6|7|8|9|10,head_audio_pos_same_start_100hz
M02,dysarthric,Session2,0074,data/processed/torgo_aai_features/M02/Session2/0074.npz,664,10,1|1|1|1|1|0|1|1|1|1|1|0,1,head_audio_pos_same_start_100hz
M02,dysarthric,Session2,0075,data/processed/torgo_aai_features/M02/Session2/0075.npz,46,10,1|1|1|1|1|0|1|1|1|1|1|0,1,head_audio_pos_same_start_100hz
M02,dysarthric,Session2,0076,data/processed/torgo_aai_features/M02/Session2/0076.npz,278,0,0|0|0|0|0|0|0|0|0|0|0|0,1|2|3|4|6|7|8|9|10,head_audio_pos_same_start_100hz
M02,dysarthric,Session2,0077,data/processed/torgo_aai_features/M02/Session2/0077.npz,187,4,0|0|0|1|1|0|0|0|0|1|1|0,1|4|6|7|8|9|10,head_audio_pos_same_start_100hz
M02,dysarthric,Session2,0078,data/processed/torgo_aai_features/M02/Session2/0078.npz,606,0,0|0|0|0|0|0|0|0|0|0|0|0,1|2|3|4|5|6|7|8|9|10|12,head_audio_pos_same_start_100hz
M02,dysarthric,Session2,0079,data/processed/torgo_aai_features/M02/Session2/0079.npz,172,10,1|1|1|1|1|0|1|1|1|1|1|0,1|4|10,head_audio_pos_same_start_100hz
M02,dysarthric,Session2,0080,data/processed/torgo_aai_features/M02/Session2/0080.npz,312,0,0|0|0|0|0|0|0|0|0|0|0|0,1|2|3|4|6|7|8|9|10,head_audio_pos_same_start_100hz
M02,dysarthric,Session2,0081,data/processed/torgo_aai_features/M02/Session2/0081.npz,353,0,0|0|0|0|0|0|0|0|0|0|0|0,1|2|3|4|5|6|7|8|9|10|11|12,head_audio_pos_same_start_100hz
M02,dysarthric,Session2,0082,data/processed/torgo_aai_features/M02/Session2/0082.npz,276,10,1|1|1|1|1|0|1|1|1|1|1|0,1,head_audio_pos_same_start_100hz
M02,dysarthric,Session2,0083,data/processed/torgo_aai_features/M02/Session2/0083.npz,187,10,1|1|1|1|1|0|1|1|1|1|1|0,1,head_audio_pos_same_start_100hz
M02,dysarthric,Session2,0084,data/processed/torgo_aai_features/M02/Session2/0084.npz,249,0,0|0|0|0|0|0|0|0|0|0|0|0,1|2|3|4|6|7|8|9|10,head_audio_pos_same_start_100hz
M02,dysarthric,Session2,0085,data/processed/torgo_aai_features/M02/Session2/0085.npz,242,0,0|0|0|0|0|0|0|0|0|0|0|0,1|2|3|6|7|8|9|10,head_audio_pos_same_start_100hz
M02,dysarthric,Session2,0086,data/processed/torgo_aai_features/M02/Session2/0086.npz,658,0,0|0|0|0|0|0|0|0|0|0|0|0,1|2|3|4|5|6|7|8|9|10|11|12,head_audio_pos_same_start_100hz
M02,dysarthric,Session2,0087,data/processed/torgo_aai_features/M02/Session2/0087.npz,427,10,1|1|1|1|1|0|1|1|1|1|1|0,1,head_audio_pos_same_start_100hz
M02,dysarthric,Session2,0088,data/processed/torgo_aai_features/M02/Session2/0088.npz,858,0,0|0|0|0|0|0|0|0|0|0|0|0,1|2|3|4|5|6|7|8|9|10|11|12,head_audio_pos_same_start_100hz
M02,dysarthric,Session2,0089,data/processed/torgo_aai_features/M02/Session2/0089.npz,339,0,0|0|0|0|0|0|0|0|0|0|0|0,1|2|3|4|6|7|8|9|10|12,head_audio_pos_same_start_100hz
M02,dysarthric,Session2,0090,data/processed/torgo_aai_features/M02/Session2/0090.npz,576,10,1|1|1|1|1|0|1|1|1|1|1|0,1,head_audio_pos_same_start_100hz
M02,dysarthric,Session2,0091,data/processed/torgo_aai_features/M02/Session2/0091.npz,344,0,0|0|0|0|0|0|0|0|0|0|0|0,1|2|3|4|5|6|7|8|9|10|11|12,head_audio_pos_same_start_100hz
M02,dysarthric,Session2,0092,data/processed/torgo_aai_features/M02/Session2/0092.npz,244,10,1|1|1|1|1|0|1|1|1|1|1|0,1|4|10,head_audio_pos_same_start_100hz
M02,dysarthric,Session2,0093,data/processed/torgo_aai_features/M02/Session2/0093.npz,645,0,0|0|0|0|0|0|0|0|0|0|0|0,1|2|3|4|6|7|8|9|10|11|12,head_audio_pos_same_start_100hz
M02,dysarthric,Session2,0094,data/processed/torgo_aai_features/M02/Session2/0094.npz,382,10,1|1|1|1|1|0|1|1|1|1|1|0,1,head_audio_pos_same_start_100hz
M02,dysarthric,Session2,0095,data/processed/torgo_aai_features/M02/Session2/0095.npz,190,10,1|1|1|1|1|0|1|1|1|1|1|0,1,head_audio_pos_same_start_100hz
M02,dysarthric,Session2,0096,data/processed/torgo_aai_features/M02/Session2/0096.npz,760,0,0|0|0|0|0|0|0|0|0|0|0|0,1|2|3|4|5|6|7|8|9|10|11|12,head_audio_pos_same_start_100hz
M02,dysarthric,Session2,0097,data/processed/torgo_aai_features/M02/Session2/0097.npz,252,0,0|0|0|0|0|0|0|0|0|0|0|0,1|2|3|4|5|6|7|8|9|10|12,head_audio_pos_same_start_100hz
M02,dysarthric,Session2,0098,data/processed/torgo_aai_features/M02/Session2/0098.npz,952,0,0|0|0|0|0|0|0|0|0|0|0|0,1|2|3|4|5|6|7|8|9|10|11|12,head_audio_pos_same_start_100hz
M02,dysarthric,Session2,0099,data/processed/torgo_aai_features/M02/Session2/0099.npz,290,10,1|1|1|1|1|0|1|1|1|1|1|0,1,head_audio_pos_same_start_100hz
M02,dysarthric,Session2,0100,data/processed/torgo_aai_features/M02/Session2/0100.npz,307,10,1|1|1|1|1|0|1|1|1|1|1|0,1|9,head_audio_pos_same_start_100hz
M02,dysarthric,Session2,0101,data/processed/torgo_aai_features/M02/Session2/0101.npz,347,10,1|1|1|1|1|0|1|1|1|1|1|0,1|10,head_audio_pos_same_start_100hz
M02,dysarthric,Session2,0102,data/processed/torgo_aai_features/M02/Session2/0102.npz,229,0,0|0|0|0|0|0|0|0|0|0|0|0,1|2|3|4|6|7|8|9|10,head_audio_pos_same_start_100hz
M02,dysarthric,Session2,0103,data/processed/torgo_aai_features/M02/Session2/0103.npz,393,0,0|0|0|0|0|0|0|0|0|0|0|0,1|2|3|4|5|6|7|8|9|10|11,head_audio_pos_same_start_100hz
M02,dysarthric,Session2,0104,data/processed/torgo_aai_features/M02/Session2/0104.npz,665,0,0|0|0|0|0|0|0|0|0|0|0|0,1|2|3|4|6|7|8|9|10,head_audio_pos_same_start_100hz
M02,dysarthric,Session2,0105,data/processed/torgo_aai_features/M02/Session2/0105.npz,244,2,0|1|0|0|0|0|0|1|0|0|0|0,1|2|3|7|8|10,head_audio_pos_same_start_100hz
M02,dysarthric,Session2,0106,data/processed/torgo_aai_features/M02/Session2/0106.npz,222,10,1|1|1|1|1|0|1|1|1|1|1|0,1,head_audio_pos_same_start_100hz
M02,dysarthric,Session2,0107,data/processed/torgo_aai_features/M02/Session2/0107.npz,190,10,1|1|1|1|1|0|1|1|1|1|1|0,1|10,head_audio_pos_same_start_100hz
M02,dysarthric,Session2,0108,data/processed/torgo_aai_features/M02/Session2/0108.npz,266,10,1|1|1|1|1|0|1|1|1|1|1|0,1,head_audio_pos_same_start_100hz
M02,dysarthric,Session2,0109,data/processed/torgo_aai_features/M02/Session2/0109.npz,147,10,1|1|1|1|1|0|1|1|1|1|1|0,1,head_audio_pos_same_start_100hz
M02,dysarthric,Session2,0110,data/processed/torgo_aai_features/M02/Session2/0110.npz,226,10,1|1|1|1|1|0|1|1|1|1|1|0,1,head_audio_pos_same_start_100hz
M02,dysarthric,Session2,0111,data/processed/torgo_aai_features/M02/Session2/0111.npz,995,10,1|1|1|1|1|0|1|1|1|1|1|0,1,head_audio_pos_same_start_100hz
M02,dysarthric,Session2,0112,data/processed/torgo_aai_features/M02/Session2/0112.npz,195,0,0|0|0|0|0|0|0|0|0|0|0|0,1|2|3|4|6|7|8|9|10,head_audio_pos_same_start_100hz
M02,dysarthric,Session2,0113,data/processed/torgo_aai_features/M02/Session2/0113.npz,255,10,1|1|1|1|1|0|1|1|1|1|1|0,1|4|10,head_audio_pos_same_start_100hz
M02,dysarthric,Session2,0114,data/processed/torgo_aai_features/M02/Session2/0114.npz,283,10,1|1|1|1|1|0|1|1|1|1|1|0,1,head_audio_pos_same_start_100hz
M02,dysarthric,Session2,0115,data/processed/torgo_aai_features/M02/Session2/0115.npz,399,0,0|0|0|0|0|0|0|0|0|0|0|0,1|2|3|4|5|6|7|8|9|10|12,head_audio_pos_same_start_100hz
M02,dysarthric,Session2,0116,data/processed/torgo_aai_features/M02/Session2/0116.npz,289,10,1|1|1|1|1|0|1|1|1|1|1|0,1,head_audio_pos_same_start_100hz
M02,dysarthric,Session2,0117,data/processed/torgo_aai_features/M02/Session2/0117.npz,752,0,0|0|0|0|0|0|0|0|0|0|0|0,1|2|3|4|5|6|7|8|9|10|11|12,head_audio_pos_same_start_100hz
M02,dysarthric,Session2,0118,data/processed/torgo_aai_features/M02/Session2/0118.npz,314,10,1|1|1|1|1|0|1|1|1|1|1|0,1,head_audio_pos_same_start_100hz
M02,dysarthric,Session2,0119,data/processed/torgo_aai_features/M02/Session2/0119.npz,820,10,1|1|1|1|1|0|1|1|1|1|1|0,1|4,head_audio_pos_same_start_100hz
M02,dysarthric,Session2,0120,data/processed/torgo_aai_features/M02/Session2/0120.npz,221,10,1|1|1|1|1|0|1|1|1|1|1|0,1,head_audio_pos_same_start_100hz
M02,dysarthric,Session2,0121,data/processed/torgo_aai_features/M02/Session2/0121.npz,854,10,1|1|1|1|1|0|1|1|1|1|1|0,1,head_audio_pos_same_start_100hz
M02,dysarthric,Session2,0122,data/processed/torgo_aai_features/M02/Session2/0122.npz,186,10,1|1|1|1|1|0|1|1|1|1|1|0,1,head_audio_pos_same_start_100hz
M02,dysarthric,Session2,0123,data/processed/torgo_aai_features/M02/Session2/0123.npz,278,0,0|0|0|0|0|0|0|0|0|0|0|0,1|2|3|4|5|6|7|8|9|10|12,head_audio_pos_same_start_100hz
M02,dysarthric,Session2,0124,data/processed/torgo_aai_features/M02/Session2/0124.npz,255,10,1|1|1|1|1|0|1|1|1|1|1|0,1,head_audio_pos_same_start_100hz
M02,dysarthric,Session2,0125,data/processed/torgo_aai_features/M02/Session2/0125.npz,270,0,0|0|0|0|0|0|0|0|0|0|0|0,1|2|3|4|5|6|7|8|9|10|11|12,head_audio_pos_same_start_100hz
M02,dysarthric,Session2,0126,data/processed/torgo_aai_features/M02/Session2/0126.npz,258,10,1|1|1|1|1|0|1|1|1|1|1|0,1|4,head_audio_pos_same_start_100hz
M02,dysarthric,Session2,0127,data/processed/torgo_aai_features/M02/Session2/0127.npz,187,10,1|1|1|1|1|0|1|1|1|1|1|0,1|10,head_audio_pos_same_start_100hz
M02,dysarthric,Session2,0128,data/processed/torgo_aai_features/M02/Session2/0128.npz,1154,0,0|0|0|0|0|0|0|0|0|0|0|0,1|2|3|4|5|6|7|8|9|10|11|12,head_audio_pos_same_start_100hz
M02,dysarthric,Session2,0129,data/processed/torgo_aai_features/M02/Session2/0129.npz,161,10,1|1|1|1|1|0|1|1|1|1|1|0,1,head_audio_pos_same_start_100hz
M02,dysarthric,Session2,0130,data/processed/torgo_aai_features/M02/Session2/0130.npz,269,0,0|0|0|0|0|0|0|0|0|0|0|0,1|2|3|4|6|7|8|9|10,head_audio_pos_same_start_100hz
M02,dysarthric,Session2,0131,data/processed/torgo_aai_features/M02/Session2/0131.npz,708,10,1|1|1|1|1|0|1|1|1|1|1|0,1|9,head_audio_pos_same_start_100hz
M02,dysarthric,Session2,0132,data/processed/torgo_aai_features/M02/Session2/0132.npz,320,10,1|1|1|1|1|0|1|1|1|1|1|0,1,head_audio_pos_same_start_100hz
M02,dysarthric,Session2,0133,data/processed/torgo_aai_features/M02/Session2/0133.npz,914,10,1|1|1|1|1|0|1|1|1|1|1|0,1,head_audio_pos_same_start_100hz
M02,dysarthric,Session2,0134,data/processed/torgo_aai_features/M02/Session2/0134.npz,1748,0,0|0|0|0|0|0|0|0|0|0|0|0,1|2|3|4|5|6|7|8|9|10|11|12,head_audio_pos_same_start_100hz
M02,dysarthric,Session2,0135,data/processed/torgo_aai_features/M02/Session2/0135.npz,258,0,0|0|0|0|0|0|0|0|0|0|0|0,1|2|3|4|5|6|7|8|9|10,head_audio_pos_same_start_100hz
M02,dysarthric,Session2,0136,data/processed/torgo_aai_features/M02/Session2/0136.npz,158,10,1|1|1|1|1|0|1|1|1|1|1|0,1,head_audio_pos_same_start_100hz
M02,dysarthric,Session2,0137,data/processed/torgo_aai_features/M02/Session2/0137.npz,987,10,1|1|1|1|1|0|1|1|1|1|1|0,1,head_audio_pos_same_start_100hz
M02,dysarthric,Session2,0138,data/processed/torgo_aai_features/M02/Session2/0138.npz,260,0,0|0|0|0|0|0|0|0|0|0|0|0,1|2|3|6|7|8|9|10,head_audio_pos_same_start_100hz
M02,dysarthric,Session2,0139,data/processed/torgo_aai_features/M02/Session2/0139.npz,812,10,1|1|1|1|1|0|1|1|1|1|1|0,1|9,head_audio_pos_same_start_100hz
M02,dysarthric,Session2,0140,data/processed/torgo_aai_features/M02/Session2/0140.npz,122,10,1|1|1|1|1|0|1|1|1|1|1|0,1|9,head_audio_pos_same_start_100hz
M02,dysarthric,Session2,0141,data/processed/torgo_aai_features/M02/Session2/0141.npz,262,10,1|1|1|1|1|0|1|1|1|1|1|0,1,head_audio_pos_same_start_100hz
M02,dysarthric,Session2,0142,data/processed/torgo_aai_features/M02/Session2/0142.npz,231,10,1|1|1|1|1|0|1|1|1|1|1|0,1,head_audio_pos_same_start_100hz
M02,dysarthric,Session2,0143,data/processed/torgo_aai_features/M02/Session2/0143.npz,187,10,1|1|1|1|1|0|1|1|1|1|1|0,1,head_audio_pos_same_start_100hz
M02,dysarthric,Session2,0144,data/processed/torgo_aai_features/M02/Session2/0144.npz,215,0,0|0|0|0|0|0|0|0|0|0|0|0,1|2|3|4|5|6|7|8|9|10|11|12,head_audio_pos_same_start_100hz
M02,dysarthric,Session2,0145,data/processed/torgo_aai_features/M02/Session2/0145.npz,245,10,1|1|1|1|1|0|1|1|1|1|1|0,1,head_audio_pos_same_start_100hz
M02,dysarthric,Session2,0146,data/processed/torgo_aai_features/M02/Session2/0146.npz,312,0,0|0|0|0|0|0|0|0|0|0|0|0,1|2|3|6|7|8|10,head_audio_pos_same_start_100hz
M02,dysarthric,Session2,0147,data/processed/torgo_aai_features/M02/Session2/0147.npz,222,10,1|1|1|1|1|0|1|1|1|1|1|0,1|4,head_audio_pos_same_start_100hz
M02,dysarthric,Session2,0148,data/processed/torgo_aai_features/M02/Session2/0148.npz,184,10,1|1|1|1|1|0|1|1|1|1|1|0,1,head_audio_pos_same_start_100hz
M02,dysarthric,Session2,0149,data/processed/torgo_aai_features/M02/Session2/0149.npz,458,0,0|0|0|0|0|0|0|0|0|0|0|0,1|2|3|4|6|7|8|9|10,head_audio_pos_same_start_100hz
M02,dysarthric,Session2,0150,data/processed/torgo_aai_features/M02/Session2/0150.npz,316,10,1|1|1|1|1|0|1|1|1|1|1|0,1,head_audio_pos_same_start_100hz
M02,dysarthric,Session2,0151,data/processed/torgo_aai_features/M02/Session2/0151.npz,389,2,0|1|0|0|0|0|0|1|0|0|0|0,1|2|3|4|7|8|9|10,head_audio_pos_same_start_100hz
M02,dysarthric,Session2,0152,data/processed/torgo_aai_features/M02/Session2/0152.npz,314,10,1|1|1|1|1|0|1|1|1|1|1|0,1,head_audio_pos_same_start_100hz
M02,dysarthric,Session2,0153,data/processed/torgo_aai_features/M02/Session2/0153.npz,275,10,1|1|1|1|1|0|1|1|1|1|1|0,1,head_audio_pos_same_start_100hz
M02,dysarthric,Session2,0154,data/processed/torgo_aai_features/M02/Session2/0154.npz,768,0,0|0|0|0|0|0|0|0|0|0|0|0,1|2|3|4|5|6|7|8|9|10|11|12,head_audio_pos_same_start_100hz
M02,dysarthric,Session2,0155,data/processed/torgo_aai_features/M02/Session2/0155.npz,135,0,0|0|0|0|0|0|0|0|0|0|0|0,1|2|3|6|7|8|9|10,head_audio_pos_same_start_100hz
M02,dysarthric,Session2,0156,data/processed/torgo_aai_features/M02/Session2/0156.npz,394,10,1|1|1|1|1|0|1|1|1|1|1|0,1|9,head_audio_pos_same_start_100hz
M02,dysarthric,Session2,0157,data/processed/torgo_aai_features/M02/Session2/0157.npz,309,0,0|0|0|0|0|0|0|0|0|0|0|0,1|2|3|6|7|8|10,head_audio_pos_same_start_100hz
M02,dysarthric,Session2,0158,data/processed/torgo_aai_features/M02/Session2/0158.npz,339,10,1|1|1|1|1|0|1|1|1|1|1|0,1|9,head_audio_pos_same_start_100hz
M02,dysarthric,Session2,0159,data/processed/torgo_aai_features/M02/Session2/0159.npz,298,10,1|1|1|1|1|0|1|1|1|1|1|0,1,head_audio_pos_same_start_100hz
M02,dysarthric,Session2,0160,data/processed/torgo_aai_features/M02/Session2/0160.npz,744,10,1|1|1|1|1|0|1|1|1|1|1|0,1|9,head_audio_pos_same_start_100hz
M02,dysarthric,Session2,0161,data/processed/torgo_aai_features/M02/Session2/0161.npz,1163,4,0|1|0|0|1|0|0|1|0|0|1|0,1|3|7|8|10,head_audio_pos_same_start_100hz
M02,dysarthric,Session2,0162,data/processed/torgo_aai_features/M02/Session2/0162.npz,426,0,0|0|0|0|0|0|0|0|0|0|0|0,1|2|3|4|5|6|7|8|9|10|11|12,head_audio_pos_same_start_100hz
M02,dysarthric,Session2,0163,data/processed/torgo_aai_features/M02/Session2/0163.npz,975,0,0|0|0|0|0|0|0|0|0|0|0|0,1|2|3|4|5|6|7|8|9|10|11|12,head_audio_pos_same_start_100hz
M02,dysarthric,Session2,0164,data/processed/torgo_aai_features/M02/Session2/0164.npz,298,10,1|1|1|1|1|0|1|1|1|1|1|0,1,head_audio_pos_same_start_100hz
M02,dysarthric,Session2,0165,data/processed/torgo_aai_features/M02/Session2/0165.npz,301,4,0|1|0|0|1|0|0|1|0|0|1|0,1|3|7|8|9|10,head_audio_pos_same_start_100hz
M02,dysarthric,Session2,0166,data/processed/torgo_aai_features/M02/Session2/0166.npz,315,10,1|1|1|1|1|0|1|1|1|1|1|0,1,head_audio_pos_same_start_100hz
M02,dysarthric,Session2,0167,data/processed/torgo_aai_features/M02/Session2/0167.npz,294,0,0|0|0|0|0|0|0|0|0|0|0|0,1|2|3|4|5|6|7|8|9|10|11|12,head_audio_pos_same_start_100hz
M02,dysarthric,Session2,0168,data/processed/torgo_aai_features/M02/Session2/0168.npz,296,10,1|1|1|1|1|0|1|1|1|1|1|0,1|10,head_audio_pos_same_start_100hz
M02,dysarthric,Session2,0169,data/processed/torgo_aai_features/M02/Session2/0169.npz,228,0,0|0|0|0|0|0|0|0|0|0|0|0,1|2|3|4|6|7|8|9|10,head_audio_pos_same_start_100hz
M02,dysarthric,Session2,0170,data/processed/torgo_aai_features/M02/Session2/0170.npz,300,0,0|0|0|0|0|0|0|0|0|0|0|0,1|2|3|6|7|8|9|10,head_audio_pos_same_start_100hz
M02,dysarthric,Session2,0171,data/processed/torgo_aai_features/M02/Session2/0171.npz,336,10,1|1|1|1|1|0|1|1|1|1|1|0,1,head_audio_pos_same_start_100hz
M02,dysarthric,Session2,0172,data/processed/torgo_aai_features/M02/Session2/0172.npz,285,10,1|1|1|1|1|0|1|1|1|1|1|0,1,head_audio_pos_same_start_100hz
M02,dysarthric,Session2,0173,data/processed/torgo_aai_features/M02/Session2/0173.npz,293,4,0|1|0|0|1|0|0|1|0|0|1|0,1|3|4|7|8|9|10,head_audio_pos_same_start_100hz
M02,dysarthric,Session2,0174,data/processed/torgo_aai_features/M02/Session2/0174.npz,252,10,1|1|1|1|1|0|1|1|1|1|1|0,1|9,head_audio_pos_same_start_100hz
M02,dysarthric,Session2,0175,data/processed/torgo_aai_features/M02/Session2/0175.npz,32,10,1|1|1|1|1|0|1|1|1|1|1|0,1,head_audio_pos_same_start_100hz
M02,dysarthric,Session2,0176,data/processed/torgo_aai_features/M02/Session2/0176.npz,879,2,0|0|0|0|1|0|0|0|0|0|1|0,1|3|6|7|8|9|10,head_audio_pos_same_start_100hz
M02,dysarthric,Session2,0177,data/processed/torgo_aai_features/M02/Session2/0177.npz,327,0,0|0|0|0|0|0|0|0|0|0|0|0,1|2|3|4|5|6|7|8|9|10|11|12,head_audio_pos_same_start_100hz
M02,dysarthric,Session2,0178,data/processed/torgo_aai_features/M02/Session2/0178.npz,688,8,1|1|0|1|1|0|1|1|0|1|1|0,1|7|9|10,head_audio_pos_same_start_100hz
M02,dysarthric,Session2,0179,data/processed/torgo_aai_features/M02/Session2/0179.npz,345,10,1|1|1|1|1|0|1|1|1|1|1|0,1,head_audio_pos_same_start_100hz
M02,dysarthric,Session2,0180,data/processed/torgo_aai_features/M02/Session2/0180.npz,271,10,1|1|1|1|1|0|1|1|1|1|1|0,1,head_audio_pos_same_start_100hz
M02,dysarthric,Session2,0181,data/processed/torgo_aai_features/M02/Session2/0181.npz,320,6,0|1|0|1|1|0|0|1|0|1|1|0,1|7|8|10,head_audio_pos_same_start_100hz
M02,dysarthric,Session2,0182,data/processed/torgo_aai_features/M02/Session2/0182.npz,353,10,1|1|1|1|1|0|1|1|1|1|1|0,1,head_audio_pos_same_start_100hz
M02,dysarthric,Session2,0183,data/processed/torgo_aai_features/M02/Session2/0183.npz,272,10,1|1|1|1|1|0|1|1|1|1|1|0,1,head_audio_pos_same_start_100hz
M02,dysarthric,Session2,0184,data/processed/torgo_aai_features/M02/Session2/0184.npz,289,0,0|0|0|0|0|0|0|0|0|0|0|0,1|2|3|4|5|6|7|8|9|10|11|12,head_audio_pos_same_start_100hz
M02,dysarthric,Session2,0185,data/processed/torgo_aai_features/M02/Session2/0185.npz,257,10,1|1|1|1|1|0|1|1|1|1|1|0,1|10,head_audio_pos_same_start_100hz
M02,dysarthric,Session2,0186,data/processed/torgo_aai_features/M02/Session2/0186.npz,982,0,0|0|0|0|0|0|0|0|0|0|0|0,1|2|3|4|5|6|7|8|9|10|11|12,head_audio_pos_same_start_100hz
M02,dysarthric,Session2,0187,data/processed/torgo_aai_features/M02/Session2/0187.npz,790,0,0|0|0|0|0|0|0|0|0|0|0|0,1|2|3|4|5|6|7|8|9|10|11|12,head_audio_pos_same_start_100hz
M02,dysarthric,Session2,0188,data/processed/torgo_aai_features/M02/Session2/0188.npz,735,0,0|0|0|0|0|0|0|0|0|0|0|0,1|2|3|4|5|6|7|8|9|10|11|12,head_audio_pos_same_start_100hz
M02,dysarthric,Session2,0189,data/processed/torgo_aai_features/M02/Session2/0189.npz,299,10,1|1|1|1|1|0|1|1|1|1|1|0,1|9|10,head_audio_pos_same_start_100hz
M02,dysarthric,Session2,0190,data/processed/torgo_aai_features/M02/Session2/0190.npz,642,10,1|1|1|1|1|0|1|1|1|1|1|0,1,head_audio_pos_same_start_100hz
M02,dysarthric,Session2,0191,data/processed/torgo_aai_features/M02/Session2/0191.npz,910,0,0|0|0|0|0|0|0|0|0|0|0|0,1|2|3|4|6|7|8|9|10,head_audio_pos_same_start_100hz
M02,dysarthric,Session2,0192,data/processed/torgo_aai_features/M02/Session2/0192.npz,302,0,0|0|0|0|0|0|0|0|0|0|0|0,1|2|3|4|6|7|8|9|10,head_audio_pos_same_start_100hz
M02,dysarthric,Session2,0193,data/processed/torgo_aai_features/M02/Session2/0193.npz,685,0,0|0|0|0|0|0|0|0|0|0|0|0,1|2|3|4|5|6|7|8|9|10|11|12,head_audio_pos_same_start_100hz
M02,dysarthric,Session2,0194,data/processed/torgo_aai_features/M02/Session2/0194.npz,604,6,0|1|0|1|1|0|0|1|0|1|1|0,1|7|8|10,head_audio_pos_same_start_100hz
M02,dysarthric,Session2,0195,data/processed/torgo_aai_features/M02/Session2/0195.npz,1032,0,0|0|0|0|0|0|0|0|0|0|0|0,1|2|3|4|5|6|7|8|9|10|11|12,head_audio_pos_same_start_100hz
M02,dysarthric,Session2,0196,data/processed/torgo_aai_features/M02/Session2/0196.npz,201,10,1|1|1|1|1|0|1|1|1|1|1|0,1,head_audio_pos_same_start_100hz
M02,dysarthric,Session2,0197,data/processed/torgo_aai_features/M02/Session2/0197.npz,206,0,0|0|0|0|0|0|0|0|0|0|0|0,1|2|3|4|6|7|8|9|10|11|12,head_audio_pos_same_start_100hz
M02,dysarthric,Session2,0198,data/processed/torgo_aai_features/M02/Session2/0198.npz,255,10,1|1|1|1|1|0|1|1|1|1|1|0,1|9,head_audio_pos_same_start_100hz
M02,dysarthric,Session2,0199,data/processed/torgo_aai_features/M02/Session2/0199.npz,241,10,1|1|1|1|1|0|1|1|1|1|1|0,1,head_audio_pos_same_start_100hz
M02,dysarthric,Session2,0200,data/processed/torgo_aai_features/M02/Session2/0200.npz,623,10,1|1|1|1|1|0|1|1|1|1|1|0,1|9,head_audio_pos_same_start_100hz
M02,dysarthric,Session2,0201,data/processed/torgo_aai_features/M02/Session2/0201.npz,228,10,1|1|1|1|1|0|1|1|1|1|1|0,1,head_audio_pos_same_start_100hz
M02,dysarthric,Session2,0202,data/processed/torgo_aai_features/M02/Session2/0202.npz,1592,0,0|0|0|0|0|0|0|0|0|0|0|0,1|2|3|4|5|6|7|8|9|10|11|12,head_audio_pos_same_start_100hz
M02,dysarthric,Session2,0203,data/processed/torgo_aai_features/M02/Session2/0203.npz,358,0,0|0|0|0|0|0|0|0|0|0|0|0,1|2|3|4|6|7|8|9|10,head_audio_pos_same_start_100hz
M02,dysarthric,Session2,0204,data/processed/torgo_aai_features/M02/Session2/0204.npz,946,8,1|1|0|1|1|0|1|1|0|1|1|0,1|7|9|10,head_audio_pos_same_start_100hz
M02,dysarthric,Session2,0205,data/processed/torgo_aai_features/M02/Session2/0205.npz,299,0,0|0|0|0|0|0|0|0|0|0|0|0,1|2|3|4|5|6|7|8|9|10|11|12,head_audio_pos_same_start_100hz
M02,dysarthric,Session2,0206,data/processed/torgo_aai_features/M02/Session2/0206.npz,214,8,1|1|0|1|1|0|1|1|0|1|1|0,1|4|7|10,head_audio_pos_same_start_100hz
M02,dysarthric,Session2,0207,data/processed/torgo_aai_features/M02/Session2/0207.npz,1015,4,0|1|0|0|1|0|0|1|0|0|1|0,1|3|7|8|10,head_audio_pos_same_start_100hz
M02,dysarthric,Session2,0208,data/processed/torgo_aai_features/M02/Session2/0208.npz,1379,10,1|1|1|1|1|0|1|1|1|1|1|0,1|9,head_audio_pos_same_start_100hz
M02,dysarthric,Session2,0209,data/processed/torgo_aai_features/M02/Session2/0209.npz,758,0,0|0|0|0|0|0|0|0|0|0|0|0,1|2|3|4|5|6|7|8|9|10|11|12,head_audio_pos_same_start_100hz
M02,dysarthric,Session2,0210,data/processed/torgo_aai_features/M02/Session2/0210.npz,404,10,1|1|1|1|1|0|1|1|1|1|1|0,1,head_audio_pos_same_start_100hz
M02,dysarthric,Session2,0211,data/processed/torgo_aai_features/M02/Session2/0211.npz,270,10,1|1|1|1|1|0|1|1|1|1|1|0,1|9,head_audio_pos_same_start_100hz
M02,dysarthric,Session2,0212,data/processed/torgo_aai_features/M02/Session2/0212.npz,651,0,0|0|0|0|0|0|0|0|0|0|0|0,1|2|3|4|6|7|8|9|10|11|12,head_audio_pos_same_start_100hz
M02,dysarthric,Session2,0213,data/processed/torgo_aai_features/M02/Session2/0213.npz,790,0,0|0|0|0|0|0|0|0|0|0|0|0,1|2|3|4|5|6|7|8|9|10|11|12,head_audio_pos_same_start_100hz
M02,dysarthric,Session2,0214,data/processed/torgo_aai_features/M02/Session2/0214.npz,278,10,1|1|1|1|1|0|1|1|1|1|1|0,1,head_audio_pos_same_start_100hz
M02,dysarthric,Session2,0215,data/processed/torgo_aai_features/M02/Session2/0215.npz,336,0,0|0|0|0|0|0|0|0|0|0|0|0,1|2|3|4|5|6|7|8|9|10|11|12,head_audio_pos_same_start_100hz
M02,dysarthric,Session2,0216,data/processed/torgo_aai_features/M02/Session2/0216.npz,294,2,0|0|0|0|1|0|0|0|0|0|1|0,1|3|6|7|8|9|10,head_audio_pos_same_start_100hz
M02,dysarthric,Session2,0217,data/processed/torgo_aai_features/M02/Session2/0217.npz,305,10,1|1|1|1|1|0|1|1|1|1|1|0,1|9,head_audio_pos_same_start_100hz
M02,dysarthric,Session2,0218,data/processed/torgo_aai_features/M02/Session2/0218.npz,281,0,0|0|0|0|0|0|0|0|0|0|0|0,1|2|3|6|7|8|9|10,head_audio_pos_same_start_100hz
M02,dysarthric,Session2,0219,data/processed/torgo_aai_features/M02/Session2/0219.npz,253,8,1|1|1|1|0|0|1|1|1|1|0|0,1|2,head_audio_pos_same_start_100hz
M02,dysarthric,Session2,0220,data/processed/torgo_aai_features/M02/Session2/0220.npz,277,0,0|0|0|0|0|0|0|0|0|0|0|0,1|2|3|6|7|8|9|10,head_audio_pos_same_start_100hz
M02,dysarthric,Session2,0221,data/processed/torgo_aai_features/M02/Session2/0221.npz,317,10,1|1|1|1|1|0|1|1|1|1|1|0,1,head_audio_pos_same_start_100hz
M02,dysarthric,Session2,0222,data/processed/torgo_aai_features/M02/Session2/0222.npz,807,0,0|0|0|0|0|0|0|0|0|0|0|0,1|2|3|4|5|6|7|8|9|10|11|12,head_audio_pos_same_start_100hz
M02,dysarthric,Session2,0223,data/processed/torgo_aai_features/M02/Session2/0223.npz,372,10,1|1|1|1|1|0|1|1|1|1|1|0,1|9,head_audio_pos_same_start_100hz
M02,dysarthric,Session2,0224,data/processed/torgo_aai_features/M02/Session2/0224.npz,32,10,1|1|1|1|1|0|1|1|1|1|1|0,1,head_audio_pos_same_start_100hz
M02,dysarthric,Session2,0225,data/processed/torgo_aai_features/M02/Session2/0225.npz,176,10,1|1|1|1|1|0|1|1|1|1|1|0,1|9,head_audio_pos_same_start_100hz
M02,dysarthric,Session2,0226,data/processed/torgo_aai_features/M02/Session2/0226.npz,285,0,0|0|0|0|0|0|0|0|0|0|0|0,1|2|3|4|6|7|8|9|10,head_audio_pos_same_start_100hz
M02,dysarthric,Session2,0227,data/processed/torgo_aai_features/M02/Session2/0227.npz,332,10,1|1|1|1|1|0|1|1|1|1|1|0,1|9,head_audio_pos_same_start_100hz
M02,dysarthric,Session2,0228,data/processed/torgo_aai_features/M02/Session2/0228.npz,701,0,0|0|0|0|0|0|0|0|0|0|0|0,1|2|3|4|5|6|7|8|9|10|11|12,head_audio_pos_same_start_100hz
M02,dysarthric,Session2,0229,data/processed/torgo_aai_features/M02/Session2/0229.npz,358,0,0|0|0|0|0|0|0|0|0|0|0|0,1|2|3|4|6|7|8|10,head_audio_pos_same_start_100hz
M02,dysarthric,Session2,0230,data/processed/torgo_aai_features/M02/Session2/0230.npz,448,0,0|0|0|0|0|0|0|0|0|0|0|0,1|2|3|4|6|7|8|9|10,head_audio_pos_same_start_100hz
M02,dysarthric,Session2,0231,data/processed/torgo_aai_features/M02/Session2/0231.npz,386,10,1|1|1|1|1|0|1|1|1|1|1|0,1,head_audio_pos_same_start_100hz
M02,dysarthric,Session2,0232,data/processed/torgo_aai_features/M02/Session2/0232.npz,872,2,0|1|0|0|0|0|0|1|0|0|0|0,1|2|3|7|8|9|10,head_audio_pos_same_start_100hz
M02,dysarthric,Session2,0233,data/processed/torgo_aai_features/M02/Session2/0233.npz,353,8,1|1|1|1|0|0|1|1|1|1|0|0,1|2|9,head_audio_pos_same_start_100hz
M02,dysarthric,Session2,0234,data/processed/torgo_aai_features/M02/Session2/0234.npz,197,8,1|1|0|1|1|0|1|1|0|1|1|0,1|7|10,head_audio_pos_same_start_100hz
M02,dysarthric,Session2,0235,data/processed/torgo_aai_features/M02/Session2/0235.npz,845,0,0|0|0|0|0|0|0|0|0|0|0|0,1|2|3|4|5|6|7|8|9|10|11|12,head_audio_pos_same_start_100hz
M02,dysarthric,Session2,0236,data/processed/torgo_aai_features/M02/Session2/0236.npz,436,0,0|0|0|0|0|0|0|0|0|0|0|0,1|2|3|4|5|6|7|8|9|10|11|12,head_audio_pos_same_start_100hz
M02,dysarthric,Session2,0237,data/processed/torgo_aai_features/M02/Session2/0237.npz,625,0,0|0|0|0|0|0|0|0|0|0|0|0,1|2|3|4|5|6|7|8|9|10|11|12,head_audio_pos_same_start_100hz
M02,dysarthric,Session2,0238,data/processed/torgo_aai_features/M02/Session2/0238.npz,212,0,0|0|0|0|0|0|0|0|0|0|0|0,1|2|3|4|5|6|7|8|9|10|11|12,head_audio_pos_same_start_100hz
M02,dysarthric,Session2,0239,data/processed/torgo_aai_features/M02/Session2/0239.npz,267,0,0|0|0|0|0|0|0|0|0|0|0|0,1|2|3|4|6|7|8|9|10,head_audio_pos_same_start_100hz
M02,dysarthric,Session2,0240,data/processed/torgo_aai_features/M02/Session2/0240.npz,193,0,0|0|0|0|0|0|0|0|0|0|0|0,1|2|3|4|5|6|7|8|9|10|11|12,head_audio_pos_same_start_100hz
M02,dysarthric,Session2,0241,data/processed/torgo_aai_features/M02/Session2/0241.npz,197,0,0|0|0|0|0|0|0|0|0|0|0|0,1|2|3|4|6|7|8|9|10,head_audio_pos_same_start_100hz
M02,dysarthric,Session2,0242,data/processed/torgo_aai_features/M02/Session2/0242.npz,285,10,1|1|1|1|1|0|1|1|1|1|1|0,1|10,head_audio_pos_same_start_100hz
M03,dysarthric,Session2,0001,data/processed/torgo_aai_features/M03/Session2/0001.npz,561,12,1|1|1|1|1|1|1|1|1|1|1|1,,head_audio_pos_same_start_100hz
M03,dysarthric,Session2,0002,data/processed/torgo_aai_features/M03/Session2/0002.npz,520,12,1|1|1|1|1|1|1|1|1|1|1|1,,head_audio_pos_same_start_100hz
M03,dysarthric,Session2,0003,data/processed/torgo_aai_features/M03/Session2/0003.npz,259,12,1|1|1|1|1|1|1|1|1|1|1|1,,head_audio_pos_same_start_100hz
M03,dysarthric,Session2,0004,data/processed/torgo_aai_features/M03/Session2/0004.npz,235,12,1|1|1|1|1|1|1|1|1|1|1|1,,head_audio_pos_same_start_100hz
M03,dysarthric,Session2,0005,data/processed/torgo_aai_features/M03/Session2/0005.npz,186,12,1|1|1|1|1|1|1|1|1|1|1|1,,head_audio_pos_same_start_100hz
M03,dysarthric,Session2,0006,data/processed/torgo_aai_features/M03/Session2/0006.npz,219,12,1|1|1|1|1|1|1|1|1|1|1|1,,head_audio_pos_same_start_100hz
M03,dysarthric,Session2,0007,data/processed/torgo_aai_features/M03/Session2/0007.npz,235,12,1|1|1|1|1|1|1|1|1|1|1|1,,head_audio_pos_same_start_100hz
M03,dysarthric,Session2,0008,data/processed/torgo_aai_features/M03/Session2/0008.npz,245,12,1|1|1|1|1|1|1|1|1|1|1|1,,head_audio_pos_same_start_100hz
M03,dysarthric,Session2,0009,data/processed/torgo_aai_features/M03/Session2/0009.npz,224,12,1|1|1|1|1|1|1|1|1|1|1|1,,head_audio_pos_same_start_100hz
M03,dysarthric,Session2,0010,data/processed/torgo_aai_features/M03/Session2/0010.npz,238,12,1|1|1|1|1|1|1|1|1|1|1|1,,head_audio_pos_same_start_100hz
M03,dysarthric,Session2,0011,data/processed/torgo_aai_features/M03/Session2/0011.npz,235,12,1|1|1|1|1|1|1|1|1|1|1|1,,head_audio_pos_same_start_100hz
M03,dysarthric,Session2,0012,data/processed/torgo_aai_features/M03/Session2/0012.npz,362,12,1|1|1|1|1|1|1|1|1|1|1|1,,head_audio_pos_same_start_100hz
M03,dysarthric,Session2,0013,data/processed/torgo_aai_features/M03/Session2/0013.npz,384,12,1|1|1|1|1|1|1|1|1|1|1|1,,head_audio_pos_same_start_100hz
M03,dysarthric,Session2,0014,data/processed/torgo_aai_features/M03/Session2/0014.npz,468,12,1|1|1|1|1|1|1|1|1|1|1|1,,head_audio_pos_same_start_100hz
M03,dysarthric,Session2,0015,data/processed/torgo_aai_features/M03/Session2/0015.npz,247,12,1|1|1|1|1|1|1|1|1|1|1|1,,head_audio_pos_same_start_100hz
M03,dysarthric,Session2,0016,data/processed/torgo_aai_features/M03/Session2/0016.npz,225,12,1|1|1|1|1|1|1|1|1|1|1|1,,head_audio_pos_same_start_100hz
M03,dysarthric,Session2,0017,data/processed/torgo_aai_features/M03/Session2/0017.npz,280,12,1|1|1|1|1|1|1|1|1|1|1|1,,head_audio_pos_same_start_100hz
M03,dysarthric,Session2,0018,data/processed/torgo_aai_features/M03/Session2/0018.npz,665,12,1|1|1|1|1|1|1|1|1|1|1|1,,head_audio_pos_same_start_100hz
M03,dysarthric,Session2,0019,data/processed/torgo_aai_features/M03/Session2/0019.npz,687,12,1|1|1|1|1|1|1|1|1|1|1|1,,head_audio_pos_same_start_100hz
M03,dysarthric,Session2,0020,data/processed/torgo_aai_features/M03/Session2/0020.npz,192,12,1|1|1|1|1|1|1|1|1|1|1|1,,head_audio_pos_same_start_100hz
M03,dysarthric,Session2,0021,data/processed/torgo_aai_features/M03/Session2/0021.npz,261,12,1|1|1|1|1|1|1|1|1|1|1|1,,head_audio_pos_same_start_100hz
M03,dysarthric,Session2,0022,data/processed/torgo_aai_features/M03/Session2/0022.npz,255,12,1|1|1|1|1|1|1|1|1|1|1|1,,head_audio_pos_same_start_100hz
M03,dysarthric,Session2,0023,data/processed/torgo_aai_features/M03/Session2/0023.npz,204,12,1|1|1|1|1|1|1|1|1|1|1|1,,head_audio_pos_same_start_100hz
M03,dysarthric,Session2,0024,data/processed/torgo_aai_features/M03/Session2/0024.npz,297,12,1|1|1|1|1|1|1|1|1|1|1|1,,head_audio_pos_same_start_100hz
M03,dysarthric,Session2,0025,data/processed/torgo_aai_features/M03/Session2/0025.npz,235,12,1|1|1|1|1|1|1|1|1|1|1|1,,head_audio_pos_same_start_100hz
M03,dysarthric,Session2,0026,data/processed/torgo_aai_features/M03/Session2/0026.npz,246,12,1|1|1|1|1|1|1|1|1|1|1|1,,head_audio_pos_same_start_100hz
M03,dysarthric,Session2,0027,data/processed/torgo_aai_features/M03/Session2/0027.npz,4316,6,0|1|0|0|1|1|0|1|0|0|1|1,3|7|8|10,head_audio_pos_same_start_100hz
M03,dysarthric,Session2,0028,data/processed/torgo_aai_features/M03/Session2/0028.npz,245,12,1|1|1|1|1|1|1|1|1|1|1|1,,head_audio_pos_same_start_100hz
M03,dysarthric,Session2,0029,data/processed/torgo_aai_features/M03/Session2/0029.npz,606,12,1|1|1|1|1|1|1|1|1|1|1|1,,head_audio_pos_same_start_100hz
M03,dysarthric,Session2,0030,data/processed/torgo_aai_features/M03/Session2/0030.npz,200,12,1|1|1|1|1|1|1|1|1|1|1|1,,head_audio_pos_same_start_100hz
M03,dysarthric,Session2,0031,data/processed/torgo_aai_features/M03/Session2/0031.npz,227,12,1|1|1|1|1|1|1|1|1|1|1|1,,head_audio_pos_same_start_100hz
M03,dysarthric,Session2,0032,data/processed/torgo_aai_features/M03/Session2/0032.npz,205,12,1|1|1|1|1|1|1|1|1|1|1|1,,head_audio_pos_same_start_100hz
M03,dysarthric,Session2,0033,data/processed/torgo_aai_features/M03/Session2/0033.npz,398,12,1|1|1|1|1|1|1|1|1|1|1|1,,head_audio_pos_same_start_100hz
M03,dysarthric,Session2,0034,data/processed/torgo_aai_features/M03/Session2/0034.npz,291,12,1|1|1|1|1|1|1|1|1|1|1|1,,head_audio_pos_same_start_100hz
M03,dysarthric,Session2,0035,data/processed/torgo_aai_features/M03/Session2/0035.npz,229,12,1|1|1|1|1|1|1|1|1|1|1|1,,head_audio_pos_same_start_100hz
M03,dysarthric,Session2,0036,data/processed/torgo_aai_features/M03/Session2/0036.npz,716,12,1|1|1|1|1|1|1|1|1|1|1|1,,head_audio_pos_same_start_100hz
M03,dysarthric,Session2,0037,data/processed/torgo_aai_features/M03/Session2/0037.npz,249,12,1|1|1|1|1|1|1|1|1|1|1|1,,head_audio_pos_same_start_100hz
M03,dysarthric,Session2,0038,data/processed/torgo_aai_features/M03/Session2/0038.npz,271,12,1|1|1|1|1|1|1|1|1|1|1|1,,head_audio_pos_same_start_100hz
M03,dysarthric,Session2,0039,data/processed/torgo_aai_features/M03/Session2/0039.npz,285,12,1|1|1|1|1|1|1|1|1|1|1|1,,head_audio_pos_same_start_100hz
M03,dysarthric,Session2,0040,data/processed/torgo_aai_features/M03/Session2/0040.npz,269,12,1|1|1|1|1|1|1|1|1|1|1|1,,head_audio_pos_same_start_100hz
M03,dysarthric,Session2,0041,data/processed/torgo_aai_features/M03/Session2/0041.npz,254,12,1|1|1|1|1|1|1|1|1|1|1|1,,head_audio_pos_same_start_100hz
M03,dysarthric,Session2,0042,data/processed/torgo_aai_features/M03/Session2/0042.npz,417,12,1|1|1|1|1|1|1|1|1|1|1|1,,head_audio_pos_same_start_100hz
M03,dysarthric,Session2,0043,data/processed/torgo_aai_features/M03/Session2/0043.npz,262,12,1|1|1|1|1|1|1|1|1|1|1|1,,head_audio_pos_same_start_100hz
M03,dysarthric,Session2,0044,data/processed/torgo_aai_features/M03/Session2/0044.npz,275,12,1|1|1|1|1|1|1|1|1|1|1|1,,head_audio_pos_same_start_100hz
M03,dysarthric,Session2,0045,data/processed/torgo_aai_features/M03/Session2/0045.npz,514,12,1|1|1|1|1|1|1|1|1|1|1|1,,head_audio_pos_same_start_100hz
M03,dysarthric,Session2,0046,data/processed/torgo_aai_features/M03/Session2/0046.npz,231,12,1|1|1|1|1|1|1|1|1|1|1|1,,head_audio_pos_same_start_100hz
M03,dysarthric,Session2,0047,data/processed/torgo_aai_features/M03/Session2/0047.npz,265,12,1|1|1|1|1|1|1|1|1|1|1|1,,head_audio_pos_same_start_100hz
M03,dysarthric,Session2,0048,data/processed/torgo_aai_features/M03/Session2/0048.npz,276,12,1|1|1|1|1|1|1|1|1|1|1|1,,head_audio_pos_same_start_100hz
M03,dysarthric,Session2,0049,data/processed/torgo_aai_features/M03/Session2/0049.npz,188,12,1|1|1|1|1|1|1|1|1|1|1|1,,head_audio_pos_same_start_100hz
M03,dysarthric,Session2,0050,data/processed/torgo_aai_features/M03/Session2/0050.npz,222,12,1|1|1|1|1|1|1|1|1|1|1|1,,head_audio_pos_same_start_100hz
M03,dysarthric,Session2,0051,data/processed/torgo_aai_features/M03/Session2/0051.npz,213,12,1|1|1|1|1|1|1|1|1|1|1|1,,head_audio_pos_same_start_100hz
M03,dysarthric,Session2,0052,data/processed/torgo_aai_features/M03/Session2/0052.npz,292,12,1|1|1|1|1|1|1|1|1|1|1|1,,head_audio_pos_same_start_100hz
M03,dysarthric,Session2,0053,data/processed/torgo_aai_features/M03/Session2/0053.npz,203,12,1|1|1|1|1|1|1|1|1|1|1|1,,head_audio_pos_same_start_100hz
M03,dysarthric,Session2,0054,data/processed/torgo_aai_features/M03/Session2/0054.npz,226,12,1|1|1|1|1|1|1|1|1|1|1|1,,head_audio_pos_same_start_100hz
M03,dysarthric,Session2,0055,data/processed/torgo_aai_features/M03/Session2/0055.npz,242,12,1|1|1|1|1|1|1|1|1|1|1|1,,head_audio_pos_same_start_100hz
M03,dysarthric,Session2,0056,data/processed/torgo_aai_features/M03/Session2/0056.npz,202,12,1|1|1|1|1|1|1|1|1|1|1|1,,head_audio_pos_same_start_100hz
M03,dysarthric,Session2,0057,data/processed/torgo_aai_features/M03/Session2/0057.npz,373,12,1|1|1|1|1|1|1|1|1|1|1|1,,head_audio_pos_same_start_100hz
M03,dysarthric,Session2,0058,data/processed/torgo_aai_features/M03/Session2/0058.npz,292,12,1|1|1|1|1|1|1|1|1|1|1|1,,head_audio_pos_same_start_100hz
M03,dysarthric,Session2,0059,data/processed/torgo_aai_features/M03/Session2/0059.npz,249,12,1|1|1|1|1|1|1|1|1|1|1|1,,head_audio_pos_same_start_100hz
M03,dysarthric,Session2,0060,data/processed/torgo_aai_features/M03/Session2/0060.npz,252,12,1|1|1|1|1|1|1|1|1|1|1|1,,head_audio_pos_same_start_100hz
M03,dysarthric,Session2,0061,data/processed/torgo_aai_features/M03/Session2/0061.npz,204,12,1|1|1|1|1|1|1|1|1|1|1|1,,head_audio_pos_same_start_100hz
M03,dysarthric,Session2,0062,data/processed/torgo_aai_features/M03/Session2/0062.npz,295,12,1|1|1|1|1|1|1|1|1|1|1|1,,head_audio_pos_same_start_100hz
M03,dysarthric,Session2,0063,data/processed/torgo_aai_features/M03/Session2/0063.npz,258,12,1|1|1|1|1|1|1|1|1|1|1|1,,head_audio_pos_same_start_100hz
M03,dysarthric,Session2,0064,data/processed/torgo_aai_features/M03/Session2/0064.npz,285,12,1|1|1|1|1|1|1|1|1|1|1|1,,head_audio_pos_same_start_100hz
M03,dysarthric,Session2,0065,data/processed/torgo_aai_features/M03/Session2/0065.npz,456,12,1|1|1|1|1|1|1|1|1|1|1|1,,head_audio_pos_same_start_100hz
M03,dysarthric,Session2,0066,data/processed/torgo_aai_features/M03/Session2/0066.npz,211,12,1|1|1|1|1|1|1|1|1|1|1|1,,head_audio_pos_same_start_100hz
M03,dysarthric,Session2,0067,data/processed/torgo_aai_features/M03/Session2/0067.npz,238,12,1|1|1|1|1|1|1|1|1|1|1|1,,head_audio_pos_same_start_100hz
M03,dysarthric,Session2,0068,data/processed/torgo_aai_features/M03/Session2/0068.npz,304,12,1|1|1|1|1|1|1|1|1|1|1|1,,head_audio_pos_same_start_100hz
M03,dysarthric,Session2,0069,data/processed/torgo_aai_features/M03/Session2/0069.npz,360,12,1|1|1|1|1|1|1|1|1|1|1|1,,head_audio_pos_same_start_100hz
M03,dysarthric,Session2,0070,data/processed/torgo_aai_features/M03/Session2/0070.npz,222,12,1|1|1|1|1|1|1|1|1|1|1|1,,head_audio_pos_same_start_100hz
M03,dysarthric,Session2,0071,data/processed/torgo_aai_features/M03/Session2/0071.npz,239,12,1|1|1|1|1|1|1|1|1|1|1|1,,head_audio_pos_same_start_100hz
M03,dysarthric,Session2,0072,data/processed/torgo_aai_features/M03/Session2/0072.npz,235,12,1|1|1|1|1|1|1|1|1|1|1|1,,head_audio_pos_same_start_100hz
M03,dysarthric,Session2,0073,data/processed/torgo_aai_features/M03/Session2/0073.npz,4181,8,1|1|0|1|1|0|1|1|0|1|1|0,1|7,head_audio_pos_same_start_100hz
M03,dysarthric,Session2,0074,data/processed/torgo_aai_features/M03/Session2/0074.npz,376,12,1|1|1|1|1|1|1|1|1|1|1|1,,head_audio_pos_same_start_100hz
M03,dysarthric,Session2,0075,data/processed/torgo_aai_features/M03/Session2/0075.npz,206,12,1|1|1|1|1|1|1|1|1|1|1|1,,head_audio_pos_same_start_100hz
M03,dysarthric,Session2,0076,data/processed/torgo_aai_features/M03/Session2/0076.npz,220,12,1|1|1|1|1|1|1|1|1|1|1|1,,head_audio_pos_same_start_100hz
M03,dysarthric,Session2,0077,data/processed/torgo_aai_features/M03/Session2/0077.npz,224,12,1|1|1|1|1|1|1|1|1|1|1|1,,head_audio_pos_same_start_100hz
M03,dysarthric,Session2,0078,data/processed/torgo_aai_features/M03/Session2/0078.npz,230,12,1|1|1|1|1|1|1|1|1|1|1|1,,head_audio_pos_same_start_100hz
M03,dysarthric,Session2,0079,data/processed/torgo_aai_features/M03/Session2/0079.npz,228,12,1|1|1|1|1|1|1|1|1|1|1|1,,head_audio_pos_same_start_100hz
M03,dysarthric,Session2,0080,data/processed/torgo_aai_features/M03/Session2/0080.npz,223,12,1|1|1|1|1|1|1|1|1|1|1|1,,head_audio_pos_same_start_100hz
M03,dysarthric,Session2,0081,data/processed/torgo_aai_features/M03/Session2/0081.npz,284,12,1|1|1|1|1|1|1|1|1|1|1|1,,head_audio_pos_same_start_100hz
M03,dysarthric,Session2,0082,data/processed/torgo_aai_features/M03/Session2/0082.npz,267,12,1|1|1|1|1|1|1|1|1|1|1|1,,head_audio_pos_same_start_100hz
M03,dysarthric,Session2,0083,data/processed/torgo_aai_features/M03/Session2/0083.npz,209,12,1|1|1|1|1|1|1|1|1|1|1|1,,head_audio_pos_same_start_100hz
M03,dysarthric,Session2,0084,data/processed/torgo_aai_features/M03/Session2/0084.npz,187,12,1|1|1|1|1|1|1|1|1|1|1|1,,head_audio_pos_same_start_100hz
M03,dysarthric,Session2,0085,data/processed/torgo_aai_features/M03/Session2/0085.npz,198,12,1|1|1|1|1|1|1|1|1|1|1|1,,head_audio_pos_same_start_100hz
M03,dysarthric,Session2,0086,data/processed/torgo_aai_features/M03/Session2/0086.npz,537,12,1|1|1|1|1|1|1|1|1|1|1|1,,head_audio_pos_same_start_100hz
M03,dysarthric,Session2,0087,data/processed/torgo_aai_features/M03/Session2/0087.npz,238,12,1|1|1|1|1|1|1|1|1|1|1|1,,head_audio_pos_same_start_100hz
M03,dysarthric,Session2,0088,data/processed/torgo_aai_features/M03/Session2/0088.npz,229,12,1|1|1|1|1|1|1|1|1|1|1|1,,head_audio_pos_same_start_100hz
M03,dysarthric,Session2,0089,data/processed/torgo_aai_features/M03/Session2/0089.npz,287,12,1|1|1|1|1|1|1|1|1|1|1|1,,head_audio_pos_same_start_100hz
M03,dysarthric,Session2,0090,data/processed/torgo_aai_features/M03/Session2/0090.npz,211,12,1|1|1|1|1|1|1|1|1|1|1|1,,head_audio_pos_same_start_100hz
M03,dysarthric,Session2,0091,data/processed/torgo_aai_features/M03/Session2/0091.npz,217,12,1|1|1|1|1|1|1|1|1|1|1|1,,head_audio_pos_same_start_100hz
M03,dysarthric,Session2,0092,data/processed/torgo_aai_features/M03/Session2/0092.npz,225,12,1|1|1|1|1|1|1|1|1|1|1|1,,head_audio_pos_same_start_100hz
M03,dysarthric,Session2,0093,data/processed/torgo_aai_features/M03/Session2/0093.npz,215,12,1|1|1|1|1|1|1|1|1|1|1|1,,head_audio_pos_same_start_100hz
M03,dysarthric,Session2,0094,data/processed/torgo_aai_features/M03/Session2/0094.npz,801,12,1|1|1|1|1|1|1|1|1|1|1|1,,head_audio_pos_same_start_100hz
M03,dysarthric,Session2,0095,data/processed/torgo_aai_features/M03/Session2/0095.npz,300,12,1|1|1|1|1|1|1|1|1|1|1|1,,head_audio_pos_same_start_100hz
M03,dysarthric,Session2,0096,data/processed/torgo_aai_features/M03/Session2/0096.npz,601,12,1|1|1|1|1|1|1|1|1|1|1|1,,head_audio_pos_same_start_100hz
M03,dysarthric,Session2,0097,data/processed/torgo_aai_features/M03/Session2/0097.npz,302,12,1|1|1|1|1|1|1|1|1|1|1|1,,head_audio_pos_same_start_100hz
M03,dysarthric,Session2,0098,data/processed/torgo_aai_features/M03/Session2/0098.npz,480,12,1|1|1|1|1|1|1|1|1|1|1|1,,head_audio_pos_same_start_100hz
M03,dysarthric,Session2,0099,data/processed/torgo_aai_features/M03/Session2/0099.npz,583,12,1|1|1|1|1|1|1|1|1|1|1|1,,head_audio_pos_same_start_100hz
M03,dysarthric,Session2,0100,data/processed/torgo_aai_features/M03/Session2/0100.npz,552,12,1|1|1|1|1|1|1|1|1|1|1|1,,head_audio_pos_same_start_100hz
M03,dysarthric,Session2,0101,data/processed/torgo_aai_features/M03/Session2/0101.npz,621,12,1|1|1|1|1|1|1|1|1|1|1|1,,head_audio_pos_same_start_100hz
M03,dysarthric,Session2,0102,data/processed/torgo_aai_features/M03/Session2/0102.npz,716,12,1|1|1|1|1|1|1|1|1|1|1|1,,head_audio_pos_same_start_100hz
M03,dysarthric,Session2,0103,data/processed/torgo_aai_features/M03/Session2/0103.npz,234,12,1|1|1|1|1|1|1|1|1|1|1|1,,head_audio_pos_same_start_100hz
M03,dysarthric,Session2,0104,data/processed/torgo_aai_features/M03/Session2/0104.npz,232,12,1|1|1|1|1|1|1|1|1|1|1|1,,head_audio_pos_same_start_100hz
M03,dysarthric,Session2,0105,data/processed/torgo_aai_features/M03/Session2/0105.npz,250,12,1|1|1|1|1|1|1|1|1|1|1|1,,head_audio_pos_same_start_100hz
M03,dysarthric,Session2,0106,data/processed/torgo_aai_features/M03/Session2/0106.npz,282,12,1|1|1|1|1|1|1|1|1|1|1|1,,head_audio_pos_same_start_100hz
M03,dysarthric,Session2,0107,data/processed/torgo_aai_features/M03/Session2/0107.npz,463,12,1|1|1|1|1|1|1|1|1|1|1|1,,head_audio_pos_same_start_100hz
M03,dysarthric,Session2,0108,data/processed/torgo_aai_features/M03/Session2/0108.npz,286,12,1|1|1|1|1|1|1|1|1|1|1|1,,head_audio_pos_same_start_100hz
M03,dysarthric,Session2,0109,data/processed/torgo_aai_features/M03/Session2/0109.npz,278,10,1|1|1|1|1|0|1|1|1|1|1|0,1,head_audio_pos_same_start_100hz
M03,dysarthric,Session2,0110,data/processed/torgo_aai_features/M03/Session2/0110.npz,273,12,1|1|1|1|1|1|1|1|1|1|1|1,,head_audio_pos_same_start_100hz
M03,dysarthric,Session2,0111,data/processed/torgo_aai_features/M03/Session2/0111.npz,419,12,1|1|1|1|1|1|1|1|1|1|1|1,,head_audio_pos_same_start_100hz
M03,dysarthric,Session2,0112,data/processed/torgo_aai_features/M03/Session2/0112.npz,300,12,1|1|1|1|1|1|1|1|1|1|1|1,,head_audio_pos_same_start_100hz
M03,dysarthric,Session2,0113,data/processed/torgo_aai_features/M03/Session2/0113.npz,266,12,1|1|1|1|1|1|1|1|1|1|1|1,,head_audio_pos_same_start_100hz
M03,dysarthric,Session2,0114,data/processed/torgo_aai_features/M03/Session2/0114.npz,235,12,1|1|1|1|1|1|1|1|1|1|1|1,,head_audio_pos_same_start_100hz
M03,dysarthric,Session2,0115,data/processed/torgo_aai_features/M03/Session2/0115.npz,426,12,1|1|1|1|1|1|1|1|1|1|1|1,,head_audio_pos_same_start_100hz
M03,dysarthric,Session2,0116,data/processed/torgo_aai_features/M03/Session2/0116.npz,253,12,1|1|1|1|1|1|1|1|1|1|1|1,,head_audio_pos_same_start_100hz
M03,dysarthric,Session2,0117,data/processed/torgo_aai_features/M03/Session2/0117.npz,416,12,1|1|1|1|1|1|1|1|1|1|1|1,,head_audio_pos_same_start_100hz
M03,dysarthric,Session2,0118,data/processed/torgo_aai_features/M03/Session2/0118.npz,537,12,1|1|1|1|1|1|1|1|1|1|1|1,,head_audio_pos_same_start_100hz
M03,dysarthric,Session2,0119,data/processed/torgo_aai_features/M03/Session2/0119.npz,432,12,1|1|1|1|1|1|1|1|1|1|1|1,,head_audio_pos_same_start_100hz
M03,dysarthric,Session2,0120,data/processed/torgo_aai_features/M03/Session2/0120.npz,274,12,1|1|1|1|1|1|1|1|1|1|1|1,,head_audio_pos_same_start_100hz
M03,dysarthric,Session2,0121,data/processed/torgo_aai_features/M03/Session2/0121.npz,226,12,1|1|1|1|1|1|1|1|1|1|1|1,,head_audio_pos_same_start_100hz
M03,dysarthric,Session2,0122,data/processed/torgo_aai_features/M03/Session2/0122.npz,263,12,1|1|1|1|1|1|1|1|1|1|1|1,,head_audio_pos_same_start_100hz
M03,dysarthric,Session2,0123,data/processed/torgo_aai_features/M03/Session2/0123.npz,282,12,1|1|1|1|1|1|1|1|1|1|1|1,,head_audio_pos_same_start_100hz
M03,dysarthric,Session2,0124,data/processed/torgo_aai_features/M03/Session2/0124.npz,245,12,1|1|1|1|1|1|1|1|1|1|1|1,,head_audio_pos_same_start_100hz
M03,dysarthric,Session2,0125,data/processed/torgo_aai_features/M03/Session2/0125.npz,318,12,1|1|1|1|1|1|1|1|1|1|1|1,,head_audio_pos_same_start_100hz
M03,dysarthric,Session2,0126,data/processed/torgo_aai_features/M03/Session2/0126.npz,233,12,1|1|1|1|1|1|1|1|1|1|1|1,,head_audio_pos_same_start_100hz
M03,dysarthric,Session2,0127,data/processed/torgo_aai_features/M03/Session2/0127.npz,233,12,1|1|1|1|1|1|1|1|1|1|1|1,,head_audio_pos_same_start_100hz
M03,dysarthric,Session2,0128,data/processed/torgo_aai_features/M03/Session2/0128.npz,500,12,1|1|1|1|1|1|1|1|1|1|1|1,,head_audio_pos_same_start_100hz
M03,dysarthric,Session2,0129,data/processed/torgo_aai_features/M03/Session2/0129.npz,338,12,1|1|1|1|1|1|1|1|1|1|1|1,,head_audio_pos_same_start_100hz
M03,dysarthric,Session2,0130,data/processed/torgo_aai_features/M03/Session2/0130.npz,188,12,1|1|1|1|1|1|1|1|1|1|1|1,,head_audio_pos_same_start_100hz
M03,dysarthric,Session2,0131,data/processed/torgo_aai_features/M03/Session2/0131.npz,230,12,1|1|1|1|1|1|1|1|1|1|1|1,,head_audio_pos_same_start_100hz
M03,dysarthric,Session2,0132,data/processed/torgo_aai_features/M03/Session2/0132.npz,249,12,1|1|1|1|1|1|1|1|1|1|1|1,,head_audio_pos_same_start_100hz
M03,dysarthric,Session2,0133,data/processed/torgo_aai_features/M03/Session2/0133.npz,264,12,1|1|1|1|1|1|1|1|1|1|1|1,,head_audio_pos_same_start_100hz
M03,dysarthric,Session2,0134,data/processed/torgo_aai_features/M03/Session2/0134.npz,221,12,1|1|1|1|1|1|1|1|1|1|1|1,,head_audio_pos_same_start_100hz
M03,dysarthric,Session2,0135,data/processed/torgo_aai_features/M03/Session2/0135.npz,435,12,1|1|1|1|1|1|1|1|1|1|1|1,,head_audio_pos_same_start_100hz
M03,dysarthric,Session2,0136,data/processed/torgo_aai_features/M03/Session2/0136.npz,223,12,1|1|1|1|1|1|1|1|1|1|1|1,,head_audio_pos_same_start_100hz
M03,dysarthric,Session2,0137,data/processed/torgo_aai_features/M03/Session2/0137.npz,258,12,1|1|1|1|1|1|1|1|1|1|1|1,,head_audio_pos_same_start_100hz
M03,dysarthric,Session2,0138,data/processed/torgo_aai_features/M03/Session2/0138.npz,419,10,1|1|1|1|1|0|1|1|1|1|1|0,1,head_audio_pos_same_start_100hz
M03,dysarthric,Session2,0139,data/processed/torgo_aai_features/M03/Session2/0139.npz,225,12,1|1|1|1|1|1|1|1|1|1|1|1,,head_audio_pos_same_start_100hz
M03,dysarthric,Session2,0140,data/processed/torgo_aai_features/M03/Session2/0140.npz,232,12,1|1|1|1|1|1|1|1|1|1|1|1,,head_audio_pos_same_start_100hz
M03,dysarthric,Session2,0141,data/processed/torgo_aai_features/M03/Session2/0141.npz,247,12,1|1|1|1|1|1|1|1|1|1|1|1,,head_audio_pos_same_start_100hz
M03,dysarthric,Session2,0142,data/processed/torgo_aai_features/M03/Session2/0142.npz,281,12,1|1|1|1|1|1|1|1|1|1|1|1,,head_audio_pos_same_start_100hz
M03,dysarthric,Session2,0143,data/processed/torgo_aai_features/M03/Session2/0143.npz,209,12,1|1|1|1|1|1|1|1|1|1|1|1,,head_audio_pos_same_start_100hz
M03,dysarthric,Session2,0144,data/processed/torgo_aai_features/M03/Session2/0144.npz,412,12,1|1|1|1|1|1|1|1|1|1|1|1,,head_audio_pos_same_start_100hz
M03,dysarthric,Session2,0145,data/processed/torgo_aai_features/M03/Session2/0145.npz,270,12,1|1|1|1|1|1|1|1|1|1|1|1,,head_audio_pos_same_start_100hz
M03,dysarthric,Session2,0146,data/processed/torgo_aai_features/M03/Session2/0146.npz,227,12,1|1|1|1|1|1|1|1|1|1|1|1,,head_audio_pos_same_start_100hz
M03,dysarthric,Session2,0147,data/processed/torgo_aai_features/M03/Session2/0147.npz,261,12,1|1|1|1|1|1|1|1|1|1|1|1,,head_audio_pos_same_start_100hz
M03,dysarthric,Session2,0148,data/processed/torgo_aai_features/M03/Session2/0148.npz,240,12,1|1|1|1|1|1|1|1|1|1|1|1,,head_audio_pos_same_start_100hz
M03,dysarthric,Session2,0149,data/processed/torgo_aai_features/M03/Session2/0149.npz,233,12,1|1|1|1|1|1|1|1|1|1|1|1,,head_audio_pos_same_start_100hz
M03,dysarthric,Session2,0150,data/processed/torgo_aai_features/M03/Session2/0150.npz,204,12,1|1|1|1|1|1|1|1|1|1|1|1,,head_audio_pos_same_start_100hz
M03,dysarthric,Session2,0151,data/processed/torgo_aai_features/M03/Session2/0151.npz,479,12,1|1|1|1|1|1|1|1|1|1|1|1,,head_audio_pos_same_start_100hz
M03,dysarthric,Session2,0152,data/processed/torgo_aai_features/M03/Session2/0152.npz,259,12,1|1|1|1|1|1|1|1|1|1|1|1,,head_audio_pos_same_start_100hz
M03,dysarthric,Session2,0153,data/processed/torgo_aai_features/M03/Session2/0153.npz,239,12,1|1|1|1|1|1|1|1|1|1|1|1,,head_audio_pos_same_start_100hz
M03,dysarthric,Session2,0154,data/processed/torgo_aai_features/M03/Session2/0154.npz,282,12,1|1|1|1|1|1|1|1|1|1|1|1,,head_audio_pos_same_start_100hz
M03,dysarthric,Session2,0155,data/processed/torgo_aai_features/M03/Session2/0155.npz,482,12,1|1|1|1|1|1|1|1|1|1|1|1,,head_audio_pos_same_start_100hz
M03,dysarthric,Session2,0156,data/processed/torgo_aai_features/M03/Session2/0156.npz,251,12,1|1|1|1|1|1|1|1|1|1|1|1,,head_audio_pos_same_start_100hz
M03,dysarthric,Session2,0157,data/processed/torgo_aai_features/M03/Session2/0157.npz,231,12,1|1|1|1|1|1|1|1|1|1|1|1,,head_audio_pos_same_start_100hz
M03,dysarthric,Session2,0158,data/processed/torgo_aai_features/M03/Session2/0158.npz,249,12,1|1|1|1|1|1|1|1|1|1|1|1,,head_audio_pos_same_start_100hz
M03,dysarthric,Session2,0159,data/processed/torgo_aai_features/M03/Session2/0159.npz,230,12,1|1|1|1|1|1|1|1|1|1|1|1,,head_audio_pos_same_start_100hz
M03,dysarthric,Session2,0160,data/processed/torgo_aai_features/M03/Session2/0160.npz,218,12,1|1|1|1|1|1|1|1|1|1|1|1,,head_audio_pos_same_start_100hz
M03,dysarthric,Session2,0161,data/processed/torgo_aai_features/M03/Session2/0161.npz,238,12,1|1|1|1|1|1|1|1|1|1|1|1,,head_audio_pos_same_start_100hz
M03,dysarthric,Session2,0162,data/processed/torgo_aai_features/M03/Session2/0162.npz,365,12,1|1|1|1|1|1|1|1|1|1|1|1,,head_audio_pos_same_start_100hz
M03,dysarthric,Session2,0163,data/processed/torgo_aai_features/M03/Session2/0163.npz,239,12,1|1|1|1|1|1|1|1|1|1|1|1,,head_audio_pos_same_start_100hz
M03,dysarthric,Session2,0164,data/processed/torgo_aai_features/M03/Session2/0164.npz,387,12,1|1|1|1|1|1|1|1|1|1|1|1,,head_audio_pos_same_start_100hz
M03,dysarthric,Session2,0165,data/processed/torgo_aai_features/M03/Session2/0165.npz,339,12,1|1|1|1|1|1|1|1|1|1|1|1,,head_audio_pos_same_start_100hz
M03,dysarthric,Session2,0166,data/processed/torgo_aai_features/M03/Session2/0166.npz,375,12,1|1|1|1|1|1|1|1|1|1|1|1,,head_audio_pos_same_start_100hz
M03,dysarthric,Session2,0167,data/processed/torgo_aai_features/M03/Session2/0167.npz,213,12,1|1|1|1|1|1|1|1|1|1|1|1,,head_audio_pos_same_start_100hz
M03,dysarthric,Session2,0168,data/processed/torgo_aai_features/M03/Session2/0168.npz,333,12,1|1|1|1|1|1|1|1|1|1|1|1,,head_audio_pos_same_start_100hz
M03,dysarthric,Session2,0169,data/processed/torgo_aai_features/M03/Session2/0169.npz,351,12,1|1|1|1|1|1|1|1|1|1|1|1,,head_audio_pos_same_start_100hz
M03,dysarthric,Session2,0170,data/processed/torgo_aai_features/M03/Session2/0170.npz,181,12,1|1|1|1|1|1|1|1|1|1|1|1,,head_audio_pos_same_start_100hz
M03,dysarthric,Session2,0171,data/processed/torgo_aai_features/M03/Session2/0171.npz,223,12,1|1|1|1|1|1|1|1|1|1|1|1,,head_audio_pos_same_start_100hz
M03,dysarthric,Session2,0172,data/processed/torgo_aai_features/M03/Session2/0172.npz,208,12,1|1|1|1|1|1|1|1|1|1|1|1,,head_audio_pos_same_start_100hz
M03,dysarthric,Session2,0173,data/processed/torgo_aai_features/M03/Session2/0173.npz,236,12,1|1|1|1|1|1|1|1|1|1|1|1,,head_audio_pos_same_start_100hz
M03,dysarthric,Session2,0174,data/processed/torgo_aai_features/M03/Session2/0174.npz,257,12,1|1|1|1|1|1|1|1|1|1|1|1,,head_audio_pos_same_start_100hz
M03,dysarthric,Session2,0175,data/processed/torgo_aai_features/M03/Session2/0175.npz,228,12,1|1|1|1|1|1|1|1|1|1|1|1,,head_audio_pos_same_start_100hz
M03,dysarthric,Session2,0176,data/processed/torgo_aai_features/M03/Session2/0176.npz,233,12,1|1|1|1|1|1|1|1|1|1|1|1,,head_audio_pos_same_start_100hz
M03,dysarthric,Session2,0177,data/processed/torgo_aai_features/M03/Session2/0177.npz,254,12,1|1|1|1|1|1|1|1|1|1|1|1,,head_audio_pos_same_start_100hz
M03,dysarthric,Session2,0178,data/processed/torgo_aai_features/M03/Session2/0178.npz,262,12,1|1|1|1|1|1|1|1|1|1|1|1,,head_audio_pos_same_start_100hz
M03,dysarthric,Session2,0179,data/processed/torgo_aai_features/M03/Session2/0179.npz,343,12,1|1|1|1|1|1|1|1|1|1|1|1,,head_audio_pos_same_start_100hz
M03,dysarthric,Session2,0180,data/processed/torgo_aai_features/M03/Session2/0180.npz,306,12,1|1|1|1|1|1|1|1|1|1|1|1,,head_audio_pos_same_start_100hz
M03,dysarthric,Session2,0181,data/processed/torgo_aai_features/M03/Session2/0181.npz,209,12,1|1|1|1|1|1|1|1|1|1|1|1,,head_audio_pos_same_start_100hz
M03,dysarthric,Session2,0182,data/processed/torgo_aai_features/M03/Session2/0182.npz,313,12,1|1|1|1|1|1|1|1|1|1|1|1,,head_audio_pos_same_start_100hz
M03,dysarthric,Session2,0183,data/processed/torgo_aai_features/M03/Session2/0183.npz,4109,12,1|1|1|1|1|1|1|1|1|1|1|1,,head_audio_pos_same_start_100hz
M03,dysarthric,Session2,0184,data/processed/torgo_aai_features/M03/Session2/0184.npz,506,12,1|1|1|1|1|1|1|1|1|1|1|1,,head_audio_pos_same_start_100hz
M03,dysarthric,Session2,0185,data/processed/torgo_aai_features/M03/Session2/0185.npz,401,12,1|1|1|1|1|1|1|1|1|1|1|1,,head_audio_pos_same_start_100hz
M03,dysarthric,Session2,0186,data/processed/torgo_aai_features/M03/Session2/0186.npz,242,12,1|1|1|1|1|1|1|1|1|1|1|1,,head_audio_pos_same_start_100hz
M03,dysarthric,Session2,0187,data/processed/torgo_aai_features/M03/Session2/0187.npz,458,12,1|1|1|1|1|1|1|1|1|1|1|1,,head_audio_pos_same_start_100hz
M03,dysarthric,Session2,0188,data/processed/torgo_aai_features/M03/Session2/0188.npz,239,12,1|1|1|1|1|1|1|1|1|1|1|1,,head_audio_pos_same_start_100hz
M03,dysarthric,Session2,0189,data/processed/torgo_aai_features/M03/Session2/0189.npz,266,12,1|1|1|1|1|1|1|1|1|1|1|1,,head_audio_pos_same_start_100hz
M03,dysarthric,Session2,0190,data/processed/torgo_aai_features/M03/Session2/0190.npz,252,12,1|1|1|1|1|1|1|1|1|1|1|1,,head_audio_pos_same_start_100hz
M03,dysarthric,Session2,0191,data/processed/torgo_aai_features/M03/Session2/0191.npz,265,12,1|1|1|1|1|1|1|1|1|1|1|1,,head_audio_pos_same_start_100hz
M03,dysarthric,Session2,0192,data/processed/torgo_aai_features/M03/Session2/0192.npz,419,12,1|1|1|1|1|1|1|1|1|1|1|1,,head_audio_pos_same_start_100hz
M03,dysarthric,Session2,0193,data/processed/torgo_aai_features/M03/Session2/0193.npz,259,12,1|1|1|1|1|1|1|1|1|1|1|1,,head_audio_pos_same_start_100hz
M03,dysarthric,Session2,0194,data/processed/torgo_aai_features/M03/Session2/0194.npz,356,12,1|1|1|1|1|1|1|1|1|1|1|1,,head_audio_pos_same_start_100hz
M03,dysarthric,Session2,0195,data/processed/torgo_aai_features/M03/Session2/0195.npz,322,12,1|1|1|1|1|1|1|1|1|1|1|1,,head_audio_pos_same_start_100hz
M03,dysarthric,Session2,0196,data/processed/torgo_aai_features/M03/Session2/0196.npz,398,12,1|1|1|1|1|1|1|1|1|1|1|1,,head_audio_pos_same_start_100hz
M03,dysarthric,Session2,0197,data/processed/torgo_aai_features/M03/Session2/0197.npz,260,12,1|1|1|1|1|1|1|1|1|1|1|1,,head_audio_pos_same_start_100hz
M03,dysarthric,Session2,0198,data/processed/torgo_aai_features/M03/Session2/0198.npz,376,12,1|1|1|1|1|1|1|1|1|1|1|1,,head_audio_pos_same_start_100hz
M03,dysarthric,Session2,0199,data/processed/torgo_aai_features/M03/Session2/0199.npz,386,12,1|1|1|1|1|1|1|1|1|1|1|1,,head_audio_pos_same_start_100hz
M03,dysarthric,Session2,0200,data/processed/torgo_aai_features/M03/Session2/0200.npz,361,12,1|1|1|1|1|1|1|1|1|1|1|1,,head_audio_pos_same_start_100hz
M03,dysarthric,Session2,0201,data/processed/torgo_aai_features/M03/Session2/0201.npz,238,12,1|1|1|1|1|1|1|1|1|1|1|1,,head_audio_pos_same_start_100hz
M03,dysarthric,Session2,0202,data/processed/torgo_aai_features/M03/Session2/0202.npz,243,12,1|1|1|1|1|1|1|1|1|1|1|1,,head_audio_pos_same_start_100hz
M03,dysarthric,Session2,0203,data/processed/torgo_aai_features/M03/Session2/0203.npz,210,12,1|1|1|1|1|1|1|1|1|1|1|1,,head_audio_pos_same_start_100hz
M03,dysarthric,Session2,0204,data/processed/torgo_aai_features/M03/Session2/0204.npz,222,12,1|1|1|1|1|1|1|1|1|1|1|1,,head_audio_pos_same_start_100hz
M03,dysarthric,Session2,0205,data/processed/torgo_aai_features/M03/Session2/0205.npz,190,12,1|1|1|1|1|1|1|1|1|1|1|1,,head_audio_pos_same_start_100hz
M03,dysarthric,Session2,0206,data/processed/torgo_aai_features/M03/Session2/0206.npz,190,12,1|1|1|1|1|1|1|1|1|1|1|1,,head_audio_pos_same_start_100hz
M03,dysarthric,Session2,0207,data/processed/torgo_aai_features/M03/Session2/0207.npz,200,12,1|1|1|1|1|1|1|1|1|1|1|1,,head_audio_pos_same_start_100hz
M03,dysarthric,Session2,0208,data/processed/torgo_aai_features/M03/Session2/0208.npz,191,12,1|1|1|1|1|1|1|1|1|1|1|1,,head_audio_pos_same_start_100hz
M03,dysarthric,Session2,0209,data/processed/torgo_aai_features/M03/Session2/0209.npz,332,12,1|1|1|1|1|1|1|1|1|1|1|1,,head_audio_pos_same_start_100hz
M03,dysarthric,Session2,0210,data/processed/torgo_aai_features/M03/Session2/0210.npz,167,12,1|1|1|1|1|1|1|1|1|1|1|1,,head_audio_pos_same_start_100hz
M03,dysarthric,Session2,0211,data/processed/torgo_aai_features/M03/Session2/0211.npz,380,12,1|1|1|1|1|1|1|1|1|1|1|1,,head_audio_pos_same_start_100hz
M03,dysarthric,Session2,0212,data/processed/torgo_aai_features/M03/Session2/0212.npz,228,12,1|1|1|1|1|1|1|1|1|1|1|1,,head_audio_pos_same_start_100hz
M03,dysarthric,Session2,0213,data/processed/torgo_aai_features/M03/Session2/0213.npz,317,12,1|1|1|1|1|1|1|1|1|1|1|1,,head_audio_pos_same_start_100hz
M03,dysarthric,Session2,0214,data/processed/torgo_aai_features/M03/Session2/0214.npz,250,12,1|1|1|1|1|1|1|1|1|1|1|1,,head_audio_pos_same_start_100hz
M03,dysarthric,Session2,0215,data/processed/torgo_aai_features/M03/Session2/0215.npz,236,12,1|1|1|1|1|1|1|1|1|1|1|1,,head_audio_pos_same_start_100hz
M03,dysarthric,Session2,0216,data/processed/torgo_aai_features/M03/Session2/0216.npz,247,12,1|1|1|1|1|1|1|1|1|1|1|1,,head_audio_pos_same_start_100hz
M03,dysarthric,Session2,0217,data/processed/torgo_aai_features/M03/Session2/0217.npz,279,12,1|1|1|1|1|1|1|1|1|1|1|1,,head_audio_pos_same_start_100hz
M03,dysarthric,Session2,0218,data/processed/torgo_aai_features/M03/Session2/0218.npz,482,12,1|1|1|1|1|1|1|1|1|1|1|1,,head_audio_pos_same_start_100hz
M03,dysarthric,Session2,0219,data/processed/torgo_aai_features/M03/Session2/0219.npz,495,12,1|1|1|1|1|1|1|1|1|1|1|1,,head_audio_pos_same_start_100hz
M03,dysarthric,Session2,0220,data/processed/torgo_aai_features/M03/Session2/0220.npz,283,12,1|1|1|1|1|1|1|1|1|1|1|1,,head_audio_pos_same_start_100hz
M03,dysarthric,Session2,0221,data/processed/torgo_aai_features/M03/Session2/0221.npz,422,12,1|1|1|1|1|1|1|1|1|1|1|1,,head_audio_pos_same_start_100hz
M03,dysarthric,Session2,0222,data/processed/torgo_aai_features/M03/Session2/0222.npz,554,12,1|1|1|1|1|1|1|1|1|1|1|1,,head_audio_pos_same_start_100hz
M03,dysarthric,Session2,0223,data/processed/torgo_aai_features/M03/Session2/0223.npz,210,12,1|1|1|1|1|1|1|1|1|1|1|1,,head_audio_pos_same_start_100hz
M03,dysarthric,Session2,0224,data/processed/torgo_aai_features/M03/Session2/0224.npz,188,12,1|1|1|1|1|1|1|1|1|1|1|1,,head_audio_pos_same_start_100hz
M03,dysarthric,Session2,0225,data/processed/torgo_aai_features/M03/Session2/0225.npz,251,12,1|1|1|1|1|1|1|1|1|1|1|1,,head_audio_pos_same_start_100hz
M03,dysarthric,Session2,0226,data/processed/torgo_aai_features/M03/Session2/0226.npz,248,12,1|1|1|1|1|1|1|1|1|1|1|1,,head_audio_pos_same_start_100hz
M03,dysarthric,Session2,0227,data/processed/torgo_aai_features/M03/Session2/0227.npz,219,12,1|1|1|1|1|1|1|1|1|1|1|1,,head_audio_pos_same_start_100hz
M03,dysarthric,Session2,0228,data/processed/torgo_aai_features/M03/Session2/0228.npz,226,12,1|1|1|1|1|1|1|1|1|1|1|1,,head_audio_pos_same_start_100hz
M03,dysarthric,Session2,0229,data/processed/torgo_aai_features/M03/Session2/0229.npz,233,12,1|1|1|1|1|1|1|1|1|1|1|1,,head_audio_pos_same_start_100hz
M03,dysarthric,Session2,0230,data/processed/torgo_aai_features/M03/Session2/0230.npz,293,12,1|1|1|1|1|1|1|1|1|1|1|1,,head_audio_pos_same_start_100hz
M03,dysarthric,Session2,0231,data/processed/torgo_aai_features/M03/Session2/0231.npz,246,12,1|1|1|1|1|1|1|1|1|1|1|1,,head_audio_pos_same_start_100hz
M03,dysarthric,Session2,0232,data/processed/torgo_aai_features/M03/Session2/0232.npz,248,12,1|1|1|1|1|1|1|1|1|1|1|1,,head_audio_pos_same_start_100hz
M03,dysarthric,Session2,0233,data/processed/torgo_aai_features/M03/Session2/0233.npz,428,12,1|1|1|1|1|1|1|1|1|1|1|1,,head_audio_pos_same_start_100hz
M03,dysarthric,Session2,0234,data/processed/torgo_aai_features/M03/Session2/0234.npz,202,12,1|1|1|1|1|1|1|1|1|1|1|1,,head_audio_pos_same_start_100hz
M03,dysarthric,Session2,0235,data/processed/torgo_aai_features/M03/Session2/0235.npz,224,12,1|1|1|1|1|1|1|1|1|1|1|1,,head_audio_pos_same_start_100hz
M03,dysarthric,Session2,0236,data/processed/torgo_aai_features/M03/Session2/0236.npz,251,12,1|1|1|1|1|1|1|1|1|1|1|1,,head_audio_pos_same_start_100hz
M03,dysarthric,Session2,0237,data/processed/torgo_aai_features/M03/Session2/0237.npz,239,12,1|1|1|1|1|1|1|1|1|1|1|1,,head_audio_pos_same_start_100hz
M03,dysarthric,Session2,0238,data/processed/torgo_aai_features/M03/Session2/0238.npz,235,12,1|1|1|1|1|1|1|1|1|1|1|1,,head_audio_pos_same_start_100hz
M03,dysarthric,Session2,0239,data/processed/torgo_aai_features/M03/Session2/0239.npz,246,12,1|1|1|1|1|1|1|1|1|1|1|1,,head_audio_pos_same_start_100hz
M03,dysarthric,Session2,0240,data/processed/torgo_aai_features/M03/Session2/0240.npz,195,12,1|1|1|1|1|1|1|1|1|1|1|1,,head_audio_pos_same_start_100hz
M03,dysarthric,Session2,0241,data/processed/torgo_aai_features/M03/Session2/0241.npz,421,12,1|1|1|1|1|1|1|1|1|1|1|1,,head_audio_pos_same_start_100hz
M03,dysarthric,Session2,0242,data/processed/torgo_aai_features/M03/Session2/0242.npz,264,12,1|1|1|1|1|1|1|1|1|1|1|1,,head_audio_pos_same_start_100hz
M03,dysarthric,Session2,0243,data/processed/torgo_aai_features/M03/Session2/0243.npz,235,12,1|1|1|1|1|1|1|1|1|1|1|1,,head_audio_pos_same_start_100hz
M03,dysarthric,Session2,0244,data/processed/torgo_aai_features/M03/Session2/0244.npz,647,12,1|1|1|1|1|1|1|1|1|1|1|1,,head_audio_pos_same_start_100hz
M03,dysarthric,Session2,0245,data/processed/torgo_aai_features/M03/Session2/0245.npz,619,12,1|1|1|1|1|1|1|1|1|1|1|1,,head_audio_pos_same_start_100hz
M03,dysarthric,Session2,0246,data/processed/torgo_aai_features/M03/Session2/0246.npz,221,12,1|1|1|1|1|1|1|1|1|1|1|1,,head_audio_pos_same_start_100hz
M03,dysarthric,Session2,0247,data/processed/torgo_aai_features/M03/Session2/0247.npz,209,12,1|1|1|1|1|1|1|1|1|1|1|1,9,head_audio_pos_same_start_100hz
M03,dysarthric,Session2,0248,data/processed/torgo_aai_features/M03/Session2/0248.npz,211,12,1|1|1|1|1|1|1|1|1|1|1|1,,head_audio_pos_same_start_100hz
M03,dysarthric,Session2,0249,data/processed/torgo_aai_features/M03/Session2/0249.npz,332,12,1|1|1|1|1|1|1|1|1|1|1|1,,head_audio_pos_same_start_100hz
M03,dysarthric,Session2,0250,data/processed/torgo_aai_features/M03/Session2/0250.npz,444,12,1|1|1|1|1|1|1|1|1|1|1|1,,head_audio_pos_same_start_100hz
M03,dysarthric,Session2,0251,data/processed/torgo_aai_features/M03/Session2/0251.npz,225,12,1|1|1|1|1|1|1|1|1|1|1|1,,head_audio_pos_same_start_100hz
M03,dysarthric,Session2,0252,data/processed/torgo_aai_features/M03/Session2/0252.npz,214,12,1|1|1|1|1|1|1|1|1|1|1|1,,head_audio_pos_same_start_100hz
M03,dysarthric,Session2,0253,data/processed/torgo_aai_features/M03/Session2/0253.npz,244,12,1|1|1|1|1|1|1|1|1|1|1|1,,head_audio_pos_same_start_100hz
M03,dysarthric,Session2,0254,data/processed/torgo_aai_features/M03/Session2/0254.npz,252,12,1|1|1|1|1|1|1|1|1|1|1|1,,head_audio_pos_same_start_100hz
M03,dysarthric,Session2,0255,data/processed/torgo_aai_features/M03/Session2/0255.npz,277,12,1|1|1|1|1|1|1|1|1|1|1|1,,head_audio_pos_same_start_100hz
M03,dysarthric,Session2,0256,data/processed/torgo_aai_features/M03/Session2/0256.npz,467,12,1|1|1|1|1|1|1|1|1|1|1|1,,head_audio_pos_same_start_100hz
M03,dysarthric,Session2,0257,data/processed/torgo_aai_features/M03/Session2/0257.npz,318,12,1|1|1|1|1|1|1|1|1|1|1|1,,head_audio_pos_same_start_100hz
M03,dysarthric,Session2,0258,data/processed/torgo_aai_features/M03/Session2/0258.npz,219,12,1|1|1|1|1|1|1|1|1|1|1|1,,head_audio_pos_same_start_100hz
M03,dysarthric,Session2,0259,data/processed/torgo_aai_features/M03/Session2/0259.npz,251,12,1|1|1|1|1|1|1|1|1|1|1|1,,head_audio_pos_same_start_100hz
M03,dysarthric,Session2,0260,data/processed/torgo_aai_features/M03/Session2/0260.npz,380,12,1|1|1|1|1|1|1|1|1|1|1|1,,head_audio_pos_same_start_100hz
M03,dysarthric,Session2,0261,data/processed/torgo_aai_features/M03/Session2/0261.npz,206,12,1|1|1|1|1|1|1|1|1|1|1|1,,head_audio_pos_same_start_100hz
M03,dysarthric,Session2,0262,data/processed/torgo_aai_features/M03/Session2/0262.npz,32,12,1|1|1|1|1|1|1|1|1|1|1|1,,head_audio_pos_same_start_100hz
M03,dysarthric,Session2,0263,data/processed/torgo_aai_features/M03/Session2/0263.npz,60,12,1|1|1|1|1|1|1|1|1|1|1|1,,head_audio_pos_same_start_100hz
M03,dysarthric,Session2,0264,data/processed/torgo_aai_features/M03/Session2/0264.npz,267,12,1|1|1|1|1|1|1|1|1|1|1|1,,head_audio_pos_same_start_100hz
M03,dysarthric,Session2,0265,data/processed/torgo_aai_features/M03/Session2/0265.npz,238,12,1|1|1|1|1|1|1|1|1|1|1|1,,head_audio_pos_same_start_100hz
M03,dysarthric,Session2,0266,data/processed/torgo_aai_features/M03/Session2/0266.npz,204,12,1|1|1|1|1|1|1|1|1|1|1|1,,head_audio_pos_same_start_100hz
M03,dysarthric,Session2,0267,data/processed/torgo_aai_features/M03/Session2/0267.npz,215,12,1|1|1|1|1|1|1|1|1|1|1|1,,head_audio_pos_same_start_100hz
M03,dysarthric,Session2,0268,data/processed/torgo_aai_features/M03/Session2/0268.npz,191,12,1|1|1|1|1|1|1|1|1|1|1|1,,head_audio_pos_same_start_100hz
M03,dysarthric,Session2,0269,data/processed/torgo_aai_features/M03/Session2/0269.npz,234,12,1|1|1|1|1|1|1|1|1|1|1|1,,head_audio_pos_same_start_100hz
M03,dysarthric,Session2,0270,data/processed/torgo_aai_features/M03/Session2/0270.npz,267,12,1|1|1|1|1|1|1|1|1|1|1|1,,head_audio_pos_same_start_100hz
M03,dysarthric,Session2,0271,data/processed/torgo_aai_features/M03/Session2/0271.npz,435,12,1|1|1|1|1|1|1|1|1|1|1|1,,head_audio_pos_same_start_100hz
M03,dysarthric,Session2,0272,data/processed/torgo_aai_features/M03/Session2/0272.npz,252,12,1|1|1|1|1|1|1|1|1|1|1|1,,head_audio_pos_same_start_100hz
M03,dysarthric,Session2,0273,data/processed/torgo_aai_features/M03/Session2/0273.npz,308,12,1|1|1|1|1|1|1|1|1|1|1|1,,head_audio_pos_same_start_100hz
M03,dysarthric,Session2,0274,data/processed/torgo_aai_features/M03/Session2/0274.npz,582,12,1|1|1|1|1|1|1|1|1|1|1|1,,head_audio_pos_same_start_100hz
M03,dysarthric,Session2,0275,data/processed/torgo_aai_features/M03/Session2/0275.npz,644,12,1|1|1|1|1|1|1|1|1|1|1|1,,head_audio_pos_same_start_100hz
M03,dysarthric,Session2,0276,data/processed/torgo_aai_features/M03/Session2/0276.npz,241,12,1|1|1|1|1|1|1|1|1|1|1|1,,head_audio_pos_same_start_100hz
M03,dysarthric,Session2,0277,data/processed/torgo_aai_features/M03/Session2/0277.npz,502,12,1|1|1|1|1|1|1|1|1|1|1|1,,head_audio_pos_same_start_100hz
M03,dysarthric,Session2,0278,data/processed/torgo_aai_features/M03/Session2/0278.npz,475,12,1|1|1|1|1|1|1|1|1|1|1|1,,head_audio_pos_same_start_100hz
M03,dysarthric,Session2,0279,data/processed/torgo_aai_features/M03/Session2/0279.npz,239,12,1|1|1|1|1|1|1|1|1|1|1|1,,head_audio_pos_same_start_100hz
M03,dysarthric,Session2,0280,data/processed/torgo_aai_features/M03/Session2/0280.npz,300,12,1|1|1|1|1|1|1|1|1|1|1|1,,head_audio_pos_same_start_100hz
M03,dysarthric,Session2,0281,data/processed/torgo_aai_features/M03/Session2/0281.npz,218,12,1|1|1|1|1|1|1|1|1|1|1|1,,head_audio_pos_same_start_100hz
M03,dysarthric,Session2,0282,data/processed/torgo_aai_features/M03/Session2/0282.npz,245,12,1|1|1|1|1|1|1|1|1|1|1|1,,head_audio_pos_same_start_100hz
M03,dysarthric,Session2,0283,data/processed/torgo_aai_features/M03/Session2/0283.npz,245,12,1|1|1|1|1|1|1|1|1|1|1|1,,head_audio_pos_same_start_100hz
M03,dysarthric,Session2,0284,data/processed/torgo_aai_features/M03/Session2/0284.npz,293,12,1|1|1|1|1|1|1|1|1|1|1|1,,head_audio_pos_same_start_100hz
M03,dysarthric,Session2,0285,data/processed/torgo_aai_features/M03/Session2/0285.npz,242,12,1|1|1|1|1|1|1|1|1|1|1|1,,head_audio_pos_same_start_100hz
M03,dysarthric,Session2,0286,data/processed/torgo_aai_features/M03/Session2/0286.npz,383,12,1|1|1|1|1|1|1|1|1|1|1|1,,head_audio_pos_same_start_100hz
M03,dysarthric,Session2,0287,data/processed/torgo_aai_features/M03/Session2/0287.npz,408,12,1|1|1|1|1|1|1|1|1|1|1|1,,head_audio_pos_same_start_100hz
M03,dysarthric,Session2,0288,data/processed/torgo_aai_features/M03/Session2/0288.npz,233,12,1|1|1|1|1|1|1|1|1|1|1|1,,head_audio_pos_same_start_100hz
M03,dysarthric,Session2,0289,data/processed/torgo_aai_features/M03/Session2/0289.npz,233,12,1|1|1|1|1|1|1|1|1|1|1|1,,head_audio_pos_same_start_100hz
M03,dysarthric,Session2,0290,data/processed/torgo_aai_features/M03/Session2/0290.npz,247,12,1|1|1|1|1|1|1|1|1|1|1|1,,head_audio_pos_same_start_100hz
M03,dysarthric,Session2,0291,data/processed/torgo_aai_features/M03/Session2/0291.npz,244,12,1|1|1|1|1|1|1|1|1|1|1|1,,head_audio_pos_same_start_100hz
M03,dysarthric,Session2,0292,data/processed/torgo_aai_features/M03/Session2/0292.npz,278,12,1|1|1|1|1|1|1|1|1|1|1|1,,head_audio_pos_same_start_100hz
M03,dysarthric,Session2,0293,data/processed/torgo_aai_features/M03/Session2/0293.npz,274,12,1|1|1|1|1|1|1|1|1|1|1|1,,head_audio_pos_same_start_100hz
M03,dysarthric,Session2,0294,data/processed/torgo_aai_features/M03/Session2/0294.npz,240,12,1|1|1|1|1|1|1|1|1|1|1|1,,head_audio_pos_same_start_100hz
M03,dysarthric,Session2,0295,data/processed/torgo_aai_features/M03/Session2/0295.npz,216,12,1|1|1|1|1|1|1|1|1|1|1|1,,head_audio_pos_same_start_100hz
M03,dysarthric,Session2,0296,data/processed/torgo_aai_features/M03/Session2/0296.npz,248,12,1|1|1|1|1|1|1|1|1|1|1|1,,head_audio_pos_same_start_100hz
M03,dysarthric,Session2,0297,data/processed/torgo_aai_features/M03/Session2/0297.npz,203,12,1|1|1|1|1|1|1|1|1|1|1|1,,head_audio_pos_same_start_100hz
M03,dysarthric,Session2,0298,data/processed/torgo_aai_features/M03/Session2/0298.npz,228,12,1|1|1|1|1|1|1|1|1|1|1|1,,head_audio_pos_same_start_100hz
M03,dysarthric,Session2,0299,data/processed/torgo_aai_features/M03/Session2/0299.npz,257,12,1|1|1|1|1|1|1|1|1|1|1|1,,head_audio_pos_same_start_100hz
M03,dysarthric,Session2,0300,data/processed/torgo_aai_features/M03/Session2/0300.npz,458,12,1|1|1|1|1|1|1|1|1|1|1|1,,head_audio_pos_same_start_100hz
M03,dysarthric,Session2,0301,data/processed/torgo_aai_features/M03/Session2/0301.npz,365,12,1|1|1|1|1|1|1|1|1|1|1|1,,head_audio_pos_same_start_100hz
M03,dysarthric,Session2,0302,data/processed/torgo_aai_features/M03/Session2/0302.npz,218,12,1|1|1|1|1|1|1|1|1|1|1|1,,head_audio_pos_same_start_100hz
M03,dysarthric,Session2,0303,data/processed/torgo_aai_features/M03/Session2/0303.npz,438,12,1|1|1|1|1|1|1|1|1|1|1|1,,head_audio_pos_same_start_100hz
M03,dysarthric,Session2,0304,data/processed/torgo_aai_features/M03/Session2/0304.npz,274,12,1|1|1|1|1|1|1|1|1|1|1|1,,head_audio_pos_same_start_100hz
M03,dysarthric,Session2,0305,data/processed/torgo_aai_features/M03/Session2/0305.npz,202,12,1|1|1|1|1|1|1|1|1|1|1|1,,head_audio_pos_same_start_100hz
M03,dysarthric,Session2,0306,data/processed/torgo_aai_features/M03/Session2/0306.npz,145,12,1|1|1|1|1|1|1|1|1|1|1|1,,head_audio_pos_same_start_100hz
M03,dysarthric,Session2,0307,data/processed/torgo_aai_features/M03/Session2/0307.npz,193,12,1|1|1|1|1|1|1|1|1|1|1|1,,head_audio_pos_same_start_100hz
M03,dysarthric,Session2,0308,data/processed/torgo_aai_features/M03/Session2/0308.npz,221,12,1|1|1|1|1|1|1|1|1|1|1|1,,head_audio_pos_same_start_100hz
M03,dysarthric,Session2,0309,data/processed/torgo_aai_features/M03/Session2/0309.npz,210,12,1|1|1|1|1|1|1|1|1|1|1|1,,head_audio_pos_same_start_100hz
M03,dysarthric,Session2,0310,data/processed/torgo_aai_features/M03/Session2/0310.npz,232,12,1|1|1|1|1|1|1|1|1|1|1|1,,head_audio_pos_same_start_100hz
M03,dysarthric,Session2,0311,data/processed/torgo_aai_features/M03/Session2/0311.npz,244,12,1|1|1|1|1|1|1|1|1|1|1|1,,head_audio_pos_same_start_100hz
M03,dysarthric,Session2,0312,data/processed/torgo_aai_features/M03/Session2/0312.npz,458,12,1|1|1|1|1|1|1|1|1|1|1|1,,head_audio_pos_same_start_100hz
M03,dysarthric,Session2,0313,data/processed/torgo_aai_features/M03/Session2/0313.npz,213,12,1|1|1|1|1|1|1|1|1|1|1|1,,head_audio_pos_same_start_100hz
M03,dysarthric,Session2,0314,data/processed/torgo_aai_features/M03/Session2/0314.npz,246,12,1|1|1|1|1|1|1|1|1|1|1|1,,head_audio_pos_same_start_100hz
M03,dysarthric,Session2,0315,data/processed/torgo_aai_features/M03/Session2/0315.npz,334,12,1|1|1|1|1|1|1|1|1|1|1|1,,head_audio_pos_same_start_100hz
M03,dysarthric,Session2,0316,data/processed/torgo_aai_features/M03/Session2/0316.npz,214,12,1|1|1|1|1|1|1|1|1|1|1|1,,head_audio_pos_same_start_100hz
M03,dysarthric,Session2,0317,data/processed/torgo_aai_features/M03/Session2/0317.npz,212,12,1|1|1|1|1|1|1|1|1|1|1|1,,head_audio_pos_same_start_100hz
M03,dysarthric,Session2,0318,data/processed/torgo_aai_features/M03/Session2/0318.npz,443,12,1|1|1|1|1|1|1|1|1|1|1|1,,head_audio_pos_same_start_100hz
M03,dysarthric,Session2,0319,data/processed/torgo_aai_features/M03/Session2/0319.npz,227,12,1|1|1|1|1|1|1|1|1|1|1|1,,head_audio_pos_same_start_100hz
M03,dysarthric,Session2,0320,data/processed/torgo_aai_features/M03/Session2/0320.npz,352,12,1|1|1|1|1|1|1|1|1|1|1|1,,head_audio_pos_same_start_100hz
M03,dysarthric,Session2,0321,data/processed/torgo_aai_features/M03/Session2/0321.npz,232,12,1|1|1|1|1|1|1|1|1|1|1|1,,head_audio_pos_same_start_100hz
M03,dysarthric,Session2,0322,data/processed/torgo_aai_features/M03/Session2/0322.npz,251,12,1|1|1|1|1|1|1|1|1|1|1|1,,head_audio_pos_same_start_100hz
M03,dysarthric,Session2,0323,data/processed/torgo_aai_features/M03/Session2/0323.npz,274,12,1|1|1|1|1|1|1|1|1|1|1|1,,head_audio_pos_same_start_100hz
M03,dysarthric,Session2,0324,data/processed/torgo_aai_features/M03/Session2/0324.npz,248,12,1|1|1|1|1|1|1|1|1|1|1|1,,head_audio_pos_same_start_100hz
M03,dysarthric,Session2,0325,data/processed/torgo_aai_features/M03/Session2/0325.npz,266,12,1|1|1|1|1|1|1|1|1|1|1|1,,head_audio_pos_same_start_100hz
M03,dysarthric,Session2,0326,data/processed/torgo_aai_features/M03/Session2/0326.npz,256,12,1|1|1|1|1|1|1|1|1|1|1|1,,head_audio_pos_same_start_100hz
M03,dysarthric,Session2,0327,data/processed/torgo_aai_features/M03/Session2/0327.npz,221,12,1|1|1|1|1|1|1|1|1|1|1|1,,head_audio_pos_same_start_100hz
M03,dysarthric,Session2,0328,data/processed/torgo_aai_features/M03/Session2/0328.npz,384,12,1|1|1|1|1|1|1|1|1|1|1|1,,head_audio_pos_same_start_100hz
M03,dysarthric,Session2,0329,data/processed/torgo_aai_features/M03/Session2/0329.npz,354,12,1|1|1|1|1|1|1|1|1|1|1|1,,head_audio_pos_same_start_100hz
M03,dysarthric,Session2,0330,data/processed/torgo_aai_features/M03/Session2/0330.npz,223,12,1|1|1|1|1|1|1|1|1|1|1|1,,head_audio_pos_same_start_100hz
M03,dysarthric,Session2,0331,data/processed/torgo_aai_features/M03/Session2/0331.npz,4049,12,1|1|1|1|1|1|1|1|1|1|1|1,,head_audio_pos_same_start_100hz
M03,dysarthric,Session2,0332,data/processed/torgo_aai_features/M03/Session2/0332.npz,348,12,1|1|1|1|1|1|1|1|1|1|1|1,,head_audio_pos_same_start_100hz
M03,dysarthric,Session2,0333,data/processed/torgo_aai_features/M03/Session2/0333.npz,241,12,1|1|1|1|1|1|1|1|1|1|1|1,,head_audio_pos_same_start_100hz
M03,dysarthric,Session2,0334,data/processed/torgo_aai_features/M03/Session2/0334.npz,246,12,1|1|1|1|1|1|1|1|1|1|1|1,,head_audio_pos_same_start_100hz
M03,dysarthric,Session2,0335,data/processed/torgo_aai_features/M03/Session2/0335.npz,267,12,1|1|1|1|1|1|1|1|1|1|1|1,,head_audio_pos_same_start_100hz
M03,dysarthric,Session2,0336,data/processed/torgo_aai_features/M03/Session2/0336.npz,232,12,1|1|1|1|1|1|1|1|1|1|1|1,,head_audio_pos_same_start_100hz
M03,dysarthric,Session2,0337,data/processed/torgo_aai_features/M03/Session2/0337.npz,252,12,1|1|1|1|1|1|1|1|1|1|1|1,,head_audio_pos_same_start_100hz
M03,dysarthric,Session2,0338,data/processed/torgo_aai_features/M03/Session2/0338.npz,350,12,1|1|1|1|1|1|1|1|1|1|1|1,,head_audio_pos_same_start_100hz
M03,dysarthric,Session2,0339,data/processed/torgo_aai_features/M03/Session2/0339.npz,408,12,1|1|1|1|1|1|1|1|1|1|1|1,,head_audio_pos_same_start_100hz
M03,dysarthric,Session2,0340,data/processed/torgo_aai_features/M03/Session2/0340.npz,268,12,1|1|1|1|1|1|1|1|1|1|1|1,,head_audio_pos_same_start_100hz
M03,dysarthric,Session2,0341,data/processed/torgo_aai_features/M03/Session2/0341.npz,210,12,1|1|1|1|1|1|1|1|1|1|1|1,,head_audio_pos_same_start_100hz
M03,dysarthric,Session2,0342,data/processed/torgo_aai_features/M03/Session2/0342.npz,282,12,1|1|1|1|1|1|1|1|1|1|1|1,,head_audio_pos_same_start_100hz
M03,dysarthric,Session2,0343,data/processed/torgo_aai_features/M03/Session2/0343.npz,227,12,1|1|1|1|1|1|1|1|1|1|1|1,,head_audio_pos_same_start_100hz
M03,dysarthric,Session2,0344,data/processed/torgo_aai_features/M03/Session2/0344.npz,664,12,1|1|1|1|1|1|1|1|1|1|1|1,,head_audio_pos_same_start_100hz
M03,dysarthric,Session2,0345,data/processed/torgo_aai_features/M03/Session2/0345.npz,235,12,1|1|1|1|1|1|1|1|1|1|1|1,,head_audio_pos_same_start_100hz
M03,dysarthric,Session2,0346,data/processed/torgo_aai_features/M03/Session2/0346.npz,593,12,1|1|1|1|1|1|1|1|1|1|1|1,,head_audio_pos_same_start_100hz
M03,dysarthric,Session2,0347,data/processed/torgo_aai_features/M03/Session2/0347.npz,247,12,1|1|1|1|1|1|1|1|1|1|1|1,,head_audio_pos_same_start_100hz
M03,dysarthric,Session2,0348,data/processed/torgo_aai_features/M03/Session2/0348.npz,294,12,1|1|1|1|1|1|1|1|1|1|1|1,,head_audio_pos_same_start_100hz
M03,dysarthric,Session2,0349,data/processed/torgo_aai_features/M03/Session2/0349.npz,231,12,1|1|1|1|1|1|1|1|1|1|1|1,,head_audio_pos_same_start_100hz
M03,dysarthric,Session2,0350,data/processed/torgo_aai_features/M03/Session2/0350.npz,216,12,1|1|1|1|1|1|1|1|1|1|1|1,,head_audio_pos_same_start_100hz
M03,dysarthric,Session2,0351,data/processed/torgo_aai_features/M03/Session2/0351.npz,446,12,1|1|1|1|1|1|1|1|1|1|1|1,,head_audio_pos_same_start_100hz
M03,dysarthric,Session2,0352,data/processed/torgo_aai_features/M03/Session2/0352.npz,252,12,1|1|1|1|1|1|1|1|1|1|1|1,,head_audio_pos_same_start_100hz
M03,dysarthric,Session2,0353,data/processed/torgo_aai_features/M03/Session2/0353.npz,253,12,1|1|1|1|1|1|1|1|1|1|1|1,,head_audio_pos_same_start_100hz
M03,dysarthric,Session2,0354,data/processed/torgo_aai_features/M03/Session2/0354.npz,149,12,1|1|1|1|1|1|1|1|1|1|1|1,,head_audio_pos_same_start_100hz
M03,dysarthric,Session2,0355,data/processed/torgo_aai_features/M03/Session2/0355.npz,364,12,1|1|1|1|1|1|1|1|1|1|1|1,,head_audio_pos_same_start_100hz
M03,dysarthric,Session2,0356,data/processed/torgo_aai_features/M03/Session2/0356.npz,209,12,1|1|1|1|1|1|1|1|1|1|1|1,,head_audio_pos_same_start_100hz
M03,dysarthric,Session2,0357,data/processed/torgo_aai_features/M03/Session2/0357.npz,266,12,1|1|1|1|1|1|1|1|1|1|1|1,,head_audio_pos_same_start_100hz
M03,dysarthric,Session2,0358,data/processed/torgo_aai_features/M03/Session2/0358.npz,265,12,1|1|1|1|1|1|1|1|1|1|1|1,,head_audio_pos_same_start_100hz
M03,dysarthric,Session2,0359,data/processed/torgo_aai_features/M03/Session2/0359.npz,301,12,1|1|1|1|1|1|1|1|1|1|1|1,,head_audio_pos_same_start_100hz
M03,dysarthric,Session2,0360,data/processed/torgo_aai_features/M03/Session2/0360.npz,232,12,1|1|1|1|1|1|1|1|1|1|1|1,,head_audio_pos_same_start_100hz
M03,dysarthric,Session2,0361,data/processed/torgo_aai_features/M03/Session2/0361.npz,395,12,1|1|1|1|1|1|1|1|1|1|1|1,,head_audio_pos_same_start_100hz
M03,dysarthric,Session2,0362,data/processed/torgo_aai_features/M03/Session2/0362.npz,766,12,1|1|1|1|1|1|1|1|1|1|1|1,,head_audio_pos_same_start_100hz
M03,dysarthric,Session2,0363,data/processed/torgo_aai_features/M03/Session2/0363.npz,220,12,1|1|1|1|1|1|1|1|1|1|1|1,,head_audio_pos_same_start_100hz
M03,dysarthric,Session2,0364,data/processed/torgo_aai_features/M03/Session2/0364.npz,268,12,1|1|1|1|1|1|1|1|1|1|1|1,,head_audio_pos_same_start_100hz
M03,dysarthric,Session2,0365,data/processed/torgo_aai_features/M03/Session2/0365.npz,260,12,1|1|1|1|1|1|1|1|1|1|1|1,,head_audio_pos_same_start_100hz
M03,dysarthric,Session2,0366,data/processed/torgo_aai_features/M03/Session2/0366.npz,252,12,1|1|1|1|1|1|1|1|1|1|1|1,,head_audio_pos_same_start_100hz
M03,dysarthric,Session2,0367,data/processed/torgo_aai_features/M03/Session2/0367.npz,322,12,1|1|1|1|1|1|1|1|1|1|1|1,,head_audio_pos_same_start_100hz
M03,dysarthric,Session2,0368,data/processed/torgo_aai_features/M03/Session2/0368.npz,498,12,1|1|1|1|1|1|1|1|1|1|1|1,,head_audio_pos_same_start_100hz
M03,dysarthric,Session2,0369,data/processed/torgo_aai_features/M03/Session2/0369.npz,263,12,1|1|1|1|1|1|1|1|1|1|1|1,,head_audio_pos_same_start_100hz
M03,dysarthric,Session2,0370,data/processed/torgo_aai_features/M03/Session2/0370.npz,228,12,1|1|1|1|1|1|1|1|1|1|1|1,,head_audio_pos_same_start_100hz
M03,dysarthric,Session2,0371,data/processed/torgo_aai_features/M03/Session2/0371.npz,194,12,1|1|1|1|1|1|1|1|1|1|1|1,,head_audio_pos_same_start_100hz
M03,dysarthric,Session2,0372,data/processed/torgo_aai_features/M03/Session2/0372.npz,242,12,1|1|1|1|1|1|1|1|1|1|1|1,,head_audio_pos_same_start_100hz
M03,dysarthric,Session2,0373,data/processed/torgo_aai_features/M03/Session2/0373.npz,369,12,1|1|1|1|1|1|1|1|1|1|1|1,9,head_audio_pos_same_start_100hz
M03,dysarthric,Session2,0374,data/processed/torgo_aai_features/M03/Session2/0374.npz,389,12,1|1|1|1|1|1|1|1|1|1|1|1,9,head_audio_pos_same_start_100hz
M03,dysarthric,Session2,0375,data/processed/torgo_aai_features/M03/Session2/0375.npz,212,12,1|1|1|1|1|1|1|1|1|1|1|1,,head_audio_pos_same_start_100hz
M03,dysarthric,Session2,0376,data/processed/torgo_aai_features/M03/Session2/0376.npz,261,12,1|1|1|1|1|1|1|1|1|1|1|1,,head_audio_pos_same_start_100hz
M03,dysarthric,Session2,0377,data/processed/torgo_aai_features/M03/Session2/0377.npz,347,12,1|1|1|1|1|1|1|1|1|1|1|1,,head_audio_pos_same_start_100hz
M03,dysarthric,Session2,0378,data/processed/torgo_aai_features/M03/Session2/0378.npz,308,12,1|1|1|1|1|1|1|1|1|1|1|1,,head_audio_pos_same_start_100hz
M03,dysarthric,Session2,0379,data/processed/torgo_aai_features/M03/Session2/0379.npz,297,12,1|1|1|1|1|1|1|1|1|1|1|1,,head_audio_pos_same_start_100hz
M03,dysarthric,Session2,0380,data/processed/torgo_aai_features/M03/Session2/0380.npz,451,12,1|1|1|1|1|1|1|1|1|1|1|1,,head_audio_pos_same_start_100hz
M03,dysarthric,Session2,0381,data/processed/torgo_aai_features/M03/Session2/0381.npz,341,12,1|1|1|1|1|1|1|1|1|1|1|1,,head_audio_pos_same_start_100hz
M03,dysarthric,Session2,0382,data/processed/torgo_aai_features/M03/Session2/0382.npz,228,12,1|1|1|1|1|1|1|1|1|1|1|1,,head_audio_pos_same_start_100hz
M03,dysarthric,Session2,0383,data/processed/torgo_aai_features/M03/Session2/0383.npz,219,12,1|1|1|1|1|1|1|1|1|1|1|1,,head_audio_pos_same_start_100hz
M03,dysarthric,Session2,0384,data/processed/torgo_aai_features/M03/Session2/0384.npz,280,12,1|1|1|1|1|1|1|1|1|1|1|1,,head_audio_pos_same_start_100hz
M03,dysarthric,Session2,0385,data/processed/torgo_aai_features/M03/Session2/0385.npz,173,12,1|1|1|1|1|1|1|1|1|1|1|1,,head_audio_pos_same_start_100hz
M03,dysarthric,Session2,0386,data/processed/torgo_aai_features/M03/Session2/0386.npz,212,12,1|1|1|1|1|1|1|1|1|1|1|1,,head_audio_pos_same_start_100hz
M03,dysarthric,Session2,0387,data/processed/torgo_aai_features/M03/Session2/0387.npz,242,12,1|1|1|1|1|1|1|1|1|1|1|1,,head_audio_pos_same_start_100hz
M03,dysarthric,Session2,0388,data/processed/torgo_aai_features/M03/Session2/0388.npz,345,12,1|1|1|1|1|1|1|1|1|1|1|1,,head_audio_pos_same_start_100hz
M03,dysarthric,Session2,0389,data/processed/torgo_aai_features/M03/Session2/0389.npz,245,12,1|1|1|1|1|1|1|1|1|1|1|1,,head_audio_pos_same_start_100hz
M03,dysarthric,Session2,0390,data/processed/torgo_aai_features/M03/Session2/0390.npz,238,12,1|1|1|1|1|1|1|1|1|1|1|1,,head_audio_pos_same_start_100hz
M03,dysarthric,Session2,0391,data/processed/torgo_aai_features/M03/Session2/0391.npz,425,12,1|1|1|1|1|1|1|1|1|1|1|1,,head_audio_pos_same_start_100hz
M03,dysarthric,Session2,0392,data/processed/torgo_aai_features/M03/Session2/0392.npz,231,12,1|1|1|1|1|1|1|1|1|1|1|1,,head_audio_pos_same_start_100hz
M03,dysarthric,Session2,0393,data/processed/torgo_aai_features/M03/Session2/0393.npz,266,12,1|1|1|1|1|1|1|1|1|1|1|1,,head_audio_pos_same_start_100hz
M03,dysarthric,Session2,0394,data/processed/torgo_aai_features/M03/Session2/0394.npz,265,12,1|1|1|1|1|1|1|1|1|1|1|1,,head_audio_pos_same_start_100hz
M03,dysarthric,Session2,0395,data/processed/torgo_aai_features/M03/Session2/0395.npz,208,12,1|1|1|1|1|1|1|1|1|1|1|1,,head_audio_pos_same_start_100hz
M03,dysarthric,Session2,0396,data/processed/torgo_aai_features/M03/Session2/0396.npz,212,12,1|1|1|1|1|1|1|1|1|1|1|1,,head_audio_pos_same_start_100hz
M03,dysarthric,Session2,0397,data/processed/torgo_aai_features/M03/Session2/0397.npz,270,12,1|1|1|1|1|1|1|1|1|1|1|1,,head_audio_pos_same_start_100hz
M03,dysarthric,Session2,0398,data/processed/torgo_aai_features/M03/Session2/0398.npz,375,12,1|1|1|1|1|1|1|1|1|1|1|1,,head_audio_pos_same_start_100hz
M03,dysarthric,Session2,0399,data/processed/torgo_aai_features/M03/Session2/0399.npz,210,12,1|1|1|1|1|1|1|1|1|1|1|1,,head_audio_pos_same_start_100hz
M03,dysarthric,Session2,0400,data/processed/torgo_aai_features/M03/Session2/0400.npz,337,12,1|1|1|1|1|1|1|1|1|1|1|1,,head_audio_pos_same_start_100hz
M03,dysarthric,Session2,0401,data/processed/torgo_aai_features/M03/Session2/0401.npz,247,12,1|1|1|1|1|1|1|1|1|1|1|1,,head_audio_pos_same_start_100hz
M03,dysarthric,Session2,0402,data/processed/torgo_aai_features/M03/Session2/0402.npz,225,12,1|1|1|1|1|1|1|1|1|1|1|1,,head_audio_pos_same_start_100hz
M03,dysarthric,Session2,0403,data/processed/torgo_aai_features/M03/Session2/0403.npz,234,12,1|1|1|1|1|1|1|1|1|1|1|1,,head_audio_pos_same_start_100hz
M03,dysarthric,Session2,0404,data/processed/torgo_aai_features/M03/Session2/0404.npz,424,12,1|1|1|1|1|1|1|1|1|1|1|1,,head_audio_pos_same_start_100hz
M03,dysarthric,Session2,0405,data/processed/torgo_aai_features/M03/Session2/0405.npz,243,12,1|1|1|1|1|1|1|1|1|1|1|1,,head_audio_pos_same_start_100hz
M03,dysarthric,Session2,0406,data/processed/torgo_aai_features/M03/Session2/0406.npz,301,12,1|1|1|1|1|1|1|1|1|1|1|1,,head_audio_pos_same_start_100hz
M03,dysarthric,Session2,0407,data/processed/torgo_aai_features/M03/Session2/0407.npz,233,12,1|1|1|1|1|1|1|1|1|1|1|1,,head_audio_pos_same_start_100hz
M03,dysarthric,Session2,0408,data/processed/torgo_aai_features/M03/Session2/0408.npz,214,12,1|1|1|1|1|1|1|1|1|1|1|1,,head_audio_pos_same_start_100hz
M03,dysarthric,Session2,0409,data/processed/torgo_aai_features/M03/Session2/0409.npz,243,12,1|1|1|1|1|1|1|1|1|1|1|1,,head_audio_pos_same_start_100hz
M03,dysarthric,Session2,0410,data/processed/torgo_aai_features/M03/Session2/0410.npz,442,12,1|1|1|1|1|1|1|1|1|1|1|1,,head_audio_pos_same_start_100hz
M03,dysarthric,Session2,0411,data/processed/torgo_aai_features/M03/Session2/0411.npz,190,12,1|1|1|1|1|1|1|1|1|1|1|1,,head_audio_pos_same_start_100hz
M03,dysarthric,Session2,0412,data/processed/torgo_aai_features/M03/Session2/0412.npz,208,12,1|1|1|1|1|1|1|1|1|1|1|1,,head_audio_pos_same_start_100hz
M03,dysarthric,Session2,0413,data/processed/torgo_aai_features/M03/Session2/0413.npz,284,12,1|1|1|1|1|1|1|1|1|1|1|1,,head_audio_pos_same_start_100hz
M03,dysarthric,Session2,0414,data/processed/torgo_aai_features/M03/Session2/0414.npz,235,12,1|1|1|1|1|1|1|1|1|1|1|1,,head_audio_pos_same_start_100hz
M03,dysarthric,Session2,0415,data/processed/torgo_aai_features/M03/Session2/0415.npz,449,12,1|1|1|1|1|1|1|1|1|1|1|1,,head_audio_pos_same_start_100hz
M03,dysarthric,Session2,0416,data/processed/torgo_aai_features/M03/Session2/0416.npz,242,12,1|1|1|1|1|1|1|1|1|1|1|1,,head_audio_pos_same_start_100hz
M03,dysarthric,Session2,0417,data/processed/torgo_aai_features/M03/Session2/0417.npz,225,12,1|1|1|1|1|1|1|1|1|1|1|1,,head_audio_pos_same_start_100hz
M03,dysarthric,Session2,0418,data/processed/torgo_aai_features/M03/Session2/0418.npz,236,12,1|1|1|1|1|1|1|1|1|1|1|1,,head_audio_pos_same_start_100hz
M03,dysarthric,Session2,0419,data/processed/torgo_aai_features/M03/Session2/0419.npz,238,12,1|1|1|1|1|1|1|1|1|1|1|1,,head_audio_pos_same_start_100hz
M03,dysarthric,Session2,0420,data/processed/torgo_aai_features/M03/Session2/0420.npz,592,12,1|1|1|1|1|1|1|1|1|1|1|1,,head_audio_pos_same_start_100hz
M03,dysarthric,Session2,0421,data/processed/torgo_aai_features/M03/Session2/0421.npz,310,12,1|1|1|1|1|1|1|1|1|1|1|1,,head_audio_pos_same_start_100hz
M04,dysarthric,Session2,0001,data/processed/torgo_aai_features/M04/Session2/0001.npz,556,4,0|1|1|0|0|0|0|1|1|0|0|0,1|2|3|8|9,head_audio_pos_same_start_100hz
M04,dysarthric,Session2,0002,data/processed/torgo_aai_features/M04/Session2/0002.npz,616,4,0|1|1|0|0|0|0|1|1|0|0|0,1|2|3|8,head_audio_pos_same_start_100hz
M04,dysarthric,Session2,0003,data/processed/torgo_aai_features/M04/Session2/0003.npz,494,2,0|0|1|0|0|0|0|0|1|0|0|0,1|2|3|4|6|8|10,head_audio_pos_same_start_100hz
M04,dysarthric,Session2,0004,data/processed/torgo_aai_features/M04/Session2/0004.npz,699,4,0|1|1|0|0|0|0|1|1|0|0|0,1|2|3|8,head_audio_pos_same_start_100hz
M04,dysarthric,Session2,0005,data/processed/torgo_aai_features/M04/Session2/0005.npz,339,4,0|1|1|0|0|0|0|1|1|0|0|0,1|2|3|8,head_audio_pos_same_start_100hz
M04,dysarthric,Session2,0006,data/processed/torgo_aai_features/M04/Session2/0006.npz,328,4,0|1|1|0|0|0|0|1|1|0|0|0,1|2|3|8,head_audio_pos_same_start_100hz
M04,dysarthric,Session2,0007,data/processed/torgo_aai_features/M04/Session2/0007.npz,1044,2,0|0|1|0|0|0|0|0|1|0|0|0,1|2|3|6|8,head_audio_pos_same_start_100hz
M04,dysarthric,Session2,0008,data/processed/torgo_aai_features/M04/Session2/0008.npz,305,4,0|1|1|0|0|0|0|1|1|0|0|0,1|2|3|8,head_audio_pos_same_start_100hz
M04,dysarthric,Session2,0009,data/processed/torgo_aai_features/M04/Session2/0009.npz,313,4,0|1|1|0|0|0|0|1|1|0|0|0,1|2|3|8,head_audio_pos_same_start_100hz
M04,dysarthric,Session2,0010,data/processed/torgo_aai_features/M04/Session2/0010.npz,240,4,0|1|1|0|0|0|0|1|1|0|0|0,1|2|3|8,head_audio_pos_same_start_100hz
M04,dysarthric,Session2,0011,data/processed/torgo_aai_features/M04/Session2/0011.npz,237,4,0|1|1|0|0|0|0|1|1|0|0|0,1|2|3|8|10,head_audio_pos_same_start_100hz
M04,dysarthric,Session2,0012,data/processed/torgo_aai_features/M04/Session2/0012.npz,258,4,0|1|1|0|0|0|0|1|1|0|0|0,1|2|3|8|9|10,head_audio_pos_same_start_100hz
M04,dysarthric,Session2,0013,data/processed/torgo_aai_features/M04/Session2/0013.npz,230,4,0|1|1|0|0|0|0|1|1|0|0|0,1|2|3|8,head_audio_pos_same_start_100hz
M04,dysarthric,Session2,0014,data/processed/torgo_aai_features/M04/Session2/0014.npz,1282,0,0|0|0|0|0|0|0|0|0|0|0|0,1|2|3|4|5|6|7|8|9|10|11|12,head_audio_pos_same_start_100hz
M04,dysarthric,Session2,0015,data/processed/torgo_aai_features/M04/Session2/0015.npz,275,0,0|0|0|0|0|0|0|0|0|0|0|0,1|2|3|4|5|6|7|8|9|10|11|12,head_audio_pos_same_start_100hz
M04,dysarthric,Session2,0016,data/processed/torgo_aai_features/M04/Session2/0016.npz,312,4,0|1|1|0|0|0|0|1|1|0|0|0,1|2|3|8,head_audio_pos_same_start_100hz
M04,dysarthric,Session2,0017,data/processed/torgo_aai_features/M04/Session2/0017.npz,313,4,0|1|1|0|0|0|0|1|1|0|0|0,1|2|3|8|10,head_audio_pos_same_start_100hz
M04,dysarthric,Session2,0018,data/processed/torgo_aai_features/M04/Session2/0018.npz,273,4,0|1|1|0|0|0|0|1|1|0|0|0,1|2|3|8|10,head_audio_pos_same_start_100hz
M04,dysarthric,Session2,0019,data/processed/torgo_aai_features/M04/Session2/0019.npz,310,4,0|1|1|0|0|0|0|1|1|0|0|0,1|2|3|8|10,head_audio_pos_same_start_100hz
M04,dysarthric,Session2,0020,data/processed/torgo_aai_features/M04/Session2/0020.npz,296,4,0|1|1|0|0|0|0|1|1|0|0|0,1|2|3|8,head_audio_pos_same_start_100hz
M04,dysarthric,Session2,0021,data/processed/torgo_aai_features/M04/Session2/0021.npz,244,4,0|1|1|0|0|0|0|1|1|0|0|0,1|2|3|8,head_audio_pos_same_start_100hz
M04,dysarthric,Session2,0022,data/processed/torgo_aai_features/M04/Session2/0022.npz,275,4,0|1|1|0|0|0|0|1|1|0|0|0,1|2|3|8,head_audio_pos_same_start_100hz
M04,dysarthric,Session2,0023,data/processed/torgo_aai_features/M04/Session2/0023.npz,300,4,0|1|1|0|0|0|0|1|1|0|0|0,1|2|3|8,head_audio_pos_same_start_100hz
M04,dysarthric,Session2,0024,data/processed/torgo_aai_features/M04/Session2/0024.npz,1737,4,0|1|1|0|0|0|0|1|1|0|0|0,1|2|3|8,head_audio_pos_same_start_100hz
M04,dysarthric,Session2,0025,data/processed/torgo_aai_features/M04/Session2/0025.npz,238,4,0|1|1|0|0|0|0|1|1|0|0|0,1|2|3|8,head_audio_pos_same_start_100hz
M04,dysarthric,Session2,0026,data/processed/torgo_aai_features/M04/Session2/0026.npz,307,4,0|1|1|0|0|0|0|1|1|0|0|0,1|2|3|8,head_audio_pos_same_start_100hz
M04,dysarthric,Session2,0027,data/processed/torgo_aai_features/M04/Session2/0027.npz,1163,2,0|0|1|0|0|0|0|0|1|0|0|0,1|2|3|6|8|10,head_audio_pos_same_start_100hz
M04,dysarthric,Session2,0028,data/processed/torgo_aai_features/M04/Session2/0028.npz,254,2,0|0|1|0|0|0|0|0|1|0|0|0,1|2|3|4|5|6|8|10|12,head_audio_pos_same_start_100hz
M04,dysarthric,Session2,0029,data/processed/torgo_aai_features/M04/Session2/0029.npz,1955,0,0|0|0|0|0|0|0|0|0|0|0|0,1|2|3|4|6|7|8|9|10,head_audio_pos_same_start_100hz
M04,dysarthric,Session2,0030,data/processed/torgo_aai_features/M04/Session2/0030.npz,295,4,0|1|1|0|0|0|0|1|1|0|0|0,1|2|3|8|10,head_audio_pos_same_start_100hz
M04,dysarthric,Session2,0031,data/processed/torgo_aai_features/M04/Session2/0031.npz,286,2,0|0|1|0|0|0|0|0|1|0|0|0,1|2|3|6|8,head_audio_pos_same_start_100hz
M04,dysarthric,Session2,0032,data/processed/torgo_aai_features/M04/Session2/0032.npz,1034,0,0|0|0|0|0|0|0|0|0|0|0|0,1|2|3|4|5|6|7|8|9|10|12,head_audio_pos_same_start_100hz
M04,dysarthric,Session2,0033,data/processed/torgo_aai_features/M04/Session2/0033.npz,1726,2,0|0|1|0|0|0|0|0|1|0|0|0,1|2|3|4|5|6|8|10|12,head_audio_pos_same_start_100hz
M04,dysarthric,Session2,0034,data/processed/torgo_aai_features/M04/Session2/0034.npz,245,4,0|1|1|0|0|0|0|1|1|0|0|0,1|2|3|8,head_audio_pos_same_start_100hz
M04,dysarthric,Session2,0035,data/processed/torgo_aai_features/M04/Session2/0035.npz,229,4,0|1|1|0|0|0|0|1|1|0|0|0,1|2|3|8,head_audio_pos_same_start_100hz
M04,dysarthric,Session2,0036,data/processed/torgo_aai_features/M04/Session2/0036.npz,252,4,0|1|1|0|0|0|0|1|1|0|0|0,1|2|3|8,head_audio_pos_same_start_100hz
M04,dysarthric,Session2,0037,data/processed/torgo_aai_features/M04/Session2/0037.npz,275,4,0|1|1|0|0|0|0|1|1|0|0|0,1|2|3|8,head_audio_pos_same_start_100hz
M04,dysarthric,Session2,0038,data/processed/torgo_aai_features/M04/Session2/0038.npz,1057,4,0|1|1|0|0|0|0|1|1|0|0|0,1|2|3|8,head_audio_pos_same_start_100hz
M04,dysarthric,Session2,0039,data/processed/torgo_aai_features/M04/Session2/0039.npz,688,4,0|1|1|0|0|0|0|1|1|0|0|0,1|2|3|8|9|11|12,head_audio_pos_same_start_100hz
M04,dysarthric,Session2,0040,data/processed/torgo_aai_features/M04/Session2/0040.npz,240,4,0|1|1|0|0|0|0|1|1|0|0|0,1|2|3|8,head_audio_pos_same_start_100hz
M04,dysarthric,Session2,0041,data/processed/torgo_aai_features/M04/Session2/0041.npz,293,4,0|1|1|0|0|0|0|1|1|0|0|0,1|2|3|8,head_audio_pos_same_start_100hz
M04,dysarthric,Session2,0042,data/processed/torgo_aai_features/M04/Session2/0042.npz,285,4,0|1|1|0|0|0|0|1|1|0|0|0,1|2|3|8,head_audio_pos_same_start_100hz
M04,dysarthric,Session2,0043,data/processed/torgo_aai_features/M04/Session2/0043.npz,225,4,0|1|1|0|0|0|0|1|1|0|0|0,1|2|3|8|10|11,head_audio_pos_same_start_100hz
M04,dysarthric,Session2,0044,data/processed/torgo_aai_features/M04/Session2/0044.npz,1015,2,0|1|0|0|0|0|0|1|0|0|0|0,1|2|3|7|8,head_audio_pos_same_start_100hz
M04,dysarthric,Session2,0045,data/processed/torgo_aai_features/M04/Session2/0045.npz,1490,4,0|1|1|0|0|0|0|1|1|0|0|0,1|2|3|8|10,head_audio_pos_same_start_100hz
M04,dysarthric,Session2,0046,data/processed/torgo_aai_features/M04/Session2/0046.npz,1115,0,0|0|0|0|0|0|0|0|0|0|0|0,1|2|3|4|6|7|8|9|10,head_audio_pos_same_start_100hz
M04,dysarthric,Session2,0047,data/processed/torgo_aai_features/M04/Session2/0047.npz,268,4,0|1|1|0|0|0|0|1|1|0|0|0,1|2|3|8|10,head_audio_pos_same_start_100hz
M04,dysarthric,Session2,0048,data/processed/torgo_aai_features/M04/Session2/0048.npz,1409,0,0|0|0|0|0|0|0|0|0|0|0|0,1|2|3|4|6|7|8|9|10,head_audio_pos_same_start_100hz
M04,dysarthric,Session2,0049,data/processed/torgo_aai_features/M04/Session2/0049.npz,219,4,0|1|1|0|0|0|0|1|1|0|0|0,1|2|3|8|10,head_audio_pos_same_start_100hz
M04,dysarthric,Session2,0050,data/processed/torgo_aai_features/M04/Session2/0050.npz,249,0,0|0|0|0|0|0|0|0|0|0|0|0,1|2|3|4|6|7|8|9|10,head_audio_pos_same_start_100hz
M04,dysarthric,Session2,0051,data/processed/torgo_aai_features/M04/Session2/0051.npz,261,4,0|1|1|0|0|0|0|1|1|0|0|0,1|2|3|8|10,head_audio_pos_same_start_100hz
M04,dysarthric,Session2,0052,data/processed/torgo_aai_features/M04/Session2/0052.npz,684,0,0|0|0|0|0|0|0|0|0|0|0|0,1|2|3|4|6|7|8|9|10,head_audio_pos_same_start_100hz
M04,dysarthric,Session2,0053,data/processed/torgo_aai_features/M04/Session2/0053.npz,243,4,0|1|1|0|0|0|0|1|1|0|0|0,1|2|3|8,head_audio_pos_same_start_100hz
M04,dysarthric,Session2,0054,data/processed/torgo_aai_features/M04/Session2/0054.npz,227,4,0|1|1|0|0|0|0|1|1|0|0|0,1|2|3|8,head_audio_pos_same_start_100hz
M04,dysarthric,Session2,0055,data/processed/torgo_aai_features/M04/Session2/0055.npz,269,4,0|1|1|0|0|0|0|1|1|0|0|0,1|2|3|8|10,head_audio_pos_same_start_100hz
M04,dysarthric,Session2,0056,data/processed/torgo_aai_features/M04/Session2/0056.npz,222,4,0|1|1|0|0|0|0|1|1|0|0|0,1|2|3|8|10,head_audio_pos_same_start_100hz
M04,dysarthric,Session2,0057,data/processed/torgo_aai_features/M04/Session2/0057.npz,255,2,0|0|1|0|0|0|0|0|1|0|0|0,1|2|3|6|8|9,head_audio_pos_same_start_100hz
M04,dysarthric,Session2,0058,data/processed/torgo_aai_features/M04/Session2/0058.npz,289,2,0|0|1|0|0|0|0|0|1|0|0|0,1|2|3|6|8,head_audio_pos_same_start_100hz
M04,dysarthric,Session2,0059,data/processed/torgo_aai_features/M04/Session2/0059.npz,265,4,0|1|1|0|0|0|0|1|1|0|0|0,1|2|3|8,head_audio_pos_same_start_100hz
M04,dysarthric,Session2,0060,data/processed/torgo_aai_features/M04/Session2/0060.npz,1360,4,0|1|1|0|0|0|0|1|1|0|0|0,1|2|3|8|9|10,head_audio_pos_same_start_100hz
M04,dysarthric,Session2,0061,data/processed/torgo_aai_features/M04/Session2/0061.npz,273,4,0|1|1|0|0|0|0|1|1|0|0|0,1|2|3|8,head_audio_pos_same_start_100hz
M04,dysarthric,Session2,0062,data/processed/torgo_aai_features/M04/Session2/0062.npz,246,4,0|1|1|0|0|0|0|1|1|0|0|0,1|2|3|8,head_audio_pos_same_start_100hz
M04,dysarthric,Session2,0063,data/processed/torgo_aai_features/M04/Session2/0063.npz,232,4,0|1|1|0|0|0|0|1|1|0|0|0,1|2|3|8,head_audio_pos_same_start_100hz
M04,dysarthric,Session2,0064,data/processed/torgo_aai_features/M04/Session2/0064.npz,525,0,0|0|0|0|0|0|0|0|0|0|0|0,1|2|3|4|6|7|8|9|10|12,head_audio_pos_same_start_100hz
M04,dysarthric,Session2,0065,data/processed/torgo_aai_features/M04/Session2/0065.npz,283,2,0|1|0|0|0|0|0|1|0|0|0|0,1|2|3|7|8,head_audio_pos_same_start_100hz
M04,dysarthric,Session2,0066,data/processed/torgo_aai_features/M04/Session2/0066.npz,249,2,0|0|1|0|0|0|0|0|1|0|0|0,1|2|3|4|6|8|9|10,head_audio_pos_same_start_100hz
M04,dysarthric,Session2,0067,data/processed/torgo_aai_features/M04/Session2/0067.npz,248,4,0|1|1|0|0|0|0|1|1|0|0|0,1|2|3|8,head_audio_pos_same_start_100hz
M04,dysarthric,Session2,0068,data/processed/torgo_aai_features/M04/Session2/0068.npz,244,4,0|1|1|0|0|0|0|1|1|0|0|0,1|2|3|8|9,head_audio_pos_same_start_100hz
M04,dysarthric,Session2,0069,data/processed/torgo_aai_features/M04/Session2/0069.npz,301,4,0|1|1|0|0|0|0|1|1|0|0|0,1|2|3|8|9,head_audio_pos_same_start_100hz
M04,dysarthric,Session2,0070,data/processed/torgo_aai_features/M04/Session2/0070.npz,260,4,0|1|1|0|0|0|0|1|1|0|0|0,1|2|3|8,head_audio_pos_same_start_100hz
M04,dysarthric,Session2,0071,data/processed/torgo_aai_features/M04/Session2/0071.npz,289,4,0|1|1|0|0|0|0|1|1|0|0|0,1|2|3|8,head_audio_pos_same_start_100hz
M04,dysarthric,Session2,0072,data/processed/torgo_aai_features/M04/Session2/0072.npz,301,0,0|0|0|0|0|0|0|0|0|0|0|0,1|2|3|4|5|6|7|8|9|10|11|12,head_audio_pos_same_start_100hz
M04,dysarthric,Session2,0073,data/processed/torgo_aai_features/M04/Session2/0073.npz,278,4,0|1|1|0|0|0|0|1|1|0|0|0,1|2|3|8,head_audio_pos_same_start_100hz
M04,dysarthric,Session2,0074,data/processed/torgo_aai_features/M04/Session2/0074.npz,293,4,0|1|1|0|0|0|0|1|1|0|0|0,1|2|3|8|10,head_audio_pos_same_start_100hz
M04,dysarthric,Session2,0075,data/processed/torgo_aai_features/M04/Session2/0075.npz,380,4,0|1|1|0|0|0|0|1|1|0|0|0,1|2|3|8,head_audio_pos_same_start_100hz
M04,dysarthric,Session2,0076,data/processed/torgo_aai_features/M04/Session2/0076.npz,340,0,0|0|0|0|0|0|0|0|0|0|0|0,1|2|3|4|6|7|8|9|10|11|12,head_audio_pos_same_start_100hz
M04,dysarthric,Session2,0077,data/processed/torgo_aai_features/M04/Session2/0077.npz,1188,4,0|1|1|0|0|0|0|1|1|0|0|0,1|2|3|8|10,head_audio_pos_same_start_100hz
M04,dysarthric,Session2,0078,data/processed/torgo_aai_features/M04/Session2/0078.npz,323,4,0|1|1|0|0|0|0|1|1|0|0|0,1|2|3|8|10,head_audio_pos_same_start_100hz
M04,dysarthric,Session2,0079,data/processed/torgo_aai_features/M04/Session2/0079.npz,338,4,0|1|1|0|0|0|0|1|1|0|0|0,1|2|3|8,head_audio_pos_same_start_100hz
M04,dysarthric,Session2,0080,data/processed/torgo_aai_features/M04/Session2/0080.npz,282,4,0|1|1|0|0|0|0|1|1|0|0|0,1|2|3|8,head_audio_pos_same_start_100hz
M04,dysarthric,Session2,0081,data/processed/torgo_aai_features/M04/Session2/0081.npz,282,0,0|0|0|0|0|0|0|0|0|0|0|0,1|2|3|6|7|8|9|11,head_audio_pos_same_start_100hz
M04,dysarthric,Session2,0082,data/processed/torgo_aai_features/M04/Session2/0082.npz,241,4,0|1|1|0|0|0|0|1|1|0|0|0,1|2|3|8|10,head_audio_pos_same_start_100hz
M04,dysarthric,Session2,0083,data/processed/torgo_aai_features/M04/Session2/0083.npz,1453,4,0|1|1|0|0|0|0|1|1|0|0|0,1|2|3|8|9|10,head_audio_pos_same_start_100hz
M04,dysarthric,Session2,0084,data/processed/torgo_aai_features/M04/Session2/0084.npz,306,4,0|1|1|0|0|0|0|1|1|0|0|0,1|2|3|8,head_audio_pos_same_start_100hz
M04,dysarthric,Session2,0085,data/processed/torgo_aai_features/M04/Session2/0085.npz,260,4,0|1|1|0|0|0|0|1|1|0|0|0,1|2|3|8,head_audio_pos_same_start_100hz
M04,dysarthric,Session2,0086,data/processed/torgo_aai_features/M04/Session2/0086.npz,296,4,0|1|1|0|0|0|0|1|1|0|0|0,1|2|3|8,head_audio_pos_same_start_100hz
M04,dysarthric,Session2,0087,data/processed/torgo_aai_features/M04/Session2/0087.npz,256,4,0|1|1|0|0|0|0|1|1|0|0|0,1|2|3|8|10,head_audio_pos_same_start_100hz
M04,dysarthric,Session2,0088,data/processed/torgo_aai_features/M04/Session2/0088.npz,677,4,0|1|1|0|0|0|0|1|1|0|0|0,1|2|3|8|9|10,head_audio_pos_same_start_100hz
M04,dysarthric,Session2,0089,data/processed/torgo_aai_features/M04/Session2/0089.npz,785,4,0|1|1|0|0|0|0|1|1|0|0|0,1|2|3|8,head_audio_pos_same_start_100hz
M04,dysarthric,Session2,0090,data/processed/torgo_aai_features/M04/Session2/0090.npz,365,4,0|1|1|0|0|0|0|1|1|0|0|0,1|2|3|8,head_audio_pos_same_start_100hz
M04,dysarthric,Session2,0091,data/processed/torgo_aai_features/M04/Session2/0091.npz,299,4,0|1|1|0|0|0|0|1|1|0|0|0,1|2|3|8,head_audio_pos_same_start_100hz
M04,dysarthric,Session2,0092,data/processed/torgo_aai_features/M04/Session2/0092.npz,338,4,0|1|1|0|0|0|0|1|1|0|0|0,1|2|3|8,head_audio_pos_same_start_100hz
M04,dysarthric,Session2,0093,data/processed/torgo_aai_features/M04/Session2/0093.npz,932,4,0|1|1|0|0|0|0|1|1|0|0|0,1|2|3|8|9|10,head_audio_pos_same_start_100hz
M04,dysarthric,Session2,0094,data/processed/torgo_aai_features/M04/Session2/0094.npz,264,4,0|1|1|0|0|0|0|1|1|0|0|0,1|2|3|8|10,head_audio_pos_same_start_100hz
M04,dysarthric,Session2,0095,data/processed/torgo_aai_features/M04/Session2/0095.npz,386,4,0|1|1|0|0|0|0|1|1|0|0|0,1|2|3|8,head_audio_pos_same_start_100hz
M04,dysarthric,Session2,0096,data/processed/torgo_aai_features/M04/Session2/0096.npz,301,4,0|1|1|0|0|0|0|1|1|0|0|0,1|2|3|8,head_audio_pos_same_start_100hz
M04,dysarthric,Session2,0097,data/processed/torgo_aai_features/M04/Session2/0097.npz,323,4,0|1|1|0|0|0|0|1|1|0|0|0,1|2|3|8,head_audio_pos_same_start_100hz
M04,dysarthric,Session2,0098,data/processed/torgo_aai_features/M04/Session2/0098.npz,836,4,0|1|1|0|0|0|0|1|1|0|0|0,1|2|3|8|9,head_audio_pos_same_start_100hz
M04,dysarthric,Session2,0099,data/processed/torgo_aai_features/M04/Session2/0099.npz,304,0,0|0|0|0|0|0|0|0|0|0|0|0,1|2|3|4|6|7|8|9|10,head_audio_pos_same_start_100hz
M04,dysarthric,Session2,0100,data/processed/torgo_aai_features/M04/Session2/0100.npz,1845,4,0|1|1|0|0|0|0|1|1|0|0|0,1|2|3|8|9,head_audio_pos_same_start_100hz
M04,dysarthric,Session2,0101,data/processed/torgo_aai_features/M04/Session2/0101.npz,327,0,0|0|0|0|0|0|0|0|0|0|0|0,1|2|3|4|6|7|8|9|10,head_audio_pos_same_start_100hz
M04,dysarthric,Session2,0102,data/processed/torgo_aai_features/M04/Session2/0102.npz,363,4,0|1|1|0|0|0|0|1|1|0|0|0,1|2|3|8,head_audio_pos_same_start_100hz
M04,dysarthric,Session2,0103,data/processed/torgo_aai_features/M04/Session2/0103.npz,301,4,0|1|1|0|0|0|0|1|1|0|0|0,1|2|3|8,head_audio_pos_same_start_100hz
M04,dysarthric,Session2,0104,data/processed/torgo_aai_features/M04/Session2/0104.npz,273,4,0|1|1|0|0|0|0|1|1|0|0|0,1|2|3|8,head_audio_pos_same_start_100hz
M04,dysarthric,Session2,0105,data/processed/torgo_aai_features/M04/Session2/0105.npz,286,2,0|0|1|0|0|0|0|0|1|0|0|0,1|2|3|6|8,head_audio_pos_same_start_100hz
M04,dysarthric,Session2,0106,data/processed/torgo_aai_features/M04/Session2/0106.npz,294,2,0|0|1|0|0|0|0|0|1|0|0|0,1|2|3|6|8,head_audio_pos_same_start_100hz
M04,dysarthric,Session2,0107,data/processed/torgo_aai_features/M04/Session2/0107.npz,227,4,0|1|1|0|0|0|0|1|1|0|0|0,1|2|3|8,head_audio_pos_same_start_100hz
M04,dysarthric,Session2,0108,data/processed/torgo_aai_features/M04/Session2/0108.npz,721,2,0|1|0|0|0|0|0|1|0|0|0|0,1|2|3|7|8,head_audio_pos_same_start_100hz
M04,dysarthric,Session2,0109,data/processed/torgo_aai_features/M04/Session2/0109.npz,2359,4,0|1|1|0|0|0|0|1|1|0|0|0,1|2|3|8|9,head_audio_pos_same_start_100hz
M04,dysarthric,Session2,0110,data/processed/torgo_aai_features/M04/Session2/0110.npz,276,4,0|1|1|0|0|0|0|1|1|0|0|0,1|2|3|8,head_audio_pos_same_start_100hz
M04,dysarthric,Session2,0111,data/processed/torgo_aai_features/M04/Session2/0111.npz,359,4,0|1|1|0|0|0|0|1|1|0|0|0,1|2|3|8,head_audio_pos_same_start_100hz
M04,dysarthric,Session2,0112,data/processed/torgo_aai_features/M04/Session2/0112.npz,229,4,0|1|1|0|0|0|0|1|1|0|0|0,1|2|3|8,head_audio_pos_same_start_100hz
M04,dysarthric,Session2,0113,data/processed/torgo_aai_features/M04/Session2/0113.npz,215,4,0|1|1|0|0|0|0|1|1|0|0|0,1|2|3|8,head_audio_pos_same_start_100hz
M04,dysarthric,Session2,0114,data/processed/torgo_aai_features/M04/Session2/0114.npz,339,4,0|1|1|0|0|0|0|1|1|0|0|0,1|2|3|8|9,head_audio_pos_same_start_100hz
M04,dysarthric,Session2,0115,data/processed/torgo_aai_features/M04/Session2/0115.npz,256,4,0|1|1|0|0|0|0|1|1|0|0|0,1|2|3|8,head_audio_pos_same_start_100hz
M04,dysarthric,Session2,0116,data/processed/torgo_aai_features/M04/Session2/0116.npz,285,4,0|1|1|0|0|0|0|1|1|0|0|0,1|2|3|8,head_audio_pos_same_start_100hz
M04,dysarthric,Session2,0117,data/processed/torgo_aai_features/M04/Session2/0117.npz,249,4,0|1|1|0|0|0|0|1|1|0|0|0,1|2|3|8,head_audio_pos_same_start_100hz
M04,dysarthric,Session2,0118,data/processed/torgo_aai_features/M04/Session2/0118.npz,471,4,0|1|1|0|0|0|0|1|1|0|0|0,1|2|3|8|10,head_audio_pos_same_start_100hz
M04,dysarthric,Session2,0119,data/processed/torgo_aai_features/M04/Session2/0119.npz,306,4,0|1|1|0|0|0|0|1|1|0|0|0,1|2|3|8|10,head_audio_pos_same_start_100hz
M04,dysarthric,Session2,0120,data/processed/torgo_aai_features/M04/Session2/0120.npz,256,4,0|1|1|0|0|0|0|1|1|0|0|0,1|2|3|8,head_audio_pos_same_start_100hz
M04,dysarthric,Session2,0121,data/processed/torgo_aai_features/M04/Session2/0121.npz,345,4,0|1|1|0|0|0|0|1|1|0|0|0,1|2|3|8,head_audio_pos_same_start_100hz
M04,dysarthric,Session2,0122,data/processed/torgo_aai_features/M04/Session2/0122.npz,225,4,0|1|1|0|0|0|0|1|1|0|0|0,1|2|3|8,head_audio_pos_same_start_100hz
M04,dysarthric,Session2,0123,data/processed/torgo_aai_features/M04/Session2/0123.npz,235,4,0|1|1|0|0|0|0|1|1|0|0|0,1|2|3|8,head_audio_pos_same_start_100hz
M04,dysarthric,Session2,0124,data/processed/torgo_aai_features/M04/Session2/0124.npz,330,4,0|1|1|0|0|0|0|1|1|0|0|0,1|2|3|8,head_audio_pos_same_start_100hz
M04,dysarthric,Session2,0125,data/processed/torgo_aai_features/M04/Session2/0125.npz,254,4,0|1|1|0|0|0|0|1|1|0|0|0,1|2|3|8,head_audio_pos_same_start_100hz
M04,dysarthric,Session2,0126,data/processed/torgo_aai_features/M04/Session2/0126.npz,274,4,0|1|1|0|0|0|0|1|1|0|0|0,1|2|3|8|9,head_audio_pos_same_start_100hz
M04,dysarthric,Session2,0127,data/processed/torgo_aai_features/M04/Session2/0127.npz,303,4,0|1|1|0|0|0|0|1|1|0|0|0,1|2|3|8|9|10,head_audio_pos_same_start_100hz
M04,dysarthric,Session2,0128,data/processed/torgo_aai_features/M04/Session2/0128.npz,381,0,0|0|0|0|0|0|0|0|0|0|0|0,1|2|3|4|6|7|8|9|10,head_audio_pos_same_start_100hz
M04,dysarthric,Session2,0129,data/processed/torgo_aai_features/M04/Session2/0129.npz,392,4,0|1|1|0|0|0|0|1|1|0|0|0,1|2|3|8,head_audio_pos_same_start_100hz
M04,dysarthric,Session2,0130,data/processed/torgo_aai_features/M04/Session2/0130.npz,259,4,0|1|1|0|0|0|0|1|1|0|0|0,1|2|3|8,head_audio_pos_same_start_100hz
M04,dysarthric,Session2,0131,data/processed/torgo_aai_features/M04/Session2/0131.npz,242,4,0|1|1|0|0|0|0|1|1|0|0|0,1|2|3|8,head_audio_pos_same_start_100hz
M04,dysarthric,Session2,0132,data/processed/torgo_aai_features/M04/Session2/0132.npz,349,4,0|1|1|0|0|0|0|1|1|0|0|0,1|2|3|8|10,head_audio_pos_same_start_100hz
M04,dysarthric,Session2,0133,data/processed/torgo_aai_features/M04/Session2/0133.npz,830,4,0|1|1|0|0|0|0|1|1|0|0|0,1|2|3|8|9|10,head_audio_pos_same_start_100hz
M04,dysarthric,Session2,0134,data/processed/torgo_aai_features/M04/Session2/0134.npz,332,4,0|1|1|0|0|0|0|1|1|0|0|0,1|2|3|8,head_audio_pos_same_start_100hz
M04,dysarthric,Session2,0135,data/processed/torgo_aai_features/M04/Session2/0135.npz,314,4,0|1|1|0|0|0|0|1|1|0|0|0,1|2|3|8,head_audio_pos_same_start_100hz
M04,dysarthric,Session2,0136,data/processed/torgo_aai_features/M04/Session2/0136.npz,240,4,0|1|1|0|0|0|0|1|1|0|0|0,1|2|3|8,head_audio_pos_same_start_100hz
M04,dysarthric,Session2,0137,data/processed/torgo_aai_features/M04/Session2/0137.npz,226,4,0|1|1|0|0|0|0|1|1|0|0|0,1|2|3|8,head_audio_pos_same_start_100hz
M04,dysarthric,Session2,0138,data/processed/torgo_aai_features/M04/Session2/0138.npz,249,2,0|0|1|0|0|0|0|0|1|0|0|0,1|2|3|6|8,head_audio_pos_same_start_100hz
M04,dysarthric,Session2,0139,data/processed/torgo_aai_features/M04/Session2/0139.npz,259,4,0|1|1|0|0|0|0|1|1|0|0|0,1|2|3|8,head_audio_pos_same_start_100hz
M04,dysarthric,Session2,0140,data/processed/torgo_aai_features/M04/Session2/0140.npz,369,4,0|1|1|0|0|0|0|1|1|0|0|0,1|2|3|8|9,head_audio_pos_same_start_100hz
M04,dysarthric,Session2,0141,data/processed/torgo_aai_features/M04/Session2/0141.npz,284,2,0|0|1|0|0|0|0|0|1|0|0|0,1|2|3|6|8|9,head_audio_pos_same_start_100hz
M04,dysarthric,Session2,0142,data/processed/torgo_aai_features/M04/Session2/0142.npz,268,4,0|1|1|0|0|0|0|1|1|0|0|0,1|2|3|8,head_audio_pos_same_start_100hz
M04,dysarthric,Session2,0143,data/processed/torgo_aai_features/M04/Session2/0143.npz,289,4,0|1|1|0|0|0|0|1|1|0|0|0,1|2|3|8,head_audio_pos_same_start_100hz
M04,dysarthric,Session2,0144,data/processed/torgo_aai_features/M04/Session2/0144.npz,289,4,0|1|1|0|0|0|0|1|1|0|0|0,1|2|3|8|9,head_audio_pos_same_start_100hz
M04,dysarthric,Session2,0145,data/processed/torgo_aai_features/M04/Session2/0145.npz,286,4,0|1|1|0|0|0|0|1|1|0|0|0,1|2|3|8,head_audio_pos_same_start_100hz
M04,dysarthric,Session2,0146,data/processed/torgo_aai_features/M04/Session2/0146.npz,384,0,0|0|0|0|0|0|0|0|0|0|0|0,1|2|3|6|7|8|9,head_audio_pos_same_start_100hz
M04,dysarthric,Session2,0147,data/processed/torgo_aai_features/M04/Session2/0147.npz,1208,0,0|0|0|0|0|0|0|0|0|0|0|0,1|2|3|4|5|6|7|8|9|10|11|12,head_audio_pos_same_start_100hz
M04,dysarthric,Session2,0148,data/processed/torgo_aai_features/M04/Session2/0148.npz,322,4,0|1|1|0|0|0|0|1|1|0|0|0,1|2|3|8|9,head_audio_pos_same_start_100hz
M04,dysarthric,Session2,0149,data/processed/torgo_aai_features/M04/Session2/0149.npz,295,4,0|1|1|0|0|0|0|1|1|0|0|0,1|2|3|8,head_audio_pos_same_start_100hz
M04,dysarthric,Session2,0150,data/processed/torgo_aai_features/M04/Session2/0150.npz,363,4,0|1|1|0|0|0|0|1|1|0|0|0,1|2|3|8,head_audio_pos_same_start_100hz
M04,dysarthric,Session2,0151,data/processed/torgo_aai_features/M04/Session2/0151.npz,285,4,0|1|1|0|0|0|0|1|1|0|0|0,1|2|3|8,head_audio_pos_same_start_100hz
M04,dysarthric,Session2,0152,data/processed/torgo_aai_features/M04/Session2/0152.npz,309,4,0|1|1|0|0|0|0|1|1|0|0|0,1|2|3|8,head_audio_pos_same_start_100hz
M04,dysarthric,Session2,0153,data/processed/torgo_aai_features/M04/Session2/0153.npz,1198,4,0|1|1|0|0|0|0|1|1|0|0|0,1|2|3|8,head_audio_pos_same_start_100hz
M04,dysarthric,Session2,0154,data/processed/torgo_aai_features/M04/Session2/0154.npz,592,0,0|0|0|0|0|0|0|0|0|0|0|0,1|2|3|4|6|7|8|9|10,head_audio_pos_same_start_100hz
M04,dysarthric,Session2,0155,data/processed/torgo_aai_features/M04/Session2/0155.npz,811,0,0|0|0|0|0|0|0|0|0|0|0|0,1|2|3|4|6|7|8|9|10,head_audio_pos_same_start_100hz
M04,dysarthric,Session2,0156,data/processed/torgo_aai_features/M04/Session2/0156.npz,751,4,0|1|1|0|0|0|0|1|1|0|0|0,1|2|3|8|9,head_audio_pos_same_start_100hz
M04,dysarthric,Session2,0157,data/processed/torgo_aai_features/M04/Session2/0157.npz,684,4,0|1|1|0|0|0|0|1|1|0|0|0,1|2|3|8,head_audio_pos_same_start_100hz
M04,dysarthric,Session2,0158,data/processed/torgo_aai_features/M04/Session2/0158.npz,1083,4,0|1|1|0|0|0|0|1|1|0|0|0,1|2|3|8,head_audio_pos_same_start_100hz
M04,dysarthric,Session2,0159,data/processed/torgo_aai_features/M04/Session2/0159.npz,329,4,0|1|1|0|0|0|0|1|1|0|0|0,1|2|3|8,head_audio_pos_same_start_100hz
M04,dysarthric,Session2,0160,data/processed/torgo_aai_features/M04/Session2/0160.npz,1143,0,0|0|0|0|0|0|0|0|0|0|0|0,1|2|3|4|6|7|8|9|10,head_audio_pos_same_start_100hz
M04,dysarthric,Session2,0161,data/processed/torgo_aai_features/M04/Session2/0161.npz,289,4,0|1|1|0|0|0|0|1|1|0|0|0,1|2|3|8,head_audio_pos_same_start_100hz
M04,dysarthric,Session2,0162,data/processed/torgo_aai_features/M04/Session2/0162.npz,256,4,0|1|1|0|0|0|0|1|1|0|0|0,1|2|3|8,head_audio_pos_same_start_100hz
M04,dysarthric,Session2,0163,data/processed/torgo_aai_features/M04/Session2/0163.npz,254,2,0|1|0|0|0|0|0|1|0|0|0|0,1|2|3|7|8,head_audio_pos_same_start_100hz
M04,dysarthric,Session2,0164,data/processed/torgo_aai_features/M04/Session2/0164.npz,257,4,0|1|1|0|0|0|0|1|1|0|0|0,1|2|3|8,head_audio_pos_same_start_100hz
M04,dysarthric,Session2,0165,data/processed/torgo_aai_features/M04/Session2/0165.npz,380,4,0|1|1|0|0|0|0|1|1|0|0|0,1|2|3|8,head_audio_pos_same_start_100hz
M04,dysarthric,Session2,0166,data/processed/torgo_aai_features/M04/Session2/0166.npz,283,4,0|1|1|0|0|0|0|1|1|0|0|0,1|2|3|8,head_audio_pos_same_start_100hz
M04,dysarthric,Session2,0167,data/processed/torgo_aai_features/M04/Session2/0167.npz,250,4,0|1|1|0|0|0|0|1|1|0|0|0,1|2|3|8,head_audio_pos_same_start_100hz
M04,dysarthric,Session2,0168,data/processed/torgo_aai_features/M04/Session2/0168.npz,1169,4,0|1|1|0|0|0|0|1|1|0|0|0,1|2|3|8|9,head_audio_pos_same_start_100hz
M04,dysarthric,Session2,0169,data/processed/torgo_aai_features/M04/Session2/0169.npz,327,4,0|1|1|0|0|0|0|1|1|0|0|0,1|2|3|8,head_audio_pos_same_start_100hz
M04,dysarthric,Session2,0170,data/processed/torgo_aai_features/M04/Session2/0170.npz,307,4,0|1|1|0|0|0|0|1|1|0|0|0,1|2|3|8,head_audio_pos_same_start_100hz
M04,dysarthric,Session2,0171,data/processed/torgo_aai_features/M04/Session2/0171.npz,261,4,0|1|1|0|0|0|0|1|1|0|0|0,1|2|3|8,head_audio_pos_same_start_100hz
M04,dysarthric,Session2,0172,data/processed/torgo_aai_features/M04/Session2/0172.npz,1262,4,0|1|1|0|0|0|0|1|1|0|0|0,1|2|3|8|10,head_audio_pos_same_start_100hz
M04,dysarthric,Session2,0173,data/processed/torgo_aai_features/M04/Session2/0173.npz,208,4,0|1|1|0|0|0|0|1|1|0|0|0,1|2|3|8,head_audio_pos_same_start_100hz
M04,dysarthric,Session2,0174,data/processed/torgo_aai_features/M04/Session2/0174.npz,644,4,0|1|1|0|0|0|0|1|1|0|0|0,1|2|3|8|10,head_audio_pos_same_start_100hz
M04,dysarthric,Session2,0175,data/processed/torgo_aai_features/M04/Session2/0175.npz,480,4,0|1|1|0|0|0|0|1|1|0|0|0,1|2|3|8,head_audio_pos_same_start_100hz
M04,dysarthric,Session2,0176,data/processed/torgo_aai_features/M04/Session2/0176.npz,398,4,0|1|1|0|0|0|0|1|1|0|0|0,1|2|3|8|9,head_audio_pos_same_start_100hz
M04,dysarthric,Session2,0177,data/processed/torgo_aai_features/M04/Session2/0177.npz,236,4,0|1|1|0|0|0|0|1|1|0|0|0,1|2|3|8,head_audio_pos_same_start_100hz
M04,dysarthric,Session2,0178,data/processed/torgo_aai_features/M04/Session2/0178.npz,398,4,0|1|1|0|0|0|0|1|1|0|0|0,1|2|3|8|9,head_audio_pos_same_start_100hz
M04,dysarthric,Session2,0179,data/processed/torgo_aai_features/M04/Session2/0179.npz,292,4,0|1|1|0|0|0|0|1|1|0|0|0,1|2|3|8,head_audio_pos_same_start_100hz
M04,dysarthric,Session2,0180,data/processed/torgo_aai_features/M04/Session2/0180.npz,238,4,0|1|1|0|0|0|0|1|1|0|0|0,1|2|3|8,head_audio_pos_same_start_100hz
M04,dysarthric,Session2,0181,data/processed/torgo_aai_features/M04/Session2/0181.npz,354,4,0|1|1|0|0|0|0|1|1|0|0|0,1|2|3|8,head_audio_pos_same_start_100hz
M04,dysarthric,Session2,0182,data/processed/torgo_aai_features/M04/Session2/0182.npz,651,4,0|1|1|0|0|0|0|1|1|0|0|0,1|2|3|8,head_audio_pos_same_start_100hz
M04,dysarthric,Session2,0183,data/processed/torgo_aai_features/M04/Session2/0183.npz,570,2,0|1|0|0|0|0|0|1|0|0|0|0,1|2|3|7|8,head_audio_pos_same_start_100hz
M04,dysarthric,Session2,0184,data/processed/torgo_aai_features/M04/Session2/0184.npz,678,4,0|1|1|0|0|0|0|1|1|0|0|0,1|2|3|8|9,head_audio_pos_same_start_100hz
M04,dysarthric,Session2,0185,data/processed/torgo_aai_features/M04/Session2/0185.npz,617,0,0|0|0|0|0|0|0|0|0|0|0|0,1|2|3|4|6|7|8|9|10,head_audio_pos_same_start_100hz
M04,dysarthric,Session2,0186,data/processed/torgo_aai_features/M04/Session2/0186.npz,557,2,0|1|0|0|0|0|0|1|0|0|0|0,1|2|3|7|8,head_audio_pos_same_start_100hz
M04,dysarthric,Session2,0187,data/processed/torgo_aai_features/M04/Session2/0187.npz,786,4,0|1|1|0|0|0|0|1|1|0|0|0,1|2|3|8,head_audio_pos_same_start_100hz
M04,dysarthric,Session2,0188,data/processed/torgo_aai_features/M04/Session2/0188.npz,242,4,0|1|1|0|0|0|0|1|1|0|0|0,1|2|3|8,head_audio_pos_same_start_100hz
M04,dysarthric,Session2,0189,data/processed/torgo_aai_features/M04/Session2/0189.npz,892,2,0|1|0|0|0|0|0|1|0|0|0|0,1|2|3|7|8,head_audio_pos_same_start_100hz
M04,dysarthric,Session2,0190,data/processed/torgo_aai_features/M04/Session2/0190.npz,1028,4,0|1|1|0|0|0|0|1|1|0|0|0,1|2|3|8,head_audio_pos_same_start_100hz
M04,dysarthric,Session2,0191,data/processed/torgo_aai_features/M04/Session2/0191.npz,662,4,0|1|1|0|0|0|0|1|1|0|0|0,1|2|3|8|9,head_audio_pos_same_start_100hz
M04,dysarthric,Session2,0192,data/processed/torgo_aai_features/M04/Session2/0192.npz,267,4,0|1|1|0|0|0|0|1|1|0|0|0,1|2|3|8,head_audio_pos_same_start_100hz
M04,dysarthric,Session2,0193,data/processed/torgo_aai_features/M04/Session2/0193.npz,270,2,0|1|0|0|0|0|0|1|0|0|0|0,1|2|3|7|8,head_audio_pos_same_start_100hz
M04,dysarthric,Session2,0194,data/processed/torgo_aai_features/M04/Session2/0194.npz,1619,4,0|1|1|0|0|0|0|1|1|0|0|0,1|2|3|8|10,head_audio_pos_same_start_100hz
M04,dysarthric,Session2,0195,data/processed/torgo_aai_features/M04/Session2/0195.npz,276,4,0|1|1|0|0|0|0|1|1|0|0|0,1|2|3|8,head_audio_pos_same_start_100hz
M04,dysarthric,Session2,0196,data/processed/torgo_aai_features/M04/Session2/0196.npz,241,4,0|1|1|0|0|0|0|1|1|0|0|0,1|2|3|8,head_audio_pos_same_start_100hz
M04,dysarthric,Session2,0197,data/processed/torgo_aai_features/M04/Session2/0197.npz,254,4,0|1|1|0|0|0|0|1|1|0|0|0,1|2|3|8,head_audio_pos_same_start_100hz
M04,dysarthric,Session2,0198,data/processed/torgo_aai_features/M04/Session2/0198.npz,234,4,0|1|1|0|0|0|0|1|1|0|0|0,1|2|3|8,head_audio_pos_same_start_100hz
M04,dysarthric,Session2,0199,data/processed/torgo_aai_features/M04/Session2/0199.npz,280,4,0|1|1|0|0|0|0|1|1|0|0|0,1|2|3|8,head_audio_pos_same_start_100hz
M04,dysarthric,Session2,0200,data/processed/torgo_aai_features/M04/Session2/0200.npz,266,4,0|1|1|0|0|0|0|1|1|0|0|0,1|2|3|8,head_audio_pos_same_start_100hz
M04,dysarthric,Session2,0201,data/processed/torgo_aai_features/M04/Session2/0201.npz,250,4,0|1|1|0|0|0|0|1|1|0|0|0,1|2|3|8,head_audio_pos_same_start_100hz
M04,dysarthric,Session2,0202,data/processed/torgo_aai_features/M04/Session2/0202.npz,794,4,0|1|1|0|0|0|0|1|1|0|0|0,1|2|3|8|9,head_audio_pos_same_start_100hz
M04,dysarthric,Session2,0203,data/processed/torgo_aai_features/M04/Session2/0203.npz,293,4,0|1|1|0|0|0|0|1|1|0|0|0,1|2|3|8,head_audio_pos_same_start_100hz
M04,dysarthric,Session2,0204,data/processed/torgo_aai_features/M04/Session2/0204.npz,269,4,0|1|1|0|0|0|0|1|1|0|0|0,1|2|3|8|10,head_audio_pos_same_start_100hz
M04,dysarthric,Session2,0205,data/processed/torgo_aai_features/M04/Session2/0205.npz,257,4,0|1|1|0|0|0|0|1|1|0|0|0,1|2|3|8|10,head_audio_pos_same_start_100hz
M04,dysarthric,Session2,0206,data/processed/torgo_aai_features/M04/Session2/0206.npz,617,4,0|1|1|0|0|0|0|1|1|0|0|0,1|2|3|8|10,head_audio_pos_same_start_100hz
M04,dysarthric,Session2,0207,data/processed/torgo_aai_features/M04/Session2/0207.npz,242,4,0|1|1|0|0|0|0|1|1|0|0|0,1|2|3|8|10,head_audio_pos_same_start_100hz
M04,dysarthric,Session2,0208,data/processed/torgo_aai_features/M04/Session2/0208.npz,706,2,0|1|0|0|0|0|0|1|0|0|0|0,1|2|3|7|8|10,head_audio_pos_same_start_100hz
M04,dysarthric,Session2,0209,data/processed/torgo_aai_features/M04/Session2/0209.npz,238,4,0|1|1|0|0|0|0|1|1|0|0|0,1|2|3|8|10,head_audio_pos_same_start_100hz
M04,dysarthric,Session2,0210,data/processed/torgo_aai_features/M04/Session2/0210.npz,230,4,0|1|1|0|0|0|0|1|1|0|0|0,1|2|3|8,head_audio_pos_same_start_100hz
M04,dysarthric,Session2,0211,data/processed/torgo_aai_features/M04/Session2/0211.npz,277,4,0|1|1|0|0|0|0|1|1|0|0|0,1|2|3|8|10,head_audio_pos_same_start_100hz
M04,dysarthric,Session2,0212,data/processed/torgo_aai_features/M04/Session2/0212.npz,252,4,0|1|1|0|0|0|0|1|1|0|0|0,1|2|3|8,head_audio_pos_same_start_100hz
M04,dysarthric,Session2,0213,data/processed/torgo_aai_features/M04/Session2/0213.npz,351,4,0|1|1|0|0|0|0|1|1|0|0|0,1|2|3|8,head_audio_pos_same_start_100hz
M04,dysarthric,Session2,0214,data/processed/torgo_aai_features/M04/Session2/0214.npz,261,4,0|1|1|0|0|0|0|1|1|0|0|0,1|2|3|8|10,head_audio_pos_same_start_100hz
M04,dysarthric,Session2,0215,data/processed/torgo_aai_features/M04/Session2/0215.npz,216,4,0|1|1|0|0|0|0|1|1|0|0|0,1|2|3|8,head_audio_pos_same_start_100hz
M04,dysarthric,Session2,0216,data/processed/torgo_aai_features/M04/Session2/0216.npz,1241,4,0|1|1|0|0|0|0|1|1|0|0|0,1|2|3|8|10,head_audio_pos_same_start_100hz
M04,dysarthric,Session2,0217,data/processed/torgo_aai_features/M04/Session2/0217.npz,729,4,0|1|1|0|0|0|0|1|1|0|0|0,1|2|3|8|10,head_audio_pos_same_start_100hz
M04,dysarthric,Session2,0218,data/processed/torgo_aai_features/M04/Session2/0218.npz,241,4,0|1|1|0|0|0|0|1|1|0|0|0,1|2|3|8,head_audio_pos_same_start_100hz
M04,dysarthric,Session2,0219,data/processed/torgo_aai_features/M04/Session2/0219.npz,1178,4,0|1|1|0|0|0|0|1|1|0|0|0,1|2|3|8|9|10,head_audio_pos_same_start_100hz
M04,dysarthric,Session2,0220,data/processed/torgo_aai_features/M04/Session2/0220.npz,982,4,0|1|1|0|0|0|0|1|1|0|0|0,1|2|3|8|10,head_audio_pos_same_start_100hz
M04,dysarthric,Session2,0221,data/processed/torgo_aai_features/M04/Session2/0221.npz,258,2,0|0|1|0|0|0|0|0|1|0|0|0,1|2|3|6|8,head_audio_pos_same_start_100hz
M04,dysarthric,Session2,0222,data/processed/torgo_aai_features/M04/Session2/0222.npz,274,4,0|1|1|0|0|0|0|1|1|0|0|0,1|2|3|8,head_audio_pos_same_start_100hz
M04,dysarthric,Session2,0223,data/processed/torgo_aai_features/M04/Session2/0223.npz,269,4,0|1|1|0|0|0|0|1|1|0|0|0,1|2|3|8,head_audio_pos_same_start_100hz
M04,dysarthric,Session2,0224,data/processed/torgo_aai_features/M04/Session2/0224.npz,282,4,0|1|1|0|0|0|0|1|1|0|0|0,1|2|3|8,head_audio_pos_same_start_100hz
M04,dysarthric,Session2,0225,data/processed/torgo_aai_features/M04/Session2/0225.npz,983,4,0|1|1|0|0|0|0|1|1|0|0|0,1|2|3|8|9|10,head_audio_pos_same_start_100hz
M04,dysarthric,Session2,0226,data/processed/torgo_aai_features/M04/Session2/0226.npz,1354,2,0|0|1|0|0|0|0|0|1|0|0|0,1|2|3|6|8|9,head_audio_pos_same_start_100hz
M04,dysarthric,Session2,0227,data/processed/torgo_aai_features/M04/Session2/0227.npz,313,4,0|1|1|0|0|0|0|1|1|0|0|0,1|2|3|8,head_audio_pos_same_start_100hz
M04,dysarthric,Session2,0228,data/processed/torgo_aai_features/M04/Session2/0228.npz,320,4,0|1|1|0|0|0|0|1|1|0|0|0,1|2|3|8|10,head_audio_pos_same_start_100hz
M04,dysarthric,Session2,0229,data/processed/torgo_aai_features/M04/Session2/0229.npz,264,4,0|1|1|0|0|0|0|1|1|0|0|0,1|2|3|8,head_audio_pos_same_start_100hz
M04,dysarthric,Session2,0230,data/processed/torgo_aai_features/M04/Session2/0230.npz,291,4,0|1|1|0|0|0|0|1|1|0|0|0,1|2|3|8,head_audio_pos_same_start_100hz
M04,dysarthric,Session2,0231,data/processed/torgo_aai_features/M04/Session2/0231.npz,834,4,0|1|1|0|0|0|0|1|1|0|0|0,1|2|3|8|10,head_audio_pos_same_start_100hz
M04,dysarthric,Session2,0232,data/processed/torgo_aai_features/M04/Session2/0232.npz,322,4,0|1|1|0|0|0|0|1|1|0|0|0,1|2|3|8,head_audio_pos_same_start_100hz
M04,dysarthric,Session2,0233,data/processed/torgo_aai_features/M04/Session2/0233.npz,242,4,0|1|1|0|0|0|0|1|1|0|0|0,1|2|3|8,head_audio_pos_same_start_100hz
M04,dysarthric,Session2,0234,data/processed/torgo_aai_features/M04/Session2/0234.npz,222,4,0|1|1|0|0|0|0|1|1|0|0|0,1|2|3|8,head_audio_pos_same_start_100hz
M04,dysarthric,Session2,0235,data/processed/torgo_aai_features/M04/Session2/0235.npz,308,4,0|1|1|0|0|0|0|1|1|0|0|0,1|2|3|8|9,head_audio_pos_same_start_100hz
M04,dysarthric,Session2,0236,data/processed/torgo_aai_features/M04/Session2/0236.npz,637,4,0|1|1|0|0|0|0|1|1|0|0|0,1|2|3|8,head_audio_pos_same_start_100hz
M04,dysarthric,Session2,0237,data/processed/torgo_aai_features/M04/Session2/0237.npz,527,4,0|1|1|0|0|0|0|1|1|0|0|0,1|2|3|8,head_audio_pos_same_start_100hz
M04,dysarthric,Session2,0238,data/processed/torgo_aai_features/M04/Session2/0238.npz,247,4,0|1|1|0|0|0|0|1|1|0|0|0,1|2|3|8,head_audio_pos_same_start_100hz
M04,dysarthric,Session2,0239,data/processed/torgo_aai_features/M04/Session2/0239.npz,316,4,0|1|1|0|0|0|0|1|1|0|0|0,1|2|3|8|9,head_audio_pos_same_start_100hz
M04,dysarthric,Session2,0240,data/processed/torgo_aai_features/M04/Session2/0240.npz,280,4,0|1|1|0|0|0|0|1|1|0|0|0,1|2|3|8|9,head_audio_pos_same_start_100hz
M04,dysarthric,Session2,0241,data/processed/torgo_aai_features/M04/Session2/0241.npz,272,4,0|1|1|0|0|0|0|1|1|0|0|0,1|2|3|8,head_audio_pos_same_start_100hz
M04,dysarthric,Session2,0242,data/processed/torgo_aai_features/M04/Session2/0242.npz,922,0,0|0|0|0|0|0|0|0|0|0|0|0,1|2|3|4|6|7|8|9|10,head_audio_pos_same_start_100hz
M04,dysarthric,Session2,0243,data/processed/torgo_aai_features/M04/Session2/0243.npz,268,4,0|1|1|0|0|0|0|1|1|0|0|0,1|2|3|8|9,head_audio_pos_same_start_100hz
M04,dysarthric,Session2,0244,data/processed/torgo_aai_features/M04/Session2/0244.npz,245,4,0|1|1|0|0|0|0|1|1|0|0|0,1|2|3|8,head_audio_pos_same_start_100hz
M04,dysarthric,Session2,0245,data/processed/torgo_aai_features/M04/Session2/0245.npz,294,4,0|1|1|0|0|0|0|1|1|0|0|0,1|2|3|8,head_audio_pos_same_start_100hz
M04,dysarthric,Session2,0246,data/processed/torgo_aai_features/M04/Session2/0246.npz,1047,4,0|1|1|0|0|0|0|1|1|0|0|0,1|2|3|8|9,head_audio_pos_same_start_100hz
M04,dysarthric,Session2,0247,data/processed/torgo_aai_features/M04/Session2/0247.npz,452,4,0|1|1|0|0|0|0|1|1|0|0|0,1|2|3|8,head_audio_pos_same_start_100hz
M04,dysarthric,Session2,0248,data/processed/torgo_aai_features/M04/Session2/0248.npz,872,4,0|1|1|0|0|0|0|1|1|0|0|0,1|2|3|8|9,head_audio_pos_same_start_100hz
M04,dysarthric,Session2,0249,data/processed/torgo_aai_features/M04/Session2/0249.npz,244,4,0|1|1|0|0|0|0|1|1|0|0|0,1|2|3|8,head_audio_pos_same_start_100hz
M04,dysarthric,Session2,0250,data/processed/torgo_aai_features/M04/Session2/0250.npz,262,4,0|1|1|0|0|0|0|1|1|0|0|0,1|2|3|8,head_audio_pos_same_start_100hz
M04,dysarthric,Session2,0251,data/processed/torgo_aai_features/M04/Session2/0251.npz,280,4,0|1|1|0|0|0|0|1|1|0|0|0,1|2|3|8,head_audio_pos_same_start_100hz
M04,dysarthric,Session2,0252,data/processed/torgo_aai_features/M04/Session2/0252.npz,223,4,0|1|1|0|0|0|0|1|1|0|0|0,1|2|3|8,head_audio_pos_same_start_100hz
M04,dysarthric,Session2,0253,data/processed/torgo_aai_features/M04/Session2/0253.npz,610,4,0|1|1|0|0|0|0|1|1|0|0|0,1|2|3|8,head_audio_pos_same_start_100hz
M04,dysarthric,Session2,0254,data/processed/torgo_aai_features/M04/Session2/0254.npz,269,4,0|1|1|0|0|0|0|1|1|0|0|0,1|2|3|8,head_audio_pos_same_start_100hz
M04,dysarthric,Session2,0255,data/processed/torgo_aai_features/M04/Session2/0255.npz,939,4,0|1|1|0|0|0|0|1|1|0|0|0,1|2|3|8,head_audio_pos_same_start_100hz
M04,dysarthric,Session2,0256,data/processed/torgo_aai_features/M04/Session2/0256.npz,454,4,0|1|1|0|0|0|0|1|1|0|0|0,1|2|3|8,head_audio_pos_same_start_100hz
M04,dysarthric,Session2,0257,data/processed/torgo_aai_features/M04/Session2/0257.npz,215,4,0|1|1|0|0|0|0|1|1|0|0|0,1|2|3|8,head_audio_pos_same_start_100hz
M04,dysarthric,Session2,0258,data/processed/torgo_aai_features/M04/Session2/0258.npz,32,4,0|1|1|0|0|0|0|1|1|0|0|0,1|2|3|8,head_audio_pos_same_start_100hz
M04,dysarthric,Session2,0259,data/processed/torgo_aai_features/M04/Session2/0259.npz,252,4,0|1|1|0|0|0|0|1|1|0|0|0,1|2|3|8,head_audio_pos_same_start_100hz
M04,dysarthric,Session2,0260,data/processed/torgo_aai_features/M04/Session2/0260.npz,300,4,0|1|1|0|0|0|0|1|1|0|0|0,1|2|3|8,head_audio_pos_same_start_100hz
M04,dysarthric,Session2,0261,data/processed/torgo_aai_features/M04/Session2/0261.npz,294,4,0|1|1|0|0|0|0|1|1|0|0|0,1|2|3|8,head_audio_pos_same_start_100hz
M04,dysarthric,Session2,0262,data/processed/torgo_aai_features/M04/Session2/0262.npz,264,4,0|1|1|0|0|0|0|1|1|0|0|0,1|2|3|8,head_audio_pos_same_start_100hz
M04,dysarthric,Session2,0263,data/processed/torgo_aai_features/M04/Session2/0263.npz,247,4,0|1|1|0|0|0|0|1|1|0|0|0,1|2|3|8,head_audio_pos_same_start_100hz
M04,dysarthric,Session2,0264,data/processed/torgo_aai_features/M04/Session2/0264.npz,860,4,0|1|1|0|0|0|0|1|1|0|0|0,1|2|3|8,head_audio_pos_same_start_100hz
M04,dysarthric,Session2,0265,data/processed/torgo_aai_features/M04/Session2/0265.npz,307,4,0|1|1|0|0|0|0|1|1|0|0|0,1|2|3|8,head_audio_pos_same_start_100hz
M04,dysarthric,Session2,0266,data/processed/torgo_aai_features/M04/Session2/0266.npz,265,4,0|1|1|0|0|0|0|1|1|0|0|0,1|2|3|8,head_audio_pos_same_start_100hz
M04,dysarthric,Session2,0267,data/processed/torgo_aai_features/M04/Session2/0267.npz,249,4,0|1|1|0|0|0|0|1|1|0|0|0,1|2|3|8,head_audio_pos_same_start_100hz
M04,dysarthric,Session2,0268,data/processed/torgo_aai_features/M04/Session2/0268.npz,278,4,0|1|1|0|0|0|0|1|1|0|0|0,1|2|3|8,head_audio_pos_same_start_100hz
M04,dysarthric,Session2,0269,data/processed/torgo_aai_features/M04/Session2/0269.npz,521,0,0|0|0|0|0|0|0|0|0|0|0|0,1|2|3|4|6|7|8|9|10,head_audio_pos_same_start_100hz
M04,dysarthric,Session2,0270,data/processed/torgo_aai_features/M04/Session2/0270.npz,335,4,0|1|1|0|0|0|0|1|1|0|0|0,1|2|3|8,head_audio_pos_same_start_100hz
M04,dysarthric,Session2,0271,data/processed/torgo_aai_features/M04/Session2/0271.npz,298,4,0|1|1|0|0|0|0|1|1|0|0|0,1|2|3|8,head_audio_pos_same_start_100hz
M04,dysarthric,Session2,0272,data/processed/torgo_aai_features/M04/Session2/0272.npz,248,4,0|1|1|0|0|0|0|1|1|0|0|0,1|2|3|8,head_audio_pos_same_start_100hz
M04,dysarthric,Session2,0273,data/processed/torgo_aai_features/M04/Session2/0273.npz,272,2,0|0|1|0|0|0|0|0|1|0|0|0,1|2|3|6|8|10,head_audio_pos_same_start_100hz
M04,dysarthric,Session2,0274,data/processed/torgo_aai_features/M04/Session2/0274.npz,1021,4,0|1|1|0|0|0|0|1|1|0|0|0,1|2|3|8,head_audio_pos_same_start_100hz
M04,dysarthric,Session2,0275,data/processed/torgo_aai_features/M04/Session2/0275.npz,289,2,0|1|0|0|0|0|0|1|0|0|0|0,1|2|3|7|8,head_audio_pos_same_start_100hz
M04,dysarthric,Session2,0276,data/processed/torgo_aai_features/M04/Session2/0276.npz,355,4,0|1|1|0|0|0|0|1|1|0|0|0,1|2|3|8|9,head_audio_pos_same_start_100hz
M04,dysarthric,Session2,0277,data/processed/torgo_aai_features/M04/Session2/0277.npz,344,4,0|1|1|0|0|0|0|1|1|0|0|0,1|2|3|8,head_audio_pos_same_start_100hz
M04,dysarthric,Session2,0278,data/processed/torgo_aai_features/M04/Session2/0278.npz,348,4,0|1|1|0|0|0|0|1|1|0|0|0,1|2|3|8,head_audio_pos_same_start_100hz
M04,dysarthric,Session2,0279,data/processed/torgo_aai_features/M04/Session2/0279.npz,249,4,0|1|1|0|0|0|0|1|1|0|0|0,1|2|3|8,head_audio_pos_same_start_100hz
M04,dysarthric,Session2,0280,data/processed/torgo_aai_features/M04/Session2/0280.npz,254,4,0|1|1|0|0|0|0|1|1|0|0|0,1|2|3|8,head_audio_pos_same_start_100hz
M04,dysarthric,Session2,0281,data/processed/torgo_aai_features/M04/Session2/0281.npz,1238,4,0|1|1|0|0|0|0|1|1|0|0|0,1|2|3|8,head_audio_pos_same_start_100hz
M04,dysarthric,Session2,0282,data/processed/torgo_aai_features/M04/Session2/0282.npz,2318,4,0|1|1|0|0|0|0|1|1|0|0|0,1|2|3|8|9|10,head_audio_pos_same_start_100hz
M04,dysarthric,Session2,0283,data/processed/torgo_aai_features/M04/Session2/0283.npz,753,4,0|1|1|0|0|0|0|1|1|0|0|0,1|2|3|8|10,head_audio_pos_same_start_100hz
M04,dysarthric,Session2,0284,data/processed/torgo_aai_features/M04/Session2/0284.npz,356,4,0|1|1|0|0|0|0|1|1|0|0|0,1|2|3|8|10,head_audio_pos_same_start_100hz
M04,dysarthric,Session2,0285,data/processed/torgo_aai_features/M04/Session2/0285.npz,1532,4,0|1|1|0|0|0|0|1|1|0|0|0,1|2|3|8|9|10,head_audio_pos_same_start_100hz
M04,dysarthric,Session2,0286,data/processed/torgo_aai_features/M04/Session2/0286.npz,920,4,0|1|1|0|0|0|0|1|1|0|0|0,1|2|3|8|9,head_audio_pos_same_start_100hz
M04,dysarthric,Session2,0287,data/processed/torgo_aai_features/M04/Session2/0287.npz,386,4,0|1|1|0|0|0|0|1|1|0|0|0,1|2|3|8|10,head_audio_pos_same_start_100hz
M04,dysarthric,Session2,0288,data/processed/torgo_aai_features/M04/Session2/0288.npz,1327,4,0|1|1|0|0|0|0|1|1|0|0|0,1|2|3|4|5|8|9|10|12,head_audio_pos_same_start_100hz
M04,dysarthric,Session2,0289,data/processed/torgo_aai_features/M04/Session2/0289.npz,705,2,0|1|0|0|0|0|0|1|0|0|0|0,1|2|3|7|8|9|10,head_audio_pos_same_start_100hz
M04,dysarthric,Session2,0290,data/processed/torgo_aai_features/M04/Session2/0290.npz,444,4,0|1|1|0|0|0|0|1|1|0|0|0,1|2|3|8,head_audio_pos_same_start_100hz
M04,dysarthric,Session2,0291,data/processed/torgo_aai_features/M04/Session2/0291.npz,1741,4,0|1|1|0|0|0|0|1|1|0|0|0,1|2|3|8,head_audio_pos_same_start_100hz
M04,dysarthric,Session2,0292,data/processed/torgo_aai_features/M04/Session2/0292.npz,1260,4,0|1|1|0|0|0|0|1|1|0|0|0,1|2|3|8,head_audio_pos_same_start_100hz
M04,dysarthric,Session2,0293,data/processed/torgo_aai_features/M04/Session2/0293.npz,268,4,0|1|1|0|0|0|0|1|1|0|0|0,1|2|3|8,head_audio_pos_same_start_100hz
M04,dysarthric,Session2,0294,data/processed/torgo_aai_features/M04/Session2/0294.npz,276,4,0|1|1|0|0|0|0|1|1|0|0|0,1|2|3|8|10,head_audio_pos_same_start_100hz
M04,dysarthric,Session2,0295,data/processed/torgo_aai_features/M04/Session2/0295.npz,624,2,0|1|0|0|0|0|0|1|0|0|0|0,1|2|3|7|8,head_audio_pos_same_start_100hz
M04,dysarthric,Session2,0296,data/processed/torgo_aai_features/M04/Session2/0296.npz,320,4,0|1|1|0|0|0|0|1|1|0|0|0,1|2|3|8,head_audio_pos_same_start_100hz
M04,dysarthric,Session2,0297,data/processed/torgo_aai_features/M04/Session2/0297.npz,222,4,0|1|1|0|0|0|0|1|1|0|0|0,1|2|3|8|10,head_audio_pos_same_start_100hz
M04,dysarthric,Session2,0298,data/processed/torgo_aai_features/M04/Session2/0298.npz,1005,4,0|1|1|0|0|0|0|1|1|0|0|0,1|2|3|8|10,head_audio_pos_same_start_100hz
M05,dysarthric,Session1,0001,data/processed/torgo_aai_features/M05/Session1/0001.npz,777,4,0|1|1|0|0|0|0|1|1|0|0|0,1|2|3|8,head_audio_pos_same_start_100hz
M05,dysarthric,Session1,0002,data/processed/torgo_aai_features/M05/Session1/0002.npz,711,6,1|1|1|0|0|0|1|1|1|0|0|0,1|2|3|4,head_audio_pos_same_start_100hz
M05,dysarthric,Session1,0003,data/processed/torgo_aai_features/M05/Session1/0003.npz,534,6,1|1|1|0|0|0|1|1|1|0|0|0,1|2|3,head_audio_pos_same_start_100hz
M05,dysarthric,Session1,0004,data/processed/torgo_aai_features/M05/Session1/0004.npz,709,6,1|1|1|0|0|0|1|1|1|0|0|0,1|2|3,head_audio_pos_same_start_100hz
M05,dysarthric,Session1,0005,data/processed/torgo_aai_features/M05/Session1/0005.npz,294,6,1|1|1|0|0|0|1|1|1|0|0|0,1|2|3,head_audio_pos_same_start_100hz
M05,dysarthric,Session1,0006,data/processed/torgo_aai_features/M05/Session1/0006.npz,255,4,0|1|1|0|0|0|0|1|1|0|0|0,1|2|3|8,head_audio_pos_same_start_100hz
M05,dysarthric,Session1,0007,data/processed/torgo_aai_features/M05/Session1/0007.npz,129,6,1|1|1|0|0|0|1|1|1|0|0|0,1|2|3|9,head_audio_pos_same_start_100hz
M05,dysarthric,Session1,0008,data/processed/torgo_aai_features/M05/Session1/0008.npz,262,6,1|1|1|0|0|0|1|1|1|0|0|0,1|2|3,head_audio_pos_same_start_100hz
M05,dysarthric,Session1,0009,data/processed/torgo_aai_features/M05/Session1/0009.npz,2085,4,1|0|1|0|0|0|1|0|1|0|0|0,1|2|3|6,head_audio_pos_same_start_100hz
M05,dysarthric,Session1,0010,data/processed/torgo_aai_features/M05/Session1/0010.npz,1626,4,1|1|0|0|0|0|1|1|0|0|0|0,1|2|3|7|9,head_audio_pos_same_start_100hz
M05,dysarthric,Session1,0011,data/processed/torgo_aai_features/M05/Session1/0011.npz,213,6,1|1|1|0|0|0|1|1|1|0|0|0,1|2|3,head_audio_pos_same_start_100hz
M05,dysarthric,Session1,0012,data/processed/torgo_aai_features/M05/Session1/0012.npz,294,6,1|1|1|0|0|0|1|1|1|0|0|0,1|2|3,head_audio_pos_same_start_100hz
M05,dysarthric,Session1,0013,data/processed/torgo_aai_features/M05/Session1/0013.npz,278,4,1|1|0|0|0|0|1|1|0|0|0|0,1|2|3|7,head_audio_pos_same_start_100hz
M05,dysarthric,Session1,0014,data/processed/torgo_aai_features/M05/Session1/0014.npz,252,0,0|0|0|0|0|0|0|0|0|0|0|0,1|2|3|4|6|7|8|9|10|11,head_audio_pos_same_start_100hz
M05,dysarthric,Session1,0015,data/processed/torgo_aai_features/M05/Session1/0015.npz,1082,4,0|1|1|0|0|0|0|1|1|0|0|0,1|2|3|8,head_audio_pos_same_start_100hz
M05,dysarthric,Session1,0016,data/processed/torgo_aai_features/M05/Session1/0016.npz,248,4,0|1|1|0|0|0|0|1|1|0|0|0,1|2|3|8,head_audio_pos_same_start_100hz
M05,dysarthric,Session1,0017,data/processed/torgo_aai_features/M05/Session1/0017.npz,264,6,1|1|1|0|0|0|1|1|1|0|0|0,1|2|3,head_audio_pos_same_start_100hz
M05,dysarthric,Session1,0018,data/processed/torgo_aai_features/M05/Session1/0018.npz,286,6,1|1|1|0|0|0|1|1|1|0|0|0,1|2|3,head_audio_pos_same_start_100hz
M05,dysarthric,Session1,0019,data/processed/torgo_aai_features/M05/Session1/0019.npz,900,6,1|1|1|0|0|0|1|1|1|0|0|0,1|2|3|4,head_audio_pos_same_start_100hz
M05,dysarthric,Session1,0020,data/processed/torgo_aai_features/M05/Session1/0020.npz,1540,4,0|1|1|0|0|0|0|1|1|0|0|0,1|2|3|4|8,head_audio_pos_same_start_100hz
M05,dysarthric,Session1,0021,data/processed/torgo_aai_features/M05/Session1/0021.npz,261,6,1|1|1|0|0|0|1|1|1|0|0|0,1|2|3,head_audio_pos_same_start_100hz
M05,dysarthric,Session1,0022,data/processed/torgo_aai_features/M05/Session1/0022.npz,348,6,1|1|1|0|0|0|1|1|1|0|0|0,1|2|3|9,head_audio_pos_same_start_100hz
M05,dysarthric,Session1,0023,data/processed/torgo_aai_features/M05/Session1/0023.npz,394,4,0|1|1|0|0|0|0|1|1|0|0|0,1|2|3|8,head_audio_pos_same_start_100hz
M05,dysarthric,Session1,0024,data/processed/torgo_aai_features/M05/Session1/0024.npz,308,4,0|1|1|0|0|0|0|1|1|0|0|0,1|2|3|8,head_audio_pos_same_start_100hz
M05,dysarthric,Session1,0025,data/processed/torgo_aai_features/M05/Session1/0025.npz,365,6,1|1|1|0|0|0|1|1|1|0|0|0,1|2|3,head_audio_pos_same_start_100hz
M05,dysarthric,Session1,0026,data/processed/torgo_aai_features/M05/Session1/0026.npz,317,6,1|1|1|0|0|0|1|1|1|0|0|0,1|2|3,head_audio_pos_same_start_100hz
M05,dysarthric,Session1,0027,data/processed/torgo_aai_features/M05/Session1/0027.npz,1336,6,1|1|1|0|0|0|1|1|1|0|0|0,1|2|3,head_audio_pos_same_start_100hz
M05,dysarthric,Session1,0028,data/processed/torgo_aai_features/M05/Session1/0028.npz,2532,2,0|1|0|0|0|0|0|1|0|0|0|0,1|2|3|4|7|8|9|10|12,head_audio_pos_same_start_100hz
M05,dysarthric,Session1,0029,data/processed/torgo_aai_features/M05/Session1/0029.npz,240,6,1|1|1|0|0|0|1|1|1|0|0|0,1|2|3,head_audio_pos_same_start_100hz
M05,dysarthric,Session1,0030,data/processed/torgo_aai_features/M05/Session1/0030.npz,229,6,1|1|1|0|0|0|1|1|1|0|0|0,1|2|3,head_audio_pos_same_start_100hz
M05,dysarthric,Session1,0031,data/processed/torgo_aai_features/M05/Session1/0031.npz,303,6,1|1|1|0|0|0|1|1|1|0|0|0,1|2|3,head_audio_pos_same_start_100hz
M05,dysarthric,Session1,0032,data/processed/torgo_aai_features/M05/Session1/0032.npz,403,6,1|1|1|0|0|0|1|1|1|0|0|0,1|2|3|4,head_audio_pos_same_start_100hz
M05,dysarthric,Session1,0033,data/processed/torgo_aai_features/M05/Session1/0033.npz,370,6,1|1|1|0|0|0|1|1|1|0|0|0,1|2|3,head_audio_pos_same_start_100hz
M05,dysarthric,Session1,0034,data/processed/torgo_aai_features/M05/Session1/0034.npz,268,6,1|1|1|0|0|0|1|1|1|0|0|0,1|2|3,head_audio_pos_same_start_100hz
M05,dysarthric,Session1,0035,data/processed/torgo_aai_features/M05/Session1/0035.npz,301,6,1|1|1|0|0|0|1|1|1|0|0|0,1|2|3,head_audio_pos_same_start_100hz
M05,dysarthric,Session1,0036,data/processed/torgo_aai_features/M05/Session1/0036.npz,334,6,1|1|1|0|0|0|1|1|1|0|0|0,1|2|3,head_audio_pos_same_start_100hz
M05,dysarthric,Session1,0037,data/processed/torgo_aai_features/M05/Session1/0037.npz,293,6,1|1|1|0|0|0|1|1|1|0|0|0,1|2|3,head_audio_pos_same_start_100hz
M05,dysarthric,Session1,0038,data/processed/torgo_aai_features/M05/Session1/0038.npz,281,6,1|1|1|0|0|0|1|1|1|0|0|0,1|2|3,head_audio_pos_same_start_100hz
M05,dysarthric,Session1,0039,data/processed/torgo_aai_features/M05/Session1/0039.npz,230,6,1|1|1|0|0|0|1|1|1|0|0|0,1|2|3,head_audio_pos_same_start_100hz
M05,dysarthric,Session1,0040,data/processed/torgo_aai_features/M05/Session1/0040.npz,264,6,1|1|1|0|0|0|1|1|1|0|0|0,1|2|3,head_audio_pos_same_start_100hz
M05,dysarthric,Session1,0041,data/processed/torgo_aai_features/M05/Session1/0041.npz,327,6,1|1|1|0|0|0|1|1|1|0|0|0,1|2|3|9,head_audio_pos_same_start_100hz
M05,dysarthric,Session1,0042,data/processed/torgo_aai_features/M05/Session1/0042.npz,353,6,1|1|1|0|0|0|1|1|1|0|0|0,1|2|3,head_audio_pos_same_start_100hz
M05,dysarthric,Session1,0043,data/processed/torgo_aai_features/M05/Session1/0043.npz,268,6,1|1|1|0|0|0|1|1|1|0|0|0,1|2|3,head_audio_pos_same_start_100hz
M05,dysarthric,Session1,0044,data/processed/torgo_aai_features/M05/Session1/0044.npz,354,6,1|1|1|0|0|0|1|1|1|0|0|0,1|2|3,head_audio_pos_same_start_100hz
M05,dysarthric,Session1,0045,data/processed/torgo_aai_features/M05/Session1/0045.npz,653,6,1|1|1|0|0|0|1|1|1|0|0|0,1|2|3,head_audio_pos_same_start_100hz
M05,dysarthric,Session1,0046,data/processed/torgo_aai_features/M05/Session1/0046.npz,455,6,1|1|1|0|0|0|1|1|1|0|0|0,1|2|3,head_audio_pos_same_start_100hz
M05,dysarthric,Session1,0047,data/processed/torgo_aai_features/M05/Session1/0047.npz,224,0,0|0|0|0|0|0|0|0|0|0|0|0,1|2|3|4|5|6|7|8|9|10,head_audio_pos_same_start_100hz
M05,dysarthric,Session1,0048,data/processed/torgo_aai_features/M05/Session1/0048.npz,263,6,1|1|1|0|0|0|1|1|1|0|0|0,1|2|3,head_audio_pos_same_start_100hz
M05,dysarthric,Session1,0049,data/processed/torgo_aai_features/M05/Session1/0049.npz,315,6,1|1|1|0|0|0|1|1|1|0|0|0,1|2|3,head_audio_pos_same_start_100hz
M05,dysarthric,Session1,0050,data/processed/torgo_aai_features/M05/Session1/0050.npz,260,6,1|1|1|0|0|0|1|1|1|0|0|0,1|2|3,head_audio_pos_same_start_100hz
M05,dysarthric,Session1,0051,data/processed/torgo_aai_features/M05/Session1/0051.npz,745,4,0|1|1|0|0|0|0|1|1|0|0|0,1|2|3|8,head_audio_pos_same_start_100hz
M05,dysarthric,Session1,0052,data/processed/torgo_aai_features/M05/Session1/0052.npz,180,6,1|1|1|0|0|0|1|1|1|0|0|0,1|2|3,head_audio_pos_same_start_100hz
M05,dysarthric,Session1,0053,data/processed/torgo_aai_features/M05/Session1/0053.npz,287,6,1|1|1|0|0|0|1|1|1|0|0|0,1|2|3,head_audio_pos_same_start_100hz
M05,dysarthric,Session1,0054,data/processed/torgo_aai_features/M05/Session1/0054.npz,162,6,1|1|1|0|0|0|1|1|1|0|0|0,1|2|3,head_audio_pos_same_start_100hz
M05,dysarthric,Session1,0055,data/processed/torgo_aai_features/M05/Session1/0055.npz,241,0,0|0|0|0|0|0|0|0|0|0|0|0,1|2|3|4|6|7|8|9|10|11,head_audio_pos_same_start_100hz
M05,dysarthric,Session1,0056,data/processed/torgo_aai_features/M05/Session1/0056.npz,1234,4,0|1|1|0|0|0|0|1|1|0|0|0,1|2|3|8,head_audio_pos_same_start_100hz
M05,dysarthric,Session1,0057,data/processed/torgo_aai_features/M05/Session1/0057.npz,1099,6,1|1|1|0|0|0|1|1|1|0|0|0,1|2|3|4,head_audio_pos_same_start_100hz
M05,dysarthric,Session1,0058,data/processed/torgo_aai_features/M05/Session1/0058.npz,382,0,0|0|0|0|0|0|0|0|0|0|0|0,1|2|3|5|6|7|8|9|10,head_audio_pos_same_start_100hz
M05,dysarthric,Session1,0059,data/processed/torgo_aai_features/M05/Session1/0059.npz,388,6,1|1|1|0|0|0|1|1|1|0|0|0,1|2|3,head_audio_pos_same_start_100hz
M05,dysarthric,Session1,0060,data/processed/torgo_aai_features/M05/Session1/0060.npz,363,6,1|1|1|0|0|0|1|1|1|0|0|0,1|2|3,head_audio_pos_same_start_100hz
M05,dysarthric,Session1,0061,data/processed/torgo_aai_features/M05/Session1/0061.npz,721,4,0|1|1|0|0|0|0|1|1|0|0|0,1|2|3|8,head_audio_pos_same_start_100hz
M05,dysarthric,Session1,0062,data/processed/torgo_aai_features/M05/Session1/0062.npz,1160,2,0|0|1|0|0|0|0|0|1|0|0|0,1|2|3|6|8,head_audio_pos_same_start_100hz
M05,dysarthric,Session1,0063,data/processed/torgo_aai_features/M05/Session1/0063.npz,129,6,1|1|1|0|0|0|1|1|1|0|0|0,1|2|3,head_audio_pos_same_start_100hz
M05,dysarthric,Session1,0064,data/processed/torgo_aai_features/M05/Session1/0064.npz,279,6,1|1|1|0|0|0|1|1|1|0|0|0,1|2|3,head_audio_pos_same_start_100hz
M05,dysarthric,Session1,0065,data/processed/torgo_aai_features/M05/Session1/0065.npz,355,6,1|1|1|0|0|0|1|1|1|0|0|0,1|2|3|4,head_audio_pos_same_start_100hz
M05,dysarthric,Session1,0066,data/processed/torgo_aai_features/M05/Session1/0066.npz,327,6,1|1|1|0|0|0|1|1|1|0|0|0,1|2|3,head_audio_pos_same_start_100hz
M05,dysarthric,Session1,0067,data/processed/torgo_aai_features/M05/Session1/0067.npz,268,6,1|1|1|0|0|0|1|1|1|0|0|0,1|2|3,head_audio_pos_same_start_100hz
M05,dysarthric,Session1,0068,data/processed/torgo_aai_features/M05/Session1/0068.npz,331,6,1|1|1|0|0|0|1|1|1|0|0|0,1|2|3,head_audio_pos_same_start_100hz
M05,dysarthric,Session1,0069,data/processed/torgo_aai_features/M05/Session1/0069.npz,209,6,1|1|1|0|0|0|1|1|1|0|0|0,1|2|3,head_audio_pos_same_start_100hz
M05,dysarthric,Session1,0070,data/processed/torgo_aai_features/M05/Session1/0070.npz,214,6,1|1|1|0|0|0|1|1|1|0|0|0,1|2|3,head_audio_pos_same_start_100hz
M05,dysarthric,Session1,0071,data/processed/torgo_aai_features/M05/Session1/0071.npz,192,6,1|1|1|0|0|0|1|1|1|0|0|0,1|2|3,head_audio_pos_same_start_100hz
M05,dysarthric,Session1,0072,data/processed/torgo_aai_features/M05/Session1/0072.npz,262,6,1|1|1|0|0|0|1|1|1|0|0|0,1|2|3,head_audio_pos_same_start_100hz
M05,dysarthric,Session1,0073,data/processed/torgo_aai_features/M05/Session1/0073.npz,287,6,1|1|1|0|0|0|1|1|1|0|0|0,1|2|3,head_audio_pos_same_start_100hz
M05,dysarthric,Session1,0074,data/processed/torgo_aai_features/M05/Session1/0074.npz,1600,6,1|1|1|0|0|0|1|1|1|0|0|0,1|2|3,head_audio_pos_same_start_100hz
M05,dysarthric,Session1,0075,data/processed/torgo_aai_features/M05/Session1/0075.npz,346,6,1|1|1|0|0|0|1|1|1|0|0|0,1|2|3|4,head_audio_pos_same_start_100hz
M05,dysarthric,Session1,0076,data/processed/torgo_aai_features/M05/Session1/0076.npz,291,6,1|1|1|0|0|0|1|1|1|0|0|0,1|2|3,head_audio_pos_same_start_100hz
M05,dysarthric,Session1,0077,data/processed/torgo_aai_features/M05/Session1/0077.npz,1015,6,1|1|1|0|0|0|1|1|1|0|0|0,1|2|3|4,head_audio_pos_same_start_100hz
M05,dysarthric,Session1,0078,data/processed/torgo_aai_features/M05/Session1/0078.npz,1111,6,1|1|1|0|0|0|1|1|1|0|0|0,1|2|3,head_audio_pos_same_start_100hz
M05,dysarthric,Session1,0079,data/processed/torgo_aai_features/M05/Session1/0079.npz,228,6,1|1|1|0|0|0|1|1|1|0|0|0,1|2|3,head_audio_pos_same_start_100hz
M05,dysarthric,Session1,0080,data/processed/torgo_aai_features/M05/Session1/0080.npz,233,6,1|1|1|0|0|0|1|1|1|0|0|0,1|2|3,head_audio_pos_same_start_100hz
M05,dysarthric,Session1,0081,data/processed/torgo_aai_features/M05/Session1/0081.npz,324,6,1|1|1|0|0|0|1|1|1|0|0|0,1|2|3,head_audio_pos_same_start_100hz
M05,dysarthric,Session1,0082,data/processed/torgo_aai_features/M05/Session1/0082.npz,312,4,1|1|0|0|0|0|1|1|0|0|0|0,1|2|3|7,head_audio_pos_same_start_100hz
M05,dysarthric,Session1,0083,data/processed/torgo_aai_features/M05/Session1/0083.npz,431,4,0|1|1|0|0|0|0|1|1|0|0|0,1|2|3|8,head_audio_pos_same_start_100hz
M05,dysarthric,Session1,0084,data/processed/torgo_aai_features/M05/Session1/0084.npz,290,6,1|1|1|0|0|0|1|1|1|0|0|0,1|2|3,head_audio_pos_same_start_100hz
M05,dysarthric,Session1,0085,data/processed/torgo_aai_features/M05/Session1/0085.npz,306,6,1|1|1|0|0|0|1|1|1|0|0|0,1|2|3,head_audio_pos_same_start_100hz
M05,dysarthric,Session1,0086,data/processed/torgo_aai_features/M05/Session1/0086.npz,188,6,1|1|1|0|0|0|1|1|1|0|0|0,1|2|3,head_audio_pos_same_start_100hz
M05,dysarthric,Session1,0087,data/processed/torgo_aai_features/M05/Session1/0087.npz,1157,6,1|1|1|0|0|0|1|1|1|0|0|0,1|2|3,head_audio_pos_same_start_100hz
M05,dysarthric,Session1,0088,data/processed/torgo_aai_features/M05/Session1/0088.npz,259,4,1|1|0|0|0|0|1|1|0|0|0|0,1|2|3|7,head_audio_pos_same_start_100hz
M05,dysarthric,Session1,0089,data/processed/torgo_aai_features/M05/Session1/0089.npz,1436,4,0|1|1|0|0|0|0|1|1|0|0|0,1|2|3|8,head_audio_pos_same_start_100hz
M05,dysarthric,Session1,0090,data/processed/torgo_aai_features/M05/Session1/0090.npz,349,6,1|1|1|0|0|0|1|1|1|0|0|0,1|2|3,head_audio_pos_same_start_100hz
M05,dysarthric,Session1,0091,data/processed/torgo_aai_features/M05/Session1/0091.npz,1449,2,1|0|0|0|0|0|1|0|0|0|0|0,1|2|3|6|7|10,head_audio_pos_same_start_100hz
M05,dysarthric,Session1,0092,data/processed/torgo_aai_features/M05/Session1/0092.npz,284,6,1|1|1|0|0|0|1|1|1|0|0|0,1|2|3,head_audio_pos_same_start_100hz
M05,dysarthric,Session1,0093,data/processed/torgo_aai_features/M05/Session1/0093.npz,244,6,1|1|1|0|0|0|1|1|1|0|0|0,1|2|3,head_audio_pos_same_start_100hz
M05,dysarthric,Session1,0094,data/processed/torgo_aai_features/M05/Session1/0094.npz,815,4,0|1|1|0|0|0|0|1|1|0|0|0,1|2|3|8,head_audio_pos_same_start_100hz
M05,dysarthric,Session1,0095,data/processed/torgo_aai_features/M05/Session1/0095.npz,374,6,1|1|1|0|0|0|1|1|1|0|0|0,1|2|3,head_audio_pos_same_start_100hz
M05,dysarthric,Session1,0096,data/processed/torgo_aai_features/M05/Session1/0096.npz,273,4,0|1|1|0|0|0|0|1|1|0|0|0,1|2|3|8,head_audio_pos_same_start_100hz
M05,dysarthric,Session1,0097,data/processed/torgo_aai_features/M05/Session1/0097.npz,375,6,1|1|1|0|0|0|1|1|1|0|0|0,1|2|3,head_audio_pos_same_start_100hz
M05,dysarthric,Session1,0098,data/processed/torgo_aai_features/M05/Session1/0098.npz,308,6,1|1|1|0|0|0|1|1|1|0|0|0,1|2|3,head_audio_pos_same_start_100hz
M05,dysarthric,Session1,0099,data/processed/torgo_aai_features/M05/Session1/0099.npz,379,4,1|1|0|0|0|0|1|1|0|0|0|0,1|2|3|7,head_audio_pos_same_start_100hz
M05,dysarthric,Session1,0100,data/processed/torgo_aai_features/M05/Session1/0100.npz,331,6,1|1|1|0|0|0|1|1|1|0|0|0,1|2|3,head_audio_pos_same_start_100hz
M05,dysarthric,Session1,0101,data/processed/torgo_aai_features/M05/Session1/0101.npz,1247,4,1|1|0|0|0|0|1|1|0|0|0|0,1|2|3|7,head_audio_pos_same_start_100hz
M05,dysarthric,Session1,0102,data/processed/torgo_aai_features/M05/Session1/0102.npz,293,6,1|1|1|0|0|0|1|1|1|0|0|0,1|2|3|9,head_audio_pos_same_start_100hz
M05,dysarthric,Session1,0103,data/processed/torgo_aai_features/M05/Session1/0103.npz,349,6,1|1|1|0|0|0|1|1|1|0|0|0,1|2|3,head_audio_pos_same_start_100hz
M05,dysarthric,Session1,0104,data/processed/torgo_aai_features/M05/Session1/0104.npz,1254,6,1|1|1|0|0|0|1|1|1|0|0|0,1|2|3,head_audio_pos_same_start_100hz
M05,dysarthric,Session1,0105,data/processed/torgo_aai_features/M05/Session1/0105.npz,308,6,1|1|1|0|0|0|1|1|1|0|0|0,1|2|3,head_audio_pos_same_start_100hz
M05,dysarthric,Session1,0106,data/processed/torgo_aai_features/M05/Session1/0106.npz,243,6,1|1|1|0|0|0|1|1|1|0|0|0,1|2|3,head_audio_pos_same_start_100hz
M05,dysarthric,Session1,0107,data/processed/torgo_aai_features/M05/Session1/0107.npz,320,6,1|1|1|0|0|0|1|1|1|0|0|0,1|2|3,head_audio_pos_same_start_100hz
M05,dysarthric,Session1,0108,data/processed/torgo_aai_features/M05/Session1/0108.npz,336,4,1|1|0|0|0|0|1|1|0|0|0|0,1|2|3|7,head_audio_pos_same_start_100hz
M05,dysarthric,Session1,0109,data/processed/torgo_aai_features/M05/Session1/0109.npz,307,4,1|1|0|0|0|0|1|1|0|0|0|0,1|2|3|7,head_audio_pos_same_start_100hz
M05,dysarthric,Session1,0110,data/processed/torgo_aai_features/M05/Session1/0110.npz,317,6,1|1|1|0|0|0|1|1|1|0|0|0,1|2|3,head_audio_pos_same_start_100hz
M05,dysarthric,Session1,0111,data/processed/torgo_aai_features/M05/Session1/0111.npz,397,4,0|1|1|0|0|0|0|1|1|0|0|0,1|2|3|8,head_audio_pos_same_start_100hz
M05,dysarthric,Session1,0112,data/processed/torgo_aai_features/M05/Session1/0112.npz,286,4,0|1|1|0|0|0|0|1|1|0|0|0,1|2|3|8,head_audio_pos_same_start_100hz
M05,dysarthric,Session1,0113,data/processed/torgo_aai_features/M05/Session1/0113.npz,286,6,1|1|1|0|0|0|1|1|1|0|0|0,1|2|3|4,head_audio_pos_same_start_100hz
M05,dysarthric,Session1,0114,data/processed/torgo_aai_features/M05/Session1/0114.npz,226,6,1|1|1|0|0|0|1|1|1|0|0|0,1|2|3,head_audio_pos_same_start_100hz
M05,dysarthric,Session1,0115,data/processed/torgo_aai_features/M05/Session1/0115.npz,496,6,1|1|1|0|0|0|1|1|1|0|0|0,1|2|3,head_audio_pos_same_start_100hz
M05,dysarthric,Session1,0116,data/processed/torgo_aai_features/M05/Session1/0116.npz,327,6,1|1|1|0|0|0|1|1|1|0|0|0,1|2|3,head_audio_pos_same_start_100hz
M05,dysarthric,Session1,0117,data/processed/torgo_aai_features/M05/Session1/0117.npz,281,4,0|1|1|0|0|0|0|1|1|0|0|0,1|2|3|8,head_audio_pos_same_start_100hz
M05,dysarthric,Session1,0118,data/processed/torgo_aai_features/M05/Session1/0118.npz,387,4,1|0|1|0|0|0|1|0|1|0|0|0,1|2|3|6,head_audio_pos_same_start_100hz
M05,dysarthric,Session1,0119,data/processed/torgo_aai_features/M05/Session1/0119.npz,468,4,0|1|1|0|0|0|0|1|1|0|0|0,1|2|3|8|9,head_audio_pos_same_start_100hz
M05,dysarthric,Session1,0120,data/processed/torgo_aai_features/M05/Session1/0120.npz,135,4,0|1|1|0|0|0|0|1|1|0|0|0,1|2|3|8,head_audio_pos_same_start_100hz
M05,dysarthric,Session1,0121,data/processed/torgo_aai_features/M05/Session1/0121.npz,264,4,0|1|1|0|0|0|0|1|1|0|0|0,1|2|3|8,head_audio_pos_same_start_100hz
M05,dysarthric,Session1,0122,data/processed/torgo_aai_features/M05/Session1/0122.npz,430,4,1|0|1|0|0|0|1|0|1|0|0|0,1|2|3|6,head_audio_pos_same_start_100hz
M05,dysarthric,Session1,0123,data/processed/torgo_aai_features/M05/Session1/0123.npz,306,6,1|1|1|0|0|0|1|1|1|0|0|0,1|2|3,head_audio_pos_same_start_100hz
M05,dysarthric,Session1,0124,data/processed/torgo_aai_features/M05/Session1/0124.npz,339,6,1|1|1|0|0|0|1|1|1|0|0|0,1|2|3,head_audio_pos_same_start_100hz
M05,dysarthric,Session1,0125,data/processed/torgo_aai_features/M05/Session1/0125.npz,807,4,1|0|1|0|0|0|1|0|1|0|0|0,1|2|3|6,head_audio_pos_same_start_100hz
M05,dysarthric,Session1,0126,data/processed/torgo_aai_features/M05/Session1/0126.npz,257,6,1|1|1|0|0|0|1|1|1|0|0|0,1|2|3,head_audio_pos_same_start_100hz
M05,dysarthric,Session1,0127,data/processed/torgo_aai_features/M05/Session1/0127.npz,262,6,1|1|1|0|0|0|1|1|1|0|0|0,1|2|3,head_audio_pos_same_start_100hz
M05,dysarthric,Session1,0128,data/processed/torgo_aai_features/M05/Session1/0128.npz,252,0,0|0|0|0|0|0|0|0|0|0|0|0,1|2|3|4|5|6|7|8|9|10|11,head_audio_pos_same_start_100hz
M05,dysarthric,Session1,0129,data/processed/torgo_aai_features/M05/Session1/0129.npz,275,6,1|1|1|0|0|0|1|1|1|0|0|0,1|2|3,head_audio_pos_same_start_100hz
M05,dysarthric,Session1,0130,data/processed/torgo_aai_features/M05/Session1/0130.npz,311,4,1|0|1|0|0|0|1|0|1|0|0|0,1|2|3|6,head_audio_pos_same_start_100hz
M05,dysarthric,Session2,0001,data/processed/torgo_aai_features/M05/Session2/0001.npz,1076,6,0|1|1|0|1|0|0|1|1|0|1|0,1|3|8,head_audio_pos_same_start_100hz
M05,dysarthric,Session2,0002,data/processed/torgo_aai_features/M05/Session2/0002.npz,764,8,1|1|1|0|1|0|1|1|1|0|1|0,1|3,head_audio_pos_same_start_100hz
M05,dysarthric,Session2,0003,data/processed/torgo_aai_features/M05/Session2/0003.npz,196,8,1|1|1|0|1|0|1|1|1|0|1|0,1|3,head_audio_pos_same_start_100hz
M05,dysarthric,Session2,0004,data/processed/torgo_aai_features/M05/Session2/0004.npz,258,6,1|0|1|0|1|0|1|0|1|0|1|0,1|3|6,head_audio_pos_same_start_100hz
M05,dysarthric,Session2,0005,data/processed/torgo_aai_features/M05/Session2/0005.npz,317,8,1|1|1|0|1|0|1|1|1|0|1|0,1|3,head_audio_pos_same_start_100hz
M05,dysarthric,Session2,0006,data/processed/torgo_aai_features/M05/Session2/0006.npz,239,8,1|1|1|0|1|0|1|1|1|0|1|0,1|3,head_audio_pos_same_start_100hz
M05,dysarthric,Session2,0007,data/processed/torgo_aai_features/M05/Session2/0007.npz,210,8,1|1|1|0|1|0|1|1|1|0|1|0,1|3,head_audio_pos_same_start_100hz
M05,dysarthric,Session2,0008,data/processed/torgo_aai_features/M05/Session2/0008.npz,893,8,1|1|1|0|1|0|1|1|1|0|1|0,1|3,head_audio_pos_same_start_100hz
M05,dysarthric,Session2,0009,data/processed/torgo_aai_features/M05/Session2/0009.npz,247,8,1|1|1|0|1|0|1|1|1|0|1|0,1|3,head_audio_pos_same_start_100hz
M05,dysarthric,Session2,0010,data/processed/torgo_aai_features/M05/Session2/0010.npz,233,8,1|1|1|0|1|0|1|1|1|0|1|0,1|3,head_audio_pos_same_start_100hz
M05,dysarthric,Session2,0011,data/processed/torgo_aai_features/M05/Session2/0011.npz,234,8,1|1|1|0|1|0|1|1|1|0|1|0,1|3,head_audio_pos_same_start_100hz
M05,dysarthric,Session2,0012,data/processed/torgo_aai_features/M05/Session2/0012.npz,261,8,1|1|1|0|1|0|1|1|1|0|1|0,1|3,head_audio_pos_same_start_100hz
M05,dysarthric,Session2,0013,data/processed/torgo_aai_features/M05/Session2/0013.npz,687,6,1|0|1|0|1|0|1|0|1|0|1|0,1|3|6,head_audio_pos_same_start_100hz
M05,dysarthric,Session2,0014,data/processed/torgo_aai_features/M05/Session2/0014.npz,299,8,1|1|1|0|1|0|1|1|1|0|1|0,1|3|11,head_audio_pos_same_start_100hz
M05,dysarthric,Session2,0015,data/processed/torgo_aai_features/M05/Session2/0015.npz,874,8,1|1|1|0|1|0|1|1|1|0|1|0,1|3,head_audio_pos_same_start_100hz
M05,dysarthric,Session2,0016,data/processed/torgo_aai_features/M05/Session2/0016.npz,236,8,1|1|1|0|1|0|1|1|1|0|1|0,1|3,head_audio_pos_same_start_100hz
M05,dysarthric,Session2,0017,data/processed/torgo_aai_features/M05/Session2/0017.npz,312,8,1|1|1|0|1|0|1|1|1|0|1|0,1|3,head_audio_pos_same_start_100hz
M05,dysarthric,Session2,0018,data/processed/torgo_aai_features/M05/Session2/0018.npz,371,8,1|1|1|0|1|0|1|1|1|0|1|0,1|3,head_audio_pos_same_start_100hz
M05,dysarthric,Session2,0019,data/processed/torgo_aai_features/M05/Session2/0019.npz,604,8,1|1|1|0|1|0|1|1|1|0|1|0,1|3,head_audio_pos_same_start_100hz
M05,dysarthric,Session2,0020,data/processed/torgo_aai_features/M05/Session2/0020.npz,237,8,1|1|1|0|1|0|1|1|1|0|1|0,1|3,head_audio_pos_same_start_100hz
M05,dysarthric,Session2,0021,data/processed/torgo_aai_features/M05/Session2/0021.npz,255,8,1|1|1|0|1|0|1|1|1|0|1|0,1|3,head_audio_pos_same_start_100hz
M05,dysarthric,Session2,0022,data/processed/torgo_aai_features/M05/Session2/0022.npz,243,8,1|1|1|0|1|0|1|1|1|0|1|0,1|3,head_audio_pos_same_start_100hz
M05,dysarthric,Session2,0023,data/processed/torgo_aai_features/M05/Session2/0023.npz,266,8,1|1|1|0|1|0|1|1|1|0|1|0,1|3,head_audio_pos_same_start_100hz
M05,dysarthric,Session2,0024,data/processed/torgo_aai_features/M05/Session2/0024.npz,291,8,1|1|1|0|1|0|1|1|1|0|1|0,1|3,head_audio_pos_same_start_100hz
M05,dysarthric,Session2,0025,data/processed/torgo_aai_features/M05/Session2/0025.npz,286,8,1|1|1|0|1|0|1|1|1|0|1|0,1|3,head_audio_pos_same_start_100hz
M05,dysarthric,Session2,0026,data/processed/torgo_aai_features/M05/Session2/0026.npz,934,8,1|1|1|0|1|0|1|1|1|0|1|0,1|3,head_audio_pos_same_start_100hz
M05,dysarthric,Session2,0027,data/processed/torgo_aai_features/M05/Session2/0027.npz,1150,8,1|1|1|0|1|0|1|1|1|0|1|0,1|3,head_audio_pos_same_start_100hz
M05,dysarthric,Session2,0028,data/processed/torgo_aai_features/M05/Session2/0028.npz,720,8,1|1|1|0|1|0|1|1|1|0|1|0,1|3,head_audio_pos_same_start_100hz
M05,dysarthric,Session2,0029,data/processed/torgo_aai_features/M05/Session2/0029.npz,278,8,1|1|1|0|1|0|1|1|1|0|1|0,1|3,head_audio_pos_same_start_100hz
M05,dysarthric,Session2,0030,data/processed/torgo_aai_features/M05/Session2/0030.npz,313,8,1|1|1|0|1|0|1|1|1|0|1|0,1|3|9,head_audio_pos_same_start_100hz
M05,dysarthric,Session2,0031,data/processed/torgo_aai_features/M05/Session2/0031.npz,247,6,1|0|1|0|1|0|1|0|1|0|1|0,1|3|6,head_audio_pos_same_start_100hz
M05,dysarthric,Session2,0032,data/processed/torgo_aai_features/M05/Session2/0032.npz,289,8,1|1|1|0|1|0|1|1|1|0|1|0,1|3,head_audio_pos_same_start_100hz
M05,dysarthric,Session2,0033,data/processed/torgo_aai_features/M05/Session2/0033.npz,236,8,1|1|1|0|1|0|1|1|1|0|1|0,1|3,head_audio_pos_same_start_100hz
M05,dysarthric,Session2,0034,data/processed/torgo_aai_features/M05/Session2/0034.npz,253,8,1|1|1|0|1|0|1|1|1|0|1|0,1|3,head_audio_pos_same_start_100hz
M05,dysarthric,Session2,0035,data/processed/torgo_aai_features/M05/Session2/0035.npz,246,8,1|1|1|0|1|0|1|1|1|0|1|0,1|3,head_audio_pos_same_start_100hz
M05,dysarthric,Session2,0036,data/processed/torgo_aai_features/M05/Session2/0036.npz,415,8,1|1|1|0|1|0|1|1|1|0|1|0,1|3,head_audio_pos_same_start_100hz
M05,dysarthric,Session2,0037,data/processed/torgo_aai_features/M05/Session2/0037.npz,218,8,1|1|1|0|1|0|1|1|1|0|1|0,1|3,head_audio_pos_same_start_100hz
M05,dysarthric,Session2,0038,data/processed/torgo_aai_features/M05/Session2/0038.npz,1587,8,1|1|1|0|1|0|1|1|1|0|1|0,1|3,head_audio_pos_same_start_100hz
M05,dysarthric,Session2,0039,data/processed/torgo_aai_features/M05/Session2/0039.npz,339,8,1|1|1|0|1|0|1|1|1|0|1|0,1|3,head_audio_pos_same_start_100hz
M05,dysarthric,Session2,0040,data/processed/torgo_aai_features/M05/Session2/0040.npz,301,8,1|1|1|0|1|0|1|1|1|0|1|0,1|3,head_audio_pos_same_start_100hz
M05,dysarthric,Session2,0041,data/processed/torgo_aai_features/M05/Session2/0041.npz,339,8,1|1|1|0|1|0|1|1|1|0|1|0,1|3,head_audio_pos_same_start_100hz
M05,dysarthric,Session2,0042,data/processed/torgo_aai_features/M05/Session2/0042.npz,1386,8,1|1|1|0|1|0|1|1|1|0|1|0,1|3,head_audio_pos_same_start_100hz
M05,dysarthric,Session2,0043,data/processed/torgo_aai_features/M05/Session2/0043.npz,837,8,1|1|1|0|1|0|1|1|1|0|1|0,1|3|11,head_audio_pos_same_start_100hz
M05,dysarthric,Session2,0044,data/processed/torgo_aai_features/M05/Session2/0044.npz,320,8,1|1|1|0|1|0|1|1|1|0|1|0,1|3,head_audio_pos_same_start_100hz
M05,dysarthric,Session2,0045,data/processed/torgo_aai_features/M05/Session2/0045.npz,321,6,1|0|1|0|1|0|1|0|1|0|1|0,1|3|6,head_audio_pos_same_start_100hz
M05,dysarthric,Session2,0046,data/processed/torgo_aai_features/M05/Session2/0046.npz,296,8,1|1|1|0|1|0|1|1|1|0|1|0,1|3,head_audio_pos_same_start_100hz
M05,dysarthric,Session2,0047,data/processed/torgo_aai_features/M05/Session2/0047.npz,289,8,1|1|1|0|1|0|1|1|1|0|1|0,1|3,head_audio_pos_same_start_100hz
M05,dysarthric,Session2,0048,data/processed/torgo_aai_features/M05/Session2/0048.npz,259,8,1|1|1|0|1|0|1|1|1|0|1|0,1|3,head_audio_pos_same_start_100hz
M05,dysarthric,Session2,0049,data/processed/torgo_aai_features/M05/Session2/0049.npz,889,8,1|1|1|0|1|0|1|1|1|0|1|0,1|3,head_audio_pos_same_start_100hz
M05,dysarthric,Session2,0050,data/processed/torgo_aai_features/M05/Session2/0050.npz,419,6,1|0|1|0|1|0|1|0|1|0|1|0,1|3|6,head_audio_pos_same_start_100hz
M05,dysarthric,Session2,0051,data/processed/torgo_aai_features/M05/Session2/0051.npz,1144,8,1|1|1|0|1|0|1|1|1|0|1|0,1|3|11,head_audio_pos_same_start_100hz
M05,dysarthric,Session2,0052,data/processed/torgo_aai_features/M05/Session2/0052.npz,189,8,1|1|1|0|1|0|1|1|1|0|1|0,1|3,head_audio_pos_same_start_100hz
M05,dysarthric,Session2,0053,data/processed/torgo_aai_features/M05/Session2/0053.npz,338,8,1|1|1|0|1|0|1|1|1|0|1|0,1|3,head_audio_pos_same_start_100hz
M05,dysarthric,Session2,0054,data/processed/torgo_aai_features/M05/Session2/0054.npz,256,8,1|1|1|0|1|0|1|1|1|0|1|0,1|3,head_audio_pos_same_start_100hz
M05,dysarthric,Session2,0055,data/processed/torgo_aai_features/M05/Session2/0055.npz,906,8,1|1|1|0|1|0|1|1|1|0|1|0,1|3,head_audio_pos_same_start_100hz
M05,dysarthric,Session2,0056,data/processed/torgo_aai_features/M05/Session2/0056.npz,922,8,1|1|1|0|1|0|1|1|1|0|1|0,1|3,head_audio_pos_same_start_100hz
M05,dysarthric,Session2,0057,data/processed/torgo_aai_features/M05/Session2/0057.npz,788,8,1|1|1|0|1|0|1|1|1|0|1|0,1|3,head_audio_pos_same_start_100hz
M05,dysarthric,Session2,0058,data/processed/torgo_aai_features/M05/Session2/0058.npz,249,8,1|1|1|0|1|0|1|1|1|0|1|0,1|3,head_audio_pos_same_start_100hz
M05,dysarthric,Session2,0059,data/processed/torgo_aai_features/M05/Session2/0059.npz,231,8,1|1|1|0|1|0|1|1|1|0|1|0,1|3,head_audio_pos_same_start_100hz
M05,dysarthric,Session2,0060,data/processed/torgo_aai_features/M05/Session2/0060.npz,1683,6,1|1|0|0|1|0|1|1|0|0|1|0,1|3|7|11,head_audio_pos_same_start_100hz
M05,dysarthric,Session2,0061,data/processed/torgo_aai_features/M05/Session2/0061.npz,230,8,1|1|1|0|1|0|1|1|1|0|1|0,1|3,head_audio_pos_same_start_100hz
M05,dysarthric,Session2,0062,data/processed/torgo_aai_features/M05/Session2/0062.npz,273,8,1|1|1|0|1|0|1|1|1|0|1|0,1|3|9,head_audio_pos_same_start_100hz
M05,dysarthric,Session2,0063,data/processed/torgo_aai_features/M05/Session2/0063.npz,263,8,1|1|1|0|1|0|1|1|1|0|1|0,1|3,head_audio_pos_same_start_100hz
M05,dysarthric,Session2,0064,data/processed/torgo_aai_features/M05/Session2/0064.npz,267,8,1|1|1|0|1|0|1|1|1|0|1|0,1|3,head_audio_pos_same_start_100hz
M05,dysarthric,Session2,0065,data/processed/torgo_aai_features/M05/Session2/0065.npz,284,8,1|1|1|0|1|0|1|1|1|0|1|0,1|3,head_audio_pos_same_start_100hz
M05,dysarthric,Session2,0066,data/processed/torgo_aai_features/M05/Session2/0066.npz,1001,6,1|0|1|0|1|0|1|0|1|0|1|0,1|3|6,head_audio_pos_same_start_100hz
M05,dysarthric,Session2,0067,data/processed/torgo_aai_features/M05/Session2/0067.npz,341,8,1|1|1|0|1|0|1|1|1|0|1|0,1|3,head_audio_pos_same_start_100hz
M05,dysarthric,Session2,0068,data/processed/torgo_aai_features/M05/Session2/0068.npz,950,8,1|1|1|0|1|0|1|1|1|0|1|0,1|3,head_audio_pos_same_start_100hz
M05,dysarthric,Session2,0069,data/processed/torgo_aai_features/M05/Session2/0069.npz,399,6,1|1|1|0|0|0|1|1|1|0|0|0,1|2|3|4|9,head_audio_pos_same_start_100hz
M05,dysarthric,Session2,0070,data/processed/torgo_aai_features/M05/Session2/0070.npz,267,8,1|1|1|0|1|0|1|1|1|0|1|0,1|3|4|11,head_audio_pos_same_start_100hz
M05,dysarthric,Session2,0071,data/processed/torgo_aai_features/M05/Session2/0071.npz,313,8,1|1|1|0|1|0|1|1|1|0|1|0,1|3,head_audio_pos_same_start_100hz
M05,dysarthric,Session2,0072,data/processed/torgo_aai_features/M05/Session2/0072.npz,282,8,1|1|1|0|1|0|1|1|1|0|1|0,1|3,head_audio_pos_same_start_100hz
M05,dysarthric,Session2,0073,data/processed/torgo_aai_features/M05/Session2/0073.npz,328,6,1|0|1|0|1|0|1|0|1|0|1|0,1|3|6,head_audio_pos_same_start_100hz
M05,dysarthric,Session2,0074,data/processed/torgo_aai_features/M05/Session2/0074.npz,361,8,1|1|1|0|1|0|1|1|1|0|1|0,1|3,head_audio_pos_same_start_100hz
M05,dysarthric,Session2,0075,data/processed/torgo_aai_features/M05/Session2/0075.npz,328,8,1|1|1|0|1|0|1|1|1|0|1|0,1|3,head_audio_pos_same_start_100hz
M05,dysarthric,Session2,0076,data/processed/torgo_aai_features/M05/Session2/0076.npz,874,8,1|1|1|0|1|0|1|1|1|0|1|0,1|3,head_audio_pos_same_start_100hz
M05,dysarthric,Session2,0077,data/processed/torgo_aai_features/M05/Session2/0077.npz,258,8,1|1|1|0|1|0|1|1|1|0|1|0,1|3,head_audio_pos_same_start_100hz
M05,dysarthric,Session2,0078,data/processed/torgo_aai_features/M05/Session2/0078.npz,927,8,1|1|1|0|1|0|1|1|1|0|1|0,1|3|4,head_audio_pos_same_start_100hz
M05,dysarthric,Session2,0079,data/processed/torgo_aai_features/M05/Session2/0079.npz,349,6,1|0|1|0|1|0|1|0|1|0|1|0,1|3|6|9,head_audio_pos_same_start_100hz
M05,dysarthric,Session2,0080,data/processed/torgo_aai_features/M05/Session2/0080.npz,360,8,1|1|1|0|1|0|1|1|1|0|1|0,1|3,head_audio_pos_same_start_100hz
M05,dysarthric,Session2,0081,data/processed/torgo_aai_features/M05/Session2/0081.npz,343,6,1|0|1|0|1|0|1|0|1|0|1|0,1|3|6,head_audio_pos_same_start_100hz
M05,dysarthric,Session2,0082,data/processed/torgo_aai_features/M05/Session2/0082.npz,723,8,1|1|1|0|1|0|1|1|1|0|1|0,1|3,head_audio_pos_same_start_100hz
M05,dysarthric,Session2,0083,data/processed/torgo_aai_features/M05/Session2/0083.npz,231,8,1|1|1|0|1|0|1|1|1|0|1|0,1|3,head_audio_pos_same_start_100hz
M05,dysarthric,Session2,0084,data/processed/torgo_aai_features/M05/Session2/0084.npz,254,6,1|0|1|0|1|0|1|0|1|0|1|0,1|3|6|11,head_audio_pos_same_start_100hz
M05,dysarthric,Session2,0085,data/processed/torgo_aai_features/M05/Session2/0085.npz,1142,0,0|0|0|0|0|0|0|0|0|0|0|0,1|2|3|4|6|7|8|9|10|11,head_audio_pos_same_start_100hz
M05,dysarthric,Session2,0086,data/processed/torgo_aai_features/M05/Session2/0086.npz,336,8,1|1|1|0|1|0|1|1|1|0|1|0,1|3|9,head_audio_pos_same_start_100hz
M05,dysarthric,Session2,0087,data/processed/torgo_aai_features/M05/Session2/0087.npz,1223,6,1|0|1|0|1|0|1|0|1|0|1|0,1|3|6,head_audio_pos_same_start_100hz
M05,dysarthric,Session2,0088,data/processed/torgo_aai_features/M05/Session2/0088.npz,920,8,1|1|1|0|1|0|1|1|1|0|1|0,1|3,head_audio_pos_same_start_100hz
M05,dysarthric,Session2,0089,data/processed/torgo_aai_features/M05/Session2/0089.npz,328,8,1|1|1|0|1|0|1|1|1|0|1|0,1|3,head_audio_pos_same_start_100hz
M05,dysarthric,Session2,0090,data/processed/torgo_aai_features/M05/Session2/0090.npz,250,8,1|1|1|0|1|0|1|1|1|0|1|0,1|3,head_audio_pos_same_start_100hz
M05,dysarthric,Session2,0091,data/processed/torgo_aai_features/M05/Session2/0091.npz,1024,8,1|1|1|0|1|0|1|1|1|0|1|0,1|3|9,head_audio_pos_same_start_100hz
M05,dysarthric,Session2,0092,data/processed/torgo_aai_features/M05/Session2/0092.npz,325,8,1|1|1|0|1|0|1|1|1|0|1|0,1|3,head_audio_pos_same_start_100hz
M05,dysarthric,Session2,0093,data/processed/torgo_aai_features/M05/Session2/0093.npz,32,8,1|1|1|0|1|0|1|1|1|0|1|0,1|3,head_audio_pos_same_start_100hz
M05,dysarthric,Session2,0094,data/processed/torgo_aai_features/M05/Session2/0094.npz,313,8,1|1|1|0|1|0|1|1|1|0|1|0,1|3,head_audio_pos_same_start_100hz
M05,dysarthric,Session2,0095,data/processed/torgo_aai_features/M05/Session2/0095.npz,215,8,1|1|1|0|1|0|1|1|1|0|1|0,1|3,head_audio_pos_same_start_100hz
M05,dysarthric,Session2,0096,data/processed/torgo_aai_features/M05/Session2/0096.npz,271,8,1|1|1|0|1|0|1|1|1|0|1|0,1|3,head_audio_pos_same_start_100hz
M05,dysarthric,Session2,0097,data/processed/torgo_aai_features/M05/Session2/0097.npz,320,8,1|1|1|0|1|0|1|1|1|0|1|0,1|3|4,head_audio_pos_same_start_100hz
M05,dysarthric,Session2,0098,data/processed/torgo_aai_features/M05/Session2/0098.npz,314,8,1|1|1|0|1|0|1|1|1|0|1|0,1|3|4|11,head_audio_pos_same_start_100hz
M05,dysarthric,Session2,0099,data/processed/torgo_aai_features/M05/Session2/0099.npz,354,8,1|1|1|0|1|0|1|1|1|0|1|0,1|3,head_audio_pos_same_start_100hz
M05,dysarthric,Session2,0100,data/processed/torgo_aai_features/M05/Session2/0100.npz,1020,8,1|1|1|0|1|0|1|1|1|0|1|0,1|3|4,head_audio_pos_same_start_100hz
M05,dysarthric,Session2,0101,data/processed/torgo_aai_features/M05/Session2/0101.npz,871,0,0|0|0|0|0|0|0|0|0|0|0|0,1|2|3|4|6|7|8|9|10|11,head_audio_pos_same_start_100hz
M05,dysarthric,Session2,0102,data/processed/torgo_aai_features/M05/Session2/0102.npz,1090,8,1|1|1|0|1|0|1|1|1|0|1|0,1|3,head_audio_pos_same_start_100hz
M05,dysarthric,Session2,0103,data/processed/torgo_aai_features/M05/Session2/0103.npz,381,8,1|1|1|0|1|0|1|1|1|0|1|0,1|3,head_audio_pos_same_start_100hz
M05,dysarthric,Session2,0104,data/processed/torgo_aai_features/M05/Session2/0104.npz,343,6,1|0|1|0|1|0|1|0|1|0|1|0,1|3|6,head_audio_pos_same_start_100hz
M05,dysarthric,Session2,0105,data/processed/torgo_aai_features/M05/Session2/0105.npz,338,8,1|1|1|0|1|0|1|1|1|0|1|0,1|3,head_audio_pos_same_start_100hz
M05,dysarthric,Session2,0106,data/processed/torgo_aai_features/M05/Session2/0106.npz,270,8,1|1|1|0|1|0|1|1|1|0|1|0,1|3,head_audio_pos_same_start_100hz
M05,dysarthric,Session2,0107,data/processed/torgo_aai_features/M05/Session2/0107.npz,973,8,1|1|1|0|1|0|1|1|1|0|1|0,1|3|4,head_audio_pos_same_start_100hz
M05,dysarthric,Session2,0108,data/processed/torgo_aai_features/M05/Session2/0108.npz,272,8,1|1|1|0|1|0|1|1|1|0|1|0,1|3,head_audio_pos_same_start_100hz
M05,dysarthric,Session2,0109,data/processed/torgo_aai_features/M05/Session2/0109.npz,297,8,1|1|1|0|1|0|1|1|1|0|1|0,1|3|9,head_audio_pos_same_start_100hz
M05,dysarthric,Session2,0110,data/processed/torgo_aai_features/M05/Session2/0110.npz,344,8,1|1|1|0|1|0|1|1|1|0|1|0,1|3|4,head_audio_pos_same_start_100hz
M05,dysarthric,Session2,0111,data/processed/torgo_aai_features/M05/Session2/0111.npz,282,8,1|1|1|0|1|0|1|1|1|0|1|0,1|3,head_audio_pos_same_start_100hz
M05,dysarthric,Session2,0112,data/processed/torgo_aai_features/M05/Session2/0112.npz,335,8,1|1|1|0|1|0|1|1|1|0|1|0,1|3|4,head_audio_pos_same_start_100hz
M05,dysarthric,Session2,0113,data/processed/torgo_aai_features/M05/Session2/0113.npz,482,8,1|1|1|0|1|0|1|1|1|0|1|0,1|3,head_audio_pos_same_start_100hz
M05,dysarthric,Session2,0114,data/processed/torgo_aai_features/M05/Session2/0114.npz,386,8,1|1|1|0|1|0|1|1|1|0|1|0,1|3|4,head_audio_pos_same_start_100hz
M05,dysarthric,Session2,0115,data/processed/torgo_aai_features/M05/Session2/0115.npz,420,8,1|1|1|0|1|0|1|1|1|0|1|0,1|3|4,head_audio_pos_same_start_100hz
M05,dysarthric,Session2,0116,data/processed/torgo_aai_features/M05/Session2/0116.npz,338,0,0|0|0|0|0|0|0|0|0|0|0|0,1|2|3|6|7|8|9|10|11,head_audio_pos_same_start_100hz
M05,dysarthric,Session2,0117,data/processed/torgo_aai_features/M05/Session2/0117.npz,140,6,1|1|1|0|0|0|1|1|1|0|0|0,1|2|3,head_audio_pos_same_start_100hz
M05,dysarthric,Session2,0118,data/processed/torgo_aai_features/M05/Session2/0118.npz,256,8,1|1|1|0|1|0|1|1|1|0|1|0,1|3,head_audio_pos_same_start_100hz
M05,dysarthric,Session2,0119,data/processed/torgo_aai_features/M05/Session2/0119.npz,205,8,1|1|1|0|1|0|1|1|1|0|1|0,1|3,head_audio_pos_same_start_100hz
M05,dysarthric,Session2,0120,data/processed/torgo_aai_features/M05/Session2/0120.npz,274,8,1|1|1|0|1|0|1|1|1|0|1|0,1|3,head_audio_pos_same_start_100hz
M05,dysarthric,Session2,0121,data/processed/torgo_aai_features/M05/Session2/0121.npz,357,8,1|1|1|0|1|0|1|1|1|0|1|0,1|3|11,head_audio_pos_same_start_100hz
M05,dysarthric,Session2,0122,data/processed/torgo_aai_features/M05/Session2/0122.npz,627,8,1|1|1|0|1|0|1|1|1|0|1|0,1|3,head_audio_pos_same_start_100hz
M05,dysarthric,Session2,0123,data/processed/torgo_aai_features/M05/Session2/0123.npz,256,8,1|1|1|0|1|0|1|1|1|0|1|0,1|3,head_audio_pos_same_start_100hz
M05,dysarthric,Session2,0124,data/processed/torgo_aai_features/M05/Session2/0124.npz,617,8,1|1|1|0|1|0|1|1|1|0|1|0,1|3|4,head_audio_pos_same_start_100hz
M05,dysarthric,Session2,0125,data/processed/torgo_aai_features/M05/Session2/0125.npz,350,8,1|1|1|0|1|0|1|1|1|0|1|0,1|3,head_audio_pos_same_start_100hz
M05,dysarthric,Session2,0126,data/processed/torgo_aai_features/M05/Session2/0126.npz,263,8,1|1|1|0|1|0|1|1|1|0|1|0,1|3,head_audio_pos_same_start_100hz
M05,dysarthric,Session2,0127,data/processed/torgo_aai_features/M05/Session2/0127.npz,283,8,1|1|1|0|1|0|1|1|1|0|1|0,1|3,head_audio_pos_same_start_100hz
M05,dysarthric,Session2,0128,data/processed/torgo_aai_features/M05/Session2/0128.npz,1137,8,1|1|1|0|1|0|1|1|1|0|1|0,1|3|4,head_audio_pos_same_start_100hz
M05,dysarthric,Session2,0129,data/processed/torgo_aai_features/M05/Session2/0129.npz,307,8,1|1|1|0|1|0|1|1|1|0|1|0,1|3|4,head_audio_pos_same_start_100hz
M05,dysarthric,Session2,0130,data/processed/torgo_aai_features/M05/Session2/0130.npz,864,8,1|1|1|0|1|0|1|1|1|0|1|0,1|3|4,head_audio_pos_same_start_100hz
M05,dysarthric,Session2,0131,data/processed/torgo_aai_features/M05/Session2/0131.npz,954,8,1|1|1|0|1|0|1|1|1|0|1|0,1|3,head_audio_pos_same_start_100hz
M05,dysarthric,Session2,0132,data/processed/torgo_aai_features/M05/Session2/0132.npz,284,8,1|1|1|0|1|0|1|1|1|0|1|0,1|3|4,head_audio_pos_same_start_100hz
M05,dysarthric,Session2,0133,data/processed/torgo_aai_features/M05/Session2/0133.npz,330,8,1|1|1|0|1|0|1|1|1|0|1|0,1|3,head_audio_pos_same_start_100hz
M05,dysarthric,Session2,0134,data/processed/torgo_aai_features/M05/Session2/0134.npz,342,8,1|1|1|0|1|0|1|1|1|0|1|0,1|3,head_audio_pos_same_start_100hz
M05,dysarthric,Session2,0135,data/processed/torgo_aai_features/M05/Session2/0135.npz,822,6,1|0|1|0|1|0|1|0|1|0|1|0,1|3|6,head_audio_pos_same_start_100hz
M05,dysarthric,Session2,0136,data/processed/torgo_aai_features/M05/Session2/0136.npz,228,6,1|1|1|0|0|0|1|1|1|0|0|0,1|2|3|4|9,head_audio_pos_same_start_100hz
M05,dysarthric,Session2,0137,data/processed/torgo_aai_features/M05/Session2/0137.npz,284,8,1|1|1|0|1|0|1|1|1|0|1|0,1|3,head_audio_pos_same_start_100hz
M05,dysarthric,Session2,0138,data/processed/torgo_aai_features/M05/Session2/0138.npz,1057,0,0|0|0|0|0|0|0|0|0|0|0|0,1|2|3|4|6|7|8|9|10|11,head_audio_pos_same_start_100hz
M05,dysarthric,Session2,0139,data/processed/torgo_aai_features/M05/Session2/0139.npz,280,8,1|1|1|0|1|0|1|1|1|0|1|0,1|3|4|9,head_audio_pos_same_start_100hz
M05,dysarthric,Session2,0140,data/processed/torgo_aai_features/M05/Session2/0140.npz,349,8,1|1|1|0|1|0|1|1|1|0|1|0,1|3,head_audio_pos_same_start_100hz
M05,dysarthric,Session2,0141,data/processed/torgo_aai_features/M05/Session2/0141.npz,679,8,1|1|1|0|1|0|1|1|1|0|1|0,1|3|4,head_audio_pos_same_start_100hz
M05,dysarthric,Session2,0142,data/processed/torgo_aai_features/M05/Session2/0142.npz,219,8,1|1|1|0|1|0|1|1|1|0|1|0,1|3,head_audio_pos_same_start_100hz
M05,dysarthric,Session2,0143,data/processed/torgo_aai_features/M05/Session2/0143.npz,356,8,1|1|1|0|1|0|1|1|1|0|1|0,1|3|9,head_audio_pos_same_start_100hz
M05,dysarthric,Session2,0144,data/processed/torgo_aai_features/M05/Session2/0144.npz,252,8,1|1|1|0|1|0|1|1|1|0|1|0,1|3,head_audio_pos_same_start_100hz
M05,dysarthric,Session2,0145,data/processed/torgo_aai_features/M05/Session2/0145.npz,1736,8,1|1|1|0|1|0|1|1|1|0|1|0,1|3|4,head_audio_pos_same_start_100hz
M05,dysarthric,Session2,0146,data/processed/torgo_aai_features/M05/Session2/0146.npz,1924,8,1|1|1|0|1|0|1|1|1|0|1|0,1|3|4,head_audio_pos_same_start_100hz
M05,dysarthric,Session2,0147,data/processed/torgo_aai_features/M05/Session2/0147.npz,625,6,1|1|1|0|0|0|1|1|1|0|0|0,1|2|3,head_audio_pos_same_start_100hz
M05,dysarthric,Session2,0148,data/processed/torgo_aai_features/M05/Session2/0148.npz,288,8,1|1|1|0|1|0|1|1|1|0|1|0,1|3,head_audio_pos_same_start_100hz
M05,dysarthric,Session2,0149,data/processed/torgo_aai_features/M05/Session2/0149.npz,275,8,1|1|1|0|1|0|1|1|1|0|1|0,1|3|11,head_audio_pos_same_start_100hz
M05,dysarthric,Session2,0150,data/processed/torgo_aai_features/M05/Session2/0150.npz,1249,0,0|0|0|0|0|0|0|0|0|0|0|0,1|2|3|4|6|7|8|9|10|11,head_audio_pos_same_start_100hz
M05,dysarthric,Session2,0151,data/processed/torgo_aai_features/M05/Session2/0151.npz,749,8,1|1|1|0|1|0|1|1|1|0|1|0,1|3|4|9,head_audio_pos_same_start_100hz
M05,dysarthric,Session2,0152,data/processed/torgo_aai_features/M05/Session2/0152.npz,810,4,1|0|0|0|1|0|1|0|0|0|1|0,1|3|6|7|9|11,head_audio_pos_same_start_100hz
M05,dysarthric,Session2,0153,data/processed/torgo_aai_features/M05/Session2/0153.npz,217,8,1|1|1|0|1|0|1|1|1|0|1|0,1|3|4,head_audio_pos_same_start_100hz
M05,dysarthric,Session2,0154,data/processed/torgo_aai_features/M05/Session2/0154.npz,266,8,1|1|1|0|1|0|1|1|1|0|1|0,1|3|9,head_audio_pos_same_start_100hz
M05,dysarthric,Session2,0155,data/processed/torgo_aai_features/M05/Session2/0155.npz,958,8,1|1|1|0|1|0|1|1|1|0|1|0,1|3|4,head_audio_pos_same_start_100hz
M05,dysarthric,Session2,0156,data/processed/torgo_aai_features/M05/Session2/0156.npz,290,8,1|1|1|0|1|0|1|1|1|0|1|0,1|3,head_audio_pos_same_start_100hz
M05,dysarthric,Session2,0157,data/processed/torgo_aai_features/M05/Session2/0157.npz,305,8,1|1|1|0|1|0|1|1|1|0|1|0,1|3,head_audio_pos_same_start_100hz
M05,dysarthric,Session2,0158,data/processed/torgo_aai_features/M05/Session2/0158.npz,252,8,1|1|1|0|1|0|1|1|1|0|1|0,1|3,head_audio_pos_same_start_100hz
M05,dysarthric,Session2,0159,data/processed/torgo_aai_features/M05/Session2/0159.npz,366,8,1|1|1|0|1|0|1|1|1|0|1|0,1|3,head_audio_pos_same_start_100hz
M05,dysarthric,Session2,0160,data/processed/torgo_aai_features/M05/Session2/0160.npz,325,6,0|1|1|0|1|0|0|1|1|0|1|0,1|3|8,head_audio_pos_same_start_100hz
M05,dysarthric,Session2,0161,data/processed/torgo_aai_features/M05/Session2/0161.npz,330,6,1|1|1|0|0|0|1|1|1|0|0|0,1|2|3|9,head_audio_pos_same_start_100hz
M05,dysarthric,Session2,0162,data/processed/torgo_aai_features/M05/Session2/0162.npz,286,8,1|1|1|0|1|0|1|1|1|0|1|0,1|3|4,head_audio_pos_same_start_100hz
M05,dysarthric,Session2,0163,data/processed/torgo_aai_features/M05/Session2/0163.npz,916,8,1|1|1|0|1|0|1|1|1|0|1|0,1|3|4,head_audio_pos_same_start_100hz
M05,dysarthric,Session2,0164,data/processed/torgo_aai_features/M05/Session2/0164.npz,358,8,1|1|1|0|1|0|1|1|1|0|1|0,1|3|11,head_audio_pos_same_start_100hz
M05,dysarthric,Session2,0165,data/processed/torgo_aai_features/M05/Session2/0165.npz,1170,8,1|1|1|0|1|0|1|1|1|0|1|0,1|3,head_audio_pos_same_start_100hz
M05,dysarthric,Session2,0166,data/processed/torgo_aai_features/M05/Session2/0166.npz,527,8,1|1|1|0|1|0|1|1|1|0|1|0,1|3,head_audio_pos_same_start_100hz
M05,dysarthric,Session2,0167,data/processed/torgo_aai_features/M05/Session2/0167.npz,302,8,1|1|1|0|1|0|1|1|1|0|1|0,1|3,head_audio_pos_same_start_100hz
M05,dysarthric,Session2,0168,data/processed/torgo_aai_features/M05/Session2/0168.npz,351,0,0|0|0|0|0|0|0|0|0|0|0|0,1|2|3|4|5|6|7|8|9|10|11,head_audio_pos_same_start_100hz
M05,dysarthric,Session2,0169,data/processed/torgo_aai_features/M05/Session2/0169.npz,279,8,1|1|1|0|1|0|1|1|1|0|1|0,1|3,head_audio_pos_same_start_100hz
M05,dysarthric,Session2,0170,data/processed/torgo_aai_features/M05/Session2/0170.npz,997,8,1|1|1|0|1|0|1|1|1|0|1|0,1|3,head_audio_pos_same_start_100hz
M05,dysarthric,Session2,0171,data/processed/torgo_aai_features/M05/Session2/0171.npz,430,6,1|1|1|0|0|0|1|1|1|0|0|0,1|2|3,head_audio_pos_same_start_100hz
M05,dysarthric,Session2,0172,data/processed/torgo_aai_features/M05/Session2/0172.npz,306,8,1|1|1|0|1|0|1|1|1|0|1|0,1|3,head_audio_pos_same_start_100hz
M05,dysarthric,Session2,0173,data/processed/torgo_aai_features/M05/Session2/0173.npz,225,8,1|1|1|0|1|0|1|1|1|0|1|0,1|3,head_audio_pos_same_start_100hz
M05,dysarthric,Session2,0174,data/processed/torgo_aai_features/M05/Session2/0174.npz,396,8,1|1|1|0|1|0|1|1|1|0|1|0,1|3,head_audio_pos_same_start_100hz
M05,dysarthric,Session2,0175,data/processed/torgo_aai_features/M05/Session2/0175.npz,287,8,1|1|1|0|1|0|1|1|1|0|1|0,1|3,head_audio_pos_same_start_100hz
M05,dysarthric,Session2,0176,data/processed/torgo_aai_features/M05/Session2/0176.npz,1181,6,1|0|1|0|1|0|1|0|1|0|1|0,1|3|6,head_audio_pos_same_start_100hz
M05,dysarthric,Session2,0177,data/processed/torgo_aai_features/M05/Session2/0177.npz,333,6,1|1|1|0|0|0|1|1|1|0|0|0,1|2|3,head_audio_pos_same_start_100hz
M05,dysarthric,Session2,0178,data/processed/torgo_aai_features/M05/Session2/0178.npz,291,8,1|1|1|0|1|0|1|1|1|0|1|0,1|3,head_audio_pos_same_start_100hz
M05,dysarthric,Session2,0179,data/processed/torgo_aai_features/M05/Session2/0179.npz,1035,0,0|0|0|0|0|0|0|0|0|0|0|0,1|2|3|4|6|7|8|9|10|11,head_audio_pos_same_start_100hz
M05,dysarthric,Session2,0180,data/processed/torgo_aai_features/M05/Session2/0180.npz,356,8,1|1|1|0|1|0|1|1|1|0|1|0,1|3|11,head_audio_pos_same_start_100hz
M05,dysarthric,Session2,0181,data/processed/torgo_aai_features/M05/Session2/0181.npz,250,8,1|1|1|0|1|0|1|1|1|0|1|0,1|3|9,head_audio_pos_same_start_100hz
M05,dysarthric,Session2,0182,data/processed/torgo_aai_features/M05/Session2/0182.npz,834,8,1|1|1|0|1|0|1|1|1|0|1|0,1|3,head_audio_pos_same_start_100hz
M05,dysarthric,Session2,0183,data/processed/torgo_aai_features/M05/Session2/0183.npz,247,8,1|1|1|0|1|0|1|1|1|0|1|0,1|3,head_audio_pos_same_start_100hz
M05,dysarthric,Session2,0184,data/processed/torgo_aai_features/M05/Session2/0184.npz,360,0,0|0|0|0|0|0|0|0|0|0|0|0,1|2|3|6|7|8|9|10|11,head_audio_pos_same_start_100hz
M05,dysarthric,Session2,0185,data/processed/torgo_aai_features/M05/Session2/0185.npz,283,8,1|1|1|0|1|0|1|1|1|0|1|0,1|3,head_audio_pos_same_start_100hz
M05,dysarthric,Session2,0186,data/processed/torgo_aai_features/M05/Session2/0186.npz,1819,8,1|1|1|0|1|0|1|1|1|0|1|0,1|3,head_audio_pos_same_start_100hz
M05,dysarthric,Session2,0187,data/processed/torgo_aai_features/M05/Session2/0187.npz,437,8,1|1|1|0|1|0|1|1|1|0|1|0,1|3,head_audio_pos_same_start_100hz
M05,dysarthric,Session2,0188,data/processed/torgo_aai_features/M05/Session2/0188.npz,361,8,1|1|1|0|1|0|1|1|1|0|1|0,1|3,head_audio_pos_same_start_100hz
M05,dysarthric,Session2,0189,data/processed/torgo_aai_features/M05/Session2/0189.npz,1334,8,1|1|1|0|1|0|1|1|1|0|1|0,1|3,head_audio_pos_same_start_100hz
M05,dysarthric,Session2,0190,data/processed/torgo_aai_features/M05/Session2/0190.npz,481,8,1|1|1|0|1|0|1|1|1|0|1|0,1|3,head_audio_pos_same_start_100hz
M05,dysarthric,Session2,0191,data/processed/torgo_aai_features/M05/Session2/0191.npz,345,8,1|1|1|0|1|0|1|1|1|0|1|0,1|3,head_audio_pos_same_start_100hz
M05,dysarthric,Session2,0192,data/processed/torgo_aai_features/M05/Session2/0192.npz,857,8,1|1|1|0|1|0|1|1|1|0|1|0,1|3,head_audio_pos_same_start_100hz
M05,dysarthric,Session2,0193,data/processed/torgo_aai_features/M05/Session2/0193.npz,374,8,1|1|1|0|1|0|1|1|1|0|1|0,1|3,head_audio_pos_same_start_100hz
M05,dysarthric,Session2,0194,data/processed/torgo_aai_features/M05/Session2/0194.npz,273,8,1|1|1|0|1|0|1|1|1|0|1|0,1|3,head_audio_pos_same_start_100hz
M05,dysarthric,Session2,0195,data/processed/torgo_aai_features/M05/Session2/0195.npz,269,8,1|1|1|0|1|0|1|1|1|0|1|0,1|3,head_audio_pos_same_start_100hz
M05,dysarthric,Session2,0196,data/processed/torgo_aai_features/M05/Session2/0196.npz,365,8,1|1|1|0|1|0|1|1|1|0|1|0,1|3,head_audio_pos_same_start_100hz
M05,dysarthric,Session2,0197,data/processed/torgo_aai_features/M05/Session2/0197.npz,759,8,1|1|1|0|1|0|1|1|1|0|1|0,1|3,head_audio_pos_same_start_100hz
M05,dysarthric,Session2,0198,data/processed/torgo_aai_features/M05/Session2/0198.npz,388,8,1|1|1|0|1|0|1|1|1|0|1|0,1|3,head_audio_pos_same_start_100hz
M05,dysarthric,Session2,0199,data/processed/torgo_aai_features/M05/Session2/0199.npz,566,8,1|1|1|0|1|0|1|1|1|0|1|0,1|3,head_audio_pos_same_start_100hz
M05,dysarthric,Session2,0200,data/processed/torgo_aai_features/M05/Session2/0200.npz,275,8,1|1|1|0|1|0|1|1|1|0|1|0,1|3,head_audio_pos_same_start_100hz
M05,dysarthric,Session2,0201,data/processed/torgo_aai_features/M05/Session2/0201.npz,568,8,1|1|1|0|1|0|1|1|1|0|1|0,1|3|4,head_audio_pos_same_start_100hz
M05,dysarthric,Session2,0202,data/processed/torgo_aai_features/M05/Session2/0202.npz,216,0,0|0|0|0|0|0|0|0|0|0|0|0,1|2|3|4|6|7|8|9|10|11,head_audio_pos_same_start_100hz
M05,dysarthric,Session2,0203,data/processed/torgo_aai_features/M05/Session2/0203.npz,251,8,1|1|1|0|1|0|1|1|1|0|1|0,1|3,head_audio_pos_same_start_100hz
M05,dysarthric,Session2,0204,data/processed/torgo_aai_features/M05/Session2/0204.npz,767,8,1|1|1|0|1|0|1|1|1|0|1|0,1|3,head_audio_pos_same_start_100hz
M05,dysarthric,Session2,0205,data/processed/torgo_aai_features/M05/Session2/0205.npz,321,8,1|1|1|0|1|0|1|1|1|0|1|0,1|3,head_audio_pos_same_start_100hz
M05,dysarthric,Session2,0206,data/processed/torgo_aai_features/M05/Session2/0206.npz,179,8,1|1|1|0|1|0|1|1|1|0|1|0,1|3,head_audio_pos_same_start_100hz
M05,dysarthric,Session2,0207,data/processed/torgo_aai_features/M05/Session2/0207.npz,770,8,1|1|1|0|1|0|1|1|1|0|1|0,1|3,head_audio_pos_same_start_100hz
M05,dysarthric,Session2,0208,data/processed/torgo_aai_features/M05/Session2/0208.npz,305,8,1|1|1|0|1|0|1|1|1|0|1|0,1|3,head_audio_pos_same_start_100hz
M05,dysarthric,Session2,0209,data/processed/torgo_aai_features/M05/Session2/0209.npz,185,8,1|1|1|0|1|0|1|1|1|0|1|0,1|3|9,head_audio_pos_same_start_100hz
M05,dysarthric,Session2,0210,data/processed/torgo_aai_features/M05/Session2/0210.npz,272,8,1|1|1|0|1|0|1|1|1|0|1|0,1|3,head_audio_pos_same_start_100hz
M05,dysarthric,Session2,0211,data/processed/torgo_aai_features/M05/Session2/0211.npz,267,8,1|1|1|0|1|0|1|1|1|0|1|0,1|3,head_audio_pos_same_start_100hz
M05,dysarthric,Session2,0212,data/processed/torgo_aai_features/M05/Session2/0212.npz,1109,8,1|1|1|0|1|0|1|1|1|0|1|0,1|3,head_audio_pos_same_start_100hz
M05,dysarthric,Session2,0213,data/processed/torgo_aai_features/M05/Session2/0213.npz,737,8,1|1|1|0|1|0|1|1|1|0|1|0,1|3,head_audio_pos_same_start_100hz
M05,dysarthric,Session2,0214,data/processed/torgo_aai_features/M05/Session2/0214.npz,263,8,1|1|1|0|1|0|1|1|1|0|1|0,1|3,head_audio_pos_same_start_100hz
M05,dysarthric,Session2,0215,data/processed/torgo_aai_features/M05/Session2/0215.npz,1128,8,1|1|1|0|1|0|1|1|1|0|1|0,1|3,head_audio_pos_same_start_100hz
M05,dysarthric,Session2,0216,data/processed/torgo_aai_features/M05/Session2/0216.npz,958,8,1|1|1|0|1|0|1|1|1|0|1|0,1|3,head_audio_pos_same_start_100hz
M05,dysarthric,Session2,0217,data/processed/torgo_aai_features/M05/Session2/0217.npz,349,8,1|1|1|0|1|0|1|1|1|0|1|0,1|3,head_audio_pos_same_start_100hz
M05,dysarthric,Session2,0218,data/processed/torgo_aai_features/M05/Session2/0218.npz,305,8,1|1|1|0|1|0|1|1|1|0|1|0,1|3,head_audio_pos_same_start_100hz
M05,dysarthric,Session2,0219,data/processed/torgo_aai_features/M05/Session2/0219.npz,1366,8,1|1|1|0|1|0|1|1|1|0|1|0,1|3,head_audio_pos_same_start_100hz
M05,dysarthric,Session2,0220,data/processed/torgo_aai_features/M05/Session2/0220.npz,325,8,1|1|1|0|1|0|1|1|1|0|1|0,1|3|4|9,head_audio_pos_same_start_100hz
M05,dysarthric,Session2,0221,data/processed/torgo_aai_features/M05/Session2/0221.npz,372,8,1|1|1|0|1|0|1|1|1|0|1|0,1|3,head_audio_pos_same_start_100hz
M05,dysarthric,Session2,0222,data/processed/torgo_aai_features/M05/Session2/0222.npz,317,8,1|1|1|0|1|0|1|1|1|0|1|0,1|3,head_audio_pos_same_start_100hz
M05,dysarthric,Session2,0223,data/processed/torgo_aai_features/M05/Session2/0223.npz,330,8,1|1|1|0|1|0|1|1|1|0|1|0,1|3,head_audio_pos_same_start_100hz
M05,dysarthric,Session2,0224,data/processed/torgo_aai_features/M05/Session2/0224.npz,323,8,1|1|1|0|1|0|1|1|1|0|1|0,1|3,head_audio_pos_same_start_100hz
M05,dysarthric,Session2,0225,data/processed/torgo_aai_features/M05/Session2/0225.npz,301,8,1|1|1|0|1|0|1|1|1|0|1|0,1|3,head_audio_pos_same_start_100hz
M05,dysarthric,Session2,0226,data/processed/torgo_aai_features/M05/Session2/0226.npz,230,8,1|1|1|0|1|0|1|1|1|0|1|0,1|3,head_audio_pos_same_start_100hz
M05,dysarthric,Session2,0227,data/processed/torgo_aai_features/M05/Session2/0227.npz,241,8,1|1|1|0|1|0|1|1|1|0|1|0,1|3,head_audio_pos_same_start_100hz
M05,dysarthric,Session2,0228,data/processed/torgo_aai_features/M05/Session2/0228.npz,278,8,1|1|1|0|1|0|1|1|1|0|1|0,1|3,head_audio_pos_same_start_100hz
M05,dysarthric,Session2,0229,data/processed/torgo_aai_features/M05/Session2/0229.npz,259,8,1|1|1|0|1|0|1|1|1|0|1|0,1|3|4,head_audio_pos_same_start_100hz
M05,dysarthric,Session2,0230,data/processed/torgo_aai_features/M05/Session2/0230.npz,300,8,1|1|1|0|1|0|1|1|1|0|1|0,1|3,head_audio_pos_same_start_100hz
M05,dysarthric,Session2,0231,data/processed/torgo_aai_features/M05/Session2/0231.npz,321,8,1|1|1|0|1|0|1|1|1|0|1|0,1|3|11,head_audio_pos_same_start_100hz
M05,dysarthric,Session2,0232,data/processed/torgo_aai_features/M05/Session2/0232.npz,278,8,1|1|1|0|1|0|1|1|1|0|1|0,1|3,head_audio_pos_same_start_100hz
M05,dysarthric,Session2,0233,data/processed/torgo_aai_features/M05/Session2/0233.npz,241,8,1|1|1|0|1|0|1|1|1|0|1|0,1|3|11,head_audio_pos_same_start_100hz
M05,dysarthric,Session2,0234,data/processed/torgo_aai_features/M05/Session2/0234.npz,272,8,1|1|1|0|1|0|1|1|1|0|1|0,1|3,head_audio_pos_same_start_100hz
M05,dysarthric,Session2,0235,data/processed/torgo_aai_features/M05/Session2/0235.npz,321,8,1|1|1|0|1|0|1|1|1|0|1|0,1|3,head_audio_pos_same_start_100hz
M05,dysarthric,Session2,0236,data/processed/torgo_aai_features/M05/Session2/0236.npz,949,8,1|1|1|0|1|0|1|1|1|0|1|0,1|3,head_audio_pos_same_start_100hz
M05,dysarthric,Session2,0237,data/processed/torgo_aai_features/M05/Session2/0237.npz,383,8,1|1|1|0|1|0|1|1|1|0|1|0,1|3,head_audio_pos_same_start_100hz
M05,dysarthric,Session2,0238,data/processed/torgo_aai_features/M05/Session2/0238.npz,833,8,1|1|1|0|1|0|1|1|1|0|1|0,1|3,head_audio_pos_same_start_100hz
M05,dysarthric,Session2,0239,data/processed/torgo_aai_features/M05/Session2/0239.npz,1152,8,1|1|1|0|1|0|1|1|1|0|1|0,1|3,head_audio_pos_same_start_100hz
M05,dysarthric,Session2,0240,data/processed/torgo_aai_features/M05/Session2/0240.npz,311,8,1|1|1|0|1|0|1|1|1|0|1|0,1|3,head_audio_pos_same_start_100hz
M05,dysarthric,Session2,0241,data/processed/torgo_aai_features/M05/Session2/0241.npz,1668,8,1|1|1|0|1|0|1|1|1|0|1|0,1|3|9,head_audio_pos_same_start_100hz
M05,dysarthric,Session2,0242,data/processed/torgo_aai_features/M05/Session2/0242.npz,1963,8,1|1|1|0|1|0|1|1|1|0|1|0,1|3,head_audio_pos_same_start_100hz
M05,dysarthric,Session2,0243,data/processed/torgo_aai_features/M05/Session2/0243.npz,1115,8,1|1|1|0|1|0|1|1|1|0|1|0,1|3,head_audio_pos_same_start_100hz
M05,dysarthric,Session2,0244,data/processed/torgo_aai_features/M05/Session2/0244.npz,273,8,1|1|1|0|1|0|1|1|1|0|1|0,1|3,head_audio_pos_same_start_100hz
M05,dysarthric,Session2,0245,data/processed/torgo_aai_features/M05/Session2/0245.npz,324,8,1|1|1|0|1|0|1|1|1|0|1|0,1|3,head_audio_pos_same_start_100hz
M05,dysarthric,Session2,0246,data/processed/torgo_aai_features/M05/Session2/0246.npz,1178,8,1|1|1|0|1|0|1|1|1|0|1|0,1|3,head_audio_pos_same_start_100hz
M05,dysarthric,Session2,0247,data/processed/torgo_aai_features/M05/Session2/0247.npz,310,8,1|1|1|0|1|0|1|1|1|0|1|0,1|3,head_audio_pos_same_start_100hz
M05,dysarthric,Session2,0248,data/processed/torgo_aai_features/M05/Session2/0248.npz,262,8,1|1|1|0|1|0|1|1|1|0|1|0,1|3,head_audio_pos_same_start_100hz
M05,dysarthric,Session2,0249,data/processed/torgo_aai_features/M05/Session2/0249.npz,278,8,1|1|1|0|1|0|1|1|1|0|1|0,1|3,head_audio_pos_same_start_100hz
M05,dysarthric,Session2,0250,data/processed/torgo_aai_features/M05/Session2/0250.npz,312,8,1|1|1|0|1|0|1|1|1|0|1|0,1|3,head_audio_pos_same_start_100hz
M05,dysarthric,Session2,0251,data/processed/torgo_aai_features/M05/Session2/0251.npz,311,8,1|1|1|0|1|0|1|1|1|0|1|0,1|3|11,head_audio_pos_same_start_100hz
M05,dysarthric,Session2,0252,data/processed/torgo_aai_features/M05/Session2/0252.npz,312,8,1|1|1|0|1|0|1|1|1|0|1|0,1|3,head_audio_pos_same_start_100hz
M05,dysarthric,Session2,0253,data/processed/torgo_aai_features/M05/Session2/0253.npz,306,8,1|1|1|0|1|0|1|1|1|0|1|0,1|3,head_audio_pos_same_start_100hz
M05,dysarthric,Session2,0254,data/processed/torgo_aai_features/M05/Session2/0254.npz,315,8,1|1|1|0|1|0|1|1|1|0|1|0,1|3,head_audio_pos_same_start_100hz
M05,dysarthric,Session2,0255,data/processed/torgo_aai_features/M05/Session2/0255.npz,298,8,1|1|1|0|1|0|1|1|1|0|1|0,1|3,head_audio_pos_same_start_100hz
M05,dysarthric,Session2,0256,data/processed/torgo_aai_features/M05/Session2/0256.npz,1049,6,1|0|1|0|1|0|1|0|1|0|1|0,1|3|6,head_audio_pos_same_start_100hz
M05,dysarthric,Session2,0257,data/processed/torgo_aai_features/M05/Session2/0257.npz,303,8,1|1|1|0|1|0|1|1|1|0|1|0,1|3,head_audio_pos_same_start_100hz
M05,dysarthric,Session2,0258,data/processed/torgo_aai_features/M05/Session2/0258.npz,332,8,1|1|1|0|1|0|1|1|1|0|1|0,1|3,head_audio_pos_same_start_100hz
M05,dysarthric,Session2,0259,data/processed/torgo_aai_features/M05/Session2/0259.npz,248,8,1|1|1|0|1|0|1|1|1|0|1|0,1|3,head_audio_pos_same_start_100hz
M05,dysarthric,Session2,0260,data/processed/torgo_aai_features/M05/Session2/0260.npz,1160,8,1|1|1|0|1|0|1|1|1|0|1|0,1|3,head_audio_pos_same_start_100hz
M05,dysarthric,Session2,0261,data/processed/torgo_aai_features/M05/Session2/0261.npz,400,8,1|1|1|0|1|0|1|1|1|0|1|0,1|3,head_audio_pos_same_start_100hz
M05,dysarthric,Session2,0262,data/processed/torgo_aai_features/M05/Session2/0262.npz,361,8,1|1|1|0|1|0|1|1|1|0|1|0,1|3,head_audio_pos_same_start_100hz
M05,dysarthric,Session2,0263,data/processed/torgo_aai_features/M05/Session2/0263.npz,320,8,1|1|1|0|1|0|1|1|1|0|1|0,1|3,head_audio_pos_same_start_100hz
M05,dysarthric,Session2,0264,data/processed/torgo_aai_features/M05/Session2/0264.npz,334,8,1|1|1|0|1|0|1|1|1|0|1|0,1|3,head_audio_pos_same_start_100hz
M05,dysarthric,Session2,0265,data/processed/torgo_aai_features/M05/Session2/0265.npz,992,6,1|0|1|0|1|0|1|0|1|0|1|0,1|3|6,head_audio_pos_same_start_100hz
M05,dysarthric,Session2,0266,data/processed/torgo_aai_features/M05/Session2/0266.npz,443,8,1|1|1|0|1|0|1|1|1|0|1|0,1|3|9,head_audio_pos_same_start_100hz
M05,dysarthric,Session2,0267,data/processed/torgo_aai_features/M05/Session2/0267.npz,325,8,1|1|1|0|1|0|1|1|1|0|1|0,1|3,head_audio_pos_same_start_100hz
M05,dysarthric,Session2,0268,data/processed/torgo_aai_features/M05/Session2/0268.npz,232,8,1|1|1|0|1|0|1|1|1|0|1|0,1|3,head_audio_pos_same_start_100hz
M05,dysarthric,Session2,0269,data/processed/torgo_aai_features/M05/Session2/0269.npz,293,8,1|1|1|0|1|0|1|1|1|0|1|0,1|3|4,head_audio_pos_same_start_100hz
M05,dysarthric,Session2,0270,data/processed/torgo_aai_features/M05/Session2/0270.npz,341,8,1|1|1|0|1|0|1|1|1|0|1|0,1|3,head_audio_pos_same_start_100hz
M05,dysarthric,Session2,0271,data/processed/torgo_aai_features/M05/Session2/0271.npz,275,8,1|1|1|0|1|0|1|1|1|0|1|0,1|3,head_audio_pos_same_start_100hz
M05,dysarthric,Session2,0272,data/processed/torgo_aai_features/M05/Session2/0272.npz,299,8,1|1|1|0|1|0|1|1|1|0|1|0,1|3,head_audio_pos_same_start_100hz
M05,dysarthric,Session2,0273,data/processed/torgo_aai_features/M05/Session2/0273.npz,241,8,1|1|1|0|1|0|1|1|1|0|1|0,1|3,head_audio_pos_same_start_100hz
M05,dysarthric,Session2,0274,data/processed/torgo_aai_features/M05/Session2/0274.npz,1733,8,1|1|1|0|1|0|1|1|1|0|1|0,1|3,head_audio_pos_same_start_100hz
M05,dysarthric,Session2,0275,data/processed/torgo_aai_features/M05/Session2/0275.npz,761,6,1|0|1|0|1|0|1|0|1|0|1|0,1|3|6,head_audio_pos_same_start_100hz
M05,dysarthric,Session2,0276,data/processed/torgo_aai_features/M05/Session2/0276.npz,863,6,1|0|1|0|1|0|1|0|1|0|1|0,1|3|4|6,head_audio_pos_same_start_100hz
M05,dysarthric,Session2,0277,data/processed/torgo_aai_features/M05/Session2/0277.npz,353,8,1|1|1|0|1|0|1|1|1|0|1|0,1|3,head_audio_pos_same_start_100hz
M05,dysarthric,Session2,0278,data/processed/torgo_aai_features/M05/Session2/0278.npz,365,8,1|1|1|0|1|0|1|1|1|0|1|0,1|3,head_audio_pos_same_start_100hz
M05,dysarthric,Session2,0279,data/processed/torgo_aai_features/M05/Session2/0279.npz,839,0,0|0|0|0|0|0|0|0|0|0|0|0,1|2|3|4|6|7|8|9|10|11,head_audio_pos_same_start_100hz
M05,dysarthric,Session2,0280,data/processed/torgo_aai_features/M05/Session2/0280.npz,268,8,1|1|1|0|1|0|1|1|1|0|1|0,1|3,head_audio_pos_same_start_100hz
M05,dysarthric,Session2,0281,data/processed/torgo_aai_features/M05/Session2/0281.npz,264,8,1|1|1|0|1|0|1|1|1|0|1|0,1|3,head_audio_pos_same_start_100hz
M05,dysarthric,Session2,0282,data/processed/torgo_aai_features/M05/Session2/0282.npz,1142,8,1|1|1|0|1|0|1|1|1|0|1|0,1|3|9,head_audio_pos_same_start_100hz
M05,dysarthric,Session2,0283,data/processed/torgo_aai_features/M05/Session2/0283.npz,291,8,1|1|1|0|1|0|1|1|1|0|1|0,1|3|11,head_audio_pos_same_start_100hz
M05,dysarthric,Session2,0284,data/processed/torgo_aai_features/M05/Session2/0284.npz,207,8,1|1|1|0|1|0|1|1|1|0|1|0,1|3,head_audio_pos_same_start_100hz
M05,dysarthric,Session2,0285,data/processed/torgo_aai_features/M05/Session2/0285.npz,251,8,1|1|1|0|1|0|1|1|1|0|1|0,1|3,head_audio_pos_same_start_100hz
M05,dysarthric,Session2,0286,data/processed/torgo_aai_features/M05/Session2/0286.npz,1171,6,1|0|1|0|1|0|1|0|1|0|1|0,1|3|6|11,head_audio_pos_same_start_100hz
M05,dysarthric,Session2,0287,data/processed/torgo_aai_features/M05/Session2/0287.npz,1026,8,1|1|1|0|1|0|1|1|1|0|1|0,1|3,head_audio_pos_same_start_100hz
M05,dysarthric,Session2,0288,data/processed/torgo_aai_features/M05/Session2/0288.npz,418,8,1|1|1|0|1|0|1|1|1|0|1|0,1|3,head_audio_pos_same_start_100hz
M05,dysarthric,Session2,0289,data/processed/torgo_aai_features/M05/Session2/0289.npz,328,8,1|1|1|0|1|0|1|1|1|0|1|0,1|3,head_audio_pos_same_start_100hz
M05,dysarthric,Session2,0290,data/processed/torgo_aai_features/M05/Session2/0290.npz,245,8,1|1|1|0|1|0|1|1|1|0|1|0,1|3,head_audio_pos_same_start_100hz
M05,dysarthric,Session2,0291,data/processed/torgo_aai_features/M05/Session2/0291.npz,1064,0,0|0|0|0|0|0|0|0|0|0|0|0,1|2|3|4|6|7|8|9|10|11,head_audio_pos_same_start_100hz
M05,dysarthric,Session2,0292,data/processed/torgo_aai_features/M05/Session2/0292.npz,898,8,1|1|1|0|1|0|1|1|1|0|1|0,1|3,head_audio_pos_same_start_100hz
M05,dysarthric,Session2,0293,data/processed/torgo_aai_features/M05/Session2/0293.npz,267,8,1|1|1|0|1|0|1|1|1|0|1|0,1|3,head_audio_pos_same_start_100hz
M05,dysarthric,Session2,0294,data/processed/torgo_aai_features/M05/Session2/0294.npz,310,8,1|1|1|0|1|0|1|1|1|0|1|0,1|3,head_audio_pos_same_start_100hz
M05,dysarthric,Session2,0295,data/processed/torgo_aai_features/M05/Session2/0295.npz,295,8,1|1|1|0|1|0|1|1|1|0|1|0,1|3,head_audio_pos_same_start_100hz
M05,dysarthric,Session2,0296,data/processed/torgo_aai_features/M05/Session2/0296.npz,250,8,1|1|1|0|1|0|1|1|1|0|1|0,1|3,head_audio_pos_same_start_100hz
M05,dysarthric,Session2,0297,data/processed/torgo_aai_features/M05/Session2/0297.npz,323,8,1|1|1|0|1|0|1|1|1|0|1|0,1|3,head_audio_pos_same_start_100hz
M05,dysarthric,Session2,0298,data/processed/torgo_aai_features/M05/Session2/0298.npz,329,8,1|1|1|0|1|0|1|1|1|0|1|0,1|3,head_audio_pos_same_start_100hz
M05,dysarthric,Session2,0299,data/processed/torgo_aai_features/M05/Session2/0299.npz,348,8,1|1|1|0|1|0|1|1|1|0|1|0,1|3,head_audio_pos_same_start_100hz
M05,dysarthric,Session2,0304,data/processed/torgo_aai_features/M05/Session2/0304.npz,246,8,1|1|1|0|1|0|1|1|1|0|1|0,1|3,head_audio_pos_same_start_100hz
M05,dysarthric,Session2,0306,data/processed/torgo_aai_features/M05/Session2/0306.npz,261,8,1|1|1|0|1|0|1|1|1|0|1|0,1|3,head_audio_pos_same_start_100hz
M05,dysarthric,Session2,0307,data/processed/torgo_aai_features/M05/Session2/0307.npz,569,8,1|1|1|0|1|0|1|1|1|0|1|0,1|3,head_audio_pos_same_start_100hz
M05,dysarthric,Session2,0308,data/processed/torgo_aai_features/M05/Session2/0308.npz,223,8,1|1|1|0|1|0|1|1|1|0|1|0,1|3,head_audio_pos_same_start_100hz
M05,dysarthric,Session2,0309,data/processed/torgo_aai_features/M05/Session2/0309.npz,281,8,1|1|1|0|1|0|1|1|1|0|1|0,1|3,head_audio_pos_same_start_100hz
M05,dysarthric,Session2,0310,data/processed/torgo_aai_features/M05/Session2/0310.npz,199,8,1|1|1|0|1|0|1|1|1|0|1|0,1|3,head_audio_pos_same_start_100hz
M05,dysarthric,Session2,0311,data/processed/torgo_aai_features/M05/Session2/0311.npz,242,8,1|1|1|0|1|0|1|1|1|0|1|0,1|3,head_audio_pos_same_start_100hz
M05,dysarthric,Session2,0313,data/processed/torgo_aai_features/M05/Session2/0313.npz,955,0,0|0|0|0|0|0|0|0|0|0|0|0,1|2|3|4|6|7|8|9|10|11,head_audio_pos_same_start_100hz
M05,dysarthric,Session2,0314,data/processed/torgo_aai_features/M05/Session2/0314.npz,854,6,1|0|1|0|1|0|1|0|1|0|1|0,1|3|6|9,head_audio_pos_same_start_100hz
M05,dysarthric,Session2,0315,data/processed/torgo_aai_features/M05/Session2/0315.npz,488,8,1|1|1|0|1|0|1|1|1|0|1|0,1|3,head_audio_pos_same_start_100hz
M05,dysarthric,Session2,0316,data/processed/torgo_aai_features/M05/Session2/0316.npz,267,8,1|1|1|0|1|0|1|1|1|0|1|0,1|3,head_audio_pos_same_start_100hz
M05,dysarthric,Session2,0317,data/processed/torgo_aai_features/M05/Session2/0317.npz,264,8,1|1|1|0|1|0|1|1|1|0|1|0,1|3,head_audio_pos_same_start_100hz
M05,dysarthric,Session2,0318,data/processed/torgo_aai_features/M05/Session2/0318.npz,259,8,1|1|1|0|1|0|1|1|1|0|1|0,1|3,head_audio_pos_same_start_100hz
M05,dysarthric,Session2,0319,data/processed/torgo_aai_features/M05/Session2/0319.npz,262,8,1|1|1|0|1|0|1|1|1|0|1|0,1|3,head_audio_pos_same_start_100hz
M05,dysarthric,Session2,0320,data/processed/torgo_aai_features/M05/Session2/0320.npz,610,8,1|1|1|0|1|0|1|1|1|0|1|0,1|3,head_audio_pos_same_start_100hz
M05,dysarthric,Session2,0321,data/processed/torgo_aai_features/M05/Session2/0321.npz,964,8,1|1|1|0|1|0|1|1|1|0|1|0,1|3,head_audio_pos_same_start_100hz
M05,dysarthric,Session2,0322,data/processed/torgo_aai_features/M05/Session2/0322.npz,375,8,1|1|1|0|1|0|1|1|1|0|1|0,1|3,head_audio_pos_same_start_100hz
M05,dysarthric,Session2,0323,data/processed/torgo_aai_features/M05/Session2/0323.npz,321,8,1|1|1|0|1|0|1|1|1|0|1|0,1|3|9,head_audio_pos_same_start_100hz
M05,dysarthric,Session2,0324,data/processed/torgo_aai_features/M05/Session2/0324.npz,456,8,1|1|1|0|1|0|1|1|1|0|1|0,1|3,head_audio_pos_same_start_100hz
M05,dysarthric,Session2,0325,data/processed/torgo_aai_features/M05/Session2/0325.npz,267,8,1|1|1|0|1|0|1|1|1|0|1|0,1|3,head_audio_pos_same_start_100hz
M05,dysarthric,Session2,0326,data/processed/torgo_aai_features/M05/Session2/0326.npz,342,8,1|1|1|0|1|0|1|1|1|0|1|0,1|3,head_audio_pos_same_start_100hz
M05,dysarthric,Session2,0327,data/processed/torgo_aai_features/M05/Session2/0327.npz,181,8,1|1|1|0|1|0|1|1|1|0|1|0,1|3,head_audio_pos_same_start_100hz
M05,dysarthric,Session2,0328,data/processed/torgo_aai_features/M05/Session2/0328.npz,270,8,1|1|1|0|1|0|1|1|1|0|1|0,1|3|9,head_audio_pos_same_start_100hz
M05,dysarthric,Session2,0362,data/processed/torgo_aai_features/M05/Session2/0362.npz,232,8,1|1|1|0|1|0|1|1|1|0|1|0,1|3|9,head_audio_pos_same_start_100hz
M05,dysarthric,Session2,0363,data/processed/torgo_aai_features/M05/Session2/0363.npz,261,8,1|1|1|0|1|0|1|1|1|0|1|0,1|3,head_audio_pos_same_start_100hz
M05,dysarthric,Session2,0364,data/processed/torgo_aai_features/M05/Session2/0364.npz,220,8,1|1|1|0|1|0|1|1|1|0|1|0,1|3,head_audio_pos_same_start_100hz
M05,dysarthric,Session2,0365,data/processed/torgo_aai_features/M05/Session2/0365.npz,1163,8,1|1|1|0|1|0|1|1|1|0|1|0,1|3|9,head_audio_pos_same_start_100hz
M05,dysarthric,Session2,0366,data/processed/torgo_aai_features/M05/Session2/0366.npz,257,8,1|1|1|0|1|0|1|1|1|0|1|0,1|3|9,head_audio_pos_same_start_100hz
M05,dysarthric,Session2,0367,data/processed/torgo_aai_features/M05/Session2/0367.npz,735,8,1|1|1|0|1|0|1|1|1|0|1|0,1|3|9,head_audio_pos_same_start_100hz
M05,dysarthric,Session2,0368,data/processed/torgo_aai_features/M05/Session2/0368.npz,966,6,1|1|1|0|0|0|1|1|1|0|0|0,1|2|3,head_audio_pos_same_start_100hz
M05,dysarthric,Session2,0369,data/processed/torgo_aai_features/M05/Session2/0369.npz,892,6,1|1|1|0|0|0|1|1|1|0|0|0,1|2|3|4|9,head_audio_pos_same_start_100hz
M05,dysarthric,Session2,0370,data/processed/torgo_aai_features/M05/Session2/0370.npz,693,8,1|1|1|0|1|0|1|1|1|0|1|0,1|3,head_audio_pos_same_start_100hz
M05,dysarthric,Session2,0371,data/processed/torgo_aai_features/M05/Session2/0371.npz,214,8,1|1|1|0|1|0|1|1|1|0|1|0,1|3,head_audio_pos_same_start_100hz
M05,dysarthric,Session2,0372,data/processed/torgo_aai_features/M05/Session2/0372.npz,192,8,1|1|1|0|1|0|1|1|1|0|1|0,1|3,head_audio_pos_same_start_100hz
M05,dysarthric,Session2,0373,data/processed/torgo_aai_features/M05/Session2/0373.npz,389,8,1|1|1|0|1|0|1|1|1|0|1|0,1|3,head_audio_pos_same_start_100hz
M05,dysarthric,Session2,0374,data/processed/torgo_aai_features/M05/Session2/0374.npz,239,8,1|1|1|0|1|0|1|1|1|0|1|0,1|3,head_audio_pos_same_start_100hz
M05,dysarthric,Session2,0375,data/processed/torgo_aai_features/M05/Session2/0375.npz,225,8,1|1|1|0|1|0|1|1|1|0|1|0,1|3|9,head_audio_pos_same_start_100hz
M05,dysarthric,Session2,0376,data/processed/torgo_aai_features/M05/Session2/0376.npz,316,8,1|1|1|0|1|0|1|1|1|0|1|0,1|3|4|9,head_audio_pos_same_start_100hz
M05,dysarthric,Session2,0377,data/processed/torgo_aai_features/M05/Session2/0377.npz,32,8,1|1|1|0|1|0|1|1|1|0|1|0,1|3,head_audio_pos_same_start_100hz
M05,dysarthric,Session2,0378,data/processed/torgo_aai_features/M05/Session2/0378.npz,234,8,1|1|1|0|1|0|1|1|1|0|1|0,1|3,head_audio_pos_same_start_100hz
M05,dysarthric,Session2,0379,data/processed/torgo_aai_features/M05/Session2/0379.npz,248,8,1|1|1|0|1|0|1|1|1|0|1|0,1|3,head_audio_pos_same_start_100hz
M05,dysarthric,Session2,0380,data/processed/torgo_aai_features/M05/Session2/0380.npz,207,8,1|1|1|0|1|0|1|1|1|0|1|0,1|3|9,head_audio_pos_same_start_100hz
M05,dysarthric,Session2,0381,data/processed/torgo_aai_features/M05/Session2/0381.npz,812,0,0|0|0|0|0|0|0|0|0|0|0|0,1|2|3|4|6|7|8|9|10|11,head_audio_pos_same_start_100hz
M05,dysarthric,Session2,0382,data/processed/torgo_aai_features/M05/Session2/0382.npz,799,8,1|1|1|0|1|0|1|1|1|0|1|0,1|3|9,head_audio_pos_same_start_100hz
M05,dysarthric,Session2,0383,data/processed/torgo_aai_features/M05/Session2/0383.npz,577,8,1|1|1|0|1|0|1|1|1|0|1|0,1|3|9,head_audio_pos_same_start_100hz
M05,dysarthric,Session2,0384,data/processed/torgo_aai_features/M05/Session2/0384.npz,296,8,1|1|1|0|1|0|1|1|1|0|1|0,1|3|9,head_audio_pos_same_start_100hz
M05,dysarthric,Session2,0385,data/processed/torgo_aai_features/M05/Session2/0385.npz,936,8,1|1|1|0|1|0|1|1|1|0|1|0,1|3|9,head_audio_pos_same_start_100hz
M05,dysarthric,Session2,0386,data/processed/torgo_aai_features/M05/Session2/0386.npz,286,8,1|1|1|0|1|0|1|1|1|0|1|0,1|3|9,head_audio_pos_same_start_100hz
M05,dysarthric,Session2,0387,data/processed/torgo_aai_features/M05/Session2/0387.npz,847,8,1|1|1|0|1|0|1|1|1|0|1|0,1|3,head_audio_pos_same_start_100hz
M05,dysarthric,Session2,0388,data/processed/torgo_aai_features/M05/Session2/0388.npz,298,8,1|1|1|0|1|0|1|1|1|0|1|0,1|3,head_audio_pos_same_start_100hz
M05,dysarthric,Session2,0389,data/processed/torgo_aai_features/M05/Session2/0389.npz,517,8,1|1|1|0|1|0|1|1|1|0|1|0,1|3|4,head_audio_pos_same_start_100hz
M05,dysarthric,Session2,0390,data/processed/torgo_aai_features/M05/Session2/0390.npz,544,8,1|1|1|0|1|0|1|1|1|0|1|0,1|3,head_audio_pos_same_start_100hz
M05,dysarthric,Session2,0391,data/processed/torgo_aai_features/M05/Session2/0391.npz,293,8,1|1|1|0|1|0|1|1|1|0|1|0,1|3|9,head_audio_pos_same_start_100hz
M05,dysarthric,Session2,0392,data/processed/torgo_aai_features/M05/Session2/0392.npz,365,8,1|1|1|0|1|0|1|1|1|0|1|0,1|3,head_audio_pos_same_start_100hz
M05,dysarthric,Session2,0393,data/processed/torgo_aai_features/M05/Session2/0393.npz,544,8,1|1|1|0|1|0|1|1|1|0|1|0,1|3,head_audio_pos_same_start_100hz
MC01,control,Session1,0001,data/processed/torgo_aai_features/MC01/Session1/0001.npz,495,12,1|1|1|1|1|1|1|1|1|1|1|1,,head_audio_pos_same_start_100hz
MC01,control,Session1,0002,data/processed/torgo_aai_features/MC01/Session1/0002.npz,1234,12,1|1|1|1|1|1|1|1|1|1|1|1,,head_audio_pos_same_start_100hz
MC01,control,Session1,0003,data/processed/torgo_aai_features/MC01/Session1/0003.npz,1113,12,1|1|1|1|1|1|1|1|1|1|1|1,,head_audio_pos_same_start_100hz
MC01,control,Session1,0004,data/processed/torgo_aai_features/MC01/Session1/0004.npz,777,12,1|1|1|1|1|1|1|1|1|1|1|1,,head_audio_pos_same_start_100hz
MC01,control,Session1,0005,data/processed/torgo_aai_features/MC01/Session1/0005.npz,297,12,1|1|1|1|1|1|1|1|1|1|1|1,,head_audio_pos_same_start_100hz
MC01,control,Session1,0006,data/processed/torgo_aai_features/MC01/Session1/0006.npz,269,12,1|1|1|1|1|1|1|1|1|1|1|1,,head_audio_pos_same_start_100hz
MC01,control,Session1,0007,data/processed/torgo_aai_features/MC01/Session1/0007.npz,280,12,1|1|1|1|1|1|1|1|1|1|1|1,,head_audio_pos_same_start_100hz
MC01,control,Session1,0008,data/processed/torgo_aai_features/MC01/Session1/0008.npz,291,12,1|1|1|1|1|1|1|1|1|1|1|1,,head_audio_pos_same_start_100hz
MC01,control,Session1,0009,data/processed/torgo_aai_features/MC01/Session1/0009.npz,284,12,1|1|1|1|1|1|1|1|1|1|1|1,,head_audio_pos_same_start_100hz
MC01,control,Session1,0010,data/processed/torgo_aai_features/MC01/Session1/0010.npz,294,12,1|1|1|1|1|1|1|1|1|1|1|1,,head_audio_pos_same_start_100hz
MC01,control,Session1,0011,data/processed/torgo_aai_features/MC01/Session1/0011.npz,283,12,1|1|1|1|1|1|1|1|1|1|1|1,,head_audio_pos_same_start_100hz
MC01,control,Session1,0012,data/processed/torgo_aai_features/MC01/Session1/0012.npz,292,12,1|1|1|1|1|1|1|1|1|1|1|1,,head_audio_pos_same_start_100hz
MC01,control,Session1,0013,data/processed/torgo_aai_features/MC01/Session1/0013.npz,291,12,1|1|1|1|1|1|1|1|1|1|1|1,,head_audio_pos_same_start_100hz
MC01,control,Session1,0014,data/processed/torgo_aai_features/MC01/Session1/0014.npz,327,12,1|1|1|1|1|1|1|1|1|1|1|1,,head_audio_pos_same_start_100hz
MC01,control,Session1,0015,data/processed/torgo_aai_features/MC01/Session1/0015.npz,466,12,1|1|1|1|1|1|1|1|1|1|1|1,,head_audio_pos_same_start_100hz
MC01,control,Session1,0016,data/processed/torgo_aai_features/MC01/Session1/0016.npz,446,12,1|1|1|1|1|1|1|1|1|1|1|1,,head_audio_pos_same_start_100hz
MC01,control,Session1,0017,data/processed/torgo_aai_features/MC01/Session1/0017.npz,315,12,1|1|1|1|1|1|1|1|1|1|1|1,,head_audio_pos_same_start_100hz
MC01,control,Session1,0018,data/processed/torgo_aai_features/MC01/Session1/0018.npz,274,12,1|1|1|1|1|1|1|1|1|1|1|1,,head_audio_pos_same_start_100hz
MC01,control,Session1,0019,data/processed/torgo_aai_features/MC01/Session1/0019.npz,473,12,1|1|1|1|1|1|1|1|1|1|1|1,,head_audio_pos_same_start_100hz
MC01,control,Session1,0020,data/processed/torgo_aai_features/MC01/Session1/0020.npz,434,12,1|1|1|1|1|1|1|1|1|1|1|1,,head_audio_pos_same_start_100hz
MC01,control,Session1,0021,data/processed/torgo_aai_features/MC01/Session1/0021.npz,319,12,1|1|1|1|1|1|1|1|1|1|1|1,,head_audio_pos_same_start_100hz
MC01,control,Session1,0022,data/processed/torgo_aai_features/MC01/Session1/0022.npz,315,12,1|1|1|1|1|1|1|1|1|1|1|1,,head_audio_pos_same_start_100hz
MC01,control,Session1,0023,data/processed/torgo_aai_features/MC01/Session1/0023.npz,292,12,1|1|1|1|1|1|1|1|1|1|1|1,,head_audio_pos_same_start_100hz
MC01,control,Session1,0024,data/processed/torgo_aai_features/MC01/Session1/0024.npz,295,12,1|1|1|1|1|1|1|1|1|1|1|1,,head_audio_pos_same_start_100hz
MC01,control,Session1,0025,data/processed/torgo_aai_features/MC01/Session1/0025.npz,291,12,1|1|1|1|1|1|1|1|1|1|1|1,,head_audio_pos_same_start_100hz
MC01,control,Session1,0026,data/processed/torgo_aai_features/MC01/Session1/0026.npz,378,12,1|1|1|1|1|1|1|1|1|1|1|1,,head_audio_pos_same_start_100hz
MC01,control,Session1,0027,data/processed/torgo_aai_features/MC01/Session1/0027.npz,847,12,1|1|1|1|1|1|1|1|1|1|1|1,,head_audio_pos_same_start_100hz
MC01,control,Session1,0028,data/processed/torgo_aai_features/MC01/Session1/0028.npz,315,12,1|1|1|1|1|1|1|1|1|1|1|1,,head_audio_pos_same_start_100hz
MC01,control,Session1,0029,data/processed/torgo_aai_features/MC01/Session1/0029.npz,300,12,1|1|1|1|1|1|1|1|1|1|1|1,,head_audio_pos_same_start_100hz
MC01,control,Session1,0030,data/processed/torgo_aai_features/MC01/Session1/0030.npz,306,12,1|1|1|1|1|1|1|1|1|1|1|1,,head_audio_pos_same_start_100hz
MC01,control,Session1,0031,data/processed/torgo_aai_features/MC01/Session1/0031.npz,316,12,1|1|1|1|1|1|1|1|1|1|1|1,,head_audio_pos_same_start_100hz
MC01,control,Session1,0032,data/processed/torgo_aai_features/MC01/Session1/0032.npz,281,12,1|1|1|1|1|1|1|1|1|1|1|1,,head_audio_pos_same_start_100hz
MC01,control,Session1,0033,data/processed/torgo_aai_features/MC01/Session1/0033.npz,271,12,1|1|1|1|1|1|1|1|1|1|1|1,,head_audio_pos_same_start_100hz
MC01,control,Session1,0034,data/processed/torgo_aai_features/MC01/Session1/0034.npz,316,12,1|1|1|1|1|1|1|1|1|1|1|1,,head_audio_pos_same_start_100hz
MC01,control,Session1,0035,data/processed/torgo_aai_features/MC01/Session1/0035.npz,286,12,1|1|1|1|1|1|1|1|1|1|1|1,,head_audio_pos_same_start_100hz
MC01,control,Session1,0036,data/processed/torgo_aai_features/MC01/Session1/0036.npz,948,12,1|1|1|1|1|1|1|1|1|1|1|1,,head_audio_pos_same_start_100hz
MC01,control,Session1,0037,data/processed/torgo_aai_features/MC01/Session1/0037.npz,644,12,1|1|1|1|1|1|1|1|1|1|1|1,,head_audio_pos_same_start_100hz
MC01,control,Session1,0038,data/processed/torgo_aai_features/MC01/Session1/0038.npz,264,12,1|1|1|1|1|1|1|1|1|1|1|1,,head_audio_pos_same_start_100hz
MC01,control,Session1,0039,data/processed/torgo_aai_features/MC01/Session1/0039.npz,310,10,1|1|0|1|1|1|1|1|0|1|1|1,7,head_audio_pos_same_start_100hz
MC01,control,Session1,0040,data/processed/torgo_aai_features/MC01/Session1/0040.npz,330,12,1|1|1|1|1|1|1|1|1|1|1|1,,head_audio_pos_same_start_100hz
MC01,control,Session1,0041,data/processed/torgo_aai_features/MC01/Session1/0041.npz,321,12,1|1|1|1|1|1|1|1|1|1|1|1,,head_audio_pos_same_start_100hz
MC01,control,Session1,0042,data/processed/torgo_aai_features/MC01/Session1/0042.npz,319,12,1|1|1|1|1|1|1|1|1|1|1|1,,head_audio_pos_same_start_100hz
MC01,control,Session1,0043,data/processed/torgo_aai_features/MC01/Session1/0043.npz,488,12,1|1|1|1|1|1|1|1|1|1|1|1,,head_audio_pos_same_start_100hz
MC01,control,Session1,0044,data/processed/torgo_aai_features/MC01/Session1/0044.npz,267,12,1|1|1|1|1|1|1|1|1|1|1|1,,head_audio_pos_same_start_100hz
MC01,control,Session1,0045,data/processed/torgo_aai_features/MC01/Session1/0045.npz,307,12,1|1|1|1|1|1|1|1|1|1|1|1,,head_audio_pos_same_start_100hz
MC01,control,Session1,0046,data/processed/torgo_aai_features/MC01/Session1/0046.npz,290,12,1|1|1|1|1|1|1|1|1|1|1|1,,head_audio_pos_same_start_100hz
MC01,control,Session1,0047,data/processed/torgo_aai_features/MC01/Session1/0047.npz,297,12,1|1|1|1|1|1|1|1|1|1|1|1,,head_audio_pos_same_start_100hz
MC01,control,Session1,0048,data/processed/torgo_aai_features/MC01/Session1/0048.npz,260,12,1|1|1|1|1|1|1|1|1|1|1|1,,head_audio_pos_same_start_100hz
MC01,control,Session1,0049,data/processed/torgo_aai_features/MC01/Session1/0049.npz,302,12,1|1|1|1|1|1|1|1|1|1|1|1,,head_audio_pos_same_start_100hz
MC01,control,Session1,0050,data/processed/torgo_aai_features/MC01/Session1/0050.npz,285,12,1|1|1|1|1|1|1|1|1|1|1|1,,head_audio_pos_same_start_100hz
MC01,control,Session1,0051,data/processed/torgo_aai_features/MC01/Session1/0051.npz,288,12,1|1|1|1|1|1|1|1|1|1|1|1,,head_audio_pos_same_start_100hz
MC01,control,Session1,0052,data/processed/torgo_aai_features/MC01/Session1/0052.npz,286,12,1|1|1|1|1|1|1|1|1|1|1|1,,head_audio_pos_same_start_100hz
MC01,control,Session1,0053,data/processed/torgo_aai_features/MC01/Session1/0053.npz,648,12,1|1|1|1|1|1|1|1|1|1|1|1,,head_audio_pos_same_start_100hz
MC01,control,Session1,0054,data/processed/torgo_aai_features/MC01/Session1/0054.npz,290,12,1|1|1|1|1|1|1|1|1|1|1|1,,head_audio_pos_same_start_100hz
MC01,control,Session1,0055,data/processed/torgo_aai_features/MC01/Session1/0055.npz,262,12,1|1|1|1|1|1|1|1|1|1|1|1,,head_audio_pos_same_start_100hz
MC01,control,Session1,0056,data/processed/torgo_aai_features/MC01/Session1/0056.npz,315,12,1|1|1|1|1|1|1|1|1|1|1|1,,head_audio_pos_same_start_100hz
MC01,control,Session1,0057,data/processed/torgo_aai_features/MC01/Session1/0057.npz,311,12,1|1|1|1|1|1|1|1|1|1|1|1,,head_audio_pos_same_start_100hz
MC01,control,Session1,0058,data/processed/torgo_aai_features/MC01/Session1/0058.npz,278,12,1|1|1|1|1|1|1|1|1|1|1|1,,head_audio_pos_same_start_100hz
MC01,control,Session1,0059,data/processed/torgo_aai_features/MC01/Session1/0059.npz,310,12,1|1|1|1|1|1|1|1|1|1|1|1,,head_audio_pos_same_start_100hz
MC01,control,Session1,0060,data/processed/torgo_aai_features/MC01/Session1/0060.npz,505,12,1|1|1|1|1|1|1|1|1|1|1|1,,head_audio_pos_same_start_100hz
MC01,control,Session1,0061,data/processed/torgo_aai_features/MC01/Session1/0061.npz,580,12,1|1|1|1|1|1|1|1|1|1|1|1,,head_audio_pos_same_start_100hz
MC01,control,Session1,0062,data/processed/torgo_aai_features/MC01/Session1/0062.npz,297,12,1|1|1|1|1|1|1|1|1|1|1|1,,head_audio_pos_same_start_100hz
MC01,control,Session1,0063,data/processed/torgo_aai_features/MC01/Session1/0063.npz,320,12,1|1|1|1|1|1|1|1|1|1|1|1,,head_audio_pos_same_start_100hz
MC01,control,Session1,0064,data/processed/torgo_aai_features/MC01/Session1/0064.npz,303,12,1|1|1|1|1|1|1|1|1|1|1|1,,head_audio_pos_same_start_100hz
MC01,control,Session1,0065,data/processed/torgo_aai_features/MC01/Session1/0065.npz,798,12,1|1|1|1|1|1|1|1|1|1|1|1,,head_audio_pos_same_start_100hz
MC01,control,Session1,0066,data/processed/torgo_aai_features/MC01/Session1/0066.npz,309,12,1|1|1|1|1|1|1|1|1|1|1|1,,head_audio_pos_same_start_100hz
MC01,control,Session1,0067,data/processed/torgo_aai_features/MC01/Session1/0067.npz,330,12,1|1|1|1|1|1|1|1|1|1|1|1,,head_audio_pos_same_start_100hz
MC01,control,Session1,0068,data/processed/torgo_aai_features/MC01/Session1/0068.npz,285,12,1|1|1|1|1|1|1|1|1|1|1|1,,head_audio_pos_same_start_100hz
MC01,control,Session1,0069,data/processed/torgo_aai_features/MC01/Session1/0069.npz,311,12,1|1|1|1|1|1|1|1|1|1|1|1,,head_audio_pos_same_start_100hz
MC01,control,Session1,0070,data/processed/torgo_aai_features/MC01/Session1/0070.npz,280,12,1|1|1|1|1|1|1|1|1|1|1|1,,head_audio_pos_same_start_100hz
MC01,control,Session1,0071,data/processed/torgo_aai_features/MC01/Session1/0071.npz,308,12,1|1|1|1|1|1|1|1|1|1|1|1,,head_audio_pos_same_start_100hz
MC01,control,Session1,0072,data/processed/torgo_aai_features/MC01/Session1/0072.npz,725,12,1|1|1|1|1|1|1|1|1|1|1|1,,head_audio_pos_same_start_100hz
MC01,control,Session1,0073,data/processed/torgo_aai_features/MC01/Session1/0073.npz,596,12,1|1|1|1|1|1|1|1|1|1|1|1,,head_audio_pos_same_start_100hz
MC01,control,Session1,0074,data/processed/torgo_aai_features/MC01/Session1/0074.npz,292,12,1|1|1|1|1|1|1|1|1|1|1|1,,head_audio_pos_same_start_100hz
MC01,control,Session1,0075,data/processed/torgo_aai_features/MC01/Session1/0075.npz,309,12,1|1|1|1|1|1|1|1|1|1|1|1,,head_audio_pos_same_start_100hz
MC01,control,Session1,0076,data/processed/torgo_aai_features/MC01/Session1/0076.npz,279,12,1|1|1|1|1|1|1|1|1|1|1|1,,head_audio_pos_same_start_100hz
MC01,control,Session1,0077,data/processed/torgo_aai_features/MC01/Session1/0077.npz,771,12,1|1|1|1|1|1|1|1|1|1|1|1,,head_audio_pos_same_start_100hz
MC01,control,Session1,0078,data/processed/torgo_aai_features/MC01/Session1/0078.npz,308,12,1|1|1|1|1|1|1|1|1|1|1|1,,head_audio_pos_same_start_100hz
MC01,control,Session1,0079,data/processed/torgo_aai_features/MC01/Session1/0079.npz,663,12,1|1|1|1|1|1|1|1|1|1|1|1,,head_audio_pos_same_start_100hz
MC01,control,Session1,0080,data/processed/torgo_aai_features/MC01/Session1/0080.npz,324,12,1|1|1|1|1|1|1|1|1|1|1|1,,head_audio_pos_same_start_100hz
MC01,control,Session1,0081,data/processed/torgo_aai_features/MC01/Session1/0081.npz,289,12,1|1|1|1|1|1|1|1|1|1|1|1,,head_audio_pos_same_start_100hz
MC01,control,Session1,0082,data/processed/torgo_aai_features/MC01/Session1/0082.npz,288,12,1|1|1|1|1|1|1|1|1|1|1|1,,head_audio_pos_same_start_100hz
MC01,control,Session1,0083,data/processed/torgo_aai_features/MC01/Session1/0083.npz,322,12,1|1|1|1|1|1|1|1|1|1|1|1,,head_audio_pos_same_start_100hz
MC01,control,Session1,0084,data/processed/torgo_aai_features/MC01/Session1/0084.npz,311,12,1|1|1|1|1|1|1|1|1|1|1|1,,head_audio_pos_same_start_100hz
MC01,control,Session1,0085,data/processed/torgo_aai_features/MC01/Session1/0085.npz,279,12,1|1|1|1|1|1|1|1|1|1|1|1,,head_audio_pos_same_start_100hz
MC01,control,Session1,0086,data/processed/torgo_aai_features/MC01/Session1/0086.npz,785,12,1|1|1|1|1|1|1|1|1|1|1|1,,head_audio_pos_same_start_100hz
MC01,control,Session1,0087,data/processed/torgo_aai_features/MC01/Session1/0087.npz,325,12,1|1|1|1|1|1|1|1|1|1|1|1,,head_audio_pos_same_start_100hz
MC01,control,Session1,0088,data/processed/torgo_aai_features/MC01/Session1/0088.npz,304,12,1|1|1|1|1|1|1|1|1|1|1|1,,head_audio_pos_same_start_100hz
MC01,control,Session1,0089,data/processed/torgo_aai_features/MC01/Session1/0089.npz,282,12,1|1|1|1|1|1|1|1|1|1|1|1,,head_audio_pos_same_start_100hz
MC01,control,Session1,0090,data/processed/torgo_aai_features/MC01/Session1/0090.npz,306,12,1|1|1|1|1|1|1|1|1|1|1|1,,head_audio_pos_same_start_100hz
MC01,control,Session1,0091,data/processed/torgo_aai_features/MC01/Session1/0091.npz,308,12,1|1|1|1|1|1|1|1|1|1|1|1,,head_audio_pos_same_start_100hz
MC01,control,Session1,0092,data/processed/torgo_aai_features/MC01/Session1/0092.npz,289,12,1|1|1|1|1|1|1|1|1|1|1|1,,head_audio_pos_same_start_100hz
MC01,control,Session1,0093,data/processed/torgo_aai_features/MC01/Session1/0093.npz,338,12,1|1|1|1|1|1|1|1|1|1|1|1,,head_audio_pos_same_start_100hz
MC01,control,Session1,0094,data/processed/torgo_aai_features/MC01/Session1/0094.npz,673,12,1|1|1|1|1|1|1|1|1|1|1|1,,head_audio_pos_same_start_100hz
MC01,control,Session1,0095,data/processed/torgo_aai_features/MC01/Session1/0095.npz,516,12,1|1|1|1|1|1|1|1|1|1|1|1,,head_audio_pos_same_start_100hz
MC01,control,Session1,0096,data/processed/torgo_aai_features/MC01/Session1/0096.npz,309,12,1|1|1|1|1|1|1|1|1|1|1|1,,head_audio_pos_same_start_100hz
MC01,control,Session1,0097,data/processed/torgo_aai_features/MC01/Session1/0097.npz,297,10,1|1|0|1|1|1|1|1|0|1|1|1,7,head_audio_pos_same_start_100hz
MC01,control,Session1,0098,data/processed/torgo_aai_features/MC01/Session1/0098.npz,297,12,1|1|1|1|1|1|1|1|1|1|1|1,,head_audio_pos_same_start_100hz
MC01,control,Session1,0099,data/processed/torgo_aai_features/MC01/Session1/0099.npz,307,12,1|1|1|1|1|1|1|1|1|1|1|1,,head_audio_pos_same_start_100hz
MC01,control,Session1,0100,data/processed/torgo_aai_features/MC01/Session1/0100.npz,306,12,1|1|1|1|1|1|1|1|1|1|1|1,,head_audio_pos_same_start_100hz
MC01,control,Session1,0101,data/processed/torgo_aai_features/MC01/Session1/0101.npz,674,12,1|1|1|1|1|1|1|1|1|1|1|1,,head_audio_pos_same_start_100hz
MC01,control,Session1,0102,data/processed/torgo_aai_features/MC01/Session1/0102.npz,284,12,1|1|1|1|1|1|1|1|1|1|1|1,,head_audio_pos_same_start_100hz
MC01,control,Session1,0103,data/processed/torgo_aai_features/MC01/Session1/0103.npz,383,12,1|1|1|1|1|1|1|1|1|1|1|1,,head_audio_pos_same_start_100hz
MC01,control,Session1,0104,data/processed/torgo_aai_features/MC01/Session1/0104.npz,272,12,1|1|1|1|1|1|1|1|1|1|1|1,,head_audio_pos_same_start_100hz
MC01,control,Session1,0105,data/processed/torgo_aai_features/MC01/Session1/0105.npz,341,12,1|1|1|1|1|1|1|1|1|1|1|1,,head_audio_pos_same_start_100hz
MC01,control,Session1,0106,data/processed/torgo_aai_features/MC01/Session1/0106.npz,302,12,1|1|1|1|1|1|1|1|1|1|1|1,,head_audio_pos_same_start_100hz
MC01,control,Session1,0107,data/processed/torgo_aai_features/MC01/Session1/0107.npz,590,12,1|1|1|1|1|1|1|1|1|1|1|1,,head_audio_pos_same_start_100hz
MC01,control,Session1,0108,data/processed/torgo_aai_features/MC01/Session1/0108.npz,325,12,1|1|1|1|1|1|1|1|1|1|1|1,,head_audio_pos_same_start_100hz
MC01,control,Session1,0109,data/processed/torgo_aai_features/MC01/Session1/0109.npz,773,12,1|1|1|1|1|1|1|1|1|1|1|1,,head_audio_pos_same_start_100hz
MC01,control,Session1,0110,data/processed/torgo_aai_features/MC01/Session1/0110.npz,366,12,1|1|1|1|1|1|1|1|1|1|1|1,,head_audio_pos_same_start_100hz
MC01,control,Session1,0111,data/processed/torgo_aai_features/MC01/Session1/0111.npz,276,12,1|1|1|1|1|1|1|1|1|1|1|1,,head_audio_pos_same_start_100hz
MC01,control,Session1,0112,data/processed/torgo_aai_features/MC01/Session1/0112.npz,304,12,1|1|1|1|1|1|1|1|1|1|1|1,,head_audio_pos_same_start_100hz
MC01,control,Session1,0113,data/processed/torgo_aai_features/MC01/Session1/0113.npz,273,12,1|1|1|1|1|1|1|1|1|1|1|1,,head_audio_pos_same_start_100hz
MC01,control,Session1,0114,data/processed/torgo_aai_features/MC01/Session1/0114.npz,360,12,1|1|1|1|1|1|1|1|1|1|1|1,,head_audio_pos_same_start_100hz
MC01,control,Session1,0115,data/processed/torgo_aai_features/MC01/Session1/0115.npz,301,12,1|1|1|1|1|1|1|1|1|1|1|1,,head_audio_pos_same_start_100hz
MC01,control,Session1,0116,data/processed/torgo_aai_features/MC01/Session1/0116.npz,350,12,1|1|1|1|1|1|1|1|1|1|1|1,,head_audio_pos_same_start_100hz
MC01,control,Session1,0117,data/processed/torgo_aai_features/MC01/Session1/0117.npz,269,12,1|1|1|1|1|1|1|1|1|1|1|1,,head_audio_pos_same_start_100hz
MC01,control,Session1,0118,data/processed/torgo_aai_features/MC01/Session1/0118.npz,304,12,1|1|1|1|1|1|1|1|1|1|1|1,,head_audio_pos_same_start_100hz
MC01,control,Session1,0119,data/processed/torgo_aai_features/MC01/Session1/0119.npz,333,12,1|1|1|1|1|1|1|1|1|1|1|1,,head_audio_pos_same_start_100hz
MC01,control,Session1,0120,data/processed/torgo_aai_features/MC01/Session1/0120.npz,676,10,1|1|0|1|1|1|1|1|0|1|1|1,7,head_audio_pos_same_start_100hz
MC01,control,Session1,0121,data/processed/torgo_aai_features/MC01/Session1/0121.npz,596,12,1|1|1|1|1|1|1|1|1|1|1|1,,head_audio_pos_same_start_100hz
MC01,control,Session1,0122,data/processed/torgo_aai_features/MC01/Session1/0122.npz,267,12,1|1|1|1|1|1|1|1|1|1|1|1,,head_audio_pos_same_start_100hz
MC01,control,Session1,0123,data/processed/torgo_aai_features/MC01/Session1/0123.npz,535,12,1|1|1|1|1|1|1|1|1|1|1|1,,head_audio_pos_same_start_100hz
MC01,control,Session1,0124,data/processed/torgo_aai_features/MC01/Session1/0124.npz,277,12,1|1|1|1|1|1|1|1|1|1|1|1,,head_audio_pos_same_start_100hz
MC01,control,Session1,0125,data/processed/torgo_aai_features/MC01/Session1/0125.npz,375,12,1|1|1|1|1|1|1|1|1|1|1|1,,head_audio_pos_same_start_100hz
MC01,control,Session1,0126,data/processed/torgo_aai_features/MC01/Session1/0126.npz,706,12,1|1|1|1|1|1|1|1|1|1|1|1,,head_audio_pos_same_start_100hz
MC01,control,Session1,0127,data/processed/torgo_aai_features/MC01/Session1/0127.npz,293,12,1|1|1|1|1|1|1|1|1|1|1|1,,head_audio_pos_same_start_100hz
MC01,control,Session1,0128,data/processed/torgo_aai_features/MC01/Session1/0128.npz,267,12,1|1|1|1|1|1|1|1|1|1|1|1,,head_audio_pos_same_start_100hz
MC01,control,Session1,0129,data/processed/torgo_aai_features/MC01/Session1/0129.npz,424,12,1|1|1|1|1|1|1|1|1|1|1|1,,head_audio_pos_same_start_100hz
MC01,control,Session1,0130,data/processed/torgo_aai_features/MC01/Session1/0130.npz,396,12,1|1|1|1|1|1|1|1|1|1|1|1,,head_audio_pos_same_start_100hz
MC01,control,Session1,0131,data/processed/torgo_aai_features/MC01/Session1/0131.npz,295,12,1|1|1|1|1|1|1|1|1|1|1|1,,head_audio_pos_same_start_100hz
MC01,control,Session1,0132,data/processed/torgo_aai_features/MC01/Session1/0132.npz,255,12,1|1|1|1|1|1|1|1|1|1|1|1,,head_audio_pos_same_start_100hz
MC01,control,Session1,0133,data/processed/torgo_aai_features/MC01/Session1/0133.npz,323,12,1|1|1|1|1|1|1|1|1|1|1|1,,head_audio_pos_same_start_100hz
MC01,control,Session1,0134,data/processed/torgo_aai_features/MC01/Session1/0134.npz,333,12,1|1|1|1|1|1|1|1|1|1|1|1,,head_audio_pos_same_start_100hz
MC01,control,Session1,0135,data/processed/torgo_aai_features/MC01/Session1/0135.npz,316,12,1|1|1|1|1|1|1|1|1|1|1|1,,head_audio_pos_same_start_100hz
MC01,control,Session1,0136,data/processed/torgo_aai_features/MC01/Session1/0136.npz,326,12,1|1|1|1|1|1|1|1|1|1|1|1,,head_audio_pos_same_start_100hz
MC01,control,Session1,0137,data/processed/torgo_aai_features/MC01/Session1/0137.npz,357,12,1|1|1|1|1|1|1|1|1|1|1|1,,head_audio_pos_same_start_100hz
MC01,control,Session1,0138,data/processed/torgo_aai_features/MC01/Session1/0138.npz,338,12,1|1|1|1|1|1|1|1|1|1|1|1,,head_audio_pos_same_start_100hz
MC01,control,Session1,0139,data/processed/torgo_aai_features/MC01/Session1/0139.npz,405,8,1|1|0|0|1|1|1|1|0|0|1|1,3|7,head_audio_pos_same_start_100hz
MC01,control,Session1,0140,data/processed/torgo_aai_features/MC01/Session1/0140.npz,380,12,1|1|1|1|1|1|1|1|1|1|1|1,,head_audio_pos_same_start_100hz
MC01,control,Session1,0141,data/processed/torgo_aai_features/MC01/Session1/0141.npz,300,12,1|1|1|1|1|1|1|1|1|1|1|1,,head_audio_pos_same_start_100hz
MC01,control,Session1,0142,data/processed/torgo_aai_features/MC01/Session1/0142.npz,252,12,1|1|1|1|1|1|1|1|1|1|1|1,,head_audio_pos_same_start_100hz
MC01,control,Session1,0143,data/processed/torgo_aai_features/MC01/Session1/0143.npz,304,12,1|1|1|1|1|1|1|1|1|1|1|1,,head_audio_pos_same_start_100hz
MC01,control,Session1,0144,data/processed/torgo_aai_features/MC01/Session1/0144.npz,450,10,1|1|0|1|1|1|1|1|0|1|1|1,7,head_audio_pos_same_start_100hz
MC01,control,Session1,0145,data/processed/torgo_aai_features/MC01/Session1/0145.npz,465,12,1|1|1|1|1|1|1|1|1|1|1|1,,head_audio_pos_same_start_100hz
MC01,control,Session1,0146,data/processed/torgo_aai_features/MC01/Session1/0146.npz,452,12,1|1|1|1|1|1|1|1|1|1|1|1,,head_audio_pos_same_start_100hz
MC01,control,Session1,0147,data/processed/torgo_aai_features/MC01/Session1/0147.npz,277,12,1|1|1|1|1|1|1|1|1|1|1|1,,head_audio_pos_same_start_100hz
MC01,control,Session1,0148,data/processed/torgo_aai_features/MC01/Session1/0148.npz,310,10,1|1|0|1|1|1|1|1|0|1|1|1,7,head_audio_pos_same_start_100hz
MC01,control,Session1,0149,data/processed/torgo_aai_features/MC01/Session1/0149.npz,325,12,1|1|1|1|1|1|1|1|1|1|1|1,,head_audio_pos_same_start_100hz
MC01,control,Session1,0150,data/processed/torgo_aai_features/MC01/Session1/0150.npz,496,12,1|1|1|1|1|1|1|1|1|1|1|1,,head_audio_pos_same_start_100hz
MC01,control,Session1,0151,data/processed/torgo_aai_features/MC01/Session1/0151.npz,276,12,1|1|1|1|1|1|1|1|1|1|1|1,,head_audio_pos_same_start_100hz
MC01,control,Session1,0152,data/processed/torgo_aai_features/MC01/Session1/0152.npz,267,12,1|1|1|1|1|1|1|1|1|1|1|1,,head_audio_pos_same_start_100hz
MC01,control,Session1,0153,data/processed/torgo_aai_features/MC01/Session1/0153.npz,301,12,1|1|1|1|1|1|1|1|1|1|1|1,,head_audio_pos_same_start_100hz
MC01,control,Session1,0154,data/processed/torgo_aai_features/MC01/Session1/0154.npz,719,12,1|1|1|1|1|1|1|1|1|1|1|1,,head_audio_pos_same_start_100hz
MC01,control,Session1,0155,data/processed/torgo_aai_features/MC01/Session1/0155.npz,317,12,1|1|1|1|1|1|1|1|1|1|1|1,,head_audio_pos_same_start_100hz
MC01,control,Session1,0156,data/processed/torgo_aai_features/MC01/Session1/0156.npz,318,12,1|1|1|1|1|1|1|1|1|1|1|1,,head_audio_pos_same_start_100hz
MC01,control,Session1,0157,data/processed/torgo_aai_features/MC01/Session1/0157.npz,273,12,1|1|1|1|1|1|1|1|1|1|1|1,,head_audio_pos_same_start_100hz
MC01,control,Session1,0158,data/processed/torgo_aai_features/MC01/Session1/0158.npz,285,12,1|1|1|1|1|1|1|1|1|1|1|1,,head_audio_pos_same_start_100hz
MC01,control,Session1,0159,data/processed/torgo_aai_features/MC01/Session1/0159.npz,292,12,1|1|1|1|1|1|1|1|1|1|1|1,,head_audio_pos_same_start_100hz
MC01,control,Session1,0160,data/processed/torgo_aai_features/MC01/Session1/0160.npz,305,12,1|1|1|1|1|1|1|1|1|1|1|1,,head_audio_pos_same_start_100hz
MC01,control,Session1,0161,data/processed/torgo_aai_features/MC01/Session1/0161.npz,424,12,1|1|1|1|1|1|1|1|1|1|1|1,,head_audio_pos_same_start_100hz
MC01,control,Session1,0162,data/processed/torgo_aai_features/MC01/Session1/0162.npz,485,10,1|1|1|0|1|1|1|1|1|0|1|1,3,head_audio_pos_same_start_100hz
MC01,control,Session1,0163,data/processed/torgo_aai_features/MC01/Session1/0163.npz,353,12,1|1|1|1|1|1|1|1|1|1|1|1,,head_audio_pos_same_start_100hz
MC01,control,Session1,0164,data/processed/torgo_aai_features/MC01/Session1/0164.npz,476,10,1|1|1|0|1|1|1|1|1|0|1|1,3,head_audio_pos_same_start_100hz
MC01,control,Session1,0165,data/processed/torgo_aai_features/MC01/Session1/0165.npz,295,12,1|1|1|1|1|1|1|1|1|1|1|1,,head_audio_pos_same_start_100hz
MC01,control,Session1,0166,data/processed/torgo_aai_features/MC01/Session1/0166.npz,275,12,1|1|1|1|1|1|1|1|1|1|1|1,,head_audio_pos_same_start_100hz
MC01,control,Session1,0167,data/processed/torgo_aai_features/MC01/Session1/0167.npz,486,12,1|1|1|1|1|1|1|1|1|1|1|1,,head_audio_pos_same_start_100hz
MC01,control,Session1,0168,data/processed/torgo_aai_features/MC01/Session1/0168.npz,295,12,1|1|1|1|1|1|1|1|1|1|1|1,,head_audio_pos_same_start_100hz
MC01,control,Session1,0169,data/processed/torgo_aai_features/MC01/Session1/0169.npz,278,10,1|1|0|1|1|1|1|1|0|1|1|1,7,head_audio_pos_same_start_100hz
MC01,control,Session1,0170,data/processed/torgo_aai_features/MC01/Session1/0170.npz,269,12,1|1|1|1|1|1|1|1|1|1|1|1,,head_audio_pos_same_start_100hz
MC01,control,Session1,0171,data/processed/torgo_aai_features/MC01/Session1/0171.npz,299,12,1|1|1|1|1|1|1|1|1|1|1|1,,head_audio_pos_same_start_100hz
MC01,control,Session1,0172,data/processed/torgo_aai_features/MC01/Session1/0172.npz,486,12,1|1|1|1|1|1|1|1|1|1|1|1,,head_audio_pos_same_start_100hz
MC01,control,Session1,0173,data/processed/torgo_aai_features/MC01/Session1/0173.npz,365,12,1|1|1|1|1|1|1|1|1|1|1|1,,head_audio_pos_same_start_100hz
MC01,control,Session1,0174,data/processed/torgo_aai_features/MC01/Session1/0174.npz,345,12,1|1|1|1|1|1|1|1|1|1|1|1,,head_audio_pos_same_start_100hz
MC01,control,Session1,0175,data/processed/torgo_aai_features/MC01/Session1/0175.npz,290,12,1|1|1|1|1|1|1|1|1|1|1|1,,head_audio_pos_same_start_100hz
MC01,control,Session1,0176,data/processed/torgo_aai_features/MC01/Session1/0176.npz,267,12,1|1|1|1|1|1|1|1|1|1|1|1,,head_audio_pos_same_start_100hz
MC01,control,Session1,0177,data/processed/torgo_aai_features/MC01/Session1/0177.npz,233,12,1|1|1|1|1|1|1|1|1|1|1|1,,head_audio_pos_same_start_100hz
MC01,control,Session1,0178,data/processed/torgo_aai_features/MC01/Session1/0178.npz,640,12,1|1|1|1|1|1|1|1|1|1|1|1,,head_audio_pos_same_start_100hz
MC01,control,Session1,0179,data/processed/torgo_aai_features/MC01/Session1/0179.npz,304,12,1|1|1|1|1|1|1|1|1|1|1|1,,head_audio_pos_same_start_100hz
MC01,control,Session1,0180,data/processed/torgo_aai_features/MC01/Session1/0180.npz,462,12,1|1|1|1|1|1|1|1|1|1|1|1,,head_audio_pos_same_start_100hz
MC01,control,Session1,0181,data/processed/torgo_aai_features/MC01/Session1/0181.npz,344,12,1|1|1|1|1|1|1|1|1|1|1|1,,head_audio_pos_same_start_100hz
MC01,control,Session1,0182,data/processed/torgo_aai_features/MC01/Session1/0182.npz,476,12,1|1|1|1|1|1|1|1|1|1|1|1,,head_audio_pos_same_start_100hz
MC01,control,Session1,0183,data/processed/torgo_aai_features/MC01/Session1/0183.npz,337,12,1|1|1|1|1|1|1|1|1|1|1|1,,head_audio_pos_same_start_100hz
MC01,control,Session1,0184,data/processed/torgo_aai_features/MC01/Session1/0184.npz,479,12,1|1|1|1|1|1|1|1|1|1|1|1,,head_audio_pos_same_start_100hz
MC01,control,Session1,0185,data/processed/torgo_aai_features/MC01/Session1/0185.npz,476,12,1|1|1|1|1|1|1|1|1|1|1|1,,head_audio_pos_same_start_100hz
MC01,control,Session1,0186,data/processed/torgo_aai_features/MC01/Session1/0186.npz,241,12,1|1|1|1|1|1|1|1|1|1|1|1,,head_audio_pos_same_start_100hz
MC01,control,Session1,0187,data/processed/torgo_aai_features/MC01/Session1/0187.npz,317,12,1|1|1|1|1|1|1|1|1|1|1|1,,head_audio_pos_same_start_100hz
MC01,control,Session1,0188,data/processed/torgo_aai_features/MC01/Session1/0188.npz,243,12,1|1|1|1|1|1|1|1|1|1|1|1,,head_audio_pos_same_start_100hz
MC01,control,Session1,0189,data/processed/torgo_aai_features/MC01/Session1/0189.npz,250,10,1|1|0|1|1|1|1|1|0|1|1|1,7,head_audio_pos_same_start_100hz
MC01,control,Session1,0190,data/processed/torgo_aai_features/MC01/Session1/0190.npz,274,10,1|1|1|0|1|1|1|1|1|0|1|1,3,head_audio_pos_same_start_100hz
MC01,control,Session1,0191,data/processed/torgo_aai_features/MC01/Session1/0191.npz,285,12,1|1|1|1|1|1|1|1|1|1|1|1,,head_audio_pos_same_start_100hz
MC01,control,Session1,0192,data/processed/torgo_aai_features/MC01/Session1/0192.npz,247,12,1|1|1|1|1|1|1|1|1|1|1|1,,head_audio_pos_same_start_100hz
MC01,control,Session1,0193,data/processed/torgo_aai_features/MC01/Session1/0193.npz,244,12,1|1|1|1|1|1|1|1|1|1|1|1,,head_audio_pos_same_start_100hz
MC01,control,Session1,0194,data/processed/torgo_aai_features/MC01/Session1/0194.npz,476,10,1|1|1|0|1|1|1|1|1|0|1|1,3,head_audio_pos_same_start_100hz
MC01,control,Session1,0195,data/processed/torgo_aai_features/MC01/Session1/0195.npz,267,12,1|1|1|1|1|1|1|1|1|1|1|1,,head_audio_pos_same_start_100hz
MC01,control,Session1,0196,data/processed/torgo_aai_features/MC01/Session1/0196.npz,272,12,1|1|1|1|1|1|1|1|1|1|1|1,,head_audio_pos_same_start_100hz
MC01,control,Session1,0197,data/processed/torgo_aai_features/MC01/Session1/0197.npz,240,12,1|1|1|1|1|1|1|1|1|1|1|1,,head_audio_pos_same_start_100hz
MC01,control,Session1,0198,data/processed/torgo_aai_features/MC01/Session1/0198.npz,237,12,1|1|1|1|1|1|1|1|1|1|1|1,,head_audio_pos_same_start_100hz
MC01,control,Session1,0199,data/processed/torgo_aai_features/MC01/Session1/0199.npz,273,12,1|1|1|1|1|1|1|1|1|1|1|1,,head_audio_pos_same_start_100hz
MC01,control,Session1,0200,data/processed/torgo_aai_features/MC01/Session1/0200.npz,284,12,1|1|1|1|1|1|1|1|1|1|1|1,,head_audio_pos_same_start_100hz
MC01,control,Session1,0201,data/processed/torgo_aai_features/MC01/Session1/0201.npz,259,12,1|1|1|1|1|1|1|1|1|1|1|1,,head_audio_pos_same_start_100hz
MC01,control,Session1,0202,data/processed/torgo_aai_features/MC01/Session1/0202.npz,274,12,1|1|1|1|1|1|1|1|1|1|1|1,,head_audio_pos_same_start_100hz
MC01,control,Session1,0203,data/processed/torgo_aai_features/MC01/Session1/0203.npz,252,12,1|1|1|1|1|1|1|1|1|1|1|1,,head_audio_pos_same_start_100hz
MC01,control,Session1,0204,data/processed/torgo_aai_features/MC01/Session1/0204.npz,285,12,1|1|1|1|1|1|1|1|1|1|1|1,,head_audio_pos_same_start_100hz
MC01,control,Session1,0205,data/processed/torgo_aai_features/MC01/Session1/0205.npz,418,12,1|1|1|1|1|1|1|1|1|1|1|1,,head_audio_pos_same_start_100hz
MC01,control,Session1,0206,data/processed/torgo_aai_features/MC01/Session1/0206.npz,308,12,1|1|1|1|1|1|1|1|1|1|1|1,,head_audio_pos_same_start_100hz
MC01,control,Session1,0207,data/processed/torgo_aai_features/MC01/Session1/0207.npz,296,10,1|1|1|0|1|1|1|1|1|0|1|1,3,head_audio_pos_same_start_100hz
MC01,control,Session1,0208,data/processed/torgo_aai_features/MC01/Session1/0208.npz,244,10,1|1|1|0|1|1|1|1|1|0|1|1,3,head_audio_pos_same_start_100hz
MC01,control,Session1,0209,data/processed/torgo_aai_features/MC01/Session1/0209.npz,288,12,1|1|1|1|1|1|1|1|1|1|1|1,,head_audio_pos_same_start_100hz
MC01,control,Session1,0210,data/processed/torgo_aai_features/MC01/Session1/0210.npz,290,10,1|1|1|1|1|0|1|1|1|1|1|0,1,head_audio_pos_same_start_100hz
MC01,control,Session1,0211,data/processed/torgo_aai_features/MC01/Session1/0211.npz,402,12,1|1|1|1|1|1|1|1|1|1|1|1,,head_audio_pos_same_start_100hz
MC01,control,Session1,0212,data/processed/torgo_aai_features/MC01/Session1/0212.npz,522,12,1|1|1|1|1|1|1|1|1|1|1|1,,head_audio_pos_same_start_100hz
MC01,control,Session1,0213,data/processed/torgo_aai_features/MC01/Session1/0213.npz,273,12,1|1|1|1|1|1|1|1|1|1|1|1,,head_audio_pos_same_start_100hz
MC01,control,Session1,0214,data/processed/torgo_aai_features/MC01/Session1/0214.npz,507,12,1|1|1|1|1|1|1|1|1|1|1|1,,head_audio_pos_same_start_100hz
MC01,control,Session1,0215,data/processed/torgo_aai_features/MC01/Session1/0215.npz,302,12,1|1|1|1|1|1|1|1|1|1|1|1,,head_audio_pos_same_start_100hz
MC01,control,Session1,0216,data/processed/torgo_aai_features/MC01/Session1/0216.npz,273,12,1|1|1|1|1|1|1|1|1|1|1|1,,head_audio_pos_same_start_100hz
MC01,control,Session1,0217,data/processed/torgo_aai_features/MC01/Session1/0217.npz,533,12,1|1|1|1|1|1|1|1|1|1|1|1,,head_audio_pos_same_start_100hz
MC01,control,Session1,0218,data/processed/torgo_aai_features/MC01/Session1/0218.npz,355,12,1|1|1|1|1|1|1|1|1|1|1|1,,head_audio_pos_same_start_100hz
MC01,control,Session1,0219,data/processed/torgo_aai_features/MC01/Session1/0219.npz,317,12,1|1|1|1|1|1|1|1|1|1|1|1,,head_audio_pos_same_start_100hz
MC01,control,Session1,0220,data/processed/torgo_aai_features/MC01/Session1/0220.npz,303,12,1|1|1|1|1|1|1|1|1|1|1|1,,head_audio_pos_same_start_100hz
MC01,control,Session1,0221,data/processed/torgo_aai_features/MC01/Session1/0221.npz,450,10,1|1|1|0|1|1|1|1|1|0|1|1,3,head_audio_pos_same_start_100hz
MC01,control,Session1,0222,data/processed/torgo_aai_features/MC01/Session1/0222.npz,268,12,1|1|1|1|1|1|1|1|1|1|1|1,,head_audio_pos_same_start_100hz
MC01,control,Session1,0223,data/processed/torgo_aai_features/MC01/Session1/0223.npz,437,12,1|1|1|1|1|1|1|1|1|1|1|1,,head_audio_pos_same_start_100hz
MC01,control,Session1,0224,data/processed/torgo_aai_features/MC01/Session1/0224.npz,449,12,1|1|1|1|1|1|1|1|1|1|1|1,,head_audio_pos_same_start_100hz
MC01,control,Session1,0225,data/processed/torgo_aai_features/MC01/Session1/0225.npz,261,12,1|1|1|1|1|1|1|1|1|1|1|1,,head_audio_pos_same_start_100hz
MC01,control,Session1,0226,data/processed/torgo_aai_features/MC01/Session1/0226.npz,264,12,1|1|1|1|1|1|1|1|1|1|1|1,,head_audio_pos_same_start_100hz
MC01,control,Session1,0227,data/processed/torgo_aai_features/MC01/Session1/0227.npz,495,12,1|1|1|1|1|1|1|1|1|1|1|1,,head_audio_pos_same_start_100hz
MC01,control,Session1,0228,data/processed/torgo_aai_features/MC01/Session1/0228.npz,413,10,1|1|1|0|1|1|1|1|1|0|1|1,3,head_audio_pos_same_start_100hz
MC01,control,Session1,0229,data/processed/torgo_aai_features/MC01/Session1/0229.npz,326,12,1|1|1|1|1|1|1|1|1|1|1|1,,head_audio_pos_same_start_100hz
MC01,control,Session1,0230,data/processed/torgo_aai_features/MC01/Session1/0230.npz,262,12,1|1|1|1|1|1|1|1|1|1|1|1,,head_audio_pos_same_start_100hz
MC01,control,Session1,0231,data/processed/torgo_aai_features/MC01/Session1/0231.npz,289,10,1|1|1|0|1|1|1|1|1|0|1|1,3,head_audio_pos_same_start_100hz
MC01,control,Session1,0232,data/processed/torgo_aai_features/MC01/Session1/0232.npz,288,12,1|1|1|1|1|1|1|1|1|1|1|1,,head_audio_pos_same_start_100hz
MC01,control,Session1,0233,data/processed/torgo_aai_features/MC01/Session1/0233.npz,289,12,1|1|1|1|1|1|1|1|1|1|1|1,,head_audio_pos_same_start_100hz
MC01,control,Session1,0234,data/processed/torgo_aai_features/MC01/Session1/0234.npz,292,12,1|1|1|1|1|1|1|1|1|1|1|1,,head_audio_pos_same_start_100hz
MC01,control,Session1,0235,data/processed/torgo_aai_features/MC01/Session1/0235.npz,481,12,1|1|1|1|1|1|1|1|1|1|1|1,,head_audio_pos_same_start_100hz
MC01,control,Session1,0236,data/processed/torgo_aai_features/MC01/Session1/0236.npz,292,12,1|1|1|1|1|1|1|1|1|1|1|1,,head_audio_pos_same_start_100hz
MC01,control,Session1,0237,data/processed/torgo_aai_features/MC01/Session1/0237.npz,285,12,1|1|1|1|1|1|1|1|1|1|1|1,,head_audio_pos_same_start_100hz
MC01,control,Session1,0238,data/processed/torgo_aai_features/MC01/Session1/0238.npz,298,12,1|1|1|1|1|1|1|1|1|1|1|1,,head_audio_pos_same_start_100hz
MC01,control,Session1,0239,data/processed/torgo_aai_features/MC01/Session1/0239.npz,321,12,1|1|1|1|1|1|1|1|1|1|1|1,,head_audio_pos_same_start_100hz
MC01,control,Session1,0240,data/processed/torgo_aai_features/MC01/Session1/0240.npz,214,12,1|1|1|1|1|1|1|1|1|1|1|1,,head_audio_pos_same_start_100hz
MC01,control,Session1,0241,data/processed/torgo_aai_features/MC01/Session1/0241.npz,297,12,1|1|1|1|1|1|1|1|1|1|1|1,,head_audio_pos_same_start_100hz
MC01,control,Session1,0242,data/processed/torgo_aai_features/MC01/Session1/0242.npz,304,12,1|1|1|1|1|1|1|1|1|1|1|1,,head_audio_pos_same_start_100hz
MC01,control,Session1,0243,data/processed/torgo_aai_features/MC01/Session1/0243.npz,525,10,1|1|1|0|1|1|1|1|1|0|1|1,3,head_audio_pos_same_start_100hz
MC01,control,Session1,0244,data/processed/torgo_aai_features/MC01/Session1/0244.npz,298,10,1|1|1|1|1|0|1|1|1|1|1|0,1,head_audio_pos_same_start_100hz
MC01,control,Session1,0245,data/processed/torgo_aai_features/MC01/Session1/0245.npz,597,10,1|1|1|0|1|1|1|1|1|0|1|1,3,head_audio_pos_same_start_100hz
MC01,control,Session1,0246,data/processed/torgo_aai_features/MC01/Session1/0246.npz,273,12,1|1|1|1|1|1|1|1|1|1|1|1,,head_audio_pos_same_start_100hz
MC01,control,Session1,0247,data/processed/torgo_aai_features/MC01/Session1/0247.npz,297,12,1|1|1|1|1|1|1|1|1|1|1|1,,head_audio_pos_same_start_100hz
MC01,control,Session1,0248,data/processed/torgo_aai_features/MC01/Session1/0248.npz,283,12,1|1|1|1|1|1|1|1|1|1|1|1,,head_audio_pos_same_start_100hz
MC01,control,Session1,0249,data/processed/torgo_aai_features/MC01/Session1/0249.npz,279,12,1|1|1|1|1|1|1|1|1|1|1|1,,head_audio_pos_same_start_100hz
MC01,control,Session1,0250,data/processed/torgo_aai_features/MC01/Session1/0250.npz,318,12,1|1|1|1|1|1|1|1|1|1|1|1,,head_audio_pos_same_start_100hz
MC01,control,Session1,0251,data/processed/torgo_aai_features/MC01/Session1/0251.npz,301,12,1|1|1|1|1|1|1|1|1|1|1|1,9,head_audio_pos_same_start_100hz
MC01,control,Session1,0252,data/processed/torgo_aai_features/MC01/Session1/0252.npz,272,12,1|1|1|1|1|1|1|1|1|1|1|1,,head_audio_pos_same_start_100hz
MC01,control,Session1,0253,data/processed/torgo_aai_features/MC01/Session1/0253.npz,371,12,1|1|1|1|1|1|1|1|1|1|1|1,,head_audio_pos_same_start_100hz
MC01,control,Session1,0254,data/processed/torgo_aai_features/MC01/Session1/0254.npz,271,12,1|1|1|1|1|1|1|1|1|1|1|1,,head_audio_pos_same_start_100hz
MC01,control,Session1,0255,data/processed/torgo_aai_features/MC01/Session1/0255.npz,275,12,1|1|1|1|1|1|1|1|1|1|1|1,,head_audio_pos_same_start_100hz
MC01,control,Session1,0256,data/processed/torgo_aai_features/MC01/Session1/0256.npz,513,10,1|1|1|0|1|1|1|1|1|0|1|1,3,head_audio_pos_same_start_100hz
MC01,control,Session1,0257,data/processed/torgo_aai_features/MC01/Session1/0257.npz,263,12,1|1|1|1|1|1|1|1|1|1|1|1,,head_audio_pos_same_start_100hz
MC01,control,Session1,0258,data/processed/torgo_aai_features/MC01/Session1/0258.npz,250,12,1|1|1|1|1|1|1|1|1|1|1|1,,head_audio_pos_same_start_100hz
MC01,control,Session1,0259,data/processed/torgo_aai_features/MC01/Session1/0259.npz,409,12,1|1|1|1|1|1|1|1|1|1|1|1,,head_audio_pos_same_start_100hz
MC01,control,Session1,0260,data/processed/torgo_aai_features/MC01/Session1/0260.npz,419,12,1|1|1|1|1|1|1|1|1|1|1|1,,head_audio_pos_same_start_100hz
MC01,control,Session1,0261,data/processed/torgo_aai_features/MC01/Session1/0261.npz,405,12,1|1|1|1|1|1|1|1|1|1|1|1,,head_audio_pos_same_start_100hz
MC01,control,Session1,0262,data/processed/torgo_aai_features/MC01/Session1/0262.npz,298,12,1|1|1|1|1|1|1|1|1|1|1|1,,head_audio_pos_same_start_100hz
MC01,control,Session1,0263,data/processed/torgo_aai_features/MC01/Session1/0263.npz,523,12,1|1|1|1|1|1|1|1|1|1|1|1,,head_audio_pos_same_start_100hz
MC01,control,Session1,0264,data/processed/torgo_aai_features/MC01/Session1/0264.npz,316,10,1|1|1|0|1|1|1|1|1|0|1|1,3,head_audio_pos_same_start_100hz
MC01,control,Session1,0265,data/processed/torgo_aai_features/MC01/Session1/0265.npz,263,12,1|1|1|1|1|1|1|1|1|1|1|1,,head_audio_pos_same_start_100hz
MC01,control,Session1,0266,data/processed/torgo_aai_features/MC01/Session1/0266.npz,258,12,1|1|1|1|1|1|1|1|1|1|1|1,,head_audio_pos_same_start_100hz
MC01,control,Session1,0267,data/processed/torgo_aai_features/MC01/Session1/0267.npz,260,12,1|1|1|1|1|1|1|1|1|1|1|1,,head_audio_pos_same_start_100hz
MC01,control,Session1,0268,data/processed/torgo_aai_features/MC01/Session1/0268.npz,287,12,1|1|1|1|1|1|1|1|1|1|1|1,,head_audio_pos_same_start_100hz
MC01,control,Session1,0269,data/processed/torgo_aai_features/MC01/Session1/0269.npz,282,12,1|1|1|1|1|1|1|1|1|1|1|1,,head_audio_pos_same_start_100hz
MC01,control,Session1,0270,data/processed/torgo_aai_features/MC01/Session1/0270.npz,452,12,1|1|1|1|1|1|1|1|1|1|1|1,,head_audio_pos_same_start_100hz
MC01,control,Session1,0271,data/processed/torgo_aai_features/MC01/Session1/0271.npz,261,12,1|1|1|1|1|1|1|1|1|1|1|1,,head_audio_pos_same_start_100hz
MC01,control,Session1,0272,data/processed/torgo_aai_features/MC01/Session1/0272.npz,262,12,1|1|1|1|1|1|1|1|1|1|1|1,,head_audio_pos_same_start_100hz
MC01,control,Session1,0273,data/processed/torgo_aai_features/MC01/Session1/0273.npz,286,12,1|1|1|1|1|1|1|1|1|1|1|1,,head_audio_pos_same_start_100hz
MC01,control,Session1,0274,data/processed/torgo_aai_features/MC01/Session1/0274.npz,561,10,1|1|1|0|1|1|1|1|1|0|1|1,3,head_audio_pos_same_start_100hz
MC01,control,Session1,0275,data/processed/torgo_aai_features/MC01/Session1/0275.npz,311,12,1|1|1|1|1|1|1|1|1|1|1|1,,head_audio_pos_same_start_100hz
MC01,control,Session1,0276,data/processed/torgo_aai_features/MC01/Session1/0276.npz,256,12,1|1|1|1|1|1|1|1|1|1|1|1,,head_audio_pos_same_start_100hz
MC01,control,Session1,0277,data/processed/torgo_aai_features/MC01/Session1/0277.npz,257,12,1|1|1|1|1|1|1|1|1|1|1|1,,head_audio_pos_same_start_100hz
MC01,control,Session1,0278,data/processed/torgo_aai_features/MC01/Session1/0278.npz,334,10,1|1|1|0|1|1|1|1|1|0|1|1,3,head_audio_pos_same_start_100hz
MC01,control,Session1,0279,data/processed/torgo_aai_features/MC01/Session1/0279.npz,561,12,1|1|1|1|1|1|1|1|1|1|1|1,,head_audio_pos_same_start_100hz
MC01,control,Session1,0280,data/processed/torgo_aai_features/MC01/Session1/0280.npz,232,10,1|1|1|0|1|1|1|1|1|0|1|1,3|9,head_audio_pos_same_start_100hz
MC01,control,Session1,0281,data/processed/torgo_aai_features/MC01/Session1/0281.npz,258,12,1|1|1|1|1|1|1|1|1|1|1|1,,head_audio_pos_same_start_100hz
MC01,control,Session1,0282,data/processed/torgo_aai_features/MC01/Session1/0282.npz,312,12,1|1|1|1|1|1|1|1|1|1|1|1,,head_audio_pos_same_start_100hz
MC01,control,Session1,0283,data/processed/torgo_aai_features/MC01/Session1/0283.npz,265,12,1|1|1|1|1|1|1|1|1|1|1|1,,head_audio_pos_same_start_100hz
MC01,control,Session1,0284,data/processed/torgo_aai_features/MC01/Session1/0284.npz,270,12,1|1|1|1|1|1|1|1|1|1|1|1,,head_audio_pos_same_start_100hz
MC01,control,Session1,0285,data/processed/torgo_aai_features/MC01/Session1/0285.npz,262,10,1|1|1|0|1|1|1|1|1|0|1|1,3,head_audio_pos_same_start_100hz
MC01,control,Session1,0286,data/processed/torgo_aai_features/MC01/Session1/0286.npz,277,12,1|1|1|1|1|1|1|1|1|1|1|1,,head_audio_pos_same_start_100hz
MC01,control,Session1,0287,data/processed/torgo_aai_features/MC01/Session1/0287.npz,610,12,1|1|1|1|1|1|1|1|1|1|1|1,,head_audio_pos_same_start_100hz
MC01,control,Session1,0288,data/processed/torgo_aai_features/MC01/Session1/0288.npz,438,12,1|1|1|1|1|1|1|1|1|1|1|1,,head_audio_pos_same_start_100hz
MC01,control,Session1,0289,data/processed/torgo_aai_features/MC01/Session1/0289.npz,843,10,1|1|1|0|1|1|1|1|1|0|1|1,3,head_audio_pos_same_start_100hz
MC01,control,Session1,0290,data/processed/torgo_aai_features/MC01/Session1/0290.npz,392,12,1|1|1|1|1|1|1|1|1|1|1|1,,head_audio_pos_same_start_100hz
MC01,control,Session1,0291,data/processed/torgo_aai_features/MC01/Session1/0291.npz,328,10,1|1|1|0|1|1|1|1|1|0|1|1,3,head_audio_pos_same_start_100hz
MC01,control,Session1,0292,data/processed/torgo_aai_features/MC01/Session1/0292.npz,441,12,1|1|1|1|1|1|1|1|1|1|1|1,,head_audio_pos_same_start_100hz
MC01,control,Session1,0293,data/processed/torgo_aai_features/MC01/Session1/0293.npz,279,12,1|1|1|1|1|1|1|1|1|1|1|1,,head_audio_pos_same_start_100hz
MC01,control,Session1,0294,data/processed/torgo_aai_features/MC01/Session1/0294.npz,256,10,1|1|1|0|1|1|1|1|1|0|1|1,3,head_audio_pos_same_start_100hz
MC01,control,Session1,0295,data/processed/torgo_aai_features/MC01/Session1/0295.npz,284,12,1|1|1|1|1|1|1|1|1|1|1|1,9,head_audio_pos_same_start_100hz
MC01,control,Session1,0296,data/processed/torgo_aai_features/MC01/Session1/0296.npz,449,12,1|1|1|1|1|1|1|1|1|1|1|1,9,head_audio_pos_same_start_100hz
MC01,control,Session1,0297,data/processed/torgo_aai_features/MC01/Session1/0297.npz,285,12,1|1|1|1|1|1|1|1|1|1|1|1,9,head_audio_pos_same_start_100hz
MC01,control,Session1,0298,data/processed/torgo_aai_features/MC01/Session1/0298.npz,280,10,1|1|1|0|1|1|1|1|1|0|1|1,3,head_audio_pos_same_start_100hz
MC01,control,Session1,0299,data/processed/torgo_aai_features/MC01/Session1/0299.npz,307,12,1|1|1|1|1|1|1|1|1|1|1|1,,head_audio_pos_same_start_100hz
MC01,control,Session1,0300,data/processed/torgo_aai_features/MC01/Session1/0300.npz,447,10,1|1|1|0|1|1|1|1|1|0|1|1,3|9,head_audio_pos_same_start_100hz
MC01,control,Session1,0301,data/processed/torgo_aai_features/MC01/Session1/0301.npz,254,12,1|1|1|1|1|1|1|1|1|1|1|1,9,head_audio_pos_same_start_100hz
MC01,control,Session1,0302,data/processed/torgo_aai_features/MC01/Session1/0302.npz,284,12,1|1|1|1|1|1|1|1|1|1|1|1,,head_audio_pos_same_start_100hz
MC01,control,Session1,0303,data/processed/torgo_aai_features/MC01/Session1/0303.npz,272,12,1|1|1|1|1|1|1|1|1|1|1|1,,head_audio_pos_same_start_100hz
MC01,control,Session1,0304,data/processed/torgo_aai_features/MC01/Session1/0304.npz,275,12,1|1|1|1|1|1|1|1|1|1|1|1,,head_audio_pos_same_start_100hz
MC01,control,Session1,0305,data/processed/torgo_aai_features/MC01/Session1/0305.npz,250,12,1|1|1|1|1|1|1|1|1|1|1|1,,head_audio_pos_same_start_100hz
MC01,control,Session1,0306,data/processed/torgo_aai_features/MC01/Session1/0306.npz,312,12,1|1|1|1|1|1|1|1|1|1|1|1,,head_audio_pos_same_start_100hz
MC01,control,Session1,0307,data/processed/torgo_aai_features/MC01/Session1/0307.npz,314,12,1|1|1|1|1|1|1|1|1|1|1|1,,head_audio_pos_same_start_100hz
MC01,control,Session1,0308,data/processed/torgo_aai_features/MC01/Session1/0308.npz,325,12,1|1|1|1|1|1|1|1|1|1|1|1,,head_audio_pos_same_start_100hz
MC01,control,Session1,0309,data/processed/torgo_aai_features/MC01/Session1/0309.npz,513,12,1|1|1|1|1|1|1|1|1|1|1|1,,head_audio_pos_same_start_100hz
MC01,control,Session1,0310,data/processed/torgo_aai_features/MC01/Session1/0310.npz,265,12,1|1|1|1|1|1|1|1|1|1|1|1,,head_audio_pos_same_start_100hz
MC01,control,Session1,0311,data/processed/torgo_aai_features/MC01/Session1/0311.npz,269,12,1|1|1|1|1|1|1|1|1|1|1|1,,head_audio_pos_same_start_100hz
MC01,control,Session1,0312,data/processed/torgo_aai_features/MC01/Session1/0312.npz,801,10,1|1|1|0|1|1|1|1|1|0|1|1,3,head_audio_pos_same_start_100hz
MC01,control,Session1,0313,data/processed/torgo_aai_features/MC01/Session1/0313.npz,276,12,1|1|1|1|1|1|1|1|1|1|1|1,,head_audio_pos_same_start_100hz
MC01,control,Session3,0001,data/processed/torgo_aai_features/MC01/Session3/0001.npz,314,12,1|1|1|1|1|1|1|1|1|1|1|1,,head_audio_pos_same_start_100hz
MC01,control,Session3,0002,data/processed/torgo_aai_features/MC01/Session3/0002.npz,268,12,1|1|1|1|1|1|1|1|1|1|1|1,,head_audio_pos_same_start_100hz
MC01,control,Session3,0003,data/processed/torgo_aai_features/MC01/Session3/0003.npz,413,12,1|1|1|1|1|1|1|1|1|1|1|1,,head_audio_pos_same_start_100hz
MC01,control,Session3,0004,data/processed/torgo_aai_features/MC01/Session3/0004.npz,498,12,1|1|1|1|1|1|1|1|1|1|1|1,,head_audio_pos_same_start_100hz
MC01,control,Session3,0005,data/processed/torgo_aai_features/MC01/Session3/0005.npz,258,12,1|1|1|1|1|1|1|1|1|1|1|1,,head_audio_pos_same_start_100hz
MC01,control,Session3,0006,data/processed/torgo_aai_features/MC01/Session3/0006.npz,457,12,1|1|1|1|1|1|1|1|1|1|1|1,,head_audio_pos_same_start_100hz
MC01,control,Session3,0007,data/processed/torgo_aai_features/MC01/Session3/0007.npz,273,12,1|1|1|1|1|1|1|1|1|1|1|1,,head_audio_pos_same_start_100hz
MC01,control,Session3,0008,data/processed/torgo_aai_features/MC01/Session3/0008.npz,284,12,1|1|1|1|1|1|1|1|1|1|1|1,,head_audio_pos_same_start_100hz
MC01,control,Session3,0009,data/processed/torgo_aai_features/MC01/Session3/0009.npz,296,12,1|1|1|1|1|1|1|1|1|1|1|1,,head_audio_pos_same_start_100hz
MC01,control,Session3,0010,data/processed/torgo_aai_features/MC01/Session3/0010.npz,262,12,1|1|1|1|1|1|1|1|1|1|1|1,,head_audio_pos_same_start_100hz
MC01,control,Session3,0011,data/processed/torgo_aai_features/MC01/Session3/0011.npz,278,12,1|1|1|1|1|1|1|1|1|1|1|1,,head_audio_pos_same_start_100hz
MC01,control,Session3,0012,data/processed/torgo_aai_features/MC01/Session3/0012.npz,255,12,1|1|1|1|1|1|1|1|1|1|1|1,,head_audio_pos_same_start_100hz
MC01,control,Session3,0013,data/processed/torgo_aai_features/MC01/Session3/0013.npz,286,12,1|1|1|1|1|1|1|1|1|1|1|1,,head_audio_pos_same_start_100hz
MC01,control,Session3,0014,data/processed/torgo_aai_features/MC01/Session3/0014.npz,404,12,1|1|1|1|1|1|1|1|1|1|1|1,,head_audio_pos_same_start_100hz
MC01,control,Session3,0015,data/processed/torgo_aai_features/MC01/Session3/0015.npz,272,12,1|1|1|1|1|1|1|1|1|1|1|1,,head_audio_pos_same_start_100hz
MC01,control,Session3,0016,data/processed/torgo_aai_features/MC01/Session3/0016.npz,404,12,1|1|1|1|1|1|1|1|1|1|1|1,,head_audio_pos_same_start_100hz
MC01,control,Session3,0017,data/processed/torgo_aai_features/MC01/Session3/0017.npz,218,12,1|1|1|1|1|1|1|1|1|1|1|1,,head_audio_pos_same_start_100hz
MC01,control,Session3,0018,data/processed/torgo_aai_features/MC01/Session3/0018.npz,711,12,1|1|1|1|1|1|1|1|1|1|1|1,,head_audio_pos_same_start_100hz
MC01,control,Session3,0019,data/processed/torgo_aai_features/MC01/Session3/0019.npz,708,12,1|1|1|1|1|1|1|1|1|1|1|1,,head_audio_pos_same_start_100hz
MC01,control,Session3,0020,data/processed/torgo_aai_features/MC01/Session3/0020.npz,345,12,1|1|1|1|1|1|1|1|1|1|1|1,,head_audio_pos_same_start_100hz
MC01,control,Session3,0021,data/processed/torgo_aai_features/MC01/Session3/0021.npz,287,12,1|1|1|1|1|1|1|1|1|1|1|1,,head_audio_pos_same_start_100hz
MC01,control,Session3,0022,data/processed/torgo_aai_features/MC01/Session3/0022.npz,451,12,1|1|1|1|1|1|1|1|1|1|1|1,4,head_audio_pos_same_start_100hz
MC01,control,Session3,0023,data/processed/torgo_aai_features/MC01/Session3/0023.npz,594,12,1|1|1|1|1|1|1|1|1|1|1|1,,head_audio_pos_same_start_100hz
MC01,control,Session3,0024,data/processed/torgo_aai_features/MC01/Session3/0024.npz,267,12,1|1|1|1|1|1|1|1|1|1|1|1,,head_audio_pos_same_start_100hz
MC01,control,Session3,0025,data/processed/torgo_aai_features/MC01/Session3/0025.npz,246,12,1|1|1|1|1|1|1|1|1|1|1|1,,head_audio_pos_same_start_100hz
MC01,control,Session3,0026,data/processed/torgo_aai_features/MC01/Session3/0026.npz,254,12,1|1|1|1|1|1|1|1|1|1|1|1,,head_audio_pos_same_start_100hz
MC01,control,Session3,0027,data/processed/torgo_aai_features/MC01/Session3/0027.npz,253,12,1|1|1|1|1|1|1|1|1|1|1|1,,head_audio_pos_same_start_100hz
MC01,control,Session3,0028,data/processed/torgo_aai_features/MC01/Session3/0028.npz,255,12,1|1|1|1|1|1|1|1|1|1|1|1,,head_audio_pos_same_start_100hz
MC01,control,Session3,0029,data/processed/torgo_aai_features/MC01/Session3/0029.npz,248,12,1|1|1|1|1|1|1|1|1|1|1|1,,head_audio_pos_same_start_100hz
MC01,control,Session3,0030,data/processed/torgo_aai_features/MC01/Session3/0030.npz,304,12,1|1|1|1|1|1|1|1|1|1|1|1,,head_audio_pos_same_start_100hz
MC01,control,Session3,0031,data/processed/torgo_aai_features/MC01/Session3/0031.npz,297,12,1|1|1|1|1|1|1|1|1|1|1|1,,head_audio_pos_same_start_100hz
MC01,control,Session3,0032,data/processed/torgo_aai_features/MC01/Session3/0032.npz,243,12,1|1|1|1|1|1|1|1|1|1|1|1,,head_audio_pos_same_start_100hz
MC01,control,Session3,0033,data/processed/torgo_aai_features/MC01/Session3/0033.npz,270,12,1|1|1|1|1|1|1|1|1|1|1|1,,head_audio_pos_same_start_100hz
MC01,control,Session3,0034,data/processed/torgo_aai_features/MC01/Session3/0034.npz,365,12,1|1|1|1|1|1|1|1|1|1|1|1,,head_audio_pos_same_start_100hz
MC01,control,Session3,0035,data/processed/torgo_aai_features/MC01/Session3/0035.npz,271,12,1|1|1|1|1|1|1|1|1|1|1|1,,head_audio_pos_same_start_100hz
MC01,control,Session3,0036,data/processed/torgo_aai_features/MC01/Session3/0036.npz,378,12,1|1|1|1|1|1|1|1|1|1|1|1,,head_audio_pos_same_start_100hz
MC01,control,Session3,0037,data/processed/torgo_aai_features/MC01/Session3/0037.npz,260,12,1|1|1|1|1|1|1|1|1|1|1|1,,head_audio_pos_same_start_100hz
MC01,control,Session3,0038,data/processed/torgo_aai_features/MC01/Session3/0038.npz,256,12,1|1|1|1|1|1|1|1|1|1|1|1,,head_audio_pos_same_start_100hz
MC01,control,Session3,0039,data/processed/torgo_aai_features/MC01/Session3/0039.npz,279,12,1|1|1|1|1|1|1|1|1|1|1|1,,head_audio_pos_same_start_100hz
MC01,control,Session3,0040,data/processed/torgo_aai_features/MC01/Session3/0040.npz,284,12,1|1|1|1|1|1|1|1|1|1|1|1,,head_audio_pos_same_start_100hz
MC01,control,Session3,0041,data/processed/torgo_aai_features/MC01/Session3/0041.npz,322,12,1|1|1|1|1|1|1|1|1|1|1|1,,head_audio_pos_same_start_100hz
MC01,control,Session3,0042,data/processed/torgo_aai_features/MC01/Session3/0042.npz,344,12,1|1|1|1|1|1|1|1|1|1|1|1,,head_audio_pos_same_start_100hz
MC01,control,Session3,0043,data/processed/torgo_aai_features/MC01/Session3/0043.npz,298,12,1|1|1|1|1|1|1|1|1|1|1|1,,head_audio_pos_same_start_100hz
MC01,control,Session3,0044,data/processed/torgo_aai_features/MC01/Session3/0044.npz,265,12,1|1|1|1|1|1|1|1|1|1|1|1,,head_audio_pos_same_start_100hz
MC01,control,Session3,0045,data/processed/torgo_aai_features/MC01/Session3/0045.npz,404,12,1|1|1|1|1|1|1|1|1|1|1|1,,head_audio_pos_same_start_100hz
MC01,control,Session3,0046,data/processed/torgo_aai_features/MC01/Session3/0046.npz,315,12,1|1|1|1|1|1|1|1|1|1|1|1,,head_audio_pos_same_start_100hz
MC01,control,Session3,0047,data/processed/torgo_aai_features/MC01/Session3/0047.npz,246,12,1|1|1|1|1|1|1|1|1|1|1|1,,head_audio_pos_same_start_100hz
MC01,control,Session3,0048,data/processed/torgo_aai_features/MC01/Session3/0048.npz,335,12,1|1|1|1|1|1|1|1|1|1|1|1,,head_audio_pos_same_start_100hz
MC01,control,Session3,0049,data/processed/torgo_aai_features/MC01/Session3/0049.npz,424,12,1|1|1|1|1|1|1|1|1|1|1|1,,head_audio_pos_same_start_100hz
MC01,control,Session3,0050,data/processed/torgo_aai_features/MC01/Session3/0050.npz,221,12,1|1|1|1|1|1|1|1|1|1|1|1,,head_audio_pos_same_start_100hz
MC01,control,Session3,0051,data/processed/torgo_aai_features/MC01/Session3/0051.npz,240,12,1|1|1|1|1|1|1|1|1|1|1|1,,head_audio_pos_same_start_100hz
MC01,control,Session3,0052,data/processed/torgo_aai_features/MC01/Session3/0052.npz,258,12,1|1|1|1|1|1|1|1|1|1|1|1,,head_audio_pos_same_start_100hz
MC01,control,Session3,0053,data/processed/torgo_aai_features/MC01/Session3/0053.npz,238,12,1|1|1|1|1|1|1|1|1|1|1|1,,head_audio_pos_same_start_100hz
MC01,control,Session3,0054,data/processed/torgo_aai_features/MC01/Session3/0054.npz,255,12,1|1|1|1|1|1|1|1|1|1|1|1,,head_audio_pos_same_start_100hz
MC01,control,Session3,0055,data/processed/torgo_aai_features/MC01/Session3/0055.npz,381,12,1|1|1|1|1|1|1|1|1|1|1|1,,head_audio_pos_same_start_100hz
MC01,control,Session3,0056,data/processed/torgo_aai_features/MC01/Session3/0056.npz,270,12,1|1|1|1|1|1|1|1|1|1|1|1,,head_audio_pos_same_start_100hz
MC01,control,Session3,0057,data/processed/torgo_aai_features/MC01/Session3/0057.npz,254,12,1|1|1|1|1|1|1|1|1|1|1|1,,head_audio_pos_same_start_100hz
MC01,control,Session3,0058,data/processed/torgo_aai_features/MC01/Session3/0058.npz,231,12,1|1|1|1|1|1|1|1|1|1|1|1,,head_audio_pos_same_start_100hz
MC01,control,Session3,0059,data/processed/torgo_aai_features/MC01/Session3/0059.npz,231,12,1|1|1|1|1|1|1|1|1|1|1|1,,head_audio_pos_same_start_100hz
MC01,control,Session3,0060,data/processed/torgo_aai_features/MC01/Session3/0060.npz,259,12,1|1|1|1|1|1|1|1|1|1|1|1,,head_audio_pos_same_start_100hz
MC01,control,Session3,0061,data/processed/torgo_aai_features/MC01/Session3/0061.npz,212,12,1|1|1|1|1|1|1|1|1|1|1|1,,head_audio_pos_same_start_100hz
MC01,control,Session3,0062,data/processed/torgo_aai_features/MC01/Session3/0062.npz,247,12,1|1|1|1|1|1|1|1|1|1|1|1,,head_audio_pos_same_start_100hz
MC01,control,Session3,0063,data/processed/torgo_aai_features/MC01/Session3/0063.npz,244,12,1|1|1|1|1|1|1|1|1|1|1|1,,head_audio_pos_same_start_100hz
MC01,control,Session3,0064,data/processed/torgo_aai_features/MC01/Session3/0064.npz,251,12,1|1|1|1|1|1|1|1|1|1|1|1,,head_audio_pos_same_start_100hz
MC01,control,Session3,0065,data/processed/torgo_aai_features/MC01/Session3/0065.npz,249,12,1|1|1|1|1|1|1|1|1|1|1|1,,head_audio_pos_same_start_100hz
MC01,control,Session3,0066,data/processed/torgo_aai_features/MC01/Session3/0066.npz,566,12,1|1|1|1|1|1|1|1|1|1|1|1,,head_audio_pos_same_start_100hz
MC01,control,Session3,0067,data/processed/torgo_aai_features/MC01/Session3/0067.npz,213,12,1|1|1|1|1|1|1|1|1|1|1|1,,head_audio_pos_same_start_100hz
MC01,control,Session3,0068,data/processed/torgo_aai_features/MC01/Session3/0068.npz,227,12,1|1|1|1|1|1|1|1|1|1|1|1,,head_audio_pos_same_start_100hz
MC01,control,Session3,0069,data/processed/torgo_aai_features/MC01/Session3/0069.npz,470,12,1|1|1|1|1|1|1|1|1|1|1|1,,head_audio_pos_same_start_100hz
MC01,control,Session3,0070,data/processed/torgo_aai_features/MC01/Session3/0070.npz,391,12,1|1|1|1|1|1|1|1|1|1|1|1,,head_audio_pos_same_start_100hz
MC01,control,Session3,0071,data/processed/torgo_aai_features/MC01/Session3/0071.npz,254,12,1|1|1|1|1|1|1|1|1|1|1|1,,head_audio_pos_same_start_100hz
MC01,control,Session3,0072,data/processed/torgo_aai_features/MC01/Session3/0072.npz,680,12,1|1|1|1|1|1|1|1|1|1|1|1,,head_audio_pos_same_start_100hz
MC01,control,Session3,0073,data/processed/torgo_aai_features/MC01/Session3/0073.npz,267,12,1|1|1|1|1|1|1|1|1|1|1|1,,head_audio_pos_same_start_100hz
MC01,control,Session3,0074,data/processed/torgo_aai_features/MC01/Session3/0074.npz,268,10,1|1|1|1|0|1|1|1|1|1|0|1,2,head_audio_pos_same_start_100hz
MC01,control,Session3,0075,data/processed/torgo_aai_features/MC01/Session3/0075.npz,229,12,1|1|1|1|1|1|1|1|1|1|1|1,,head_audio_pos_same_start_100hz
MC01,control,Session3,0076,data/processed/torgo_aai_features/MC01/Session3/0076.npz,253,12,1|1|1|1|1|1|1|1|1|1|1|1,,head_audio_pos_same_start_100hz
MC01,control,Session3,0077,data/processed/torgo_aai_features/MC01/Session3/0077.npz,219,12,1|1|1|1|1|1|1|1|1|1|1|1,,head_audio_pos_same_start_100hz
MC01,control,Session3,0078,data/processed/torgo_aai_features/MC01/Session3/0078.npz,230,12,1|1|1|1|1|1|1|1|1|1|1|1,,head_audio_pos_same_start_100hz
MC01,control,Session3,0079,data/processed/torgo_aai_features/MC01/Session3/0079.npz,274,12,1|1|1|1|1|1|1|1|1|1|1|1,,head_audio_pos_same_start_100hz
MC01,control,Session3,0080,data/processed/torgo_aai_features/MC01/Session3/0080.npz,328,12,1|1|1|1|1|1|1|1|1|1|1|1,,head_audio_pos_same_start_100hz
MC01,control,Session3,0081,data/processed/torgo_aai_features/MC01/Session3/0081.npz,575,12,1|1|1|1|1|1|1|1|1|1|1|1,,head_audio_pos_same_start_100hz
MC01,control,Session3,0082,data/processed/torgo_aai_features/MC01/Session3/0082.npz,769,12,1|1|1|1|1|1|1|1|1|1|1|1,,head_audio_pos_same_start_100hz
MC01,control,Session3,0083,data/processed/torgo_aai_features/MC01/Session3/0083.npz,728,12,1|1|1|1|1|1|1|1|1|1|1|1,,head_audio_pos_same_start_100hz
MC01,control,Session3,0084,data/processed/torgo_aai_features/MC01/Session3/0084.npz,605,12,1|1|1|1|1|1|1|1|1|1|1|1,,head_audio_pos_same_start_100hz
MC01,control,Session3,0085,data/processed/torgo_aai_features/MC01/Session3/0085.npz,295,12,1|1|1|1|1|1|1|1|1|1|1|1,,head_audio_pos_same_start_100hz
MC01,control,Session3,0086,data/processed/torgo_aai_features/MC01/Session3/0086.npz,258,12,1|1|1|1|1|1|1|1|1|1|1|1,,head_audio_pos_same_start_100hz
MC01,control,Session3,0087,data/processed/torgo_aai_features/MC01/Session3/0087.npz,206,12,1|1|1|1|1|1|1|1|1|1|1|1,,head_audio_pos_same_start_100hz
MC01,control,Session3,0088,data/processed/torgo_aai_features/MC01/Session3/0088.npz,258,12,1|1|1|1|1|1|1|1|1|1|1|1,,head_audio_pos_same_start_100hz
MC01,control,Session3,0089,data/processed/torgo_aai_features/MC01/Session3/0089.npz,262,12,1|1|1|1|1|1|1|1|1|1|1|1,4,head_audio_pos_same_start_100hz
MC01,control,Session3,0090,data/processed/torgo_aai_features/MC01/Session3/0090.npz,374,12,1|1|1|1|1|1|1|1|1|1|1|1,,head_audio_pos_same_start_100hz
MC01,control,Session3,0091,data/processed/torgo_aai_features/MC01/Session3/0091.npz,385,12,1|1|1|1|1|1|1|1|1|1|1|1,,head_audio_pos_same_start_100hz
MC01,control,Session3,0092,data/processed/torgo_aai_features/MC01/Session3/0092.npz,472,12,1|1|1|1|1|1|1|1|1|1|1|1,,head_audio_pos_same_start_100hz
MC01,control,Session3,0093,data/processed/torgo_aai_features/MC01/Session3/0093.npz,447,12,1|1|1|1|1|1|1|1|1|1|1|1,,head_audio_pos_same_start_100hz
MC01,control,Session3,0094,data/processed/torgo_aai_features/MC01/Session3/0094.npz,237,12,1|1|1|1|1|1|1|1|1|1|1|1,,head_audio_pos_same_start_100hz
MC01,control,Session3,0095,data/processed/torgo_aai_features/MC01/Session3/0095.npz,427,12,1|1|1|1|1|1|1|1|1|1|1|1,4,head_audio_pos_same_start_100hz
MC01,control,Session3,0096,data/processed/torgo_aai_features/MC01/Session3/0096.npz,229,12,1|1|1|1|1|1|1|1|1|1|1|1,4,head_audio_pos_same_start_100hz
MC01,control,Session3,0097,data/processed/torgo_aai_features/MC01/Session3/0097.npz,399,12,1|1|1|1|1|1|1|1|1|1|1|1,,head_audio_pos_same_start_100hz
MC01,control,Session3,0098,data/processed/torgo_aai_features/MC01/Session3/0098.npz,250,12,1|1|1|1|1|1|1|1|1|1|1|1,,head_audio_pos_same_start_100hz
MC01,control,Session3,0099,data/processed/torgo_aai_features/MC01/Session3/0099.npz,265,12,1|1|1|1|1|1|1|1|1|1|1|1,,head_audio_pos_same_start_100hz
MC01,control,Session3,0100,data/processed/torgo_aai_features/MC01/Session3/0100.npz,254,12,1|1|1|1|1|1|1|1|1|1|1|1,,head_audio_pos_same_start_100hz
MC01,control,Session3,0101,data/processed/torgo_aai_features/MC01/Session3/0101.npz,760,12,1|1|1|1|1|1|1|1|1|1|1|1,,head_audio_pos_same_start_100hz
MC01,control,Session3,0102,data/processed/torgo_aai_features/MC01/Session3/0102.npz,314,12,1|1|1|1|1|1|1|1|1|1|1|1,,head_audio_pos_same_start_100hz
MC01,control,Session3,0103,data/processed/torgo_aai_features/MC01/Session3/0103.npz,220,12,1|1|1|1|1|1|1|1|1|1|1|1,,head_audio_pos_same_start_100hz
MC01,control,Session3,0104,data/processed/torgo_aai_features/MC01/Session3/0104.npz,235,12,1|1|1|1|1|1|1|1|1|1|1|1,,head_audio_pos_same_start_100hz
MC01,control,Session3,0105,data/processed/torgo_aai_features/MC01/Session3/0105.npz,217,12,1|1|1|1|1|1|1|1|1|1|1|1,,head_audio_pos_same_start_100hz
MC01,control,Session3,0106,data/processed/torgo_aai_features/MC01/Session3/0106.npz,726,12,1|1|1|1|1|1|1|1|1|1|1|1,,head_audio_pos_same_start_100hz
MC01,control,Session3,0107,data/processed/torgo_aai_features/MC01/Session3/0107.npz,254,12,1|1|1|1|1|1|1|1|1|1|1|1,,head_audio_pos_same_start_100hz
MC01,control,Session3,0108,data/processed/torgo_aai_features/MC01/Session3/0108.npz,350,12,1|1|1|1|1|1|1|1|1|1|1|1,,head_audio_pos_same_start_100hz
MC01,control,Session3,0109,data/processed/torgo_aai_features/MC01/Session3/0109.npz,520,12,1|1|1|1|1|1|1|1|1|1|1|1,,head_audio_pos_same_start_100hz
MC01,control,Session3,0110,data/processed/torgo_aai_features/MC01/Session3/0110.npz,242,12,1|1|1|1|1|1|1|1|1|1|1|1,,head_audio_pos_same_start_100hz
MC01,control,Session3,0111,data/processed/torgo_aai_features/MC01/Session3/0111.npz,401,12,1|1|1|1|1|1|1|1|1|1|1|1,,head_audio_pos_same_start_100hz
MC01,control,Session3,0112,data/processed/torgo_aai_features/MC01/Session3/0112.npz,236,12,1|1|1|1|1|1|1|1|1|1|1|1,,head_audio_pos_same_start_100hz
MC01,control,Session3,0113,data/processed/torgo_aai_features/MC01/Session3/0113.npz,301,12,1|1|1|1|1|1|1|1|1|1|1|1,,head_audio_pos_same_start_100hz
MC01,control,Session3,0114,data/processed/torgo_aai_features/MC01/Session3/0114.npz,228,12,1|1|1|1|1|1|1|1|1|1|1|1,,head_audio_pos_same_start_100hz
MC01,control,Session3,0115,data/processed/torgo_aai_features/MC01/Session3/0115.npz,224,12,1|1|1|1|1|1|1|1|1|1|1|1,,head_audio_pos_same_start_100hz
MC01,control,Session3,0116,data/processed/torgo_aai_features/MC01/Session3/0116.npz,266,12,1|1|1|1|1|1|1|1|1|1|1|1,,head_audio_pos_same_start_100hz
MC01,control,Session3,0117,data/processed/torgo_aai_features/MC01/Session3/0117.npz,247,12,1|1|1|1|1|1|1|1|1|1|1|1,,head_audio_pos_same_start_100hz
MC01,control,Session3,0118,data/processed/torgo_aai_features/MC01/Session3/0118.npz,298,12,1|1|1|1|1|1|1|1|1|1|1|1,,head_audio_pos_same_start_100hz
MC01,control,Session3,0119,data/processed/torgo_aai_features/MC01/Session3/0119.npz,260,12,1|1|1|1|1|1|1|1|1|1|1|1,,head_audio_pos_same_start_100hz
MC01,control,Session3,0120,data/processed/torgo_aai_features/MC01/Session3/0120.npz,266,12,1|1|1|1|1|1|1|1|1|1|1|1,,head_audio_pos_same_start_100hz
MC01,control,Session3,0121,data/processed/torgo_aai_features/MC01/Session3/0121.npz,243,12,1|1|1|1|1|1|1|1|1|1|1|1,,head_audio_pos_same_start_100hz
MC01,control,Session3,0122,data/processed/torgo_aai_features/MC01/Session3/0122.npz,236,12,1|1|1|1|1|1|1|1|1|1|1|1,,head_audio_pos_same_start_100hz
MC01,control,Session3,0123,data/processed/torgo_aai_features/MC01/Session3/0123.npz,218,12,1|1|1|1|1|1|1|1|1|1|1|1,,head_audio_pos_same_start_100hz
MC01,control,Session3,0124,data/processed/torgo_aai_features/MC01/Session3/0124.npz,227,12,1|1|1|1|1|1|1|1|1|1|1|1,,head_audio_pos_same_start_100hz
MC01,control,Session3,0125,data/processed/torgo_aai_features/MC01/Session3/0125.npz,204,12,1|1|1|1|1|1|1|1|1|1|1|1,,head_audio_pos_same_start_100hz
MC01,control,Session3,0126,data/processed/torgo_aai_features/MC01/Session3/0126.npz,260,12,1|1|1|1|1|1|1|1|1|1|1|1,,head_audio_pos_same_start_100hz
MC01,control,Session3,0127,data/processed/torgo_aai_features/MC01/Session3/0127.npz,349,12,1|1|1|1|1|1|1|1|1|1|1|1,,head_audio_pos_same_start_100hz
MC01,control,Session3,0128,data/processed/torgo_aai_features/MC01/Session3/0128.npz,404,10,1|1|1|1|1|0|1|1|1|1|1|0,1,head_audio_pos_same_start_100hz
MC01,control,Session3,0129,data/processed/torgo_aai_features/MC01/Session3/0129.npz,412,12,1|1|1|1|1|1|1|1|1|1|1|1,,head_audio_pos_same_start_100hz
MC01,control,Session3,0130,data/processed/torgo_aai_features/MC01/Session3/0130.npz,222,10,1|1|1|1|1|0|1|1|1|1|1|0,1,head_audio_pos_same_start_100hz
MC01,control,Session3,0131,data/processed/torgo_aai_features/MC01/Session3/0131.npz,269,10,1|1|1|1|1|0|1|1|1|1|1|0,1,head_audio_pos_same_start_100hz
MC01,control,Session3,0132,data/processed/torgo_aai_features/MC01/Session3/0132.npz,380,8,1|1|1|1|0|0|1|1|1|1|0|0,1|2,head_audio_pos_same_start_100hz
MC01,control,Session3,0133,data/processed/torgo_aai_features/MC01/Session3/0133.npz,282,12,1|1|1|1|1|1|1|1|1|1|1|1,,head_audio_pos_same_start_100hz
MC01,control,Session3,0134,data/processed/torgo_aai_features/MC01/Session3/0134.npz,259,12,1|1|1|1|1|1|1|1|1|1|1|1,,head_audio_pos_same_start_100hz
MC01,control,Session3,0135,data/processed/torgo_aai_features/MC01/Session3/0135.npz,301,12,1|1|1|1|1|1|1|1|1|1|1|1,,head_audio_pos_same_start_100hz
MC01,control,Session3,0136,data/processed/torgo_aai_features/MC01/Session3/0136.npz,268,12,1|1|1|1|1|1|1|1|1|1|1|1,,head_audio_pos_same_start_100hz
MC01,control,Session3,0137,data/processed/torgo_aai_features/MC01/Session3/0137.npz,369,12,1|1|1|1|1|1|1|1|1|1|1|1,,head_audio_pos_same_start_100hz
MC01,control,Session3,0138,data/processed/torgo_aai_features/MC01/Session3/0138.npz,302,12,1|1|1|1|1|1|1|1|1|1|1|1,,head_audio_pos_same_start_100hz
MC01,control,Session3,0139,data/processed/torgo_aai_features/MC01/Session3/0139.npz,242,12,1|1|1|1|1|1|1|1|1|1|1|1,,head_audio_pos_same_start_100hz
MC01,control,Session3,0140,data/processed/torgo_aai_features/MC01/Session3/0140.npz,221,12,1|1|1|1|1|1|1|1|1|1|1|1,,head_audio_pos_same_start_100hz
MC01,control,Session3,0141,data/processed/torgo_aai_features/MC01/Session3/0141.npz,293,12,1|1|1|1|1|1|1|1|1|1|1|1,,head_audio_pos_same_start_100hz
MC01,control,Session3,0142,data/processed/torgo_aai_features/MC01/Session3/0142.npz,235,12,1|1|1|1|1|1|1|1|1|1|1|1,,head_audio_pos_same_start_100hz
MC01,control,Session3,0143,data/processed/torgo_aai_features/MC01/Session3/0143.npz,241,12,1|1|1|1|1|1|1|1|1|1|1|1,,head_audio_pos_same_start_100hz
MC01,control,Session3,0144,data/processed/torgo_aai_features/MC01/Session3/0144.npz,218,12,1|1|1|1|1|1|1|1|1|1|1|1,,head_audio_pos_same_start_100hz
MC01,control,Session3,0145,data/processed/torgo_aai_features/MC01/Session3/0145.npz,251,12,1|1|1|1|1|1|1|1|1|1|1|1,,head_audio_pos_same_start_100hz
MC01,control,Session3,0146,data/processed/torgo_aai_features/MC01/Session3/0146.npz,243,12,1|1|1|1|1|1|1|1|1|1|1|1,,head_audio_pos_same_start_100hz
MC01,control,Session3,0147,data/processed/torgo_aai_features/MC01/Session3/0147.npz,420,12,1|1|1|1|1|1|1|1|1|1|1|1,,head_audio_pos_same_start_100hz
MC01,control,Session3,0148,data/processed/torgo_aai_features/MC01/Session3/0148.npz,447,12,1|1|1|1|1|1|1|1|1|1|1|1,,head_audio_pos_same_start_100hz
MC01,control,Session3,0149,data/processed/torgo_aai_features/MC01/Session3/0149.npz,251,12,1|1|1|1|1|1|1|1|1|1|1|1,,head_audio_pos_same_start_100hz
MC01,control,Session3,0150,data/processed/torgo_aai_features/MC01/Session3/0150.npz,286,12,1|1|1|1|1|1|1|1|1|1|1|1,,head_audio_pos_same_start_100hz
MC01,control,Session3,0151,data/processed/torgo_aai_features/MC01/Session3/0151.npz,263,12,1|1|1|1|1|1|1|1|1|1|1|1,,head_audio_pos_same_start_100hz
MC01,control,Session3,0152,data/processed/torgo_aai_features/MC01/Session3/0152.npz,488,12,1|1|1|1|1|1|1|1|1|1|1|1,,head_audio_pos_same_start_100hz
MC01,control,Session3,0153,data/processed/torgo_aai_features/MC01/Session3/0153.npz,248,12,1|1|1|1|1|1|1|1|1|1|1|1,,head_audio_pos_same_start_100hz
MC01,control,Session3,0154,data/processed/torgo_aai_features/MC01/Session3/0154.npz,267,12,1|1|1|1|1|1|1|1|1|1|1|1,,head_audio_pos_same_start_100hz
MC01,control,Session3,0155,data/processed/torgo_aai_features/MC01/Session3/0155.npz,253,12,1|1|1|1|1|1|1|1|1|1|1|1,,head_audio_pos_same_start_100hz
MC01,control,Session3,0156,data/processed/torgo_aai_features/MC01/Session3/0156.npz,488,12,1|1|1|1|1|1|1|1|1|1|1|1,,head_audio_pos_same_start_100hz
MC01,control,Session3,0157,data/processed/torgo_aai_features/MC01/Session3/0157.npz,289,12,1|1|1|1|1|1|1|1|1|1|1|1,,head_audio_pos_same_start_100hz
MC01,control,Session3,0158,data/processed/torgo_aai_features/MC01/Session3/0158.npz,245,12,1|1|1|1|1|1|1|1|1|1|1|1,,head_audio_pos_same_start_100hz
MC01,control,Session3,0159,data/processed/torgo_aai_features/MC01/Session3/0159.npz,279,12,1|1|1|1|1|1|1|1|1|1|1|1,,head_audio_pos_same_start_100hz
MC01,control,Session3,0160,data/processed/torgo_aai_features/MC01/Session3/0160.npz,268,12,1|1|1|1|1|1|1|1|1|1|1|1,,head_audio_pos_same_start_100hz
MC01,control,Session3,0161,data/processed/torgo_aai_features/MC01/Session3/0161.npz,267,12,1|1|1|1|1|1|1|1|1|1|1|1,,head_audio_pos_same_start_100hz
MC01,control,Session3,0162,data/processed/torgo_aai_features/MC01/Session3/0162.npz,247,12,1|1|1|1|1|1|1|1|1|1|1|1,,head_audio_pos_same_start_100hz
MC01,control,Session3,0163,data/processed/torgo_aai_features/MC01/Session3/0163.npz,369,12,1|1|1|1|1|1|1|1|1|1|1|1,,head_audio_pos_same_start_100hz
MC01,control,Session3,0164,data/processed/torgo_aai_features/MC01/Session3/0164.npz,209,12,1|1|1|1|1|1|1|1|1|1|1|1,,head_audio_pos_same_start_100hz
MC01,control,Session3,0165,data/processed/torgo_aai_features/MC01/Session3/0165.npz,458,12,1|1|1|1|1|1|1|1|1|1|1|1,,head_audio_pos_same_start_100hz
MC01,control,Session3,0166,data/processed/torgo_aai_features/MC01/Session3/0166.npz,557,12,1|1|1|1|1|1|1|1|1|1|1|1,,head_audio_pos_same_start_100hz
MC01,control,Session3,0167,data/processed/torgo_aai_features/MC01/Session3/0167.npz,211,12,1|1|1|1|1|1|1|1|1|1|1|1,,head_audio_pos_same_start_100hz
MC01,control,Session3,0168,data/processed/torgo_aai_features/MC01/Session3/0168.npz,242,12,1|1|1|1|1|1|1|1|1|1|1|1,,head_audio_pos_same_start_100hz
MC01,control,Session3,0169,data/processed/torgo_aai_features/MC01/Session3/0169.npz,442,12,1|1|1|1|1|1|1|1|1|1|1|1,,head_audio_pos_same_start_100hz
MC01,control,Session3,0170,data/processed/torgo_aai_features/MC01/Session3/0170.npz,585,12,1|1|1|1|1|1|1|1|1|1|1|1,,head_audio_pos_same_start_100hz
MC01,control,Session3,0171,data/processed/torgo_aai_features/MC01/Session3/0171.npz,306,12,1|1|1|1|1|1|1|1|1|1|1|1,4,head_audio_pos_same_start_100hz
MC01,control,Session3,0172,data/processed/torgo_aai_features/MC01/Session3/0172.npz,313,12,1|1|1|1|1|1|1|1|1|1|1|1,4,head_audio_pos_same_start_100hz
MC01,control,Session3,0173,data/processed/torgo_aai_features/MC01/Session3/0173.npz,304,12,1|1|1|1|1|1|1|1|1|1|1|1,,head_audio_pos_same_start_100hz
MC01,control,Session3,0174,data/processed/torgo_aai_features/MC01/Session3/0174.npz,265,12,1|1|1|1|1|1|1|1|1|1|1|1,,head_audio_pos_same_start_100hz
MC01,control,Session3,0200,data/processed/torgo_aai_features/MC01/Session3/0200.npz,211,12,1|1|1|1|1|1|1|1|1|1|1|1,,head_audio_pos_same_start_100hz
MC01,control,Session3,0206,data/processed/torgo_aai_features/MC01/Session3/0206.npz,236,12,1|1|1|1|1|1|1|1|1|1|1|1,,head_audio_pos_same_start_100hz
MC01,control,Session3,0262,data/processed/torgo_aai_features/MC01/Session3/0262.npz,228,12,1|1|1|1|1|1|1|1|1|1|1|1,,head_audio_pos_same_start_100hz
MC01,control,Session3,0325,data/processed/torgo_aai_features/MC01/Session3/0325.npz,208,12,1|1|1|1|1|1|1|1|1|1|1|1,,head_audio_pos_same_start_100hz
MC01,control,Session3,0363,data/processed/torgo_aai_features/MC01/Session3/0363.npz,227,12,1|1|1|1|1|1|1|1|1|1|1|1,,head_audio_pos_same_start_100hz
MC01,control,Session3,0369,data/processed/torgo_aai_features/MC01/Session3/0369.npz,217,12,1|1|1|1|1|1|1|1|1|1|1|1,,head_audio_pos_same_start_100hz
MC01,control,Session3,0375,data/processed/torgo_aai_features/MC01/Session3/0375.npz,215,12,1|1|1|1|1|1|1|1|1|1|1|1,,head_audio_pos_same_start_100hz
MC01,control,Session3,0377,data/processed/torgo_aai_features/MC01/Session3/0377.npz,215,12,1|1|1|1|1|1|1|1|1|1|1|1,,head_audio_pos_same_start_100hz
MC01,control,Session3,0411,data/processed/torgo_aai_features/MC01/Session3/0411.npz,206,12,1|1|1|1|1|1|1|1|1|1|1|1,,head_audio_pos_same_start_100hz
MC02,control,Session1,0001,data/processed/torgo_aai_features/MC02/Session1/0001.npz,1012,12,1|1|1|1|1|1|1|1|1|1|1|1,,head_audio_pos_same_start_100hz
MC02,control,Session1,0002,data/processed/torgo_aai_features/MC02/Session1/0002.npz,872,12,1|1|1|1|1|1|1|1|1|1|1|1,,head_audio_pos_same_start_100hz
MC02,control,Session1,0003,data/processed/torgo_aai_features/MC02/Session1/0003.npz,511,12,1|1|1|1|1|1|1|1|1|1|1|1,,head_audio_pos_same_start_100hz
MC02,control,Session1,0004,data/processed/torgo_aai_features/MC02/Session1/0004.npz,1568,12,1|1|1|1|1|1|1|1|1|1|1|1,,head_audio_pos_same_start_100hz
MC02,control,Session1,0005,data/processed/torgo_aai_features/MC02/Session1/0005.npz,723,0,0|0|0|0|0|0|0|0|0|0|0|0,1|2|3|4|5|6|7|8|9|10|11|12,head_audio_pos_same_start_100hz
MC02,control,Session1,0006,data/processed/torgo_aai_features/MC02/Session1/0006.npz,473,0,0|0|0|0|0|0|0|0|0|0|0|0,1|2|3|4|5|6|7|8|9|10|11|12,head_audio_pos_same_start_100hz
MC02,control,Session1,0007,data/processed/torgo_aai_features/MC02/Session1/0007.npz,232,12,1|1|1|1|1|1|1|1|1|1|1|1,,head_audio_pos_same_start_100hz
MC02,control,Session1,0008,data/processed/torgo_aai_features/MC02/Session1/0008.npz,1279,12,1|1|1|1|1|1|1|1|1|1|1|1,,head_audio_pos_same_start_100hz
MC02,control,Session1,0009,data/processed/torgo_aai_features/MC02/Session1/0009.npz,220,12,1|1|1|1|1|1|1|1|1|1|1|1,,head_audio_pos_same_start_100hz
MC02,control,Session1,0010,data/processed/torgo_aai_features/MC02/Session1/0010.npz,255,12,1|1|1|1|1|1|1|1|1|1|1|1,,head_audio_pos_same_start_100hz
MC02,control,Session1,0011,data/processed/torgo_aai_features/MC02/Session1/0011.npz,235,12,1|1|1|1|1|1|1|1|1|1|1|1,,head_audio_pos_same_start_100hz
MC02,control,Session1,0012,data/processed/torgo_aai_features/MC02/Session1/0012.npz,258,12,1|1|1|1|1|1|1|1|1|1|1|1,,head_audio_pos_same_start_100hz
MC02,control,Session1,0013,data/processed/torgo_aai_features/MC02/Session1/0013.npz,272,12,1|1|1|1|1|1|1|1|1|1|1|1,,head_audio_pos_same_start_100hz
MC02,control,Session1,0014,data/processed/torgo_aai_features/MC02/Session1/0014.npz,306,12,1|1|1|1|1|1|1|1|1|1|1|1,,head_audio_pos_same_start_100hz
MC02,control,Session1,0015,data/processed/torgo_aai_features/MC02/Session1/0015.npz,265,12,1|1|1|1|1|1|1|1|1|1|1|1,,head_audio_pos_same_start_100hz
MC02,control,Session1,0016,data/processed/torgo_aai_features/MC02/Session1/0016.npz,250,12,1|1|1|1|1|1|1|1|1|1|1|1,,head_audio_pos_same_start_100hz
MC02,control,Session1,0017,data/processed/torgo_aai_features/MC02/Session1/0017.npz,255,12,1|1|1|1|1|1|1|1|1|1|1|1,,head_audio_pos_same_start_100hz
MC02,control,Session1,0018,data/processed/torgo_aai_features/MC02/Session1/0018.npz,483,12,1|1|1|1|1|1|1|1|1|1|1|1,,head_audio_pos_same_start_100hz
MC02,control,Session1,0019,data/processed/torgo_aai_features/MC02/Session1/0019.npz,238,12,1|1|1|1|1|1|1|1|1|1|1|1,,head_audio_pos_same_start_100hz
MC02,control,Session1,0020,data/processed/torgo_aai_features/MC02/Session1/0020.npz,247,12,1|1|1|1|1|1|1|1|1|1|1|1,,head_audio_pos_same_start_100hz
MC02,control,Session1,0021,data/processed/torgo_aai_features/MC02/Session1/0021.npz,233,12,1|1|1|1|1|1|1|1|1|1|1|1,,head_audio_pos_same_start_100hz
MC02,control,Session1,0022,data/processed/torgo_aai_features/MC02/Session1/0022.npz,477,12,1|1|1|1|1|1|1|1|1|1|1|1,,head_audio_pos_same_start_100hz
MC02,control,Session1,0023,data/processed/torgo_aai_features/MC02/Session1/0023.npz,242,12,1|1|1|1|1|1|1|1|1|1|1|1,,head_audio_pos_same_start_100hz
MC02,control,Session1,0024,data/processed/torgo_aai_features/MC02/Session1/0024.npz,256,12,1|1|1|1|1|1|1|1|1|1|1|1,,head_audio_pos_same_start_100hz
MC02,control,Session1,0025,data/processed/torgo_aai_features/MC02/Session1/0025.npz,273,12,1|1|1|1|1|1|1|1|1|1|1|1,,head_audio_pos_same_start_100hz
MC02,control,Session1,0026,data/processed/torgo_aai_features/MC02/Session1/0026.npz,240,12,1|1|1|1|1|1|1|1|1|1|1|1,,head_audio_pos_same_start_100hz
MC02,control,Session1,0027,data/processed/torgo_aai_features/MC02/Session1/0027.npz,265,12,1|1|1|1|1|1|1|1|1|1|1|1,,head_audio_pos_same_start_100hz
MC02,control,Session1,0028,data/processed/torgo_aai_features/MC02/Session1/0028.npz,292,12,1|1|1|1|1|1|1|1|1|1|1|1,,head_audio_pos_same_start_100hz
MC02,control,Session1,0029,data/processed/torgo_aai_features/MC02/Session1/0029.npz,277,12,1|1|1|1|1|1|1|1|1|1|1|1,,head_audio_pos_same_start_100hz
MC02,control,Session1,0030,data/processed/torgo_aai_features/MC02/Session1/0030.npz,457,12,1|1|1|1|1|1|1|1|1|1|1|1,,head_audio_pos_same_start_100hz
MC02,control,Session1,0031,data/processed/torgo_aai_features/MC02/Session1/0031.npz,585,12,1|1|1|1|1|1|1|1|1|1|1|1,,head_audio_pos_same_start_100hz
MC02,control,Session1,0032,data/processed/torgo_aai_features/MC02/Session1/0032.npz,442,12,1|1|1|1|1|1|1|1|1|1|1|1,,head_audio_pos_same_start_100hz
MC02,control,Session1,0033,data/processed/torgo_aai_features/MC02/Session1/0033.npz,213,12,1|1|1|1|1|1|1|1|1|1|1|1,,head_audio_pos_same_start_100hz
MC02,control,Session1,0034,data/processed/torgo_aai_features/MC02/Session1/0034.npz,256,12,1|1|1|1|1|1|1|1|1|1|1|1,,head_audio_pos_same_start_100hz
MC02,control,Session1,0035,data/processed/torgo_aai_features/MC02/Session1/0035.npz,227,12,1|1|1|1|1|1|1|1|1|1|1|1,,head_audio_pos_same_start_100hz
MC02,control,Session1,0036,data/processed/torgo_aai_features/MC02/Session1/0036.npz,240,12,1|1|1|1|1|1|1|1|1|1|1|1,,head_audio_pos_same_start_100hz
MC02,control,Session1,0037,data/processed/torgo_aai_features/MC02/Session1/0037.npz,218,12,1|1|1|1|1|1|1|1|1|1|1|1,,head_audio_pos_same_start_100hz
MC02,control,Session1,0038,data/processed/torgo_aai_features/MC02/Session1/0038.npz,230,12,1|1|1|1|1|1|1|1|1|1|1|1,,head_audio_pos_same_start_100hz
MC02,control,Session1,0039,data/processed/torgo_aai_features/MC02/Session1/0039.npz,239,12,1|1|1|1|1|1|1|1|1|1|1|1,,head_audio_pos_same_start_100hz
MC02,control,Session1,0040,data/processed/torgo_aai_features/MC02/Session1/0040.npz,632,12,1|1|1|1|1|1|1|1|1|1|1|1,,head_audio_pos_same_start_100hz
MC02,control,Session1,0041,data/processed/torgo_aai_features/MC02/Session1/0041.npz,234,12,1|1|1|1|1|1|1|1|1|1|1|1,,head_audio_pos_same_start_100hz
MC02,control,Session1,0042,data/processed/torgo_aai_features/MC02/Session1/0042.npz,230,12,1|1|1|1|1|1|1|1|1|1|1|1,,head_audio_pos_same_start_100hz
MC02,control,Session1,0043,data/processed/torgo_aai_features/MC02/Session1/0043.npz,239,12,1|1|1|1|1|1|1|1|1|1|1|1,,head_audio_pos_same_start_100hz
MC02,control,Session1,0044,data/processed/torgo_aai_features/MC02/Session1/0044.npz,269,12,1|1|1|1|1|1|1|1|1|1|1|1,,head_audio_pos_same_start_100hz
MC02,control,Session1,0045,data/processed/torgo_aai_features/MC02/Session1/0045.npz,600,12,1|1|1|1|1|1|1|1|1|1|1|1,,head_audio_pos_same_start_100hz
MC02,control,Session1,0046,data/processed/torgo_aai_features/MC02/Session1/0046.npz,539,12,1|1|1|1|1|1|1|1|1|1|1|1,,head_audio_pos_same_start_100hz
MC02,control,Session1,0047,data/processed/torgo_aai_features/MC02/Session1/0047.npz,247,12,1|1|1|1|1|1|1|1|1|1|1|1,,head_audio_pos_same_start_100hz
MC02,control,Session1,0048,data/processed/torgo_aai_features/MC02/Session1/0048.npz,308,12,1|1|1|1|1|1|1|1|1|1|1|1,,head_audio_pos_same_start_100hz
MC02,control,Session1,0049,data/processed/torgo_aai_features/MC02/Session1/0049.npz,271,12,1|1|1|1|1|1|1|1|1|1|1|1,,head_audio_pos_same_start_100hz
MC02,control,Session1,0050,data/processed/torgo_aai_features/MC02/Session1/0050.npz,254,12,1|1|1|1|1|1|1|1|1|1|1|1,,head_audio_pos_same_start_100hz
MC02,control,Session1,0051,data/processed/torgo_aai_features/MC02/Session1/0051.npz,304,12,1|1|1|1|1|1|1|1|1|1|1|1,,head_audio_pos_same_start_100hz
MC02,control,Session1,0052,data/processed/torgo_aai_features/MC02/Session1/0052.npz,721,12,1|1|1|1|1|1|1|1|1|1|1|1,,head_audio_pos_same_start_100hz
MC02,control,Session1,0053,data/processed/torgo_aai_features/MC02/Session1/0053.npz,511,12,1|1|1|1|1|1|1|1|1|1|1|1,,head_audio_pos_same_start_100hz
MC02,control,Session1,0054,data/processed/torgo_aai_features/MC02/Session1/0054.npz,269,12,1|1|1|1|1|1|1|1|1|1|1|1,,head_audio_pos_same_start_100hz
MC02,control,Session1,0055,data/processed/torgo_aai_features/MC02/Session1/0055.npz,256,12,1|1|1|1|1|1|1|1|1|1|1|1,,head_audio_pos_same_start_100hz
MC02,control,Session1,0056,data/processed/torgo_aai_features/MC02/Session1/0056.npz,260,12,1|1|1|1|1|1|1|1|1|1|1|1,,head_audio_pos_same_start_100hz
MC02,control,Session1,0057,data/processed/torgo_aai_features/MC02/Session1/0057.npz,302,12,1|1|1|1|1|1|1|1|1|1|1|1,,head_audio_pos_same_start_100hz
MC02,control,Session1,0058,data/processed/torgo_aai_features/MC02/Session1/0058.npz,209,12,1|1|1|1|1|1|1|1|1|1|1|1,,head_audio_pos_same_start_100hz
MC02,control,Session1,0059,data/processed/torgo_aai_features/MC02/Session1/0059.npz,285,12,1|1|1|1|1|1|1|1|1|1|1|1,,head_audio_pos_same_start_100hz
MC02,control,Session1,0060,data/processed/torgo_aai_features/MC02/Session1/0060.npz,296,12,1|1|1|1|1|1|1|1|1|1|1|1,,head_audio_pos_same_start_100hz
MC02,control,Session1,0061,data/processed/torgo_aai_features/MC02/Session1/0061.npz,253,12,1|1|1|1|1|1|1|1|1|1|1|1,,head_audio_pos_same_start_100hz
MC02,control,Session1,0062,data/processed/torgo_aai_features/MC02/Session1/0062.npz,447,12,1|1|1|1|1|1|1|1|1|1|1|1,,head_audio_pos_same_start_100hz
MC02,control,Session1,0063,data/processed/torgo_aai_features/MC02/Session1/0063.npz,268,12,1|1|1|1|1|1|1|1|1|1|1|1,,head_audio_pos_same_start_100hz
MC02,control,Session1,0064,data/processed/torgo_aai_features/MC02/Session1/0064.npz,261,12,1|1|1|1|1|1|1|1|1|1|1|1,,head_audio_pos_same_start_100hz
MC02,control,Session1,0065,data/processed/torgo_aai_features/MC02/Session1/0065.npz,235,12,1|1|1|1|1|1|1|1|1|1|1|1,,head_audio_pos_same_start_100hz
MC02,control,Session1,0066,data/processed/torgo_aai_features/MC02/Session1/0066.npz,273,12,1|1|1|1|1|1|1|1|1|1|1|1,,head_audio_pos_same_start_100hz
MC02,control,Session1,0067,data/processed/torgo_aai_features/MC02/Session1/0067.npz,680,12,1|1|1|1|1|1|1|1|1|1|1|1,,head_audio_pos_same_start_100hz
MC02,control,Session1,0068,data/processed/torgo_aai_features/MC02/Session1/0068.npz,527,12,1|1|1|1|1|1|1|1|1|1|1|1,,head_audio_pos_same_start_100hz
MC02,control,Session1,0069,data/processed/torgo_aai_features/MC02/Session1/0069.npz,281,12,1|1|1|1|1|1|1|1|1|1|1|1,,head_audio_pos_same_start_100hz
MC02,control,Session1,0070,data/processed/torgo_aai_features/MC02/Session1/0070.npz,264,12,1|1|1|1|1|1|1|1|1|1|1|1,,head_audio_pos_same_start_100hz
MC02,control,Session1,0071,data/processed/torgo_aai_features/MC02/Session1/0071.npz,392,12,1|1|1|1|1|1|1|1|1|1|1|1,,head_audio_pos_same_start_100hz
MC02,control,Session1,0072,data/processed/torgo_aai_features/MC02/Session1/0072.npz,268,12,1|1|1|1|1|1|1|1|1|1|1|1,,head_audio_pos_same_start_100hz
MC02,control,Session1,0073,data/processed/torgo_aai_features/MC02/Session1/0073.npz,272,12,1|1|1|1|1|1|1|1|1|1|1|1,,head_audio_pos_same_start_100hz
MC02,control,Session1,0074,data/processed/torgo_aai_features/MC02/Session1/0074.npz,536,12,1|1|1|1|1|1|1|1|1|1|1|1,,head_audio_pos_same_start_100hz
MC02,control,Session1,0075,data/processed/torgo_aai_features/MC02/Session1/0075.npz,259,12,1|1|1|1|1|1|1|1|1|1|1|1,,head_audio_pos_same_start_100hz
MC02,control,Session1,0076,data/processed/torgo_aai_features/MC02/Session1/0076.npz,284,12,1|1|1|1|1|1|1|1|1|1|1|1,,head_audio_pos_same_start_100hz
MC02,control,Session1,0077,data/processed/torgo_aai_features/MC02/Session1/0077.npz,279,12,1|1|1|1|1|1|1|1|1|1|1|1,,head_audio_pos_same_start_100hz
MC02,control,Session1,0078,data/processed/torgo_aai_features/MC02/Session1/0078.npz,490,12,1|1|1|1|1|1|1|1|1|1|1|1,,head_audio_pos_same_start_100hz
MC02,control,Session1,0079,data/processed/torgo_aai_features/MC02/Session1/0079.npz,326,12,1|1|1|1|1|1|1|1|1|1|1|1,,head_audio_pos_same_start_100hz
MC02,control,Session1,0080,data/processed/torgo_aai_features/MC02/Session1/0080.npz,290,12,1|1|1|1|1|1|1|1|1|1|1|1,,head_audio_pos_same_start_100hz
MC02,control,Session1,0081,data/processed/torgo_aai_features/MC02/Session1/0081.npz,258,12,1|1|1|1|1|1|1|1|1|1|1|1,,head_audio_pos_same_start_100hz
MC02,control,Session1,0082,data/processed/torgo_aai_features/MC02/Session1/0082.npz,412,12,1|1|1|1|1|1|1|1|1|1|1|1,,head_audio_pos_same_start_100hz
MC02,control,Session1,0083,data/processed/torgo_aai_features/MC02/Session1/0083.npz,291,12,1|1|1|1|1|1|1|1|1|1|1|1,,head_audio_pos_same_start_100hz
MC02,control,Session1,0084,data/processed/torgo_aai_features/MC02/Session1/0084.npz,288,12,1|1|1|1|1|1|1|1|1|1|1|1,,head_audio_pos_same_start_100hz
MC02,control,Session1,0085,data/processed/torgo_aai_features/MC02/Session1/0085.npz,287,12,1|1|1|1|1|1|1|1|1|1|1|1,,head_audio_pos_same_start_100hz
MC02,control,Session1,0086,data/processed/torgo_aai_features/MC02/Session1/0086.npz,275,12,1|1|1|1|1|1|1|1|1|1|1|1,,head_audio_pos_same_start_100hz
MC02,control,Session1,0087,data/processed/torgo_aai_features/MC02/Session1/0087.npz,625,12,1|1|1|1|1|1|1|1|1|1|1|1,,head_audio_pos_same_start_100hz
MC02,control,Session1,0088,data/processed/torgo_aai_features/MC02/Session1/0088.npz,429,12,1|1|1|1|1|1|1|1|1|1|1|1,,head_audio_pos_same_start_100hz
MC02,control,Session1,0089,data/processed/torgo_aai_features/MC02/Session1/0089.npz,307,12,1|1|1|1|1|1|1|1|1|1|1|1,,head_audio_pos_same_start_100hz
MC02,control,Session1,0090,data/processed/torgo_aai_features/MC02/Session1/0090.npz,256,12,1|1|1|1|1|1|1|1|1|1|1|1,,head_audio_pos_same_start_100hz
MC02,control,Session1,0091,data/processed/torgo_aai_features/MC02/Session1/0091.npz,339,12,1|1|1|1|1|1|1|1|1|1|1|1,,head_audio_pos_same_start_100hz
MC02,control,Session1,0092,data/processed/torgo_aai_features/MC02/Session1/0092.npz,325,12,1|1|1|1|1|1|1|1|1|1|1|1,,head_audio_pos_same_start_100hz
MC02,control,Session1,0093,data/processed/torgo_aai_features/MC02/Session1/0093.npz,283,12,1|1|1|1|1|1|1|1|1|1|1|1,,head_audio_pos_same_start_100hz
MC02,control,Session1,0094,data/processed/torgo_aai_features/MC02/Session1/0094.npz,288,12,1|1|1|1|1|1|1|1|1|1|1|1,,head_audio_pos_same_start_100hz
MC02,control,Session1,0095,data/processed/torgo_aai_features/MC02/Session1/0095.npz,285,12,1|1|1|1|1|1|1|1|1|1|1|1,,head_audio_pos_same_start_100hz
MC02,control,Session1,0096,data/processed/torgo_aai_features/MC02/Session1/0096.npz,538,12,1|1|1|1|1|1|1|1|1|1|1|1,,head_audio_pos_same_start_100hz
MC02,control,Session1,0097,data/processed/torgo_aai_features/MC02/Session1/0097.npz,302,12,1|1|1|1|1|1|1|1|1|1|1|1,,head_audio_pos_same_start_100hz
MC02,control,Session1,0098,data/processed/torgo_aai_features/MC02/Session1/0098.npz,289,12,1|1|1|1|1|1|1|1|1|1|1|1,,head_audio_pos_same_start_100hz
MC02,control,Session1,0099,data/processed/torgo_aai_features/MC02/Session1/0099.npz,307,12,1|1|1|1|1|1|1|1|1|1|1|1,,head_audio_pos_same_start_100hz
MC02,control,Session1,0100,data/processed/torgo_aai_features/MC02/Session1/0100.npz,300,12,1|1|1|1|1|1|1|1|1|1|1|1,,head_audio_pos_same_start_100hz
MC02,control,Session1,0101,data/processed/torgo_aai_features/MC02/Session1/0101.npz,248,12,1|1|1|1|1|1|1|1|1|1|1|1,,head_audio_pos_same_start_100hz
MC02,control,Session1,0102,data/processed/torgo_aai_features/MC02/Session1/0102.npz,278,12,1|1|1|1|1|1|1|1|1|1|1|1,,head_audio_pos_same_start_100hz
MC02,control,Session1,0103,data/processed/torgo_aai_features/MC02/Session1/0103.npz,242,12,1|1|1|1|1|1|1|1|1|1|1|1,,head_audio_pos_same_start_100hz
MC02,control,Session1,0104,data/processed/torgo_aai_features/MC02/Session1/0104.npz,263,12,1|1|1|1|1|1|1|1|1|1|1|1,,head_audio_pos_same_start_100hz
MC02,control,Session1,0105,data/processed/torgo_aai_features/MC02/Session1/0105.npz,281,12,1|1|1|1|1|1|1|1|1|1|1|1,,head_audio_pos_same_start_100hz
MC02,control,Session1,0106,data/processed/torgo_aai_features/MC02/Session1/0106.npz,280,12,1|1|1|1|1|1|1|1|1|1|1|1,,head_audio_pos_same_start_100hz
MC02,control,Session1,0107,data/processed/torgo_aai_features/MC02/Session1/0107.npz,267,12,1|1|1|1|1|1|1|1|1|1|1|1,,head_audio_pos_same_start_100hz
MC02,control,Session1,0108,data/processed/torgo_aai_features/MC02/Session1/0108.npz,243,12,1|1|1|1|1|1|1|1|1|1|1|1,,head_audio_pos_same_start_100hz
MC02,control,Session1,0109,data/processed/torgo_aai_features/MC02/Session1/0109.npz,250,12,1|1|1|1|1|1|1|1|1|1|1|1,,head_audio_pos_same_start_100hz
MC02,control,Session1,0110,data/processed/torgo_aai_features/MC02/Session1/0110.npz,276,12,1|1|1|1|1|1|1|1|1|1|1|1,,head_audio_pos_same_start_100hz
MC02,control,Session1,0111,data/processed/torgo_aai_features/MC02/Session1/0111.npz,746,12,1|1|1|1|1|1|1|1|1|1|1|1,,head_audio_pos_same_start_100hz
MC02,control,Session1,0112,data/processed/torgo_aai_features/MC02/Session1/0112.npz,583,12,1|1|1|1|1|1|1|1|1|1|1|1,,head_audio_pos_same_start_100hz
MC02,control,Session1,0113,data/processed/torgo_aai_features/MC02/Session1/0113.npz,372,12,1|1|1|1|1|1|1|1|1|1|1|1,,head_audio_pos_same_start_100hz
MC02,control,Session1,0114,data/processed/torgo_aai_features/MC02/Session1/0114.npz,265,12,1|1|1|1|1|1|1|1|1|1|1|1,,head_audio_pos_same_start_100hz
MC02,control,Session1,0115,data/processed/torgo_aai_features/MC02/Session1/0115.npz,317,12,1|1|1|1|1|1|1|1|1|1|1|1,,head_audio_pos_same_start_100hz
MC02,control,Session1,0116,data/processed/torgo_aai_features/MC02/Session1/0116.npz,303,12,1|1|1|1|1|1|1|1|1|1|1|1,,head_audio_pos_same_start_100hz
MC02,control,Session1,0117,data/processed/torgo_aai_features/MC02/Session1/0117.npz,239,12,1|1|1|1|1|1|1|1|1|1|1|1,,head_audio_pos_same_start_100hz
MC02,control,Session1,0118,data/processed/torgo_aai_features/MC02/Session1/0118.npz,295,12,1|1|1|1|1|1|1|1|1|1|1|1,,head_audio_pos_same_start_100hz
MC02,control,Session1,0119,data/processed/torgo_aai_features/MC02/Session1/0119.npz,288,12,1|1|1|1|1|1|1|1|1|1|1|1,,head_audio_pos_same_start_100hz
MC02,control,Session1,0120,data/processed/torgo_aai_features/MC02/Session1/0120.npz,277,12,1|1|1|1|1|1|1|1|1|1|1|1,,head_audio_pos_same_start_100hz
MC02,control,Session1,0121,data/processed/torgo_aai_features/MC02/Session1/0121.npz,240,12,1|1|1|1|1|1|1|1|1|1|1|1,,head_audio_pos_same_start_100hz
MC02,control,Session1,0122,data/processed/torgo_aai_features/MC02/Session1/0122.npz,276,12,1|1|1|1|1|1|1|1|1|1|1|1,,head_audio_pos_same_start_100hz
MC02,control,Session1,0123,data/processed/torgo_aai_features/MC02/Session1/0123.npz,300,12,1|1|1|1|1|1|1|1|1|1|1|1,,head_audio_pos_same_start_100hz
MC02,control,Session1,0124,data/processed/torgo_aai_features/MC02/Session1/0124.npz,307,12,1|1|1|1|1|1|1|1|1|1|1|1,,head_audio_pos_same_start_100hz
MC02,control,Session1,0125,data/processed/torgo_aai_features/MC02/Session1/0125.npz,336,12,1|1|1|1|1|1|1|1|1|1|1|1,,head_audio_pos_same_start_100hz
MC02,control,Session1,0126,data/processed/torgo_aai_features/MC02/Session1/0126.npz,333,12,1|1|1|1|1|1|1|1|1|1|1|1,,head_audio_pos_same_start_100hz
MC02,control,Session1,0127,data/processed/torgo_aai_features/MC02/Session1/0127.npz,469,12,1|1|1|1|1|1|1|1|1|1|1|1,,head_audio_pos_same_start_100hz
MC02,control,Session1,0128,data/processed/torgo_aai_features/MC02/Session1/0128.npz,400,12,1|1|1|1|1|1|1|1|1|1|1|1,,head_audio_pos_same_start_100hz
MC02,control,Session1,0129,data/processed/torgo_aai_features/MC02/Session1/0129.npz,487,12,1|1|1|1|1|1|1|1|1|1|1|1,,head_audio_pos_same_start_100hz
MC02,control,Session1,0130,data/processed/torgo_aai_features/MC02/Session1/0130.npz,487,12,1|1|1|1|1|1|1|1|1|1|1|1,,head_audio_pos_same_start_100hz
MC02,control,Session1,0131,data/processed/torgo_aai_features/MC02/Session1/0131.npz,431,12,1|1|1|1|1|1|1|1|1|1|1|1,,head_audio_pos_same_start_100hz
MC02,control,Session1,0132,data/processed/torgo_aai_features/MC02/Session1/0132.npz,300,12,1|1|1|1|1|1|1|1|1|1|1|1,,head_audio_pos_same_start_100hz
MC02,control,Session1,0133,data/processed/torgo_aai_features/MC02/Session1/0133.npz,260,12,1|1|1|1|1|1|1|1|1|1|1|1,,head_audio_pos_same_start_100hz
MC02,control,Session1,0134,data/processed/torgo_aai_features/MC02/Session1/0134.npz,304,12,1|1|1|1|1|1|1|1|1|1|1|1,,head_audio_pos_same_start_100hz
MC02,control,Session1,0135,data/processed/torgo_aai_features/MC02/Session1/0135.npz,311,12,1|1|1|1|1|1|1|1|1|1|1|1,,head_audio_pos_same_start_100hz
MC02,control,Session1,0136,data/processed/torgo_aai_features/MC02/Session1/0136.npz,297,12,1|1|1|1|1|1|1|1|1|1|1|1,,head_audio_pos_same_start_100hz
MC02,control,Session1,0137,data/processed/torgo_aai_features/MC02/Session1/0137.npz,426,12,1|1|1|1|1|1|1|1|1|1|1|1,,head_audio_pos_same_start_100hz
MC02,control,Session1,0138,data/processed/torgo_aai_features/MC02/Session1/0138.npz,633,12,1|1|1|1|1|1|1|1|1|1|1|1,,head_audio_pos_same_start_100hz
MC02,control,Session1,0139,data/processed/torgo_aai_features/MC02/Session1/0139.npz,266,12,1|1|1|1|1|1|1|1|1|1|1|1,,head_audio_pos_same_start_100hz
MC02,control,Session1,0140,data/processed/torgo_aai_features/MC02/Session1/0140.npz,291,12,1|1|1|1|1|1|1|1|1|1|1|1,,head_audio_pos_same_start_100hz
MC02,control,Session1,0141,data/processed/torgo_aai_features/MC02/Session1/0141.npz,432,12,1|1|1|1|1|1|1|1|1|1|1|1,,head_audio_pos_same_start_100hz
MC02,control,Session1,0142,data/processed/torgo_aai_features/MC02/Session1/0142.npz,287,12,1|1|1|1|1|1|1|1|1|1|1|1,,head_audio_pos_same_start_100hz
MC02,control,Session1,0143,data/processed/torgo_aai_features/MC02/Session1/0143.npz,267,12,1|1|1|1|1|1|1|1|1|1|1|1,,head_audio_pos_same_start_100hz
MC02,control,Session1,0144,data/processed/torgo_aai_features/MC02/Session1/0144.npz,293,12,1|1|1|1|1|1|1|1|1|1|1|1,,head_audio_pos_same_start_100hz
MC02,control,Session1,0145,data/processed/torgo_aai_features/MC02/Session1/0145.npz,416,12,1|1|1|1|1|1|1|1|1|1|1|1,,head_audio_pos_same_start_100hz
MC02,control,Session1,0146,data/processed/torgo_aai_features/MC02/Session1/0146.npz,387,12,1|1|1|1|1|1|1|1|1|1|1|1,,head_audio_pos_same_start_100hz
MC02,control,Session1,0147,data/processed/torgo_aai_features/MC02/Session1/0147.npz,282,12,1|1|1|1|1|1|1|1|1|1|1|1,,head_audio_pos_same_start_100hz
MC02,control,Session1,0148,data/processed/torgo_aai_features/MC02/Session1/0148.npz,321,12,1|1|1|1|1|1|1|1|1|1|1|1,,head_audio_pos_same_start_100hz
MC02,control,Session1,0149,data/processed/torgo_aai_features/MC02/Session1/0149.npz,269,12,1|1|1|1|1|1|1|1|1|1|1|1,,head_audio_pos_same_start_100hz
MC02,control,Session1,0150,data/processed/torgo_aai_features/MC02/Session1/0150.npz,302,12,1|1|1|1|1|1|1|1|1|1|1|1,,head_audio_pos_same_start_100hz
MC02,control,Session1,0151,data/processed/torgo_aai_features/MC02/Session1/0151.npz,308,12,1|1|1|1|1|1|1|1|1|1|1|1,10,head_audio_pos_same_start_100hz
MC02,control,Session1,0152,data/processed/torgo_aai_features/MC02/Session1/0152.npz,289,12,1|1|1|1|1|1|1|1|1|1|1|1,,head_audio_pos_same_start_100hz
MC02,control,Session1,0153,data/processed/torgo_aai_features/MC02/Session1/0153.npz,300,12,1|1|1|1|1|1|1|1|1|1|1|1,,head_audio_pos_same_start_100hz
MC02,control,Session1,0154,data/processed/torgo_aai_features/MC02/Session1/0154.npz,297,12,1|1|1|1|1|1|1|1|1|1|1|1,,head_audio_pos_same_start_100hz
MC02,control,Session1,0155,data/processed/torgo_aai_features/MC02/Session1/0155.npz,287,12,1|1|1|1|1|1|1|1|1|1|1|1,,head_audio_pos_same_start_100hz
MC02,control,Session1,0156,data/processed/torgo_aai_features/MC02/Session1/0156.npz,306,12,1|1|1|1|1|1|1|1|1|1|1|1,,head_audio_pos_same_start_100hz
MC02,control,Session1,0157,data/processed/torgo_aai_features/MC02/Session1/0157.npz,545,12,1|1|1|1|1|1|1|1|1|1|1|1,,head_audio_pos_same_start_100hz
MC02,control,Session1,0158,data/processed/torgo_aai_features/MC02/Session1/0158.npz,373,12,1|1|1|1|1|1|1|1|1|1|1|1,,head_audio_pos_same_start_100hz
MC02,control,Session1,0159,data/processed/torgo_aai_features/MC02/Session1/0159.npz,297,12,1|1|1|1|1|1|1|1|1|1|1|1,,head_audio_pos_same_start_100hz
MC02,control,Session1,0160,data/processed/torgo_aai_features/MC02/Session1/0160.npz,249,12,1|1|1|1|1|1|1|1|1|1|1|1,,head_audio_pos_same_start_100hz
MC02,control,Session1,0161,data/processed/torgo_aai_features/MC02/Session1/0161.npz,456,12,1|1|1|1|1|1|1|1|1|1|1|1,,head_audio_pos_same_start_100hz
MC02,control,Session1,0162,data/processed/torgo_aai_features/MC02/Session1/0162.npz,387,12,1|1|1|1|1|1|1|1|1|1|1|1,,head_audio_pos_same_start_100hz
MC02,control,Session1,0163,data/processed/torgo_aai_features/MC02/Session1/0163.npz,367,12,1|1|1|1|1|1|1|1|1|1|1|1,,head_audio_pos_same_start_100hz
MC02,control,Session1,0164,data/processed/torgo_aai_features/MC02/Session1/0164.npz,295,12,1|1|1|1|1|1|1|1|1|1|1|1,,head_audio_pos_same_start_100hz
MC02,control,Session1,0165,data/processed/torgo_aai_features/MC02/Session1/0165.npz,289,12,1|1|1|1|1|1|1|1|1|1|1|1,,head_audio_pos_same_start_100hz
MC02,control,Session1,0166,data/processed/torgo_aai_features/MC02/Session1/0166.npz,329,12,1|1|1|1|1|1|1|1|1|1|1|1,,head_audio_pos_same_start_100hz
MC02,control,Session1,0167,data/processed/torgo_aai_features/MC02/Session1/0167.npz,285,12,1|1|1|1|1|1|1|1|1|1|1|1,,head_audio_pos_same_start_100hz
MC02,control,Session1,0168,data/processed/torgo_aai_features/MC02/Session1/0168.npz,288,12,1|1|1|1|1|1|1|1|1|1|1|1,,head_audio_pos_same_start_100hz
MC02,control,Session1,0169,data/processed/torgo_aai_features/MC02/Session1/0169.npz,298,12,1|1|1|1|1|1|1|1|1|1|1|1,,head_audio_pos_same_start_100hz
MC02,control,Session1,0170,data/processed/torgo_aai_features/MC02/Session1/0170.npz,476,12,1|1|1|1|1|1|1|1|1|1|1|1,,head_audio_pos_same_start_100hz
MC02,control,Session1,0171,data/processed/torgo_aai_features/MC02/Session1/0171.npz,276,12,1|1|1|1|1|1|1|1|1|1|1|1,,head_audio_pos_same_start_100hz
MC02,control,Session1,0172,data/processed/torgo_aai_features/MC02/Session1/0172.npz,321,12,1|1|1|1|1|1|1|1|1|1|1|1,,head_audio_pos_same_start_100hz
MC02,control,Session1,0173,data/processed/torgo_aai_features/MC02/Session1/0173.npz,315,12,1|1|1|1|1|1|1|1|1|1|1|1,,head_audio_pos_same_start_100hz
MC02,control,Session1,0174,data/processed/torgo_aai_features/MC02/Session1/0174.npz,272,12,1|1|1|1|1|1|1|1|1|1|1|1,,head_audio_pos_same_start_100hz
MC02,control,Session1,0175,data/processed/torgo_aai_features/MC02/Session1/0175.npz,286,12,1|1|1|1|1|1|1|1|1|1|1|1,,head_audio_pos_same_start_100hz
MC02,control,Session1,0176,data/processed/torgo_aai_features/MC02/Session1/0176.npz,296,12,1|1|1|1|1|1|1|1|1|1|1|1,,head_audio_pos_same_start_100hz
MC02,control,Session1,0177,data/processed/torgo_aai_features/MC02/Session1/0177.npz,426,12,1|1|1|1|1|1|1|1|1|1|1|1,,head_audio_pos_same_start_100hz
MC02,control,Session1,0178,data/processed/torgo_aai_features/MC02/Session1/0178.npz,447,12,1|1|1|1|1|1|1|1|1|1|1|1,,head_audio_pos_same_start_100hz
MC02,control,Session1,0179,data/processed/torgo_aai_features/MC02/Session1/0179.npz,514,12,1|1|1|1|1|1|1|1|1|1|1|1,,head_audio_pos_same_start_100hz
MC02,control,Session1,0180,data/processed/torgo_aai_features/MC02/Session1/0180.npz,302,12,1|1|1|1|1|1|1|1|1|1|1|1,,head_audio_pos_same_start_100hz
MC02,control,Session1,0181,data/processed/torgo_aai_features/MC02/Session1/0181.npz,333,12,1|1|1|1|1|1|1|1|1|1|1|1,,head_audio_pos_same_start_100hz
MC02,control,Session1,0182,data/processed/torgo_aai_features/MC02/Session1/0182.npz,271,12,1|1|1|1|1|1|1|1|1|1|1|1,,head_audio_pos_same_start_100hz
MC02,control,Session1,0183,data/processed/torgo_aai_features/MC02/Session1/0183.npz,361,12,1|1|1|1|1|1|1|1|1|1|1|1,,head_audio_pos_same_start_100hz
MC02,control,Session1,0184,data/processed/torgo_aai_features/MC02/Session1/0184.npz,293,12,1|1|1|1|1|1|1|1|1|1|1|1,,head_audio_pos_same_start_100hz
MC02,control,Session1,0185,data/processed/torgo_aai_features/MC02/Session1/0185.npz,326,12,1|1|1|1|1|1|1|1|1|1|1|1,,head_audio_pos_same_start_100hz
MC02,control,Session1,0186,data/processed/torgo_aai_features/MC02/Session1/0186.npz,280,12,1|1|1|1|1|1|1|1|1|1|1|1,,head_audio_pos_same_start_100hz
MC02,control,Session1,0187,data/processed/torgo_aai_features/MC02/Session1/0187.npz,273,12,1|1|1|1|1|1|1|1|1|1|1|1,,head_audio_pos_same_start_100hz
MC02,control,Session1,0188,data/processed/torgo_aai_features/MC02/Session1/0188.npz,292,12,1|1|1|1|1|1|1|1|1|1|1|1,,head_audio_pos_same_start_100hz
MC02,control,Session1,0189,data/processed/torgo_aai_features/MC02/Session1/0189.npz,288,12,1|1|1|1|1|1|1|1|1|1|1|1,,head_audio_pos_same_start_100hz
MC02,control,Session1,0190,data/processed/torgo_aai_features/MC02/Session1/0190.npz,279,12,1|1|1|1|1|1|1|1|1|1|1|1,,head_audio_pos_same_start_100hz
MC02,control,Session1,0191,data/processed/torgo_aai_features/MC02/Session1/0191.npz,307,12,1|1|1|1|1|1|1|1|1|1|1|1,,head_audio_pos_same_start_100hz
MC02,control,Session1,0192,data/processed/torgo_aai_features/MC02/Session1/0192.npz,265,12,1|1|1|1|1|1|1|1|1|1|1|1,,head_audio_pos_same_start_100hz
MC02,control,Session1,0193,data/processed/torgo_aai_features/MC02/Session1/0193.npz,294,12,1|1|1|1|1|1|1|1|1|1|1|1,,head_audio_pos_same_start_100hz
MC02,control,Session1,0194,data/processed/torgo_aai_features/MC02/Session1/0194.npz,318,12,1|1|1|1|1|1|1|1|1|1|1|1,,head_audio_pos_same_start_100hz
MC02,control,Session1,0195,data/processed/torgo_aai_features/MC02/Session1/0195.npz,478,12,1|1|1|1|1|1|1|1|1|1|1|1,,head_audio_pos_same_start_100hz
MC02,control,Session1,0196,data/processed/torgo_aai_features/MC02/Session1/0196.npz,275,12,1|1|1|1|1|1|1|1|1|1|1|1,,head_audio_pos_same_start_100hz
MC02,control,Session1,0197,data/processed/torgo_aai_features/MC02/Session1/0197.npz,312,12,1|1|1|1|1|1|1|1|1|1|1|1,,head_audio_pos_same_start_100hz
MC02,control,Session1,0198,data/processed/torgo_aai_features/MC02/Session1/0198.npz,288,12,1|1|1|1|1|1|1|1|1|1|1|1,,head_audio_pos_same_start_100hz
MC02,control,Session1,0199,data/processed/torgo_aai_features/MC02/Session1/0199.npz,350,12,1|1|1|1|1|1|1|1|1|1|1|1,,head_audio_pos_same_start_100hz
MC02,control,Session1,0200,data/processed/torgo_aai_features/MC02/Session1/0200.npz,297,12,1|1|1|1|1|1|1|1|1|1|1|1,,head_audio_pos_same_start_100hz
MC02,control,Session1,0201,data/processed/torgo_aai_features/MC02/Session1/0201.npz,285,12,1|1|1|1|1|1|1|1|1|1|1|1,,head_audio_pos_same_start_100hz
MC02,control,Session1,0202,data/processed/torgo_aai_features/MC02/Session1/0202.npz,323,12,1|1|1|1|1|1|1|1|1|1|1|1,,head_audio_pos_same_start_100hz
MC02,control,Session1,0203,data/processed/torgo_aai_features/MC02/Session1/0203.npz,242,12,1|1|1|1|1|1|1|1|1|1|1|1,,head_audio_pos_same_start_100hz
MC02,control,Session1,0204,data/processed/torgo_aai_features/MC02/Session1/0204.npz,235,12,1|1|1|1|1|1|1|1|1|1|1|1,,head_audio_pos_same_start_100hz
MC02,control,Session1,0205,data/processed/torgo_aai_features/MC02/Session1/0205.npz,271,12,1|1|1|1|1|1|1|1|1|1|1|1,,head_audio_pos_same_start_100hz
MC02,control,Session1,0206,data/processed/torgo_aai_features/MC02/Session1/0206.npz,288,12,1|1|1|1|1|1|1|1|1|1|1|1,,head_audio_pos_same_start_100hz
MC02,control,Session1,0207,data/processed/torgo_aai_features/MC02/Session1/0207.npz,257,12,1|1|1|1|1|1|1|1|1|1|1|1,,head_audio_pos_same_start_100hz
MC02,control,Session1,0208,data/processed/torgo_aai_features/MC02/Session1/0208.npz,271,12,1|1|1|1|1|1|1|1|1|1|1|1,,head_audio_pos_same_start_100hz
MC02,control,Session1,0209,data/processed/torgo_aai_features/MC02/Session1/0209.npz,375,12,1|1|1|1|1|1|1|1|1|1|1|1,,head_audio_pos_same_start_100hz
MC02,control,Session1,0210,data/processed/torgo_aai_features/MC02/Session1/0210.npz,364,10,1|1|1|1|0|1|1|1|1|1|0|1,2,head_audio_pos_same_start_100hz
MC02,control,Session1,0211,data/processed/torgo_aai_features/MC02/Session1/0211.npz,402,12,1|1|1|1|1|1|1|1|1|1|1|1,,head_audio_pos_same_start_100hz
MC02,control,Session1,0212,data/processed/torgo_aai_features/MC02/Session1/0212.npz,302,12,1|1|1|1|1|1|1|1|1|1|1|1,,head_audio_pos_same_start_100hz
MC02,control,Session1,0213,data/processed/torgo_aai_features/MC02/Session1/0213.npz,383,12,1|1|1|1|1|1|1|1|1|1|1|1,,head_audio_pos_same_start_100hz
MC02,control,Session1,0214,data/processed/torgo_aai_features/MC02/Session1/0214.npz,282,12,1|1|1|1|1|1|1|1|1|1|1|1,,head_audio_pos_same_start_100hz
MC02,control,Session1,0215,data/processed/torgo_aai_features/MC02/Session1/0215.npz,260,12,1|1|1|1|1|1|1|1|1|1|1|1,,head_audio_pos_same_start_100hz
MC02,control,Session1,0216,data/processed/torgo_aai_features/MC02/Session1/0216.npz,257,12,1|1|1|1|1|1|1|1|1|1|1|1,,head_audio_pos_same_start_100hz
MC02,control,Session1,0217,data/processed/torgo_aai_features/MC02/Session1/0217.npz,263,12,1|1|1|1|1|1|1|1|1|1|1|1,,head_audio_pos_same_start_100hz
MC02,control,Session1,0218,data/processed/torgo_aai_features/MC02/Session1/0218.npz,294,12,1|1|1|1|1|1|1|1|1|1|1|1,,head_audio_pos_same_start_100hz
MC02,control,Session1,0219,data/processed/torgo_aai_features/MC02/Session1/0219.npz,259,12,1|1|1|1|1|1|1|1|1|1|1|1,,head_audio_pos_same_start_100hz
MC02,control,Session1,0220,data/processed/torgo_aai_features/MC02/Session1/0220.npz,314,12,1|1|1|1|1|1|1|1|1|1|1|1,,head_audio_pos_same_start_100hz
MC02,control,Session1,0221,data/processed/torgo_aai_features/MC02/Session1/0221.npz,380,10,1|1|1|1|0|1|1|1|1|1|0|1,2,head_audio_pos_same_start_100hz
MC02,control,Session1,0222,data/processed/torgo_aai_features/MC02/Session1/0222.npz,294,12,1|1|1|1|1|1|1|1|1|1|1|1,,head_audio_pos_same_start_100hz
MC02,control,Session1,0223,data/processed/torgo_aai_features/MC02/Session1/0223.npz,315,12,1|1|1|1|1|1|1|1|1|1|1|1,,head_audio_pos_same_start_100hz
MC02,control,Session1,0224,data/processed/torgo_aai_features/MC02/Session1/0224.npz,279,12,1|1|1|1|1|1|1|1|1|1|1|1,,head_audio_pos_same_start_100hz
MC02,control,Session1,0225,data/processed/torgo_aai_features/MC02/Session1/0225.npz,517,12,1|1|1|1|1|1|1|1|1|1|1|1,,head_audio_pos_same_start_100hz
MC02,control,Session1,0226,data/processed/torgo_aai_features/MC02/Session1/0226.npz,311,12,1|1|1|1|1|1|1|1|1|1|1|1,,head_audio_pos_same_start_100hz
MC02,control,Session1,0227,data/processed/torgo_aai_features/MC02/Session1/0227.npz,419,12,1|1|1|1|1|1|1|1|1|1|1|1,,head_audio_pos_same_start_100hz
MC02,control,Session1,0228,data/processed/torgo_aai_features/MC02/Session1/0228.npz,472,12,1|1|1|1|1|1|1|1|1|1|1|1,,head_audio_pos_same_start_100hz
MC02,control,Session1,0229,data/processed/torgo_aai_features/MC02/Session1/0229.npz,330,12,1|1|1|1|1|1|1|1|1|1|1|1,,head_audio_pos_same_start_100hz
MC02,control,Session1,0230,data/processed/torgo_aai_features/MC02/Session1/0230.npz,307,12,1|1|1|1|1|1|1|1|1|1|1|1,,head_audio_pos_same_start_100hz
MC02,control,Session1,0231,data/processed/torgo_aai_features/MC02/Session1/0231.npz,397,12,1|1|1|1|1|1|1|1|1|1|1|1,,head_audio_pos_same_start_100hz
MC02,control,Session1,0232,data/processed/torgo_aai_features/MC02/Session1/0232.npz,337,12,1|1|1|1|1|1|1|1|1|1|1|1,,head_audio_pos_same_start_100hz
MC02,control,Session1,0233,data/processed/torgo_aai_features/MC02/Session1/0233.npz,440,12,1|1|1|1|1|1|1|1|1|1|1|1,,head_audio_pos_same_start_100hz
MC02,control,Session1,0234,data/processed/torgo_aai_features/MC02/Session1/0234.npz,462,12,1|1|1|1|1|1|1|1|1|1|1|1,,head_audio_pos_same_start_100hz
MC02,control,Session1,0235,data/processed/torgo_aai_features/MC02/Session1/0235.npz,427,12,1|1|1|1|1|1|1|1|1|1|1|1,,head_audio_pos_same_start_100hz
MC02,control,Session1,0236,data/processed/torgo_aai_features/MC02/Session1/0236.npz,303,12,1|1|1|1|1|1|1|1|1|1|1|1,,head_audio_pos_same_start_100hz
MC02,control,Session1,0237,data/processed/torgo_aai_features/MC02/Session1/0237.npz,276,12,1|1|1|1|1|1|1|1|1|1|1|1,,head_audio_pos_same_start_100hz
MC02,control,Session1,0238,data/processed/torgo_aai_features/MC02/Session1/0238.npz,303,12,1|1|1|1|1|1|1|1|1|1|1|1,,head_audio_pos_same_start_100hz
MC02,control,Session1,0239,data/processed/torgo_aai_features/MC02/Session1/0239.npz,496,12,1|1|1|1|1|1|1|1|1|1|1|1,,head_audio_pos_same_start_100hz
MC02,control,Session1,0240,data/processed/torgo_aai_features/MC02/Session1/0240.npz,374,12,1|1|1|1|1|1|1|1|1|1|1|1,,head_audio_pos_same_start_100hz
MC02,control,Session1,0241,data/processed/torgo_aai_features/MC02/Session1/0241.npz,250,12,1|1|1|1|1|1|1|1|1|1|1|1,,head_audio_pos_same_start_100hz
MC02,control,Session1,0242,data/processed/torgo_aai_features/MC02/Session1/0242.npz,256,12,1|1|1|1|1|1|1|1|1|1|1|1,,head_audio_pos_same_start_100hz
MC02,control,Session1,0243,data/processed/torgo_aai_features/MC02/Session1/0243.npz,275,12,1|1|1|1|1|1|1|1|1|1|1|1,,head_audio_pos_same_start_100hz
MC02,control,Session1,0244,data/processed/torgo_aai_features/MC02/Session1/0244.npz,362,12,1|1|1|1|1|1|1|1|1|1|1|1,,head_audio_pos_same_start_100hz
MC02,control,Session1,0245,data/processed/torgo_aai_features/MC02/Session1/0245.npz,345,12,1|1|1|1|1|1|1|1|1|1|1|1,,head_audio_pos_same_start_100hz
MC02,control,Session1,0246,data/processed/torgo_aai_features/MC02/Session1/0246.npz,253,12,1|1|1|1|1|1|1|1|1|1|1|1,,head_audio_pos_same_start_100hz
MC02,control,Session1,0247,data/processed/torgo_aai_features/MC02/Session1/0247.npz,694,12,1|1|1|1|1|1|1|1|1|1|1|1,,head_audio_pos_same_start_100hz
MC02,control,Session1,0248,data/processed/torgo_aai_features/MC02/Session1/0248.npz,289,12,1|1|1|1|1|1|1|1|1|1|1|1,,head_audio_pos_same_start_100hz
MC02,control,Session1,0249,data/processed/torgo_aai_features/MC02/Session1/0249.npz,320,12,1|1|1|1|1|1|1|1|1|1|1|1,,head_audio_pos_same_start_100hz
MC02,control,Session1,0250,data/processed/torgo_aai_features/MC02/Session1/0250.npz,439,12,1|1|1|1|1|1|1|1|1|1|1|1,,head_audio_pos_same_start_100hz
MC02,control,Session1,0251,data/processed/torgo_aai_features/MC02/Session1/0251.npz,469,12,1|1|1|1|1|1|1|1|1|1|1|1,,head_audio_pos_same_start_100hz
MC02,control,Session1,0252,data/processed/torgo_aai_features/MC02/Session1/0252.npz,693,12,1|1|1|1|1|1|1|1|1|1|1|1,,head_audio_pos_same_start_100hz
MC02,control,Session1,0253,data/processed/torgo_aai_features/MC02/Session1/0253.npz,660,10,1|1|1|1|0|1|1|1|1|1|0|1,2,head_audio_pos_same_start_100hz
MC02,control,Session1,0254,data/processed/torgo_aai_features/MC02/Session1/0254.npz,261,12,1|1|1|1|1|1|1|1|1|1|1|1,,head_audio_pos_same_start_100hz
MC02,control,Session1,0255,data/processed/torgo_aai_features/MC02/Session1/0255.npz,334,12,1|1|1|1|1|1|1|1|1|1|1|1,,head_audio_pos_same_start_100hz
MC02,control,Session1,0256,data/processed/torgo_aai_features/MC02/Session1/0256.npz,291,12,1|1|1|1|1|1|1|1|1|1|1|1,,head_audio_pos_same_start_100hz
MC02,control,Session1,0257,data/processed/torgo_aai_features/MC02/Session1/0257.npz,246,12,1|1|1|1|1|1|1|1|1|1|1|1,,head_audio_pos_same_start_100hz
MC02,control,Session1,0258,data/processed/torgo_aai_features/MC02/Session1/0258.npz,273,12,1|1|1|1|1|1|1|1|1|1|1|1,,head_audio_pos_same_start_100hz
MC02,control,Session1,0259,data/processed/torgo_aai_features/MC02/Session1/0259.npz,357,12,1|1|1|1|1|1|1|1|1|1|1|1,,head_audio_pos_same_start_100hz
MC02,control,Session1,0260,data/processed/torgo_aai_features/MC02/Session1/0260.npz,299,12,1|1|1|1|1|1|1|1|1|1|1|1,,head_audio_pos_same_start_100hz
MC02,control,Session1,0261,data/processed/torgo_aai_features/MC02/Session1/0261.npz,248,12,1|1|1|1|1|1|1|1|1|1|1|1,,head_audio_pos_same_start_100hz
MC02,control,Session1,0262,data/processed/torgo_aai_features/MC02/Session1/0262.npz,486,12,1|1|1|1|1|1|1|1|1|1|1|1,,head_audio_pos_same_start_100hz
MC02,control,Session1,0263,data/processed/torgo_aai_features/MC02/Session1/0263.npz,661,12,1|1|1|1|1|1|1|1|1|1|1|1,,head_audio_pos_same_start_100hz
MC02,control,Session1,0264,data/processed/torgo_aai_features/MC02/Session1/0264.npz,381,12,1|1|1|1|1|1|1|1|1|1|1|1,,head_audio_pos_same_start_100hz
MC02,control,Session1,0265,data/processed/torgo_aai_features/MC02/Session1/0265.npz,315,12,1|1|1|1|1|1|1|1|1|1|1|1,,head_audio_pos_same_start_100hz
MC02,control,Session1,0266,data/processed/torgo_aai_features/MC02/Session1/0266.npz,409,10,1|1|1|0|1|1|1|1|1|0|1|1,3,head_audio_pos_same_start_100hz
MC02,control,Session1,0267,data/processed/torgo_aai_features/MC02/Session1/0267.npz,264,12,1|1|1|1|1|1|1|1|1|1|1|1,,head_audio_pos_same_start_100hz
MC02,control,Session1,0268,data/processed/torgo_aai_features/MC02/Session1/0268.npz,270,12,1|1|1|1|1|1|1|1|1|1|1|1,,head_audio_pos_same_start_100hz
MC02,control,Session1,0269,data/processed/torgo_aai_features/MC02/Session1/0269.npz,480,12,1|1|1|1|1|1|1|1|1|1|1|1,,head_audio_pos_same_start_100hz
MC02,control,Session1,0270,data/processed/torgo_aai_features/MC02/Session1/0270.npz,249,12,1|1|1|1|1|1|1|1|1|1|1|1,,head_audio_pos_same_start_100hz
MC02,control,Session1,0271,data/processed/torgo_aai_features/MC02/Session1/0271.npz,275,12,1|1|1|1|1|1|1|1|1|1|1|1,,head_audio_pos_same_start_100hz
MC02,control,Session1,0272,data/processed/torgo_aai_features/MC02/Session1/0272.npz,365,12,1|1|1|1|1|1|1|1|1|1|1|1,,head_audio_pos_same_start_100hz
MC02,control,Session1,0273,data/processed/torgo_aai_features/MC02/Session1/0273.npz,287,12,1|1|1|1|1|1|1|1|1|1|1|1,,head_audio_pos_same_start_100hz
MC02,control,Session1,0274,data/processed/torgo_aai_features/MC02/Session1/0274.npz,457,12,1|1|1|1|1|1|1|1|1|1|1|1,,head_audio_pos_same_start_100hz
MC02,control,Session1,0275,data/processed/torgo_aai_features/MC02/Session1/0275.npz,304,12,1|1|1|1|1|1|1|1|1|1|1|1,,head_audio_pos_same_start_100hz
MC02,control,Session1,0276,data/processed/torgo_aai_features/MC02/Session1/0276.npz,306,12,1|1|1|1|1|1|1|1|1|1|1|1,,head_audio_pos_same_start_100hz
MC02,control,Session1,0277,data/processed/torgo_aai_features/MC02/Session1/0277.npz,487,12,1|1|1|1|1|1|1|1|1|1|1|1,,head_audio_pos_same_start_100hz
MC02,control,Session1,0278,data/processed/torgo_aai_features/MC02/Session1/0278.npz,356,12,1|1|1|1|1|1|1|1|1|1|1|1,,head_audio_pos_same_start_100hz
MC02,control,Session1,0279,data/processed/torgo_aai_features/MC02/Session1/0279.npz,327,12,1|1|1|1|1|1|1|1|1|1|1|1,,head_audio_pos_same_start_100hz
MC02,control,Session1,0280,data/processed/torgo_aai_features/MC02/Session1/0280.npz,269,12,1|1|1|1|1|1|1|1|1|1|1|1,,head_audio_pos_same_start_100hz
MC02,control,Session1,0281,data/processed/torgo_aai_features/MC02/Session1/0281.npz,502,12,1|1|1|1|1|1|1|1|1|1|1|1,,head_audio_pos_same_start_100hz
MC02,control,Session1,0282,data/processed/torgo_aai_features/MC02/Session1/0282.npz,248,12,1|1|1|1|1|1|1|1|1|1|1|1,,head_audio_pos_same_start_100hz
MC02,control,Session1,0283,data/processed/torgo_aai_features/MC02/Session1/0283.npz,285,12,1|1|1|1|1|1|1|1|1|1|1|1,,head_audio_pos_same_start_100hz
MC02,control,Session1,0284,data/processed/torgo_aai_features/MC02/Session1/0284.npz,281,12,1|1|1|1|1|1|1|1|1|1|1|1,,head_audio_pos_same_start_100hz
MC02,control,Session1,0285,data/processed/torgo_aai_features/MC02/Session1/0285.npz,482,12,1|1|1|1|1|1|1|1|1|1|1|1,,head_audio_pos_same_start_100hz
MC02,control,Session1,0286,data/processed/torgo_aai_features/MC02/Session1/0286.npz,501,12,1|1|1|1|1|1|1|1|1|1|1|1,,head_audio_pos_same_start_100hz
MC02,control,Session1,0287,data/processed/torgo_aai_features/MC02/Session1/0287.npz,488,12,1|1|1|1|1|1|1|1|1|1|1|1,,head_audio_pos_same_start_100hz
MC02,control,Session1,0288,data/processed/torgo_aai_features/MC02/Session1/0288.npz,473,12,1|1|1|1|1|1|1|1|1|1|1|1,,head_audio_pos_same_start_100hz
MC02,control,Session1,0289,data/processed/torgo_aai_features/MC02/Session1/0289.npz,283,12,1|1|1|1|1|1|1|1|1|1|1|1,,head_audio_pos_same_start_100hz
MC02,control,Session1,0290,data/processed/torgo_aai_features/MC02/Session1/0290.npz,277,12,1|1|1|1|1|1|1|1|1|1|1|1,,head_audio_pos_same_start_100hz
MC02,control,Session1,0291,data/processed/torgo_aai_features/MC02/Session1/0291.npz,269,12,1|1|1|1|1|1|1|1|1|1|1|1,,head_audio_pos_same_start_100hz
MC02,control,Session1,0292,data/processed/torgo_aai_features/MC02/Session1/0292.npz,239,12,1|1|1|1|1|1|1|1|1|1|1|1,,head_audio_pos_same_start_100hz
MC02,control,Session1,0293,data/processed/torgo_aai_features/MC02/Session1/0293.npz,284,12,1|1|1|1|1|1|1|1|1|1|1|1,,head_audio_pos_same_start_100hz
MC02,control,Session1,0294,data/processed/torgo_aai_features/MC02/Session1/0294.npz,272,10,1|1|1|1|0|1|1|1|1|1|0|1,2,head_audio_pos_same_start_100hz
MC02,control,Session1,0295,data/processed/torgo_aai_features/MC02/Session1/0295.npz,253,12,1|1|1|1|1|1|1|1|1|1|1|1,,head_audio_pos_same_start_100hz
MC02,control,Session1,0296,data/processed/torgo_aai_features/MC02/Session1/0296.npz,257,12,1|1|1|1|1|1|1|1|1|1|1|1,,head_audio_pos_same_start_100hz
MC02,control,Session1,0297,data/processed/torgo_aai_features/MC02/Session1/0297.npz,310,12,1|1|1|1|1|1|1|1|1|1|1|1,,head_audio_pos_same_start_100hz
MC02,control,Session1,0298,data/processed/torgo_aai_features/MC02/Session1/0298.npz,279,12,1|1|1|1|1|1|1|1|1|1|1|1,,head_audio_pos_same_start_100hz
MC02,control,Session1,0299,data/processed/torgo_aai_features/MC02/Session1/0299.npz,296,12,1|1|1|1|1|1|1|1|1|1|1|1,,head_audio_pos_same_start_100hz
MC02,control,Session1,0300,data/processed/torgo_aai_features/MC02/Session1/0300.npz,267,12,1|1|1|1|1|1|1|1|1|1|1|1,,head_audio_pos_same_start_100hz
MC02,control,Session1,0301,data/processed/torgo_aai_features/MC02/Session1/0301.npz,267,12,1|1|1|1|1|1|1|1|1|1|1|1,,head_audio_pos_same_start_100hz
MC02,control,Session1,0302,data/processed/torgo_aai_features/MC02/Session1/0302.npz,433,10,1|1|1|1|0|1|1|1|1|1|0|1,2,head_audio_pos_same_start_100hz
MC02,control,Session1,0303,data/processed/torgo_aai_features/MC02/Session1/0303.npz,355,12,1|1|1|1|1|1|1|1|1|1|1|1,,head_audio_pos_same_start_100hz
MC02,control,Session1,0304,data/processed/torgo_aai_features/MC02/Session1/0304.npz,440,12,1|1|1|1|1|1|1|1|1|1|1|1,,head_audio_pos_same_start_100hz
MC02,control,Session1,0305,data/processed/torgo_aai_features/MC02/Session1/0305.npz,312,12,1|1|1|1|1|1|1|1|1|1|1|1,,head_audio_pos_same_start_100hz
MC02,control,Session1,0306,data/processed/torgo_aai_features/MC02/Session1/0306.npz,268,12,1|1|1|1|1|1|1|1|1|1|1|1,,head_audio_pos_same_start_100hz
MC02,control,Session1,0307,data/processed/torgo_aai_features/MC02/Session1/0307.npz,273,12,1|1|1|1|1|1|1|1|1|1|1|1,,head_audio_pos_same_start_100hz
MC02,control,Session1,0308,data/processed/torgo_aai_features/MC02/Session1/0308.npz,291,12,1|1|1|1|1|1|1|1|1|1|1|1,,head_audio_pos_same_start_100hz
MC02,control,Session1,0309,data/processed/torgo_aai_features/MC02/Session1/0309.npz,248,12,1|1|1|1|1|1|1|1|1|1|1|1,,head_audio_pos_same_start_100hz
MC02,control,Session1,0310,data/processed/torgo_aai_features/MC02/Session1/0310.npz,464,12,1|1|1|1|1|1|1|1|1|1|1|1,,head_audio_pos_same_start_100hz
MC02,control,Session1,0311,data/processed/torgo_aai_features/MC02/Session1/0311.npz,374,12,1|1|1|1|1|1|1|1|1|1|1|1,,head_audio_pos_same_start_100hz
MC02,control,Session1,0312,data/processed/torgo_aai_features/MC02/Session1/0312.npz,303,12,1|1|1|1|1|1|1|1|1|1|1|1,,head_audio_pos_same_start_100hz
MC02,control,Session1,0313,data/processed/torgo_aai_features/MC02/Session1/0313.npz,294,12,1|1|1|1|1|1|1|1|1|1|1|1,,head_audio_pos_same_start_100hz
MC02,control,Session1,0314,data/processed/torgo_aai_features/MC02/Session1/0314.npz,816,12,1|1|1|1|1|1|1|1|1|1|1|1,,head_audio_pos_same_start_100hz
MC02,control,Session1,0315,data/processed/torgo_aai_features/MC02/Session1/0315.npz,777,12,1|1|1|1|1|1|1|1|1|1|1|1,,head_audio_pos_same_start_100hz
MC02,control,Session1,0316,data/processed/torgo_aai_features/MC02/Session1/0316.npz,261,12,1|1|1|1|1|1|1|1|1|1|1|1,,head_audio_pos_same_start_100hz
MC02,control,Session1,0317,data/processed/torgo_aai_features/MC02/Session1/0317.npz,439,12,1|1|1|1|1|1|1|1|1|1|1|1,,head_audio_pos_same_start_100hz
MC02,control,Session1,0318,data/processed/torgo_aai_features/MC02/Session1/0318.npz,258,12,1|1|1|1|1|1|1|1|1|1|1|1,,head_audio_pos_same_start_100hz
MC02,control,Session1,0319,data/processed/torgo_aai_features/MC02/Session1/0319.npz,598,12,1|1|1|1|1|1|1|1|1|1|1|1,,head_audio_pos_same_start_100hz
MC02,control,Session1,0320,data/processed/torgo_aai_features/MC02/Session1/0320.npz,466,12,1|1|1|1|1|1|1|1|1|1|1|1,,head_audio_pos_same_start_100hz
MC02,control,Session1,0321,data/processed/torgo_aai_features/MC02/Session1/0321.npz,261,12,1|1|1|1|1|1|1|1|1|1|1|1,,head_audio_pos_same_start_100hz
MC02,control,Session1,0322,data/processed/torgo_aai_features/MC02/Session1/0322.npz,266,12,1|1|1|1|1|1|1|1|1|1|1|1,,head_audio_pos_same_start_100hz
MC02,control,Session1,0323,data/processed/torgo_aai_features/MC02/Session1/0323.npz,271,12,1|1|1|1|1|1|1|1|1|1|1|1,,head_audio_pos_same_start_100hz
MC02,control,Session1,0324,data/processed/torgo_aai_features/MC02/Session1/0324.npz,303,12,1|1|1|1|1|1|1|1|1|1|1|1,,head_audio_pos_same_start_100hz
MC02,control,Session1,0325,data/processed/torgo_aai_features/MC02/Session1/0325.npz,314,12,1|1|1|1|1|1|1|1|1|1|1|1,,head_audio_pos_same_start_100hz
MC02,control,Session1,0326,data/processed/torgo_aai_features/MC02/Session1/0326.npz,325,12,1|1|1|1|1|1|1|1|1|1|1|1,,head_audio_pos_same_start_100hz
MC02,control,Session1,0327,data/processed/torgo_aai_features/MC02/Session1/0327.npz,269,12,1|1|1|1|1|1|1|1|1|1|1|1,,head_audio_pos_same_start_100hz
MC02,control,Session1,0328,data/processed/torgo_aai_features/MC02/Session1/0328.npz,263,12,1|1|1|1|1|1|1|1|1|1|1|1,,head_audio_pos_same_start_100hz
MC02,control,Session1,0329,data/processed/torgo_aai_features/MC02/Session1/0329.npz,286,12,1|1|1|1|1|1|1|1|1|1|1|1,,head_audio_pos_same_start_100hz
MC02,control,Session1,0330,data/processed/torgo_aai_features/MC02/Session1/0330.npz,285,12,1|1|1|1|1|1|1|1|1|1|1|1,,head_audio_pos_same_start_100hz
MC02,control,Session1,0331,data/processed/torgo_aai_features/MC02/Session1/0331.npz,371,12,1|1|1|1|1|1|1|1|1|1|1|1,,head_audio_pos_same_start_100hz
MC02,control,Session1,0332,data/processed/torgo_aai_features/MC02/Session1/0332.npz,378,12,1|1|1|1|1|1|1|1|1|1|1|1,,head_audio_pos_same_start_100hz
MC02,control,Session1,0333,data/processed/torgo_aai_features/MC02/Session1/0333.npz,409,12,1|1|1|1|1|1|1|1|1|1|1|1,,head_audio_pos_same_start_100hz
MC02,control,Session1,0334,data/processed/torgo_aai_features/MC02/Session1/0334.npz,268,12,1|1|1|1|1|1|1|1|1|1|1|1,,head_audio_pos_same_start_100hz
MC02,control,Session1,0335,data/processed/torgo_aai_features/MC02/Session1/0335.npz,271,12,1|1|1|1|1|1|1|1|1|1|1|1,,head_audio_pos_same_start_100hz
MC02,control,Session1,0336,data/processed/torgo_aai_features/MC02/Session1/0336.npz,262,12,1|1|1|1|1|1|1|1|1|1|1|1,,head_audio_pos_same_start_100hz
MC02,control,Session1,0337,data/processed/torgo_aai_features/MC02/Session1/0337.npz,282,12,1|1|1|1|1|1|1|1|1|1|1|1,,head_audio_pos_same_start_100hz
MC02,control,Session1,0338,data/processed/torgo_aai_features/MC02/Session1/0338.npz,294,12,1|1|1|1|1|1|1|1|1|1|1|1,,head_audio_pos_same_start_100hz
MC02,control,Session1,0339,data/processed/torgo_aai_features/MC02/Session1/0339.npz,398,12,1|1|1|1|1|1|1|1|1|1|1|1,,head_audio_pos_same_start_100hz
MC02,control,Session1,0340,data/processed/torgo_aai_features/MC02/Session1/0340.npz,244,12,1|1|1|1|1|1|1|1|1|1|1|1,,head_audio_pos_same_start_100hz
MC02,control,Session1,0341,data/processed/torgo_aai_features/MC02/Session1/0341.npz,264,12,1|1|1|1|1|1|1|1|1|1|1|1,,head_audio_pos_same_start_100hz
MC02,control,Session1,0342,data/processed/torgo_aai_features/MC02/Session1/0342.npz,324,10,1|1|1|1|0|1|1|1|1|1|0|1,2,head_audio_pos_same_start_100hz
MC02,control,Session1,0343,data/processed/torgo_aai_features/MC02/Session1/0343.npz,255,10,1|1|1|1|0|1|1|1|1|1|0|1,2,head_audio_pos_same_start_100hz
MC02,control,Session1,0344,data/processed/torgo_aai_features/MC02/Session1/0344.npz,252,12,1|1|1|1|1|1|1|1|1|1|1|1,,head_audio_pos_same_start_100hz
MC02,control,Session1,0345,data/processed/torgo_aai_features/MC02/Session1/0345.npz,298,12,1|1|1|1|1|1|1|1|1|1|1|1,,head_audio_pos_same_start_100hz
MC02,control,Session1,0346,data/processed/torgo_aai_features/MC02/Session1/0346.npz,242,12,1|1|1|1|1|1|1|1|1|1|1|1,,head_audio_pos_same_start_100hz
MC02,control,Session1,0347,data/processed/torgo_aai_features/MC02/Session1/0347.npz,281,12,1|1|1|1|1|1|1|1|1|1|1|1,,head_audio_pos_same_start_100hz
MC02,control,Session1,0348,data/processed/torgo_aai_features/MC02/Session1/0348.npz,291,12,1|1|1|1|1|1|1|1|1|1|1|1,,head_audio_pos_same_start_100hz
MC02,control,Session1,0349,data/processed/torgo_aai_features/MC02/Session1/0349.npz,249,12,1|1|1|1|1|1|1|1|1|1|1|1,,head_audio_pos_same_start_100hz
MC02,control,Session1,0350,data/processed/torgo_aai_features/MC02/Session1/0350.npz,251,12,1|1|1|1|1|1|1|1|1|1|1|1,,head_audio_pos_same_start_100hz
MC02,control,Session1,0351,data/processed/torgo_aai_features/MC02/Session1/0351.npz,228,12,1|1|1|1|1|1|1|1|1|1|1|1,,head_audio_pos_same_start_100hz
MC02,control,Session1,0352,data/processed/torgo_aai_features/MC02/Session1/0352.npz,218,12,1|1|1|1|1|1|1|1|1|1|1|1,,head_audio_pos_same_start_100hz
MC02,control,Session1,0353,data/processed/torgo_aai_features/MC02/Session1/0353.npz,252,12,1|1|1|1|1|1|1|1|1|1|1|1,,head_audio_pos_same_start_100hz
MC02,control,Session1,0354,data/processed/torgo_aai_features/MC02/Session1/0354.npz,250,12,1|1|1|1|1|1|1|1|1|1|1|1,,head_audio_pos_same_start_100hz
MC02,control,Session1,0355,data/processed/torgo_aai_features/MC02/Session1/0355.npz,273,12,1|1|1|1|1|1|1|1|1|1|1|1,,head_audio_pos_same_start_100hz
MC02,control,Session1,0356,data/processed/torgo_aai_features/MC02/Session1/0356.npz,336,12,1|1|1|1|1|1|1|1|1|1|1|1,,head_audio_pos_same_start_100hz
MC02,control,Session1,0357,data/processed/torgo_aai_features/MC02/Session1/0357.npz,247,12,1|1|1|1|1|1|1|1|1|1|1|1,,head_audio_pos_same_start_100hz
MC02,control,Session1,0358,data/processed/torgo_aai_features/MC02/Session1/0358.npz,244,12,1|1|1|1|1|1|1|1|1|1|1|1,,head_audio_pos_same_start_100hz
MC02,control,Session1,0359,data/processed/torgo_aai_features/MC02/Session1/0359.npz,622,12,1|1|1|1|1|1|1|1|1|1|1|1,,head_audio_pos_same_start_100hz
MC02,control,Session1,0360,data/processed/torgo_aai_features/MC02/Session1/0360.npz,213,12,1|1|1|1|1|1|1|1|1|1|1|1,,head_audio_pos_same_start_100hz
MC02,control,Session1,0361,data/processed/torgo_aai_features/MC02/Session1/0361.npz,395,10,1|1|1|1|0|1|1|1|1|1|0|1,2,head_audio_pos_same_start_100hz
MC02,control,Session1,0362,data/processed/torgo_aai_features/MC02/Session1/0362.npz,460,12,1|1|1|1|1|1|1|1|1|1|1|1,,head_audio_pos_same_start_100hz
MC02,control,Session1,0363,data/processed/torgo_aai_features/MC02/Session1/0363.npz,279,10,1|1|1|1|0|1|1|1|1|1|0|1,2,head_audio_pos_same_start_100hz
MC02,control,Session1,0364,data/processed/torgo_aai_features/MC02/Session1/0364.npz,239,12,1|1|1|1|1|1|1|1|1|1|1|1,,head_audio_pos_same_start_100hz
MC02,control,Session1,0365,data/processed/torgo_aai_features/MC02/Session1/0365.npz,272,12,1|1|1|1|1|1|1|1|1|1|1|1,,head_audio_pos_same_start_100hz
MC02,control,Session1,0366,data/processed/torgo_aai_features/MC02/Session1/0366.npz,258,12,1|1|1|1|1|1|1|1|1|1|1|1,,head_audio_pos_same_start_100hz
MC02,control,Session1,0367,data/processed/torgo_aai_features/MC02/Session1/0367.npz,477,12,1|1|1|1|1|1|1|1|1|1|1|1,,head_audio_pos_same_start_100hz
MC02,control,Session1,0368,data/processed/torgo_aai_features/MC02/Session1/0368.npz,246,12,1|1|1|1|1|1|1|1|1|1|1|1,,head_audio_pos_same_start_100hz
MC02,control,Session1,0369,data/processed/torgo_aai_features/MC02/Session1/0369.npz,231,12,1|1|1|1|1|1|1|1|1|1|1|1,,head_audio_pos_same_start_100hz
MC02,control,Session1,0370,data/processed/torgo_aai_features/MC02/Session1/0370.npz,425,12,1|1|1|1|1|1|1|1|1|1|1|1,,head_audio_pos_same_start_100hz
MC02,control,Session1,0371,data/processed/torgo_aai_features/MC02/Session1/0371.npz,619,12,1|1|1|1|1|1|1|1|1|1|1|1,,head_audio_pos_same_start_100hz
MC02,control,Session1,0372,data/processed/torgo_aai_features/MC02/Session1/0372.npz,332,12,1|1|1|1|1|1|1|1|1|1|1|1,,head_audio_pos_same_start_100hz
MC02,control,Session1,0373,data/processed/torgo_aai_features/MC02/Session1/0373.npz,308,12,1|1|1|1|1|1|1|1|1|1|1|1,,head_audio_pos_same_start_100hz
MC02,control,Session1,0374,data/processed/torgo_aai_features/MC02/Session1/0374.npz,263,12,1|1|1|1|1|1|1|1|1|1|1|1,,head_audio_pos_same_start_100hz
MC02,control,Session1,0375,data/processed/torgo_aai_features/MC02/Session1/0375.npz,277,12,1|1|1|1|1|1|1|1|1|1|1|1,,head_audio_pos_same_start_100hz
MC02,control,Session1,0376,data/processed/torgo_aai_features/MC02/Session1/0376.npz,470,10,1|1|1|0|1|1|1|1|1|0|1|1,3,head_audio_pos_same_start_100hz
MC02,control,Session1,0377,data/processed/torgo_aai_features/MC02/Session1/0377.npz,476,10,1|1|1|0|1|1|1|1|1|0|1|1,3,head_audio_pos_same_start_100hz
MC02,control,Session1,0378,data/processed/torgo_aai_features/MC02/Session1/0378.npz,421,10,1|1|1|1|0|1|1|1|1|1|0|1,2,head_audio_pos_same_start_100hz
MC02,control,Session1,0379,data/processed/torgo_aai_features/MC02/Session1/0379.npz,397,12,1|1|1|1|1|1|1|1|1|1|1|1,,head_audio_pos_same_start_100hz
MC02,control,Session1,0380,data/processed/torgo_aai_features/MC02/Session1/0380.npz,484,10,1|1|1|1|0|1|1|1|1|1|0|1,2,head_audio_pos_same_start_100hz
MC02,control,Session1,0381,data/processed/torgo_aai_features/MC02/Session1/0381.npz,361,10,1|1|1|1|0|1|1|1|1|1|0|1,2,head_audio_pos_same_start_100hz
MC02,control,Session1,0382,data/processed/torgo_aai_features/MC02/Session1/0382.npz,295,12,1|1|1|1|1|1|1|1|1|1|1|1,,head_audio_pos_same_start_100hz
MC02,control,Session1,0383,data/processed/torgo_aai_features/MC02/Session1/0383.npz,470,12,1|1|1|1|1|1|1|1|1|1|1|1,,head_audio_pos_same_start_100hz
MC02,control,Session1,0384,data/processed/torgo_aai_features/MC02/Session1/0384.npz,393,12,1|1|1|1|1|1|1|1|1|1|1|1,,head_audio_pos_same_start_100hz
MC02,control,Session1,0385,data/processed/torgo_aai_features/MC02/Session1/0385.npz,269,12,1|1|1|1|1|1|1|1|1|1|1|1,,head_audio_pos_same_start_100hz
MC02,control,Session1,0386,data/processed/torgo_aai_features/MC02/Session1/0386.npz,296,10,1|1|1|1|0|1|1|1|1|1|0|1,2,head_audio_pos_same_start_100hz
MC02,control,Session1,0387,data/processed/torgo_aai_features/MC02/Session1/0387.npz,247,12,1|1|1|1|1|1|1|1|1|1|1|1,,head_audio_pos_same_start_100hz
MC02,control,Session1,0388,data/processed/torgo_aai_features/MC02/Session1/0388.npz,272,12,1|1|1|1|1|1|1|1|1|1|1|1,,head_audio_pos_same_start_100hz
MC02,control,Session2,0004,data/processed/torgo_aai_features/MC02/Session2/0004.npz,272,12,1|1|1|1|1|1|1|1|1|1|1|1,,head_audio_pos_same_start_100hz
MC02,control,Session2,0005,data/processed/torgo_aai_features/MC02/Session2/0005.npz,250,12,1|1|1|1|1|1|1|1|1|1|1|1,,head_audio_pos_same_start_100hz
MC02,control,Session2,0006,data/processed/torgo_aai_features/MC02/Session2/0006.npz,302,12,1|1|1|1|1|1|1|1|1|1|1|1,,head_audio_pos_same_start_100hz
MC02,control,Session2,0007,data/processed/torgo_aai_features/MC02/Session2/0007.npz,480,12,1|1|1|1|1|1|1|1|1|1|1|1,,head_audio_pos_same_start_100hz
MC02,control,Session2,0008,data/processed/torgo_aai_features/MC02/Session2/0008.npz,263,12,1|1|1|1|1|1|1|1|1|1|1|1,,head_audio_pos_same_start_100hz
MC02,control,Session2,0009,data/processed/torgo_aai_features/MC02/Session2/0009.npz,421,12,1|1|1|1|1|1|1|1|1|1|1|1,,head_audio_pos_same_start_100hz
MC02,control,Session2,0010,data/processed/torgo_aai_features/MC02/Session2/0010.npz,442,12,1|1|1|1|1|1|1|1|1|1|1|1,,head_audio_pos_same_start_100hz
MC02,control,Session2,0011,data/processed/torgo_aai_features/MC02/Session2/0011.npz,573,12,1|1|1|1|1|1|1|1|1|1|1|1,,head_audio_pos_same_start_100hz
MC02,control,Session2,0012,data/processed/torgo_aai_features/MC02/Session2/0012.npz,311,12,1|1|1|1|1|1|1|1|1|1|1|1,,head_audio_pos_same_start_100hz
MC02,control,Session2,0013,data/processed/torgo_aai_features/MC02/Session2/0013.npz,561,12,1|1|1|1|1|1|1|1|1|1|1|1,,head_audio_pos_same_start_100hz
MC02,control,Session2,0014,data/processed/torgo_aai_features/MC02/Session2/0014.npz,306,12,1|1|1|1|1|1|1|1|1|1|1|1,,head_audio_pos_same_start_100hz
MC02,control,Session2,0015,data/processed/torgo_aai_features/MC02/Session2/0015.npz,349,12,1|1|1|1|1|1|1|1|1|1|1|1,,head_audio_pos_same_start_100hz
MC02,control,Session2,0016,data/processed/torgo_aai_features/MC02/Session2/0016.npz,320,12,1|1|1|1|1|1|1|1|1|1|1|1,,head_audio_pos_same_start_100hz
MC02,control,Session2,0017,data/processed/torgo_aai_features/MC02/Session2/0017.npz,485,12,1|1|1|1|1|1|1|1|1|1|1|1,,head_audio_pos_same_start_100hz
MC02,control,Session2,0018,data/processed/torgo_aai_features/MC02/Session2/0018.npz,517,12,1|1|1|1|1|1|1|1|1|1|1|1,,head_audio_pos_same_start_100hz
MC02,control,Session2,0019,data/processed/torgo_aai_features/MC02/Session2/0019.npz,287,12,1|1|1|1|1|1|1|1|1|1|1|1,,head_audio_pos_same_start_100hz
MC02,control,Session2,0020,data/processed/torgo_aai_features/MC02/Session2/0020.npz,336,12,1|1|1|1|1|1|1|1|1|1|1|1,,head_audio_pos_same_start_100hz
MC02,control,Session2,0021,data/processed/torgo_aai_features/MC02/Session2/0021.npz,332,12,1|1|1|1|1|1|1|1|1|1|1|1,,head_audio_pos_same_start_100hz
MC02,control,Session2,0022,data/processed/torgo_aai_features/MC02/Session2/0022.npz,316,12,1|1|1|1|1|1|1|1|1|1|1|1,,head_audio_pos_same_start_100hz
MC02,control,Session2,0023,data/processed/torgo_aai_features/MC02/Session2/0023.npz,322,12,1|1|1|1|1|1|1|1|1|1|1|1,,head_audio_pos_same_start_100hz
MC02,control,Session2,0024,data/processed/torgo_aai_features/MC02/Session2/0024.npz,396,12,1|1|1|1|1|1|1|1|1|1|1|1,,head_audio_pos_same_start_100hz
MC02,control,Session2,0025,data/processed/torgo_aai_features/MC02/Session2/0025.npz,225,12,1|1|1|1|1|1|1|1|1|1|1|1,,head_audio_pos_same_start_100hz
MC02,control,Session2,0026,data/processed/torgo_aai_features/MC02/Session2/0026.npz,249,12,1|1|1|1|1|1|1|1|1|1|1|1,,head_audio_pos_same_start_100hz
MC02,control,Session2,0027,data/processed/torgo_aai_features/MC02/Session2/0027.npz,298,12,1|1|1|1|1|1|1|1|1|1|1|1,,head_audio_pos_same_start_100hz
MC02,control,Session2,0028,data/processed/torgo_aai_features/MC02/Session2/0028.npz,517,12,1|1|1|1|1|1|1|1|1|1|1|1,,head_audio_pos_same_start_100hz
MC02,control,Session2,0029,data/processed/torgo_aai_features/MC02/Session2/0029.npz,278,12,1|1|1|1|1|1|1|1|1|1|1|1,,head_audio_pos_same_start_100hz
MC02,control,Session2,0030,data/processed/torgo_aai_features/MC02/Session2/0030.npz,241,12,1|1|1|1|1|1|1|1|1|1|1|1,,head_audio_pos_same_start_100hz
MC02,control,Session2,0031,data/processed/torgo_aai_features/MC02/Session2/0031.npz,289,12,1|1|1|1|1|1|1|1|1|1|1|1,,head_audio_pos_same_start_100hz
MC02,control,Session2,0032,data/processed/torgo_aai_features/MC02/Session2/0032.npz,304,12,1|1|1|1|1|1|1|1|1|1|1|1,,head_audio_pos_same_start_100hz
MC02,control,Session2,0033,data/processed/torgo_aai_features/MC02/Session2/0033.npz,276,12,1|1|1|1|1|1|1|1|1|1|1|1,,head_audio_pos_same_start_100hz
MC02,control,Session2,0034,data/processed/torgo_aai_features/MC02/Session2/0034.npz,306,12,1|1|1|1|1|1|1|1|1|1|1|1,,head_audio_pos_same_start_100hz
MC02,control,Session2,0035,data/processed/torgo_aai_features/MC02/Session2/0035.npz,460,12,1|1|1|1|1|1|1|1|1|1|1|1,,head_audio_pos_same_start_100hz
MC02,control,Session2,0036,data/processed/torgo_aai_features/MC02/Session2/0036.npz,267,12,1|1|1|1|1|1|1|1|1|1|1|1,,head_audio_pos_same_start_100hz
MC02,control,Session2,0037,data/processed/torgo_aai_features/MC02/Session2/0037.npz,269,12,1|1|1|1|1|1|1|1|1|1|1|1,,head_audio_pos_same_start_100hz
MC02,control,Session2,0038,data/processed/torgo_aai_features/MC02/Session2/0038.npz,288,12,1|1|1|1|1|1|1|1|1|1|1|1,,head_audio_pos_same_start_100hz
MC02,control,Session2,0039,data/processed/torgo_aai_features/MC02/Session2/0039.npz,289,12,1|1|1|1|1|1|1|1|1|1|1|1,,head_audio_pos_same_start_100hz
MC02,control,Session2,0040,data/processed/torgo_aai_features/MC02/Session2/0040.npz,396,10,1|1|1|1|1|0|1|1|1|1|1|0,1,head_audio_pos_same_start_100hz
MC02,control,Session2,0041,data/processed/torgo_aai_features/MC02/Session2/0041.npz,496,12,1|1|1|1|1|1|1|1|1|1|1|1,,head_audio_pos_same_start_100hz
MC02,control,Session2,0042,data/processed/torgo_aai_features/MC02/Session2/0042.npz,292,12,1|1|1|1|1|1|1|1|1|1|1|1,,head_audio_pos_same_start_100hz
MC02,control,Session2,0043,data/processed/torgo_aai_features/MC02/Session2/0043.npz,467,12,1|1|1|1|1|1|1|1|1|1|1|1,,head_audio_pos_same_start_100hz
MC02,control,Session2,0044,data/processed/torgo_aai_features/MC02/Session2/0044.npz,285,12,1|1|1|1|1|1|1|1|1|1|1|1,,head_audio_pos_same_start_100hz
MC02,control,Session2,0045,data/processed/torgo_aai_features/MC02/Session2/0045.npz,256,12,1|1|1|1|1|1|1|1|1|1|1|1,,head_audio_pos_same_start_100hz
MC02,control,Session2,0046,data/processed/torgo_aai_features/MC02/Session2/0046.npz,271,12,1|1|1|1|1|1|1|1|1|1|1|1,,head_audio_pos_same_start_100hz
MC02,control,Session2,0047,data/processed/torgo_aai_features/MC02/Session2/0047.npz,295,12,1|1|1|1|1|1|1|1|1|1|1|1,,head_audio_pos_same_start_100hz
MC02,control,Session2,0048,data/processed/torgo_aai_features/MC02/Session2/0048.npz,460,10,1|1|1|1|1|0|1|1|1|1|1|0,1,head_audio_pos_same_start_100hz
MC02,control,Session2,0049,data/processed/torgo_aai_features/MC02/Session2/0049.npz,418,12,1|1|1|1|1|1|1|1|1|1|1|1,,head_audio_pos_same_start_100hz
MC02,control,Session2,0050,data/processed/torgo_aai_features/MC02/Session2/0050.npz,282,12,1|1|1|1|1|1|1|1|1|1|1|1,,head_audio_pos_same_start_100hz
MC02,control,Session2,0051,data/processed/torgo_aai_features/MC02/Session2/0051.npz,447,12,1|1|1|1|1|1|1|1|1|1|1|1,,head_audio_pos_same_start_100hz
MC02,control,Session2,0052,data/processed/torgo_aai_features/MC02/Session2/0052.npz,292,12,1|1|1|1|1|1|1|1|1|1|1|1,,head_audio_pos_same_start_100hz
MC02,control,Session2,0053,data/processed/torgo_aai_features/MC02/Session2/0053.npz,331,12,1|1|1|1|1|1|1|1|1|1|1|1,,head_audio_pos_same_start_100hz
MC02,control,Session2,0054,data/processed/torgo_aai_features/MC02/Session2/0054.npz,293,12,1|1|1|1|1|1|1|1|1|1|1|1,,head_audio_pos_same_start_100hz
MC02,control,Session2,0055,data/processed/torgo_aai_features/MC02/Session2/0055.npz,626,12,1|1|1|1|1|1|1|1|1|1|1|1,,head_audio_pos_same_start_100hz
MC02,control,Session2,0056,data/processed/torgo_aai_features/MC02/Session2/0056.npz,271,12,1|1|1|1|1|1|1|1|1|1|1|1,,head_audio_pos_same_start_100hz
MC02,control,Session2,0057,data/processed/torgo_aai_features/MC02/Session2/0057.npz,300,10,1|1|1|1|1|0|1|1|1|1|1|0,1,head_audio_pos_same_start_100hz
MC02,control,Session2,0058,data/processed/torgo_aai_features/MC02/Session2/0058.npz,357,12,1|1|1|1|1|1|1|1|1|1|1|1,,head_audio_pos_same_start_100hz
MC02,control,Session2,0059,data/processed/torgo_aai_features/MC02/Session2/0059.npz,567,10,1|1|1|1|1|0|1|1|1|1|1|0,1,head_audio_pos_same_start_100hz
MC02,control,Session2,0060,data/processed/torgo_aai_features/MC02/Session2/0060.npz,303,10,1|1|1|1|1|0|1|1|1|1|1|0,1,head_audio_pos_same_start_100hz
MC02,control,Session2,0061,data/processed/torgo_aai_features/MC02/Session2/0061.npz,271,12,1|1|1|1|1|1|1|1|1|1|1|1,,head_audio_pos_same_start_100hz
MC02,control,Session2,0062,data/processed/torgo_aai_features/MC02/Session2/0062.npz,663,12,1|1|1|1|1|1|1|1|1|1|1|1,,head_audio_pos_same_start_100hz
MC02,control,Session2,0063,data/processed/torgo_aai_features/MC02/Session2/0063.npz,307,12,1|1|1|1|1|1|1|1|1|1|1|1,,head_audio_pos_same_start_100hz
MC02,control,Session2,0064,data/processed/torgo_aai_features/MC02/Session2/0064.npz,286,12,1|1|1|1|1|1|1|1|1|1|1|1,,head_audio_pos_same_start_100hz
MC02,control,Session2,0065,data/processed/torgo_aai_features/MC02/Session2/0065.npz,284,12,1|1|1|1|1|1|1|1|1|1|1|1,,head_audio_pos_same_start_100hz
MC02,control,Session2,0066,data/processed/torgo_aai_features/MC02/Session2/0066.npz,313,12,1|1|1|1|1|1|1|1|1|1|1|1,,head_audio_pos_same_start_100hz
MC02,control,Session2,0067,data/processed/torgo_aai_features/MC02/Session2/0067.npz,292,12,1|1|1|1|1|1|1|1|1|1|1|1,,head_audio_pos_same_start_100hz
MC02,control,Session2,0068,data/processed/torgo_aai_features/MC02/Session2/0068.npz,294,12,1|1|1|1|1|1|1|1|1|1|1|1,,head_audio_pos_same_start_100hz
MC02,control,Session2,0069,data/processed/torgo_aai_features/MC02/Session2/0069.npz,429,12,1|1|1|1|1|1|1|1|1|1|1|1,,head_audio_pos_same_start_100hz
MC02,control,Session2,0070,data/processed/torgo_aai_features/MC02/Session2/0070.npz,244,12,1|1|1|1|1|1|1|1|1|1|1|1,,head_audio_pos_same_start_100hz
MC02,control,Session2,0071,data/processed/torgo_aai_features/MC02/Session2/0071.npz,278,12,1|1|1|1|1|1|1|1|1|1|1|1,,head_audio_pos_same_start_100hz
MC02,control,Session2,0072,data/processed/torgo_aai_features/MC02/Session2/0072.npz,261,12,1|1|1|1|1|1|1|1|1|1|1|1,,head_audio_pos_same_start_100hz
MC02,control,Session2,0073,data/processed/torgo_aai_features/MC02/Session2/0073.npz,289,12,1|1|1|1|1|1|1|1|1|1|1|1,,head_audio_pos_same_start_100hz
MC02,control,Session2,0074,data/processed/torgo_aai_features/MC02/Session2/0074.npz,266,12,1|1|1|1|1|1|1|1|1|1|1|1,,head_audio_pos_same_start_100hz
MC02,control,Session2,0075,data/processed/torgo_aai_features/MC02/Session2/0075.npz,274,12,1|1|1|1|1|1|1|1|1|1|1|1,,head_audio_pos_same_start_100hz
MC02,control,Session2,0076,data/processed/torgo_aai_features/MC02/Session2/0076.npz,304,12,1|1|1|1|1|1|1|1|1|1|1|1,,head_audio_pos_same_start_100hz
MC02,control,Session2,0077,data/processed/torgo_aai_features/MC02/Session2/0077.npz,349,12,1|1|1|1|1|1|1|1|1|1|1|1,,head_audio_pos_same_start_100hz
MC02,control,Session2,0078,data/processed/torgo_aai_features/MC02/Session2/0078.npz,300,12,1|1|1|1|1|1|1|1|1|1|1|1,,head_audio_pos_same_start_100hz
MC02,control,Session2,0079,data/processed/torgo_aai_features/MC02/Session2/0079.npz,317,12,1|1|1|1|1|1|1|1|1|1|1|1,,head_audio_pos_same_start_100hz
MC03,control,Session1,0001,data/processed/torgo_aai_features/MC03/Session1/0001.npz,570,12,1|1|1|1|1|1|1|1|1|1|1|1,9,head_audio_pos_same_start_100hz
MC03,control,Session1,0002,data/processed/torgo_aai_features/MC03/Session1/0002.npz,619,12,1|1|1|1|1|1|1|1|1|1|1|1,,head_audio_pos_same_start_100hz
MC03,control,Session1,0003,data/processed/torgo_aai_features/MC03/Session1/0003.npz,352,12,1|1|1|1|1|1|1|1|1|1|1|1,,head_audio_pos_same_start_100hz
MC03,control,Session1,0004,data/processed/torgo_aai_features/MC03/Session1/0004.npz,596,12,1|1|1|1|1|1|1|1|1|1|1|1,,head_audio_pos_same_start_100hz
MC03,control,Session1,0005,data/processed/torgo_aai_features/MC03/Session1/0005.npz,657,12,1|1|1|1|1|1|1|1|1|1|1|1,,head_audio_pos_same_start_100hz
MC03,control,Session1,0006,data/processed/torgo_aai_features/MC03/Session1/0006.npz,190,12,1|1|1|1|1|1|1|1|1|1|1|1,,head_audio_pos_same_start_100hz
MC03,control,Session1,0007,data/processed/torgo_aai_features/MC03/Session1/0007.npz,158,12,1|1|1|1|1|1|1|1|1|1|1|1,,head_audio_pos_same_start_100hz
MC03,control,Session1,0008,data/processed/torgo_aai_features/MC03/Session1/0008.npz,150,12,1|1|1|1|1|1|1|1|1|1|1|1,,head_audio_pos_same_start_100hz
MC03,control,Session1,0009,data/processed/torgo_aai_features/MC03/Session1/0009.npz,241,12,1|1|1|1|1|1|1|1|1|1|1|1,,head_audio_pos_same_start_100hz
MC03,control,Session1,0010,data/processed/torgo_aai_features/MC03/Session1/0010.npz,181,12,1|1|1|1|1|1|1|1|1|1|1|1,,head_audio_pos_same_start_100hz
MC03,control,Session1,0011,data/processed/torgo_aai_features/MC03/Session1/0011.npz,182,12,1|1|1|1|1|1|1|1|1|1|1|1,,head_audio_pos_same_start_100hz
MC03,control,Session1,0012,data/processed/torgo_aai_features/MC03/Session1/0012.npz,176,12,1|1|1|1|1|1|1|1|1|1|1|1,,head_audio_pos_same_start_100hz
MC03,control,Session1,0013,data/processed/torgo_aai_features/MC03/Session1/0013.npz,405,12,1|1|1|1|1|1|1|1|1|1|1|1,,head_audio_pos_same_start_100hz
MC03,control,Session1,0014,data/processed/torgo_aai_features/MC03/Session1/0014.npz,170,12,1|1|1|1|1|1|1|1|1|1|1|1,,head_audio_pos_same_start_100hz
MC03,control,Session1,0015,data/processed/torgo_aai_features/MC03/Session1/0015.npz,151,12,1|1|1|1|1|1|1|1|1|1|1|1,,head_audio_pos_same_start_100hz
MC03,control,Session1,0016,data/processed/torgo_aai_features/MC03/Session1/0016.npz,163,12,1|1|1|1|1|1|1|1|1|1|1|1,,head_audio_pos_same_start_100hz
MC03,control,Session1,0017,data/processed/torgo_aai_features/MC03/Session1/0017.npz,156,12,1|1|1|1|1|1|1|1|1|1|1|1,,head_audio_pos_same_start_100hz
MC03,control,Session1,0018,data/processed/torgo_aai_features/MC03/Session1/0018.npz,160,12,1|1|1|1|1|1|1|1|1|1|1|1,,head_audio_pos_same_start_100hz
MC03,control,Session1,0019,data/processed/torgo_aai_features/MC03/Session1/0019.npz,165,12,1|1|1|1|1|1|1|1|1|1|1|1,,head_audio_pos_same_start_100hz
MC03,control,Session1,0020,data/processed/torgo_aai_features/MC03/Session1/0020.npz,171,12,1|1|1|1|1|1|1|1|1|1|1|1,,head_audio_pos_same_start_100hz
MC03,control,Session1,0021,data/processed/torgo_aai_features/MC03/Session1/0021.npz,251,12,1|1|1|1|1|1|1|1|1|1|1|1,,head_audio_pos_same_start_100hz
MC03,control,Session1,0022,data/processed/torgo_aai_features/MC03/Session1/0022.npz,175,12,1|1|1|1|1|1|1|1|1|1|1|1,,head_audio_pos_same_start_100hz
MC03,control,Session1,0023,data/processed/torgo_aai_features/MC03/Session1/0023.npz,191,12,1|1|1|1|1|1|1|1|1|1|1|1,,head_audio_pos_same_start_100hz
MC03,control,Session1,0024,data/processed/torgo_aai_features/MC03/Session1/0024.npz,184,12,1|1|1|1|1|1|1|1|1|1|1|1,,head_audio_pos_same_start_100hz
MC03,control,Session1,0025,data/processed/torgo_aai_features/MC03/Session1/0025.npz,174,12,1|1|1|1|1|1|1|1|1|1|1|1,,head_audio_pos_same_start_100hz
MC03,control,Session1,0026,data/processed/torgo_aai_features/MC03/Session1/0026.npz,195,12,1|1|1|1|1|1|1|1|1|1|1|1,,head_audio_pos_same_start_100hz
MC03,control,Session1,0027,data/processed/torgo_aai_features/MC03/Session1/0027.npz,189,12,1|1|1|1|1|1|1|1|1|1|1|1,,head_audio_pos_same_start_100hz
MC03,control,Session1,0028,data/processed/torgo_aai_features/MC03/Session1/0028.npz,174,12,1|1|1|1|1|1|1|1|1|1|1|1,,head_audio_pos_same_start_100hz
MC03,control,Session1,0029,data/processed/torgo_aai_features/MC03/Session1/0029.npz,155,12,1|1|1|1|1|1|1|1|1|1|1|1,,head_audio_pos_same_start_100hz
MC03,control,Session1,0030,data/processed/torgo_aai_features/MC03/Session1/0030.npz,156,12,1|1|1|1|1|1|1|1|1|1|1|1,,head_audio_pos_same_start_100hz
MC03,control,Session1,0031,data/processed/torgo_aai_features/MC03/Session1/0031.npz,150,12,1|1|1|1|1|1|1|1|1|1|1|1,,head_audio_pos_same_start_100hz
MC03,control,Session1,0032,data/processed/torgo_aai_features/MC03/Session1/0032.npz,151,12,1|1|1|1|1|1|1|1|1|1|1|1,,head_audio_pos_same_start_100hz
MC03,control,Session1,0033,data/processed/torgo_aai_features/MC03/Session1/0033.npz,132,12,1|1|1|1|1|1|1|1|1|1|1|1,,head_audio_pos_same_start_100hz
MC03,control,Session1,0034,data/processed/torgo_aai_features/MC03/Session1/0034.npz,148,12,1|1|1|1|1|1|1|1|1|1|1|1,,head_audio_pos_same_start_100hz
MC03,control,Session1,0035,data/processed/torgo_aai_features/MC03/Session1/0035.npz,153,12,1|1|1|1|1|1|1|1|1|1|1|1,,head_audio_pos_same_start_100hz
MC03,control,Session1,0036,data/processed/torgo_aai_features/MC03/Session1/0036.npz,147,12,1|1|1|1|1|1|1|1|1|1|1|1,,head_audio_pos_same_start_100hz
MC03,control,Session1,0037,data/processed/torgo_aai_features/MC03/Session1/0037.npz,139,12,1|1|1|1|1|1|1|1|1|1|1|1,,head_audio_pos_same_start_100hz
MC03,control,Session1,0038,data/processed/torgo_aai_features/MC03/Session1/0038.npz,130,12,1|1|1|1|1|1|1|1|1|1|1|1,,head_audio_pos_same_start_100hz
MC03,control,Session1,0039,data/processed/torgo_aai_features/MC03/Session1/0039.npz,161,12,1|1|1|1|1|1|1|1|1|1|1|1,,head_audio_pos_same_start_100hz
MC03,control,Session1,0040,data/processed/torgo_aai_features/MC03/Session1/0040.npz,144,12,1|1|1|1|1|1|1|1|1|1|1|1,,head_audio_pos_same_start_100hz
MC03,control,Session1,0041,data/processed/torgo_aai_features/MC03/Session1/0041.npz,161,12,1|1|1|1|1|1|1|1|1|1|1|1,,head_audio_pos_same_start_100hz
MC03,control,Session1,0042,data/processed/torgo_aai_features/MC03/Session1/0042.npz,161,12,1|1|1|1|1|1|1|1|1|1|1|1,,head_audio_pos_same_start_100hz
MC03,control,Session1,0043,data/processed/torgo_aai_features/MC03/Session1/0043.npz,144,12,1|1|1|1|1|1|1|1|1|1|1|1,,head_audio_pos_same_start_100hz
MC03,control,Session1,0044,data/processed/torgo_aai_features/MC03/Session1/0044.npz,162,12,1|1|1|1|1|1|1|1|1|1|1|1,,head_audio_pos_same_start_100hz
MC03,control,Session1,0045,data/processed/torgo_aai_features/MC03/Session1/0045.npz,168,12,1|1|1|1|1|1|1|1|1|1|1|1,,head_audio_pos_same_start_100hz
MC03,control,Session1,0046,data/processed/torgo_aai_features/MC03/Session1/0046.npz,160,12,1|1|1|1|1|1|1|1|1|1|1|1,,head_audio_pos_same_start_100hz
MC03,control,Session1,0047,data/processed/torgo_aai_features/MC03/Session1/0047.npz,210,12,1|1|1|1|1|1|1|1|1|1|1|1,,head_audio_pos_same_start_100hz
MC03,control,Session1,0048,data/processed/torgo_aai_features/MC03/Session1/0048.npz,623,12,1|1|1|1|1|1|1|1|1|1|1|1,,head_audio_pos_same_start_100hz
MC03,control,Session1,0049,data/processed/torgo_aai_features/MC03/Session1/0049.npz,176,12,1|1|1|1|1|1|1|1|1|1|1|1,,head_audio_pos_same_start_100hz
MC03,control,Session1,0050,data/processed/torgo_aai_features/MC03/Session1/0050.npz,608,12,1|1|1|1|1|1|1|1|1|1|1|1,,head_audio_pos_same_start_100hz
MC03,control,Session1,0051,data/processed/torgo_aai_features/MC03/Session1/0051.npz,193,12,1|1|1|1|1|1|1|1|1|1|1|1,,head_audio_pos_same_start_100hz
MC03,control,Session1,0052,data/processed/torgo_aai_features/MC03/Session1/0052.npz,375,12,1|1|1|1|1|1|1|1|1|1|1|1,,head_audio_pos_same_start_100hz
MC03,control,Session1,0053,data/processed/torgo_aai_features/MC03/Session1/0053.npz,153,12,1|1|1|1|1|1|1|1|1|1|1|1,,head_audio_pos_same_start_100hz
MC03,control,Session1,0054,data/processed/torgo_aai_features/MC03/Session1/0054.npz,141,12,1|1|1|1|1|1|1|1|1|1|1|1,,head_audio_pos_same_start_100hz
MC03,control,Session1,0055,data/processed/torgo_aai_features/MC03/Session1/0055.npz,147,12,1|1|1|1|1|1|1|1|1|1|1|1,,head_audio_pos_same_start_100hz
MC03,control,Session1,0056,data/processed/torgo_aai_features/MC03/Session1/0056.npz,151,12,1|1|1|1|1|1|1|1|1|1|1|1,,head_audio_pos_same_start_100hz
MC03,control,Session1,0057,data/processed/torgo_aai_features/MC03/Session1/0057.npz,396,12,1|1|1|1|1|1|1|1|1|1|1|1,,head_audio_pos_same_start_100hz
MC03,control,Session1,0058,data/processed/torgo_aai_features/MC03/Session1/0058.npz,186,12,1|1|1|1|1|1|1|1|1|1|1|1,,head_audio_pos_same_start_100hz
MC03,control,Session1,0059,data/processed/torgo_aai_features/MC03/Session1/0059.npz,158,12,1|1|1|1|1|1|1|1|1|1|1|1,,head_audio_pos_same_start_100hz
MC03,control,Session1,0060,data/processed/torgo_aai_features/MC03/Session1/0060.npz,406,12,1|1|1|1|1|1|1|1|1|1|1|1,,head_audio_pos_same_start_100hz
MC03,control,Session1,0061,data/processed/torgo_aai_features/MC03/Session1/0061.npz,372,12,1|1|1|1|1|1|1|1|1|1|1|1,,head_audio_pos_same_start_100hz
MC03,control,Session1,0062,data/processed/torgo_aai_features/MC03/Session1/0062.npz,32,12,1|1|1|1|1|1|1|1|1|1|1|1,,head_audio_pos_same_start_100hz
MC03,control,Session1,0063,data/processed/torgo_aai_features/MC03/Session1/0063.npz,250,12,1|1|1|1|1|1|1|1|1|1|1|1,,head_audio_pos_same_start_100hz
MC03,control,Session1,0064,data/processed/torgo_aai_features/MC03/Session1/0064.npz,349,12,1|1|1|1|1|1|1|1|1|1|1|1,,head_audio_pos_same_start_100hz
MC03,control,Session1,0065,data/processed/torgo_aai_features/MC03/Session1/0065.npz,170,12,1|1|1|1|1|1|1|1|1|1|1|1,,head_audio_pos_same_start_100hz
MC03,control,Session1,0066,data/processed/torgo_aai_features/MC03/Session1/0066.npz,408,12,1|1|1|1|1|1|1|1|1|1|1|1,,head_audio_pos_same_start_100hz
MC03,control,Session1,0067,data/processed/torgo_aai_features/MC03/Session1/0067.npz,166,12,1|1|1|1|1|1|1|1|1|1|1|1,,head_audio_pos_same_start_100hz
MC03,control,Session1,0068,data/processed/torgo_aai_features/MC03/Session1/0068.npz,158,12,1|1|1|1|1|1|1|1|1|1|1|1,,head_audio_pos_same_start_100hz
MC03,control,Session1,0069,data/processed/torgo_aai_features/MC03/Session1/0069.npz,159,12,1|1|1|1|1|1|1|1|1|1|1|1,,head_audio_pos_same_start_100hz
MC03,control,Session1,0070,data/processed/torgo_aai_features/MC03/Session1/0070.npz,224,12,1|1|1|1|1|1|1|1|1|1|1|1,,head_audio_pos_same_start_100hz
MC03,control,Session1,0071,data/processed/torgo_aai_features/MC03/Session1/0071.npz,180,12,1|1|1|1|1|1|1|1|1|1|1|1,,head_audio_pos_same_start_100hz
MC03,control,Session1,0072,data/processed/torgo_aai_features/MC03/Session1/0072.npz,178,12,1|1|1|1|1|1|1|1|1|1|1|1,,head_audio_pos_same_start_100hz
MC03,control,Session1,0073,data/processed/torgo_aai_features/MC03/Session1/0073.npz,172,12,1|1|1|1|1|1|1|1|1|1|1|1,,head_audio_pos_same_start_100hz
MC03,control,Session1,0074,data/processed/torgo_aai_features/MC03/Session1/0074.npz,157,12,1|1|1|1|1|1|1|1|1|1|1|1,,head_audio_pos_same_start_100hz
MC03,control,Session1,0075,data/processed/torgo_aai_features/MC03/Session1/0075.npz,187,12,1|1|1|1|1|1|1|1|1|1|1|1,,head_audio_pos_same_start_100hz
MC03,control,Session1,0076,data/processed/torgo_aai_features/MC03/Session1/0076.npz,506,12,1|1|1|1|1|1|1|1|1|1|1|1,,head_audio_pos_same_start_100hz
MC03,control,Session1,0077,data/processed/torgo_aai_features/MC03/Session1/0077.npz,460,12,1|1|1|1|1|1|1|1|1|1|1|1,,head_audio_pos_same_start_100hz
MC03,control,Session1,0078,data/processed/torgo_aai_features/MC03/Session1/0078.npz,228,12,1|1|1|1|1|1|1|1|1|1|1|1,,head_audio_pos_same_start_100hz
MC03,control,Session1,0079,data/processed/torgo_aai_features/MC03/Session1/0079.npz,156,12,1|1|1|1|1|1|1|1|1|1|1|1,,head_audio_pos_same_start_100hz
MC03,control,Session1,0080,data/processed/torgo_aai_features/MC03/Session1/0080.npz,166,12,1|1|1|1|1|1|1|1|1|1|1|1,,head_audio_pos_same_start_100hz
MC03,control,Session1,0081,data/processed/torgo_aai_features/MC03/Session1/0081.npz,164,12,1|1|1|1|1|1|1|1|1|1|1|1,,head_audio_pos_same_start_100hz
MC03,control,Session1,0082,data/processed/torgo_aai_features/MC03/Session1/0082.npz,503,12,1|1|1|1|1|1|1|1|1|1|1|1,,head_audio_pos_same_start_100hz
MC03,control,Session1,0083,data/processed/torgo_aai_features/MC03/Session1/0083.npz,582,12,1|1|1|1|1|1|1|1|1|1|1|1,,head_audio_pos_same_start_100hz
MC03,control,Session1,0084,data/processed/torgo_aai_features/MC03/Session1/0084.npz,129,12,1|1|1|1|1|1|1|1|1|1|1|1,,head_audio_pos_same_start_100hz
MC03,control,Session1,0085,data/processed/torgo_aai_features/MC03/Session1/0085.npz,161,12,1|1|1|1|1|1|1|1|1|1|1|1,,head_audio_pos_same_start_100hz
MC03,control,Session1,0086,data/processed/torgo_aai_features/MC03/Session1/0086.npz,521,12,1|1|1|1|1|1|1|1|1|1|1|1,,head_audio_pos_same_start_100hz
MC03,control,Session1,0087,data/processed/torgo_aai_features/MC03/Session1/0087.npz,162,12,1|1|1|1|1|1|1|1|1|1|1|1,,head_audio_pos_same_start_100hz
MC03,control,Session1,0088,data/processed/torgo_aai_features/MC03/Session1/0088.npz,160,12,1|1|1|1|1|1|1|1|1|1|1|1,,head_audio_pos_same_start_100hz
MC03,control,Session1,0089,data/processed/torgo_aai_features/MC03/Session1/0089.npz,425,12,1|1|1|1|1|1|1|1|1|1|1|1,,head_audio_pos_same_start_100hz
MC03,control,Session1,0090,data/processed/torgo_aai_features/MC03/Session1/0090.npz,166,12,1|1|1|1|1|1|1|1|1|1|1|1,,head_audio_pos_same_start_100hz
MC03,control,Session1,0091,data/processed/torgo_aai_features/MC03/Session1/0091.npz,170,12,1|1|1|1|1|1|1|1|1|1|1|1,,head_audio_pos_same_start_100hz
MC03,control,Session1,0092,data/processed/torgo_aai_features/MC03/Session1/0092.npz,453,12,1|1|1|1|1|1|1|1|1|1|1|1,,head_audio_pos_same_start_100hz
MC03,control,Session1,0093,data/processed/torgo_aai_features/MC03/Session1/0093.npz,153,12,1|1|1|1|1|1|1|1|1|1|1|1,,head_audio_pos_same_start_100hz
MC03,control,Session1,0094,data/processed/torgo_aai_features/MC03/Session1/0094.npz,163,12,1|1|1|1|1|1|1|1|1|1|1|1,,head_audio_pos_same_start_100hz
MC03,control,Session1,0095,data/processed/torgo_aai_features/MC03/Session1/0095.npz,156,12,1|1|1|1|1|1|1|1|1|1|1|1,,head_audio_pos_same_start_100hz
MC03,control,Session1,0096,data/processed/torgo_aai_features/MC03/Session1/0096.npz,399,12,1|1|1|1|1|1|1|1|1|1|1|1,,head_audio_pos_same_start_100hz
MC03,control,Session1,0097,data/processed/torgo_aai_features/MC03/Session1/0097.npz,157,12,1|1|1|1|1|1|1|1|1|1|1|1,,head_audio_pos_same_start_100hz
MC03,control,Session1,0098,data/processed/torgo_aai_features/MC03/Session1/0098.npz,158,12,1|1|1|1|1|1|1|1|1|1|1|1,,head_audio_pos_same_start_100hz
MC03,control,Session1,0099,data/processed/torgo_aai_features/MC03/Session1/0099.npz,177,12,1|1|1|1|1|1|1|1|1|1|1|1,,head_audio_pos_same_start_100hz
MC03,control,Session1,0100,data/processed/torgo_aai_features/MC03/Session1/0100.npz,152,12,1|1|1|1|1|1|1|1|1|1|1|1,,head_audio_pos_same_start_100hz
MC03,control,Session1,0101,data/processed/torgo_aai_features/MC03/Session1/0101.npz,165,12,1|1|1|1|1|1|1|1|1|1|1|1,,head_audio_pos_same_start_100hz
MC03,control,Session1,0102,data/processed/torgo_aai_features/MC03/Session1/0102.npz,152,12,1|1|1|1|1|1|1|1|1|1|1|1,,head_audio_pos_same_start_100hz
MC03,control,Session1,0103,data/processed/torgo_aai_features/MC03/Session1/0103.npz,137,12,1|1|1|1|1|1|1|1|1|1|1|1,,head_audio_pos_same_start_100hz
MC03,control,Session1,0104,data/processed/torgo_aai_features/MC03/Session1/0104.npz,157,12,1|1|1|1|1|1|1|1|1|1|1|1,,head_audio_pos_same_start_100hz
MC03,control,Session1,0105,data/processed/torgo_aai_features/MC03/Session1/0105.npz,151,12,1|1|1|1|1|1|1|1|1|1|1|1,,head_audio_pos_same_start_100hz
MC03,control,Session1,0106,data/processed/torgo_aai_features/MC03/Session1/0106.npz,168,12,1|1|1|1|1|1|1|1|1|1|1|1,,head_audio_pos_same_start_100hz
MC03,control,Session1,0107,data/processed/torgo_aai_features/MC03/Session1/0107.npz,146,12,1|1|1|1|1|1|1|1|1|1|1|1,,head_audio_pos_same_start_100hz
MC03,control,Session1,0108,data/processed/torgo_aai_features/MC03/Session1/0108.npz,149,12,1|1|1|1|1|1|1|1|1|1|1|1,,head_audio_pos_same_start_100hz
MC03,control,Session1,0109,data/processed/torgo_aai_features/MC03/Session1/0109.npz,183,12,1|1|1|1|1|1|1|1|1|1|1|1,,head_audio_pos_same_start_100hz
MC03,control,Session1,0110,data/processed/torgo_aai_features/MC03/Session1/0110.npz,568,12,1|1|1|1|1|1|1|1|1|1|1|1,,head_audio_pos_same_start_100hz
MC03,control,Session1,0111,data/processed/torgo_aai_features/MC03/Session1/0111.npz,173,12,1|1|1|1|1|1|1|1|1|1|1|1,,head_audio_pos_same_start_100hz
MC03,control,Session1,0112,data/processed/torgo_aai_features/MC03/Session1/0112.npz,412,12,1|1|1|1|1|1|1|1|1|1|1|1,,head_audio_pos_same_start_100hz
MC03,control,Session1,0113,data/processed/torgo_aai_features/MC03/Session1/0113.npz,543,12,1|1|1|1|1|1|1|1|1|1|1|1,,head_audio_pos_same_start_100hz
MC03,control,Session1,0114,data/processed/torgo_aai_features/MC03/Session1/0114.npz,149,12,1|1|1|1|1|1|1|1|1|1|1|1,,head_audio_pos_same_start_100hz
MC03,control,Session1,0115,data/processed/torgo_aai_features/MC03/Session1/0115.npz,154,12,1|1|1|1|1|1|1|1|1|1|1|1,,head_audio_pos_same_start_100hz
MC03,control,Session1,0116,data/processed/torgo_aai_features/MC03/Session1/0116.npz,146,12,1|1|1|1|1|1|1|1|1|1|1|1,,head_audio_pos_same_start_100hz
MC03,control,Session1,0117,data/processed/torgo_aai_features/MC03/Session1/0117.npz,152,12,1|1|1|1|1|1|1|1|1|1|1|1,,head_audio_pos_same_start_100hz
MC03,control,Session1,0118,data/processed/torgo_aai_features/MC03/Session1/0118.npz,508,12,1|1|1|1|1|1|1|1|1|1|1|1,,head_audio_pos_same_start_100hz
MC03,control,Session1,0119,data/processed/torgo_aai_features/MC03/Session1/0119.npz,32,12,1|1|1|1|1|1|1|1|1|1|1|1,,head_audio_pos_same_start_100hz
MC03,control,Session1,0120,data/processed/torgo_aai_features/MC03/Session1/0120.npz,195,12,1|1|1|1|1|1|1|1|1|1|1|1,,head_audio_pos_same_start_100hz
MC03,control,Session1,0121,data/processed/torgo_aai_features/MC03/Session1/0121.npz,166,12,1|1|1|1|1|1|1|1|1|1|1|1,,head_audio_pos_same_start_100hz
MC03,control,Session1,0122,data/processed/torgo_aai_features/MC03/Session1/0122.npz,167,12,1|1|1|1|1|1|1|1|1|1|1|1,,head_audio_pos_same_start_100hz
MC03,control,Session1,0123,data/processed/torgo_aai_features/MC03/Session1/0123.npz,163,12,1|1|1|1|1|1|1|1|1|1|1|1,,head_audio_pos_same_start_100hz
MC03,control,Session1,0124,data/processed/torgo_aai_features/MC03/Session1/0124.npz,173,12,1|1|1|1|1|1|1|1|1|1|1|1,,head_audio_pos_same_start_100hz
MC03,control,Session1,0125,data/processed/torgo_aai_features/MC03/Session1/0125.npz,370,12,1|1|1|1|1|1|1|1|1|1|1|1,,head_audio_pos_same_start_100hz
MC03,control,Session1,0126,data/processed/torgo_aai_features/MC03/Session1/0126.npz,205,12,1|1|1|1|1|1|1|1|1|1|1|1,,head_audio_pos_same_start_100hz
MC03,control,Session1,0127,data/processed/torgo_aai_features/MC03/Session1/0127.npz,153,12,1|1|1|1|1|1|1|1|1|1|1|1,,head_audio_pos_same_start_100hz
MC03,control,Session1,0128,data/processed/torgo_aai_features/MC03/Session1/0128.npz,425,12,1|1|1|1|1|1|1|1|1|1|1|1,,head_audio_pos_same_start_100hz
MC03,control,Session1,0129,data/processed/torgo_aai_features/MC03/Session1/0129.npz,316,12,1|1|1|1|1|1|1|1|1|1|1|1,,head_audio_pos_same_start_100hz
MC03,control,Session1,0130,data/processed/torgo_aai_features/MC03/Session1/0130.npz,153,12,1|1|1|1|1|1|1|1|1|1|1|1,,head_audio_pos_same_start_100hz
MC03,control,Session1,0131,data/processed/torgo_aai_features/MC03/Session1/0131.npz,208,12,1|1|1|1|1|1|1|1|1|1|1|1,,head_audio_pos_same_start_100hz
MC03,control,Session1,0132,data/processed/torgo_aai_features/MC03/Session1/0132.npz,327,12,1|1|1|1|1|1|1|1|1|1|1|1,,head_audio_pos_same_start_100hz
MC03,control,Session1,0133,data/processed/torgo_aai_features/MC03/Session1/0133.npz,149,12,1|1|1|1|1|1|1|1|1|1|1|1,,head_audio_pos_same_start_100hz
MC03,control,Session1,0134,data/processed/torgo_aai_features/MC03/Session1/0134.npz,147,12,1|1|1|1|1|1|1|1|1|1|1|1,,head_audio_pos_same_start_100hz
MC03,control,Session1,0135,data/processed/torgo_aai_features/MC03/Session1/0135.npz,158,12,1|1|1|1|1|1|1|1|1|1|1|1,,head_audio_pos_same_start_100hz
MC03,control,Session1,0136,data/processed/torgo_aai_features/MC03/Session1/0136.npz,310,12,1|1|1|1|1|1|1|1|1|1|1|1,,head_audio_pos_same_start_100hz
MC03,control,Session1,0137,data/processed/torgo_aai_features/MC03/Session1/0137.npz,156,12,1|1|1|1|1|1|1|1|1|1|1|1,,head_audio_pos_same_start_100hz
MC03,control,Session1,0138,data/processed/torgo_aai_features/MC03/Session1/0138.npz,165,12,1|1|1|1|1|1|1|1|1|1|1|1,,head_audio_pos_same_start_100hz
MC03,control,Session1,0139,data/processed/torgo_aai_features/MC03/Session1/0139.npz,386,12,1|1|1|1|1|1|1|1|1|1|1|1,,head_audio_pos_same_start_100hz
MC03,control,Session1,0140,data/processed/torgo_aai_features/MC03/Session1/0140.npz,156,12,1|1|1|1|1|1|1|1|1|1|1|1,,head_audio_pos_same_start_100hz
MC03,control,Session1,0141,data/processed/torgo_aai_features/MC03/Session1/0141.npz,269,12,1|1|1|1|1|1|1|1|1|1|1|1,,head_audio_pos_same_start_100hz
MC03,control,Session1,0142,data/processed/torgo_aai_features/MC03/Session1/0142.npz,157,12,1|1|1|1|1|1|1|1|1|1|1|1,,head_audio_pos_same_start_100hz
MC03,control,Session1,0143,data/processed/torgo_aai_features/MC03/Session1/0143.npz,355,12,1|1|1|1|1|1|1|1|1|1|1|1,,head_audio_pos_same_start_100hz
MC03,control,Session1,0144,data/processed/torgo_aai_features/MC03/Session1/0144.npz,153,12,1|1|1|1|1|1|1|1|1|1|1|1,,head_audio_pos_same_start_100hz
MC03,control,Session1,0145,data/processed/torgo_aai_features/MC03/Session1/0145.npz,139,12,1|1|1|1|1|1|1|1|1|1|1|1,,head_audio_pos_same_start_100hz
MC03,control,Session1,0146,data/processed/torgo_aai_features/MC03/Session1/0146.npz,152,12,1|1|1|1|1|1|1|1|1|1|1|1,,head_audio_pos_same_start_100hz
MC03,control,Session1,0147,data/processed/torgo_aai_features/MC03/Session1/0147.npz,174,12,1|1|1|1|1|1|1|1|1|1|1|1,,head_audio_pos_same_start_100hz
MC03,control,Session1,0148,data/processed/torgo_aai_features/MC03/Session1/0148.npz,141,12,1|1|1|1|1|1|1|1|1|1|1|1,,head_audio_pos_same_start_100hz
MC03,control,Session1,0149,data/processed/torgo_aai_features/MC03/Session1/0149.npz,280,12,1|1|1|1|1|1|1|1|1|1|1|1,,head_audio_pos_same_start_100hz
MC03,control,Session1,0150,data/processed/torgo_aai_features/MC03/Session1/0150.npz,153,12,1|1|1|1|1|1|1|1|1|1|1|1,,head_audio_pos_same_start_100hz
MC03,control,Session1,0151,data/processed/torgo_aai_features/MC03/Session1/0151.npz,196,12,1|1|1|1|1|1|1|1|1|1|1|1,,head_audio_pos_same_start_100hz
MC03,control,Session1,0152,data/processed/torgo_aai_features/MC03/Session1/0152.npz,392,12,1|1|1|1|1|1|1|1|1|1|1|1,,head_audio_pos_same_start_100hz
MC03,control,Session1,0153,data/processed/torgo_aai_features/MC03/Session1/0153.npz,174,12,1|1|1|1|1|1|1|1|1|1|1|1,,head_audio_pos_same_start_100hz
MC03,control,Session1,0154,data/processed/torgo_aai_features/MC03/Session1/0154.npz,558,12,1|1|1|1|1|1|1|1|1|1|1|1,,head_audio_pos_same_start_100hz
MC03,control,Session1,0155,data/processed/torgo_aai_features/MC03/Session1/0155.npz,140,12,1|1|1|1|1|1|1|1|1|1|1|1,,head_audio_pos_same_start_100hz
MC03,control,Session1,0156,data/processed/torgo_aai_features/MC03/Session1/0156.npz,137,12,1|1|1|1|1|1|1|1|1|1|1|1,,head_audio_pos_same_start_100hz
MC03,control,Session1,0157,data/processed/torgo_aai_features/MC03/Session1/0157.npz,332,12,1|1|1|1|1|1|1|1|1|1|1|1,,head_audio_pos_same_start_100hz
MC03,control,Session1,0158,data/processed/torgo_aai_features/MC03/Session1/0158.npz,156,12,1|1|1|1|1|1|1|1|1|1|1|1,,head_audio_pos_same_start_100hz
MC03,control,Session1,0159,data/processed/torgo_aai_features/MC03/Session1/0159.npz,155,12,1|1|1|1|1|1|1|1|1|1|1|1,,head_audio_pos_same_start_100hz
MC03,control,Session1,0160,data/processed/torgo_aai_features/MC03/Session1/0160.npz,176,12,1|1|1|1|1|1|1|1|1|1|1|1,,head_audio_pos_same_start_100hz
MC03,control,Session1,0161,data/processed/torgo_aai_features/MC03/Session1/0161.npz,702,12,1|1|1|1|1|1|1|1|1|1|1|1,,head_audio_pos_same_start_100hz
MC03,control,Session1,0162,data/processed/torgo_aai_features/MC03/Session1/0162.npz,208,12,1|1|1|1|1|1|1|1|1|1|1|1,,head_audio_pos_same_start_100hz
MC03,control,Session1,0163,data/processed/torgo_aai_features/MC03/Session1/0163.npz,163,12,1|1|1|1|1|1|1|1|1|1|1|1,,head_audio_pos_same_start_100hz
MC03,control,Session1,0164,data/processed/torgo_aai_features/MC03/Session1/0164.npz,154,12,1|1|1|1|1|1|1|1|1|1|1|1,,head_audio_pos_same_start_100hz
MC03,control,Session1,0165,data/processed/torgo_aai_features/MC03/Session1/0165.npz,132,12,1|1|1|1|1|1|1|1|1|1|1|1,,head_audio_pos_same_start_100hz
MC03,control,Session1,0166,data/processed/torgo_aai_features/MC03/Session1/0166.npz,142,12,1|1|1|1|1|1|1|1|1|1|1|1,,head_audio_pos_same_start_100hz
MC03,control,Session1,0167,data/processed/torgo_aai_features/MC03/Session1/0167.npz,330,12,1|1|1|1|1|1|1|1|1|1|1|1,,head_audio_pos_same_start_100hz
MC03,control,Session1,0168,data/processed/torgo_aai_features/MC03/Session1/0168.npz,341,12,1|1|1|1|1|1|1|1|1|1|1|1,,head_audio_pos_same_start_100hz
MC03,control,Session1,0169,data/processed/torgo_aai_features/MC03/Session1/0169.npz,160,12,1|1|1|1|1|1|1|1|1|1|1|1,,head_audio_pos_same_start_100hz
MC03,control,Session1,0170,data/processed/torgo_aai_features/MC03/Session1/0170.npz,332,12,1|1|1|1|1|1|1|1|1|1|1|1,,head_audio_pos_same_start_100hz
MC03,control,Session1,0171,data/processed/torgo_aai_features/MC03/Session1/0171.npz,159,12,1|1|1|1|1|1|1|1|1|1|1|1,,head_audio_pos_same_start_100hz
MC03,control,Session1,0172,data/processed/torgo_aai_features/MC03/Session1/0172.npz,137,12,1|1|1|1|1|1|1|1|1|1|1|1,,head_audio_pos_same_start_100hz
MC03,control,Session1,0173,data/processed/torgo_aai_features/MC03/Session1/0173.npz,159,12,1|1|1|1|1|1|1|1|1|1|1|1,,head_audio_pos_same_start_100hz
MC03,control,Session1,0174,data/processed/torgo_aai_features/MC03/Session1/0174.npz,155,12,1|1|1|1|1|1|1|1|1|1|1|1,,head_audio_pos_same_start_100hz
MC03,control,Session1,0175,data/processed/torgo_aai_features/MC03/Session1/0175.npz,152,12,1|1|1|1|1|1|1|1|1|1|1|1,,head_audio_pos_same_start_100hz
MC03,control,Session1,0176,data/processed/torgo_aai_features/MC03/Session1/0176.npz,289,12,1|1|1|1|1|1|1|1|1|1|1|1,,head_audio_pos_same_start_100hz
MC03,control,Session1,0177,data/processed/torgo_aai_features/MC03/Session1/0177.npz,151,12,1|1|1|1|1|1|1|1|1|1|1|1,,head_audio_pos_same_start_100hz
MC03,control,Session1,0178,data/processed/torgo_aai_features/MC03/Session1/0178.npz,187,12,1|1|1|1|1|1|1|1|1|1|1|1,,head_audio_pos_same_start_100hz
MC03,control,Session1,0179,data/processed/torgo_aai_features/MC03/Session1/0179.npz,148,12,1|1|1|1|1|1|1|1|1|1|1|1,,head_audio_pos_same_start_100hz
MC03,control,Session1,0180,data/processed/torgo_aai_features/MC03/Session1/0180.npz,367,12,1|1|1|1|1|1|1|1|1|1|1|1,,head_audio_pos_same_start_100hz
MC03,control,Session1,0181,data/processed/torgo_aai_features/MC03/Session1/0181.npz,80,12,1|1|1|1|1|1|1|1|1|1|1|1,,head_audio_pos_same_start_100hz
MC03,control,Session1,0182,data/processed/torgo_aai_features/MC03/Session1/0182.npz,323,12,1|1|1|1|1|1|1|1|1|1|1|1,,head_audio_pos_same_start_100hz
MC03,control,Session1,0183,data/processed/torgo_aai_features/MC03/Session1/0183.npz,279,12,1|1|1|1|1|1|1|1|1|1|1|1,,head_audio_pos_same_start_100hz
MC03,control,Session1,0184,data/processed/torgo_aai_features/MC03/Session1/0184.npz,154,12,1|1|1|1|1|1|1|1|1|1|1|1,,head_audio_pos_same_start_100hz
MC03,control,Session1,0185,data/processed/torgo_aai_features/MC03/Session1/0185.npz,138,12,1|1|1|1|1|1|1|1|1|1|1|1,,head_audio_pos_same_start_100hz
MC03,control,Session1,0186,data/processed/torgo_aai_features/MC03/Session1/0186.npz,158,12,1|1|1|1|1|1|1|1|1|1|1|1,,head_audio_pos_same_start_100hz
MC03,control,Session1,0187,data/processed/torgo_aai_features/MC03/Session1/0187.npz,141,12,1|1|1|1|1|1|1|1|1|1|1|1,,head_audio_pos_same_start_100hz
MC03,control,Session1,0188,data/processed/torgo_aai_features/MC03/Session1/0188.npz,160,12,1|1|1|1|1|1|1|1|1|1|1|1,,head_audio_pos_same_start_100hz
MC03,control,Session1,0189,data/processed/torgo_aai_features/MC03/Session1/0189.npz,152,12,1|1|1|1|1|1|1|1|1|1|1|1,,head_audio_pos_same_start_100hz
MC03,control,Session1,0190,data/processed/torgo_aai_features/MC03/Session1/0190.npz,331,12,1|1|1|1|1|1|1|1|1|1|1|1,,head_audio_pos_same_start_100hz
MC03,control,Session1,0191,data/processed/torgo_aai_features/MC03/Session1/0191.npz,185,12,1|1|1|1|1|1|1|1|1|1|1|1,,head_audio_pos_same_start_100hz
MC03,control,Session1,0192,data/processed/torgo_aai_features/MC03/Session1/0192.npz,145,12,1|1|1|1|1|1|1|1|1|1|1|1,,head_audio_pos_same_start_100hz
MC03,control,Session1,0193,data/processed/torgo_aai_features/MC03/Session1/0193.npz,141,12,1|1|1|1|1|1|1|1|1|1|1|1,,head_audio_pos_same_start_100hz
MC03,control,Session1,0194,data/processed/torgo_aai_features/MC03/Session1/0194.npz,160,12,1|1|1|1|1|1|1|1|1|1|1|1,,head_audio_pos_same_start_100hz
MC03,control,Session1,0195,data/processed/torgo_aai_features/MC03/Session1/0195.npz,170,12,1|1|1|1|1|1|1|1|1|1|1|1,,head_audio_pos_same_start_100hz
MC03,control,Session1,0196,data/processed/torgo_aai_features/MC03/Session1/0196.npz,157,12,1|1|1|1|1|1|1|1|1|1|1|1,,head_audio_pos_same_start_100hz
MC03,control,Session1,0197,data/processed/torgo_aai_features/MC03/Session1/0197.npz,173,12,1|1|1|1|1|1|1|1|1|1|1|1,,head_audio_pos_same_start_100hz
MC03,control,Session1,0198,data/processed/torgo_aai_features/MC03/Session1/0198.npz,470,12,1|1|1|1|1|1|1|1|1|1|1|1,,head_audio_pos_same_start_100hz
MC03,control,Session1,0199,data/processed/torgo_aai_features/MC03/Session1/0199.npz,273,12,1|1|1|1|1|1|1|1|1|1|1|1,,head_audio_pos_same_start_100hz
MC03,control,Session1,0200,data/processed/torgo_aai_features/MC03/Session1/0200.npz,318,12,1|1|1|1|1|1|1|1|1|1|1|1,,head_audio_pos_same_start_100hz
MC03,control,Session1,0201,data/processed/torgo_aai_features/MC03/Session1/0201.npz,192,12,1|1|1|1|1|1|1|1|1|1|1|1,,head_audio_pos_same_start_100hz
MC03,control,Session1,0202,data/processed/torgo_aai_features/MC03/Session1/0202.npz,273,12,1|1|1|1|1|1|1|1|1|1|1|1,,head_audio_pos_same_start_100hz
MC03,control,Session1,0203,data/processed/torgo_aai_features/MC03/Session1/0203.npz,170,12,1|1|1|1|1|1|1|1|1|1|1|1,,head_audio_pos_same_start_100hz
MC03,control,Session1,0204,data/processed/torgo_aai_features/MC03/Session1/0204.npz,152,12,1|1|1|1|1|1|1|1|1|1|1|1,,head_audio_pos_same_start_100hz
MC03,control,Session1,0205,data/processed/torgo_aai_features/MC03/Session1/0205.npz,344,12,1|1|1|1|1|1|1|1|1|1|1|1,,head_audio_pos_same_start_100hz
MC03,control,Session1,0206,data/processed/torgo_aai_features/MC03/Session1/0206.npz,399,12,1|1|1|1|1|1|1|1|1|1|1|1,,head_audio_pos_same_start_100hz
MC03,control,Session1,0207,data/processed/torgo_aai_features/MC03/Session1/0207.npz,150,12,1|1|1|1|1|1|1|1|1|1|1|1,,head_audio_pos_same_start_100hz
MC03,control,Session1,0208,data/processed/torgo_aai_features/MC03/Session1/0208.npz,134,12,1|1|1|1|1|1|1|1|1|1|1|1,,head_audio_pos_same_start_100hz
MC03,control,Session1,0209,data/processed/torgo_aai_features/MC03/Session1/0209.npz,134,12,1|1|1|1|1|1|1|1|1|1|1|1,,head_audio_pos_same_start_100hz
MC03,control,Session1,0210,data/processed/torgo_aai_features/MC03/Session1/0210.npz,146,12,1|1|1|1|1|1|1|1|1|1|1|1,,head_audio_pos_same_start_100hz
MC03,control,Session1,0211,data/processed/torgo_aai_features/MC03/Session1/0211.npz,394,12,1|1|1|1|1|1|1|1|1|1|1|1,,head_audio_pos_same_start_100hz
MC03,control,Session1,0212,data/processed/torgo_aai_features/MC03/Session1/0212.npz,170,12,1|1|1|1|1|1|1|1|1|1|1|1,,head_audio_pos_same_start_100hz
MC03,control,Session1,0213,data/processed/torgo_aai_features/MC03/Session1/0213.npz,141,12,1|1|1|1|1|1|1|1|1|1|1|1,,head_audio_pos_same_start_100hz
MC03,control,Session1,0214,data/processed/torgo_aai_features/MC03/Session1/0214.npz,164,12,1|1|1|1|1|1|1|1|1|1|1|1,,head_audio_pos_same_start_100hz
MC03,control,Session1,0215,data/processed/torgo_aai_features/MC03/Session1/0215.npz,373,12,1|1|1|1|1|1|1|1|1|1|1|1,,head_audio_pos_same_start_100hz
MC03,control,Session1,0216,data/processed/torgo_aai_features/MC03/Session1/0216.npz,375,12,1|1|1|1|1|1|1|1|1|1|1|1,,head_audio_pos_same_start_100hz
MC03,control,Session1,0217,data/processed/torgo_aai_features/MC03/Session1/0217.npz,196,12,1|1|1|1|1|1|1|1|1|1|1|1,,head_audio_pos_same_start_100hz
MC03,control,Session1,0218,data/processed/torgo_aai_features/MC03/Session1/0218.npz,223,12,1|1|1|1|1|1|1|1|1|1|1|1,,head_audio_pos_same_start_100hz
MC03,control,Session1,0219,data/processed/torgo_aai_features/MC03/Session1/0219.npz,154,12,1|1|1|1|1|1|1|1|1|1|1|1,,head_audio_pos_same_start_100hz
MC03,control,Session1,0220,data/processed/torgo_aai_features/MC03/Session1/0220.npz,151,12,1|1|1|1|1|1|1|1|1|1|1|1,,head_audio_pos_same_start_100hz
MC03,control,Session1,0221,data/processed/torgo_aai_features/MC03/Session1/0221.npz,268,12,1|1|1|1|1|1|1|1|1|1|1|1,,head_audio_pos_same_start_100hz
MC03,control,Session1,0222,data/processed/torgo_aai_features/MC03/Session1/0222.npz,380,12,1|1|1|1|1|1|1|1|1|1|1|1,,head_audio_pos_same_start_100hz
MC03,control,Session1,0223,data/processed/torgo_aai_features/MC03/Session1/0223.npz,154,12,1|1|1|1|1|1|1|1|1|1|1|1,,head_audio_pos_same_start_100hz
MC03,control,Session1,0224,data/processed/torgo_aai_features/MC03/Session1/0224.npz,162,12,1|1|1|1|1|1|1|1|1|1|1|1,,head_audio_pos_same_start_100hz
MC03,control,Session1,0225,data/processed/torgo_aai_features/MC03/Session1/0225.npz,163,12,1|1|1|1|1|1|1|1|1|1|1|1,,head_audio_pos_same_start_100hz
MC03,control,Session1,0226,data/processed/torgo_aai_features/MC03/Session1/0226.npz,346,12,1|1|1|1|1|1|1|1|1|1|1|1,,head_audio_pos_same_start_100hz
MC03,control,Session1,0227,data/processed/torgo_aai_features/MC03/Session1/0227.npz,175,12,1|1|1|1|1|1|1|1|1|1|1|1,,head_audio_pos_same_start_100hz
MC03,control,Session1,0228,data/processed/torgo_aai_features/MC03/Session1/0228.npz,137,12,1|1|1|1|1|1|1|1|1|1|1|1,,head_audio_pos_same_start_100hz
MC03,control,Session1,0229,data/processed/torgo_aai_features/MC03/Session1/0229.npz,173,12,1|1|1|1|1|1|1|1|1|1|1|1,,head_audio_pos_same_start_100hz
MC03,control,Session1,0230,data/processed/torgo_aai_features/MC03/Session1/0230.npz,159,12,1|1|1|1|1|1|1|1|1|1|1|1,,head_audio_pos_same_start_100hz
MC03,control,Session1,0231,data/processed/torgo_aai_features/MC03/Session1/0231.npz,184,12,1|1|1|1|1|1|1|1|1|1|1|1,,head_audio_pos_same_start_100hz
MC03,control,Session1,0232,data/processed/torgo_aai_features/MC03/Session1/0232.npz,158,12,1|1|1|1|1|1|1|1|1|1|1|1,,head_audio_pos_same_start_100hz
MC03,control,Session1,0233,data/processed/torgo_aai_features/MC03/Session1/0233.npz,163,12,1|1|1|1|1|1|1|1|1|1|1|1,,head_audio_pos_same_start_100hz
MC03,control,Session1,0234,data/processed/torgo_aai_features/MC03/Session1/0234.npz,147,12,1|1|1|1|1|1|1|1|1|1|1|1,,head_audio_pos_same_start_100hz
MC03,control,Session1,0235,data/processed/torgo_aai_features/MC03/Session1/0235.npz,152,12,1|1|1|1|1|1|1|1|1|1|1|1,,head_audio_pos_same_start_100hz
MC03,control,Session1,0236,data/processed/torgo_aai_features/MC03/Session1/0236.npz,145,12,1|1|1|1|1|1|1|1|1|1|1|1,,head_audio_pos_same_start_100hz
MC03,control,Session1,0237,data/processed/torgo_aai_features/MC03/Session1/0237.npz,147,12,1|1|1|1|1|1|1|1|1|1|1|1,,head_audio_pos_same_start_100hz
MC03,control,Session1,0238,data/processed/torgo_aai_features/MC03/Session1/0238.npz,350,12,1|1|1|1|1|1|1|1|1|1|1|1,,head_audio_pos_same_start_100hz
MC03,control,Session1,0239,data/processed/torgo_aai_features/MC03/Session1/0239.npz,150,12,1|1|1|1|1|1|1|1|1|1|1|1,,head_audio_pos_same_start_100hz
MC03,control,Session1,0240,data/processed/torgo_aai_features/MC03/Session1/0240.npz,124,12,1|1|1|1|1|1|1|1|1|1|1|1,,head_audio_pos_same_start_100hz
MC03,control,Session1,0241,data/processed/torgo_aai_features/MC03/Session1/0241.npz,173,12,1|1|1|1|1|1|1|1|1|1|1|1,,head_audio_pos_same_start_100hz
MC03,control,Session1,0242,data/processed/torgo_aai_features/MC03/Session1/0242.npz,145,12,1|1|1|1|1|1|1|1|1|1|1|1,,head_audio_pos_same_start_100hz
MC03,control,Session1,0243,data/processed/torgo_aai_features/MC03/Session1/0243.npz,158,12,1|1|1|1|1|1|1|1|1|1|1|1,,head_audio_pos_same_start_100hz
MC03,control,Session1,0244,data/processed/torgo_aai_features/MC03/Session1/0244.npz,154,12,1|1|1|1|1|1|1|1|1|1|1|1,,head_audio_pos_same_start_100hz
MC03,control,Session1,0245,data/processed/torgo_aai_features/MC03/Session1/0245.npz,148,12,1|1|1|1|1|1|1|1|1|1|1|1,,head_audio_pos_same_start_100hz
MC03,control,Session1,0246,data/processed/torgo_aai_features/MC03/Session1/0246.npz,319,12,1|1|1|1|1|1|1|1|1|1|1|1,,head_audio_pos_same_start_100hz
MC03,control,Session1,0247,data/processed/torgo_aai_features/MC03/Session1/0247.npz,174,12,1|1|1|1|1|1|1|1|1|1|1|1,,head_audio_pos_same_start_100hz
MC03,control,Session1,0248,data/processed/torgo_aai_features/MC03/Session1/0248.npz,146,12,1|1|1|1|1|1|1|1|1|1|1|1,,head_audio_pos_same_start_100hz
MC03,control,Session1,0249,data/processed/torgo_aai_features/MC03/Session1/0249.npz,181,12,1|1|1|1|1|1|1|1|1|1|1|1,,head_audio_pos_same_start_100hz
MC03,control,Session1,0250,data/processed/torgo_aai_features/MC03/Session1/0250.npz,162,12,1|1|1|1|1|1|1|1|1|1|1|1,,head_audio_pos_same_start_100hz
MC03,control,Session1,0251,data/processed/torgo_aai_features/MC03/Session1/0251.npz,140,12,1|1|1|1|1|1|1|1|1|1|1|1,,head_audio_pos_same_start_100hz
MC03,control,Session1,0252,data/processed/torgo_aai_features/MC03/Session1/0252.npz,240,12,1|1|1|1|1|1|1|1|1|1|1|1,,head_audio_pos_same_start_100hz
MC03,control,Session1,0253,data/processed/torgo_aai_features/MC03/Session1/0253.npz,171,12,1|1|1|1|1|1|1|1|1|1|1|1,,head_audio_pos_same_start_100hz
MC03,control,Session1,0254,data/processed/torgo_aai_features/MC03/Session1/0254.npz,154,12,1|1|1|1|1|1|1|1|1|1|1|1,,head_audio_pos_same_start_100hz
MC03,control,Session1,0255,data/processed/torgo_aai_features/MC03/Session1/0255.npz,346,12,1|1|1|1|1|1|1|1|1|1|1|1,,head_audio_pos_same_start_100hz
MC03,control,Session1,0256,data/processed/torgo_aai_features/MC03/Session1/0256.npz,135,12,1|1|1|1|1|1|1|1|1|1|1|1,,head_audio_pos_same_start_100hz
MC03,control,Session1,0257,data/processed/torgo_aai_features/MC03/Session1/0257.npz,160,12,1|1|1|1|1|1|1|1|1|1|1|1,,head_audio_pos_same_start_100hz
MC03,control,Session1,0258,data/processed/torgo_aai_features/MC03/Session1/0258.npz,158,12,1|1|1|1|1|1|1|1|1|1|1|1,,head_audio_pos_same_start_100hz
MC03,control,Session1,0259,data/processed/torgo_aai_features/MC03/Session1/0259.npz,180,12,1|1|1|1|1|1|1|1|1|1|1|1,,head_audio_pos_same_start_100hz
MC03,control,Session1,0260,data/processed/torgo_aai_features/MC03/Session1/0260.npz,153,12,1|1|1|1|1|1|1|1|1|1|1|1,,head_audio_pos_same_start_100hz
MC03,control,Session1,0261,data/processed/torgo_aai_features/MC03/Session1/0261.npz,159,12,1|1|1|1|1|1|1|1|1|1|1|1,,head_audio_pos_same_start_100hz
MC03,control,Session1,0262,data/processed/torgo_aai_features/MC03/Session1/0262.npz,302,12,1|1|1|1|1|1|1|1|1|1|1|1,,head_audio_pos_same_start_100hz
MC03,control,Session1,0263,data/processed/torgo_aai_features/MC03/Session1/0263.npz,634,12,1|1|1|1|1|1|1|1|1|1|1|1,,head_audio_pos_same_start_100hz
MC03,control,Session1,0264,data/processed/torgo_aai_features/MC03/Session1/0264.npz,221,12,1|1|1|1|1|1|1|1|1|1|1|1,,head_audio_pos_same_start_100hz
MC03,control,Session1,0265,data/processed/torgo_aai_features/MC03/Session1/0265.npz,173,12,1|1|1|1|1|1|1|1|1|1|1|1,,head_audio_pos_same_start_100hz
MC03,control,Session1,0266,data/processed/torgo_aai_features/MC03/Session1/0266.npz,156,12,1|1|1|1|1|1|1|1|1|1|1|1,,head_audio_pos_same_start_100hz
MC03,control,Session1,0267,data/processed/torgo_aai_features/MC03/Session1/0267.npz,169,12,1|1|1|1|1|1|1|1|1|1|1|1,,head_audio_pos_same_start_100hz
MC03,control,Session1,0268,data/processed/torgo_aai_features/MC03/Session1/0268.npz,149,12,1|1|1|1|1|1|1|1|1|1|1|1,,head_audio_pos_same_start_100hz
MC03,control,Session1,0269,data/processed/torgo_aai_features/MC03/Session1/0269.npz,133,12,1|1|1|1|1|1|1|1|1|1|1|1,,head_audio_pos_same_start_100hz
MC03,control,Session1,0270,data/processed/torgo_aai_features/MC03/Session1/0270.npz,158,12,1|1|1|1|1|1|1|1|1|1|1|1,,head_audio_pos_same_start_100hz
MC03,control,Session1,0271,data/processed/torgo_aai_features/MC03/Session1/0271.npz,148,12,1|1|1|1|1|1|1|1|1|1|1|1,,head_audio_pos_same_start_100hz
MC03,control,Session1,0272,data/processed/torgo_aai_features/MC03/Session1/0272.npz,152,12,1|1|1|1|1|1|1|1|1|1|1|1,,head_audio_pos_same_start_100hz
MC03,control,Session1,0273,data/processed/torgo_aai_features/MC03/Session1/0273.npz,314,12,1|1|1|1|1|1|1|1|1|1|1|1,,head_audio_pos_same_start_100hz
MC03,control,Session1,0274,data/processed/torgo_aai_features/MC03/Session1/0274.npz,367,12,1|1|1|1|1|1|1|1|1|1|1|1,,head_audio_pos_same_start_100hz
MC03,control,Session1,0275,data/processed/torgo_aai_features/MC03/Session1/0275.npz,156,12,1|1|1|1|1|1|1|1|1|1|1|1,,head_audio_pos_same_start_100hz
MC03,control,Session1,0276,data/processed/torgo_aai_features/MC03/Session1/0276.npz,159,12,1|1|1|1|1|1|1|1|1|1|1|1,,head_audio_pos_same_start_100hz
MC03,control,Session1,0277,data/processed/torgo_aai_features/MC03/Session1/0277.npz,315,12,1|1|1|1|1|1|1|1|1|1|1|1,,head_audio_pos_same_start_100hz
MC03,control,Session1,0278,data/processed/torgo_aai_features/MC03/Session1/0278.npz,154,12,1|1|1|1|1|1|1|1|1|1|1|1,,head_audio_pos_same_start_100hz
MC03,control,Session1,0279,data/processed/torgo_aai_features/MC03/Session1/0279.npz,162,12,1|1|1|1|1|1|1|1|1|1|1|1,,head_audio_pos_same_start_100hz
MC03,control,Session1,0280,data/processed/torgo_aai_features/MC03/Session1/0280.npz,319,12,1|1|1|1|1|1|1|1|1|1|1|1,,head_audio_pos_same_start_100hz
MC03,control,Session1,0281,data/processed/torgo_aai_features/MC03/Session1/0281.npz,321,12,1|1|1|1|1|1|1|1|1|1|1|1,,head_audio_pos_same_start_100hz
MC03,control,Session1,0282,data/processed/torgo_aai_features/MC03/Session1/0282.npz,333,12,1|1|1|1|1|1|1|1|1|1|1|1,,head_audio_pos_same_start_100hz
MC03,control,Session1,0283,data/processed/torgo_aai_features/MC03/Session1/0283.npz,163,12,1|1|1|1|1|1|1|1|1|1|1|1,,head_audio_pos_same_start_100hz
MC03,control,Session1,0284,data/processed/torgo_aai_features/MC03/Session1/0284.npz,159,12,1|1|1|1|1|1|1|1|1|1|1|1,,head_audio_pos_same_start_100hz
MC03,control,Session1,0285,data/processed/torgo_aai_features/MC03/Session1/0285.npz,157,12,1|1|1|1|1|1|1|1|1|1|1|1,,head_audio_pos_same_start_100hz
MC03,control,Session1,0286,data/processed/torgo_aai_features/MC03/Session1/0286.npz,144,12,1|1|1|1|1|1|1|1|1|1|1|1,,head_audio_pos_same_start_100hz
MC03,control,Session1,0287,data/processed/torgo_aai_features/MC03/Session1/0287.npz,159,12,1|1|1|1|1|1|1|1|1|1|1|1,,head_audio_pos_same_start_100hz
MC03,control,Session1,0288,data/processed/torgo_aai_features/MC03/Session1/0288.npz,150,12,1|1|1|1|1|1|1|1|1|1|1|1,,head_audio_pos_same_start_100hz
MC03,control,Session1,0289,data/processed/torgo_aai_features/MC03/Session1/0289.npz,357,12,1|1|1|1|1|1|1|1|1|1|1|1,,head_audio_pos_same_start_100hz
MC03,control,Session1,0290,data/processed/torgo_aai_features/MC03/Session1/0290.npz,372,12,1|1|1|1|1|1|1|1|1|1|1|1,,head_audio_pos_same_start_100hz
MC03,control,Session1,0291,data/processed/torgo_aai_features/MC03/Session1/0291.npz,186,12,1|1|1|1|1|1|1|1|1|1|1|1,,head_audio_pos_same_start_100hz
MC03,control,Session1,0292,data/processed/torgo_aai_features/MC03/Session1/0292.npz,169,12,1|1|1|1|1|1|1|1|1|1|1|1,,head_audio_pos_same_start_100hz
MC03,control,Session1,0293,data/processed/torgo_aai_features/MC03/Session1/0293.npz,145,12,1|1|1|1|1|1|1|1|1|1|1|1,,head_audio_pos_same_start_100hz
MC03,control,Session1,0294,data/processed/torgo_aai_features/MC03/Session1/0294.npz,168,12,1|1|1|1|1|1|1|1|1|1|1|1,,head_audio_pos_same_start_100hz
MC03,control,Session1,0295,data/processed/torgo_aai_features/MC03/Session1/0295.npz,170,12,1|1|1|1|1|1|1|1|1|1|1|1,,head_audio_pos_same_start_100hz
MC03,control,Session1,0296,data/processed/torgo_aai_features/MC03/Session1/0296.npz,168,12,1|1|1|1|1|1|1|1|1|1|1|1,,head_audio_pos_same_start_100hz
MC03,control,Session1,0297,data/processed/torgo_aai_features/MC03/Session1/0297.npz,157,12,1|1|1|1|1|1|1|1|1|1|1|1,,head_audio_pos_same_start_100hz
MC03,control,Session1,0298,data/processed/torgo_aai_features/MC03/Session1/0298.npz,149,12,1|1|1|1|1|1|1|1|1|1|1|1,,head_audio_pos_same_start_100hz
MC03,control,Session1,0299,data/processed/torgo_aai_features/MC03/Session1/0299.npz,646,12,1|1|1|1|1|1|1|1|1|1|1|1,,head_audio_pos_same_start_100hz
MC03,control,Session1,0300,data/processed/torgo_aai_features/MC03/Session1/0300.npz,164,12,1|1|1|1|1|1|1|1|1|1|1|1,,head_audio_pos_same_start_100hz
MC03,control,Session1,0301,data/processed/torgo_aai_features/MC03/Session1/0301.npz,162,12,1|1|1|1|1|1|1|1|1|1|1|1,,head_audio_pos_same_start_100hz
MC03,control,Session1,0302,data/processed/torgo_aai_features/MC03/Session1/0302.npz,292,12,1|1|1|1|1|1|1|1|1|1|1|1,,head_audio_pos_same_start_100hz
MC03,control,Session1,0303,data/processed/torgo_aai_features/MC03/Session1/0303.npz,146,12,1|1|1|1|1|1|1|1|1|1|1|1,,head_audio_pos_same_start_100hz
MC03,control,Session1,0304,data/processed/torgo_aai_features/MC03/Session1/0304.npz,390,12,1|1|1|1|1|1|1|1|1|1|1|1,,head_audio_pos_same_start_100hz
MC03,control,Session1,0305,data/processed/torgo_aai_features/MC03/Session1/0305.npz,343,12,1|1|1|1|1|1|1|1|1|1|1|1,,head_audio_pos_same_start_100hz
MC03,control,Session1,0306,data/processed/torgo_aai_features/MC03/Session1/0306.npz,182,12,1|1|1|1|1|1|1|1|1|1|1|1,,head_audio_pos_same_start_100hz
MC03,control,Session1,0307,data/processed/torgo_aai_features/MC03/Session1/0307.npz,161,12,1|1|1|1|1|1|1|1|1|1|1|1,,head_audio_pos_same_start_100hz
MC03,control,Session1,0308,data/processed/torgo_aai_features/MC03/Session1/0308.npz,329,12,1|1|1|1|1|1|1|1|1|1|1|1,,head_audio_pos_same_start_100hz
MC03,control,Session1,0309,data/processed/torgo_aai_features/MC03/Session1/0309.npz,334,12,1|1|1|1|1|1|1|1|1|1|1|1,,head_audio_pos_same_start_100hz
MC03,control,Session1,0310,data/processed/torgo_aai_features/MC03/Session1/0310.npz,397,12,1|1|1|1|1|1|1|1|1|1|1|1,,head_audio_pos_same_start_100hz
MC03,control,Session1,0311,data/processed/torgo_aai_features/MC03/Session1/0311.npz,291,12,1|1|1|1|1|1|1|1|1|1|1|1,,head_audio_pos_same_start_100hz
MC03,control,Session1,0312,data/processed/torgo_aai_features/MC03/Session1/0312.npz,489,12,1|1|1|1|1|1|1|1|1|1|1|1,,head_audio_pos_same_start_100hz
MC03,control,Session1,0313,data/processed/torgo_aai_features/MC03/Session1/0313.npz,177,12,1|1|1|1|1|1|1|1|1|1|1|1,,head_audio_pos_same_start_100hz
MC03,control,Session1,0314,data/processed/torgo_aai_features/MC03/Session1/0314.npz,149,12,1|1|1|1|1|1|1|1|1|1|1|1,,head_audio_pos_same_start_100hz
MC03,control,Session1,0315,data/processed/torgo_aai_features/MC03/Session1/0315.npz,155,12,1|1|1|1|1|1|1|1|1|1|1|1,,head_audio_pos_same_start_100hz
MC03,control,Session1,0316,data/processed/torgo_aai_features/MC03/Session1/0316.npz,446,12,1|1|1|1|1|1|1|1|1|1|1|1,,head_audio_pos_same_start_100hz
MC03,control,Session1,0317,data/processed/torgo_aai_features/MC03/Session1/0317.npz,180,12,1|1|1|1|1|1|1|1|1|1|1|1,,head_audio_pos_same_start_100hz
MC03,control,Session1,0318,data/processed/torgo_aai_features/MC03/Session1/0318.npz,154,12,1|1|1|1|1|1|1|1|1|1|1|1,,head_audio_pos_same_start_100hz
MC03,control,Session1,0319,data/processed/torgo_aai_features/MC03/Session1/0319.npz,317,12,1|1|1|1|1|1|1|1|1|1|1|1,,head_audio_pos_same_start_100hz
MC03,control,Session1,0320,data/processed/torgo_aai_features/MC03/Session1/0320.npz,156,12,1|1|1|1|1|1|1|1|1|1|1|1,,head_audio_pos_same_start_100hz
MC03,control,Session1,0321,data/processed/torgo_aai_features/MC03/Session1/0321.npz,304,12,1|1|1|1|1|1|1|1|1|1|1|1,,head_audio_pos_same_start_100hz
MC03,control,Session1,0322,data/processed/torgo_aai_features/MC03/Session1/0322.npz,199,12,1|1|1|1|1|1|1|1|1|1|1|1,,head_audio_pos_same_start_100hz
MC03,control,Session1,0323,data/processed/torgo_aai_features/MC03/Session1/0323.npz,143,12,1|1|1|1|1|1|1|1|1|1|1|1,,head_audio_pos_same_start_100hz
MC03,control,Session1,0324,data/processed/torgo_aai_features/MC03/Session1/0324.npz,142,12,1|1|1|1|1|1|1|1|1|1|1|1,,head_audio_pos_same_start_100hz
MC03,control,Session1,0325,data/processed/torgo_aai_features/MC03/Session1/0325.npz,157,12,1|1|1|1|1|1|1|1|1|1|1|1,,head_audio_pos_same_start_100hz
MC03,control,Session1,0326,data/processed/torgo_aai_features/MC03/Session1/0326.npz,144,12,1|1|1|1|1|1|1|1|1|1|1|1,,head_audio_pos_same_start_100hz
MC03,control,Session1,0327,data/processed/torgo_aai_features/MC03/Session1/0327.npz,137,12,1|1|1|1|1|1|1|1|1|1|1|1,,head_audio_pos_same_start_100hz
MC03,control,Session1,0328,data/processed/torgo_aai_features/MC03/Session1/0328.npz,141,12,1|1|1|1|1|1|1|1|1|1|1|1,,head_audio_pos_same_start_100hz
MC03,control,Session1,0329,data/processed/torgo_aai_features/MC03/Session1/0329.npz,207,12,1|1|1|1|1|1|1|1|1|1|1|1,,head_audio_pos_same_start_100hz
MC03,control,Session1,0330,data/processed/torgo_aai_features/MC03/Session1/0330.npz,151,12,1|1|1|1|1|1|1|1|1|1|1|1,,head_audio_pos_same_start_100hz
MC03,control,Session1,0331,data/processed/torgo_aai_features/MC03/Session1/0331.npz,508,12,1|1|1|1|1|1|1|1|1|1|1|1,,head_audio_pos_same_start_100hz
MC03,control,Session1,0332,data/processed/torgo_aai_features/MC03/Session1/0332.npz,165,12,1|1|1|1|1|1|1|1|1|1|1|1,,head_audio_pos_same_start_100hz
MC03,control,Session1,0333,data/processed/torgo_aai_features/MC03/Session1/0333.npz,381,12,1|1|1|1|1|1|1|1|1|1|1|1,,head_audio_pos_same_start_100hz
MC03,control,Session1,0334,data/processed/torgo_aai_features/MC03/Session1/0334.npz,179,12,1|1|1|1|1|1|1|1|1|1|1|1,,head_audio_pos_same_start_100hz
MC03,control,Session1,0335,data/processed/torgo_aai_features/MC03/Session1/0335.npz,177,12,1|1|1|1|1|1|1|1|1|1|1|1,,head_audio_pos_same_start_100hz
MC03,control,Session1,0336,data/processed/torgo_aai_features/MC03/Session1/0336.npz,149,12,1|1|1|1|1|1|1|1|1|1|1|1,,head_audio_pos_same_start_100hz
MC03,control,Session1,0337,data/processed/torgo_aai_features/MC03/Session1/0337.npz,396,12,1|1|1|1|1|1|1|1|1|1|1|1,,head_audio_pos_same_start_100hz
MC03,control,Session1,0338,data/processed/torgo_aai_features/MC03/Session1/0338.npz,164,12,1|1|1|1|1|1|1|1|1|1|1|1,,head_audio_pos_same_start_100hz
MC03,control,Session1,0339,data/processed/torgo_aai_features/MC03/Session1/0339.npz,301,12,1|1|1|1|1|1|1|1|1|1|1|1,,head_audio_pos_same_start_100hz
MC03,control,Session1,0340,data/processed/torgo_aai_features/MC03/Session1/0340.npz,395,12,1|1|1|1|1|1|1|1|1|1|1|1,,head_audio_pos_same_start_100hz
MC03,control,Session1,0341,data/processed/torgo_aai_features/MC03/Session1/0341.npz,375,12,1|1|1|1|1|1|1|1|1|1|1|1,,head_audio_pos_same_start_100hz
MC03,control,Session1,0342,data/processed/torgo_aai_features/MC03/Session1/0342.npz,361,12,1|1|1|1|1|1|1|1|1|1|1|1,,head_audio_pos_same_start_100hz
MC03,control,Session1,0343,data/processed/torgo_aai_features/MC03/Session1/0343.npz,174,12,1|1|1|1|1|1|1|1|1|1|1|1,,head_audio_pos_same_start_100hz
MC03,control,Session1,0344,data/processed/torgo_aai_features/MC03/Session1/0344.npz,126,12,1|1|1|1|1|1|1|1|1|1|1|1,,head_audio_pos_same_start_100hz
MC03,control,Session1,0345,data/processed/torgo_aai_features/MC03/Session1/0345.npz,154,12,1|1|1|1|1|1|1|1|1|1|1|1,,head_audio_pos_same_start_100hz
MC03,control,Session1,0346,data/processed/torgo_aai_features/MC03/Session1/0346.npz,171,12,1|1|1|1|1|1|1|1|1|1|1|1,,head_audio_pos_same_start_100hz
MC03,control,Session1,0347,data/processed/torgo_aai_features/MC03/Session1/0347.npz,163,12,1|1|1|1|1|1|1|1|1|1|1|1,,head_audio_pos_same_start_100hz
MC03,control,Session1,0348,data/processed/torgo_aai_features/MC03/Session1/0348.npz,151,12,1|1|1|1|1|1|1|1|1|1|1|1,,head_audio_pos_same_start_100hz
MC03,control,Session1,0349,data/processed/torgo_aai_features/MC03/Session1/0349.npz,180,12,1|1|1|1|1|1|1|1|1|1|1|1,,head_audio_pos_same_start_100hz
MC03,control,Session1,0350,data/processed/torgo_aai_features/MC03/Session1/0350.npz,164,12,1|1|1|1|1|1|1|1|1|1|1|1,,head_audio_pos_same_start_100hz
MC03,control,Session1,0351,data/processed/torgo_aai_features/MC03/Session1/0351.npz,150,12,1|1|1|1|1|1|1|1|1|1|1|1,,head_audio_pos_same_start_100hz
MC03,control,Session1,0352,data/processed/torgo_aai_features/MC03/Session1/0352.npz,307,12,1|1|1|1|1|1|1|1|1|1|1|1,,head_audio_pos_same_start_100hz
MC03,control,Session1,0353,data/processed/torgo_aai_features/MC03/Session1/0353.npz,181,12,1|1|1|1|1|1|1|1|1|1|1|1,,head_audio_pos_same_start_100hz
MC03,control,Session1,0354,data/processed/torgo_aai_features/MC03/Session1/0354.npz,141,12,1|1|1|1|1|1|1|1|1|1|1|1,,head_audio_pos_same_start_100hz
MC03,control,Session1,0355,data/processed/torgo_aai_features/MC03/Session1/0355.npz,406,12,1|1|1|1|1|1|1|1|1|1|1|1,,head_audio_pos_same_start_100hz
MC03,control,Session1,0356,data/processed/torgo_aai_features/MC03/Session1/0356.npz,154,12,1|1|1|1|1|1|1|1|1|1|1|1,,head_audio_pos_same_start_100hz
MC03,control,Session1,0357,data/processed/torgo_aai_features/MC03/Session1/0357.npz,622,12,1|1|1|1|1|1|1|1|1|1|1|1,,head_audio_pos_same_start_100hz
MC03,control,Session1,0358,data/processed/torgo_aai_features/MC03/Session1/0358.npz,284,12,1|1|1|1|1|1|1|1|1|1|1|1,,head_audio_pos_same_start_100hz
MC03,control,Session1,0359,data/processed/torgo_aai_features/MC03/Session1/0359.npz,208,12,1|1|1|1|1|1|1|1|1|1|1|1,,head_audio_pos_same_start_100hz
MC03,control,Session1,0360,data/processed/torgo_aai_features/MC03/Session1/0360.npz,219,12,1|1|1|1|1|1|1|1|1|1|1|1,,head_audio_pos_same_start_100hz
MC03,control,Session1,0361,data/processed/torgo_aai_features/MC03/Session1/0361.npz,309,12,1|1|1|1|1|1|1|1|1|1|1|1,,head_audio_pos_same_start_100hz
MC03,control,Session1,0362,data/processed/torgo_aai_features/MC03/Session1/0362.npz,164,12,1|1|1|1|1|1|1|1|1|1|1|1,,head_audio_pos_same_start_100hz
MC03,control,Session1,0363,data/processed/torgo_aai_features/MC03/Session1/0363.npz,154,12,1|1|1|1|1|1|1|1|1|1|1|1,,head_audio_pos_same_start_100hz
MC03,control,Session1,0364,data/processed/torgo_aai_features/MC03/Session1/0364.npz,401,12,1|1|1|1|1|1|1|1|1|1|1|1,,head_audio_pos_same_start_100hz
MC03,control,Session1,0365,data/processed/torgo_aai_features/MC03/Session1/0365.npz,147,12,1|1|1|1|1|1|1|1|1|1|1|1,,head_audio_pos_same_start_100hz
MC03,control,Session1,0366,data/processed/torgo_aai_features/MC03/Session1/0366.npz,138,12,1|1|1|1|1|1|1|1|1|1|1|1,,head_audio_pos_same_start_100hz
MC03,control,Session1,0367,data/processed/torgo_aai_features/MC03/Session1/0367.npz,139,12,1|1|1|1|1|1|1|1|1|1|1|1,,head_audio_pos_same_start_100hz
MC03,control,Session1,0368,data/processed/torgo_aai_features/MC03/Session1/0368.npz,153,12,1|1|1|1|1|1|1|1|1|1|1|1,,head_audio_pos_same_start_100hz
MC03,control,Session1,0369,data/processed/torgo_aai_features/MC03/Session1/0369.npz,154,12,1|1|1|1|1|1|1|1|1|1|1|1,,head_audio_pos_same_start_100hz
MC03,control,Session1,0370,data/processed/torgo_aai_features/MC03/Session1/0370.npz,166,12,1|1|1|1|1|1|1|1|1|1|1|1,,head_audio_pos_same_start_100hz
MC03,control,Session1,0371,data/processed/torgo_aai_features/MC03/Session1/0371.npz,393,12,1|1|1|1|1|1|1|1|1|1|1|1,,head_audio_pos_same_start_100hz
MC03,control,Session1,0372,data/processed/torgo_aai_features/MC03/Session1/0372.npz,298,12,1|1|1|1|1|1|1|1|1|1|1|1,,head_audio_pos_same_start_100hz
MC03,control,Session1,0373,data/processed/torgo_aai_features/MC03/Session1/0373.npz,273,12,1|1|1|1|1|1|1|1|1|1|1|1,,head_audio_pos_same_start_100hz
MC03,control,Session1,0374,data/processed/torgo_aai_features/MC03/Session1/0374.npz,166,12,1|1|1|1|1|1|1|1|1|1|1|1,,head_audio_pos_same_start_100hz
MC03,control,Session1,0375,data/processed/torgo_aai_features/MC03/Session1/0375.npz,144,12,1|1|1|1|1|1|1|1|1|1|1|1,,head_audio_pos_same_start_100hz
MC03,control,Session1,0376,data/processed/torgo_aai_features/MC03/Session1/0376.npz,186,12,1|1|1|1|1|1|1|1|1|1|1|1,,head_audio_pos_same_start_100hz
MC03,control,Session1,0377,data/processed/torgo_aai_features/MC03/Session1/0377.npz,185,12,1|1|1|1|1|1|1|1|1|1|1|1,,head_audio_pos_same_start_100hz
MC03,control,Session1,0378,data/processed/torgo_aai_features/MC03/Session1/0378.npz,141,12,1|1|1|1|1|1|1|1|1|1|1|1,,head_audio_pos_same_start_100hz
MC03,control,Session1,0379,data/processed/torgo_aai_features/MC03/Session1/0379.npz,144,12,1|1|1|1|1|1|1|1|1|1|1|1,,head_audio_pos_same_start_100hz
MC03,control,Session1,0380,data/processed/torgo_aai_features/MC03/Session1/0380.npz,143,12,1|1|1|1|1|1|1|1|1|1|1|1,,head_audio_pos_same_start_100hz
MC03,control,Session1,0381,data/processed/torgo_aai_features/MC03/Session1/0381.npz,145,12,1|1|1|1|1|1|1|1|1|1|1|1,,head_audio_pos_same_start_100hz
MC03,control,Session1,0382,data/processed/torgo_aai_features/MC03/Session1/0382.npz,166,12,1|1|1|1|1|1|1|1|1|1|1|1,,head_audio_pos_same_start_100hz
MC03,control,Session1,0383,data/processed/torgo_aai_features/MC03/Session1/0383.npz,149,12,1|1|1|1|1|1|1|1|1|1|1|1,,head_audio_pos_same_start_100hz
MC03,control,Session1,0384,data/processed/torgo_aai_features/MC03/Session1/0384.npz,147,12,1|1|1|1|1|1|1|1|1|1|1|1,,head_audio_pos_same_start_100hz
MC03,control,Session1,0385,data/processed/torgo_aai_features/MC03/Session1/0385.npz,153,12,1|1|1|1|1|1|1|1|1|1|1|1,,head_audio_pos_same_start_100hz
MC03,control,Session1,0386,data/processed/torgo_aai_features/MC03/Session1/0386.npz,185,12,1|1|1|1|1|1|1|1|1|1|1|1,,head_audio_pos_same_start_100hz
MC03,control,Session1,0387,data/processed/torgo_aai_features/MC03/Session1/0387.npz,146,12,1|1|1|1|1|1|1|1|1|1|1|1,,head_audio_pos_same_start_100hz
MC03,control,Session1,0388,data/processed/torgo_aai_features/MC03/Session1/0388.npz,142,12,1|1|1|1|1|1|1|1|1|1|1|1,,head_audio_pos_same_start_100hz
MC03,control,Session1,0389,data/processed/torgo_aai_features/MC03/Session1/0389.npz,207,12,1|1|1|1|1|1|1|1|1|1|1|1,,head_audio_pos_same_start_100hz
MC03,control,Session1,0390,data/processed/torgo_aai_features/MC03/Session1/0390.npz,306,12,1|1|1|1|1|1|1|1|1|1|1|1,,head_audio_pos_same_start_100hz
MC03,control,Session1,0391,data/processed/torgo_aai_features/MC03/Session1/0391.npz,166,12,1|1|1|1|1|1|1|1|1|1|1|1,,head_audio_pos_same_start_100hz
MC03,control,Session1,0392,data/processed/torgo_aai_features/MC03/Session1/0392.npz,161,12,1|1|1|1|1|1|1|1|1|1|1|1,,head_audio_pos_same_start_100hz
MC03,control,Session1,0393,data/processed/torgo_aai_features/MC03/Session1/0393.npz,155,12,1|1|1|1|1|1|1|1|1|1|1|1,,head_audio_pos_same_start_100hz
MC03,control,Session1,0394,data/processed/torgo_aai_features/MC03/Session1/0394.npz,211,12,1|1|1|1|1|1|1|1|1|1|1|1,,head_audio_pos_same_start_100hz
MC03,control,Session1,0395,data/processed/torgo_aai_features/MC03/Session1/0395.npz,141,12,1|1|1|1|1|1|1|1|1|1|1|1,,head_audio_pos_same_start_100hz
MC03,control,Session1,0396,data/processed/torgo_aai_features/MC03/Session1/0396.npz,186,12,1|1|1|1|1|1|1|1|1|1|1|1,,head_audio_pos_same_start_100hz
MC03,control,Session1,0397,data/processed/torgo_aai_features/MC03/Session1/0397.npz,161,12,1|1|1|1|1|1|1|1|1|1|1|1,,head_audio_pos_same_start_100hz
MC03,control,Session1,0398,data/processed/torgo_aai_features/MC03/Session1/0398.npz,181,12,1|1|1|1|1|1|1|1|1|1|1|1,,head_audio_pos_same_start_100hz
MC03,control,Session1,0399,data/processed/torgo_aai_features/MC03/Session1/0399.npz,153,12,1|1|1|1|1|1|1|1|1|1|1|1,,head_audio_pos_same_start_100hz
MC03,control,Session1,0400,data/processed/torgo_aai_features/MC03/Session1/0400.npz,168,12,1|1|1|1|1|1|1|1|1|1|1|1,,head_audio_pos_same_start_100hz
MC03,control,Session1,0401,data/processed/torgo_aai_features/MC03/Session1/0401.npz,189,12,1|1|1|1|1|1|1|1|1|1|1|1,,head_audio_pos_same_start_100hz
MC03,control,Session1,0402,data/processed/torgo_aai_features/MC03/Session1/0402.npz,132,12,1|1|1|1|1|1|1|1|1|1|1|1,,head_audio_pos_same_start_100hz
MC03,control,Session1,0403,data/processed/torgo_aai_features/MC03/Session1/0403.npz,125,12,1|1|1|1|1|1|1|1|1|1|1|1,,head_audio_pos_same_start_100hz
MC03,control,Session1,0404,data/processed/torgo_aai_features/MC03/Session1/0404.npz,141,12,1|1|1|1|1|1|1|1|1|1|1|1,,head_audio_pos_same_start_100hz
MC03,control,Session1,0405,data/processed/torgo_aai_features/MC03/Session1/0405.npz,333,12,1|1|1|1|1|1|1|1|1|1|1|1,,head_audio_pos_same_start_100hz
MC03,control,Session1,0406,data/processed/torgo_aai_features/MC03/Session1/0406.npz,372,12,1|1|1|1|1|1|1|1|1|1|1|1,,head_audio_pos_same_start_100hz
MC03,control,Session1,0407,data/processed/torgo_aai_features/MC03/Session1/0407.npz,172,12,1|1|1|1|1|1|1|1|1|1|1|1,,head_audio_pos_same_start_100hz
MC03,control,Session1,0408,data/processed/torgo_aai_features/MC03/Session1/0408.npz,153,12,1|1|1|1|1|1|1|1|1|1|1|1,,head_audio_pos_same_start_100hz
MC03,control,Session1,0409,data/processed/torgo_aai_features/MC03/Session1/0409.npz,164,12,1|1|1|1|1|1|1|1|1|1|1|1,,head_audio_pos_same_start_100hz
MC03,control,Session1,0410,data/processed/torgo_aai_features/MC03/Session1/0410.npz,136,12,1|1|1|1|1|1|1|1|1|1|1|1,,head_audio_pos_same_start_100hz
MC03,control,Session1,0411,data/processed/torgo_aai_features/MC03/Session1/0411.npz,346,12,1|1|1|1|1|1|1|1|1|1|1|1,,head_audio_pos_same_start_100hz
MC03,control,Session1,0412,data/processed/torgo_aai_features/MC03/Session1/0412.npz,167,12,1|1|1|1|1|1|1|1|1|1|1|1,,head_audio_pos_same_start_100hz
MC03,control,Session1,0413,data/processed/torgo_aai_features/MC03/Session1/0413.npz,118,12,1|1|1|1|1|1|1|1|1|1|1|1,,head_audio_pos_same_start_100hz
MC03,control,Session1,0414,data/processed/torgo_aai_features/MC03/Session1/0414.npz,185,12,1|1|1|1|1|1|1|1|1|1|1|1,,head_audio_pos_same_start_100hz
MC03,control,Session1,0415,data/processed/torgo_aai_features/MC03/Session1/0415.npz,158,12,1|1|1|1|1|1|1|1|1|1|1|1,,head_audio_pos_same_start_100hz
MC03,control,Session1,0416,data/processed/torgo_aai_features/MC03/Session1/0416.npz,151,12,1|1|1|1|1|1|1|1|1|1|1|1,,head_audio_pos_same_start_100hz
MC03,control,Session1,0417,data/processed/torgo_aai_features/MC03/Session1/0417.npz,182,12,1|1|1|1|1|1|1|1|1|1|1|1,,head_audio_pos_same_start_100hz
MC03,control,Session1,0418,data/processed/torgo_aai_features/MC03/Session1/0418.npz,157,12,1|1|1|1|1|1|1|1|1|1|1|1,,head_audio_pos_same_start_100hz
MC03,control,Session1,0419,data/processed/torgo_aai_features/MC03/Session1/0419.npz,186,12,1|1|1|1|1|1|1|1|1|1|1|1,,head_audio_pos_same_start_100hz
MC03,control,Session1,0420,data/processed/torgo_aai_features/MC03/Session1/0420.npz,358,12,1|1|1|1|1|1|1|1|1|1|1|1,,head_audio_pos_same_start_100hz
MC03,control,Session1,0421,data/processed/torgo_aai_features/MC03/Session1/0421.npz,291,12,1|1|1|1|1|1|1|1|1|1|1|1,,head_audio_pos_same_start_100hz
MC03,control,Session1,0422,data/processed/torgo_aai_features/MC03/Session1/0422.npz,211,12,1|1|1|1|1|1|1|1|1|1|1|1,,head_audio_pos_same_start_100hz
MC03,control,Session1,0423,data/processed/torgo_aai_features/MC03/Session1/0423.npz,145,12,1|1|1|1|1|1|1|1|1|1|1|1,,head_audio_pos_same_start_100hz
MC03,control,Session1,0424,data/processed/torgo_aai_features/MC03/Session1/0424.npz,394,12,1|1|1|1|1|1|1|1|1|1|1|1,,head_audio_pos_same_start_100hz
MC03,control,Session1,0425,data/processed/torgo_aai_features/MC03/Session1/0425.npz,273,12,1|1|1|1|1|1|1|1|1|1|1|1,,head_audio_pos_same_start_100hz
MC03,control,Session1,0426,data/processed/torgo_aai_features/MC03/Session1/0426.npz,162,12,1|1|1|1|1|1|1|1|1|1|1|1,,head_audio_pos_same_start_100hz
MC03,control,Session1,0427,data/processed/torgo_aai_features/MC03/Session1/0427.npz,343,12,1|1|1|1|1|1|1|1|1|1|1|1,,head_audio_pos_same_start_100hz
MC03,control,Session1,0428,data/processed/torgo_aai_features/MC03/Session1/0428.npz,353,12,1|1|1|1|1|1|1|1|1|1|1|1,,head_audio_pos_same_start_100hz
MC03,control,Session1,0429,data/processed/torgo_aai_features/MC03/Session1/0429.npz,159,12,1|1|1|1|1|1|1|1|1|1|1|1,,head_audio_pos_same_start_100hz
MC03,control,Session1,0430,data/processed/torgo_aai_features/MC03/Session1/0430.npz,190,12,1|1|1|1|1|1|1|1|1|1|1|1,,head_audio_pos_same_start_100hz
MC03,control,Session1,0431,data/processed/torgo_aai_features/MC03/Session1/0431.npz,346,12,1|1|1|1|1|1|1|1|1|1|1|1,,head_audio_pos_same_start_100hz
MC03,control,Session1,0432,data/processed/torgo_aai_features/MC03/Session1/0432.npz,263,12,1|1|1|1|1|1|1|1|1|1|1|1,,head_audio_pos_same_start_100hz
MC03,control,Session1,0433,data/processed/torgo_aai_features/MC03/Session1/0433.npz,160,12,1|1|1|1|1|1|1|1|1|1|1|1,,head_audio_pos_same_start_100hz
MC03,control,Session1,0434,data/processed/torgo_aai_features/MC03/Session1/0434.npz,153,12,1|1|1|1|1|1|1|1|1|1|1|1,,head_audio_pos_same_start_100hz
MC03,control,Session1,0435,data/processed/torgo_aai_features/MC03/Session1/0435.npz,333,12,1|1|1|1|1|1|1|1|1|1|1|1,,head_audio_pos_same_start_100hz
MC03,control,Session1,0436,data/processed/torgo_aai_features/MC03/Session1/0436.npz,219,12,1|1|1|1|1|1|1|1|1|1|1|1,,head_audio_pos_same_start_100hz
MC03,control,Session1,0437,data/processed/torgo_aai_features/MC03/Session1/0437.npz,286,12,1|1|1|1|1|1|1|1|1|1|1|1,,head_audio_pos_same_start_100hz
MC03,control,Session1,0438,data/processed/torgo_aai_features/MC03/Session1/0438.npz,182,12,1|1|1|1|1|1|1|1|1|1|1|1,,head_audio_pos_same_start_100hz
MC03,control,Session1,0439,data/processed/torgo_aai_features/MC03/Session1/0439.npz,212,12,1|1|1|1|1|1|1|1|1|1|1|1,,head_audio_pos_same_start_100hz
MC03,control,Session1,0440,data/processed/torgo_aai_features/MC03/Session1/0440.npz,155,12,1|1|1|1|1|1|1|1|1|1|1|1,,head_audio_pos_same_start_100hz
MC03,control,Session1,0441,data/processed/torgo_aai_features/MC03/Session1/0441.npz,154,12,1|1|1|1|1|1|1|1|1|1|1|1,,head_audio_pos_same_start_100hz
MC03,control,Session1,0442,data/processed/torgo_aai_features/MC03/Session1/0442.npz,197,12,1|1|1|1|1|1|1|1|1|1|1|1,,head_audio_pos_same_start_100hz
MC03,control,Session1,0443,data/processed/torgo_aai_features/MC03/Session1/0443.npz,183,12,1|1|1|1|1|1|1|1|1|1|1|1,,head_audio_pos_same_start_100hz
MC03,control,Session1,0444,data/processed/torgo_aai_features/MC03/Session1/0444.npz,371,12,1|1|1|1|1|1|1|1|1|1|1|1,,head_audio_pos_same_start_100hz
MC03,control,Session1,0445,data/processed/torgo_aai_features/MC03/Session1/0445.npz,376,12,1|1|1|1|1|1|1|1|1|1|1|1,,head_audio_pos_same_start_100hz
MC03,control,Session1,0446,data/processed/torgo_aai_features/MC03/Session1/0446.npz,183,12,1|1|1|1|1|1|1|1|1|1|1|1,,head_audio_pos_same_start_100hz
MC03,control,Session1,0447,data/processed/torgo_aai_features/MC03/Session1/0447.npz,162,12,1|1|1|1|1|1|1|1|1|1|1|1,,head_audio_pos_same_start_100hz
MC03,control,Session1,0448,data/processed/torgo_aai_features/MC03/Session1/0448.npz,171,12,1|1|1|1|1|1|1|1|1|1|1|1,,head_audio_pos_same_start_100hz
MC03,control,Session1,0449,data/processed/torgo_aai_features/MC03/Session1/0449.npz,174,12,1|1|1|1|1|1|1|1|1|1|1|1,,head_audio_pos_same_start_100hz
MC03,control,Session1,0450,data/processed/torgo_aai_features/MC03/Session1/0450.npz,305,12,1|1|1|1|1|1|1|1|1|1|1|1,,head_audio_pos_same_start_100hz
MC03,control,Session1,0451,data/processed/torgo_aai_features/MC03/Session1/0451.npz,258,12,1|1|1|1|1|1|1|1|1|1|1|1,,head_audio_pos_same_start_100hz
MC03,control,Session1,0452,data/processed/torgo_aai_features/MC03/Session1/0452.npz,155,12,1|1|1|1|1|1|1|1|1|1|1|1,,head_audio_pos_same_start_100hz
MC03,control,Session1,0453,data/processed/torgo_aai_features/MC03/Session1/0453.npz,163,12,1|1|1|1|1|1|1|1|1|1|1|1,,head_audio_pos_same_start_100hz
MC03,control,Session1,0454,data/processed/torgo_aai_features/MC03/Session1/0454.npz,378,12,1|1|1|1|1|1|1|1|1|1|1|1,,head_audio_pos_same_start_100hz
MC03,control,Session1,0455,data/processed/torgo_aai_features/MC03/Session1/0455.npz,174,12,1|1|1|1|1|1|1|1|1|1|1|1,,head_audio_pos_same_start_100hz
MC03,control,Session1,0456,data/processed/torgo_aai_features/MC03/Session1/0456.npz,501,12,1|1|1|1|1|1|1|1|1|1|1|1,,head_audio_pos_same_start_100hz
MC03,control,Session1,0457,data/processed/torgo_aai_features/MC03/Session1/0457.npz,380,12,1|1|1|1|1|1|1|1|1|1|1|1,,head_audio_pos_same_start_100hz
MC03,control,Session1,0458,data/processed/torgo_aai_features/MC03/Session1/0458.npz,277,12,1|1|1|1|1|1|1|1|1|1|1|1,,head_audio_pos_same_start_100hz
MC03,control,Session1,0459,data/processed/torgo_aai_features/MC03/Session1/0459.npz,279,12,1|1|1|1|1|1|1|1|1|1|1|1,,head_audio_pos_same_start_100hz
MC03,control,Session1,0460,data/processed/torgo_aai_features/MC03/Session1/0460.npz,152,12,1|1|1|1|1|1|1|1|1|1|1|1,,head_audio_pos_same_start_100hz
MC03,control,Session1,0461,data/processed/torgo_aai_features/MC03/Session1/0461.npz,148,12,1|1|1|1|1|1|1|1|1|1|1|1,,head_audio_pos_same_start_100hz
MC03,control,Session1,0462,data/processed/torgo_aai_features/MC03/Session1/0462.npz,161,12,1|1|1|1|1|1|1|1|1|1|1|1,,head_audio_pos_same_start_100hz
MC03,control,Session1,0463,data/processed/torgo_aai_features/MC03/Session1/0463.npz,152,12,1|1|1|1|1|1|1|1|1|1|1|1,,head_audio_pos_same_start_100hz
MC03,control,Session1,0464,data/processed/torgo_aai_features/MC03/Session1/0464.npz,164,12,1|1|1|1|1|1|1|1|1|1|1|1,,head_audio_pos_same_start_100hz
MC03,control,Session1,0465,data/processed/torgo_aai_features/MC03/Session1/0465.npz,135,12,1|1|1|1|1|1|1|1|1|1|1|1,,head_audio_pos_same_start_100hz
MC03,control,Session1,0466,data/processed/torgo_aai_features/MC03/Session1/0466.npz,154,12,1|1|1|1|1|1|1|1|1|1|1|1,,head_audio_pos_same_start_100hz
MC03,control,Session1,0467,data/processed/torgo_aai_features/MC03/Session1/0467.npz,351,12,1|1|1|1|1|1|1|1|1|1|1|1,,head_audio_pos_same_start_100hz
MC03,control,Session1,0468,data/processed/torgo_aai_features/MC03/Session1/0468.npz,208,12,1|1|1|1|1|1|1|1|1|1|1|1,,head_audio_pos_same_start_100hz
MC03,control,Session1,0469,data/processed/torgo_aai_features/MC03/Session1/0469.npz,442,12,1|1|1|1|1|1|1|1|1|1|1|1,,head_audio_pos_same_start_100hz
MC03,control,Session1,0470,data/processed/torgo_aai_features/MC03/Session1/0470.npz,173,12,1|1|1|1|1|1|1|1|1|1|1|1,,head_audio_pos_same_start_100hz
MC03,control,Session1,0471,data/processed/torgo_aai_features/MC03/Session1/0471.npz,256,12,1|1|1|1|1|1|1|1|1|1|1|1,,head_audio_pos_same_start_100hz
MC03,control,Session1,0472,data/processed/torgo_aai_features/MC03/Session1/0472.npz,253,12,1|1|1|1|1|1|1|1|1|1|1|1,,head_audio_pos_same_start_100hz
MC03,control,Session1,0473,data/processed/torgo_aai_features/MC03/Session1/0473.npz,172,12,1|1|1|1|1|1|1|1|1|1|1|1,,head_audio_pos_same_start_100hz
MC03,control,Session1,0474,data/processed/torgo_aai_features/MC03/Session1/0474.npz,311,12,1|1|1|1|1|1|1|1|1|1|1|1,,head_audio_pos_same_start_100hz
MC03,control,Session1,0475,data/processed/torgo_aai_features/MC03/Session1/0475.npz,157,12,1|1|1|1|1|1|1|1|1|1|1|1,,head_audio_pos_same_start_100hz
MC03,control,Session1,0476,data/processed/torgo_aai_features/MC03/Session1/0476.npz,340,12,1|1|1|1|1|1|1|1|1|1|1|1,,head_audio_pos_same_start_100hz
MC03,control,Session1,0477,data/processed/torgo_aai_features/MC03/Session1/0477.npz,175,12,1|1|1|1|1|1|1|1|1|1|1|1,,head_audio_pos_same_start_100hz
MC03,control,Session1,0478,data/processed/torgo_aai_features/MC03/Session1/0478.npz,358,12,1|1|1|1|1|1|1|1|1|1|1|1,,head_audio_pos_same_start_100hz
MC03,control,Session1,0479,data/processed/torgo_aai_features/MC03/Session1/0479.npz,181,12,1|1|1|1|1|1|1|1|1|1|1|1,,head_audio_pos_same_start_100hz
MC03,control,Session1,0480,data/processed/torgo_aai_features/MC03/Session1/0480.npz,163,12,1|1|1|1|1|1|1|1|1|1|1|1,,head_audio_pos_same_start_100hz
MC03,control,Session1,0481,data/processed/torgo_aai_features/MC03/Session1/0481.npz,164,12,1|1|1|1|1|1|1|1|1|1|1|1,,head_audio_pos_same_start_100hz
MC03,control,Session1,0482,data/processed/torgo_aai_features/MC03/Session1/0482.npz,188,12,1|1|1|1|1|1|1|1|1|1|1|1,,head_audio_pos_same_start_100hz
MC03,control,Session1,0483,data/processed/torgo_aai_features/MC03/Session1/0483.npz,518,12,1|1|1|1|1|1|1|1|1|1|1|1,,head_audio_pos_same_start_100hz
MC03,control,Session1,0484,data/processed/torgo_aai_features/MC03/Session1/0484.npz,165,12,1|1|1|1|1|1|1|1|1|1|1|1,,head_audio_pos_same_start_100hz
MC03,control,Session1,0485,data/processed/torgo_aai_features/MC03/Session1/0485.npz,424,12,1|1|1|1|1|1|1|1|1|1|1|1,,head_audio_pos_same_start_100hz
MC03,control,Session1,0486,data/processed/torgo_aai_features/MC03/Session1/0486.npz,165,12,1|1|1|1|1|1|1|1|1|1|1|1,,head_audio_pos_same_start_100hz
MC03,control,Session1,0487,data/processed/torgo_aai_features/MC03/Session1/0487.npz,149,12,1|1|1|1|1|1|1|1|1|1|1|1,,head_audio_pos_same_start_100hz
MC03,control,Session1,0488,data/processed/torgo_aai_features/MC03/Session1/0488.npz,171,12,1|1|1|1|1|1|1|1|1|1|1|1,,head_audio_pos_same_start_100hz
MC03,control,Session1,0489,data/processed/torgo_aai_features/MC03/Session1/0489.npz,148,12,1|1|1|1|1|1|1|1|1|1|1|1,,head_audio_pos_same_start_100hz
MC03,control,Session1,0490,data/processed/torgo_aai_features/MC03/Session1/0490.npz,166,12,1|1|1|1|1|1|1|1|1|1|1|1,,head_audio_pos_same_start_100hz
MC03,control,Session1,0491,data/processed/torgo_aai_features/MC03/Session1/0491.npz,174,12,1|1|1|1|1|1|1|1|1|1|1|1,,head_audio_pos_same_start_100hz
MC03,control,Session1,0492,data/processed/torgo_aai_features/MC03/Session1/0492.npz,179,12,1|1|1|1|1|1|1|1|1|1|1|1,,head_audio_pos_same_start_100hz
MC03,control,Session1,0493,data/processed/torgo_aai_features/MC03/Session1/0493.npz,195,12,1|1|1|1|1|1|1|1|1|1|1|1,,head_audio_pos_same_start_100hz
MC03,control,Session1,0494,data/processed/torgo_aai_features/MC03/Session1/0494.npz,162,12,1|1|1|1|1|1|1|1|1|1|1|1,,head_audio_pos_same_start_100hz
MC03,control,Session1,0495,data/processed/torgo_aai_features/MC03/Session1/0495.npz,185,12,1|1|1|1|1|1|1|1|1|1|1|1,,head_audio_pos_same_start_100hz
MC03,control,Session1,0496,data/processed/torgo_aai_features/MC03/Session1/0496.npz,170,12,1|1|1|1|1|1|1|1|1|1|1|1,,head_audio_pos_same_start_100hz
MC03,control,Session1,0497,data/processed/torgo_aai_features/MC03/Session1/0497.npz,156,12,1|1|1|1|1|1|1|1|1|1|1|1,,head_audio_pos_same_start_100hz
MC03,control,Session1,0498,data/processed/torgo_aai_features/MC03/Session1/0498.npz,337,12,1|1|1|1|1|1|1|1|1|1|1|1,,head_audio_pos_same_start_100hz
MC03,control,Session1,0499,data/processed/torgo_aai_features/MC03/Session1/0499.npz,361,12,1|1|1|1|1|1|1|1|1|1|1|1,,head_audio_pos_same_start_100hz
MC03,control,Session1,0500,data/processed/torgo_aai_features/MC03/Session1/0500.npz,177,12,1|1|1|1|1|1|1|1|1|1|1|1,,head_audio_pos_same_start_100hz
MC03,control,Session1,0501,data/processed/torgo_aai_features/MC03/Session1/0501.npz,153,12,1|1|1|1|1|1|1|1|1|1|1|1,,head_audio_pos_same_start_100hz
MC03,control,Session1,0502,data/processed/torgo_aai_features/MC03/Session1/0502.npz,154,12,1|1|1|1|1|1|1|1|1|1|1|1,,head_audio_pos_same_start_100hz
MC03,control,Session1,0503,data/processed/torgo_aai_features/MC03/Session1/0503.npz,343,12,1|1|1|1|1|1|1|1|1|1|1|1,,head_audio_pos_same_start_100hz
MC03,control,Session1,0504,data/processed/torgo_aai_features/MC03/Session1/0504.npz,157,12,1|1|1|1|1|1|1|1|1|1|1|1,,head_audio_pos_same_start_100hz
MC03,control,Session1,0505,data/processed/torgo_aai_features/MC03/Session1/0505.npz,158,12,1|1|1|1|1|1|1|1|1|1|1|1,,head_audio_pos_same_start_100hz
MC03,control,Session1,0506,data/processed/torgo_aai_features/MC03/Session1/0506.npz,461,12,1|1|1|1|1|1|1|1|1|1|1|1,,head_audio_pos_same_start_100hz
MC03,control,Session1,0507,data/processed/torgo_aai_features/MC03/Session1/0507.npz,162,12,1|1|1|1|1|1|1|1|1|1|1|1,,head_audio_pos_same_start_100hz
MC03,control,Session1,0508,data/processed/torgo_aai_features/MC03/Session1/0508.npz,157,12,1|1|1|1|1|1|1|1|1|1|1|1,,head_audio_pos_same_start_100hz
MC03,control,Session1,0509,data/processed/torgo_aai_features/MC03/Session1/0509.npz,157,12,1|1|1|1|1|1|1|1|1|1|1|1,,head_audio_pos_same_start_100hz
MC03,control,Session1,0510,data/processed/torgo_aai_features/MC03/Session1/0510.npz,339,12,1|1|1|1|1|1|1|1|1|1|1|1,,head_audio_pos_same_start_100hz
MC03,control,Session1,0511,data/processed/torgo_aai_features/MC03/Session1/0511.npz,174,12,1|1|1|1|1|1|1|1|1|1|1|1,,head_audio_pos_same_start_100hz
MC03,control,Session1,0512,data/processed/torgo_aai_features/MC03/Session1/0512.npz,150,12,1|1|1|1|1|1|1|1|1|1|1|1,,head_audio_pos_same_start_100hz
MC03,control,Session1,0513,data/processed/torgo_aai_features/MC03/Session1/0513.npz,178,12,1|1|1|1|1|1|1|1|1|1|1|1,,head_audio_pos_same_start_100hz
MC03,control,Session1,0514,data/processed/torgo_aai_features/MC03/Session1/0514.npz,180,12,1|1|1|1|1|1|1|1|1|1|1|1,,head_audio_pos_same_start_100hz
MC03,control,Session1,0515,data/processed/torgo_aai_features/MC03/Session1/0515.npz,165,12,1|1|1|1|1|1|1|1|1|1|1|1,,head_audio_pos_same_start_100hz
MC03,control,Session1,0516,data/processed/torgo_aai_features/MC03/Session1/0516.npz,168,12,1|1|1|1|1|1|1|1|1|1|1|1,,head_audio_pos_same_start_100hz
MC03,control,Session1,0517,data/processed/torgo_aai_features/MC03/Session1/0517.npz,178,12,1|1|1|1|1|1|1|1|1|1|1|1,,head_audio_pos_same_start_100hz
MC03,control,Session1,0518,data/processed/torgo_aai_features/MC03/Session1/0518.npz,154,12,1|1|1|1|1|1|1|1|1|1|1|1,,head_audio_pos_same_start_100hz
MC03,control,Session1,0519,data/processed/torgo_aai_features/MC03/Session1/0519.npz,163,12,1|1|1|1|1|1|1|1|1|1|1|1,,head_audio_pos_same_start_100hz
MC03,control,Session1,0520,data/processed/torgo_aai_features/MC03/Session1/0520.npz,150,12,1|1|1|1|1|1|1|1|1|1|1|1,,head_audio_pos_same_start_100hz
MC03,control,Session1,0521,data/processed/torgo_aai_features/MC03/Session1/0521.npz,150,12,1|1|1|1|1|1|1|1|1|1|1|1,,head_audio_pos_same_start_100hz
MC03,control,Session1,0522,data/processed/torgo_aai_features/MC03/Session1/0522.npz,257,12,1|1|1|1|1|1|1|1|1|1|1|1,,head_audio_pos_same_start_100hz
MC03,control,Session1,0523,data/processed/torgo_aai_features/MC03/Session1/0523.npz,144,12,1|1|1|1|1|1|1|1|1|1|1|1,,head_audio_pos_same_start_100hz
MC03,control,Session1,0524,data/processed/torgo_aai_features/MC03/Session1/0524.npz,142,12,1|1|1|1|1|1|1|1|1|1|1|1,,head_audio_pos_same_start_100hz
MC03,control,Session1,0525,data/processed/torgo_aai_features/MC03/Session1/0525.npz,145,12,1|1|1|1|1|1|1|1|1|1|1|1,,head_audio_pos_same_start_100hz
MC03,control,Session1,0526,data/processed/torgo_aai_features/MC03/Session1/0526.npz,161,12,1|1|1|1|1|1|1|1|1|1|1|1,,head_audio_pos_same_start_100hz
MC03,control,Session1,0527,data/processed/torgo_aai_features/MC03/Session1/0527.npz,413,12,1|1|1|1|1|1|1|1|1|1|1|1,,head_audio_pos_same_start_100hz
MC03,control,Session1,0528,data/processed/torgo_aai_features/MC03/Session1/0528.npz,156,12,1|1|1|1|1|1|1|1|1|1|1|1,,head_audio_pos_same_start_100hz
MC03,control,Session1,0529,data/processed/torgo_aai_features/MC03/Session1/0529.npz,135,12,1|1|1|1|1|1|1|1|1|1|1|1,,head_audio_pos_same_start_100hz
MC03,control,Session1,0530,data/processed/torgo_aai_features/MC03/Session1/0530.npz,165,12,1|1|1|1|1|1|1|1|1|1|1|1,,head_audio_pos_same_start_100hz
MC03,control,Session1,0531,data/processed/torgo_aai_features/MC03/Session1/0531.npz,320,12,1|1|1|1|1|1|1|1|1|1|1|1,,head_audio_pos_same_start_100hz
MC03,control,Session1,0532,data/processed/torgo_aai_features/MC03/Session1/0532.npz,177,12,1|1|1|1|1|1|1|1|1|1|1|1,,head_audio_pos_same_start_100hz
MC03,control,Session1,0533,data/processed/torgo_aai_features/MC03/Session1/0533.npz,176,12,1|1|1|1|1|1|1|1|1|1|1|1,,head_audio_pos_same_start_100hz
MC03,control,Session1,0534,data/processed/torgo_aai_features/MC03/Session1/0534.npz,173,12,1|1|1|1|1|1|1|1|1|1|1|1,,head_audio_pos_same_start_100hz
MC03,control,Session1,0535,data/processed/torgo_aai_features/MC03/Session1/0535.npz,340,12,1|1|1|1|1|1|1|1|1|1|1|1,,head_audio_pos_same_start_100hz
MC03,control,Session1,0536,data/processed/torgo_aai_features/MC03/Session1/0536.npz,167,12,1|1|1|1|1|1|1|1|1|1|1|1,,head_audio_pos_same_start_100hz
MC03,control,Session1,0537,data/processed/torgo_aai_features/MC03/Session1/0537.npz,425,12,1|1|1|1|1|1|1|1|1|1|1|1,,head_audio_pos_same_start_100hz
MC03,control,Session1,0538,data/processed/torgo_aai_features/MC03/Session1/0538.npz,176,12,1|1|1|1|1|1|1|1|1|1|1|1,,head_audio_pos_same_start_100hz
MC03,control,Session1,0539,data/processed/torgo_aai_features/MC03/Session1/0539.npz,182,12,1|1|1|1|1|1|1|1|1|1|1|1,,head_audio_pos_same_start_100hz
MC03,control,Session1,0540,data/processed/torgo_aai_features/MC03/Session1/0540.npz,176,12,1|1|1|1|1|1|1|1|1|1|1|1,,head_audio_pos_same_start_100hz
MC03,control,Session1,0541,data/processed/torgo_aai_features/MC03/Session1/0541.npz,155,12,1|1|1|1|1|1|1|1|1|1|1|1,,head_audio_pos_same_start_100hz
MC03,control,Session1,0542,data/processed/torgo_aai_features/MC03/Session1/0542.npz,178,12,1|1|1|1|1|1|1|1|1|1|1|1,,head_audio_pos_same_start_100hz
MC03,control,Session1,0543,data/processed/torgo_aai_features/MC03/Session1/0543.npz,164,12,1|1|1|1|1|1|1|1|1|1|1|1,,head_audio_pos_same_start_100hz
MC03,control,Session1,0544,data/processed/torgo_aai_features/MC03/Session1/0544.npz,177,12,1|1|1|1|1|1|1|1|1|1|1|1,9,head_audio_pos_same_start_100hz
MC03,control,Session1,0545,data/processed/torgo_aai_features/MC03/Session1/0545.npz,160,12,1|1|1|1|1|1|1|1|1|1|1|1,,head_audio_pos_same_start_100hz
MC03,control,Session1,0546,data/processed/torgo_aai_features/MC03/Session1/0546.npz,168,12,1|1|1|1|1|1|1|1|1|1|1|1,,head_audio_pos_same_start_100hz
MC03,control,Session1,0547,data/processed/torgo_aai_features/MC03/Session1/0547.npz,206,12,1|1|1|1|1|1|1|1|1|1|1|1,,head_audio_pos_same_start_100hz
MC03,control,Session1,0548,data/processed/torgo_aai_features/MC03/Session1/0548.npz,198,12,1|1|1|1|1|1|1|1|1|1|1|1,9,head_audio_pos_same_start_100hz
MC03,control,Session1,0549,data/processed/torgo_aai_features/MC03/Session1/0549.npz,339,12,1|1|1|1|1|1|1|1|1|1|1|1,,head_audio_pos_same_start_100hz
MC03,control,Session1,0550,data/processed/torgo_aai_features/MC03/Session1/0550.npz,241,12,1|1|1|1|1|1|1|1|1|1|1|1,9,head_audio_pos_same_start_100hz
MC03,control,Session1,0551,data/processed/torgo_aai_features/MC03/Session1/0551.npz,187,12,1|1|1|1|1|1|1|1|1|1|1|1,9,head_audio_pos_same_start_100hz
MC03,control,Session1,0552,data/processed/torgo_aai_features/MC03/Session1/0552.npz,333,12,1|1|1|1|1|1|1|1|1|1|1|1,,head_audio_pos_same_start_100hz
MC03,control,Session1,0553,data/processed/torgo_aai_features/MC03/Session1/0553.npz,207,12,1|1|1|1|1|1|1|1|1|1|1|1,,head_audio_pos_same_start_100hz
MC03,control,Session1,0554,data/processed/torgo_aai_features/MC03/Session1/0554.npz,175,12,1|1|1|1|1|1|1|1|1|1|1|1,,head_audio_pos_same_start_100hz
MC03,control,Session1,0555,data/processed/torgo_aai_features/MC03/Session1/0555.npz,300,12,1|1|1|1|1|1|1|1|1|1|1|1,,head_audio_pos_same_start_100hz
MC03,control,Session1,0556,data/processed/torgo_aai_features/MC03/Session1/0556.npz,170,12,1|1|1|1|1|1|1|1|1|1|1|1,,head_audio_pos_same_start_100hz
MC03,control,Session1,0557,data/processed/torgo_aai_features/MC03/Session1/0557.npz,151,12,1|1|1|1|1|1|1|1|1|1|1|1,,head_audio_pos_same_start_100hz
MC03,control,Session1,0558,data/processed/torgo_aai_features/MC03/Session1/0558.npz,324,12,1|1|1|1|1|1|1|1|1|1|1|1,,head_audio_pos_same_start_100hz
MC03,control,Session1,0559,data/processed/torgo_aai_features/MC03/Session1/0559.npz,160,12,1|1|1|1|1|1|1|1|1|1|1|1,,head_audio_pos_same_start_100hz
MC03,control,Session1,0560,data/processed/torgo_aai_features/MC03/Session1/0560.npz,401,12,1|1|1|1|1|1|1|1|1|1|1|1,,head_audio_pos_same_start_100hz
MC03,control,Session1,0561,data/processed/torgo_aai_features/MC03/Session1/0561.npz,187,12,1|1|1|1|1|1|1|1|1|1|1|1,,head_audio_pos_same_start_100hz
MC03,control,Session1,0562,data/processed/torgo_aai_features/MC03/Session1/0562.npz,327,12,1|1|1|1|1|1|1|1|1|1|1|1,,head_audio_pos_same_start_100hz
MC03,control,Session1,0563,data/processed/torgo_aai_features/MC03/Session1/0563.npz,160,12,1|1|1|1|1|1|1|1|1|1|1|1,9,head_audio_pos_same_start_100hz
MC03,control,Session1,0564,data/processed/torgo_aai_features/MC03/Session1/0564.npz,157,12,1|1|1|1|1|1|1|1|1|1|1|1,,head_audio_pos_same_start_100hz
MC03,control,Session1,0565,data/processed/torgo_aai_features/MC03/Session1/0565.npz,155,12,1|1|1|1|1|1|1|1|1|1|1|1,,head_audio_pos_same_start_100hz
MC03,control,Session1,0566,data/processed/torgo_aai_features/MC03/Session1/0566.npz,127,12,1|1|1|1|1|1|1|1|1|1|1|1,,head_audio_pos_same_start_100hz
MC03,control,Session1,0567,data/processed/torgo_aai_features/MC03/Session1/0567.npz,155,12,1|1|1|1|1|1|1|1|1|1|1|1,,head_audio_pos_same_start_100hz
MC03,control,Session1,0568,data/processed/torgo_aai_features/MC03/Session1/0568.npz,187,12,1|1|1|1|1|1|1|1|1|1|1|1,,head_audio_pos_same_start_100hz
MC03,control,Session1,0569,data/processed/torgo_aai_features/MC03/Session1/0569.npz,646,12,1|1|1|1|1|1|1|1|1|1|1|1,,head_audio_pos_same_start_100hz
MC03,control,Session1,0570,data/processed/torgo_aai_features/MC03/Session1/0570.npz,222,12,1|1|1|1|1|1|1|1|1|1|1|1,,head_audio_pos_same_start_100hz
MC03,control,Session1,0571,data/processed/torgo_aai_features/MC03/Session1/0571.npz,146,12,1|1|1|1|1|1|1|1|1|1|1|1,,head_audio_pos_same_start_100hz
MC03,control,Session1,0572,data/processed/torgo_aai_features/MC03/Session1/0572.npz,410,12,1|1|1|1|1|1|1|1|1|1|1|1,,head_audio_pos_same_start_100hz
MC03,control,Session1,0573,data/processed/torgo_aai_features/MC03/Session1/0573.npz,152,12,1|1|1|1|1|1|1|1|1|1|1|1,,head_audio_pos_same_start_100hz
MC03,control,Session1,0574,data/processed/torgo_aai_features/MC03/Session1/0574.npz,184,12,1|1|1|1|1|1|1|1|1|1|1|1,,head_audio_pos_same_start_100hz
MC03,control,Session1,0575,data/processed/torgo_aai_features/MC03/Session1/0575.npz,189,12,1|1|1|1|1|1|1|1|1|1|1|1,,head_audio_pos_same_start_100hz
MC03,control,Session1,0576,data/processed/torgo_aai_features/MC03/Session1/0576.npz,320,12,1|1|1|1|1|1|1|1|1|1|1|1,,head_audio_pos_same_start_100hz
MC03,control,Session1,0577,data/processed/torgo_aai_features/MC03/Session1/0577.npz,191,12,1|1|1|1|1|1|1|1|1|1|1|1,,head_audio_pos_same_start_100hz
MC03,control,Session1,0578,data/processed/torgo_aai_features/MC03/Session1/0578.npz,189,12,1|1|1|1|1|1|1|1|1|1|1|1,,head_audio_pos_same_start_100hz
MC03,control,Session1,0579,data/processed/torgo_aai_features/MC03/Session1/0579.npz,378,12,1|1|1|1|1|1|1|1|1|1|1|1,,head_audio_pos_same_start_100hz
MC03,control,Session1,0580,data/processed/torgo_aai_features/MC03/Session1/0580.npz,150,12,1|1|1|1|1|1|1|1|1|1|1|1,,head_audio_pos_same_start_100hz
MC03,control,Session1,0581,data/processed/torgo_aai_features/MC03/Session1/0581.npz,161,12,1|1|1|1|1|1|1|1|1|1|1|1,,head_audio_pos_same_start_100hz
MC03,control,Session1,0582,data/processed/torgo_aai_features/MC03/Session1/0582.npz,164,12,1|1|1|1|1|1|1|1|1|1|1|1,,head_audio_pos_same_start_100hz
MC03,control,Session1,0583,data/processed/torgo_aai_features/MC03/Session1/0583.npz,479,12,1|1|1|1|1|1|1|1|1|1|1|1,,head_audio_pos_same_start_100hz
MC03,control,Session1,0584,data/processed/torgo_aai_features/MC03/Session1/0584.npz,189,12,1|1|1|1|1|1|1|1|1|1|1|1,,head_audio_pos_same_start_100hz
MC03,control,Session1,0585,data/processed/torgo_aai_features/MC03/Session1/0585.npz,183,12,1|1|1|1|1|1|1|1|1|1|1|1,,head_audio_pos_same_start_100hz
MC03,control,Session1,0586,data/processed/torgo_aai_features/MC03/Session1/0586.npz,163,12,1|1|1|1|1|1|1|1|1|1|1|1,,head_audio_pos_same_start_100hz
MC03,control,Session1,0587,data/processed/torgo_aai_features/MC03/Session1/0587.npz,154,12,1|1|1|1|1|1|1|1|1|1|1|1,,head_audio_pos_same_start_100hz
MC03,control,Session1,0588,data/processed/torgo_aai_features/MC03/Session1/0588.npz,191,12,1|1|1|1|1|1|1|1|1|1|1|1,,head_audio_pos_same_start_100hz
MC03,control,Session1,0589,data/processed/torgo_aai_features/MC03/Session1/0589.npz,168,12,1|1|1|1|1|1|1|1|1|1|1|1,,head_audio_pos_same_start_100hz
MC03,control,Session1,0590,data/processed/torgo_aai_features/MC03/Session1/0590.npz,636,12,1|1|1|1|1|1|1|1|1|1|1|1,,head_audio_pos_same_start_100hz
MC03,control,Session1,0591,data/processed/torgo_aai_features/MC03/Session1/0591.npz,199,12,1|1|1|1|1|1|1|1|1|1|1|1,,head_audio_pos_same_start_100hz
MC03,control,Session1,0592,data/processed/torgo_aai_features/MC03/Session1/0592.npz,190,12,1|1|1|1|1|1|1|1|1|1|1|1,,head_audio_pos_same_start_100hz
MC03,control,Session1,0593,data/processed/torgo_aai_features/MC03/Session1/0593.npz,351,12,1|1|1|1|1|1|1|1|1|1|1|1,,head_audio_pos_same_start_100hz
MC03,control,Session1,0594,data/processed/torgo_aai_features/MC03/Session1/0594.npz,183,12,1|1|1|1|1|1|1|1|1|1|1|1,,head_audio_pos_same_start_100hz
MC03,control,Session1,0595,data/processed/torgo_aai_features/MC03/Session1/0595.npz,177,12,1|1|1|1|1|1|1|1|1|1|1|1,,head_audio_pos_same_start_100hz
MC03,control,Session1,0596,data/processed/torgo_aai_features/MC03/Session1/0596.npz,176,12,1|1|1|1|1|1|1|1|1|1|1|1,,head_audio_pos_same_start_100hz
MC03,control,Session1,0597,data/processed/torgo_aai_features/MC03/Session1/0597.npz,340,12,1|1|1|1|1|1|1|1|1|1|1|1,,head_audio_pos_same_start_100hz
MC03,control,Session1,0598,data/processed/torgo_aai_features/MC03/Session1/0598.npz,186,12,1|1|1|1|1|1|1|1|1|1|1|1,,head_audio_pos_same_start_100hz
MC03,control,Session1,0599,data/processed/torgo_aai_features/MC03/Session1/0599.npz,209,12,1|1|1|1|1|1|1|1|1|1|1|1,,head_audio_pos_same_start_100hz
MC03,control,Session1,0600,data/processed/torgo_aai_features/MC03/Session1/0600.npz,250,12,1|1|1|1|1|1|1|1|1|1|1|1,,head_audio_pos_same_start_100hz
MC04,control,Session1,0001,data/processed/torgo_aai_features/MC04/Session1/0001.npz,569,12,1|1|1|1|1|1|1|1|1|1|1|1,,head_audio_pos_same_start_100hz
MC04,control,Session1,0002,data/processed/torgo_aai_features/MC04/Session1/0002.npz,357,12,1|1|1|1|1|1|1|1|1|1|1|1,,head_audio_pos_same_start_100hz
MC04,control,Session1,0003,data/processed/torgo_aai_features/MC04/Session1/0003.npz,580,12,1|1|1|1|1|1|1|1|1|1|1|1,,head_audio_pos_same_start_100hz
MC04,control,Session1,0004,data/processed/torgo_aai_features/MC04/Session1/0004.npz,493,12,1|1|1|1|1|1|1|1|1|1|1|1,,head_audio_pos_same_start_100hz
MC04,control,Session1,0005,data/processed/torgo_aai_features/MC04/Session1/0005.npz,217,12,1|1|1|1|1|1|1|1|1|1|1|1,,head_audio_pos_same_start_100hz
MC04,control,Session1,0006,data/processed/torgo_aai_features/MC04/Session1/0006.npz,213,10,1|1|1|1|0|1|1|1|1|1|0|1,2,head_audio_pos_same_start_100hz
MC04,control,Session1,0007,data/processed/torgo_aai_features/MC04/Session1/0007.npz,196,12,1|1|1|1|1|1|1|1|1|1|1|1,,head_audio_pos_same_start_100hz
MC04,control,Session1,0008,data/processed/torgo_aai_features/MC04/Session1/0008.npz,209,12,1|1|1|1|1|1|1|1|1|1|1|1,,head_audio_pos_same_start_100hz
MC04,control,Session1,0009,data/processed/torgo_aai_features/MC04/Session1/0009.npz,625,12,1|1|1|1|1|1|1|1|1|1|1|1,,head_audio_pos_same_start_100hz
MC04,control,Session1,0010,data/processed/torgo_aai_features/MC04/Session1/0010.npz,178,12,1|1|1|1|1|1|1|1|1|1|1|1,,head_audio_pos_same_start_100hz
MC04,control,Session1,0011,data/processed/torgo_aai_features/MC04/Session1/0011.npz,192,12,1|1|1|1|1|1|1|1|1|1|1|1,,head_audio_pos_same_start_100hz
MC04,control,Session1,0012,data/processed/torgo_aai_features/MC04/Session1/0012.npz,412,12,1|1|1|1|1|1|1|1|1|1|1|1,,head_audio_pos_same_start_100hz
MC04,control,Session1,0013,data/processed/torgo_aai_features/MC04/Session1/0013.npz,234,12,1|1|1|1|1|1|1|1|1|1|1|1,,head_audio_pos_same_start_100hz
MC04,control,Session1,0014,data/processed/torgo_aai_features/MC04/Session1/0014.npz,208,12,1|1|1|1|1|1|1|1|1|1|1|1,,head_audio_pos_same_start_100hz
MC04,control,Session1,0015,data/processed/torgo_aai_features/MC04/Session1/0015.npz,217,12,1|1|1|1|1|1|1|1|1|1|1|1,,head_audio_pos_same_start_100hz
MC04,control,Session1,0016,data/processed/torgo_aai_features/MC04/Session1/0016.npz,414,12,1|1|1|1|1|1|1|1|1|1|1|1,,head_audio_pos_same_start_100hz
MC04,control,Session1,0017,data/processed/torgo_aai_features/MC04/Session1/0017.npz,178,12,1|1|1|1|1|1|1|1|1|1|1|1,,head_audio_pos_same_start_100hz
MC04,control,Session1,0018,data/processed/torgo_aai_features/MC04/Session1/0018.npz,200,12,1|1|1|1|1|1|1|1|1|1|1|1,,head_audio_pos_same_start_100hz
MC04,control,Session1,0019,data/processed/torgo_aai_features/MC04/Session1/0019.npz,184,12,1|1|1|1|1|1|1|1|1|1|1|1,,head_audio_pos_same_start_100hz
MC04,control,Session1,0020,data/processed/torgo_aai_features/MC04/Session1/0020.npz,203,12,1|1|1|1|1|1|1|1|1|1|1|1,,head_audio_pos_same_start_100hz
MC04,control,Session1,0021,data/processed/torgo_aai_features/MC04/Session1/0021.npz,192,12,1|1|1|1|1|1|1|1|1|1|1|1,,head_audio_pos_same_start_100hz
MC04,control,Session1,0022,data/processed/torgo_aai_features/MC04/Session1/0022.npz,250,12,1|1|1|1|1|1|1|1|1|1|1|1,,head_audio_pos_same_start_100hz
MC04,control,Session1,0023,data/processed/torgo_aai_features/MC04/Session1/0023.npz,496,10,1|1|1|1|1|0|1|1|1|1|1|0,1|10,head_audio_pos_same_start_100hz
MC04,control,Session1,0024,data/processed/torgo_aai_features/MC04/Session1/0024.npz,200,12,1|1|1|1|1|1|1|1|1|1|1|1,,head_audio_pos_same_start_100hz
MC04,control,Session1,0025,data/processed/torgo_aai_features/MC04/Session1/0025.npz,210,12,1|1|1|1|1|1|1|1|1|1|1|1,,head_audio_pos_same_start_100hz
MC04,control,Session1,0026,data/processed/torgo_aai_features/MC04/Session1/0026.npz,571,10,1|1|1|1|1|0|1|1|1|1|1|0,1,head_audio_pos_same_start_100hz
MC04,control,Session1,0027,data/processed/torgo_aai_features/MC04/Session1/0027.npz,546,12,1|1|1|1|1|1|1|1|1|1|1|1,,head_audio_pos_same_start_100hz
MC04,control,Session1,0028,data/processed/torgo_aai_features/MC04/Session1/0028.npz,193,12,1|1|1|1|1|1|1|1|1|1|1|1,,head_audio_pos_same_start_100hz
MC04,control,Session1,0029,data/processed/torgo_aai_features/MC04/Session1/0029.npz,197,12,1|1|1|1|1|1|1|1|1|1|1|1,,head_audio_pos_same_start_100hz
MC04,control,Session1,0030,data/processed/torgo_aai_features/MC04/Session1/0030.npz,397,12,1|1|1|1|1|1|1|1|1|1|1|1,,head_audio_pos_same_start_100hz
MC04,control,Session1,0031,data/processed/torgo_aai_features/MC04/Session1/0031.npz,503,12,1|1|1|1|1|1|1|1|1|1|1|1,,head_audio_pos_same_start_100hz
MC04,control,Session1,0032,data/processed/torgo_aai_features/MC04/Session1/0032.npz,186,12,1|1|1|1|1|1|1|1|1|1|1|1,,head_audio_pos_same_start_100hz
MC04,control,Session1,0033,data/processed/torgo_aai_features/MC04/Session1/0033.npz,441,12,1|1|1|1|1|1|1|1|1|1|1|1,,head_audio_pos_same_start_100hz
MC04,control,Session1,0034,data/processed/torgo_aai_features/MC04/Session1/0034.npz,210,12,1|1|1|1|1|1|1|1|1|1|1|1,,head_audio_pos_same_start_100hz
MC04,control,Session1,0035,data/processed/torgo_aai_features/MC04/Session1/0035.npz,161,12,1|1|1|1|1|1|1|1|1|1|1|1,,head_audio_pos_same_start_100hz
MC04,control,Session1,0036,data/processed/torgo_aai_features/MC04/Session1/0036.npz,465,12,1|1|1|1|1|1|1|1|1|1|1|1,,head_audio_pos_same_start_100hz
MC04,control,Session1,0037,data/processed/torgo_aai_features/MC04/Session1/0037.npz,183,12,1|1|1|1|1|1|1|1|1|1|1|1,,head_audio_pos_same_start_100hz
MC04,control,Session1,0038,data/processed/torgo_aai_features/MC04/Session1/0038.npz,161,12,1|1|1|1|1|1|1|1|1|1|1|1,,head_audio_pos_same_start_100hz
MC04,control,Session1,0039,data/processed/torgo_aai_features/MC04/Session1/0039.npz,182,12,1|1|1|1|1|1|1|1|1|1|1|1,,head_audio_pos_same_start_100hz
MC04,control,Session1,0040,data/processed/torgo_aai_features/MC04/Session1/0040.npz,174,12,1|1|1|1|1|1|1|1|1|1|1|1,,head_audio_pos_same_start_100hz
MC04,control,Session1,0041,data/processed/torgo_aai_features/MC04/Session1/0041.npz,160,12,1|1|1|1|1|1|1|1|1|1|1|1,,head_audio_pos_same_start_100hz
MC04,control,Session1,0042,data/processed/torgo_aai_features/MC04/Session1/0042.npz,185,12,1|1|1|1|1|1|1|1|1|1|1|1,,head_audio_pos_same_start_100hz
MC04,control,Session1,0043,data/processed/torgo_aai_features/MC04/Session1/0043.npz,162,12,1|1|1|1|1|1|1|1|1|1|1|1,,head_audio_pos_same_start_100hz
MC04,control,Session1,0044,data/processed/torgo_aai_features/MC04/Session1/0044.npz,198,12,1|1|1|1|1|1|1|1|1|1|1|1,,head_audio_pos_same_start_100hz
MC04,control,Session1,0045,data/processed/torgo_aai_features/MC04/Session1/0045.npz,201,12,1|1|1|1|1|1|1|1|1|1|1|1,,head_audio_pos_same_start_100hz
MC04,control,Session1,0046,data/processed/torgo_aai_features/MC04/Session1/0046.npz,217,12,1|1|1|1|1|1|1|1|1|1|1|1,,head_audio_pos_same_start_100hz
MC04,control,Session1,0047,data/processed/torgo_aai_features/MC04/Session1/0047.npz,192,12,1|1|1|1|1|1|1|1|1|1|1|1,,head_audio_pos_same_start_100hz
MC04,control,Session1,0048,data/processed/torgo_aai_features/MC04/Session1/0048.npz,180,12,1|1|1|1|1|1|1|1|1|1|1|1,,head_audio_pos_same_start_100hz
MC04,control,Session1,0049,data/processed/torgo_aai_features/MC04/Session1/0049.npz,204,12,1|1|1|1|1|1|1|1|1|1|1|1,,head_audio_pos_same_start_100hz
MC04,control,Session1,0050,data/processed/torgo_aai_features/MC04/Session1/0050.npz,1484,12,1|1|1|1|1|1|1|1|1|1|1|1,,head_audio_pos_same_start_100hz
MC04,control,Session1,0051,data/processed/torgo_aai_features/MC04/Session1/0051.npz,240,12,1|1|1|1|1|1|1|1|1|1|1|1,,head_audio_pos_same_start_100hz
MC04,control,Session1,0052,data/processed/torgo_aai_features/MC04/Session1/0052.npz,213,12,1|1|1|1|1|1|1|1|1|1|1|1,,head_audio_pos_same_start_100hz
MC04,control,Session1,0053,data/processed/torgo_aai_features/MC04/Session1/0053.npz,173,12,1|1|1|1|1|1|1|1|1|1|1|1,,head_audio_pos_same_start_100hz
MC04,control,Session1,0054,data/processed/torgo_aai_features/MC04/Session1/0054.npz,196,12,1|1|1|1|1|1|1|1|1|1|1|1,,head_audio_pos_same_start_100hz
MC04,control,Session1,0055,data/processed/torgo_aai_features/MC04/Session1/0055.npz,191,12,1|1|1|1|1|1|1|1|1|1|1|1,,head_audio_pos_same_start_100hz
MC04,control,Session1,0056,data/processed/torgo_aai_features/MC04/Session1/0056.npz,175,12,1|1|1|1|1|1|1|1|1|1|1|1,,head_audio_pos_same_start_100hz
MC04,control,Session1,0057,data/processed/torgo_aai_features/MC04/Session1/0057.npz,175,12,1|1|1|1|1|1|1|1|1|1|1|1,,head_audio_pos_same_start_100hz
MC04,control,Session1,0058,data/processed/torgo_aai_features/MC04/Session1/0058.npz,166,12,1|1|1|1|1|1|1|1|1|1|1|1,,head_audio_pos_same_start_100hz
MC04,control,Session1,0059,data/processed/torgo_aai_features/MC04/Session1/0059.npz,157,12,1|1|1|1|1|1|1|1|1|1|1|1,,head_audio_pos_same_start_100hz
MC04,control,Session1,0060,data/processed/torgo_aai_features/MC04/Session1/0060.npz,170,12,1|1|1|1|1|1|1|1|1|1|1|1,,head_audio_pos_same_start_100hz
MC04,control,Session1,0061,data/processed/torgo_aai_features/MC04/Session1/0061.npz,1577,12,1|1|1|1|1|1|1|1|1|1|1|1,,head_audio_pos_same_start_100hz
MC04,control,Session1,0062,data/processed/torgo_aai_features/MC04/Session1/0062.npz,166,12,1|1|1|1|1|1|1|1|1|1|1|1,,head_audio_pos_same_start_100hz
MC04,control,Session1,0063,data/processed/torgo_aai_features/MC04/Session1/0063.npz,182,12,1|1|1|1|1|1|1|1|1|1|1|1,,head_audio_pos_same_start_100hz
MC04,control,Session1,0064,data/processed/torgo_aai_features/MC04/Session1/0064.npz,140,12,1|1|1|1|1|1|1|1|1|1|1|1,,head_audio_pos_same_start_100hz
MC04,control,Session1,0065,data/processed/torgo_aai_features/MC04/Session1/0065.npz,167,12,1|1|1|1|1|1|1|1|1|1|1|1,,head_audio_pos_same_start_100hz
MC04,control,Session1,0066,data/processed/torgo_aai_features/MC04/Session1/0066.npz,160,12,1|1|1|1|1|1|1|1|1|1|1|1,,head_audio_pos_same_start_100hz
MC04,control,Session1,0067,data/processed/torgo_aai_features/MC04/Session1/0067.npz,166,12,1|1|1|1|1|1|1|1|1|1|1|1,,head_audio_pos_same_start_100hz
MC04,control,Session1,0068,data/processed/torgo_aai_features/MC04/Session1/0068.npz,163,12,1|1|1|1|1|1|1|1|1|1|1|1,,head_audio_pos_same_start_100hz
MC04,control,Session1,0069,data/processed/torgo_aai_features/MC04/Session1/0069.npz,138,12,1|1|1|1|1|1|1|1|1|1|1|1,,head_audio_pos_same_start_100hz
MC04,control,Session1,0070,data/processed/torgo_aai_features/MC04/Session1/0070.npz,202,12,1|1|1|1|1|1|1|1|1|1|1|1,,head_audio_pos_same_start_100hz
MC04,control,Session1,0071,data/processed/torgo_aai_features/MC04/Session1/0071.npz,201,12,1|1|1|1|1|1|1|1|1|1|1|1,,head_audio_pos_same_start_100hz
MC04,control,Session1,0072,data/processed/torgo_aai_features/MC04/Session1/0072.npz,456,12,1|1|1|1|1|1|1|1|1|1|1|1,,head_audio_pos_same_start_100hz
MC04,control,Session1,0073,data/processed/torgo_aai_features/MC04/Session1/0073.npz,397,12,1|1|1|1|1|1|1|1|1|1|1|1,,head_audio_pos_same_start_100hz
MC04,control,Session1,0074,data/processed/torgo_aai_features/MC04/Session1/0074.npz,167,12,1|1|1|1|1|1|1|1|1|1|1|1,,head_audio_pos_same_start_100hz
MC04,control,Session1,0075,data/processed/torgo_aai_features/MC04/Session1/0075.npz,177,12,1|1|1|1|1|1|1|1|1|1|1|1,,head_audio_pos_same_start_100hz
MC04,control,Session1,0076,data/processed/torgo_aai_features/MC04/Session1/0076.npz,181,12,1|1|1|1|1|1|1|1|1|1|1|1,,head_audio_pos_same_start_100hz
MC04,control,Session1,0077,data/processed/torgo_aai_features/MC04/Session1/0077.npz,189,12,1|1|1|1|1|1|1|1|1|1|1|1,,head_audio_pos_same_start_100hz
MC04,control,Session1,0078,data/processed/torgo_aai_features/MC04/Session1/0078.npz,186,12,1|1|1|1|1|1|1|1|1|1|1|1,,head_audio_pos_same_start_100hz
MC04,control,Session1,0079,data/processed/torgo_aai_features/MC04/Session1/0079.npz,189,12,1|1|1|1|1|1|1|1|1|1|1|1,,head_audio_pos_same_start_100hz
MC04,control,Session1,0080,data/processed/torgo_aai_features/MC04/Session1/0080.npz,158,12,1|1|1|1|1|1|1|1|1|1|1|1,,head_audio_pos_same_start_100hz
MC04,control,Session1,0081,data/processed/torgo_aai_features/MC04/Session1/0081.npz,180,12,1|1|1|1|1|1|1|1|1|1|1|1,,head_audio_pos_same_start_100hz
MC04,control,Session1,0082,data/processed/torgo_aai_features/MC04/Session1/0082.npz,147,12,1|1|1|1|1|1|1|1|1|1|1|1,,head_audio_pos_same_start_100hz
MC04,control,Session1,0083,data/processed/torgo_aai_features/MC04/Session1/0083.npz,332,12,1|1|1|1|1|1|1|1|1|1|1|1,,head_audio_pos_same_start_100hz
MC04,control,Session1,0084,data/processed/torgo_aai_features/MC04/Session1/0084.npz,374,12,1|1|1|1|1|1|1|1|1|1|1|1,,head_audio_pos_same_start_100hz
MC04,control,Session1,0085,data/processed/torgo_aai_features/MC04/Session1/0085.npz,182,12,1|1|1|1|1|1|1|1|1|1|1|1,,head_audio_pos_same_start_100hz
MC04,control,Session1,0086,data/processed/torgo_aai_features/MC04/Session1/0086.npz,155,12,1|1|1|1|1|1|1|1|1|1|1|1,,head_audio_pos_same_start_100hz
MC04,control,Session1,0087,data/processed/torgo_aai_features/MC04/Session1/0087.npz,144,12,1|1|1|1|1|1|1|1|1|1|1|1,,head_audio_pos_same_start_100hz
MC04,control,Session1,0088,data/processed/torgo_aai_features/MC04/Session1/0088.npz,165,12,1|1|1|1|1|1|1|1|1|1|1|1,,head_audio_pos_same_start_100hz
MC04,control,Session1,0089,data/processed/torgo_aai_features/MC04/Session1/0089.npz,179,12,1|1|1|1|1|1|1|1|1|1|1|1,,head_audio_pos_same_start_100hz
MC04,control,Session1,0090,data/processed/torgo_aai_features/MC04/Session1/0090.npz,178,12,1|1|1|1|1|1|1|1|1|1|1|1,,head_audio_pos_same_start_100hz
MC04,control,Session1,0091,data/processed/torgo_aai_features/MC04/Session1/0091.npz,184,12,1|1|1|1|1|1|1|1|1|1|1|1,,head_audio_pos_same_start_100hz
MC04,control,Session1,0092,data/processed/torgo_aai_features/MC04/Session1/0092.npz,153,12,1|1|1|1|1|1|1|1|1|1|1|1,,head_audio_pos_same_start_100hz
MC04,control,Session1,0093,data/processed/torgo_aai_features/MC04/Session1/0093.npz,146,12,1|1|1|1|1|1|1|1|1|1|1|1,,head_audio_pos_same_start_100hz
MC04,control,Session1,0094,data/processed/torgo_aai_features/MC04/Session1/0094.npz,454,12,1|1|1|1|1|1|1|1|1|1|1|1,,head_audio_pos_same_start_100hz
MC04,control,Session1,0095,data/processed/torgo_aai_features/MC04/Session1/0095.npz,144,12,1|1|1|1|1|1|1|1|1|1|1|1,,head_audio_pos_same_start_100hz
MC04,control,Session1,0096,data/processed/torgo_aai_features/MC04/Session1/0096.npz,162,12,1|1|1|1|1|1|1|1|1|1|1|1,,head_audio_pos_same_start_100hz
MC04,control,Session1,0097,data/processed/torgo_aai_features/MC04/Session1/0097.npz,167,12,1|1|1|1|1|1|1|1|1|1|1|1,,head_audio_pos_same_start_100hz
MC04,control,Session1,0098,data/processed/torgo_aai_features/MC04/Session1/0098.npz,587,10,1|1|1|1|0|1|1|1|1|1|0|1,2,head_audio_pos_same_start_100hz
MC04,control,Session1,0099,data/processed/torgo_aai_features/MC04/Session1/0099.npz,190,12,1|1|1|1|1|1|1|1|1|1|1|1,,head_audio_pos_same_start_100hz
MC04,control,Session1,0100,data/processed/torgo_aai_features/MC04/Session1/0100.npz,172,12,1|1|1|1|1|1|1|1|1|1|1|1,,head_audio_pos_same_start_100hz
MC04,control,Session1,0101,data/processed/torgo_aai_features/MC04/Session1/0101.npz,174,12,1|1|1|1|1|1|1|1|1|1|1|1,,head_audio_pos_same_start_100hz
MC04,control,Session1,0102,data/processed/torgo_aai_features/MC04/Session1/0102.npz,144,12,1|1|1|1|1|1|1|1|1|1|1|1,,head_audio_pos_same_start_100hz
MC04,control,Session1,0103,data/processed/torgo_aai_features/MC04/Session1/0103.npz,143,12,1|1|1|1|1|1|1|1|1|1|1|1,,head_audio_pos_same_start_100hz
MC04,control,Session1,0104,data/processed/torgo_aai_features/MC04/Session1/0104.npz,147,12,1|1|1|1|1|1|1|1|1|1|1|1,,head_audio_pos_same_start_100hz
MC04,control,Session1,0105,data/processed/torgo_aai_features/MC04/Session1/0105.npz,408,12,1|1|1|1|1|1|1|1|1|1|1|1,,head_audio_pos_same_start_100hz
MC04,control,Session1,0106,data/processed/torgo_aai_features/MC04/Session1/0106.npz,193,12,1|1|1|1|1|1|1|1|1|1|1|1,,head_audio_pos_same_start_100hz
MC04,control,Session1,0107,data/processed/torgo_aai_features/MC04/Session1/0107.npz,171,12,1|1|1|1|1|1|1|1|1|1|1|1,,head_audio_pos_same_start_100hz
MC04,control,Session1,0108,data/processed/torgo_aai_features/MC04/Session1/0108.npz,181,12,1|1|1|1|1|1|1|1|1|1|1|1,,head_audio_pos_same_start_100hz
MC04,control,Session1,0109,data/processed/torgo_aai_features/MC04/Session1/0109.npz,374,12,1|1|1|1|1|1|1|1|1|1|1|1,,head_audio_pos_same_start_100hz
MC04,control,Session1,0110,data/processed/torgo_aai_features/MC04/Session1/0110.npz,187,12,1|1|1|1|1|1|1|1|1|1|1|1,,head_audio_pos_same_start_100hz
MC04,control,Session1,0111,data/processed/torgo_aai_features/MC04/Session1/0111.npz,173,12,1|1|1|1|1|1|1|1|1|1|1|1,,head_audio_pos_same_start_100hz
MC04,control,Session1,0112,data/processed/torgo_aai_features/MC04/Session1/0112.npz,169,12,1|1|1|1|1|1|1|1|1|1|1|1,,head_audio_pos_same_start_100hz
MC04,control,Session1,0113,data/processed/torgo_aai_features/MC04/Session1/0113.npz,165,12,1|1|1|1|1|1|1|1|1|1|1|1,,head_audio_pos_same_start_100hz
MC04,control,Session1,0114,data/processed/torgo_aai_features/MC04/Session1/0114.npz,138,12,1|1|1|1|1|1|1|1|1|1|1|1,,head_audio_pos_same_start_100hz
MC04,control,Session1,0115,data/processed/torgo_aai_features/MC04/Session1/0115.npz,343,12,1|1|1|1|1|1|1|1|1|1|1|1,,head_audio_pos_same_start_100hz
MC04,control,Session1,0116,data/processed/torgo_aai_features/MC04/Session1/0116.npz,597,12,1|1|1|1|1|1|1|1|1|1|1|1,,head_audio_pos_same_start_100hz
MC04,control,Session1,0117,data/processed/torgo_aai_features/MC04/Session1/0117.npz,578,12,1|1|1|1|1|1|1|1|1|1|1|1,,head_audio_pos_same_start_100hz
MC04,control,Session1,0118,data/processed/torgo_aai_features/MC04/Session1/0118.npz,154,12,1|1|1|1|1|1|1|1|1|1|1|1,,head_audio_pos_same_start_100hz
MC04,control,Session1,0119,data/processed/torgo_aai_features/MC04/Session1/0119.npz,533,12,1|1|1|1|1|1|1|1|1|1|1|1,,head_audio_pos_same_start_100hz
MC04,control,Session1,0120,data/processed/torgo_aai_features/MC04/Session1/0120.npz,187,12,1|1|1|1|1|1|1|1|1|1|1|1,,head_audio_pos_same_start_100hz
MC04,control,Session1,0121,data/processed/torgo_aai_features/MC04/Session1/0121.npz,159,12,1|1|1|1|1|1|1|1|1|1|1|1,,head_audio_pos_same_start_100hz
MC04,control,Session1,0122,data/processed/torgo_aai_features/MC04/Session1/0122.npz,198,10,1|1|1|1|1|0|1|1|1|1|1|0,1,head_audio_pos_same_start_100hz
MC04,control,Session1,0123,data/processed/torgo_aai_features/MC04/Session1/0123.npz,190,12,1|1|1|1|1|1|1|1|1|1|1|1,,head_audio_pos_same_start_100hz
MC04,control,Session1,0124,data/processed/torgo_aai_features/MC04/Session1/0124.npz,180,12,1|1|1|1|1|1|1|1|1|1|1|1,,head_audio_pos_same_start_100hz
MC04,control,Session1,0125,data/processed/torgo_aai_features/MC04/Session1/0125.npz,313,12,1|1|1|1|1|1|1|1|1|1|1|1,,head_audio_pos_same_start_100hz
MC04,control,Session1,0126,data/processed/torgo_aai_features/MC04/Session1/0126.npz,390,12,1|1|1|1|1|1|1|1|1|1|1|1,,head_audio_pos_same_start_100hz
MC04,control,Session1,0127,data/processed/torgo_aai_features/MC04/Session1/0127.npz,410,12,1|1|1|1|1|1|1|1|1|1|1|1,,head_audio_pos_same_start_100hz
MC04,control,Session1,0128,data/processed/torgo_aai_features/MC04/Session1/0128.npz,176,12,1|1|1|1|1|1|1|1|1|1|1|1,,head_audio_pos_same_start_100hz
MC04,control,Session1,0129,data/processed/torgo_aai_features/MC04/Session1/0129.npz,290,12,1|1|1|1|1|1|1|1|1|1|1|1,,head_audio_pos_same_start_100hz
MC04,control,Session1,0130,data/processed/torgo_aai_features/MC04/Session1/0130.npz,387,12,1|1|1|1|1|1|1|1|1|1|1|1,,head_audio_pos_same_start_100hz
MC04,control,Session1,0131,data/processed/torgo_aai_features/MC04/Session1/0131.npz,174,12,1|1|1|1|1|1|1|1|1|1|1|1,,head_audio_pos_same_start_100hz
MC04,control,Session1,0132,data/processed/torgo_aai_features/MC04/Session1/0132.npz,778,12,1|1|1|1|1|1|1|1|1|1|1|1,,head_audio_pos_same_start_100hz
MC04,control,Session1,0133,data/processed/torgo_aai_features/MC04/Session1/0133.npz,214,10,1|1|1|1|0|1|1|1|1|1|0|1,2,head_audio_pos_same_start_100hz
MC04,control,Session1,0134,data/processed/torgo_aai_features/MC04/Session1/0134.npz,165,12,1|1|1|1|1|1|1|1|1|1|1|1,,head_audio_pos_same_start_100hz
MC04,control,Session1,0135,data/processed/torgo_aai_features/MC04/Session1/0135.npz,155,12,1|1|1|1|1|1|1|1|1|1|1|1,,head_audio_pos_same_start_100hz
MC04,control,Session1,0136,data/processed/torgo_aai_features/MC04/Session1/0136.npz,142,12,1|1|1|1|1|1|1|1|1|1|1|1,,head_audio_pos_same_start_100hz
MC04,control,Session1,0137,data/processed/torgo_aai_features/MC04/Session1/0137.npz,157,12,1|1|1|1|1|1|1|1|1|1|1|1,,head_audio_pos_same_start_100hz
MC04,control,Session1,0138,data/processed/torgo_aai_features/MC04/Session1/0138.npz,140,12,1|1|1|1|1|1|1|1|1|1|1|1,,head_audio_pos_same_start_100hz
MC04,control,Session1,0139,data/processed/torgo_aai_features/MC04/Session1/0139.npz,145,12,1|1|1|1|1|1|1|1|1|1|1|1,,head_audio_pos_same_start_100hz
MC04,control,Session1,0140,data/processed/torgo_aai_features/MC04/Session1/0140.npz,145,12,1|1|1|1|1|1|1|1|1|1|1|1,,head_audio_pos_same_start_100hz
MC04,control,Session1,0141,data/processed/torgo_aai_features/MC04/Session1/0141.npz,149,12,1|1|1|1|1|1|1|1|1|1|1|1,,head_audio_pos_same_start_100hz
MC04,control,Session1,0142,data/processed/torgo_aai_features/MC04/Session1/0142.npz,137,12,1|1|1|1|1|1|1|1|1|1|1|1,,head_audio_pos_same_start_100hz
MC04,control,Session1,0143,data/processed/torgo_aai_features/MC04/Session1/0143.npz,153,12,1|1|1|1|1|1|1|1|1|1|1|1,,head_audio_pos_same_start_100hz
MC04,control,Session1,0144,data/processed/torgo_aai_features/MC04/Session1/0144.npz,236,12,1|1|1|1|1|1|1|1|1|1|1|1,,head_audio_pos_same_start_100hz
MC04,control,Session1,0145,data/processed/torgo_aai_features/MC04/Session1/0145.npz,172,12,1|1|1|1|1|1|1|1|1|1|1|1,,head_audio_pos_same_start_100hz
MC04,control,Session1,0146,data/processed/torgo_aai_features/MC04/Session1/0146.npz,154,12,1|1|1|1|1|1|1|1|1|1|1|1,,head_audio_pos_same_start_100hz
MC04,control,Session1,0147,data/processed/torgo_aai_features/MC04/Session1/0147.npz,142,12,1|1|1|1|1|1|1|1|1|1|1|1,,head_audio_pos_same_start_100hz
MC04,control,Session1,0148,data/processed/torgo_aai_features/MC04/Session1/0148.npz,292,12,1|1|1|1|1|1|1|1|1|1|1|1,,head_audio_pos_same_start_100hz
MC04,control,Session1,0149,data/processed/torgo_aai_features/MC04/Session1/0149.npz,342,12,1|1|1|1|1|1|1|1|1|1|1|1,,head_audio_pos_same_start_100hz
MC04,control,Session1,0150,data/processed/torgo_aai_features/MC04/Session1/0150.npz,164,12,1|1|1|1|1|1|1|1|1|1|1|1,,head_audio_pos_same_start_100hz
MC04,control,Session1,0151,data/processed/torgo_aai_features/MC04/Session1/0151.npz,180,12,1|1|1|1|1|1|1|1|1|1|1|1,,head_audio_pos_same_start_100hz
MC04,control,Session1,0152,data/processed/torgo_aai_features/MC04/Session1/0152.npz,324,12,1|1|1|1|1|1|1|1|1|1|1|1,,head_audio_pos_same_start_100hz
MC04,control,Session1,0153,data/processed/torgo_aai_features/MC04/Session1/0153.npz,209,12,1|1|1|1|1|1|1|1|1|1|1|1,,head_audio_pos_same_start_100hz
MC04,control,Session1,0154,data/processed/torgo_aai_features/MC04/Session1/0154.npz,358,12,1|1|1|1|1|1|1|1|1|1|1|1,,head_audio_pos_same_start_100hz
MC04,control,Session1,0155,data/processed/torgo_aai_features/MC04/Session1/0155.npz,347,12,1|1|1|1|1|1|1|1|1|1|1|1,,head_audio_pos_same_start_100hz
MC04,control,Session1,0156,data/processed/torgo_aai_features/MC04/Session1/0156.npz,172,12,1|1|1|1|1|1|1|1|1|1|1|1,,head_audio_pos_same_start_100hz
MC04,control,Session1,0157,data/processed/torgo_aai_features/MC04/Session1/0157.npz,142,12,1|1|1|1|1|1|1|1|1|1|1|1,,head_audio_pos_same_start_100hz
MC04,control,Session1,0158,data/processed/torgo_aai_features/MC04/Session1/0158.npz,167,12,1|1|1|1|1|1|1|1|1|1|1|1,,head_audio_pos_same_start_100hz
MC04,control,Session1,0159,data/processed/torgo_aai_features/MC04/Session1/0159.npz,169,12,1|1|1|1|1|1|1|1|1|1|1|1,,head_audio_pos_same_start_100hz
MC04,control,Session1,0160,data/processed/torgo_aai_features/MC04/Session1/0160.npz,182,12,1|1|1|1|1|1|1|1|1|1|1|1,,head_audio_pos_same_start_100hz
MC04,control,Session1,0161,data/processed/torgo_aai_features/MC04/Session1/0161.npz,168,12,1|1|1|1|1|1|1|1|1|1|1|1,,head_audio_pos_same_start_100hz
MC04,control,Session1,0162,data/processed/torgo_aai_features/MC04/Session1/0162.npz,171,12,1|1|1|1|1|1|1|1|1|1|1|1,,head_audio_pos_same_start_100hz
MC04,control,Session1,0163,data/processed/torgo_aai_features/MC04/Session1/0163.npz,166,12,1|1|1|1|1|1|1|1|1|1|1|1,,head_audio_pos_same_start_100hz
MC04,control,Session1,0164,data/processed/torgo_aai_features/MC04/Session1/0164.npz,242,12,1|1|1|1|1|1|1|1|1|1|1|1,,head_audio_pos_same_start_100hz
MC04,control,Session1,0165,data/processed/torgo_aai_features/MC04/Session1/0165.npz,178,12,1|1|1|1|1|1|1|1|1|1|1|1,,head_audio_pos_same_start_100hz
MC04,control,Session1,0166,data/processed/torgo_aai_features/MC04/Session1/0166.npz,180,12,1|1|1|1|1|1|1|1|1|1|1|1,,head_audio_pos_same_start_100hz
MC04,control,Session1,0167,data/processed/torgo_aai_features/MC04/Session1/0167.npz,383,12,1|1|1|1|1|1|1|1|1|1|1|1,,head_audio_pos_same_start_100hz
MC04,control,Session1,0168,data/processed/torgo_aai_features/MC04/Session1/0168.npz,164,12,1|1|1|1|1|1|1|1|1|1|1|1,,head_audio_pos_same_start_100hz
MC04,control,Session1,0169,data/processed/torgo_aai_features/MC04/Session1/0169.npz,183,12,1|1|1|1|1|1|1|1|1|1|1|1,,head_audio_pos_same_start_100hz
MC04,control,Session1,0170,data/processed/torgo_aai_features/MC04/Session1/0170.npz,315,12,1|1|1|1|1|1|1|1|1|1|1|1,,head_audio_pos_same_start_100hz
MC04,control,Session1,0171,data/processed/torgo_aai_features/MC04/Session1/0171.npz,193,12,1|1|1|1|1|1|1|1|1|1|1|1,,head_audio_pos_same_start_100hz
MC04,control,Session1,0172,data/processed/torgo_aai_features/MC04/Session1/0172.npz,159,12,1|1|1|1|1|1|1|1|1|1|1|1,,head_audio_pos_same_start_100hz
MC04,control,Session1,0173,data/processed/torgo_aai_features/MC04/Session1/0173.npz,171,12,1|1|1|1|1|1|1|1|1|1|1|1,,head_audio_pos_same_start_100hz
MC04,control,Session1,0174,data/processed/torgo_aai_features/MC04/Session1/0174.npz,158,12,1|1|1|1|1|1|1|1|1|1|1|1,,head_audio_pos_same_start_100hz
MC04,control,Session1,0175,data/processed/torgo_aai_features/MC04/Session1/0175.npz,201,12,1|1|1|1|1|1|1|1|1|1|1|1,,head_audio_pos_same_start_100hz
MC04,control,Session1,0176,data/processed/torgo_aai_features/MC04/Session1/0176.npz,135,12,1|1|1|1|1|1|1|1|1|1|1|1,,head_audio_pos_same_start_100hz
MC04,control,Session1,0177,data/processed/torgo_aai_features/MC04/Session1/0177.npz,174,12,1|1|1|1|1|1|1|1|1|1|1|1,,head_audio_pos_same_start_100hz
MC04,control,Session1,0178,data/processed/torgo_aai_features/MC04/Session1/0178.npz,401,12,1|1|1|1|1|1|1|1|1|1|1|1,,head_audio_pos_same_start_100hz
MC04,control,Session1,0179,data/processed/torgo_aai_features/MC04/Session1/0179.npz,391,12,1|1|1|1|1|1|1|1|1|1|1|1,,head_audio_pos_same_start_100hz
MC04,control,Session1,0180,data/processed/torgo_aai_features/MC04/Session1/0180.npz,341,12,1|1|1|1|1|1|1|1|1|1|1|1,,head_audio_pos_same_start_100hz
MC04,control,Session1,0181,data/processed/torgo_aai_features/MC04/Session1/0181.npz,200,12,1|1|1|1|1|1|1|1|1|1|1|1,,head_audio_pos_same_start_100hz
MC04,control,Session1,0182,data/processed/torgo_aai_features/MC04/Session1/0182.npz,154,12,1|1|1|1|1|1|1|1|1|1|1|1,,head_audio_pos_same_start_100hz
MC04,control,Session1,0183,data/processed/torgo_aai_features/MC04/Session1/0183.npz,170,12,1|1|1|1|1|1|1|1|1|1|1|1,,head_audio_pos_same_start_100hz
MC04,control,Session1,0184,data/processed/torgo_aai_features/MC04/Session1/0184.npz,162,12,1|1|1|1|1|1|1|1|1|1|1|1,,head_audio_pos_same_start_100hz
MC04,control,Session1,0185,data/processed/torgo_aai_features/MC04/Session1/0185.npz,160,12,1|1|1|1|1|1|1|1|1|1|1|1,,head_audio_pos_same_start_100hz
MC04,control,Session1,0186,data/processed/torgo_aai_features/MC04/Session1/0186.npz,176,12,1|1|1|1|1|1|1|1|1|1|1|1,,head_audio_pos_same_start_100hz
MC04,control,Session1,0187,data/processed/torgo_aai_features/MC04/Session1/0187.npz,175,12,1|1|1|1|1|1|1|1|1|1|1|1,,head_audio_pos_same_start_100hz
MC04,control,Session1,0188,data/processed/torgo_aai_features/MC04/Session1/0188.npz,32,12,1|1|1|1|1|1|1|1|1|1|1|1,,head_audio_pos_same_start_100hz
MC04,control,Session1,0189,data/processed/torgo_aai_features/MC04/Session1/0189.npz,155,12,1|1|1|1|1|1|1|1|1|1|1|1,,head_audio_pos_same_start_100hz
MC04,control,Session1,0190,data/processed/torgo_aai_features/MC04/Session1/0190.npz,228,12,1|1|1|1|1|1|1|1|1|1|1|1,,head_audio_pos_same_start_100hz
MC04,control,Session1,0191,data/processed/torgo_aai_features/MC04/Session1/0191.npz,173,12,1|1|1|1|1|1|1|1|1|1|1|1,,head_audio_pos_same_start_100hz
MC04,control,Session1,0192,data/processed/torgo_aai_features/MC04/Session1/0192.npz,164,12,1|1|1|1|1|1|1|1|1|1|1|1,,head_audio_pos_same_start_100hz
MC04,control,Session1,0193,data/processed/torgo_aai_features/MC04/Session1/0193.npz,181,12,1|1|1|1|1|1|1|1|1|1|1|1,,head_audio_pos_same_start_100hz
MC04,control,Session1,0194,data/processed/torgo_aai_features/MC04/Session1/0194.npz,162,12,1|1|1|1|1|1|1|1|1|1|1|1,,head_audio_pos_same_start_100hz
MC04,control,Session1,0195,data/processed/torgo_aai_features/MC04/Session1/0195.npz,129,12,1|1|1|1|1|1|1|1|1|1|1|1,,head_audio_pos_same_start_100hz
MC04,control,Session1,0196,data/processed/torgo_aai_features/MC04/Session1/0196.npz,378,12,1|1|1|1|1|1|1|1|1|1|1|1,,head_audio_pos_same_start_100hz
MC04,control,Session1,0197,data/processed/torgo_aai_features/MC04/Session1/0197.npz,164,12,1|1|1|1|1|1|1|1|1|1|1|1,,head_audio_pos_same_start_100hz
MC04,control,Session1,0198,data/processed/torgo_aai_features/MC04/Session1/0198.npz,180,12,1|1|1|1|1|1|1|1|1|1|1|1,,head_audio_pos_same_start_100hz
MC04,control,Session1,0199,data/processed/torgo_aai_features/MC04/Session1/0199.npz,175,12,1|1|1|1|1|1|1|1|1|1|1|1,,head_audio_pos_same_start_100hz
MC04,control,Session1,0200,data/processed/torgo_aai_features/MC04/Session1/0200.npz,386,12,1|1|1|1|1|1|1|1|1|1|1|1,,head_audio_pos_same_start_100hz
MC04,control,Session1,0201,data/processed/torgo_aai_features/MC04/Session1/0201.npz,184,12,1|1|1|1|1|1|1|1|1|1|1|1,,head_audio_pos_same_start_100hz
MC04,control,Session1,0202,data/processed/torgo_aai_features/MC04/Session1/0202.npz,145,12,1|1|1|1|1|1|1|1|1|1|1|1,,head_audio_pos_same_start_100hz
MC04,control,Session1,0203,data/processed/torgo_aai_features/MC04/Session1/0203.npz,165,12,1|1|1|1|1|1|1|1|1|1|1|1,,head_audio_pos_same_start_100hz
MC04,control,Session1,0204,data/processed/torgo_aai_features/MC04/Session1/0204.npz,167,12,1|1|1|1|1|1|1|1|1|1|1|1,,head_audio_pos_same_start_100hz
MC04,control,Session1,0205,data/processed/torgo_aai_features/MC04/Session1/0205.npz,163,12,1|1|1|1|1|1|1|1|1|1|1|1,,head_audio_pos_same_start_100hz
MC04,control,Session1,0206,data/processed/torgo_aai_features/MC04/Session1/0206.npz,175,12,1|1|1|1|1|1|1|1|1|1|1|1,,head_audio_pos_same_start_100hz
MC04,control,Session1,0207,data/processed/torgo_aai_features/MC04/Session1/0207.npz,187,12,1|1|1|1|1|1|1|1|1|1|1|1,,head_audio_pos_same_start_100hz
MC04,control,Session1,0208,data/processed/torgo_aai_features/MC04/Session1/0208.npz,177,12,1|1|1|1|1|1|1|1|1|1|1|1,,head_audio_pos_same_start_100hz
MC04,control,Session1,0209,data/processed/torgo_aai_features/MC04/Session1/0209.npz,175,12,1|1|1|1|1|1|1|1|1|1|1|1,,head_audio_pos_same_start_100hz
MC04,control,Session1,0210,data/processed/torgo_aai_features/MC04/Session1/0210.npz,1002,12,1|1|1|1|1|1|1|1|1|1|1|1,,head_audio_pos_same_start_100hz
MC04,control,Session1,0211,data/processed/torgo_aai_features/MC04/Session1/0211.npz,309,12,1|1|1|1|1|1|1|1|1|1|1|1,,head_audio_pos_same_start_100hz
MC04,control,Session1,0212,data/processed/torgo_aai_features/MC04/Session1/0212.npz,176,12,1|1|1|1|1|1|1|1|1|1|1|1,,head_audio_pos_same_start_100hz
MC04,control,Session1,0213,data/processed/torgo_aai_features/MC04/Session1/0213.npz,165,12,1|1|1|1|1|1|1|1|1|1|1|1,,head_audio_pos_same_start_100hz
MC04,control,Session1,0214,data/processed/torgo_aai_features/MC04/Session1/0214.npz,168,12,1|1|1|1|1|1|1|1|1|1|1|1,,head_audio_pos_same_start_100hz
MC04,control,Session1,0215,data/processed/torgo_aai_features/MC04/Session1/0215.npz,159,12,1|1|1|1|1|1|1|1|1|1|1|1,,head_audio_pos_same_start_100hz
MC04,control,Session1,0216,data/processed/torgo_aai_features/MC04/Session1/0216.npz,376,12,1|1|1|1|1|1|1|1|1|1|1|1,,head_audio_pos_same_start_100hz
MC04,control,Session1,0217,data/processed/torgo_aai_features/MC04/Session1/0217.npz,182,12,1|1|1|1|1|1|1|1|1|1|1|1,,head_audio_pos_same_start_100hz
MC04,control,Session1,0218,data/processed/torgo_aai_features/MC04/Session1/0218.npz,334,12,1|1|1|1|1|1|1|1|1|1|1|1,,head_audio_pos_same_start_100hz
MC04,control,Session1,0219,data/processed/torgo_aai_features/MC04/Session1/0219.npz,552,12,1|1|1|1|1|1|1|1|1|1|1|1,,head_audio_pos_same_start_100hz
MC04,control,Session1,0220,data/processed/torgo_aai_features/MC04/Session1/0220.npz,367,12,1|1|1|1|1|1|1|1|1|1|1|1,,head_audio_pos_same_start_100hz
MC04,control,Session1,0221,data/processed/torgo_aai_features/MC04/Session1/0221.npz,182,12,1|1|1|1|1|1|1|1|1|1|1|1,,head_audio_pos_same_start_100hz
MC04,control,Session1,0222,data/processed/torgo_aai_features/MC04/Session1/0222.npz,175,12,1|1|1|1|1|1|1|1|1|1|1|1,,head_audio_pos_same_start_100hz
MC04,control,Session1,0223,data/processed/torgo_aai_features/MC04/Session1/0223.npz,177,12,1|1|1|1|1|1|1|1|1|1|1|1,,head_audio_pos_same_start_100hz
MC04,control,Session1,0224,data/processed/torgo_aai_features/MC04/Session1/0224.npz,161,12,1|1|1|1|1|1|1|1|1|1|1|1,,head_audio_pos_same_start_100hz
MC04,control,Session1,0225,data/processed/torgo_aai_features/MC04/Session1/0225.npz,389,12,1|1|1|1|1|1|1|1|1|1|1|1,,head_audio_pos_same_start_100hz
MC04,control,Session1,0226,data/processed/torgo_aai_features/MC04/Session1/0226.npz,174,12,1|1|1|1|1|1|1|1|1|1|1|1,,head_audio_pos_same_start_100hz
MC04,control,Session1,0227,data/processed/torgo_aai_features/MC04/Session1/0227.npz,266,12,1|1|1|1|1|1|1|1|1|1|1|1,,head_audio_pos_same_start_100hz
MC04,control,Session1,0228,data/processed/torgo_aai_features/MC04/Session1/0228.npz,301,12,1|1|1|1|1|1|1|1|1|1|1|1,,head_audio_pos_same_start_100hz
MC04,control,Session1,0229,data/processed/torgo_aai_features/MC04/Session1/0229.npz,294,12,1|1|1|1|1|1|1|1|1|1|1|1,,head_audio_pos_same_start_100hz
MC04,control,Session1,0230,data/processed/torgo_aai_features/MC04/Session1/0230.npz,245,12,1|1|1|1|1|1|1|1|1|1|1|1,,head_audio_pos_same_start_100hz
MC04,control,Session1,0231,data/processed/torgo_aai_features/MC04/Session1/0231.npz,192,12,1|1|1|1|1|1|1|1|1|1|1|1,,head_audio_pos_same_start_100hz
MC04,control,Session1,0232,data/processed/torgo_aai_features/MC04/Session1/0232.npz,194,12,1|1|1|1|1|1|1|1|1|1|1|1,,head_audio_pos_same_start_100hz
MC04,control,Session1,0233,data/processed/torgo_aai_features/MC04/Session1/0233.npz,186,12,1|1|1|1|1|1|1|1|1|1|1|1,,head_audio_pos_same_start_100hz
MC04,control,Session1,0234,data/processed/torgo_aai_features/MC04/Session1/0234.npz,186,12,1|1|1|1|1|1|1|1|1|1|1|1,,head_audio_pos_same_start_100hz
MC04,control,Session1,0235,data/processed/torgo_aai_features/MC04/Session1/0235.npz,192,12,1|1|1|1|1|1|1|1|1|1|1|1,,head_audio_pos_same_start_100hz
MC04,control,Session1,0236,data/processed/torgo_aai_features/MC04/Session1/0236.npz,360,12,1|1|1|1|1|1|1|1|1|1|1|1,,head_audio_pos_same_start_100hz
MC04,control,Session1,0237,data/processed/torgo_aai_features/MC04/Session1/0237.npz,147,12,1|1|1|1|1|1|1|1|1|1|1|1,,head_audio_pos_same_start_100hz
MC04,control,Session1,0238,data/processed/torgo_aai_features/MC04/Session1/0238.npz,138,12,1|1|1|1|1|1|1|1|1|1|1|1,,head_audio_pos_same_start_100hz
MC04,control,Session1,0239,data/processed/torgo_aai_features/MC04/Session1/0239.npz,247,12,1|1|1|1|1|1|1|1|1|1|1|1,,head_audio_pos_same_start_100hz
MC04,control,Session1,0240,data/processed/torgo_aai_features/MC04/Session1/0240.npz,331,12,1|1|1|1|1|1|1|1|1|1|1|1,10,head_audio_pos_same_start_100hz
MC04,control,Session1,0241,data/processed/torgo_aai_features/MC04/Session1/0241.npz,172,12,1|1|1|1|1|1|1|1|1|1|1|1,,head_audio_pos_same_start_100hz
MC04,control,Session1,0242,data/processed/torgo_aai_features/MC04/Session1/0242.npz,167,12,1|1|1|1|1|1|1|1|1|1|1|1,,head_audio_pos_same_start_100hz
MC04,control,Session1,0243,data/processed/torgo_aai_features/MC04/Session1/0243.npz,156,12,1|1|1|1|1|1|1|1|1|1|1|1,,head_audio_pos_same_start_100hz
MC04,control,Session1,0244,data/processed/torgo_aai_features/MC04/Session1/0244.npz,297,12,1|1|1|1|1|1|1|1|1|1|1|1,,head_audio_pos_same_start_100hz
MC04,control,Session1,0245,data/processed/torgo_aai_features/MC04/Session1/0245.npz,318,12,1|1|1|1|1|1|1|1|1|1|1|1,,head_audio_pos_same_start_100hz
MC04,control,Session1,0246,data/processed/torgo_aai_features/MC04/Session1/0246.npz,281,12,1|1|1|1|1|1|1|1|1|1|1|1,,head_audio_pos_same_start_100hz
MC04,control,Session1,0247,data/processed/torgo_aai_features/MC04/Session1/0247.npz,145,12,1|1|1|1|1|1|1|1|1|1|1|1,,head_audio_pos_same_start_100hz
MC04,control,Session1,0248,data/processed/torgo_aai_features/MC04/Session1/0248.npz,153,12,1|1|1|1|1|1|1|1|1|1|1|1,,head_audio_pos_same_start_100hz
MC04,control,Session1,0249,data/processed/torgo_aai_features/MC04/Session1/0249.npz,572,12,1|1|1|1|1|1|1|1|1|1|1|1,,head_audio_pos_same_start_100hz
MC04,control,Session1,0250,data/processed/torgo_aai_features/MC04/Session1/0250.npz,147,12,1|1|1|1|1|1|1|1|1|1|1|1,,head_audio_pos_same_start_100hz
MC04,control,Session1,0251,data/processed/torgo_aai_features/MC04/Session1/0251.npz,330,12,1|1|1|1|1|1|1|1|1|1|1|1,,head_audio_pos_same_start_100hz
MC04,control,Session1,0252,data/processed/torgo_aai_features/MC04/Session1/0252.npz,163,12,1|1|1|1|1|1|1|1|1|1|1|1,,head_audio_pos_same_start_100hz
MC04,control,Session1,0253,data/processed/torgo_aai_features/MC04/Session1/0253.npz,290,12,1|1|1|1|1|1|1|1|1|1|1|1,,head_audio_pos_same_start_100hz
MC04,control,Session1,0254,data/processed/torgo_aai_features/MC04/Session1/0254.npz,173,12,1|1|1|1|1|1|1|1|1|1|1|1,,head_audio_pos_same_start_100hz
MC04,control,Session1,0255,data/processed/torgo_aai_features/MC04/Session1/0255.npz,264,12,1|1|1|1|1|1|1|1|1|1|1|1,,head_audio_pos_same_start_100hz
MC04,control,Session1,0256,data/processed/torgo_aai_features/MC04/Session1/0256.npz,178,12,1|1|1|1|1|1|1|1|1|1|1|1,,head_audio_pos_same_start_100hz
MC04,control,Session1,0257,data/processed/torgo_aai_features/MC04/Session1/0257.npz,464,12,1|1|1|1|1|1|1|1|1|1|1|1,,head_audio_pos_same_start_100hz
MC04,control,Session1,0258,data/processed/torgo_aai_features/MC04/Session1/0258.npz,276,12,1|1|1|1|1|1|1|1|1|1|1|1,,head_audio_pos_same_start_100hz
MC04,control,Session1,0259,data/processed/torgo_aai_features/MC04/Session1/0259.npz,147,12,1|1|1|1|1|1|1|1|1|1|1|1,,head_audio_pos_same_start_100hz
MC04,control,Session1,0260,data/processed/torgo_aai_features/MC04/Session1/0260.npz,121,12,1|1|1|1|1|1|1|1|1|1|1|1,,head_audio_pos_same_start_100hz
MC04,control,Session1,0261,data/processed/torgo_aai_features/MC04/Session1/0261.npz,163,12,1|1|1|1|1|1|1|1|1|1|1|1,,head_audio_pos_same_start_100hz
MC04,control,Session1,0262,data/processed/torgo_aai_features/MC04/Session1/0262.npz,310,12,1|1|1|1|1|1|1|1|1|1|1|1,,head_audio_pos_same_start_100hz
MC04,control,Session1,0263,data/processed/torgo_aai_features/MC04/Session1/0263.npz,336,12,1|1|1|1|1|1|1|1|1|1|1|1,,head_audio_pos_same_start_100hz
MC04,control,Session1,0264,data/processed/torgo_aai_features/MC04/Session1/0264.npz,153,12,1|1|1|1|1|1|1|1|1|1|1|1,,head_audio_pos_same_start_100hz
MC04,control,Session1,0265,data/processed/torgo_aai_features/MC04/Session1/0265.npz,370,12,1|1|1|1|1|1|1|1|1|1|1|1,,head_audio_pos_same_start_100hz
MC04,control,Session1,0266,data/processed/torgo_aai_features/MC04/Session1/0266.npz,166,12,1|1|1|1|1|1|1|1|1|1|1|1,,head_audio_pos_same_start_100hz
MC04,control,Session1,0267,data/processed/torgo_aai_features/MC04/Session1/0267.npz,133,12,1|1|1|1|1|1|1|1|1|1|1|1,,head_audio_pos_same_start_100hz
MC04,control,Session1,0268,data/processed/torgo_aai_features/MC04/Session1/0268.npz,454,12,1|1|1|1|1|1|1|1|1|1|1|1,,head_audio_pos_same_start_100hz
MC04,control,Session1,0269,data/processed/torgo_aai_features/MC04/Session1/0269.npz,136,12,1|1|1|1|1|1|1|1|1|1|1|1,,head_audio_pos_same_start_100hz
MC04,control,Session1,0270,data/processed/torgo_aai_features/MC04/Session1/0270.npz,157,12,1|1|1|1|1|1|1|1|1|1|1|1,,head_audio_pos_same_start_100hz
MC04,control,Session1,0271,data/processed/torgo_aai_features/MC04/Session1/0271.npz,132,12,1|1|1|1|1|1|1|1|1|1|1|1,,head_audio_pos_same_start_100hz
MC04,control,Session1,0272,data/processed/torgo_aai_features/MC04/Session1/0272.npz,184,12,1|1|1|1|1|1|1|1|1|1|1|1,,head_audio_pos_same_start_100hz
MC04,control,Session1,0273,data/processed/torgo_aai_features/MC04/Session1/0273.npz,172,12,1|1|1|1|1|1|1|1|1|1|1|1,,head_audio_pos_same_start_100hz
MC04,control,Session1,0274,data/processed/torgo_aai_features/MC04/Session1/0274.npz,166,12,1|1|1|1|1|1|1|1|1|1|1|1,,head_audio_pos_same_start_100hz
MC04,control,Session1,0275,data/processed/torgo_aai_features/MC04/Session1/0275.npz,193,12,1|1|1|1|1|1|1|1|1|1|1|1,,head_audio_pos_same_start_100hz
MC04,control,Session1,0276,data/processed/torgo_aai_features/MC04/Session1/0276.npz,163,12,1|1|1|1|1|1|1|1|1|1|1|1,,head_audio_pos_same_start_100hz
MC04,control,Session1,0277,data/processed/torgo_aai_features/MC04/Session1/0277.npz,159,12,1|1|1|1|1|1|1|1|1|1|1|1,,head_audio_pos_same_start_100hz
MC04,control,Session1,0278,data/processed/torgo_aai_features/MC04/Session1/0278.npz,318,12,1|1|1|1|1|1|1|1|1|1|1|1,,head_audio_pos_same_start_100hz
MC04,control,Session1,0279,data/processed/torgo_aai_features/MC04/Session1/0279.npz,136,12,1|1|1|1|1|1|1|1|1|1|1|1,,head_audio_pos_same_start_100hz
MC04,control,Session1,0280,data/processed/torgo_aai_features/MC04/Session1/0280.npz,151,12,1|1|1|1|1|1|1|1|1|1|1|1,,head_audio_pos_same_start_100hz
MC04,control,Session1,0281,data/processed/torgo_aai_features/MC04/Session1/0281.npz,285,12,1|1|1|1|1|1|1|1|1|1|1|1,,head_audio_pos_same_start_100hz
MC04,control,Session1,0282,data/processed/torgo_aai_features/MC04/Session1/0282.npz,192,12,1|1|1|1|1|1|1|1|1|1|1|1,,head_audio_pos_same_start_100hz
MC04,control,Session1,0283,data/processed/torgo_aai_features/MC04/Session1/0283.npz,345,12,1|1|1|1|1|1|1|1|1|1|1|1,,head_audio_pos_same_start_100hz
MC04,control,Session1,0284,data/processed/torgo_aai_features/MC04/Session1/0284.npz,150,12,1|1|1|1|1|1|1|1|1|1|1|1,,head_audio_pos_same_start_100hz
MC04,control,Session1,0285,data/processed/torgo_aai_features/MC04/Session1/0285.npz,175,12,1|1|1|1|1|1|1|1|1|1|1|1,,head_audio_pos_same_start_100hz
MC04,control,Session1,0286,data/processed/torgo_aai_features/MC04/Session1/0286.npz,146,12,1|1|1|1|1|1|1|1|1|1|1|1,,head_audio_pos_same_start_100hz
MC04,control,Session1,0287,data/processed/torgo_aai_features/MC04/Session1/0287.npz,146,12,1|1|1|1|1|1|1|1|1|1|1|1,,head_audio_pos_same_start_100hz
MC04,control,Session1,0288,data/processed/torgo_aai_features/MC04/Session1/0288.npz,32,12,1|1|1|1|1|1|1|1|1|1|1|1,,head_audio_pos_same_start_100hz
MC04,control,Session1,0289,data/processed/torgo_aai_features/MC04/Session1/0289.npz,163,12,1|1|1|1|1|1|1|1|1|1|1|1,,head_audio_pos_same_start_100hz
MC04,control,Session1,0290,data/processed/torgo_aai_features/MC04/Session1/0290.npz,180,12,1|1|1|1|1|1|1|1|1|1|1|1,,head_audio_pos_same_start_100hz
MC04,control,Session1,0291,data/processed/torgo_aai_features/MC04/Session1/0291.npz,300,12,1|1|1|1|1|1|1|1|1|1|1|1,,head_audio_pos_same_start_100hz
MC04,control,Session1,0292,data/processed/torgo_aai_features/MC04/Session1/0292.npz,143,12,1|1|1|1|1|1|1|1|1|1|1|1,,head_audio_pos_same_start_100hz
MC04,control,Session1,0293,data/processed/torgo_aai_features/MC04/Session1/0293.npz,159,12,1|1|1|1|1|1|1|1|1|1|1|1,,head_audio_pos_same_start_100hz
MC04,control,Session1,0294,data/processed/torgo_aai_features/MC04/Session1/0294.npz,136,12,1|1|1|1|1|1|1|1|1|1|1|1,,head_audio_pos_same_start_100hz
MC04,control,Session1,0295,data/processed/torgo_aai_features/MC04/Session1/0295.npz,162,12,1|1|1|1|1|1|1|1|1|1|1|1,,head_audio_pos_same_start_100hz
MC04,control,Session1,0296,data/processed/torgo_aai_features/MC04/Session1/0296.npz,179,12,1|1|1|1|1|1|1|1|1|1|1|1,,head_audio_pos_same_start_100hz
MC04,control,Session1,0297,data/processed/torgo_aai_features/MC04/Session1/0297.npz,161,12,1|1|1|1|1|1|1|1|1|1|1|1,,head_audio_pos_same_start_100hz
MC04,control,Session1,0298,data/processed/torgo_aai_features/MC04/Session1/0298.npz,171,12,1|1|1|1|1|1|1|1|1|1|1|1,,head_audio_pos_same_start_100hz
MC04,control,Session1,0299,data/processed/torgo_aai_features/MC04/Session1/0299.npz,591,12,1|1|1|1|1|1|1|1|1|1|1|1,,head_audio_pos_same_start_100hz
MC04,control,Session1,0300,data/processed/torgo_aai_features/MC04/Session1/0300.npz,184,12,1|1|1|1|1|1|1|1|1|1|1|1,,head_audio_pos_same_start_100hz
MC04,control,Session1,0301,data/processed/torgo_aai_features/MC04/Session1/0301.npz,164,12,1|1|1|1|1|1|1|1|1|1|1|1,,head_audio_pos_same_start_100hz
MC04,control,Session1,0302,data/processed/torgo_aai_features/MC04/Session1/0302.npz,151,12,1|1|1|1|1|1|1|1|1|1|1|1,,head_audio_pos_same_start_100hz
MC04,control,Session1,0303,data/processed/torgo_aai_features/MC04/Session1/0303.npz,157,12,1|1|1|1|1|1|1|1|1|1|1|1,,head_audio_pos_same_start_100hz
MC04,control,Session1,0304,data/processed/torgo_aai_features/MC04/Session1/0304.npz,156,12,1|1|1|1|1|1|1|1|1|1|1|1,,head_audio_pos_same_start_100hz
MC04,control,Session1,0305,data/processed/torgo_aai_features/MC04/Session1/0305.npz,165,12,1|1|1|1|1|1|1|1|1|1|1|1,,head_audio_pos_same_start_100hz
MC04,control,Session1,0306,data/processed/torgo_aai_features/MC04/Session1/0306.npz,168,12,1|1|1|1|1|1|1|1|1|1|1|1,,head_audio_pos_same_start_100hz
MC04,control,Session1,0307,data/processed/torgo_aai_features/MC04/Session1/0307.npz,171,12,1|1|1|1|1|1|1|1|1|1|1|1,,head_audio_pos_same_start_100hz
MC04,control,Session1,0308,data/processed/torgo_aai_features/MC04/Session1/0308.npz,391,12,1|1|1|1|1|1|1|1|1|1|1|1,,head_audio_pos_same_start_100hz
MC04,control,Session1,0309,data/processed/torgo_aai_features/MC04/Session1/0309.npz,168,12,1|1|1|1|1|1|1|1|1|1|1|1,,head_audio_pos_same_start_100hz
MC04,control,Session1,0310,data/processed/torgo_aai_features/MC04/Session1/0310.npz,363,12,1|1|1|1|1|1|1|1|1|1|1|1,,head_audio_pos_same_start_100hz
MC04,control,Session1,0311,data/processed/torgo_aai_features/MC04/Session1/0311.npz,493,12,1|1|1|1|1|1|1|1|1|1|1|1,,head_audio_pos_same_start_100hz
MC04,control,Session1,0312,data/processed/torgo_aai_features/MC04/Session1/0312.npz,205,12,1|1|1|1|1|1|1|1|1|1|1|1,,head_audio_pos_same_start_100hz
MC04,control,Session1,0313,data/processed/torgo_aai_features/MC04/Session1/0313.npz,158,12,1|1|1|1|1|1|1|1|1|1|1|1,,head_audio_pos_same_start_100hz
MC04,control,Session1,0314,data/processed/torgo_aai_features/MC04/Session1/0314.npz,165,12,1|1|1|1|1|1|1|1|1|1|1|1,,head_audio_pos_same_start_100hz
MC04,control,Session1,0315,data/processed/torgo_aai_features/MC04/Session1/0315.npz,153,12,1|1|1|1|1|1|1|1|1|1|1|1,,head_audio_pos_same_start_100hz
MC04,control,Session1,0316,data/processed/torgo_aai_features/MC04/Session1/0316.npz,198,12,1|1|1|1|1|1|1|1|1|1|1|1,,head_audio_pos_same_start_100hz
MC04,control,Session1,0317,data/processed/torgo_aai_features/MC04/Session1/0317.npz,278,12,1|1|1|1|1|1|1|1|1|1|1|1,,head_audio_pos_same_start_100hz
MC04,control,Session1,0318,data/processed/torgo_aai_features/MC04/Session1/0318.npz,404,12,1|1|1|1|1|1|1|1|1|1|1|1,,head_audio_pos_same_start_100hz
MC04,control,Session1,0319,data/processed/torgo_aai_features/MC04/Session1/0319.npz,168,12,1|1|1|1|1|1|1|1|1|1|1|1,,head_audio_pos_same_start_100hz
MC04,control,Session1,0320,data/processed/torgo_aai_features/MC04/Session1/0320.npz,158,12,1|1|1|1|1|1|1|1|1|1|1|1,,head_audio_pos_same_start_100hz
MC04,control,Session1,0321,data/processed/torgo_aai_features/MC04/Session1/0321.npz,350,12,1|1|1|1|1|1|1|1|1|1|1|1,,head_audio_pos_same_start_100hz
MC04,control,Session1,0322,data/processed/torgo_aai_features/MC04/Session1/0322.npz,429,12,1|1|1|1|1|1|1|1|1|1|1|1,,head_audio_pos_same_start_100hz
MC04,control,Session1,0323,data/processed/torgo_aai_features/MC04/Session1/0323.npz,149,12,1|1|1|1|1|1|1|1|1|1|1|1,,head_audio_pos_same_start_100hz
MC04,control,Session1,0324,data/processed/torgo_aai_features/MC04/Session1/0324.npz,139,12,1|1|1|1|1|1|1|1|1|1|1|1,,head_audio_pos_same_start_100hz
MC04,control,Session1,0325,data/processed/torgo_aai_features/MC04/Session1/0325.npz,319,12,1|1|1|1|1|1|1|1|1|1|1|1,,head_audio_pos_same_start_100hz
MC04,control,Session1,0326,data/processed/torgo_aai_features/MC04/Session1/0326.npz,384,12,1|1|1|1|1|1|1|1|1|1|1|1,,head_audio_pos_same_start_100hz
MC04,control,Session1,0327,data/processed/torgo_aai_features/MC04/Session1/0327.npz,362,12,1|1|1|1|1|1|1|1|1|1|1|1,,head_audio_pos_same_start_100hz
MC04,control,Session1,0328,data/processed/torgo_aai_features/MC04/Session1/0328.npz,143,12,1|1|1|1|1|1|1|1|1|1|1|1,,head_audio_pos_same_start_100hz
MC04,control,Session1,0329,data/processed/torgo_aai_features/MC04/Session1/0329.npz,160,12,1|1|1|1|1|1|1|1|1|1|1|1,,head_audio_pos_same_start_100hz
MC04,control,Session1,0330,data/processed/torgo_aai_features/MC04/Session1/0330.npz,153,12,1|1|1|1|1|1|1|1|1|1|1|1,,head_audio_pos_same_start_100hz
MC04,control,Session1,0331,data/processed/torgo_aai_features/MC04/Session1/0331.npz,147,12,1|1|1|1|1|1|1|1|1|1|1|1,,head_audio_pos_same_start_100hz
MC04,control,Session1,0332,data/processed/torgo_aai_features/MC04/Session1/0332.npz,137,12,1|1|1|1|1|1|1|1|1|1|1|1,,head_audio_pos_same_start_100hz
MC04,control,Session1,0333,data/processed/torgo_aai_features/MC04/Session1/0333.npz,280,12,1|1|1|1|1|1|1|1|1|1|1|1,,head_audio_pos_same_start_100hz
MC04,control,Session1,0334,data/processed/torgo_aai_features/MC04/Session1/0334.npz,151,12,1|1|1|1|1|1|1|1|1|1|1|1,,head_audio_pos_same_start_100hz
MC04,control,Session1,0335,data/processed/torgo_aai_features/MC04/Session1/0335.npz,586,12,1|1|1|1|1|1|1|1|1|1|1|1,,head_audio_pos_same_start_100hz
MC04,control,Session1,0336,data/processed/torgo_aai_features/MC04/Session1/0336.npz,166,12,1|1|1|1|1|1|1|1|1|1|1|1,,head_audio_pos_same_start_100hz
MC04,control,Session1,0337,data/processed/torgo_aai_features/MC04/Session1/0337.npz,137,12,1|1|1|1|1|1|1|1|1|1|1|1,,head_audio_pos_same_start_100hz
MC04,control,Session1,0338,data/processed/torgo_aai_features/MC04/Session1/0338.npz,279,12,1|1|1|1|1|1|1|1|1|1|1|1,,head_audio_pos_same_start_100hz
MC04,control,Session1,0339,data/processed/torgo_aai_features/MC04/Session1/0339.npz,141,12,1|1|1|1|1|1|1|1|1|1|1|1,,head_audio_pos_same_start_100hz
MC04,control,Session1,0340,data/processed/torgo_aai_features/MC04/Session1/0340.npz,346,12,1|1|1|1|1|1|1|1|1|1|1|1,,head_audio_pos_same_start_100hz
MC04,control,Session1,0341,data/processed/torgo_aai_features/MC04/Session1/0341.npz,164,12,1|1|1|1|1|1|1|1|1|1|1|1,,head_audio_pos_same_start_100hz
MC04,control,Session1,0342,data/processed/torgo_aai_features/MC04/Session1/0342.npz,182,12,1|1|1|1|1|1|1|1|1|1|1|1,,head_audio_pos_same_start_100hz
MC04,control,Session1,0343,data/processed/torgo_aai_features/MC04/Session1/0343.npz,118,12,1|1|1|1|1|1|1|1|1|1|1|1,,head_audio_pos_same_start_100hz
MC04,control,Session1,0344,data/processed/torgo_aai_features/MC04/Session1/0344.npz,298,12,1|1|1|1|1|1|1|1|1|1|1|1,,head_audio_pos_same_start_100hz
MC04,control,Session1,0345,data/processed/torgo_aai_features/MC04/Session1/0345.npz,171,12,1|1|1|1|1|1|1|1|1|1|1|1,,head_audio_pos_same_start_100hz
MC04,control,Session1,0346,data/processed/torgo_aai_features/MC04/Session1/0346.npz,283,12,1|1|1|1|1|1|1|1|1|1|1|1,,head_audio_pos_same_start_100hz
MC04,control,Session1,0347,data/processed/torgo_aai_features/MC04/Session1/0347.npz,325,12,1|1|1|1|1|1|1|1|1|1|1|1,,head_audio_pos_same_start_100hz
MC04,control,Session1,0348,data/processed/torgo_aai_features/MC04/Session1/0348.npz,181,12,1|1|1|1|1|1|1|1|1|1|1|1,,head_audio_pos_same_start_100hz
MC04,control,Session1,0349,data/processed/torgo_aai_features/MC04/Session1/0349.npz,159,12,1|1|1|1|1|1|1|1|1|1|1|1,,head_audio_pos_same_start_100hz
MC04,control,Session1,0350,data/processed/torgo_aai_features/MC04/Session1/0350.npz,170,12,1|1|1|1|1|1|1|1|1|1|1|1,,head_audio_pos_same_start_100hz
MC04,control,Session1,0351,data/processed/torgo_aai_features/MC04/Session1/0351.npz,153,12,1|1|1|1|1|1|1|1|1|1|1|1,,head_audio_pos_same_start_100hz
MC04,control,Session1,0352,data/processed/torgo_aai_features/MC04/Session1/0352.npz,151,12,1|1|1|1|1|1|1|1|1|1|1|1,,head_audio_pos_same_start_100hz
MC04,control,Session1,0353,data/processed/torgo_aai_features/MC04/Session1/0353.npz,175,12,1|1|1|1|1|1|1|1|1|1|1|1,,head_audio_pos_same_start_100hz
MC04,control,Session1,0354,data/processed/torgo_aai_features/MC04/Session1/0354.npz,165,12,1|1|1|1|1|1|1|1|1|1|1|1,,head_audio_pos_same_start_100hz
MC04,control,Session1,0355,data/processed/torgo_aai_features/MC04/Session1/0355.npz,143,12,1|1|1|1|1|1|1|1|1|1|1|1,,head_audio_pos_same_start_100hz
MC04,control,Session1,0356,data/processed/torgo_aai_features/MC04/Session1/0356.npz,206,12,1|1|1|1|1|1|1|1|1|1|1|1,,head_audio_pos_same_start_100hz
MC04,control,Session1,0357,data/processed/torgo_aai_features/MC04/Session1/0357.npz,318,12,1|1|1|1|1|1|1|1|1|1|1|1,,head_audio_pos_same_start_100hz
MC04,control,Session1,0358,data/processed/torgo_aai_features/MC04/Session1/0358.npz,174,12,1|1|1|1|1|1|1|1|1|1|1|1,,head_audio_pos_same_start_100hz
MC04,control,Session1,0359,data/processed/torgo_aai_features/MC04/Session1/0359.npz,162,12,1|1|1|1|1|1|1|1|1|1|1|1,,head_audio_pos_same_start_100hz
MC04,control,Session1,0360,data/processed/torgo_aai_features/MC04/Session1/0360.npz,152,12,1|1|1|1|1|1|1|1|1|1|1|1,,head_audio_pos_same_start_100hz
MC04,control,Session1,0361,data/processed/torgo_aai_features/MC04/Session1/0361.npz,135,12,1|1|1|1|1|1|1|1|1|1|1|1,,head_audio_pos_same_start_100hz
MC04,control,Session1,0362,data/processed/torgo_aai_features/MC04/Session1/0362.npz,148,12,1|1|1|1|1|1|1|1|1|1|1|1,,head_audio_pos_same_start_100hz
MC04,control,Session1,0363,data/processed/torgo_aai_features/MC04/Session1/0363.npz,124,12,1|1|1|1|1|1|1|1|1|1|1|1,,head_audio_pos_same_start_100hz
MC04,control,Session1,0364,data/processed/torgo_aai_features/MC04/Session1/0364.npz,175,12,1|1|1|1|1|1|1|1|1|1|1|1,,head_audio_pos_same_start_100hz
MC04,control,Session1,0365,data/processed/torgo_aai_features/MC04/Session1/0365.npz,295,12,1|1|1|1|1|1|1|1|1|1|1|1,,head_audio_pos_same_start_100hz
MC04,control,Session1,0366,data/processed/torgo_aai_features/MC04/Session1/0366.npz,161,12,1|1|1|1|1|1|1|1|1|1|1|1,,head_audio_pos_same_start_100hz
MC04,control,Session1,0367,data/processed/torgo_aai_features/MC04/Session1/0367.npz,129,12,1|1|1|1|1|1|1|1|1|1|1|1,,head_audio_pos_same_start_100hz
MC04,control,Session1,0368,data/processed/torgo_aai_features/MC04/Session1/0368.npz,155,12,1|1|1|1|1|1|1|1|1|1|1|1,,head_audio_pos_same_start_100hz
MC04,control,Session1,0369,data/processed/torgo_aai_features/MC04/Session1/0369.npz,151,12,1|1|1|1|1|1|1|1|1|1|1|1,,head_audio_pos_same_start_100hz
MC04,control,Session1,0370,data/processed/torgo_aai_features/MC04/Session1/0370.npz,277,12,1|1|1|1|1|1|1|1|1|1|1|1,,head_audio_pos_same_start_100hz
MC04,control,Session1,0371,data/processed/torgo_aai_features/MC04/Session1/0371.npz,127,12,1|1|1|1|1|1|1|1|1|1|1|1,,head_audio_pos_same_start_100hz
MC04,control,Session1,0372,data/processed/torgo_aai_features/MC04/Session1/0372.npz,137,12,1|1|1|1|1|1|1|1|1|1|1|1,,head_audio_pos_same_start_100hz
MC04,control,Session1,0373,data/processed/torgo_aai_features/MC04/Session1/0373.npz,146,12,1|1|1|1|1|1|1|1|1|1|1|1,,head_audio_pos_same_start_100hz
MC04,control,Session1,0374,data/processed/torgo_aai_features/MC04/Session1/0374.npz,129,12,1|1|1|1|1|1|1|1|1|1|1|1,,head_audio_pos_same_start_100hz
MC04,control,Session1,0375,data/processed/torgo_aai_features/MC04/Session1/0375.npz,157,12,1|1|1|1|1|1|1|1|1|1|1|1,,head_audio_pos_same_start_100hz
MC04,control,Session1,0376,data/processed/torgo_aai_features/MC04/Session1/0376.npz,147,12,1|1|1|1|1|1|1|1|1|1|1|1,,head_audio_pos_same_start_100hz
MC04,control,Session1,0377,data/processed/torgo_aai_features/MC04/Session1/0377.npz,310,12,1|1|1|1|1|1|1|1|1|1|1|1,,head_audio_pos_same_start_100hz
MC04,control,Session1,0378,data/processed/torgo_aai_features/MC04/Session1/0378.npz,311,12,1|1|1|1|1|1|1|1|1|1|1|1,,head_audio_pos_same_start_100hz
MC04,control,Session1,0379,data/processed/torgo_aai_features/MC04/Session1/0379.npz,157,12,1|1|1|1|1|1|1|1|1|1|1|1,,head_audio_pos_same_start_100hz
MC04,control,Session1,0380,data/processed/torgo_aai_features/MC04/Session1/0380.npz,950,12,1|1|1|1|1|1|1|1|1|1|1|1,,head_audio_pos_same_start_100hz
MC04,control,Session1,0381,data/processed/torgo_aai_features/MC04/Session1/0381.npz,294,12,1|1|1|1|1|1|1|1|1|1|1|1,,head_audio_pos_same_start_100hz
MC04,control,Session1,0382,data/processed/torgo_aai_features/MC04/Session1/0382.npz,166,12,1|1|1|1|1|1|1|1|1|1|1|1,,head_audio_pos_same_start_100hz
MC04,control,Session1,0383,data/processed/torgo_aai_features/MC04/Session1/0383.npz,405,12,1|1|1|1|1|1|1|1|1|1|1|1,,head_audio_pos_same_start_100hz
MC04,control,Session1,0384,data/processed/torgo_aai_features/MC04/Session1/0384.npz,184,12,1|1|1|1|1|1|1|1|1|1|1|1,,head_audio_pos_same_start_100hz
MC04,control,Session1,0385,data/processed/torgo_aai_features/MC04/Session1/0385.npz,116,12,1|1|1|1|1|1|1|1|1|1|1|1,,head_audio_pos_same_start_100hz
MC04,control,Session1,0386,data/processed/torgo_aai_features/MC04/Session1/0386.npz,156,12,1|1|1|1|1|1|1|1|1|1|1|1,,head_audio_pos_same_start_100hz
MC04,control,Session1,0387,data/processed/torgo_aai_features/MC04/Session1/0387.npz,140,12,1|1|1|1|1|1|1|1|1|1|1|1,,head_audio_pos_same_start_100hz
MC04,control,Session1,0388,data/processed/torgo_aai_features/MC04/Session1/0388.npz,175,12,1|1|1|1|1|1|1|1|1|1|1|1,,head_audio_pos_same_start_100hz
MC04,control,Session1,0389,data/processed/torgo_aai_features/MC04/Session1/0389.npz,196,12,1|1|1|1|1|1|1|1|1|1|1|1,,head_audio_pos_same_start_100hz
MC04,control,Session1,0390,data/processed/torgo_aai_features/MC04/Session1/0390.npz,200,12,1|1|1|1|1|1|1|1|1|1|1|1,,head_audio_pos_same_start_100hz
MC04,control,Session1,0391,data/processed/torgo_aai_features/MC04/Session1/0391.npz,261,12,1|1|1|1|1|1|1|1|1|1|1|1,,head_audio_pos_same_start_100hz
MC04,control,Session1,0392,data/processed/torgo_aai_features/MC04/Session1/0392.npz,170,12,1|1|1|1|1|1|1|1|1|1|1|1,,head_audio_pos_same_start_100hz
MC04,control,Session1,0393,data/processed/torgo_aai_features/MC04/Session1/0393.npz,155,12,1|1|1|1|1|1|1|1|1|1|1|1,,head_audio_pos_same_start_100hz
MC04,control,Session1,0394,data/processed/torgo_aai_features/MC04/Session1/0394.npz,179,12,1|1|1|1|1|1|1|1|1|1|1|1,,head_audio_pos_same_start_100hz
MC04,control,Session1,0395,data/processed/torgo_aai_features/MC04/Session1/0395.npz,175,12,1|1|1|1|1|1|1|1|1|1|1|1,,head_audio_pos_same_start_100hz
MC04,control,Session1,0396,data/processed/torgo_aai_features/MC04/Session1/0396.npz,251,12,1|1|1|1|1|1|1|1|1|1|1|1,,head_audio_pos_same_start_100hz
MC04,control,Session1,0397,data/processed/torgo_aai_features/MC04/Session1/0397.npz,191,12,1|1|1|1|1|1|1|1|1|1|1|1,,head_audio_pos_same_start_100hz
MC04,control,Session1,0398,data/processed/torgo_aai_features/MC04/Session1/0398.npz,146,12,1|1|1|1|1|1|1|1|1|1|1|1,,head_audio_pos_same_start_100hz
MC04,control,Session1,0399,data/processed/torgo_aai_features/MC04/Session1/0399.npz,160,12,1|1|1|1|1|1|1|1|1|1|1|1,,head_audio_pos_same_start_100hz
MC04,control,Session1,0400,data/processed/torgo_aai_features/MC04/Session1/0400.npz,296,12,1|1|1|1|1|1|1|1|1|1|1|1,,head_audio_pos_same_start_100hz
MC04,control,Session1,0401,data/processed/torgo_aai_features/MC04/Session1/0401.npz,175,12,1|1|1|1|1|1|1|1|1|1|1|1,,head_audio_pos_same_start_100hz
MC04,control,Session1,0402,data/processed/torgo_aai_features/MC04/Session1/0402.npz,378,12,1|1|1|1|1|1|1|1|1|1|1|1,,head_audio_pos_same_start_100hz
MC04,control,Session1,0403,data/processed/torgo_aai_features/MC04/Session1/0403.npz,189,12,1|1|1|1|1|1|1|1|1|1|1|1,,head_audio_pos_same_start_100hz
MC04,control,Session1,0404,data/processed/torgo_aai_features/MC04/Session1/0404.npz,161,12,1|1|1|1|1|1|1|1|1|1|1|1,,head_audio_pos_same_start_100hz
MC04,control,Session1,0405,data/processed/torgo_aai_features/MC04/Session1/0405.npz,342,12,1|1|1|1|1|1|1|1|1|1|1|1,,head_audio_pos_same_start_100hz
MC04,control,Session1,0406,data/processed/torgo_aai_features/MC04/Session1/0406.npz,180,12,1|1|1|1|1|1|1|1|1|1|1|1,,head_audio_pos_same_start_100hz
MC04,control,Session1,0407,data/processed/torgo_aai_features/MC04/Session1/0407.npz,183,12,1|1|1|1|1|1|1|1|1|1|1|1,,head_audio_pos_same_start_100hz
MC04,control,Session1,0408,data/processed/torgo_aai_features/MC04/Session1/0408.npz,173,12,1|1|1|1|1|1|1|1|1|1|1|1,,head_audio_pos_same_start_100hz
MC04,control,Session1,0409,data/processed/torgo_aai_features/MC04/Session1/0409.npz,179,12,1|1|1|1|1|1|1|1|1|1|1|1,,head_audio_pos_same_start_100hz
MC04,control,Session1,0410,data/processed/torgo_aai_features/MC04/Session1/0410.npz,168,12,1|1|1|1|1|1|1|1|1|1|1|1,,head_audio_pos_same_start_100hz
MC04,control,Session1,0411,data/processed/torgo_aai_features/MC04/Session1/0411.npz,155,12,1|1|1|1|1|1|1|1|1|1|1|1,,head_audio_pos_same_start_100hz
MC04,control,Session1,0412,data/processed/torgo_aai_features/MC04/Session1/0412.npz,173,12,1|1|1|1|1|1|1|1|1|1|1|1,,head_audio_pos_same_start_100hz
MC04,control,Session1,0413,data/processed/torgo_aai_features/MC04/Session1/0413.npz,171,12,1|1|1|1|1|1|1|1|1|1|1|1,,head_audio_pos_same_start_100hz
MC04,control,Session1,0414,data/processed/torgo_aai_features/MC04/Session1/0414.npz,196,12,1|1|1|1|1|1|1|1|1|1|1|1,,head_audio_pos_same_start_100hz
MC04,control,Session1,0415,data/processed/torgo_aai_features/MC04/Session1/0415.npz,385,12,1|1|1|1|1|1|1|1|1|1|1|1,,head_audio_pos_same_start_100hz
MC04,control,Session1,0416,data/processed/torgo_aai_features/MC04/Session1/0416.npz,148,12,1|1|1|1|1|1|1|1|1|1|1|1,,head_audio_pos_same_start_100hz
MC04,control,Session1,0417,data/processed/torgo_aai_features/MC04/Session1/0417.npz,468,12,1|1|1|1|1|1|1|1|1|1|1|1,,head_audio_pos_same_start_100hz
MC04,control,Session1,0418,data/processed/torgo_aai_features/MC04/Session1/0418.npz,262,12,1|1|1|1|1|1|1|1|1|1|1|1,,head_audio_pos_same_start_100hz
MC04,control,Session1,0419,data/processed/torgo_aai_features/MC04/Session1/0419.npz,158,12,1|1|1|1|1|1|1|1|1|1|1|1,,head_audio_pos_same_start_100hz
MC04,control,Session1,0420,data/processed/torgo_aai_features/MC04/Session1/0420.npz,170,12,1|1|1|1|1|1|1|1|1|1|1|1,,head_audio_pos_same_start_100hz
MC04,control,Session1,0421,data/processed/torgo_aai_features/MC04/Session1/0421.npz,423,12,1|1|1|1|1|1|1|1|1|1|1|1,,head_audio_pos_same_start_100hz
MC04,control,Session1,0422,data/processed/torgo_aai_features/MC04/Session1/0422.npz,160,12,1|1|1|1|1|1|1|1|1|1|1|1,,head_audio_pos_same_start_100hz
MC04,control,Session1,0423,data/processed/torgo_aai_features/MC04/Session1/0423.npz,158,12,1|1|1|1|1|1|1|1|1|1|1|1,,head_audio_pos_same_start_100hz
MC04,control,Session1,0424,data/processed/torgo_aai_features/MC04/Session1/0424.npz,289,12,1|1|1|1|1|1|1|1|1|1|1|1,,head_audio_pos_same_start_100hz
MC04,control,Session1,0425,data/processed/torgo_aai_features/MC04/Session1/0425.npz,198,12,1|1|1|1|1|1|1|1|1|1|1|1,,head_audio_pos_same_start_100hz
MC04,control,Session1,0426,data/processed/torgo_aai_features/MC04/Session1/0426.npz,177,12,1|1|1|1|1|1|1|1|1|1|1|1,,head_audio_pos_same_start_100hz
MC04,control,Session1,0427,data/processed/torgo_aai_features/MC04/Session1/0427.npz,219,12,1|1|1|1|1|1|1|1|1|1|1|1,,head_audio_pos_same_start_100hz
MC04,control,Session1,0428,data/processed/torgo_aai_features/MC04/Session1/0428.npz,161,12,1|1|1|1|1|1|1|1|1|1|1|1,,head_audio_pos_same_start_100hz
MC04,control,Session1,0429,data/processed/torgo_aai_features/MC04/Session1/0429.npz,349,12,1|1|1|1|1|1|1|1|1|1|1|1,,head_audio_pos_same_start_100hz
MC04,control,Session1,0430,data/processed/torgo_aai_features/MC04/Session1/0430.npz,160,12,1|1|1|1|1|1|1|1|1|1|1|1,,head_audio_pos_same_start_100hz
MC04,control,Session1,0431,data/processed/torgo_aai_features/MC04/Session1/0431.npz,157,12,1|1|1|1|1|1|1|1|1|1|1|1,,head_audio_pos_same_start_100hz
MC04,control,Session1,0432,data/processed/torgo_aai_features/MC04/Session1/0432.npz,185,12,1|1|1|1|1|1|1|1|1|1|1|1,,head_audio_pos_same_start_100hz
MC04,control,Session1,0433,data/processed/torgo_aai_features/MC04/Session1/0433.npz,212,12,1|1|1|1|1|1|1|1|1|1|1|1,,head_audio_pos_same_start_100hz
MC04,control,Session1,0434,data/processed/torgo_aai_features/MC04/Session1/0434.npz,165,12,1|1|1|1|1|1|1|1|1|1|1|1,,head_audio_pos_same_start_100hz
MC04,control,Session1,0435,data/processed/torgo_aai_features/MC04/Session1/0435.npz,170,12,1|1|1|1|1|1|1|1|1|1|1|1,,head_audio_pos_same_start_100hz
MC04,control,Session1,0436,data/processed/torgo_aai_features/MC04/Session1/0436.npz,379,12,1|1|1|1|1|1|1|1|1|1|1|1,,head_audio_pos_same_start_100hz
MC04,control,Session1,0437,data/processed/torgo_aai_features/MC04/Session1/0437.npz,159,12,1|1|1|1|1|1|1|1|1|1|1|1,,head_audio_pos_same_start_100hz
MC04,control,Session1,0438,data/processed/torgo_aai_features/MC04/Session1/0438.npz,169,12,1|1|1|1|1|1|1|1|1|1|1|1,,head_audio_pos_same_start_100hz
MC04,control,Session1,0439,data/processed/torgo_aai_features/MC04/Session1/0439.npz,524,12,1|1|1|1|1|1|1|1|1|1|1|1,,head_audio_pos_same_start_100hz
MC04,control,Session1,0440,data/processed/torgo_aai_features/MC04/Session1/0440.npz,324,12,1|1|1|1|1|1|1|1|1|1|1|1,,head_audio_pos_same_start_100hz
MC04,control,Session1,0441,data/processed/torgo_aai_features/MC04/Session1/0441.npz,299,12,1|1|1|1|1|1|1|1|1|1|1|1,,head_audio_pos_same_start_100hz
MC04,control,Session1,0442,data/processed/torgo_aai_features/MC04/Session1/0442.npz,158,12,1|1|1|1|1|1|1|1|1|1|1|1,,head_audio_pos_same_start_100hz
MC04,control,Session1,0443,data/processed/torgo_aai_features/MC04/Session1/0443.npz,149,12,1|1|1|1|1|1|1|1|1|1|1|1,,head_audio_pos_same_start_100hz
MC04,control,Session1,0444,data/processed/torgo_aai_features/MC04/Session1/0444.npz,291,12,1|1|1|1|1|1|1|1|1|1|1|1,,head_audio_pos_same_start_100hz
MC04,control,Session1,0445,data/processed/torgo_aai_features/MC04/Session1/0445.npz,341,12,1|1|1|1|1|1|1|1|1|1|1|1,,head_audio_pos_same_start_100hz
MC04,control,Session1,0446,data/processed/torgo_aai_features/MC04/Session1/0446.npz,325,12,1|1|1|1|1|1|1|1|1|1|1|1,,head_audio_pos_same_start_100hz
MC04,control,Session1,0447,data/processed/torgo_aai_features/MC04/Session1/0447.npz,154,12,1|1|1|1|1|1|1|1|1|1|1|1,,head_audio_pos_same_start_100hz
MC04,control,Session1,0448,data/processed/torgo_aai_features/MC04/Session1/0448.npz,175,12,1|1|1|1|1|1|1|1|1|1|1|1,,head_audio_pos_same_start_100hz
MC04,control,Session1,0449,data/processed/torgo_aai_features/MC04/Session1/0449.npz,147,12,1|1|1|1|1|1|1|1|1|1|1|1,,head_audio_pos_same_start_100hz
MC04,control,Session1,0450,data/processed/torgo_aai_features/MC04/Session1/0450.npz,168,12,1|1|1|1|1|1|1|1|1|1|1|1,,head_audio_pos_same_start_100hz
MC04,control,Session1,0451,data/processed/torgo_aai_features/MC04/Session1/0451.npz,192,12,1|1|1|1|1|1|1|1|1|1|1|1,,head_audio_pos_same_start_100hz
MC04,control,Session1,0452,data/processed/torgo_aai_features/MC04/Session1/0452.npz,258,12,1|1|1|1|1|1|1|1|1|1|1|1,,head_audio_pos_same_start_100hz
MC04,control,Session1,0453,data/processed/torgo_aai_features/MC04/Session1/0453.npz,283,12,1|1|1|1|1|1|1|1|1|1|1|1,,head_audio_pos_same_start_100hz
MC04,control,Session1,0454,data/processed/torgo_aai_features/MC04/Session1/0454.npz,170,12,1|1|1|1|1|1|1|1|1|1|1|1,,head_audio_pos_same_start_100hz
MC04,control,Session1,0455,data/processed/torgo_aai_features/MC04/Session1/0455.npz,389,12,1|1|1|1|1|1|1|1|1|1|1|1,,head_audio_pos_same_start_100hz
MC04,control,Session1,0456,data/processed/torgo_aai_features/MC04/Session1/0456.npz,190,12,1|1|1|1|1|1|1|1|1|1|1|1,,head_audio_pos_same_start_100hz
MC04,control,Session1,0457,data/processed/torgo_aai_features/MC04/Session1/0457.npz,117,12,1|1|1|1|1|1|1|1|1|1|1|1,,head_audio_pos_same_start_100hz
MC04,control,Session1,0458,data/processed/torgo_aai_features/MC04/Session1/0458.npz,162,12,1|1|1|1|1|1|1|1|1|1|1|1,,head_audio_pos_same_start_100hz
MC04,control,Session1,0459,data/processed/torgo_aai_features/MC04/Session1/0459.npz,158,12,1|1|1|1|1|1|1|1|1|1|1|1,,head_audio_pos_same_start_100hz
MC04,control,Session1,0460,data/processed/torgo_aai_features/MC04/Session1/0460.npz,154,12,1|1|1|1|1|1|1|1|1|1|1|1,,head_audio_pos_same_start_100hz
MC04,control,Session1,0461,data/processed/torgo_aai_features/MC04/Session1/0461.npz,156,12,1|1|1|1|1|1|1|1|1|1|1|1,,head_audio_pos_same_start_100hz
MC04,control,Session1,0462,data/processed/torgo_aai_features/MC04/Session1/0462.npz,171,12,1|1|1|1|1|1|1|1|1|1|1|1,,head_audio_pos_same_start_100hz
MC04,control,Session1,0463,data/processed/torgo_aai_features/MC04/Session1/0463.npz,174,12,1|1|1|1|1|1|1|1|1|1|1|1,,head_audio_pos_same_start_100hz
MC04,control,Session1,0464,data/processed/torgo_aai_features/MC04/Session1/0464.npz,179,12,1|1|1|1|1|1|1|1|1|1|1|1,,head_audio_pos_same_start_100hz
MC04,control,Session1,0465,data/processed/torgo_aai_features/MC04/Session1/0465.npz,145,12,1|1|1|1|1|1|1|1|1|1|1|1,,head_audio_pos_same_start_100hz
MC04,control,Session1,0466,data/processed/torgo_aai_features/MC04/Session1/0466.npz,436,12,1|1|1|1|1|1|1|1|1|1|1|1,,head_audio_pos_same_start_100hz
MC04,control,Session1,0467,data/processed/torgo_aai_features/MC04/Session1/0467.npz,388,12,1|1|1|1|1|1|1|1|1|1|1|1,,head_audio_pos_same_start_100hz
MC04,control,Session1,0468,data/processed/torgo_aai_features/MC04/Session1/0468.npz,317,12,1|1|1|1|1|1|1|1|1|1|1|1,,head_audio_pos_same_start_100hz
MC04,control,Session1,0469,data/processed/torgo_aai_features/MC04/Session1/0469.npz,198,12,1|1|1|1|1|1|1|1|1|1|1|1,,head_audio_pos_same_start_100hz
MC04,control,Session1,0470,data/processed/torgo_aai_features/MC04/Session1/0470.npz,312,12,1|1|1|1|1|1|1|1|1|1|1|1,,head_audio_pos_same_start_100hz
MC04,control,Session1,0471,data/processed/torgo_aai_features/MC04/Session1/0471.npz,364,12,1|1|1|1|1|1|1|1|1|1|1|1,,head_audio_pos_same_start_100hz
MC04,control,Session1,0472,data/processed/torgo_aai_features/MC04/Session1/0472.npz,356,12,1|1|1|1|1|1|1|1|1|1|1|1,,head_audio_pos_same_start_100hz
MC04,control,Session1,0473,data/processed/torgo_aai_features/MC04/Session1/0473.npz,189,12,1|1|1|1|1|1|1|1|1|1|1|1,,head_audio_pos_same_start_100hz
MC04,control,Session1,0474,data/processed/torgo_aai_features/MC04/Session1/0474.npz,152,12,1|1|1|1|1|1|1|1|1|1|1|1,,head_audio_pos_same_start_100hz
MC04,control,Session1,0475,data/processed/torgo_aai_features/MC04/Session1/0475.npz,142,12,1|1|1|1|1|1|1|1|1|1|1|1,,head_audio_pos_same_start_100hz
MC04,control,Session1,0476,data/processed/torgo_aai_features/MC04/Session1/0476.npz,153,12,1|1|1|1|1|1|1|1|1|1|1|1,,head_audio_pos_same_start_100hz
MC04,control,Session1,0477,data/processed/torgo_aai_features/MC04/Session1/0477.npz,154,12,1|1|1|1|1|1|1|1|1|1|1|1,,head_audio_pos_same_start_100hz
MC04,control,Session1,0478,data/processed/torgo_aai_features/MC04/Session1/0478.npz,417,12,1|1|1|1|1|1|1|1|1|1|1|1,,head_audio_pos_same_start_100hz
MC04,control,Session1,0479,data/processed/torgo_aai_features/MC04/Session1/0479.npz,166,12,1|1|1|1|1|1|1|1|1|1|1|1,,head_audio_pos_same_start_100hz
MC04,control,Session1,0480,data/processed/torgo_aai_features/MC04/Session1/0480.npz,128,12,1|1|1|1|1|1|1|1|1|1|1|1,,head_audio_pos_same_start_100hz
MC04,control,Session1,0481,data/processed/torgo_aai_features/MC04/Session1/0481.npz,171,12,1|1|1|1|1|1|1|1|1|1|1|1,,head_audio_pos_same_start_100hz
MC04,control,Session1,0482,data/processed/torgo_aai_features/MC04/Session1/0482.npz,156,10,1|1|1|1|0|1|1|1|1|1|0|1,2,head_audio_pos_same_start_100hz
MC04,control,Session1,0483,data/processed/torgo_aai_features/MC04/Session1/0483.npz,169,12,1|1|1|1|1|1|1|1|1|1|1|1,,head_audio_pos_same_start_100hz
MC04,control,Session1,0484,data/processed/torgo_aai_features/MC04/Session1/0484.npz,161,12,1|1|1|1|1|1|1|1|1|1|1|1,,head_audio_pos_same_start_100hz
MC04,control,Session1,0485,data/processed/torgo_aai_features/MC04/Session1/0485.npz,380,12,1|1|1|1|1|1|1|1|1|1|1|1,,head_audio_pos_same_start_100hz
MC04,control,Session1,0486,data/processed/torgo_aai_features/MC04/Session1/0486.npz,404,12,1|1|1|1|1|1|1|1|1|1|1|1,,head_audio_pos_same_start_100hz
MC04,control,Session1,0487,data/processed/torgo_aai_features/MC04/Session1/0487.npz,160,12,1|1|1|1|1|1|1|1|1|1|1|1,,head_audio_pos_same_start_100hz
MC04,control,Session1,0488,data/processed/torgo_aai_features/MC04/Session1/0488.npz,147,12,1|1|1|1|1|1|1|1|1|1|1|1,,head_audio_pos_same_start_100hz
MC04,control,Session1,0489,data/processed/torgo_aai_features/MC04/Session1/0489.npz,154,12,1|1|1|1|1|1|1|1|1|1|1|1,,head_audio_pos_same_start_100hz
MC04,control,Session1,0490,data/processed/torgo_aai_features/MC04/Session1/0490.npz,145,12,1|1|1|1|1|1|1|1|1|1|1|1,,head_audio_pos_same_start_100hz
MC04,control,Session1,0491,data/processed/torgo_aai_features/MC04/Session1/0491.npz,377,12,1|1|1|1|1|1|1|1|1|1|1|1,,head_audio_pos_same_start_100hz
MC04,control,Session1,0492,data/processed/torgo_aai_features/MC04/Session1/0492.npz,183,12,1|1|1|1|1|1|1|1|1|1|1|1,,head_audio_pos_same_start_100hz
MC04,control,Session1,0493,data/processed/torgo_aai_features/MC04/Session1/0493.npz,305,12,1|1|1|1|1|1|1|1|1|1|1|1,,head_audio_pos_same_start_100hz
MC04,control,Session1,0494,data/processed/torgo_aai_features/MC04/Session1/0494.npz,292,10,1|1|1|1|1|0|1|1|1|1|1|0,1,head_audio_pos_same_start_100hz
MC04,control,Session1,0495,data/processed/torgo_aai_features/MC04/Session1/0495.npz,169,10,1|1|1|1|1|0|1|1|1|1|1|0,1,head_audio_pos_same_start_100hz
MC04,control,Session1,0496,data/processed/torgo_aai_features/MC04/Session1/0496.npz,168,12,1|1|1|1|1|1|1|1|1|1|1|1,,head_audio_pos_same_start_100hz
MC04,control,Session1,0497,data/processed/torgo_aai_features/MC04/Session1/0497.npz,161,12,1|1|1|1|1|1|1|1|1|1|1|1,,head_audio_pos_same_start_100hz
MC04,control,Session1,0498,data/processed/torgo_aai_features/MC04/Session1/0498.npz,309,12,1|1|1|1|1|1|1|1|1|1|1|1,,head_audio_pos_same_start_100hz
MC04,control,Session1,0499,data/processed/torgo_aai_features/MC04/Session1/0499.npz,171,12,1|1|1|1|1|1|1|1|1|1|1|1,,head_audio_pos_same_start_100hz
MC04,control,Session1,0500,data/processed/torgo_aai_features/MC04/Session1/0500.npz,150,12,1|1|1|1|1|1|1|1|1|1|1|1,,head_audio_pos_same_start_100hz
MC04,control,Session1,0501,data/processed/torgo_aai_features/MC04/Session1/0501.npz,159,12,1|1|1|1|1|1|1|1|1|1|1|1,,head_audio_pos_same_start_100hz
MC04,control,Session1,0502,data/processed/torgo_aai_features/MC04/Session1/0502.npz,150,12,1|1|1|1|1|1|1|1|1|1|1|1,,head_audio_pos_same_start_100hz
MC04,control,Session1,0503,data/processed/torgo_aai_features/MC04/Session1/0503.npz,293,12,1|1|1|1|1|1|1|1|1|1|1|1,,head_audio_pos_same_start_100hz
MC04,control,Session1,0504,data/processed/torgo_aai_features/MC04/Session1/0504.npz,164,12,1|1|1|1|1|1|1|1|1|1|1|1,,head_audio_pos_same_start_100hz
MC04,control,Session1,0505,data/processed/torgo_aai_features/MC04/Session1/0505.npz,364,12,1|1|1|1|1|1|1|1|1|1|1|1,,head_audio_pos_same_start_100hz
MC04,control,Session1,0506,data/processed/torgo_aai_features/MC04/Session1/0506.npz,159,12,1|1|1|1|1|1|1|1|1|1|1|1,,head_audio_pos_same_start_100hz
MC04,control,Session1,0507,data/processed/torgo_aai_features/MC04/Session1/0507.npz,805,12,1|1|1|1|1|1|1|1|1|1|1|1,,head_audio_pos_same_start_100hz
MC04,control,Session1,0508,data/processed/torgo_aai_features/MC04/Session1/0508.npz,154,12,1|1|1|1|1|1|1|1|1|1|1|1,,head_audio_pos_same_start_100hz
MC04,control,Session1,0509,data/processed/torgo_aai_features/MC04/Session1/0509.npz,143,12,1|1|1|1|1|1|1|1|1|1|1|1,,head_audio_pos_same_start_100hz
MC04,control,Session1,0510,data/processed/torgo_aai_features/MC04/Session1/0510.npz,290,10,1|1|1|1|0|1|1|1|1|1|0|1,2,head_audio_pos_same_start_100hz
MC04,control,Session1,0511,data/processed/torgo_aai_features/MC04/Session1/0511.npz,138,12,1|1|1|1|1|1|1|1|1|1|1|1,,head_audio_pos_same_start_100hz
MC04,control,Session1,0512,data/processed/torgo_aai_features/MC04/Session1/0512.npz,144,12,1|1|1|1|1|1|1|1|1|1|1|1,,head_audio_pos_same_start_100hz
MC04,control,Session1,0513,data/processed/torgo_aai_features/MC04/Session1/0513.npz,147,12,1|1|1|1|1|1|1|1|1|1|1|1,,head_audio_pos_same_start_100hz
MC04,control,Session1,0514,data/processed/torgo_aai_features/MC04/Session1/0514.npz,134,12,1|1|1|1|1|1|1|1|1|1|1|1,,head_audio_pos_same_start_100hz
MC04,control,Session1,0515,data/processed/torgo_aai_features/MC04/Session1/0515.npz,650,12,1|1|1|1|1|1|1|1|1|1|1|1,,head_audio_pos_same_start_100hz
MC04,control,Session1,0516,data/processed/torgo_aai_features/MC04/Session1/0516.npz,166,8,1|1|1|1|0|0|1|1|1|1|0|0,1|2,head_audio_pos_same_start_100hz
MC04,control,Session1,0517,data/processed/torgo_aai_features/MC04/Session1/0517.npz,147,12,1|1|1|1|1|1|1|1|1|1|1|1,,head_audio_pos_same_start_100hz
MC04,control,Session1,0518,data/processed/torgo_aai_features/MC04/Session1/0518.npz,273,12,1|1|1|1|1|1|1|1|1|1|1|1,,head_audio_pos_same_start_100hz
MC04,control,Session1,0519,data/processed/torgo_aai_features/MC04/Session1/0519.npz,167,12,1|1|1|1|1|1|1|1|1|1|1|1,,head_audio_pos_same_start_100hz
MC04,control,Session1,0520,data/processed/torgo_aai_features/MC04/Session1/0520.npz,139,12,1|1|1|1|1|1|1|1|1|1|1|1,,head_audio_pos_same_start_100hz
MC04,control,Session1,0521,data/processed/torgo_aai_features/MC04/Session1/0521.npz,147,12,1|1|1|1|1|1|1|1|1|1|1|1,,head_audio_pos_same_start_100hz
MC04,control,Session1,0522,data/processed/torgo_aai_features/MC04/Session1/0522.npz,150,12,1|1|1|1|1|1|1|1|1|1|1|1,,head_audio_pos_same_start_100hz
MC04,control,Session1,0523,data/processed/torgo_aai_features/MC04/Session1/0523.npz,460,12,1|1|1|1|1|1|1|1|1|1|1|1,,head_audio_pos_same_start_100hz
MC04,control,Session1,0524,data/processed/torgo_aai_features/MC04/Session1/0524.npz,178,10,1|1|1|1|0|1|1|1|1|1|0|1,2,head_audio_pos_same_start_100hz
MC04,control,Session1,0525,data/processed/torgo_aai_features/MC04/Session1/0525.npz,159,12,1|1|1|1|1|1|1|1|1|1|1|1,,head_audio_pos_same_start_100hz
MC04,control,Session1,0526,data/processed/torgo_aai_features/MC04/Session1/0526.npz,140,12,1|1|1|1|1|1|1|1|1|1|1|1,,head_audio_pos_same_start_100hz
MC04,control,Session1,0527,data/processed/torgo_aai_features/MC04/Session1/0527.npz,133,12,1|1|1|1|1|1|1|1|1|1|1|1,,head_audio_pos_same_start_100hz
MC04,control,Session1,0528,data/processed/torgo_aai_features/MC04/Session1/0528.npz,146,12,1|1|1|1|1|1|1|1|1|1|1|1,,head_audio_pos_same_start_100hz
MC04,control,Session1,0529,data/processed/torgo_aai_features/MC04/Session1/0529.npz,138,12,1|1|1|1|1|1|1|1|1|1|1|1,,head_audio_pos_same_start_100hz
MC04,control,Session1,0530,data/processed/torgo_aai_features/MC04/Session1/0530.npz,136,12,1|1|1|1|1|1|1|1|1|1|1|1,,head_audio_pos_same_start_100hz
MC04,control,Session1,0531,data/processed/torgo_aai_features/MC04/Session1/0531.npz,141,12,1|1|1|1|1|1|1|1|1|1|1|1,,head_audio_pos_same_start_100hz
MC04,control,Session1,0532,data/processed/torgo_aai_features/MC04/Session1/0532.npz,140,12,1|1|1|1|1|1|1|1|1|1|1|1,,head_audio_pos_same_start_100hz
MC04,control,Session1,0533,data/processed/torgo_aai_features/MC04/Session1/0533.npz,146,12,1|1|1|1|1|1|1|1|1|1|1|1,,head_audio_pos_same_start_100hz
MC04,control,Session1,0534,data/processed/torgo_aai_features/MC04/Session1/0534.npz,440,12,1|1|1|1|1|1|1|1|1|1|1|1,,head_audio_pos_same_start_100hz
MC04,control,Session1,0535,data/processed/torgo_aai_features/MC04/Session1/0535.npz,173,12,1|1|1|1|1|1|1|1|1|1|1|1,,head_audio_pos_same_start_100hz
MC04,control,Session1,0536,data/processed/torgo_aai_features/MC04/Session1/0536.npz,132,12,1|1|1|1|1|1|1|1|1|1|1|1,,head_audio_pos_same_start_100hz
MC04,control,Session1,0537,data/processed/torgo_aai_features/MC04/Session1/0537.npz,123,12,1|1|1|1|1|1|1|1|1|1|1|1,,head_audio_pos_same_start_100hz
MC04,control,Session1,0538,data/processed/torgo_aai_features/MC04/Session1/0538.npz,140,12,1|1|1|1|1|1|1|1|1|1|1|1,,head_audio_pos_same_start_100hz
MC04,control,Session1,0539,data/processed/torgo_aai_features/MC04/Session1/0539.npz,377,12,1|1|1|1|1|1|1|1|1|1|1|1,,head_audio_pos_same_start_100hz
MC04,control,Session1,0540,data/processed/torgo_aai_features/MC04/Session1/0540.npz,303,12,1|1|1|1|1|1|1|1|1|1|1|1,,head_audio_pos_same_start_100hz
MC04,control,Session1,0541,data/processed/torgo_aai_features/MC04/Session1/0541.npz,184,12,1|1|1|1|1|1|1|1|1|1|1|1,,head_audio_pos_same_start_100hz
MC04,control,Session1,0542,data/processed/torgo_aai_features/MC04/Session1/0542.npz,141,12,1|1|1|1|1|1|1|1|1|1|1|1,,head_audio_pos_same_start_100hz
MC04,control,Session1,0543,data/processed/torgo_aai_features/MC04/Session1/0543.npz,325,12,1|1|1|1|1|1|1|1|1|1|1|1,,head_audio_pos_same_start_100hz
MC04,control,Session1,0544,data/processed/torgo_aai_features/MC04/Session1/0544.npz,342,12,1|1|1|1|1|1|1|1|1|1|1|1,,head_audio_pos_same_start_100hz
MC04,control,Session1,0545,data/processed/torgo_aai_features/MC04/Session1/0545.npz,156,12,1|1|1|1|1|1|1|1|1|1|1|1,,head_audio_pos_same_start_100hz
MC04,control,Session1,0546,data/processed/torgo_aai_features/MC04/Session1/0546.npz,124,12,1|1|1|1|1|1|1|1|1|1|1|1,,head_audio_pos_same_start_100hz
MC04,control,Session1,0547,data/processed/torgo_aai_features/MC04/Session1/0547.npz,155,12,1|1|1|1|1|1|1|1|1|1|1|1,,head_audio_pos_same_start_100hz
MC04,control,Session1,0548,data/processed/torgo_aai_features/MC04/Session1/0548.npz,187,12,1|1|1|1|1|1|1|1|1|1|1|1,,head_audio_pos_same_start_100hz
MC04,control,Session1,0549,data/processed/torgo_aai_features/MC04/Session1/0549.npz,390,12,1|1|1|1|1|1|1|1|1|1|1|1,,head_audio_pos_same_start_100hz
MC04,control,Session1,0550,data/processed/torgo_aai_features/MC04/Session1/0550.npz,186,12,1|1|1|1|1|1|1|1|1|1|1|1,,head_audio_pos_same_start_100hz
MC04,control,Session1,0551,data/processed/torgo_aai_features/MC04/Session1/0551.npz,154,12,1|1|1|1|1|1|1|1|1|1|1|1,,head_audio_pos_same_start_100hz
MC04,control,Session1,0552,data/processed/torgo_aai_features/MC04/Session1/0552.npz,434,12,1|1|1|1|1|1|1|1|1|1|1|1,,head_audio_pos_same_start_100hz
MC04,control,Session1,0553,data/processed/torgo_aai_features/MC04/Session1/0553.npz,177,10,1|1|1|1|1|0|1|1|1|1|1|0,1,head_audio_pos_same_start_100hz
MC04,control,Session1,0554,data/processed/torgo_aai_features/MC04/Session1/0554.npz,141,12,1|1|1|1|1|1|1|1|1|1|1|1,,head_audio_pos_same_start_100hz
MC04,control,Session1,0555,data/processed/torgo_aai_features/MC04/Session1/0555.npz,157,12,1|1|1|1|1|1|1|1|1|1|1|1,,head_audio_pos_same_start_100hz
MC04,control,Session1,0556,data/processed/torgo_aai_features/MC04/Session1/0556.npz,146,12,1|1|1|1|1|1|1|1|1|1|1|1,,head_audio_pos_same_start_100hz
MC04,control,Session1,0557,data/processed/torgo_aai_features/MC04/Session1/0557.npz,146,12,1|1|1|1|1|1|1|1|1|1|1|1,,head_audio_pos_same_start_100hz
MC04,control,Session1,0558,data/processed/torgo_aai_features/MC04/Session1/0558.npz,160,12,1|1|1|1|1|1|1|1|1|1|1|1,,head_audio_pos_same_start_100hz
MC04,control,Session1,0559,data/processed/torgo_aai_features/MC04/Session1/0559.npz,166,12,1|1|1|1|1|1|1|1|1|1|1|1,,head_audio_pos_same_start_100hz
MC04,control,Session1,0560,data/processed/torgo_aai_features/MC04/Session1/0560.npz,158,12,1|1|1|1|1|1|1|1|1|1|1|1,,head_audio_pos_same_start_100hz
MC04,control,Session1,0561,data/processed/torgo_aai_features/MC04/Session1/0561.npz,176,12,1|1|1|1|1|1|1|1|1|1|1|1,,head_audio_pos_same_start_100hz
MC04,control,Session1,0562,data/processed/torgo_aai_features/MC04/Session1/0562.npz,139,12,1|1|1|1|1|1|1|1|1|1|1|1,,head_audio_pos_same_start_100hz
MC04,control,Session1,0563,data/processed/torgo_aai_features/MC04/Session1/0563.npz,145,12,1|1|1|1|1|1|1|1|1|1|1|1,,head_audio_pos_same_start_100hz
MC04,control,Session1,0564,data/processed/torgo_aai_features/MC04/Session1/0564.npz,315,12,1|1|1|1|1|1|1|1|1|1|1|1,,head_audio_pos_same_start_100hz
MC04,control,Session1,0565,data/processed/torgo_aai_features/MC04/Session1/0565.npz,158,12,1|1|1|1|1|1|1|1|1|1|1|1,,head_audio_pos_same_start_100hz
MC04,control,Session1,0566,data/processed/torgo_aai_features/MC04/Session1/0566.npz,150,12,1|1|1|1|1|1|1|1|1|1|1|1,,head_audio_pos_same_start_100hz
MC04,control,Session1,0567,data/processed/torgo_aai_features/MC04/Session1/0567.npz,160,12,1|1|1|1|1|1|1|1|1|1|1|1,,head_audio_pos_same_start_100hz
MC04,control,Session1,0568,data/processed/torgo_aai_features/MC04/Session1/0568.npz,169,12,1|1|1|1|1|1|1|1|1|1|1|1,,head_audio_pos_same_start_100hz
MC04,control,Session1,0569,data/processed/torgo_aai_features/MC04/Session1/0569.npz,151,12,1|1|1|1|1|1|1|1|1|1|1|1,,head_audio_pos_same_start_100hz
MC04,control,Session1,0570,data/processed/torgo_aai_features/MC04/Session1/0570.npz,322,12,1|1|1|1|1|1|1|1|1|1|1|1,,head_audio_pos_same_start_100hz
MC04,control,Session1,0571,data/processed/torgo_aai_features/MC04/Session1/0571.npz,148,12,1|1|1|1|1|1|1|1|1|1|1|1,,head_audio_pos_same_start_100hz
MC04,control,Session1,0572,data/processed/torgo_aai_features/MC04/Session1/0572.npz,132,12,1|1|1|1|1|1|1|1|1|1|1|1,,head_audio_pos_same_start_100hz
MC04,control,Session1,0573,data/processed/torgo_aai_features/MC04/Session1/0573.npz,377,12,1|1|1|1|1|1|1|1|1|1|1|1,,head_audio_pos_same_start_100hz
MC04,control,Session1,0574,data/processed/torgo_aai_features/MC04/Session1/0574.npz,178,12,1|1|1|1|1|1|1|1|1|1|1|1,,head_audio_pos_same_start_100hz
MC04,control,Session1,0575,data/processed/torgo_aai_features/MC04/Session1/0575.npz,328,12,1|1|1|1|1|1|1|1|1|1|1|1,,head_audio_pos_same_start_100hz
MC04,control,Session1,0576,data/processed/torgo_aai_features/MC04/Session1/0576.npz,162,12,1|1|1|1|1|1|1|1|1|1|1|1,,head_audio_pos_same_start_100hz
MC04,control,Session1,0577,data/processed/torgo_aai_features/MC04/Session1/0577.npz,158,12,1|1|1|1|1|1|1|1|1|1|1|1,,head_audio_pos_same_start_100hz
MC04,control,Session1,0578,data/processed/torgo_aai_features/MC04/Session1/0578.npz,318,12,1|1|1|1|1|1|1|1|1|1|1|1,,head_audio_pos_same_start_100hz
MC04,control,Session1,0579,data/processed/torgo_aai_features/MC04/Session1/0579.npz,186,12,1|1|1|1|1|1|1|1|1|1|1|1,,head_audio_pos_same_start_100hz
MC04,control,Session1,0580,data/processed/torgo_aai_features/MC04/Session1/0580.npz,140,12,1|1|1|1|1|1|1|1|1|1|1|1,,head_audio_pos_same_start_100hz
MC04,control,Session1,0581,data/processed/torgo_aai_features/MC04/Session1/0581.npz,163,12,1|1|1|1|1|1|1|1|1|1|1|1,,head_audio_pos_same_start_100hz
MC04,control,Session1,0582,data/processed/torgo_aai_features/MC04/Session1/0582.npz,326,12,1|1|1|1|1|1|1|1|1|1|1|1,,head_audio_pos_same_start_100hz
MC04,control,Session1,0583,data/processed/torgo_aai_features/MC04/Session1/0583.npz,184,12,1|1|1|1|1|1|1|1|1|1|1|1,,head_audio_pos_same_start_100hz
MC04,control,Session1,0584,data/processed/torgo_aai_features/MC04/Session1/0584.npz,149,12,1|1|1|1|1|1|1|1|1|1|1|1,,head_audio_pos_same_start_100hz
MC04,control,Session1,0585,data/processed/torgo_aai_features/MC04/Session1/0585.npz,203,12,1|1|1|1|1|1|1|1|1|1|1|1,,head_audio_pos_same_start_100hz
MC04,control,Session1,0586,data/processed/torgo_aai_features/MC04/Session1/0586.npz,274,12,1|1|1|1|1|1|1|1|1|1|1|1,,head_audio_pos_same_start_100hz
MC04,control,Session1,0587,data/processed/torgo_aai_features/MC04/Session1/0587.npz,162,12,1|1|1|1|1|1|1|1|1|1|1|1,,head_audio_pos_same_start_100hz
MC04,control,Session1,0588,data/processed/torgo_aai_features/MC04/Session1/0588.npz,149,12,1|1|1|1|1|1|1|1|1|1|1|1,,head_audio_pos_same_start_100hz
MC04,control,Session1,0589,data/processed/torgo_aai_features/MC04/Session1/0589.npz,287,10,1|1|1|1|1|0|1|1|1|1|1|0,1,head_audio_pos_same_start_100hz
MC04,control,Session1,0590,data/processed/torgo_aai_features/MC04/Session1/0590.npz,295,12,1|1|1|1|1|1|1|1|1|1|1|1,,head_audio_pos_same_start_100hz
MC04,control,Session1,0591,data/processed/torgo_aai_features/MC04/Session1/0591.npz,171,12,1|1|1|1|1|1|1|1|1|1|1|1,,head_audio_pos_same_start_100hz
MC04,control,Session1,0592,data/processed/torgo_aai_features/MC04/Session1/0592.npz,135,12,1|1|1|1|1|1|1|1|1|1|1|1,,head_audio_pos_same_start_100hz
MC04,control,Session1,0593,data/processed/torgo_aai_features/MC04/Session1/0593.npz,151,12,1|1|1|1|1|1|1|1|1|1|1|1,,head_audio_pos_same_start_100hz
MC04,control,Session1,0594,data/processed/torgo_aai_features/MC04/Session1/0594.npz,137,12,1|1|1|1|1|1|1|1|1|1|1|1,,head_audio_pos_same_start_100hz
MC04,control,Session1,0595,data/processed/torgo_aai_features/MC04/Session1/0595.npz,160,12,1|1|1|1|1|1|1|1|1|1|1|1,,head_audio_pos_same_start_100hz
MC04,control,Session1,0596,data/processed/torgo_aai_features/MC04/Session1/0596.npz,113,10,1|1|1|1|0|1|1|1|1|1|0|1,2,head_audio_pos_same_start_100hz
MC04,control,Session1,0597,data/processed/torgo_aai_features/MC04/Session1/0597.npz,154,12,1|1|1|1|1|1|1|1|1|1|1|1,,head_audio_pos_same_start_100hz
MC04,control,Session1,0598,data/processed/torgo_aai_features/MC04/Session1/0598.npz,155,12,1|1|1|1|1|1|1|1|1|1|1|1,,head_audio_pos_same_start_100hz
MC04,control,Session1,0599,data/processed/torgo_aai_features/MC04/Session1/0599.npz,389,12,1|1|1|1|1|1|1|1|1|1|1|1,,head_audio_pos_same_start_100hz
MC04,control,Session1,0600,data/processed/torgo_aai_features/MC04/Session1/0600.npz,281,12,1|1|1|1|1|1|1|1|1|1|1|1,,head_audio_pos_same_start_100hz
MC04,control,Session1,0601,data/processed/torgo_aai_features/MC04/Session1/0601.npz,212,12,1|1|1|1|1|1|1|1|1|1|1|1,,head_audio_pos_same_start_100hz
MC04,control,Session1,0602,data/processed/torgo_aai_features/MC04/Session1/0602.npz,320,12,1|1|1|1|1|1|1|1|1|1|1|1,,head_audio_pos_same_start_100hz
MC04,control,Session1,0603,data/processed/torgo_aai_features/MC04/Session1/0603.npz,377,12,1|1|1|1|1|1|1|1|1|1|1|1,,head_audio_pos_same_start_100hz
MC04,control,Session1,0604,data/processed/torgo_aai_features/MC04/Session1/0604.npz,188,12,1|1|1|1|1|1|1|1|1|1|1|1,,head_audio_pos_same_start_100hz
MC04,control,Session1,0605,data/processed/torgo_aai_features/MC04/Session1/0605.npz,173,12,1|1|1|1|1|1|1|1|1|1|1|1,,head_audio_pos_same_start_100hz
MC04,control,Session1,0606,data/processed/torgo_aai_features/MC04/Session1/0606.npz,147,12,1|1|1|1|1|1|1|1|1|1|1|1,,head_audio_pos_same_start_100hz
MC04,control,Session1,0607,data/processed/torgo_aai_features/MC04/Session1/0607.npz,181,12,1|1|1|1|1|1|1|1|1|1|1|1,,head_audio_pos_same_start_100hz
MC04,control,Session1,0608,data/processed/torgo_aai_features/MC04/Session1/0608.npz,333,12,1|1|1|1|1|1|1|1|1|1|1|1,,head_audio_pos_same_start_100hz
MC04,control,Session1,0609,data/processed/torgo_aai_features/MC04/Session1/0609.npz,160,12,1|1|1|1|1|1|1|1|1|1|1|1,,head_audio_pos_same_start_100hz
MC04,control,Session1,0610,data/processed/torgo_aai_features/MC04/Session1/0610.npz,149,12,1|1|1|1|1|1|1|1|1|1|1|1,,head_audio_pos_same_start_100hz
MC04,control,Session1,0611,data/processed/torgo_aai_features/MC04/Session1/0611.npz,309,12,1|1|1|1|1|1|1|1|1|1|1|1,,head_audio_pos_same_start_100hz
MC04,control,Session1,0612,data/processed/torgo_aai_features/MC04/Session1/0612.npz,285,12,1|1|1|1|1|1|1|1|1|1|1|1,,head_audio_pos_same_start_100hz
MC04,control,Session1,0613,data/processed/torgo_aai_features/MC04/Session1/0613.npz,175,12,1|1|1|1|1|1|1|1|1|1|1|1,,head_audio_pos_same_start_100hz
MC04,control,Session1,0614,data/processed/torgo_aai_features/MC04/Session1/0614.npz,152,12,1|1|1|1|1|1|1|1|1|1|1|1,,head_audio_pos_same_start_100hz
MC04,control,Session1,0615,data/processed/torgo_aai_features/MC04/Session1/0615.npz,153,12,1|1|1|1|1|1|1|1|1|1|1|1,,head_audio_pos_same_start_100hz
MC04,control,Session1,0616,data/processed/torgo_aai_features/MC04/Session1/0616.npz,142,12,1|1|1|1|1|1|1|1|1|1|1|1,,head_audio_pos_same_start_100hz
MC04,control,Session1,0617,data/processed/torgo_aai_features/MC04/Session1/0617.npz,150,12,1|1|1|1|1|1|1|1|1|1|1|1,,head_audio_pos_same_start_100hz
MC04,control,Session1,0618,data/processed/torgo_aai_features/MC04/Session1/0618.npz,170,12,1|1|1|1|1|1|1|1|1|1|1|1,,head_audio_pos_same_start_100hz
MC04,control,Session1,0619,data/processed/torgo_aai_features/MC04/Session1/0619.npz,143,12,1|1|1|1|1|1|1|1|1|1|1|1,,head_audio_pos_same_start_100hz
MC04,control,Session1,0620,data/processed/torgo_aai_features/MC04/Session1/0620.npz,147,12,1|1|1|1|1|1|1|1|1|1|1|1,,head_audio_pos_same_start_100hz
MC04,control,Session1,0621,data/processed/torgo_aai_features/MC04/Session1/0621.npz,403,12,1|1|1|1|1|1|1|1|1|1|1|1,,head_audio_pos_same_start_100hz
MC04,control,Session1,0622,data/processed/torgo_aai_features/MC04/Session1/0622.npz,169,12,1|1|1|1|1|1|1|1|1|1|1|1,,head_audio_pos_same_start_100hz
MC04,control,Session1,0623,data/processed/torgo_aai_features/MC04/Session1/0623.npz,132,12,1|1|1|1|1|1|1|1|1|1|1|1,,head_audio_pos_same_start_100hz
MC04,control,Session1,0624,data/processed/torgo_aai_features/MC04/Session1/0624.npz,150,12,1|1|1|1|1|1|1|1|1|1|1|1,,head_audio_pos_same_start_100hz
MC04,control,Session1,0625,data/processed/torgo_aai_features/MC04/Session1/0625.npz,451,10,1|1|1|1|1|0|1|1|1|1|1|0,1,head_audio_pos_same_start_100hz
MC04,control,Session1,0626,data/processed/torgo_aai_features/MC04/Session1/0626.npz,140,12,1|1|1|1|1|1|1|1|1|1|1|1,,head_audio_pos_same_start_100hz
MC04,control,Session1,0627,data/processed/torgo_aai_features/MC04/Session1/0627.npz,163,12,1|1|1|1|1|1|1|1|1|1|1|1,,head_audio_pos_same_start_100hz
MC04,control,Session1,0628,data/processed/torgo_aai_features/MC04/Session1/0628.npz,169,12,1|1|1|1|1|1|1|1|1|1|1|1,,head_audio_pos_same_start_100hz
MC04,control,Session1,0629,data/processed/torgo_aai_features/MC04/Session1/0629.npz,156,12,1|1|1|1|1|1|1|1|1|1|1|1,,head_audio_pos_same_start_100hz
MC04,control,Session1,0630,data/processed/torgo_aai_features/MC04/Session1/0630.npz,166,12,1|1|1|1|1|1|1|1|1|1|1|1,,head_audio_pos_same_start_100hz
MC04,control,Session1,0631,data/processed/torgo_aai_features/MC04/Session1/0631.npz,349,12,1|1|1|1|1|1|1|1|1|1|1|1,,head_audio_pos_same_start_100hz
MC04,control,Session1,0632,data/processed/torgo_aai_features/MC04/Session1/0632.npz,294,12,1|1|1|1|1|1|1|1|1|1|1|1,,head_audio_pos_same_start_100hz
MC04,control,Session1,0633,data/processed/torgo_aai_features/MC04/Session1/0633.npz,161,12,1|1|1|1|1|1|1|1|1|1|1|1,,head_audio_pos_same_start_100hz
MC04,control,Session1,0634,data/processed/torgo_aai_features/MC04/Session1/0634.npz,156,12,1|1|1|1|1|1|1|1|1|1|1|1,,head_audio_pos_same_start_100hz
MC04,control,Session1,0635,data/processed/torgo_aai_features/MC04/Session1/0635.npz,409,12,1|1|1|1|1|1|1|1|1|1|1|1,,head_audio_pos_same_start_100hz
MC04,control,Session1,0636,data/processed/torgo_aai_features/MC04/Session1/0636.npz,326,10,1|1|1|1|0|1|1|1|1|1|0|1,2,head_audio_pos_same_start_100hz
MC04,control,Session1,0637,data/processed/torgo_aai_features/MC04/Session1/0637.npz,151,12,1|1|1|1|1|1|1|1|1|1|1|1,,head_audio_pos_same_start_100hz
MC04,control,Session1,0638,data/processed/torgo_aai_features/MC04/Session1/0638.npz,283,12,1|1|1|1|1|1|1|1|1|1|1|1,,head_audio_pos_same_start_100hz
MC04,control,Session1,0639,data/processed/torgo_aai_features/MC04/Session1/0639.npz,155,12,1|1|1|1|1|1|1|1|1|1|1|1,,head_audio_pos_same_start_100hz
MC04,control,Session1,0640,data/processed/torgo_aai_features/MC04/Session1/0640.npz,177,12,1|1|1|1|1|1|1|1|1|1|1|1,,head_audio_pos_same_start_100hz
MC04,control,Session1,0641,data/processed/torgo_aai_features/MC04/Session1/0641.npz,151,12,1|1|1|1|1|1|1|1|1|1|1|1,,head_audio_pos_same_start_100hz
MC04,control,Session1,0642,data/processed/torgo_aai_features/MC04/Session1/0642.npz,407,12,1|1|1|1|1|1|1|1|1|1|1|1,,head_audio_pos_same_start_100hz
MC04,control,Session1,0643,data/processed/torgo_aai_features/MC04/Session1/0643.npz,158,12,1|1|1|1|1|1|1|1|1|1|1|1,,head_audio_pos_same_start_100hz
MC04,control,Session1,0644,data/processed/torgo_aai_features/MC04/Session1/0644.npz,193,12,1|1|1|1|1|1|1|1|1|1|1|1,,head_audio_pos_same_start_100hz
MC04,control,Session1,0645,data/processed/torgo_aai_features/MC04/Session1/0645.npz,159,12,1|1|1|1|1|1|1|1|1|1|1|1,,head_audio_pos_same_start_100hz
MC04,control,Session1,0646,data/processed/torgo_aai_features/MC04/Session1/0646.npz,1060,12,1|1|1|1|1|1|1|1|1|1|1|1,,head_audio_pos_same_start_100hz
MC04,control,Session1,0647,data/processed/torgo_aai_features/MC04/Session1/0647.npz,200,12,1|1|1|1|1|1|1|1|1|1|1|1,,head_audio_pos_same_start_100hz
MC04,control,Session1,0648,data/processed/torgo_aai_features/MC04/Session1/0648.npz,154,12,1|1|1|1|1|1|1|1|1|1|1|1,,head_audio_pos_same_start_100hz
MC04,control,Session1,0649,data/processed/torgo_aai_features/MC04/Session1/0649.npz,158,12,1|1|1|1|1|1|1|1|1|1|1|1,,head_audio_pos_same_start_100hz
MC04,control,Session1,0650,data/processed/torgo_aai_features/MC04/Session1/0650.npz,192,12,1|1|1|1|1|1|1|1|1|1|1|1,,head_audio_pos_same_start_100hz
MC04,control,Session1,0651,data/processed/torgo_aai_features/MC04/Session1/0651.npz,344,12,1|1|1|1|1|1|1|1|1|1|1|1,,head_audio_pos_same_start_100hz
MC04,control,Session1,0652,data/processed/torgo_aai_features/MC04/Session1/0652.npz,158,12,1|1|1|1|1|1|1|1|1|1|1|1,,head_audio_pos_same_start_100hz
MC04,control,Session1,0653,data/processed/torgo_aai_features/MC04/Session1/0653.npz,148,12,1|1|1|1|1|1|1|1|1|1|1|1,,head_audio_pos_same_start_100hz
MC04,control,Session1,0654,data/processed/torgo_aai_features/MC04/Session1/0654.npz,171,12,1|1|1|1|1|1|1|1|1|1|1|1,,head_audio_pos_same_start_100hz
