speaker,session,utterance_id,workbook_row_1based,source_subject_label,trial_spec,channels_1based,comment,match_status,usable_as_record_specific_note
MC01,Session1,0014,2,MC01,14.0,7,No movement until half trial,ambiguous,0
MC01,Session3,0014,2,MC01,14.0,7,No movement until half trial,ambiguous,0
MC01,Session1,0015,3,MC01,15.0,7,No movement,ambiguous,0
MC01,Session3,0015,3,MC01,15.0,7,No movement,ambiguous,0
MC01,Session1,0017,4,MC01,17.0,7,Looks like a step,ambiguous,0
MC01,Session3,0017,4,MC01,17.0,7,Looks like a step,ambiguous,0
MC01,Session1,0018,5,MC01,18.0,7,Looks like a step,ambiguous,0
MC01,Session3,0018,5,MC01,18.0,7,Looks like a step,ambiguous,0
MC01,Session1,0033,6,MC01,33.0,7,Check spike,ambiguous,0
MC01,Session3,0033,6,MC01,33.0,7,Check spike,ambiguous,0
MC01,Session1,0039,7,MC01,39.0,7,Check spike,ambiguous,0
MC01,Session3,0039,7,MC01,39.0,7,Check spike,ambiguous,0
MC01,Session1,0071,8,MC01,71.0,2,Check spike,ambiguous,0
MC01,Session3,0071,8,MC01,71.0,2,Check spike,ambiguous,0
MC01,Session1,0097,9,MC01,97.0,7,Check spike,ambiguous,0
MC01,Session3,0097,9,MC01,97.0,7,Check spike,ambiguous,0
MC01,Session1,0117,10,MC01,117.0,7,Check spike,ambiguous,0
MC01,Session3,0117,10,MC01,117.0,7,Check spike,ambiguous,0
MC01,Session1,0125,11,MC01,125.0,3,Check spike,ambiguous,0
MC01,Session3,0125,11,MC01,125.0,3,Check spike,ambiguous,0
MC01,Session1,0136,12,MC01,136.0,3,Check spike,ambiguous,0
MC01,Session3,0136,12,MC01,136.0,3,Check spike,ambiguous,0
MC01,Session1,0178,13,MC01,178.0,,Coils flat,unique,1
MC01,Session1,0001,19,MC01s2,1 to 150,4,squarish waves,range_review,0
MC01,Session3,0001,19,MC01s2,1 to 150,4,squarish waves,range_review,0
MC01,Session1,0002,19,MC01s2,1 to 150,4,squarish waves,range_review,0
MC01,Session3,0002,19,MC01s2,1 to 150,4,squarish waves,range_review,0
MC01,Session1,0003,19,MC01s2,1 to 150,4,squarish waves,range_review,0
MC01,Session3,0003,19,MC01s2,1 to 150,4,squarish waves,range_review,0
MC01,Session1,0004,19,MC01s2,1 to 150,4,squarish waves,range_review,0
MC01,Session3,0004,19,MC01s2,1 to 150,4,squarish waves,range_review,0
MC01,Session1,0005,19,MC01s2,1 to 150,4,squarish waves,range_review,0
MC01,Session3,0005,19,MC01s2,1 to 150,4,squarish waves,range_review,0
MC01,Session1,0006,19,MC01s2,1 to 150,4,squarish waves,range_review,0
MC01,Session3,0006,19,MC01s2,1 to 150,4,squarish waves,range_review,0
MC01,Session1,0007,19,MC01s2,1 to 150,4,squarish waves,range_review,0
MC01,Session3,0007,19,MC01s2,1 to 150,4,squarish waves,range_review,0
MC01,Session1,0008,19,MC01s2,1 to 150,4,squarish waves,range_review,0
MC01,Session3,0008,19,MC01s2,1 to 150,4,squarish waves,range_review,0
MC01,Session1,0009,19,MC01s2,1 to 150,4,squarish waves,range_review,0
MC01,Session3,0009,19,MC01s2,1 to 150,4,squarish waves,range_review,0
MC01,Session1,0010,19,MC01s2,1 to 150,4,squarish waves,range_review,0
MC01,Session3,0010,19,MC01s2,1 to 150,4,squarish waves,range_review,0
MC01,Session1,0011,19,MC01s2,1 to 150,4,squarish waves,range_review,0
MC01,Session3,0011,19,MC01s2,1 to 150,4,squarish waves,range_review,0
MC01,Session1,0012,19,MC01s2,1 to 150,4,squarish waves,range_review,0
MC01,Session3,0012,19,MC01s2,1 to 150,4,squarish waves,range_review,0
MC01,Session1,0013,19,MC01s2,1 to 150,4,squarish waves,range_review,0
MC01,Session3,0013,19,MC01s2,1 to 150,4,squarish waves,range_review,0
MC01,Session1,0014,19,MC01s2,1 to 150,4,squarish waves,range_review,0
MC01,Session3,0014,19,MC01s2,1 to 150,4,squarish waves,range_review,0
MC01,Session1,0015,19,MC01s2,1 to 150,4,squarish waves,range_review,0
MC01,Session3,0015,19,MC01s2,1 to 150,4,squarish waves,range_review,0
MC01,Session1,0016,19,MC01s2,1 to 150,4,squarish waves,range_review,0
MC01,Session3,0016,19,MC01s2,1 to 150,4,squarish waves,range_review,0
MC01,Session1,0017,19,MC01s2,1 to 150,4,squarish waves,range_review,0
MC01,Session3,0017,19,MC01s2,1 to 150,4,squarish waves,range_review,0
MC01,Session1,0018,19,MC01s2,1 to 150,4,squarish waves,range_review,0
MC01,Session3,0018,19,MC01s2,1 to 150,4,squarish waves,range_review,0
MC01,Session1,0019,19,MC01s2,1 to 150,4,squarish waves,range_review,0
MC01,Session3,0019,19,MC01s2,1 to 150,4,squarish waves,range_review,0
MC01,Session1,0020,19,MC01s2,1 to 150,4,squarish waves,range_review,0
MC01,Session3,0020,19,MC01s2,1 to 150,4,squarish waves,range_review,0
MC01,Session1,0021,19,MC01s2,1 to 150,4,squarish waves,range_review,0
MC01,Session3,0021,19,MC01s2,1 to 150,4,squarish waves,range_review,0
MC01,Session1,0022,19,MC01s2,1 to 150,4,squarish waves,range_review,0
MC01,Session3,0022,19,MC01s2,1 to 150,4,squarish waves,range_review,0
MC01,Session1,0023,19,MC01s2,1 to 150,4,squarish waves,range_review,0
MC01,Session3,0023,19,MC01s2,1 to 150,4,squarish waves,range_review,0
MC01,Session1,0024,19,MC01s2,1 to 150,4,squarish waves,range_review,0
MC01,Session3,0024,19,MC01s2,1 to 150,4,squarish waves,range_review,0
MC01,Session1,0025,19,MC01s2,1 to 150,4,squarish waves,range_review,0
MC01,Session3,0025,19,MC01s2,1 to 150,4,squarish waves,range_review,0
MC01,Session1,0026,19,MC01s2,1 to 150,4,squarish waves,range_review,0
MC01,Session3,0026,19,MC01s2,1 to 150,4,squarish waves,range_review,0
MC01,Session1,0027,19,MC01s2,1 to 150,4,squarish waves,range_review,0
MC01,Session3,0027,19,MC01s2,1 to 150,4,squarish waves,range_review,0
MC01,Session1,0028,19,MC01s2,1 to 150,4,squarish waves,range_review,0
MC01,Session3,0028,19,MC01s2,1 to 150,4,squarish waves,range_review,0
MC01,Session1,0029,19,MC01s2,1 to 150,4,squarish waves,range_review,0
MC01,Session3,0029,19,MC01s2,1 to 150,4,squarish waves,range_review,0
MC01,Session1,0030,19,MC01s2,1 to 150,4,squarish waves,range_review,0
MC01,Session3,0030,19,MC01s2,1 to 150,4,squarish waves,range_review,0
MC01,Session1,0031,19,MC01s2,1 to 150,4,squarish waves,range_review,0
MC01,Session3,0031,19,MC01s2,1 to 150,4,squarish waves,range_review,0
MC01,Session1,0032,19,MC01s2,1 to 150,4,squarish waves,range_review,0
MC01,Session3,0032,19,MC01s2,1 to 150,4,squarish waves,range_review,0
MC01,Session1,0033,19,MC01s2,1 to 150,4,squarish waves,range_review,0
MC01,Session3,0033,19,MC01s2,1 to 150,4,squarish waves,range_review,0
MC01,Session1,0034,19,MC01s2,1 to 150,4,squarish waves,range_review,0
MC01,Session3,0034,19,MC01s2,1 to 150,4,squarish waves,range_review,0
MC01,Session1,0035,19,MC01s2,1 to 150,4,squarish waves,range_review,0
MC01,Session3,0035,19,MC01s2,1 to 150,4,squarish waves,range_review,0
MC01,Session1,0036,19,MC01s2,1 to 150,4,squarish waves,range_review,0
MC01,Session3,0036,19,MC01s2,1 to 150,4,squarish waves,range_review,0
MC01,Session1,0037,19,MC01s2,1 to 150,4,squarish waves,range_review,0
MC01,Session3,0037,19,MC01s2,1 to 150,4,squarish waves,range_review,0
MC01,Session1,0038,19,MC01s2,1 to 150,4,squarish waves,range_review,0
MC01,Session3,0038,19,MC01s2,1 to 150,4,squarish waves,range_review,0
MC01,Session1,0039,19,MC01s2,1 to 150,4,squarish waves,range_review,0
MC01,Session3,0039,19,MC01s2,1 to 150,4,squarish waves,range_review,0
MC01,Session1,0040,19,MC01s2,1 to 150,4,squarish waves,range_review,0
MC01,Session3,0040,19,MC01s2,1 to 150,4,squarish waves,range_review,0
MC01,Session1,0041,19,MC01s2,1 to 150,4,squarish waves,range_review,0
MC01,Session3,0041,19,MC01s2,1 to 150,4,squarish waves,range_review,0
MC01,Session1,0042,19,MC01s2,1 to 150,4,squarish waves,range_review,0
MC01,Session3,0042,19,MC01s2,1 to 150,4,squarish waves,range_review,0
MC01,Session1,0043,19,MC01s2,1 to 150,4,squarish waves,range_review,0
MC01,Session3,0043,19,MC01s2,1 to 150,4,squarish waves,range_review,0
MC01,Session1,0044,19,MC01s2,1 to 150,4,squarish waves,range_review,0
MC01,Session3,0044,19,MC01s2,1 to 150,4,squarish waves,range_review,0
MC01,Session1,0045,19,MC01s2,1 to 150,4,squarish waves,range_review,0
MC01,Session3,0045,19,MC01s2,1 to 150,4,squarish waves,range_review,0
MC01,Session1,0046,19,MC01s2,1 to 150,4,squarish waves,range_review,0
MC01,Session3,0046,19,MC01s2,1 to 150,4,squarish waves,range_review,0
MC01,Session1,0047,19,MC01s2,1 to 150,4,squarish waves,range_review,0
MC01,Session3,0047,19,MC01s2,1 to 150,4,squarish waves,range_review,0
MC01,Session1,0048,19,MC01s2,1 to 150,4,squarish waves,range_review,0
MC01,Session3,0048,19,MC01s2,1 to 150,4,squarish waves,range_review,0
MC01,Session1,0049,19,MC01s2,1 to 150,4,squarish waves,range_review,0
MC01,Session3,0049,19,MC01s2,1 to 150,4,squarish waves,range_review,0
MC01,Session1,0050,19,MC01s2,1 to 150,4,squarish waves,range_review,0
MC01,Session3,0050,19,MC01s2,1 to 150,4,squarish waves,range_review,0
MC01,Session1,0051,19,MC01s2,1 to 150,4,squarish waves,range_review,0
MC01,Session3,0051,19,MC01s2,1 to 150,4,squarish waves,range_review,0
MC01,Session1,0052,19,MC01s2,1 to 150,4,squarish waves,range_review,0
MC01,Session3,0052,19,MC01s2,1 to 150,4,squarish waves,range_review,0
MC01,Session1,0053,19,MC01s2,1 to 150,4,squarish waves,range_review,0
MC01,Session3,0053,19,MC01s2,1 to 150,4,squarish waves,range_review,0
MC01,Session1,0054,19,MC01s2,1 to 150,4,squarish waves,range_review,0
MC01,Session3,0054,19,MC01s2,1 to 150,4,squarish waves,range_review,0
MC01,Session1,0055,19,MC01s2,1 to 150,4,squarish waves,range_review,0
MC01,Session3,0055,19,MC01s2,1 to 150,4,squarish waves,range_review,0
MC01,Session1,0056,19,MC01s2,1 to 150,4,squarish waves,range_review,0
MC01,Session3,0056,19,MC01s2,1 to 150,4,squarish waves,range_review,0
MC01,Session1,0057,19,MC01s2,1 to 150,4,squarish waves,range_review,0
MC01,Session3,0057,19,MC01s2,1 to 150,4,squarish waves,range_review,0
MC01,Session1,0058,19,MC01s2,1 to 150,4,squarish waves,range_review,0
MC01,Session3,0058,19,MC01s2,1 to 150,4,squarish waves,range_review,0
MC01,Session1,0059,19,MC01s2,1 to 150,4,squarish waves,range_review,0
MC01,Session3,0059,19,MC01s2,1 to 150,4,squarish waves,range_review,0
MC01,Session1,0060,19,MC01s2,1 to 150,4,squarish waves,range_review,0
MC01,Session3,0060,19,MC01s2,1 to 150,4,squarish waves,range_review,0
MC01,Session1,0061,19,MC01s2,1 to 150,4,squarish waves,range_review,0
MC01,Session3,0061,19,MC01s2,1 to 150,4,squarish waves,range_review,0
MC01,Session1,0062,19,MC01s2,1 to 150,4,squarish waves,range_review,0
MC01,Session3,0062,19,MC01s2,1 to 150,4,squarish waves,range_review,0
MC01,Session1,0063,19,MC01s2,1 to 150,4,squarish waves,range_review,0
MC01,Session3,0063,19,MC01s2,1 to 150,4,squarish waves,range_review,0
MC01,Session1,0064,19,MC01s2,1 to 150,4,squarish waves,range_review,0
MC01,Session3,0064,19,MC01s2,1 to 150,4,squarish waves,range_review,0
MC01,Session1,0065,19,MC01s2,1 to 150,4,squarish waves,range_review,0
MC01,Session3,0065,19,MC01s2,1 to 150,4,squarish waves,range_review,0
MC01,Session1,0066,19,MC01s2,1 to 150,4,squarish waves,range_review,0
MC01,Session3,0066,19,MC01s2,1 to 150,4,squarish waves,range_review,0
MC01,Session1,0067,19,MC01s2,1 to 150,4,squarish waves,range_review,0
MC01,Session3,0067,19,MC01s2,1 to 150,4,squarish waves,range_review,0
MC01,Session1,0068,19,MC01s2,1 to 150,4,squarish waves,range_review,0
MC01,Session3,0068,19,MC01s2,1 to 150,4,squarish waves,range_review,0
MC01,Session1,0069,19,MC01s2,1 to 150,4,squarish waves,range_review,0
MC01,Session3,0069,19,MC01s2,1 to 150,4,squarish waves,range_review,0
MC01,Session1,0070,19,MC01s2,1 to 150,4,squarish waves,range_review,0
MC01,Session3,0070,19,MC01s2,1 to 150,4,squarish waves,range_review,0
MC01,Session1,0071,19,MC01s2,1 to 150,4,squarish waves,range_review,0
MC01,Session3,0071,19,MC01s2,1 to 150,4,squarish waves,range_review,0
MC01,Session1,0072,19,MC01s2,1 to 150,4,squarish waves,range_review,0
MC01,Session3,0072,19,MC01s2,1 to 150,4,squarish waves,range_review,0
MC01,Session1,0073,19,MC01s2,1 to 150,4,squarish waves,range_review,0
MC01,Session3,0073,19,MC01s2,1 to 150,4,squarish waves,range_review,0
MC01,Session1,0074,19,MC01s2,1 to 150,4,squarish waves,range_review,0
MC01,Session3,0074,19,MC01s2,1 to 150,4,squarish waves,range_review,0
MC01,Session1,0075,19,MC01s2,1 to 150,4,squarish waves,range_review,0
MC01,Session3,0075,19,MC01s2,1 to 150,4,squarish waves,range_review,0
MC01,Session1,0076,19,MC01s2,1 to 150,4,squarish waves,range_review,0
MC01,Session3,0076,19,MC01s2,1 to 150,4,squarish waves,range_review,0
MC01,Session1,0077,19,MC01s2,1 to 150,4,squarish waves,range_review,0
MC01,Session3,0077,19,MC01s2,1 to 150,4,squarish waves,range_review,0
MC01,Session1,0078,19,MC01s2,1 to 150,4,squarish waves,range_review,0
MC01,Session3,0078,19,MC01s2,1 to 150,4,squarish waves,range_review,0
MC01,Session1,0079,19,MC01s2,1 to 150,4,squarish waves,range_review,0
MC01,Session3,0079,19,MC01s2,1 to 150,4,squarish waves,range_review,0
MC01,Session1,0080,19,MC01s2,1 to 150,4,squarish waves,range_review,0
MC01,Session3,0080,19,MC01s2,1 to 150,4,squarish waves,range_review,0
MC01,Session1,0081,19,MC01s2,1 to 150,4,squarish waves,range_review,0
MC01,Session3,0081,19,MC01s2,1 to 150,4,squarish waves,range_review,0
MC01,Session1,0082,19,MC01s2,1 to 150,4,squarish waves,range_review,0
MC01,Session3,0082,19,MC01s2,1 to 150,4,squarish waves,range_review,0
MC01,Session1,0083,19,MC01s2,1 to 150,4,squarish waves,range_review,0
MC01,Session3,0083,19,MC01s2,1 to 150,4,squarish waves,range_review,0
MC01,Session1,0084,19,MC01s2,1 to 150,4,squarish waves,range_review,0
MC01,Session3,0084,19,MC01s2,1 to 150,4,squarish waves,range_review,0
MC01,Session1,0085,19,MC01s2,1 to 150,4,squarish waves,range_review,0
MC01,Session3,0085,19,MC01s2,1 to 150,4,squarish waves,range_review,0
MC01,Session1,0086,19,MC01s2,1 to 150,4,squarish waves,range_review,0
MC01,Session3,0086,19,MC01s2,1 to 150,4,squarish waves,range_review,0
MC01,Session1,0087,19,MC01s2,1 to 150,4,squarish waves,range_review,0
MC01,Session3,0087,19,MC01s2,1 to 150,4,squarish waves,range_review,0
MC01,Session1,0088,19,MC01s2,1 to 150,4,squarish waves,range_review,0
MC01,Session3,0088,19,MC01s2,1 to 150,4,squarish waves,range_review,0
MC01,Session1,0089,19,MC01s2,1 to 150,4,squarish waves,range_review,0
MC01,Session3,0089,19,MC01s2,1 to 150,4,squarish waves,range_review,0
MC01,Session1,0090,19,MC01s2,1 to 150,4,squarish waves,range_review,0
MC01,Session3,0090,19,MC01s2,1 to 150,4,squarish waves,range_review,0
MC01,Session1,0091,19,MC01s2,1 to 150,4,squarish waves,range_review,0
MC01,Session3,0091,19,MC01s2,1 to 150,4,squarish waves,range_review,0
MC01,Session1,0092,19,MC01s2,1 to 150,4,squarish waves,range_review,0
MC01,Session3,0092,19,MC01s2,1 to 150,4,squarish waves,range_review,0
MC01,Session1,0093,19,MC01s2,1 to 150,4,squarish waves,range_review,0
MC01,Session3,0093,19,MC01s2,1 to 150,4,squarish waves,range_review,0
MC01,Session1,0094,19,MC01s2,1 to 150,4,squarish waves,range_review,0
MC01,Session3,0094,19,MC01s2,1 to 150,4,squarish waves,range_review,0
MC01,Session1,0095,19,MC01s2,1 to 150,4,squarish waves,range_review,0
MC01,Session3,0095,19,MC01s2,1 to 150,4,squarish waves,range_review,0
MC01,Session1,0096,19,MC01s2,1 to 150,4,squarish waves,range_review,0
MC01,Session3,0096,19,MC01s2,1 to 150,4,squarish waves,range_review,0
MC01,Session1,0097,19,MC01s2,1 to 150,4,squarish waves,range_review,0
MC01,Session3,0097,19,MC01s2,1 to 150,4,squarish waves,range_review,0
MC01,Session1,0098,19,MC01s2,1 to 150,4,squarish waves,range_review,0
MC01,Session3,0098,19,MC01s2,1 to 150,4,squarish waves,range_review,0
MC01,Session1,0099,19,MC01s2,1 to 150,4,squarish waves,range_review,0
MC01,Session3,0099,19,MC01s2,1 to 150,4,squarish waves,range_review,0
MC01,Session1,0100,19,MC01s2,1 to 150,4,squarish waves,range_review,0
MC01,Session3,0100,19,MC01s2,1 to 150,4,squarish waves,range_review,0
MC01,Session1,0101,19,MC01s2,1 to 150,4,squarish waves,range_review,0
MC01,Session3,0101,19,MC01s2,1 to 150,4,squarish waves,range_review,0
MC01,Session1,0102,19,MC01s2,1 to 150,4,squarish waves,range_review,0
MC01,Session3,0102,19,MC01s2,1 to 150,4,squarish waves,range_review,0
MC01,Session1,0103,19,MC01s2,1 to 150,4,squarish waves,range_review,0
MC01,Session3,0103,19,MC01s2,1 to 150,4,squarish waves,range_review,0
MC01,Session1,0104,19,MC01s2,1 to 150,4,squarish waves,range_review,0
MC01,Session3,0104,19,MC01s2,1 to 150,4,squarish waves,range_review,0
MC01,Session1,0105,19,MC01s2,1 to 150,4,squarish waves,range_review,0
MC01,Session3,0105,19,MC01s2,1 to 150,4,squarish waves,range_review,0
MC01,Session1,0106,19,MC01s2,1 to 150,4,squarish waves,range_review,0
MC01,Session3,0106,19,MC01s2,1 to 150,4,squarish waves,range_review,0
MC01,Session1,0107,19,MC01s2,1 to 150,4,squarish waves,range_review,0
MC01,Session3,0107,19,MC01s2,1 to 150,4,squarish waves,range_review,0
MC01,Session1,0108,19,MC01s2,1 to 150,4,squarish waves,range_review,0
MC01,Session3,0108,19,MC01s2,1 to 150,4,squarish waves,range_review,0
MC01,Session1,0109,19,MC01s2,1 to 150,4,squarish waves,range_review,0
MC01,Session3,0109,19,MC01s2,1 to 150,4,squarish waves,range_review,0
MC01,Session1,0110,19,MC01s2,1 to 150,4,squarish waves,range_review,0
MC01,Session3,0110,19,MC01s2,1 to 150,4,squarish waves,range_review,0
MC01,Session1,0111,19,MC01s2,1 to 150,4,squarish waves,range_review,0
MC01,Session3,0111,19,MC01s2,1 to 150,4,squarish waves,range_review,0
MC01,Session1,0112,19,MC01s2,1 to 150,4,squarish waves,range_review,0
MC01,Session3,0112,19,MC01s2,1 to 150,4,squarish waves,range_review,0
MC01,Session1,0113,19,MC01s2,1 to 150,4,squarish waves,range_review,0
MC01,Session3,0113,19,MC01s2,1 to 150,4,squarish waves,range_review,0
MC01,Session1,0114,19,MC01s2,1 to 150,4,squarish waves,range_review,0
MC01,Session3,0114,19,MC01s2,1 to 150,4,squarish waves,range_review,0
MC01,Session1,0115,19,MC01s2,1 to 150,4,squarish waves,range_review,0
MC01,Session3,0115,19,MC01s2,1 to 150,4,squarish waves,range_review,0
MC01,Session1,0116,19,MC01s2,1 to 150,4,squarish waves,range_review,0
MC01,Session3,0116,19,MC01s2,1 to 150,4,squarish waves,range_review,0
MC01,Session1,0117,19,MC01s2,1 to 150,4,squarish waves,range_review,0
MC01,Session3,0117,19,MC01s2,1 to 150,4,squarish waves,range_review,0
MC01,Session1,0118,19,MC01s2,1 to 150,4,squarish waves,range_review,0
MC01,Session3,0118,19,MC01s2,1 to 150,4,squarish waves,range_review,0
MC01,Session1,0119,19,MC01s2,1 to 150,4,squarish waves,range_review,0
MC01,Session3,0119,19,MC01s2,1 to 150,4,squarish waves,range_review,0
MC01,Session1,0120,19,MC01s2,1 to 150,4,squarish waves,range_review,0
MC01,Session3,0120,19,MC01s2,1 to 150,4,squarish waves,range_review,0
MC01,Session1,0121,19,MC01s2,1 to 150,4,squarish waves,range_review,0
MC01,Session3,0121,19,MC01s2,1 to 150,4,squarish waves,range_review,0
MC01,Session1,0122,19,MC01s2,1 to 150,4,squarish waves,range_review,0
MC01,Session3,0122,19,MC01s2,1 to 150,4,squarish waves,range_review,0
MC01,Session1,0123,19,MC01s2,1 to 150,4,squarish waves,range_review,0
MC01,Session3,0123,19,MC01s2,1 to 150,4,squarish waves,range_review,0
MC01,Session1,0124,19,MC01s2,1 to 150,4,squarish waves,range_review,0
MC01,Session3,0124,19,MC01s2,1 to 150,4,squarish waves,range_review,0
MC01,Session1,0125,19,MC01s2,1 to 150,4,squarish waves,range_review,0
MC01,Session3,0125,19,MC01s2,1 to 150,4,squarish waves,range_review,0
MC01,Session1,0126,19,MC01s2,1 to 150,4,squarish waves,range_review,0
MC01,Session3,0126,19,MC01s2,1 to 150,4,squarish waves,range_review,0
MC01,Session1,0127,19,MC01s2,1 to 150,4,squarish waves,range_review,0
MC01,Session3,0127,19,MC01s2,1 to 150,4,squarish waves,range_review,0
MC01,Session1,0128,19,MC01s2,1 to 150,4,squarish waves,range_review,0
MC01,Session3,0128,19,MC01s2,1 to 150,4,squarish waves,range_review,0
MC01,Session1,0129,19,MC01s2,1 to 150,4,squarish waves,range_review,0
MC01,Session3,0129,19,MC01s2,1 to 150,4,squarish waves,range_review,0
MC01,Session1,0130,19,MC01s2,1 to 150,4,squarish waves,range_review,0
MC01,Session3,0130,19,MC01s2,1 to 150,4,squarish waves,range_review,0
MC01,Session1,0131,19,MC01s2,1 to 150,4,squarish waves,range_review,0
MC01,Session3,0131,19,MC01s2,1 to 150,4,squarish waves,range_review,0
MC01,Session1,0132,19,MC01s2,1 to 150,4,squarish waves,range_review,0
MC01,Session3,0132,19,MC01s2,1 to 150,4,squarish waves,range_review,0
MC01,Session1,0133,19,MC01s2,1 to 150,4,squarish waves,range_review,0
MC01,Session3,0133,19,MC01s2,1 to 150,4,squarish waves,range_review,0
MC01,Session1,0134,19,MC01s2,1 to 150,4,squarish waves,range_review,0
MC01,Session3,0134,19,MC01s2,1 to 150,4,squarish waves,range_review,0
MC01,Session1,0135,19,MC01s2,1 to 150,4,squarish waves,range_review,0
MC01,Session3,0135,19,MC01s2,1 to 150,4,squarish waves,range_review,0
MC01,Session1,0136,19,MC01s2,1 to 150,4,squarish waves,range_review,0
MC01,Session3,0136,19,MC01s2,1 to 150,4,squarish waves,range_review,0
MC01,Session1,0137,19,MC01s2,1 to 150,4,squarish waves,range_review,0
MC01,Session3,0137,19,MC01s2,1 to 150,4,squarish waves,range_review,0
MC01,Session1,0138,19,MC01s2,1 to 150,4,squarish waves,range_review,0
MC01,Session3,0138,19,MC01s2,1 to 150,4,squarish waves,range_review,0
MC01,Session1,0139,19,MC01s2,1 to 150,4,squarish waves,range_review,0
MC01,Session3,0139,19,MC01s2,1 to 150,4,squarish waves,range_review,0
MC01,Session1,0140,19,MC01s2,1 to 150,4,squarish waves,range_review,0
MC01,Session3,0140,19,MC01s2,1 to 150,4,squarish waves,range_review,0
MC01,Session1,0141,19,MC01s2,1 to 150,4,squarish waves,range_review,0
MC01,Session3,0141,19,MC01s2,1 to 150,4,squarish waves,range_review,0
MC01,Session1,0142,19,MC01s2,1 to 150,4,squarish waves,range_review,0
MC01,Session3,0142,19,MC01s2,1 to 150,4,squarish waves,range_review,0
MC01,Session1,0143,19,MC01s2,1 to 150,4,squarish waves,range_review,0
MC01,Session3,0143,19,MC01s2,1 to 150,4,squarish waves,range_review,0
MC01,Session1,0144,19,MC01s2,1 to 150,4,squarish waves,range_review,0
MC01,Session3,0144,19,MC01s2,1 to 150,4,squarish waves,range_review,0
MC01,Session1,0145,19,MC01s2,1 to 150,4,squarish waves,range_review,0
MC01,Session3,0145,19,MC01s2,1 to 150,4,squarish waves,range_review,0
MC01,Session1,0146,19,MC01s2,1 to 150,4,squarish waves,range_review,0
MC01,Session3,0146,19,MC01s2,1 to 150,4,squarish waves,range_review,0
MC01,Session1,0147,19,MC01s2,1 to 150,4,squarish waves,range_review,0
MC01,Session3,0147,19,MC01s2,1 to 150,4,squarish waves,range_review,0
MC01,Session1,0148,19,MC01s2,1 to 150,4,squarish waves,range_review,0
MC01,Session3,0148,19,MC01s2,1 to 150,4,squarish waves,range_review,0
MC01,Session1,0149,19,MC01s2,1 to 150,4,squarish waves,range_review,0
MC01,Session3,0149,19,MC01s2,1 to 150,4,squarish waves,range_review,0
MC01,Session1,0150,19,MC01s2,1 to 150,4,squarish waves,range_review,0
MC01,Session3,0150,19,MC01s2,1 to 150,4,squarish waves,range_review,0
MC01,Session1,0128,20,MC01s2,128.0,1,large spike,ambiguous,0
MC01,Session3,0128,20,MC01s2,128.0,1,large spike,ambiguous,0
MC01,Session1,0156,21,MC01s2,156.0,,blank trial?,ambiguous,0
MC01,Session3,0156,21,MC01s2,156.0,,blank trial?,ambiguous,0
MC01,Session1,0175,22,MC01s2,175.0,,blank trial?,unique,1
MC01,Session1,0176,23,MC01s2,176.0,,blank trial?,unique,1
MC01,Session1,0210,24,MC01s2,210.0,1,large spike,unique,1
MC01,Session1,0243,25,MC01s2,243.0,,blank trial?,unique,1
MC01,Session1,0244,26,MC01s2,244.0,1,large spike,unique,1
MC01,Session1,0251,27,MC01s2,251.0,9,large spike,unique,1
MC01,Session1,0280,28,MC01s2,280.0,9,large spike,unique,1
MC01,Session1,0295,29,MC01s2,295.0,9,large spike,unique,1
MC01,Session1,0296,30,MC01s2,296.0,9,large spike,unique,1
MC01,Session1,0297,31,MC01s2,297.0,9,large spike,unique,1
MC01,Session1,0300,32,MC01s2,300.0,9,large spike,unique,1
MC01,Session1,0301,33,MC01s2,301.0,9,large spike,unique,1
MC02,Session1,0005,36,MC02,5.0,12,large spike,ambiguous,0
MC02,Session2,0005,36,MC02,5.0,12,large spike,ambiguous,0
MC02,Session1,0006,37,MC02,6.0,12,large spike,ambiguous,0
MC02,Session2,0006,37,MC02,6.0,12,large spike,ambiguous,0
MC02,Session1,0045,38,MC02,45.0,,blank trial?,ambiguous,0
MC02,Session2,0045,38,MC02,45.0,,blank trial?,ambiguous,0
MC02,Session1,0151,39,MC02,151.0,10,large spike,unique,1
MC02,Session1,0247,40,MC02,247.0,,blank trial?,unique,1
MC02,Session1,0266,41,MC02,266.0,3,check spike,unique,1
MC02,Session1,0294,42,MC02,294.0,2,large spike,unique,1
MC02,Session1,0363,43,MC02,363.0,2,large spike,unique,1
MC02,Session1,0371,44,MC02,371.0,,blank trial?,unique,1
MC02,Session1,0376,45,MC02,376.0,3,check spike,unique,1
MC02,Session1,0377,46,MC02,377.0,3,check spike,unique,1
MC02,Session1,0380,47,MC02,380.0,2,check spike,unique,1
MC02,Session1,0386,48,MC02,386.0,2,check spike,unique,1
MC02,Session1,0009,50,MC02s2,9.0,1,check spike,ambiguous,0
MC02,Session2,0009,50,MC02s2,9.0,1,check spike,ambiguous,0
MC02,Session1,0011,51,MC02s2,11.0,1,check spike,ambiguous,0
MC02,Session2,0011,51,MC02s2,11.0,1,check spike,ambiguous,0
MC02,Session1,0028,52,MC02s2,28.0,1,check spike,ambiguous,0
MC02,Session2,0028,52,MC02s2,28.0,1,check spike,ambiguous,0
MC02,Session1,0037,53,MC02s2,37.0,1,check spike,ambiguous,0
MC02,Session2,0037,53,MC02s2,37.0,1,check spike,ambiguous,0
MC02,Session1,0040,54,MC02s2,40.0,1,check spike,ambiguous,0
MC02,Session2,0040,54,MC02s2,40.0,1,check spike,ambiguous,0
MC02,Session1,0048,55,MC02s2,48.0,1,check spike,ambiguous,0
MC02,Session2,0048,55,MC02s2,48.0,1,check spike,ambiguous,0
MC02,Session1,0051,56,MC02s2,51.0,1,check spike,ambiguous,0
MC02,Session2,0051,56,MC02s2,51.0,1,check spike,ambiguous,0
MC02,Session1,0057,57,MC02s2,57.0,1,check spike,ambiguous,0
MC02,Session2,0057,57,MC02s2,57.0,1,check spike,ambiguous,0
MC02,Session1,0058,58,MC02s2,58.0,1,check spike,ambiguous,0
MC02,Session2,0058,58,MC02s2,58.0,1,check spike,ambiguous,0
MC02,Session1,0060,59,MC02s2,60.0,1,check spike,ambiguous,0
MC02,Session2,0060,59,MC02s2,60.0,1,check spike,ambiguous,0
MC02,Session1,0062,60,MC02s2,62.0,1,check spike,ambiguous,0
MC02,Session2,0062,60,MC02s2,62.0,1,check spike,ambiguous,0
MC02,Session1,0084,61,MC02s2,84.0,,blank trial?,unique,1
MC02,Session1,0089,62,MC02s2,89.0,1,spikes,unique,1
MC02,Session1,0110,63,MC02s2,110.0,1,spikes,unique,1
MC02,Session1,0111,64,MC02s2,111.0,1,spikes,unique,1
MC02,Session1,0116,65,MC02s2,116.0,1,spikes,unique,1
MC02,Session1,0117,66,MC02s2,117.0,1,spikes,unique,1
MC02,Session1,0122,67,MC02s2,122.0,1,spikes,unique,1
MC02,Session1,0129,68,MC02s2,129.0,1,spikes,unique,1
MC02,Session1,0133,69,MC02s2,133.0,1,spikes,unique,1
MC02,Session1,0136,70,MC02s2,136.0,1,spikes,unique,1
MC02,Session1,0167,71,MC02s2,167.0,1,spikes,unique,1
MC02,Session1,0168,72,MC02s2,168.0,1,spikes,unique,1
MC02,Session1,0169,73,MC02s2,169.0,1,spikes,unique,1
MC02,Session1,0217,74,MC02s2,217.0,1,spikes,unique,1
MC02,Session1,0222,75,MC02s2,222.0,1,spikes,unique,1
MC02,Session1,0224,76,MC02s2,224.0,1,spikes,unique,1
MC02,Session1,0226,77,MC02s2,226.0,1,spikes,unique,1
MC02,Session1,0309,78,MC02s2,309.0,1,spikes,unique,1
MC02,Session1,0311,79,MC02s2,311.0,1,spikes,unique,1
MC02,Session1,0239,80,MC02s2,239.0,,blank trial?,unique,1
MC02,Session1,0255,81,MC02s2,255.0,,blank trial?,unique,1
MC03,Session1,0021,83,MC03s1s2,21.0,,blank trial?,unique,1
MC03,Session1,0047,84,MC03s1s2,47.0,,blank trial?,unique,1
MC03,Session1,0061,85,MC03s1s2,61.0,,blank trial?,unique,1
MC03,Session1,0119,86,MC03s1s2,119.0,,blank trial?,unique,1
MC03,Session1,0181,87,MC03s1s2,181.0,,blank trial?,unique,1
MC03,Session1,0182,88,MC03s1s2,182.0,,blank trial?,unique,1
MC03,Session1,0321,89,MC03s1s2,321.0,,blank trial?,unique,1
MC03,Session1,0472,90,MC03s1s2,472.0,,blank trial?,unique,1
MC03,Session1,0544,91,MC03s1s2,544.0,9,large spike,unique,1
MC03,Session1,0548,92,MC03s1s2,548.0,9,large spike,unique,1
MC03,Session1,0550,93,MC03s1s2,550.0,9,large spike,unique,1
MC03,Session1,0552,94,MC03s1s2,552.0,,blank trial?,unique,1
MC03,Session1,0563,95,MC03s1s2,563.0,9,large spike,unique,1
FC01,Session1,0001,97,FC01,all trials,10,spikes,speaker_wide_single_session,1
FC01,Session1,0002,97,FC01,all trials,10,spikes,speaker_wide_single_session,1
FC01,Session1,0003,97,FC01,all trials,10,spikes,speaker_wide_single_session,1
FC01,Session1,0004,97,FC01,all trials,10,spikes,speaker_wide_single_session,1
FC01,Session1,0005,97,FC01,all trials,10,spikes,speaker_wide_single_session,1
FC01,Session1,0006,97,FC01,all trials,10,spikes,speaker_wide_single_session,1
FC01,Session1,0007,97,FC01,all trials,10,spikes,speaker_wide_single_session,1
FC01,Session1,0008,97,FC01,all trials,10,spikes,speaker_wide_single_session,1
FC01,Session1,0009,97,FC01,all trials,10,spikes,speaker_wide_single_session,1
FC01,Session1,0010,97,FC01,all trials,10,spikes,speaker_wide_single_session,1
FC01,Session1,0011,97,FC01,all trials,10,spikes,speaker_wide_single_session,1
FC01,Session1,0012,97,FC01,all trials,10,spikes,speaker_wide_single_session,1
FC01,Session1,0013,97,FC01,all trials,10,spikes,speaker_wide_single_session,1
FC01,Session1,0014,97,FC01,all trials,10,spikes,speaker_wide_single_session,1
FC01,Session1,0015,97,FC01,all trials,10,spikes,speaker_wide_single_session,1
FC01,Session1,0016,97,FC01,all trials,10,spikes,speaker_wide_single_session,1
FC01,Session1,0017,97,FC01,all trials,10,spikes,speaker_wide_single_session,1
FC01,Session1,0018,97,FC01,all trials,10,spikes,speaker_wide_single_session,1
FC01,Session1,0019,97,FC01,all trials,10,spikes,speaker_wide_single_session,1
FC01,Session1,0020,97,FC01,all trials,10,spikes,speaker_wide_single_session,1
FC01,Session1,0021,97,FC01,all trials,10,spikes,speaker_wide_single_session,1
FC01,Session1,0022,97,FC01,all trials,10,spikes,speaker_wide_single_session,1
FC01,Session1,0023,97,FC01,all trials,10,spikes,speaker_wide_single_session,1
FC01,Session1,0024,97,FC01,all trials,10,spikes,speaker_wide_single_session,1
FC01,Session1,0025,97,FC01,all trials,10,spikes,speaker_wide_single_session,1
FC01,Session1,0026,97,FC01,all trials,10,spikes,speaker_wide_single_session,1
FC01,Session1,0027,97,FC01,all trials,10,spikes,speaker_wide_single_session,1
FC01,Session1,0028,97,FC01,all trials,10,spikes,speaker_wide_single_session,1
FC01,Session1,0029,97,FC01,all trials,10,spikes,speaker_wide_single_session,1
FC01,Session1,0030,97,FC01,all trials,10,spikes,speaker_wide_single_session,1
FC01,Session1,0031,97,FC01,all trials,10,spikes,speaker_wide_single_session,1
FC01,Session1,0032,97,FC01,all trials,10,spikes,speaker_wide_single_session,1
FC01,Session1,0033,97,FC01,all trials,10,spikes,speaker_wide_single_session,1
FC01,Session1,0034,97,FC01,all trials,10,spikes,speaker_wide_single_session,1
FC01,Session1,0035,97,FC01,all trials,10,spikes,speaker_wide_single_session,1
FC01,Session1,0036,97,FC01,all trials,10,spikes,speaker_wide_single_session,1
FC01,Session1,0037,97,FC01,all trials,10,spikes,speaker_wide_single_session,1
FC01,Session1,0038,97,FC01,all trials,10,spikes,speaker_wide_single_session,1
FC01,Session1,0039,97,FC01,all trials,10,spikes,speaker_wide_single_session,1
FC01,Session1,0040,97,FC01,all trials,10,spikes,speaker_wide_single_session,1
FC01,Session1,0041,97,FC01,all trials,10,spikes,speaker_wide_single_session,1
FC01,Session1,0042,97,FC01,all trials,10,spikes,speaker_wide_single_session,1
FC01,Session1,0043,97,FC01,all trials,10,spikes,speaker_wide_single_session,1
FC01,Session1,0044,97,FC01,all trials,10,spikes,speaker_wide_single_session,1
FC01,Session1,0045,97,FC01,all trials,10,spikes,speaker_wide_single_session,1
FC01,Session1,0046,97,FC01,all trials,10,spikes,speaker_wide_single_session,1
FC01,Session1,0047,97,FC01,all trials,10,spikes,speaker_wide_single_session,1
FC01,Session1,0048,97,FC01,all trials,10,spikes,speaker_wide_single_session,1
FC01,Session1,0049,97,FC01,all trials,10,spikes,speaker_wide_single_session,1
FC01,Session1,0050,97,FC01,all trials,10,spikes,speaker_wide_single_session,1
FC01,Session1,0051,97,FC01,all trials,10,spikes,speaker_wide_single_session,1
FC01,Session1,0052,97,FC01,all trials,10,spikes,speaker_wide_single_session,1
FC01,Session1,0053,97,FC01,all trials,10,spikes,speaker_wide_single_session,1
FC01,Session1,0054,97,FC01,all trials,10,spikes,speaker_wide_single_session,1
FC01,Session1,0055,97,FC01,all trials,10,spikes,speaker_wide_single_session,1
FC01,Session1,0056,97,FC01,all trials,10,spikes,speaker_wide_single_session,1
FC01,Session1,0057,97,FC01,all trials,10,spikes,speaker_wide_single_session,1
FC01,Session1,0058,97,FC01,all trials,10,spikes,speaker_wide_single_session,1
FC01,Session1,0059,97,FC01,all trials,10,spikes,speaker_wide_single_session,1
FC01,Session1,0060,97,FC01,all trials,10,spikes,speaker_wide_single_session,1
FC01,Session1,0061,97,FC01,all trials,10,spikes,speaker_wide_single_session,1
FC01,Session1,0062,97,FC01,all trials,10,spikes,speaker_wide_single_session,1
FC01,Session1,0063,97,FC01,all trials,10,spikes,speaker_wide_single_session,1
FC01,Session1,0064,97,FC01,all trials,10,spikes,speaker_wide_single_session,1
FC01,Session1,0065,97,FC01,all trials,10,spikes,speaker_wide_single_session,1
FC01,Session1,0066,97,FC01,all trials,10,spikes,speaker_wide_single_session,1
FC01,Session1,0067,97,FC01,all trials,10,spikes,speaker_wide_single_session,1
FC01,Session1,0068,97,FC01,all trials,10,spikes,speaker_wide_single_session,1
FC01,Session1,0069,97,FC01,all trials,10,spikes,speaker_wide_single_session,1
FC01,Session1,0070,97,FC01,all trials,10,spikes,speaker_wide_single_session,1
FC01,Session1,0071,97,FC01,all trials,10,spikes,speaker_wide_single_session,1
FC01,Session1,0072,97,FC01,all trials,10,spikes,speaker_wide_single_session,1
FC01,Session1,0073,97,FC01,all trials,10,spikes,speaker_wide_single_session,1
FC01,Session1,0074,97,FC01,all trials,10,spikes,speaker_wide_single_session,1
FC01,Session1,0075,97,FC01,all trials,10,spikes,speaker_wide_single_session,1
FC01,Session1,0076,97,FC01,all trials,10,spikes,speaker_wide_single_session,1
FC01,Session1,0077,97,FC01,all trials,10,spikes,speaker_wide_single_session,1
FC01,Session1,0078,97,FC01,all trials,10,spikes,speaker_wide_single_session,1
FC01,Session1,0079,97,FC01,all trials,10,spikes,speaker_wide_single_session,1
FC01,Session1,0080,97,FC01,all trials,10,spikes,speaker_wide_single_session,1
FC01,Session1,0081,97,FC01,all trials,10,spikes,speaker_wide_single_session,1
FC01,Session1,0082,97,FC01,all trials,10,spikes,speaker_wide_single_session,1
FC01,Session1,0083,97,FC01,all trials,10,spikes,speaker_wide_single_session,1
FC01,Session1,0084,97,FC01,all trials,10,spikes,speaker_wide_single_session,1
FC01,Session1,0085,97,FC01,all trials,10,spikes,speaker_wide_single_session,1
FC01,Session1,0086,97,FC01,all trials,10,spikes,speaker_wide_single_session,1
FC01,Session1,0087,97,FC01,all trials,10,spikes,speaker_wide_single_session,1
FC01,Session1,0088,97,FC01,all trials,10,spikes,speaker_wide_single_session,1
FC01,Session1,0089,97,FC01,all trials,10,spikes,speaker_wide_single_session,1
FC01,Session1,0090,97,FC01,all trials,10,spikes,speaker_wide_single_session,1
FC01,Session1,0091,97,FC01,all trials,10,spikes,speaker_wide_single_session,1
FC01,Session1,0092,97,FC01,all trials,10,spikes,speaker_wide_single_session,1
FC01,Session1,0093,97,FC01,all trials,10,spikes,speaker_wide_single_session,1
FC01,Session1,0094,97,FC01,all trials,10,spikes,speaker_wide_single_session,1
FC01,Session1,0095,97,FC01,all trials,10,spikes,speaker_wide_single_session,1
FC01,Session1,0096,97,FC01,all trials,10,spikes,speaker_wide_single_session,1
FC01,Session1,0097,97,FC01,all trials,10,spikes,speaker_wide_single_session,1
FC01,Session1,0098,97,FC01,all trials,10,spikes,speaker_wide_single_session,1
FC01,Session1,0099,97,FC01,all trials,10,spikes,speaker_wide_single_session,1
FC01,Session1,0100,97,FC01,all trials,10,spikes,speaker_wide_single_session,1
FC01,Session1,0101,97,FC01,all trials,10,spikes,speaker_wide_single_session,1
FC01,Session1,0102,97,FC01,all trials,10,spikes,speaker_wide_single_session,1
FC01,Session1,0103,97,FC01,all trials,10,spikes,speaker_wide_single_session,1
FC01,Session1,0104,97,FC01,all trials,10,spikes,speaker_wide_single_session,1
FC01,Session1,0105,97,FC01,all trials,10,spikes,speaker_wide_single_session,1
FC01,Session1,0106,97,FC01,all trials,10,spikes,speaker_wide_single_session,1
FC01,Session1,0107,97,FC01,all trials,10,spikes,speaker_wide_single_session,1
FC01,Session1,0108,97,FC01,all trials,10,spikes,speaker_wide_single_session,1
FC01,Session1,0109,97,FC01,all trials,10,spikes,speaker_wide_single_session,1
FC01,Session1,0110,97,FC01,all trials,10,spikes,speaker_wide_single_session,1
FC01,Session1,0111,97,FC01,all trials,10,spikes,speaker_wide_single_session,1
FC01,Session1,0112,97,FC01,all trials,10,spikes,speaker_wide_single_session,1
FC01,Session1,0113,97,FC01,all trials,10,spikes,speaker_wide_single_session,1
FC01,Session1,0114,97,FC01,all trials,10,spikes,speaker_wide_single_session,1
FC01,Session1,0115,97,FC01,all trials,10,spikes,speaker_wide_single_session,1
FC01,Session1,0116,97,FC01,all trials,10,spikes,speaker_wide_single_session,1
FC01,Session1,0117,97,FC01,all trials,10,spikes,speaker_wide_single_session,1
FC01,Session1,0118,97,FC01,all trials,10,spikes,speaker_wide_single_session,1
FC01,Session1,0119,97,FC01,all trials,10,spikes,speaker_wide_single_session,1
FC01,Session1,0120,97,FC01,all trials,10,spikes,speaker_wide_single_session,1
FC01,Session1,0121,97,FC01,all trials,10,spikes,speaker_wide_single_session,1
FC01,Session1,0122,97,FC01,all trials,10,spikes,speaker_wide_single_session,1
FC01,Session1,0123,97,FC01,all trials,10,spikes,speaker_wide_single_session,1
FC01,Session1,0124,97,FC01,all trials,10,spikes,speaker_wide_single_session,1
FC01,Session1,0125,97,FC01,all trials,10,spikes,speaker_wide_single_session,1
FC01,Session1,0126,97,FC01,all trials,10,spikes,speaker_wide_single_session,1
FC01,Session1,0127,97,FC01,all trials,10,spikes,speaker_wide_single_session,1
FC01,Session1,0128,97,FC01,all trials,10,spikes,speaker_wide_single_session,1
FC01,Session1,0129,97,FC01,all trials,10,spikes,speaker_wide_single_session,1
FC01,Session1,0130,97,FC01,all trials,10,spikes,speaker_wide_single_session,1
FC01,Session1,0131,97,FC01,all trials,10,spikes,speaker_wide_single_session,1
FC01,Session1,0132,97,FC01,all trials,10,spikes,speaker_wide_single_session,1
FC01,Session1,0133,97,FC01,all trials,10,spikes,speaker_wide_single_session,1
FC01,Session1,0134,97,FC01,all trials,10,spikes,speaker_wide_single_session,1
FC01,Session1,0135,97,FC01,all trials,10,spikes,speaker_wide_single_session,1
FC01,Session1,0136,97,FC01,all trials,10,spikes,speaker_wide_single_session,1
FC01,Session1,0137,97,FC01,all trials,10,spikes,speaker_wide_single_session,1
FC01,Session1,0138,97,FC01,all trials,10,spikes,speaker_wide_single_session,1
FC01,Session1,0139,97,FC01,all trials,10,spikes,speaker_wide_single_session,1
FC01,Session1,0140,97,FC01,all trials,10,spikes,speaker_wide_single_session,1
FC01,Session1,0141,97,FC01,all trials,10,spikes,speaker_wide_single_session,1
FC01,Session1,0142,97,FC01,all trials,10,spikes,speaker_wide_single_session,1
FC01,Session1,0143,97,FC01,all trials,10,spikes,speaker_wide_single_session,1
FC01,Session1,0144,97,FC01,all trials,10,spikes,speaker_wide_single_session,1
FC01,Session1,0145,97,FC01,all trials,10,spikes,speaker_wide_single_session,1
FC01,Session1,0146,97,FC01,all trials,10,spikes,speaker_wide_single_session,1
FC01,Session1,0147,97,FC01,all trials,10,spikes,speaker_wide_single_session,1
FC01,Session1,0148,97,FC01,all trials,10,spikes,speaker_wide_single_session,1
FC01,Session1,0149,97,FC01,all trials,10,spikes,speaker_wide_single_session,1
FC01,Session1,0150,97,FC01,all trials,10,spikes,speaker_wide_single_session,1
FC01,Session1,0151,97,FC01,all trials,10,spikes,speaker_wide_single_session,1
FC01,Session1,0152,97,FC01,all trials,10,spikes,speaker_wide_single_session,1
FC01,Session1,0153,97,FC01,all trials,10,spikes,speaker_wide_single_session,1
FC01,Session1,0154,97,FC01,all trials,10,spikes,speaker_wide_single_session,1
FC01,Session1,0155,97,FC01,all trials,10,spikes,speaker_wide_single_session,1
FC01,Session1,0156,97,FC01,all trials,10,spikes,speaker_wide_single_session,1
FC01,Session1,0157,97,FC01,all trials,10,spikes,speaker_wide_single_session,1
FC01,Session1,0158,97,FC01,all trials,10,spikes,speaker_wide_single_session,1
FC01,Session1,0159,97,FC01,all trials,10,spikes,speaker_wide_single_session,1
FC01,Session1,0160,97,FC01,all trials,10,spikes,speaker_wide_single_session,1
FC01,Session1,0161,97,FC01,all trials,10,spikes,speaker_wide_single_session,1
FC01,Session1,0162,97,FC01,all trials,10,spikes,speaker_wide_single_session,1
FC01,Session1,0163,97,FC01,all trials,10,spikes,speaker_wide_single_session,1
FC01,Session1,0164,97,FC01,all trials,10,spikes,speaker_wide_single_session,1
FC01,Session1,0059,98,FC01,59.0,,blank trial,unique,1
FC01,Session1,0103,99,FC01,103.0,9,large spike,unique,1
FC01,Session1,0151,100,FC01,151.0,9,large spike,unique,1
FC01,Session1,0001,109,FC01s2,1.0,7,trial starts late,unique,1
FC01,Session1,0050,110,FC01s2,50.0,9,large movement,unique,1
FC01,Session1,0053,111,FC01s2,53.0,,blank trial,unique,1
FC01,Session1,0001,116,FC01s2,all trials,10,coil acting strange,speaker_wide_single_session,1
FC01,Session1,0002,116,FC01s2,all trials,10,coil acting strange,speaker_wide_single_session,1
FC01,Session1,0003,116,FC01s2,all trials,10,coil acting strange,speaker_wide_single_session,1
FC01,Session1,0004,116,FC01s2,all trials,10,coil acting strange,speaker_wide_single_session,1
FC01,Session1,0005,116,FC01s2,all trials,10,coil acting strange,speaker_wide_single_session,1
FC01,Session1,0006,116,FC01s2,all trials,10,coil acting strange,speaker_wide_single_session,1
FC01,Session1,0007,116,FC01s2,all trials,10,coil acting strange,speaker_wide_single_session,1
FC01,Session1,0008,116,FC01s2,all trials,10,coil acting strange,speaker_wide_single_session,1
FC01,Session1,0009,116,FC01s2,all trials,10,coil acting strange,speaker_wide_single_session,1
FC01,Session1,0010,116,FC01s2,all trials,10,coil acting strange,speaker_wide_single_session,1
FC01,Session1,0011,116,FC01s2,all trials,10,coil acting strange,speaker_wide_single_session,1
FC01,Session1,0012,116,FC01s2,all trials,10,coil acting strange,speaker_wide_single_session,1
FC01,Session1,0013,116,FC01s2,all trials,10,coil acting strange,speaker_wide_single_session,1
FC01,Session1,0014,116,FC01s2,all trials,10,coil acting strange,speaker_wide_single_session,1
FC01,Session1,0015,116,FC01s2,all trials,10,coil acting strange,speaker_wide_single_session,1
FC01,Session1,0016,116,FC01s2,all trials,10,coil acting strange,speaker_wide_single_session,1
FC01,Session1,0017,116,FC01s2,all trials,10,coil acting strange,speaker_wide_single_session,1
FC01,Session1,0018,116,FC01s2,all trials,10,coil acting strange,speaker_wide_single_session,1
FC01,Session1,0019,116,FC01s2,all trials,10,coil acting strange,speaker_wide_single_session,1
FC01,Session1,0020,116,FC01s2,all trials,10,coil acting strange,speaker_wide_single_session,1
FC01,Session1,0021,116,FC01s2,all trials,10,coil acting strange,speaker_wide_single_session,1
FC01,Session1,0022,116,FC01s2,all trials,10,coil acting strange,speaker_wide_single_session,1
FC01,Session1,0023,116,FC01s2,all trials,10,coil acting strange,speaker_wide_single_session,1
FC01,Session1,0024,116,FC01s2,all trials,10,coil acting strange,speaker_wide_single_session,1
FC01,Session1,0025,116,FC01s2,all trials,10,coil acting strange,speaker_wide_single_session,1
FC01,Session1,0026,116,FC01s2,all trials,10,coil acting strange,speaker_wide_single_session,1
FC01,Session1,0027,116,FC01s2,all trials,10,coil acting strange,speaker_wide_single_session,1
FC01,Session1,0028,116,FC01s2,all trials,10,coil acting strange,speaker_wide_single_session,1
FC01,Session1,0029,116,FC01s2,all trials,10,coil acting strange,speaker_wide_single_session,1
FC01,Session1,0030,116,FC01s2,all trials,10,coil acting strange,speaker_wide_single_session,1
FC01,Session1,0031,116,FC01s2,all trials,10,coil acting strange,speaker_wide_single_session,1
FC01,Session1,0032,116,FC01s2,all trials,10,coil acting strange,speaker_wide_single_session,1
FC01,Session1,0033,116,FC01s2,all trials,10,coil acting strange,speaker_wide_single_session,1
FC01,Session1,0034,116,FC01s2,all trials,10,coil acting strange,speaker_wide_single_session,1
FC01,Session1,0035,116,FC01s2,all trials,10,coil acting strange,speaker_wide_single_session,1
FC01,Session1,0036,116,FC01s2,all trials,10,coil acting strange,speaker_wide_single_session,1
FC01,Session1,0037,116,FC01s2,all trials,10,coil acting strange,speaker_wide_single_session,1
FC01,Session1,0038,116,FC01s2,all trials,10,coil acting strange,speaker_wide_single_session,1
FC01,Session1,0039,116,FC01s2,all trials,10,coil acting strange,speaker_wide_single_session,1
FC01,Session1,0040,116,FC01s2,all trials,10,coil acting strange,speaker_wide_single_session,1
FC01,Session1,0041,116,FC01s2,all trials,10,coil acting strange,speaker_wide_single_session,1
FC01,Session1,0042,116,FC01s2,all trials,10,coil acting strange,speaker_wide_single_session,1
FC01,Session1,0043,116,FC01s2,all trials,10,coil acting strange,speaker_wide_single_session,1
FC01,Session1,0044,116,FC01s2,all trials,10,coil acting strange,speaker_wide_single_session,1
FC01,Session1,0045,116,FC01s2,all trials,10,coil acting strange,speaker_wide_single_session,1
FC01,Session1,0046,116,FC01s2,all trials,10,coil acting strange,speaker_wide_single_session,1
FC01,Session1,0047,116,FC01s2,all trials,10,coil acting strange,speaker_wide_single_session,1
FC01,Session1,0048,116,FC01s2,all trials,10,coil acting strange,speaker_wide_single_session,1
FC01,Session1,0049,116,FC01s2,all trials,10,coil acting strange,speaker_wide_single_session,1
FC01,Session1,0050,116,FC01s2,all trials,10,coil acting strange,speaker_wide_single_session,1
FC01,Session1,0051,116,FC01s2,all trials,10,coil acting strange,speaker_wide_single_session,1
FC01,Session1,0052,116,FC01s2,all trials,10,coil acting strange,speaker_wide_single_session,1
FC01,Session1,0053,116,FC01s2,all trials,10,coil acting strange,speaker_wide_single_session,1
FC01,Session1,0054,116,FC01s2,all trials,10,coil acting strange,speaker_wide_single_session,1
FC01,Session1,0055,116,FC01s2,all trials,10,coil acting strange,speaker_wide_single_session,1
FC01,Session1,0056,116,FC01s2,all trials,10,coil acting strange,speaker_wide_single_session,1
FC01,Session1,0057,116,FC01s2,all trials,10,coil acting strange,speaker_wide_single_session,1
FC01,Session1,0058,116,FC01s2,all trials,10,coil acting strange,speaker_wide_single_session,1
FC01,Session1,0059,116,FC01s2,all trials,10,coil acting strange,speaker_wide_single_session,1
FC01,Session1,0060,116,FC01s2,all trials,10,coil acting strange,speaker_wide_single_session,1
FC01,Session1,0061,116,FC01s2,all trials,10,coil acting strange,speaker_wide_single_session,1
FC01,Session1,0062,116,FC01s2,all trials,10,coil acting strange,speaker_wide_single_session,1
FC01,Session1,0063,116,FC01s2,all trials,10,coil acting strange,speaker_wide_single_session,1
FC01,Session1,0064,116,FC01s2,all trials,10,coil acting strange,speaker_wide_single_session,1
FC01,Session1,0065,116,FC01s2,all trials,10,coil acting strange,speaker_wide_single_session,1
FC01,Session1,0066,116,FC01s2,all trials,10,coil acting strange,speaker_wide_single_session,1
FC01,Session1,0067,116,FC01s2,all trials,10,coil acting strange,speaker_wide_single_session,1
FC01,Session1,0068,116,FC01s2,all trials,10,coil acting strange,speaker_wide_single_session,1
FC01,Session1,0069,116,FC01s2,all trials,10,coil acting strange,speaker_wide_single_session,1
FC01,Session1,0070,116,FC01s2,all trials,10,coil acting strange,speaker_wide_single_session,1
FC01,Session1,0071,116,FC01s2,all trials,10,coil acting strange,speaker_wide_single_session,1
FC01,Session1,0072,116,FC01s2,all trials,10,coil acting strange,speaker_wide_single_session,1
FC01,Session1,0073,116,FC01s2,all trials,10,coil acting strange,speaker_wide_single_session,1
FC01,Session1,0074,116,FC01s2,all trials,10,coil acting strange,speaker_wide_single_session,1
FC01,Session1,0075,116,FC01s2,all trials,10,coil acting strange,speaker_wide_single_session,1
FC01,Session1,0076,116,FC01s2,all trials,10,coil acting strange,speaker_wide_single_session,1
FC01,Session1,0077,116,FC01s2,all trials,10,coil acting strange,speaker_wide_single_session,1
FC01,Session1,0078,116,FC01s2,all trials,10,coil acting strange,speaker_wide_single_session,1
FC01,Session1,0079,116,FC01s2,all trials,10,coil acting strange,speaker_wide_single_session,1
FC01,Session1,0080,116,FC01s2,all trials,10,coil acting strange,speaker_wide_single_session,1
FC01,Session1,0081,116,FC01s2,all trials,10,coil acting strange,speaker_wide_single_session,1
FC01,Session1,0082,116,FC01s2,all trials,10,coil acting strange,speaker_wide_single_session,1
FC01,Session1,0083,116,FC01s2,all trials,10,coil acting strange,speaker_wide_single_session,1
FC01,Session1,0084,116,FC01s2,all trials,10,coil acting strange,speaker_wide_single_session,1
FC01,Session1,0085,116,FC01s2,all trials,10,coil acting strange,speaker_wide_single_session,1
FC01,Session1,0086,116,FC01s2,all trials,10,coil acting strange,speaker_wide_single_session,1
FC01,Session1,0087,116,FC01s2,all trials,10,coil acting strange,speaker_wide_single_session,1
FC01,Session1,0088,116,FC01s2,all trials,10,coil acting strange,speaker_wide_single_session,1
FC01,Session1,0089,116,FC01s2,all trials,10,coil acting strange,speaker_wide_single_session,1
FC01,Session1,0090,116,FC01s2,all trials,10,coil acting strange,speaker_wide_single_session,1
FC01,Session1,0091,116,FC01s2,all trials,10,coil acting strange,speaker_wide_single_session,1
FC01,Session1,0092,116,FC01s2,all trials,10,coil acting strange,speaker_wide_single_session,1
FC01,Session1,0093,116,FC01s2,all trials,10,coil acting strange,speaker_wide_single_session,1
FC01,Session1,0094,116,FC01s2,all trials,10,coil acting strange,speaker_wide_single_session,1
FC01,Session1,0095,116,FC01s2,all trials,10,coil acting strange,speaker_wide_single_session,1
FC01,Session1,0096,116,FC01s2,all trials,10,coil acting strange,speaker_wide_single_session,1
FC01,Session1,0097,116,FC01s2,all trials,10,coil acting strange,speaker_wide_single_session,1
FC01,Session1,0098,116,FC01s2,all trials,10,coil acting strange,speaker_wide_single_session,1
FC01,Session1,0099,116,FC01s2,all trials,10,coil acting strange,speaker_wide_single_session,1
FC01,Session1,0100,116,FC01s2,all trials,10,coil acting strange,speaker_wide_single_session,1
FC01,Session1,0101,116,FC01s2,all trials,10,coil acting strange,speaker_wide_single_session,1
FC01,Session1,0102,116,FC01s2,all trials,10,coil acting strange,speaker_wide_single_session,1
FC01,Session1,0103,116,FC01s2,all trials,10,coil acting strange,speaker_wide_single_session,1
FC01,Session1,0104,116,FC01s2,all trials,10,coil acting strange,speaker_wide_single_session,1
FC01,Session1,0105,116,FC01s2,all trials,10,coil acting strange,speaker_wide_single_session,1
FC01,Session1,0106,116,FC01s2,all trials,10,coil acting strange,speaker_wide_single_session,1
FC01,Session1,0107,116,FC01s2,all trials,10,coil acting strange,speaker_wide_single_session,1
FC01,Session1,0108,116,FC01s2,all trials,10,coil acting strange,speaker_wide_single_session,1
FC01,Session1,0109,116,FC01s2,all trials,10,coil acting strange,speaker_wide_single_session,1
FC01,Session1,0110,116,FC01s2,all trials,10,coil acting strange,speaker_wide_single_session,1
FC01,Session1,0111,116,FC01s2,all trials,10,coil acting strange,speaker_wide_single_session,1
FC01,Session1,0112,116,FC01s2,all trials,10,coil acting strange,speaker_wide_single_session,1
FC01,Session1,0113,116,FC01s2,all trials,10,coil acting strange,speaker_wide_single_session,1
FC01,Session1,0114,116,FC01s2,all trials,10,coil acting strange,speaker_wide_single_session,1
FC01,Session1,0115,116,FC01s2,all trials,10,coil acting strange,speaker_wide_single_session,1
FC01,Session1,0116,116,FC01s2,all trials,10,coil acting strange,speaker_wide_single_session,1
FC01,Session1,0117,116,FC01s2,all trials,10,coil acting strange,speaker_wide_single_session,1
FC01,Session1,0118,116,FC01s2,all trials,10,coil acting strange,speaker_wide_single_session,1
FC01,Session1,0119,116,FC01s2,all trials,10,coil acting strange,speaker_wide_single_session,1
FC01,Session1,0120,116,FC01s2,all trials,10,coil acting strange,speaker_wide_single_session,1
FC01,Session1,0121,116,FC01s2,all trials,10,coil acting strange,speaker_wide_single_session,1
FC01,Session1,0122,116,FC01s2,all trials,10,coil acting strange,speaker_wide_single_session,1
FC01,Session1,0123,116,FC01s2,all trials,10,coil acting strange,speaker_wide_single_session,1
FC01,Session1,0124,116,FC01s2,all trials,10,coil acting strange,speaker_wide_single_session,1
FC01,Session1,0125,116,FC01s2,all trials,10,coil acting strange,speaker_wide_single_session,1
FC01,Session1,0126,116,FC01s2,all trials,10,coil acting strange,speaker_wide_single_session,1
FC01,Session1,0127,116,FC01s2,all trials,10,coil acting strange,speaker_wide_single_session,1
FC01,Session1,0128,116,FC01s2,all trials,10,coil acting strange,speaker_wide_single_session,1
FC01,Session1,0129,116,FC01s2,all trials,10,coil acting strange,speaker_wide_single_session,1
FC01,Session1,0130,116,FC01s2,all trials,10,coil acting strange,speaker_wide_single_session,1
FC01,Session1,0131,116,FC01s2,all trials,10,coil acting strange,speaker_wide_single_session,1
FC01,Session1,0132,116,FC01s2,all trials,10,coil acting strange,speaker_wide_single_session,1
FC01,Session1,0133,116,FC01s2,all trials,10,coil acting strange,speaker_wide_single_session,1
FC01,Session1,0134,116,FC01s2,all trials,10,coil acting strange,speaker_wide_single_session,1
FC01,Session1,0135,116,FC01s2,all trials,10,coil acting strange,speaker_wide_single_session,1
FC01,Session1,0136,116,FC01s2,all trials,10,coil acting strange,speaker_wide_single_session,1
FC01,Session1,0137,116,FC01s2,all trials,10,coil acting strange,speaker_wide_single_session,1
FC01,Session1,0138,116,FC01s2,all trials,10,coil acting strange,speaker_wide_single_session,1
FC01,Session1,0139,116,FC01s2,all trials,10,coil acting strange,speaker_wide_single_session,1
FC01,Session1,0140,116,FC01s2,all trials,10,coil acting strange,speaker_wide_single_session,1
FC01,Session1,0141,116,FC01s2,all trials,10,coil acting strange,speaker_wide_single_session,1
FC01,Session1,0142,116,FC01s2,all trials,10,coil acting strange,speaker_wide_single_session,1
FC01,Session1,0143,116,FC01s2,all trials,10,coil acting strange,speaker_wide_single_session,1
FC01,Session1,0144,116,FC01s2,all trials,10,coil acting strange,speaker_wide_single_session,1
FC01,Session1,0145,116,FC01s2,all trials,10,coil acting strange,speaker_wide_single_session,1
FC01,Session1,0146,116,FC01s2,all trials,10,coil acting strange,speaker_wide_single_session,1
FC01,Session1,0147,116,FC01s2,all trials,10,coil acting strange,speaker_wide_single_session,1
FC01,Session1,0148,116,FC01s2,all trials,10,coil acting strange,speaker_wide_single_session,1
FC01,Session1,0149,116,FC01s2,all trials,10,coil acting strange,speaker_wide_single_session,1
FC01,Session1,0150,116,FC01s2,all trials,10,coil acting strange,speaker_wide_single_session,1
FC01,Session1,0151,116,FC01s2,all trials,10,coil acting strange,speaker_wide_single_session,1
FC01,Session1,0152,116,FC01s2,all trials,10,coil acting strange,speaker_wide_single_session,1
FC01,Session1,0153,116,FC01s2,all trials,10,coil acting strange,speaker_wide_single_session,1
FC01,Session1,0154,116,FC01s2,all trials,10,coil acting strange,speaker_wide_single_session,1
FC01,Session1,0155,116,FC01s2,all trials,10,coil acting strange,speaker_wide_single_session,1
FC01,Session1,0156,116,FC01s2,all trials,10,coil acting strange,speaker_wide_single_session,1
FC01,Session1,0157,116,FC01s2,all trials,10,coil acting strange,speaker_wide_single_session,1
FC01,Session1,0158,116,FC01s2,all trials,10,coil acting strange,speaker_wide_single_session,1
FC01,Session1,0159,116,FC01s2,all trials,10,coil acting strange,speaker_wide_single_session,1
FC01,Session1,0160,116,FC01s2,all trials,10,coil acting strange,speaker_wide_single_session,1
FC01,Session1,0161,116,FC01s2,all trials,10,coil acting strange,speaker_wide_single_session,1
FC01,Session1,0162,116,FC01s2,all trials,10,coil acting strange,speaker_wide_single_session,1
FC01,Session1,0163,116,FC01s2,all trials,10,coil acting strange,speaker_wide_single_session,1
FC01,Session1,0164,116,FC01s2,all trials,10,coil acting strange,speaker_wide_single_session,1
FC02,Session3,0012,118,FC02,12.0,,blank trial,unique,1
FC02,Session3,0017,119,FC02,17.0,1,bad coil,unique,1
FC02,Session3,0023,120,FC02,23.0,,blank trial,unique,1
FC02,Session3,0024,121,FC02,24.0,,blank trial,unique,1
FC02,Session3,0028,122,FC02,28.0,3,large spikes,unique,1
FC02,Session3,0029,123,FC02,29.0,7,artefacts,unique,1
FC02,Session3,0036,124,FC02,36.0,10,large spikes,unique,1
FC02,Session3,0040,125,FC02,40.0,10,large spikes,unique,1
FC02,Session3,0041,126,FC02,41.0,10,spikes,unique,1
FC02,Session3,0042,127,FC02,42.0,7,spikes,unique,1
FC02,Session3,0045,128,FC02,45.0,7,spikes,unique,1
FC02,Session3,0048,129,FC02,48.0,7,spikes,unique,1
FC02,Session3,0049,130,FC02,49.0,10,spikes,unique,1
FC02,Session3,0051,131,FC02,51.0,3,spikes,unique,1
FC02,Session3,0053,132,FC02,53.0,3|1,spikes,unique,1
FC02,Session3,0054,133,FC02,54.0,3|1,spikes,unique,1
FC02,Session3,0055,134,FC02,55.0,3,spikes,unique,1
FC02,Session3,0056,135,FC02,56.0,3|1,spikes,unique,1
FC02,Session3,0057,136,FC02,57.0,3|1,check,unique,1
FC02,Session3,0059,137,FC02,59.0,1|3|5|7,spikes,unique,1
FC02,Session3,0060,138,FC02,60.0,3,spikes,unique,1
FC02,Session3,0061,139,FC02,61.0,1,spikes,unique,1
FC02,Session3,0062,140,FC02,62.0,3,artefacts/spikes,unique,1
FC02,Session3,0066,141,FC02,66.0,3,artefacts/spikes,unique,1
FC02,Session3,0068,142,FC02,68.0,3,artefacts/spikes,unique,1
FC02,Session3,0069,143,FC02,69.0,7|3,artefacts/spikes,unique,1
FC02,Session3,0070,144,FC02,70.0,7|3,artefacts/spikes,unique,1
FC02,Session3,0072,145,FC02,72.0,7,artefacts/spikes,unique,1
FC02,Session3,0074,146,FC02,74.0,3,artefacts/spikes,unique,1
FC02,Session3,0075,147,FC02,75.0,7,artefacts/spikes,unique,1
FC02,Session3,0077,148,FC02,77.0,1,artefacts/spikes,unique,1
FC02,Session3,0078,149,FC02,78.0,2|7|3,artefacts/spikes,unique,1
FC02,Session3,0079,150,FC02,79.0,3,artefacts/spikes,unique,1
FC02,Session3,0091,151,FC02,91.0,1,artefacts/spikes,unique,1
FC02,Session3,0093,152,FC02,93.0,3,artefacts/spikes,unique,1
FC02,Session3,0095,153,FC02,95.0,3,artefacts/spikes,unique,1
FC02,Session3,0096,154,FC02,96.0,1|3,artefacts/spikes,unique,1
FC02,Session3,0098,155,FC02,98.0,3,artefacts/spikes,unique,1
FC02,Session3,0102,156,FC02,102.0,1,artefacts/spikes,unique,1
FC02,Session3,0111,157,FC02,111.0,1,artefacts/spikes,unique,1
FC02,Session3,0114,158,FC02,114.0,3,artefacts/spikes,unique,1
FC02,Session3,0115,159,FC02,115.0,3,artefacts/spikes,unique,1
FC02,Session3,0118,160,FC02,118.0,3,artefacts/spikes,unique,1
FC02,Session3,0121,161,FC02,121.0,1,artefacts/spikes,unique,1
FC02,Session3,0123,162,FC02,123.0,1,artefacts/spikes,unique,1
FC02,Session3,0126,163,FC02,126.0,1,artefacts/spikes,unique,1
FC02,Session3,0130,164,FC02,130.0,1,artefacts/spikes,unique,1
FC02,Session3,0137,165,FC02,137.0,1,artefacts/spikes,unique,1
FC02,Session3,0139,166,FC02,139.0,1,artefacts/spikes,unique,1
FC02,Session3,0141,167,FC02,141.0,1,artefacts/spikes,unique,1
FC02,Session3,0148,168,FC02,148.0,1,artefacts/spikes,unique,1
FC02,Session3,0150,169,FC02,150.0,1,artefacts/spikes,unique,1
FC02,Session3,0152,170,FC02,152.0,1,artefacts/spikes,unique,1
FC02,Session3,0158,171,FC02,158.0,1,artefacts/spikes,unique,1
FC02,Session3,0162,172,FC02,162.0,1,artefacts/spikes,unique,1
FC02,Session3,0165,173,FC02,165.0,1,artefacts/spikes,unique,1
FC02,Session3,0171,174,FC02,171.0,1,artefacts/spikes,unique,1
FC02,Session3,0181,175,FC02,181.0,1,artefacts/spikes,unique,1
FC02,Session3,0191,176,FC02,191.0,1,artefacts/spikes,unique,1
FC02,Session3,0192,177,FC02,192.0,1,artefacts/spikes,unique,1
FC02,Session3,0196,178,FC02,196.0,1,artefacts/spikes,unique,1
FC02,Session3,0197,179,FC02,197.0,1,artefacts/spikes,unique,1
FC02,Session3,0206,180,FC02,206.0,1,artefacts/spikes,unique,1
FC02,Session3,0225,181,FC02,225.0,,blank trial,unique,1
FC02,Session3,0231,182,FC02,231.0,3,artefacts/spikes,unique,1
FC02,Session3,0260,183,FC02,260.0,3,artefacts/spikes,unique,1
FC02,Session3,0001,184,FC02,all trials,10,do not use 10,speaker_wide_single_session,1
FC02,Session3,0002,184,FC02,all trials,10,do not use 10,speaker_wide_single_session,1
FC02,Session3,0003,184,FC02,all trials,10,do not use 10,speaker_wide_single_session,1
FC02,Session3,0004,184,FC02,all trials,10,do not use 10,speaker_wide_single_session,1
FC02,Session3,0005,184,FC02,all trials,10,do not use 10,speaker_wide_single_session,1
FC02,Session3,0006,184,FC02,all trials,10,do not use 10,speaker_wide_single_session,1
FC02,Session3,0007,184,FC02,all trials,10,do not use 10,speaker_wide_single_session,1
FC02,Session3,0008,184,FC02,all trials,10,do not use 10,speaker_wide_single_session,1
FC02,Session3,0009,184,FC02,all trials,10,do not use 10,speaker_wide_single_session,1
FC02,Session3,0010,184,FC02,all trials,10,do not use 10,speaker_wide_single_session,1
FC02,Session3,0011,184,FC02,all trials,10,do not use 10,speaker_wide_single_session,1
FC02,Session3,0012,184,FC02,all trials,10,do not use 10,speaker_wide_single_session,1
FC02,Session3,0013,184,FC02,all trials,10,do not use 10,speaker_wide_single_session,1
FC02,Session3,0014,184,FC02,all trials,10,do not use 10,speaker_wide_single_session,1
FC02,Session3,0015,184,FC02,all trials,10,do not use 10,speaker_wide_single_session,1
FC02,Session3,0016,184,FC02,all trials,10,do not use 10,speaker_wide_single_session,1
FC02,Session3,0017,184,FC02,all trials,10,do not use 10,speaker_wide_single_session,1
FC02,Session3,0018,184,FC02,all trials,10,do not use 10,speaker_wide_single_session,1
FC02,Session3,0019,184,FC02,all trials,10,do not use 10,speaker_wide_single_session,1
FC02,Session3,0020,184,FC02,all trials,10,do not use 10,speaker_wide_single_session,1
FC02,Session3,0021,184,FC02,all trials,10,do not use 10,speaker_wide_single_session,1
FC02,Session3,0022,184,FC02,all trials,10,do not use 10,speaker_wide_single_session,1
FC02,Session3,0023,184,FC02,all trials,10,do not use 10,speaker_wide_single_session,1
FC02,Session3,0024,184,FC02,all trials,10,do not use 10,speaker_wide_single_session,1
FC02,Session3,0025,184,FC02,all trials,10,do not use 10,speaker_wide_single_session,1
FC02,Session3,0026,184,FC02,all trials,10,do not use 10,speaker_wide_single_session,1
FC02,Session3,0027,184,FC02,all trials,10,do not use 10,speaker_wide_single_session,1
FC02,Session3,0028,184,FC02,all trials,10,do not use 10,speaker_wide_single_session,1
FC02,Session3,0029,184,FC02,all trials,10,do not use 10,speaker_wide_single_session,1
FC02,Session3,0030,184,FC02,all trials,10,do not use 10,speaker_wide_single_session,1
FC02,Session3,0031,184,FC02,all trials,10,do not use 10,speaker_wide_single_session,1
FC02,Session3,0032,184,FC02,all trials,10,do not use 10,speaker_wide_single_session,1
FC02,Session3,0033,184,FC02,all trials,10,do not use 10,speaker_wide_single_session,1
FC02,Session3,0034,184,FC02,all trials,10,do not use 10,speaker_wide_single_session,1
FC02,Session3,0035,184,FC02,all trials,10,do not use 10,speaker_wide_single_session,1
FC02,Session3,0036,184,FC02,all trials,10,do not use 10,speaker_wide_single_session,1
FC02,Session3,0037,184,FC02,all trials,10,do not use 10,speaker_wide_single_session,1
FC02,Session3,0038,184,FC02,all trials,10,do not use 10,speaker_wide_single_session,1
FC02,Session3,0039,184,FC02,all trials,10,do not use 10,speaker_wide_single_session,1
FC02,Session3,0040,184,FC02,all trials,10,do not use 10,speaker_wide_single_session,1
FC02,Session3,0041,184,FC02,all trials,10,do not use 10,speaker_wide_single_session,1
FC02,Session3,0042,184,FC02,all trials,10,do not use 10,speaker_wide_single_session,1
FC02,Session3,0043,184,FC02,all trials,10,do not use 10,speaker_wide_single_session,1
FC02,Session3,0044,184,FC02,all trials,10,do not use 10,speaker_wide_single_session,1
FC02,Session3,0045,184,FC02,all trials,10,do not use 10,speaker_wide_single_session,1
FC02,Session3,0046,184,FC02,all trials,10,do not use 10,speaker_wide_single_session,1
FC02,Session3,0047,184,FC02,all trials,10,do not use 10,speaker_wide_single_session,1
FC02,Session3,0048,184,FC02,all trials,10,do not use 10,speaker_wide_single_session,1
FC02,Session3,0049,184,FC02,all trials,10,do not use 10,speaker_wide_single_session,1
FC02,Session3,0050,184,FC02,all trials,10,do not use 10,speaker_wide_single_session,1
FC02,Session3,0051,184,FC02,all trials,10,do not use 10,speaker_wide_single_session,1
FC02,Session3,0052,184,FC02,all trials,10,do not use 10,speaker_wide_single_session,1
FC02,Session3,0053,184,FC02,all trials,10,do not use 10,speaker_wide_single_session,1
FC02,Session3,0054,184,FC02,all trials,10,do not use 10,speaker_wide_single_session,1
FC02,Session3,0055,184,FC02,all trials,10,do not use 10,speaker_wide_single_session,1
FC02,Session3,0056,184,FC02,all trials,10,do not use 10,speaker_wide_single_session,1
FC02,Session3,0057,184,FC02,all trials,10,do not use 10,speaker_wide_single_session,1
FC02,Session3,0058,184,FC02,all trials,10,do not use 10,speaker_wide_single_session,1
FC02,Session3,0059,184,FC02,all trials,10,do not use 10,speaker_wide_single_session,1
FC02,Session3,0060,184,FC02,all trials,10,do not use 10,speaker_wide_single_session,1
FC02,Session3,0061,184,FC02,all trials,10,do not use 10,speaker_wide_single_session,1
FC02,Session3,0062,184,FC02,all trials,10,do not use 10,speaker_wide_single_session,1
FC02,Session3,0063,184,FC02,all trials,10,do not use 10,speaker_wide_single_session,1
FC02,Session3,0064,184,FC02,all trials,10,do not use 10,speaker_wide_single_session,1
FC02,Session3,0065,184,FC02,all trials,10,do not use 10,speaker_wide_single_session,1
FC02,Session3,0066,184,FC02,all trials,10,do not use 10,speaker_wide_single_session,1
FC02,Session3,0067,184,FC02,all trials,10,do not use 10,speaker_wide_single_session,1
FC02,Session3,0068,184,FC02,all trials,10,do not use 10,speaker_wide_single_session,1
FC02,Session3,0069,184,FC02,all trials,10,do not use 10,speaker_wide_single_session,1
FC02,Session3,0070,184,FC02,all trials,10,do not use 10,speaker_wide_single_session,1
FC02,Session3,0071,184,FC02,all trials,10,do not use 10,speaker_wide_single_session,1
FC02,Session3,0072,184,FC02,all trials,10,do not use 10,speaker_wide_single_session,1
FC02,Session3,0073,184,FC02,all trials,10,do not use 10,speaker_wide_single_session,1
FC02,Session3,0074,184,FC02,all trials,10,do not use 10,speaker_wide_single_session,1
FC02,Session3,0075,184,FC02,all trials,10,do not use 10,speaker_wide_single_session,1
FC02,Session3,0076,184,FC02,all trials,10,do not use 10,speaker_wide_single_session,1
FC02,Session3,0077,184,FC02,all trials,10,do not use 10,speaker_wide_single_session,1
FC02,Session3,0078,184,FC02,all trials,10,do not use 10,speaker_wide_single_session,1
FC02,Session3,0079,184,FC02,all trials,10,do not use 10,speaker_wide_single_session,1
FC02,Session3,0080,184,FC02,all trials,10,do not use 10,speaker_wide_single_session,1
FC02,Session3,0081,184,FC02,all trials,10,do not use 10,speaker_wide_single_session,1
FC02,Session3,0082,184,FC02,all trials,10,do not use 10,speaker_wide_single_session,1
FC02,Session3,0083,184,FC02,all trials,10,do not use 10,speaker_wide_single_session,1
FC02,Session3,0084,184,FC02,all trials,10,do not use 10,speaker_wide_single_session,1
FC02,Session3,0085,184,FC02,all trials,10,do not use 10,speaker_wide_single_session,1
FC02,Session3,0086,184,FC02,all trials,10,do not use 10,speaker_wide_single_session,1
FC02,Session3,0087,184,FC02,all trials,10,do not use 10,speaker_wide_single_session,1
FC02,Session3,0088,184,FC02,all trials,10,do not use 10,speaker_wide_single_session,1
FC02,Session3,0089,184,FC02,all trials,10,do not use 10,speaker_wide_single_session,1
FC02,Session3,0090,184,FC02,all trials,10,do not use 10,speaker_wide_single_session,1
FC02,Session3,0091,184,FC02,all trials,10,do not use 10,speaker_wide_single_session,1
FC02,Session3,0092,184,FC02,all trials,10,do not use 10,speaker_wide_single_session,1
FC02,Session3,0093,184,FC02,all trials,10,do not use 10,speaker_wide_single_session,1
FC02,Session3,0094,184,FC02,all trials,10,do not use 10,speaker_wide_single_session,1
FC02,Session3,0095,184,FC02,all trials,10,do not use 10,speaker_wide_single_session,1
FC02,Session3,0096,184,FC02,all trials,10,do not use 10,speaker_wide_single_session,1
FC02,Session3,0097,184,FC02,all trials,10,do not use 10,speaker_wide_single_session,1
FC02,Session3,0098,184,FC02,all trials,10,do not use 10,speaker_wide_single_session,1
FC02,Session3,0099,184,FC02,all trials,10,do not use 10,speaker_wide_single_session,1
FC02,Session3,0100,184,FC02,all trials,10,do not use 10,speaker_wide_single_session,1
FC02,Session3,0101,184,FC02,all trials,10,do not use 10,speaker_wide_single_session,1
FC02,Session3,0102,184,FC02,all trials,10,do not use 10,speaker_wide_single_session,1
FC02,Session3,0103,184,FC02,all trials,10,do not use 10,speaker_wide_single_session,1
FC02,Session3,0104,184,FC02,all trials,10,do not use 10,speaker_wide_single_session,1
FC02,Session3,0105,184,FC02,all trials,10,do not use 10,speaker_wide_single_session,1
FC02,Session3,0106,184,FC02,all trials,10,do not use 10,speaker_wide_single_session,1
FC02,Session3,0107,184,FC02,all trials,10,do not use 10,speaker_wide_single_session,1
FC02,Session3,0108,184,FC02,all trials,10,do not use 10,speaker_wide_single_session,1
FC02,Session3,0109,184,FC02,all trials,10,do not use 10,speaker_wide_single_session,1
FC02,Session3,0110,184,FC02,all trials,10,do not use 10,speaker_wide_single_session,1
FC02,Session3,0111,184,FC02,all trials,10,do not use 10,speaker_wide_single_session,1
FC02,Session3,0112,184,FC02,all trials,10,do not use 10,speaker_wide_single_session,1
FC02,Session3,0113,184,FC02,all trials,10,do not use 10,speaker_wide_single_session,1
FC02,Session3,0114,184,FC02,all trials,10,do not use 10,speaker_wide_single_session,1
FC02,Session3,0115,184,FC02,all trials,10,do not use 10,speaker_wide_single_session,1
FC02,Session3,0116,184,FC02,all trials,10,do not use 10,speaker_wide_single_session,1
FC02,Session3,0117,184,FC02,all trials,10,do not use 10,speaker_wide_single_session,1
FC02,Session3,0118,184,FC02,all trials,10,do not use 10,speaker_wide_single_session,1
FC02,Session3,0119,184,FC02,all trials,10,do not use 10,speaker_wide_single_session,1
FC02,Session3,0120,184,FC02,all trials,10,do not use 10,speaker_wide_single_session,1
FC02,Session3,0121,184,FC02,all trials,10,do not use 10,speaker_wide_single_session,1
FC02,Session3,0122,184,FC02,all trials,10,do not use 10,speaker_wide_single_session,1
FC02,Session3,0123,184,FC02,all trials,10,do not use 10,speaker_wide_single_session,1
FC02,Session3,0124,184,FC02,all trials,10,do not use 10,speaker_wide_single_session,1
FC02,Session3,0125,184,FC02,all trials,10,do not use 10,speaker_wide_single_session,1
FC02,Session3,0126,184,FC02,all trials,10,do not use 10,speaker_wide_single_session,1
FC02,Session3,0127,184,FC02,all trials,10,do not use 10,speaker_wide_single_session,1
FC02,Session3,0128,184,FC02,all trials,10,do not use 10,speaker_wide_single_session,1
FC02,Session3,0129,184,FC02,all trials,10,do not use 10,speaker_wide_single_session,1
FC02,Session3,0130,184,FC02,all trials,10,do not use 10,speaker_wide_single_session,1
FC02,Session3,0131,184,FC02,all trials,10,do not use 10,speaker_wide_single_session,1
FC02,Session3,0132,184,FC02,all trials,10,do not use 10,speaker_wide_single_session,1
FC02,Session3,0133,184,FC02,all trials,10,do not use 10,speaker_wide_single_session,1
FC02,Session3,0134,184,FC02,all trials,10,do not use 10,speaker_wide_single_session,1
FC02,Session3,0135,184,FC02,all trials,10,do not use 10,speaker_wide_single_session,1
FC02,Session3,0136,184,FC02,all trials,10,do not use 10,speaker_wide_single_session,1
FC02,Session3,0137,184,FC02,all trials,10,do not use 10,speaker_wide_single_session,1
FC02,Session3,0138,184,FC02,all trials,10,do not use 10,speaker_wide_single_session,1
FC02,Session3,0139,184,FC02,all trials,10,do not use 10,speaker_wide_single_session,1
FC02,Session3,0140,184,FC02,all trials,10,do not use 10,speaker_wide_single_session,1
FC02,Session3,0141,184,FC02,all trials,10,do not use 10,speaker_wide_single_session,1
FC02,Session3,0142,184,FC02,all trials,10,do not use 10,speaker_wide_single_session,1
FC02,Session3,0143,184,FC02,all trials,10,do not use 10,speaker_wide_single_session,1
FC02,Session3,0144,184,FC02,all trials,10,do not use 10,speaker_wide_single_session,1
FC02,Session3,0145,184,FC02,all trials,10,do not use 10,speaker_wide_single_session,1
FC02,Session3,0146,184,FC02,all trials,10,do not use 10,speaker_wide_single_session,1
FC02,Session3,0147,184,FC02,all trials,10,do not use 10,speaker_wide_single_session,1
FC02,Session3,0148,184,FC02,all trials,10,do not use 10,speaker_wide_single_session,1
FC02,Session3,0149,184,FC02,all trials,10,do not use 10,speaker_wide_single_session,1
FC02,Session3,0150,184,FC02,all trials,10,do not use 10,speaker_wide_single_session,1
FC02,Session3,0151,184,FC02,all trials,10,do not use 10,speaker_wide_single_session,1
FC02,Session3,0152,184,FC02,all trials,10,do not use 10,speaker_wide_single_session,1
FC02,Session3,0153,184,FC02,all trials,10,do not use 10,speaker_wide_single_session,1
FC02,Session3,0154,184,FC02,all trials,10,do not use 10,speaker_wide_single_session,1
FC02,Session3,0155,184,FC02,all trials,10,do not use 10,speaker_wide_single_session,1
FC02,Session3,0156,184,FC02,all trials,10,do not use 10,speaker_wide_single_session,1
FC02,Session3,0157,184,FC02,all trials,10,do not use 10,speaker_wide_single_session,1
FC02,Session3,0158,184,FC02,all trials,10,do not use 10,speaker_wide_single_session,1
FC02,Session3,0159,184,FC02,all trials,10,do not use 10,speaker_wide_single_session,1
FC02,Session3,0160,184,FC02,all trials,10,do not use 10,speaker_wide_single_session,1
FC02,Session3,0161,184,FC02,all trials,10,do not use 10,speaker_wide_single_session,1
FC02,Session3,0162,184,FC02,all trials,10,do not use 10,speaker_wide_single_session,1
FC02,Session3,0163,184,FC02,all trials,10,do not use 10,speaker_wide_single_session,1
FC02,Session3,0164,184,FC02,all trials,10,do not use 10,speaker_wide_single_session,1
FC02,Session3,0165,184,FC02,all trials,10,do not use 10,speaker_wide_single_session,1
FC02,Session3,0166,184,FC02,all trials,10,do not use 10,speaker_wide_single_session,1
FC02,Session3,0167,184,FC02,all trials,10,do not use 10,speaker_wide_single_session,1
FC02,Session3,0168,184,FC02,all trials,10,do not use 10,speaker_wide_single_session,1
FC02,Session3,0169,184,FC02,all trials,10,do not use 10,speaker_wide_single_session,1
FC02,Session3,0170,184,FC02,all trials,10,do not use 10,speaker_wide_single_session,1
FC02,Session3,0171,184,FC02,all trials,10,do not use 10,speaker_wide_single_session,1
FC02,Session3,0172,184,FC02,all trials,10,do not use 10,speaker_wide_single_session,1
FC02,Session3,0173,184,FC02,all trials,10,do not use 10,speaker_wide_single_session,1
FC02,Session3,0174,184,FC02,all trials,10,do not use 10,speaker_wide_single_session,1
FC02,Session3,0175,184,FC02,all trials,10,do not use 10,speaker_wide_single_session,1
FC02,Session3,0176,184,FC02,all trials,10,do not use 10,speaker_wide_single_session,1
FC02,Session3,0177,184,FC02,all trials,10,do not use 10,speaker_wide_single_session,1
FC02,Session3,0178,184,FC02,all trials,10,do not use 10,speaker_wide_single_session,1
FC02,Session3,0179,184,FC02,all trials,10,do not use 10,speaker_wide_single_session,1
FC02,Session3,0180,184,FC02,all trials,10,do not use 10,speaker_wide_single_session,1
FC02,Session3,0181,184,FC02,all trials,10,do not use 10,speaker_wide_single_session,1
FC02,Session3,0182,184,FC02,all trials,10,do not use 10,speaker_wide_single_session,1
FC02,Session3,0183,184,FC02,all trials,10,do not use 10,speaker_wide_single_session,1
FC02,Session3,0184,184,FC02,all trials,10,do not use 10,speaker_wide_single_session,1
FC02,Session3,0185,184,FC02,all trials,10,do not use 10,speaker_wide_single_session,1
FC02,Session3,0186,184,FC02,all trials,10,do not use 10,speaker_wide_single_session,1
FC02,Session3,0187,184,FC02,all trials,10,do not use 10,speaker_wide_single_session,1
FC02,Session3,0188,184,FC02,all trials,10,do not use 10,speaker_wide_single_session,1
FC02,Session3,0189,184,FC02,all trials,10,do not use 10,speaker_wide_single_session,1
FC02,Session3,0190,184,FC02,all trials,10,do not use 10,speaker_wide_single_session,1
FC02,Session3,0191,184,FC02,all trials,10,do not use 10,speaker_wide_single_session,1
FC02,Session3,0192,184,FC02,all trials,10,do not use 10,speaker_wide_single_session,1
FC02,Session3,0193,184,FC02,all trials,10,do not use 10,speaker_wide_single_session,1
FC02,Session3,0194,184,FC02,all trials,10,do not use 10,speaker_wide_single_session,1
FC02,Session3,0195,184,FC02,all trials,10,do not use 10,speaker_wide_single_session,1
FC02,Session3,0196,184,FC02,all trials,10,do not use 10,speaker_wide_single_session,1
FC02,Session3,0197,184,FC02,all trials,10,do not use 10,speaker_wide_single_session,1
FC02,Session3,0198,184,FC02,all trials,10,do not use 10,speaker_wide_single_session,1
FC02,Session3,0199,184,FC02,all trials,10,do not use 10,speaker_wide_single_session,1
FC02,Session3,0200,184,FC02,all trials,10,do not use 10,speaker_wide_single_session,1
FC02,Session3,0201,184,FC02,all trials,10,do not use 10,speaker_wide_single_session,1
FC02,Session3,0202,184,FC02,all trials,10,do not use 10,speaker_wide_single_session,1
FC02,Session3,0203,184,FC02,all trials,10,do not use 10,speaker_wide_single_session,1
FC02,Session3,0204,184,FC02,all trials,10,do not use 10,speaker_wide_single_session,1
FC02,Session3,0205,184,FC02,all trials,10,do not use 10,speaker_wide_single_session,1
FC02,Session3,0206,184,FC02,all trials,10,do not use 10,speaker_wide_single_session,1
FC02,Session3,0207,184,FC02,all trials,10,do not use 10,speaker_wide_single_session,1
FC02,Session3,0208,184,FC02,all trials,10,do not use 10,speaker_wide_single_session,1
FC02,Session3,0209,184,FC02,all trials,10,do not use 10,speaker_wide_single_session,1
FC02,Session3,0210,184,FC02,all trials,10,do not use 10,speaker_wide_single_session,1
FC02,Session3,0211,184,FC02,all trials,10,do not use 10,speaker_wide_single_session,1
FC02,Session3,0212,184,FC02,all trials,10,do not use 10,speaker_wide_single_session,1
FC02,Session3,0213,184,FC02,all trials,10,do not use 10,speaker_wide_single_session,1
FC02,Session3,0214,184,FC02,all trials,10,do not use 10,speaker_wide_single_session,1
FC02,Session3,0215,184,FC02,all trials,10,do not use 10,speaker_wide_single_session,1
FC02,Session3,0216,184,FC02,all trials,10,do not use 10,speaker_wide_single_session,1
FC02,Session3,0217,184,FC02,all trials,10,do not use 10,speaker_wide_single_session,1
FC02,Session3,0218,184,FC02,all trials,10,do not use 10,speaker_wide_single_session,1
FC02,Session3,0219,184,FC02,all trials,10,do not use 10,speaker_wide_single_session,1
FC02,Session3,0220,184,FC02,all trials,10,do not use 10,speaker_wide_single_session,1
FC02,Session3,0221,184,FC02,all trials,10,do not use 10,speaker_wide_single_session,1
FC02,Session3,0222,184,FC02,all trials,10,do not use 10,speaker_wide_single_session,1
FC02,Session3,0223,184,FC02,all trials,10,do not use 10,speaker_wide_single_session,1
FC02,Session3,0224,184,FC02,all trials,10,do not use 10,speaker_wide_single_session,1
FC02,Session3,0225,184,FC02,all trials,10,do not use 10,speaker_wide_single_session,1
FC02,Session3,0226,184,FC02,all trials,10,do not use 10,speaker_wide_single_session,1
FC02,Session3,0227,184,FC02,all trials,10,do not use 10,speaker_wide_single_session,1
FC02,Session3,0228,184,FC02,all trials,10,do not use 10,speaker_wide_single_session,1
FC02,Session3,0229,184,FC02,all trials,10,do not use 10,speaker_wide_single_session,1
FC02,Session3,0230,184,FC02,all trials,10,do not use 10,speaker_wide_single_session,1
FC02,Session3,0231,184,FC02,all trials,10,do not use 10,speaker_wide_single_session,1
FC02,Session3,0232,184,FC02,all trials,10,do not use 10,speaker_wide_single_session,1
FC02,Session3,0233,184,FC02,all trials,10,do not use 10,speaker_wide_single_session,1
FC02,Session3,0234,184,FC02,all trials,10,do not use 10,speaker_wide_single_session,1
FC02,Session3,0235,184,FC02,all trials,10,do not use 10,speaker_wide_single_session,1
FC02,Session3,0236,184,FC02,all trials,10,do not use 10,speaker_wide_single_session,1
FC02,Session3,0237,184,FC02,all trials,10,do not use 10,speaker_wide_single_session,1
FC02,Session3,0238,184,FC02,all trials,10,do not use 10,speaker_wide_single_session,1
FC02,Session3,0239,184,FC02,all trials,10,do not use 10,speaker_wide_single_session,1
FC02,Session3,0240,184,FC02,all trials,10,do not use 10,speaker_wide_single_session,1
FC02,Session3,0241,184,FC02,all trials,10,do not use 10,speaker_wide_single_session,1
FC02,Session3,0242,184,FC02,all trials,10,do not use 10,speaker_wide_single_session,1
FC02,Session3,0243,184,FC02,all trials,10,do not use 10,speaker_wide_single_session,1
FC02,Session3,0244,184,FC02,all trials,10,do not use 10,speaker_wide_single_session,1
FC02,Session3,0245,184,FC02,all trials,10,do not use 10,speaker_wide_single_session,1
FC02,Session3,0246,184,FC02,all trials,10,do not use 10,speaker_wide_single_session,1
FC02,Session3,0247,184,FC02,all trials,10,do not use 10,speaker_wide_single_session,1
FC02,Session3,0248,184,FC02,all trials,10,do not use 10,speaker_wide_single_session,1
FC02,Session3,0249,184,FC02,all trials,10,do not use 10,speaker_wide_single_session,1
FC02,Session3,0250,184,FC02,all trials,10,do not use 10,speaker_wide_single_session,1
FC02,Session3,0251,184,FC02,all trials,10,do not use 10,speaker_wide_single_session,1
FC02,Session3,0252,184,FC02,all trials,10,do not use 10,speaker_wide_single_session,1
FC02,Session3,0253,184,FC02,all trials,10,do not use 10,speaker_wide_single_session,1
FC02,Session3,0254,184,FC02,all trials,10,do not use 10,speaker_wide_single_session,1
FC02,Session3,0255,184,FC02,all trials,10,do not use 10,speaker_wide_single_session,1
FC02,Session3,0256,184,FC02,all trials,10,do not use 10,speaker_wide_single_session,1
FC02,Session3,0257,184,FC02,all trials,10,do not use 10,speaker_wide_single_session,1
FC02,Session3,0258,184,FC02,all trials,10,do not use 10,speaker_wide_single_session,1
FC02,Session3,0259,184,FC02,all trials,10,do not use 10,speaker_wide_single_session,1
FC02,Session3,0260,184,FC02,all trials,10,do not use 10,speaker_wide_single_session,1
FC02,Session3,0261,184,FC02,all trials,10,do not use 10,speaker_wide_single_session,1
FC02,Session3,0262,184,FC02,all trials,10,do not use 10,speaker_wide_single_session,1
FC02,Session3,0263,184,FC02,all trials,10,do not use 10,speaker_wide_single_session,1
FC02,Session3,0264,184,FC02,all trials,10,do not use 10,speaker_wide_single_session,1
FC02,Session3,0265,184,FC02,all trials,10,do not use 10,speaker_wide_single_session,1
FC02,Session3,0266,184,FC02,all trials,10,do not use 10,speaker_wide_single_session,1
FC02,Session3,0267,184,FC02,all trials,10,do not use 10,speaker_wide_single_session,1
FC02,Session3,0268,184,FC02,all trials,10,do not use 10,speaker_wide_single_session,1
FC02,Session3,0269,184,FC02,all trials,10,do not use 10,speaker_wide_single_session,1
FC02,Session3,0270,184,FC02,all trials,10,do not use 10,speaker_wide_single_session,1
FC02,Session3,0271,184,FC02,all trials,10,do not use 10,speaker_wide_single_session,1
FC02,Session3,0272,184,FC02,all trials,10,do not use 10,speaker_wide_single_session,1
FC02,Session3,0273,184,FC02,all trials,10,do not use 10,speaker_wide_single_session,1
FC02,Session3,0274,184,FC02,all trials,10,do not use 10,speaker_wide_single_session,1
FC02,Session3,0275,184,FC02,all trials,10,do not use 10,speaker_wide_single_session,1
FC02,Session3,0276,184,FC02,all trials,10,do not use 10,speaker_wide_single_session,1
FC02,Session3,0277,184,FC02,all trials,10,do not use 10,speaker_wide_single_session,1
FC02,Session3,0278,184,FC02,all trials,10,do not use 10,speaker_wide_single_session,1
FC02,Session3,0279,184,FC02,all trials,10,do not use 10,speaker_wide_single_session,1
FC02,Session3,0280,184,FC02,all trials,10,do not use 10,speaker_wide_single_session,1
FC02,Session3,0281,184,FC02,all trials,10,do not use 10,speaker_wide_single_session,1
FC02,Session3,0282,184,FC02,all trials,10,do not use 10,speaker_wide_single_session,1
FC02,Session3,0283,184,FC02,all trials,10,do not use 10,speaker_wide_single_session,1
FC02,Session3,0284,184,FC02,all trials,10,do not use 10,speaker_wide_single_session,1
FC02,Session3,0285,184,FC02,all trials,10,do not use 10,speaker_wide_single_session,1
FC02,Session3,0286,184,FC02,all trials,10,do not use 10,speaker_wide_single_session,1
FC02,Session3,0287,184,FC02,all trials,10,do not use 10,speaker_wide_single_session,1
FC02,Session3,0288,184,FC02,all trials,10,do not use 10,speaker_wide_single_session,1
FC02,Session3,0289,184,FC02,all trials,10,do not use 10,speaker_wide_single_session,1
FC02,Session3,0290,184,FC02,all trials,10,do not use 10,speaker_wide_single_session,1
FC02,Session3,0291,184,FC02,all trials,10,do not use 10,speaker_wide_single_session,1
FC02,Session3,0292,184,FC02,all trials,10,do not use 10,speaker_wide_single_session,1
FC02,Session3,0293,184,FC02,all trials,10,do not use 10,speaker_wide_single_session,1
FC02,Session3,0294,184,FC02,all trials,10,do not use 10,speaker_wide_single_session,1
FC02,Session3,0295,184,FC02,all trials,10,do not use 10,speaker_wide_single_session,1
FC02,Session3,0296,184,FC02,all trials,10,do not use 10,speaker_wide_single_session,1
FC02,Session3,0297,184,FC02,all trials,10,do not use 10,speaker_wide_single_session,1
FC02,Session3,0298,184,FC02,all trials,10,do not use 10,speaker_wide_single_session,1
FC02,Session3,0299,184,FC02,all trials,10,do not use 10,speaker_wide_single_session,1
FC02,Session3,0300,184,FC02,all trials,10,do not use 10,speaker_wide_single_session,1
FC02,Session3,0301,184,FC02,all trials,10,do not use 10,speaker_wide_single_session,1
FC02,Session3,0302,184,FC02,all trials,10,do not use 10,speaker_wide_single_session,1
FC02,Session3,0303,184,FC02,all trials,10,do not use 10,speaker_wide_single_session,1
FC02,Session3,0304,184,FC02,all trials,10,do not use 10,speaker_wide_single_session,1
FC02,Session3,0305,184,FC02,all trials,10,do not use 10,speaker_wide_single_session,1
FC02,Session3,0306,184,FC02,all trials,10,do not use 10,speaker_wide_single_session,1
FC02,Session3,0307,184,FC02,all trials,10,do not use 10,speaker_wide_single_session,1
FC02,Session3,0308,184,FC02,all trials,10,do not use 10,speaker_wide_single_session,1
FC02,Session3,0309,184,FC02,all trials,10,do not use 10,speaker_wide_single_session,1
FC02,Session3,0310,184,FC02,all trials,10,do not use 10,speaker_wide_single_session,1
FC02,Session3,0311,184,FC02,all trials,10,do not use 10,speaker_wide_single_session,1
FC02,Session3,0312,184,FC02,all trials,10,do not use 10,speaker_wide_single_session,1
FC02,Session3,0313,184,FC02,all trials,10,do not use 10,speaker_wide_single_session,1
FC02,Session3,0314,184,FC02,all trials,10,do not use 10,speaker_wide_single_session,1
FC02,Session3,0315,184,FC02,all trials,10,do not use 10,speaker_wide_single_session,1
FC02,Session3,0316,184,FC02,all trials,10,do not use 10,speaker_wide_single_session,1
FC02,Session3,0317,184,FC02,all trials,10,do not use 10,speaker_wide_single_session,1
FC02,Session3,0318,184,FC02,all trials,10,do not use 10,speaker_wide_single_session,1
FC02,Session3,0319,184,FC02,all trials,10,do not use 10,speaker_wide_single_session,1
FC02,Session3,0320,184,FC02,all trials,10,do not use 10,speaker_wide_single_session,1
FC02,Session3,0321,184,FC02,all trials,10,do not use 10,speaker_wide_single_session,1
FC02,Session3,0322,184,FC02,all trials,10,do not use 10,speaker_wide_single_session,1
FC02,Session3,0323,184,FC02,all trials,10,do not use 10,speaker_wide_single_session,1
FC02,Session3,0324,184,FC02,all trials,10,do not use 10,speaker_wide_single_session,1
FC02,Session3,0325,184,FC02,all trials,10,do not use 10,speaker_wide_single_session,1
FC02,Session3,0326,184,FC02,all trials,10,do not use 10,speaker_wide_single_session,1
FC02,Session3,0327,184,FC02,all trials,10,do not use 10,speaker_wide_single_session,1
FC02,Session3,0328,184,FC02,all trials,10,do not use 10,speaker_wide_single_session,1
FC02,Session3,0329,184,FC02,all trials,10,do not use 10,speaker_wide_single_session,1
FC02,Session3,0330,184,FC02,all trials,10,do not use 10,speaker_wide_single_session,1
FC02,Session3,0331,184,FC02,all trials,10,do not use 10,speaker_wide_single_session,1
FC02,Session3,0332,184,FC02,all trials,10,do not use 10,speaker_wide_single_session,1
FC02,Session3,0333,184,FC02,all trials,10,do not use 10,speaker_wide_single_session,1
FC02,Session3,0334,184,FC02,all trials,10,do not use 10,speaker_wide_single_session,1
FC02,Session3,0335,184,FC02,all trials,10,do not use 10,speaker_wide_single_session,1
FC02,Session3,0336,184,FC02,all trials,10,do not use 10,speaker_wide_single_session,1
FC02,Session3,0337,184,FC02,all trials,10,do not use 10,speaker_wide_single_session,1
FC02,Session3,0338,184,FC02,all trials,10,do not use 10,speaker_wide_single_session,1
FC02,Session3,0339,184,FC02,all trials,10,do not use 10,speaker_wide_single_session,1
FC02,Session3,0340,184,FC02,all trials,10,do not use 10,speaker_wide_single_session,1
FC02,Session3,0341,184,FC02,all trials,10,do not use 10,speaker_wide_single_session,1
FC02,Session3,0342,184,FC02,all trials,10,do not use 10,speaker_wide_single_session,1
FC02,Session3,0343,184,FC02,all trials,10,do not use 10,speaker_wide_single_session,1
FC02,Session3,0344,184,FC02,all trials,10,do not use 10,speaker_wide_single_session,1
FC02,Session3,0345,184,FC02,all trials,10,do not use 10,speaker_wide_single_session,1
FC02,Session3,0346,184,FC02,all trials,10,do not use 10,speaker_wide_single_session,1
FC02,Session3,0347,184,FC02,all trials,10,do not use 10,speaker_wide_single_session,1
FC02,Session3,0348,184,FC02,all trials,10,do not use 10,speaker_wide_single_session,1
FC02,Session3,0349,184,FC02,all trials,10,do not use 10,speaker_wide_single_session,1
FC02,Session3,0350,184,FC02,all trials,10,do not use 10,speaker_wide_single_session,1
FC02,Session3,0351,184,FC02,all trials,10,do not use 10,speaker_wide_single_session,1
FC02,Session3,0352,184,FC02,all trials,10,do not use 10,speaker_wide_single_session,1
FC02,Session3,0353,184,FC02,all trials,10,do not use 10,speaker_wide_single_session,1
FC02,Session3,0354,184,FC02,all trials,10,do not use 10,speaker_wide_single_session,1
FC02,Session3,0355,184,FC02,all trials,10,do not use 10,speaker_wide_single_session,1
FC02,Session3,0356,184,FC02,all trials,10,do not use 10,speaker_wide_single_session,1
FC02,Session3,0357,184,FC02,all trials,10,do not use 10,speaker_wide_single_session,1
FC02,Session3,0358,184,FC02,all trials,10,do not use 10,speaker_wide_single_session,1
FC02,Session3,0359,184,FC02,all trials,10,do not use 10,speaker_wide_single_session,1
FC02,Session3,0360,184,FC02,all trials,10,do not use 10,speaker_wide_single_session,1
FC02,Session3,0361,184,FC02,all trials,10,do not use 10,speaker_wide_single_session,1
FC02,Session3,0362,184,FC02,all trials,10,do not use 10,speaker_wide_single_session,1
FC02,Session3,0363,184,FC02,all trials,10,do not use 10,speaker_wide_single_session,1
FC02,Session3,0364,184,FC02,all trials,10,do not use 10,speaker_wide_single_session,1
FC02,Session3,0365,184,FC02,all trials,10,do not use 10,speaker_wide_single_session,1
FC02,Session3,0366,184,FC02,all trials,10,do not use 10,speaker_wide_single_session,1
FC02,Session3,0367,184,FC02,all trials,10,do not use 10,speaker_wide_single_session,1
FC02,Session3,0368,184,FC02,all trials,10,do not use 10,speaker_wide_single_session,1
FC02,Session3,0369,184,FC02,all trials,10,do not use 10,speaker_wide_single_session,1
FC02,Session3,0370,184,FC02,all trials,10,do not use 10,speaker_wide_single_session,1
FC02,Session3,0371,184,FC02,all trials,10,do not use 10,speaker_wide_single_session,1
FC02,Session3,0372,184,FC02,all trials,10,do not use 10,speaker_wide_single_session,1
FC02,Session3,0373,184,FC02,all trials,10,do not use 10,speaker_wide_single_session,1
FC02,Session3,0374,184,FC02,all trials,10,do not use 10,speaker_wide_single_session,1
FC02,Session3,0375,184,FC02,all trials,10,do not use 10,speaker_wide_single_session,1
FC02,Session3,0376,184,FC02,all trials,10,do not use 10,speaker_wide_single_session,1
FC02,Session3,0377,184,FC02,all trials,10,do not use 10,speaker_wide_single_session,1
FC02,Session3,0378,184,FC02,all trials,10,do not use 10,speaker_wide_single_session,1
FC02,Session3,0379,184,FC02,all trials,10,do not use 10,speaker_wide_single_session,1
FC02,Session3,0380,184,FC02,all trials,10,do not use 10,speaker_wide_single_session,1
FC02,Session3,0381,184,FC02,all trials,10,do not use 10,speaker_wide_single_session,1
FC02,Session3,0382,184,FC02,all trials,10,do not use 10,speaker_wide_single_session,1
FC02,Session3,0383,184,FC02,all trials,10,do not use 10,speaker_wide_single_session,1
FC02,Session3,0384,184,FC02,all trials,10,do not use 10,speaker_wide_single_session,1
FC02,Session3,0385,184,FC02,all trials,10,do not use 10,speaker_wide_single_session,1
FC02,Session3,0386,184,FC02,all trials,10,do not use 10,speaker_wide_single_session,1
FC02,Session3,0387,184,FC02,all trials,10,do not use 10,speaker_wide_single_session,1
FC02,Session3,0388,184,FC02,all trials,10,do not use 10,speaker_wide_single_session,1
FC02,Session3,0389,184,FC02,all trials,10,do not use 10,speaker_wide_single_session,1
FC02,Session3,0390,184,FC02,all trials,10,do not use 10,speaker_wide_single_session,1
FC02,Session3,0391,184,FC02,all trials,10,do not use 10,speaker_wide_single_session,1
FC02,Session3,0392,184,FC02,all trials,10,do not use 10,speaker_wide_single_session,1
FC02,Session3,0393,184,FC02,all trials,10,do not use 10,speaker_wide_single_session,1
FC02,Session3,0394,184,FC02,all trials,10,do not use 10,speaker_wide_single_session,1
FC02,Session3,0395,184,FC02,all trials,10,do not use 10,speaker_wide_single_session,1
FC02,Session3,0396,184,FC02,all trials,10,do not use 10,speaker_wide_single_session,1
FC02,Session3,0397,184,FC02,all trials,10,do not use 10,speaker_wide_single_session,1
FC02,Session3,0398,184,FC02,all trials,10,do not use 10,speaker_wide_single_session,1
FC02,Session3,0399,184,FC02,all trials,10,do not use 10,speaker_wide_single_session,1
FC02,Session3,0400,184,FC02,all trials,10,do not use 10,speaker_wide_single_session,1
FC02,Session3,0401,184,FC02,all trials,10,do not use 10,speaker_wide_single_session,1
FC02,Session3,0402,184,FC02,all trials,10,do not use 10,speaker_wide_single_session,1
FC02,Session3,0403,184,FC02,all trials,10,do not use 10,speaker_wide_single_session,1
FC02,Session3,0404,184,FC02,all trials,10,do not use 10,speaker_wide_single_session,1
FC02,Session3,0405,184,FC02,all trials,10,do not use 10,speaker_wide_single_session,1
FC02,Session3,0406,184,FC02,all trials,10,do not use 10,speaker_wide_single_session,1
FC02,Session3,0407,184,FC02,all trials,10,do not use 10,speaker_wide_single_session,1
FC02,Session3,0408,184,FC02,all trials,10,do not use 10,speaker_wide_single_session,1
FC02,Session3,0409,184,FC02,all trials,10,do not use 10,speaker_wide_single_session,1
FC02,Session3,0410,184,FC02,all trials,10,do not use 10,speaker_wide_single_session,1
FC02,Session3,0411,184,FC02,all trials,10,do not use 10,speaker_wide_single_session,1
FC02,Session3,0412,184,FC02,all trials,10,do not use 10,speaker_wide_single_session,1
FC02,Session3,0413,184,FC02,all trials,10,do not use 10,speaker_wide_single_session,1
FC02,Session3,0414,184,FC02,all trials,10,do not use 10,speaker_wide_single_session,1
FC02,Session3,0415,184,FC02,all trials,10,do not use 10,speaker_wide_single_session,1
FC02,Session3,0416,184,FC02,all trials,10,do not use 10,speaker_wide_single_session,1
FC02,Session3,0417,184,FC02,all trials,10,do not use 10,speaker_wide_single_session,1
FC02,Session3,0418,184,FC02,all trials,10,do not use 10,speaker_wide_single_session,1
FC02,Session3,0419,184,FC02,all trials,10,do not use 10,speaker_wide_single_session,1
FC02,Session3,0420,184,FC02,all trials,10,do not use 10,speaker_wide_single_session,1
FC02,Session3,0421,184,FC02,all trials,10,do not use 10,speaker_wide_single_session,1
FC02,Session3,0422,184,FC02,all trials,10,do not use 10,speaker_wide_single_session,1
FC02,Session3,0423,184,FC02,all trials,10,do not use 10,speaker_wide_single_session,1
FC02,Session3,0424,184,FC02,all trials,10,do not use 10,speaker_wide_single_session,1
FC02,Session3,0425,184,FC02,all trials,10,do not use 10,speaker_wide_single_session,1
FC02,Session3,0426,184,FC02,all trials,10,do not use 10,speaker_wide_single_session,1
FC02,Session3,0427,184,FC02,all trials,10,do not use 10,speaker_wide_single_session,1
FC02,Session3,0428,184,FC02,all trials,10,do not use 10,speaker_wide_single_session,1
FC02,Session3,0429,184,FC02,all trials,10,do not use 10,speaker_wide_single_session,1
FC02,Session3,0430,184,FC02,all trials,10,do not use 10,speaker_wide_single_session,1
FC02,Session3,0431,184,FC02,all trials,10,do not use 10,speaker_wide_single_session,1
FC02,Session3,0432,184,FC02,all trials,10,do not use 10,speaker_wide_single_session,1
FC02,Session3,0433,184,FC02,all trials,10,do not use 10,speaker_wide_single_session,1
FC02,Session3,0434,184,FC02,all trials,10,do not use 10,speaker_wide_single_session,1
FC02,Session3,0435,184,FC02,all trials,10,do not use 10,speaker_wide_single_session,1
FC02,Session3,0436,184,FC02,all trials,10,do not use 10,speaker_wide_single_session,1
FC02,Session3,0437,184,FC02,all trials,10,do not use 10,speaker_wide_single_session,1
FC02,Session3,0438,184,FC02,all trials,10,do not use 10,speaker_wide_single_session,1
FC02,Session3,0439,184,FC02,all trials,10,do not use 10,speaker_wide_single_session,1
FC02,Session3,0440,184,FC02,all trials,10,do not use 10,speaker_wide_single_session,1
FC02,Session3,0441,184,FC02,all trials,10,do not use 10,speaker_wide_single_session,1
FC02,Session3,0442,184,FC02,all trials,10,do not use 10,speaker_wide_single_session,1
FC02,Session3,0443,184,FC02,all trials,10,do not use 10,speaker_wide_single_session,1
FC02,Session3,0444,184,FC02,all trials,10,do not use 10,speaker_wide_single_session,1
FC02,Session3,0445,184,FC02,all trials,10,do not use 10,speaker_wide_single_session,1
FC02,Session3,0446,184,FC02,all trials,10,do not use 10,speaker_wide_single_session,1
FC02,Session3,0447,184,FC02,all trials,10,do not use 10,speaker_wide_single_session,1
FC02,Session3,0448,184,FC02,all trials,10,do not use 10,speaker_wide_single_session,1
FC02,Session3,0449,184,FC02,all trials,10,do not use 10,speaker_wide_single_session,1
FC02,Session3,0450,184,FC02,all trials,10,do not use 10,speaker_wide_single_session,1
FC02,Session3,0451,184,FC02,all trials,10,do not use 10,speaker_wide_single_session,1
FC02,Session3,0452,184,FC02,all trials,10,do not use 10,speaker_wide_single_session,1
FC02,Session3,0453,184,FC02,all trials,10,do not use 10,speaker_wide_single_session,1
FC02,Session3,0454,184,FC02,all trials,10,do not use 10,speaker_wide_single_session,1
FC02,Session3,0455,184,FC02,all trials,10,do not use 10,speaker_wide_single_session,1
FC02,Session3,0456,184,FC02,all trials,10,do not use 10,speaker_wide_single_session,1
FC02,Session3,0457,184,FC02,all trials,10,do not use 10,speaker_wide_single_session,1
FC02,Session3,0458,184,FC02,all trials,10,do not use 10,speaker_wide_single_session,1
FC02,Session3,0459,184,FC02,all trials,10,do not use 10,speaker_wide_single_session,1
FC02,Session3,0460,184,FC02,all trials,10,do not use 10,speaker_wide_single_session,1
FC02,Session3,0461,184,FC02,all trials,10,do not use 10,speaker_wide_single_session,1
FC02,Session3,0462,184,FC02,all trials,10,do not use 10,speaker_wide_single_session,1
FC02,Session3,0463,184,FC02,all trials,10,do not use 10,speaker_wide_single_session,1
FC02,Session3,0464,184,FC02,all trials,10,do not use 10,speaker_wide_single_session,1
FC02,Session3,0465,184,FC02,all trials,10,do not use 10,speaker_wide_single_session,1
FC02,Session3,0466,184,FC02,all trials,10,do not use 10,speaker_wide_single_session,1
FC02,Session3,0467,184,FC02,all trials,10,do not use 10,speaker_wide_single_session,1
FC02,Session3,0468,184,FC02,all trials,10,do not use 10,speaker_wide_single_session,1
FC02,Session3,0469,184,FC02,all trials,10,do not use 10,speaker_wide_single_session,1
FC02,Session3,0470,184,FC02,all trials,10,do not use 10,speaker_wide_single_session,1
FC02,Session3,0471,184,FC02,all trials,10,do not use 10,speaker_wide_single_session,1
FC02,Session3,0472,184,FC02,all trials,10,do not use 10,speaker_wide_single_session,1
FC02,Session3,0473,184,FC02,all trials,10,do not use 10,speaker_wide_single_session,1
FC02,Session3,0474,184,FC02,all trials,10,do not use 10,speaker_wide_single_session,1
FC02,Session3,0475,184,FC02,all trials,10,do not use 10,speaker_wide_single_session,1
FC02,Session3,0476,184,FC02,all trials,10,do not use 10,speaker_wide_single_session,1
FC02,Session3,0477,184,FC02,all trials,10,do not use 10,speaker_wide_single_session,1
FC02,Session3,0478,184,FC02,all trials,10,do not use 10,speaker_wide_single_session,1
FC02,Session3,0479,184,FC02,all trials,10,do not use 10,speaker_wide_single_session,1
FC02,Session3,0480,184,FC02,all trials,10,do not use 10,speaker_wide_single_session,1
FC02,Session3,0481,184,FC02,all trials,10,do not use 10,speaker_wide_single_session,1
FC02,Session3,0482,184,FC02,all trials,10,do not use 10,speaker_wide_single_session,1
FC02,Session3,0483,184,FC02,all trials,10,do not use 10,speaker_wide_single_session,1
FC02,Session3,0484,184,FC02,all trials,10,do not use 10,speaker_wide_single_session,1
FC02,Session3,0485,184,FC02,all trials,10,do not use 10,speaker_wide_single_session,1
FC02,Session3,0486,184,FC02,all trials,10,do not use 10,speaker_wide_single_session,1
FC02,Session3,0487,184,FC02,all trials,10,do not use 10,speaker_wide_single_session,1
FC02,Session3,0488,184,FC02,all trials,10,do not use 10,speaker_wide_single_session,1
FC02,Session3,0489,184,FC02,all trials,10,do not use 10,speaker_wide_single_session,1
FC02,Session3,0490,184,FC02,all trials,10,do not use 10,speaker_wide_single_session,1
FC02,Session3,0491,184,FC02,all trials,10,do not use 10,speaker_wide_single_session,1
FC02,Session3,0492,184,FC02,all trials,10,do not use 10,speaker_wide_single_session,1
FC02,Session3,0493,184,FC02,all trials,10,do not use 10,speaker_wide_single_session,1
FC02,Session3,0494,184,FC02,all trials,10,do not use 10,speaker_wide_single_session,1
FC02,Session3,0495,184,FC02,all trials,10,do not use 10,speaker_wide_single_session,1
FC02,Session3,0496,184,FC02,all trials,10,do not use 10,speaker_wide_single_session,1
FC02,Session3,0497,184,FC02,all trials,10,do not use 10,speaker_wide_single_session,1
FC02,Session3,0498,184,FC02,all trials,10,do not use 10,speaker_wide_single_session,1
FC02,Session3,0499,184,FC02,all trials,10,do not use 10,speaker_wide_single_session,1
FC02,Session3,0500,184,FC02,all trials,10,do not use 10,speaker_wide_single_session,1
FC02,Session3,0501,184,FC02,all trials,10,do not use 10,speaker_wide_single_session,1
FC02,Session3,0502,184,FC02,all trials,10,do not use 10,speaker_wide_single_session,1
FC02,Session3,0503,184,FC02,all trials,10,do not use 10,speaker_wide_single_session,1
FC02,Session3,0504,184,FC02,all trials,10,do not use 10,speaker_wide_single_session,1
FC02,Session3,0505,184,FC02,all trials,10,do not use 10,speaker_wide_single_session,1
FC02,Session3,0506,184,FC02,all trials,10,do not use 10,speaker_wide_single_session,1
FC02,Session3,0507,184,FC02,all trials,10,do not use 10,speaker_wide_single_session,1
FC02,Session3,0508,184,FC02,all trials,10,do not use 10,speaker_wide_single_session,1
FC02,Session3,0509,184,FC02,all trials,10,do not use 10,speaker_wide_single_session,1
FC02,Session3,0510,184,FC02,all trials,10,do not use 10,speaker_wide_single_session,1
FC02,Session3,0511,184,FC02,all trials,10,do not use 10,speaker_wide_single_session,1
FC02,Session3,0512,184,FC02,all trials,10,do not use 10,speaker_wide_single_session,1
FC02,Session3,0513,184,FC02,all trials,10,do not use 10,speaker_wide_single_session,1
FC02,Session3,0514,184,FC02,all trials,10,do not use 10,speaker_wide_single_session,1
FC02,Session3,0515,184,FC02,all trials,10,do not use 10,speaker_wide_single_session,1
FC02,Session3,0516,184,FC02,all trials,10,do not use 10,speaker_wide_single_session,1
FC02,Session3,0517,184,FC02,all trials,10,do not use 10,speaker_wide_single_session,1
FC02,Session3,0518,184,FC02,all trials,10,do not use 10,speaker_wide_single_session,1
FC02,Session3,0519,184,FC02,all trials,10,do not use 10,speaker_wide_single_session,1
FC02,Session3,0520,184,FC02,all trials,10,do not use 10,speaker_wide_single_session,1
FC02,Session3,0521,184,FC02,all trials,10,do not use 10,speaker_wide_single_session,1
FC02,Session3,0522,184,FC02,all trials,10,do not use 10,speaker_wide_single_session,1
FC02,Session3,0523,184,FC02,all trials,10,do not use 10,speaker_wide_single_session,1
FC02,Session3,0524,184,FC02,all trials,10,do not use 10,speaker_wide_single_session,1
FC02,Session3,0525,184,FC02,all trials,10,do not use 10,speaker_wide_single_session,1
FC02,Session3,0526,184,FC02,all trials,10,do not use 10,speaker_wide_single_session,1
FC02,Session3,0527,184,FC02,all trials,10,do not use 10,speaker_wide_single_session,1
FC02,Session3,0528,184,FC02,all trials,10,do not use 10,speaker_wide_single_session,1
FC02,Session3,0529,184,FC02,all trials,10,do not use 10,speaker_wide_single_session,1
FC02,Session3,0530,184,FC02,all trials,10,do not use 10,speaker_wide_single_session,1
FC02,Session3,0531,184,FC02,all trials,10,do not use 10,speaker_wide_single_session,1
FC02,Session3,0532,184,FC02,all trials,10,do not use 10,speaker_wide_single_session,1
FC02,Session3,0533,184,FC02,all trials,10,do not use 10,speaker_wide_single_session,1
FC02,Session3,0534,184,FC02,all trials,10,do not use 10,speaker_wide_single_session,1
FC02,Session3,0535,184,FC02,all trials,10,do not use 10,speaker_wide_single_session,1
FC02,Session3,0536,184,FC02,all trials,10,do not use 10,speaker_wide_single_session,1
FC02,Session3,0537,184,FC02,all trials,10,do not use 10,speaker_wide_single_session,1
FC02,Session3,0538,184,FC02,all trials,10,do not use 10,speaker_wide_single_session,1
FC02,Session3,0539,184,FC02,all trials,10,do not use 10,speaker_wide_single_session,1
FC02,Session3,0540,184,FC02,all trials,10,do not use 10,speaker_wide_single_session,1
FC02,Session3,0541,184,FC02,all trials,10,do not use 10,speaker_wide_single_session,1
FC02,Session3,0542,184,FC02,all trials,10,do not use 10,speaker_wide_single_session,1
FC02,Session3,0543,184,FC02,all trials,10,do not use 10,speaker_wide_single_session,1
FC02,Session3,0544,184,FC02,all trials,10,do not use 10,speaker_wide_single_session,1
FC02,Session3,0545,184,FC02,all trials,10,do not use 10,speaker_wide_single_session,1
FC02,Session3,0546,184,FC02,all trials,10,do not use 10,speaker_wide_single_session,1
FC02,Session3,0547,184,FC02,all trials,10,do not use 10,speaker_wide_single_session,1
FC02,Session3,0548,184,FC02,all trials,10,do not use 10,speaker_wide_single_session,1
FC02,Session3,0549,184,FC02,all trials,10,do not use 10,speaker_wide_single_session,1
FC02,Session3,0550,184,FC02,all trials,10,do not use 10,speaker_wide_single_session,1
FC02,Session3,0551,184,FC02,all trials,10,do not use 10,speaker_wide_single_session,1
FC02,Session3,0552,184,FC02,all trials,10,do not use 10,speaker_wide_single_session,1
FC02,Session3,0553,184,FC02,all trials,10,do not use 10,speaker_wide_single_session,1
FC02,Session3,0554,184,FC02,all trials,10,do not use 10,speaker_wide_single_session,1
FC02,Session3,0555,184,FC02,all trials,10,do not use 10,speaker_wide_single_session,1
FC02,Session3,0557,184,FC02,all trials,10,do not use 10,speaker_wide_single_session,1
FC02,Session3,0558,184,FC02,all trials,10,do not use 10,speaker_wide_single_session,1
FC02,Session3,0559,184,FC02,all trials,10,do not use 10,speaker_wide_single_session,1
FC02,Session3,0560,184,FC02,all trials,10,do not use 10,speaker_wide_single_session,1
FC02,Session3,0561,184,FC02,all trials,10,do not use 10,speaker_wide_single_session,1
FC02,Session3,0562,184,FC02,all trials,10,do not use 10,speaker_wide_single_session,1
FC02,Session3,0563,184,FC02,all trials,10,do not use 10,speaker_wide_single_session,1
FC02,Session3,0564,184,FC02,all trials,10,do not use 10,speaker_wide_single_session,1
FC02,Session3,0565,184,FC02,all trials,10,do not use 10,speaker_wide_single_session,1
FC02,Session3,0566,184,FC02,all trials,10,do not use 10,speaker_wide_single_session,1
FC02,Session3,0567,184,FC02,all trials,10,do not use 10,speaker_wide_single_session,1
FC02,Session3,0568,184,FC02,all trials,10,do not use 10,speaker_wide_single_session,1
FC02,Session3,0569,184,FC02,all trials,10,do not use 10,speaker_wide_single_session,1
FC02,Session3,0570,184,FC02,all trials,10,do not use 10,speaker_wide_single_session,1
FC02,Session3,0571,184,FC02,all trials,10,do not use 10,speaker_wide_single_session,1
FC02,Session3,0572,184,FC02,all trials,10,do not use 10,speaker_wide_single_session,1
FC02,Session3,0573,184,FC02,all trials,10,do not use 10,speaker_wide_single_session,1
FC02,Session3,0574,184,FC02,all trials,10,do not use 10,speaker_wide_single_session,1
FC02,Session3,0575,184,FC02,all trials,10,do not use 10,speaker_wide_single_session,1
FC02,Session3,0576,184,FC02,all trials,10,do not use 10,speaker_wide_single_session,1
FC02,Session3,0577,184,FC02,all trials,10,do not use 10,speaker_wide_single_session,1
FC02,Session3,0578,184,FC02,all trials,10,do not use 10,speaker_wide_single_session,1
FC02,Session3,0579,184,FC02,all trials,10,do not use 10,speaker_wide_single_session,1
FC02,Session3,0580,184,FC02,all trials,10,do not use 10,speaker_wide_single_session,1
FC02,Session3,0581,184,FC02,all trials,10,do not use 10,speaker_wide_single_session,1
FC02,Session3,0582,184,FC02,all trials,10,do not use 10,speaker_wide_single_session,1
FC02,Session3,0583,184,FC02,all trials,10,do not use 10,speaker_wide_single_session,1
FC02,Session3,0584,184,FC02,all trials,10,do not use 10,speaker_wide_single_session,1
FC02,Session3,0585,184,FC02,all trials,10,do not use 10,speaker_wide_single_session,1
FC02,Session3,0586,184,FC02,all trials,10,do not use 10,speaker_wide_single_session,1
FC02,Session3,0587,184,FC02,all trials,10,do not use 10,speaker_wide_single_session,1
FC02,Session3,0588,184,FC02,all trials,10,do not use 10,speaker_wide_single_session,1
FC02,Session3,0589,184,FC02,all trials,10,do not use 10,speaker_wide_single_session,1
FC02,Session3,0590,184,FC02,all trials,10,do not use 10,speaker_wide_single_session,1
FC02,Session3,0591,184,FC02,all trials,10,do not use 10,speaker_wide_single_session,1
FC02,Session3,0592,184,FC02,all trials,10,do not use 10,speaker_wide_single_session,1
FC02,Session3,0593,184,FC02,all trials,10,do not use 10,speaker_wide_single_session,1
FC02,Session3,0594,184,FC02,all trials,10,do not use 10,speaker_wide_single_session,1
FC02,Session3,0595,184,FC02,all trials,10,do not use 10,speaker_wide_single_session,1
FC02,Session3,0596,184,FC02,all trials,10,do not use 10,speaker_wide_single_session,1
FC02,Session3,0597,184,FC02,all trials,10,do not use 10,speaker_wide_single_session,1
FC02,Session3,0598,184,FC02,all trials,10,do not use 10,speaker_wide_single_session,1
FC02,Session3,0599,184,FC02,all trials,10,do not use 10,speaker_wide_single_session,1
FC02,Session3,0600,184,FC02,all trials,10,do not use 10,speaker_wide_single_session,1
FC02,Session3,0601,184,FC02,all trials,10,do not use 10,speaker_wide_single_session,1
FC02,Session3,0602,184,FC02,all trials,10,do not use 10,speaker_wide_single_session,1
FC02,Session3,0603,184,FC02,all trials,10,do not use 10,speaker_wide_single_session,1
FC02,Session3,0604,184,FC02,all trials,10,do not use 10,speaker_wide_single_session,1
FC02,Session3,0605,184,FC02,all trials,10,do not use 10,speaker_wide_single_session,1
FC02,Session3,0606,184,FC02,all trials,10,do not use 10,speaker_wide_single_session,1
FC02,Session3,0607,184,FC02,all trials,10,do not use 10,speaker_wide_single_session,1
FC02,Session3,0608,184,FC02,all trials,10,do not use 10,speaker_wide_single_session,1
FC02,Session3,0609,184,FC02,all trials,10,do not use 10,speaker_wide_single_session,1
FC02,Session3,0610,184,FC02,all trials,10,do not use 10,speaker_wide_single_session,1
FC02,Session3,0611,184,FC02,all trials,10,do not use 10,speaker_wide_single_session,1
FC02,Session3,0612,184,FC02,all trials,10,do not use 10,speaker_wide_single_session,1
FC02,Session3,0613,184,FC02,all trials,10,do not use 10,speaker_wide_single_session,1
FC02,Session3,0614,184,FC02,all trials,10,do not use 10,speaker_wide_single_session,1
FC02,Session3,0615,184,FC02,all trials,10,do not use 10,speaker_wide_single_session,1
FC02,Session3,0616,184,FC02,all trials,10,do not use 10,speaker_wide_single_session,1
FC02,Session3,0617,184,FC02,all trials,10,do not use 10,speaker_wide_single_session,1
FC02,Session3,0618,184,FC02,all trials,10,do not use 10,speaker_wide_single_session,1
FC02,Session3,0619,184,FC02,all trials,10,do not use 10,speaker_wide_single_session,1
FC02,Session3,0620,184,FC02,all trials,10,do not use 10,speaker_wide_single_session,1
FC02,Session3,0621,184,FC02,all trials,10,do not use 10,speaker_wide_single_session,1
FC02,Session3,0622,184,FC02,all trials,10,do not use 10,speaker_wide_single_session,1
FC02,Session3,0623,184,FC02,all trials,10,do not use 10,speaker_wide_single_session,1
FC02,Session3,0624,184,FC02,all trials,10,do not use 10,speaker_wide_single_session,1
FC02,Session3,0625,184,FC02,all trials,10,do not use 10,speaker_wide_single_session,1
FC02,Session3,0626,184,FC02,all trials,10,do not use 10,speaker_wide_single_session,1
FC02,Session3,0627,184,FC02,all trials,10,do not use 10,speaker_wide_single_session,1
FC02,Session3,0628,184,FC02,all trials,10,do not use 10,speaker_wide_single_session,1
FC02,Session3,0629,184,FC02,all trials,10,do not use 10,speaker_wide_single_session,1
FC02,Session3,0630,184,FC02,all trials,10,do not use 10,speaker_wide_single_session,1
FC02,Session3,0631,184,FC02,all trials,10,do not use 10,speaker_wide_single_session,1
FC02,Session3,0632,184,FC02,all trials,10,do not use 10,speaker_wide_single_session,1
FC02,Session3,0633,184,FC02,all trials,10,do not use 10,speaker_wide_single_session,1
FC02,Session3,0634,184,FC02,all trials,10,do not use 10,speaker_wide_single_session,1
FC02,Session3,0635,184,FC02,all trials,10,do not use 10,speaker_wide_single_session,1
FC02,Session3,0636,184,FC02,all trials,10,do not use 10,speaker_wide_single_session,1
FC02,Session3,0637,184,FC02,all trials,10,do not use 10,speaker_wide_single_session,1
FC02,Session3,0638,184,FC02,all trials,10,do not use 10,speaker_wide_single_session,1
FC02,Session3,0639,184,FC02,all trials,10,do not use 10,speaker_wide_single_session,1
FC02,Session3,0640,184,FC02,all trials,10,do not use 10,speaker_wide_single_session,1
FC02,Session3,0641,184,FC02,all trials,10,do not use 10,speaker_wide_single_session,1
FC02,Session3,0642,184,FC02,all trials,10,do not use 10,speaker_wide_single_session,1
FC02,Session3,0643,184,FC02,all trials,10,do not use 10,speaker_wide_single_session,1
FC02,Session3,0644,184,FC02,all trials,10,do not use 10,speaker_wide_single_session,1
FC02,Session3,0645,184,FC02,all trials,10,do not use 10,speaker_wide_single_session,1
FC02,Session3,0646,184,FC02,all trials,10,do not use 10,speaker_wide_single_session,1
FC02,Session3,0647,184,FC02,all trials,10,do not use 10,speaker_wide_single_session,1
FC02,Session3,0648,184,FC02,all trials,10,do not use 10,speaker_wide_single_session,1
FC02,Session3,0649,184,FC02,all trials,10,do not use 10,speaker_wide_single_session,1
FC02,Session3,0650,184,FC02,all trials,10,do not use 10,speaker_wide_single_session,1
FC02,Session3,0651,184,FC02,all trials,10,do not use 10,speaker_wide_single_session,1
FC02,Session3,0652,184,FC02,all trials,10,do not use 10,speaker_wide_single_session,1
FC02,Session3,0653,184,FC02,all trials,10,do not use 10,speaker_wide_single_session,1
FC02,Session3,0654,184,FC02,all trials,10,do not use 10,speaker_wide_single_session,1
FC02,Session3,0655,184,FC02,all trials,10,do not use 10,speaker_wide_single_session,1
FC02,Session3,0656,184,FC02,all trials,10,do not use 10,speaker_wide_single_session,1
FC02,Session3,0657,184,FC02,all trials,10,do not use 10,speaker_wide_single_session,1
FC02,Session3,0658,184,FC02,all trials,10,do not use 10,speaker_wide_single_session,1
FC02,Session3,0659,184,FC02,all trials,10,do not use 10,speaker_wide_single_session,1
FC02,Session3,0660,184,FC02,all trials,10,do not use 10,speaker_wide_single_session,1
FC02,Session3,0661,184,FC02,all trials,10,do not use 10,speaker_wide_single_session,1
FC02,Session3,0662,184,FC02,all trials,10,do not use 10,speaker_wide_single_session,1
FC02,Session3,0663,184,FC02,all trials,10,do not use 10,speaker_wide_single_session,1
FC02,Session3,0664,184,FC02,all trials,10,do not use 10,speaker_wide_single_session,1
FC02,Session3,0665,184,FC02,all trials,10,do not use 10,speaker_wide_single_session,1
FC02,Session3,0666,184,FC02,all trials,10,do not use 10,speaker_wide_single_session,1
FC02,Session3,0667,184,FC02,all trials,10,do not use 10,speaker_wide_single_session,1
FC02,Session3,0668,184,FC02,all trials,10,do not use 10,speaker_wide_single_session,1
FC02,Session3,0669,184,FC02,all trials,10,do not use 10,speaker_wide_single_session,1
FC02,Session3,0670,184,FC02,all trials,10,do not use 10,speaker_wide_single_session,1
FC02,Session3,0671,184,FC02,all trials,10,do not use 10,speaker_wide_single_session,1
FC02,Session3,0672,184,FC02,all trials,10,do not use 10,speaker_wide_single_session,1
FC02,Session3,0673,184,FC02,all trials,10,do not use 10,speaker_wide_single_session,1
FC02,Session3,0674,184,FC02,all trials,10,do not use 10,speaker_wide_single_session,1
FC02,Session3,0675,184,FC02,all trials,10,do not use 10,speaker_wide_single_session,1
FC02,Session3,0676,184,FC02,all trials,10,do not use 10,speaker_wide_single_session,1
FC02,Session3,0677,184,FC02,all trials,10,do not use 10,speaker_wide_single_session,1
FC02,Session3,0678,184,FC02,all trials,10,do not use 10,speaker_wide_single_session,1
FC02,Session3,0679,184,FC02,all trials,10,do not use 10,speaker_wide_single_session,1
FC02,Session3,0680,184,FC02,all trials,10,do not use 10,speaker_wide_single_session,1
FC02,Session3,0681,184,FC02,all trials,10,do not use 10,speaker_wide_single_session,1
FC02,Session3,0682,184,FC02,all trials,10,do not use 10,speaker_wide_single_session,1
FC02,Session3,0683,184,FC02,all trials,10,do not use 10,speaker_wide_single_session,1
FC02,Session3,0684,184,FC02,all trials,10,do not use 10,speaker_wide_single_session,1
FC02,Session3,0685,184,FC02,all trials,10,do not use 10,speaker_wide_single_session,1
FC02,Session3,0686,184,FC02,all trials,10,do not use 10,speaker_wide_single_session,1
FC02,Session3,0687,184,FC02,all trials,10,do not use 10,speaker_wide_single_session,1
FC02,Session3,0688,184,FC02,all trials,10,do not use 10,speaker_wide_single_session,1
FC02,Session3,0689,184,FC02,all trials,10,do not use 10,speaker_wide_single_session,1
FC02,Session3,0690,184,FC02,all trials,10,do not use 10,speaker_wide_single_session,1
FC02,Session3,0691,184,FC02,all trials,10,do not use 10,speaker_wide_single_session,1
FC02,Session3,0692,184,FC02,all trials,10,do not use 10,speaker_wide_single_session,1
FC02,Session3,0693,184,FC02,all trials,10,do not use 10,speaker_wide_single_session,1
FC02,Session3,0694,184,FC02,all trials,10,do not use 10,speaker_wide_single_session,1
FC02,Session3,0695,184,FC02,all trials,10,do not use 10,speaker_wide_single_session,1
FC02,Session3,0696,184,FC02,all trials,10,do not use 10,speaker_wide_single_session,1
FC02,Session3,0697,184,FC02,all trials,10,do not use 10,speaker_wide_single_session,1
FC02,Session3,0698,184,FC02,all trials,10,do not use 10,speaker_wide_single_session,1
FC02,Session3,0699,184,FC02,all trials,10,do not use 10,speaker_wide_single_session,1
FC02,Session3,0700,184,FC02,all trials,10,do not use 10,speaker_wide_single_session,1
FC02,Session3,0701,184,FC02,all trials,10,do not use 10,speaker_wide_single_session,1
FC02,Session3,0702,184,FC02,all trials,10,do not use 10,speaker_wide_single_session,1
FC02,Session3,0703,184,FC02,all trials,10,do not use 10,speaker_wide_single_session,1
FC02,Session3,0704,184,FC02,all trials,10,do not use 10,speaker_wide_single_session,1
FC02,Session3,0705,184,FC02,all trials,10,do not use 10,speaker_wide_single_session,1
FC02,Session3,0706,184,FC02,all trials,10,do not use 10,speaker_wide_single_session,1
FC02,Session3,0707,184,FC02,all trials,10,do not use 10,speaker_wide_single_session,1
FC02,Session3,0708,184,FC02,all trials,10,do not use 10,speaker_wide_single_session,1
FC02,Session3,0709,184,FC02,all trials,10,do not use 10,speaker_wide_single_session,1
FC02,Session3,0710,184,FC02,all trials,10,do not use 10,speaker_wide_single_session,1
FC02,Session3,0711,184,FC02,all trials,10,do not use 10,speaker_wide_single_session,1
FC02,Session3,0712,184,FC02,all trials,10,do not use 10,speaker_wide_single_session,1
FC02,Session3,0713,184,FC02,all trials,10,do not use 10,speaker_wide_single_session,1
FC02,Session3,0714,184,FC02,all trials,10,do not use 10,speaker_wide_single_session,1
FC02,Session3,0715,184,FC02,all trials,10,do not use 10,speaker_wide_single_session,1
FC02,Session3,0716,184,FC02,all trials,10,do not use 10,speaker_wide_single_session,1
FC02,Session3,0717,184,FC02,all trials,10,do not use 10,speaker_wide_single_session,1
FC02,Session3,0718,184,FC02,all trials,10,do not use 10,speaker_wide_single_session,1
FC02,Session3,0719,184,FC02,all trials,10,do not use 10,speaker_wide_single_session,1
FC02,Session3,0720,184,FC02,all trials,10,do not use 10,speaker_wide_single_session,1
FC02,Session3,0721,184,FC02,all trials,10,do not use 10,speaker_wide_single_session,1
FC02,Session3,0722,184,FC02,all trials,10,do not use 10,speaker_wide_single_session,1
FC02,Session3,0723,184,FC02,all trials,10,do not use 10,speaker_wide_single_session,1
FC02,Session3,0724,184,FC02,all trials,10,do not use 10,speaker_wide_single_session,1
FC02,Session3,0725,184,FC02,all trials,10,do not use 10,speaker_wide_single_session,1
FC02,Session3,0726,184,FC02,all trials,10,do not use 10,speaker_wide_single_session,1
FC02,Session3,0727,184,FC02,all trials,10,do not use 10,speaker_wide_single_session,1
FC02,Session3,0728,184,FC02,all trials,10,do not use 10,speaker_wide_single_session,1
FC02,Session3,0729,184,FC02,all trials,10,do not use 10,speaker_wide_single_session,1
FC02,Session3,0730,184,FC02,all trials,10,do not use 10,speaker_wide_single_session,1
FC02,Session3,0731,184,FC02,all trials,10,do not use 10,speaker_wide_single_session,1
FC02,Session3,0732,184,FC02,all trials,10,do not use 10,speaker_wide_single_session,1
FC02,Session3,0733,184,FC02,all trials,10,do not use 10,speaker_wide_single_session,1
FC02,Session3,0734,184,FC02,all trials,10,do not use 10,speaker_wide_single_session,1
FC02,Session3,0735,184,FC02,all trials,10,do not use 10,speaker_wide_single_session,1
FC02,Session3,0736,184,FC02,all trials,10,do not use 10,speaker_wide_single_session,1
FC02,Session3,0737,184,FC02,all trials,10,do not use 10,speaker_wide_single_session,1
FC02,Session3,0738,184,FC02,all trials,10,do not use 10,speaker_wide_single_session,1
FC02,Session3,0739,184,FC02,all trials,10,do not use 10,speaker_wide_single_session,1
FC02,Session3,0740,184,FC02,all trials,10,do not use 10,speaker_wide_single_session,1
FC02,Session3,0741,184,FC02,all trials,10,do not use 10,speaker_wide_single_session,1
FC02,Session3,0742,184,FC02,all trials,10,do not use 10,speaker_wide_single_session,1
FC02,Session3,0743,184,FC02,all trials,10,do not use 10,speaker_wide_single_session,1
FC02,Session3,0744,184,FC02,all trials,10,do not use 10,speaker_wide_single_session,1
FC02,Session3,0745,184,FC02,all trials,10,do not use 10,speaker_wide_single_session,1
FC02,Session3,0746,184,FC02,all trials,10,do not use 10,speaker_wide_single_session,1
FC02,Session3,0747,184,FC02,all trials,10,do not use 10,speaker_wide_single_session,1
FC02,Session3,0748,184,FC02,all trials,10,do not use 10,speaker_wide_single_session,1
FC02,Session3,0749,184,FC02,all trials,10,do not use 10,speaker_wide_single_session,1
FC02,Session3,0750,184,FC02,all trials,10,do not use 10,speaker_wide_single_session,1
FC02,Session3,0751,184,FC02,all trials,10,do not use 10,speaker_wide_single_session,1
FC02,Session3,0752,184,FC02,all trials,10,do not use 10,speaker_wide_single_session,1
FC02,Session3,0753,184,FC02,all trials,10,do not use 10,speaker_wide_single_session,1
FC02,Session3,0754,184,FC02,all trials,10,do not use 10,speaker_wide_single_session,1
FC02,Session3,0755,184,FC02,all trials,10,do not use 10,speaker_wide_single_session,1
FC02,Session3,0756,184,FC02,all trials,10,do not use 10,speaker_wide_single_session,1
FC02,Session3,0757,184,FC02,all trials,10,do not use 10,speaker_wide_single_session,1
FC02,Session3,0758,184,FC02,all trials,10,do not use 10,speaker_wide_single_session,1
FC02,Session3,0759,184,FC02,all trials,10,do not use 10,speaker_wide_single_session,1
FC02,Session3,0760,184,FC02,all trials,10,do not use 10,speaker_wide_single_session,1
FC02,Session3,0761,184,FC02,all trials,10,do not use 10,speaker_wide_single_session,1
FC02,Session3,0762,184,FC02,all trials,10,do not use 10,speaker_wide_single_session,1
FC02,Session3,0763,184,FC02,all trials,10,do not use 10,speaker_wide_single_session,1
FC02,Session3,0764,184,FC02,all trials,10,do not use 10,speaker_wide_single_session,1
FC02,Session3,0765,184,FC02,all trials,10,do not use 10,speaker_wide_single_session,1
FC02,Session3,0766,184,FC02,all trials,10,do not use 10,speaker_wide_single_session,1
FC02,Session3,0767,184,FC02,all trials,10,do not use 10,speaker_wide_single_session,1
FC02,Session3,0768,184,FC02,all trials,10,do not use 10,speaker_wide_single_session,1
FC02,Session3,0769,184,FC02,all trials,10,do not use 10,speaker_wide_single_session,1
FC02,Session3,0770,184,FC02,all trials,10,do not use 10,speaker_wide_single_session,1
FC02,Session3,0771,184,FC02,all trials,10,do not use 10,speaker_wide_single_session,1
FC02,Session3,0772,184,FC02,all trials,10,do not use 10,speaker_wide_single_session,1
FC02,Session3,0773,184,FC02,all trials,10,do not use 10,speaker_wide_single_session,1
FC02,Session3,0774,184,FC02,all trials,10,do not use 10,speaker_wide_single_session,1
FC02,Session3,0775,184,FC02,all trials,10,do not use 10,speaker_wide_single_session,1
FC02,Session3,0776,184,FC02,all trials,10,do not use 10,speaker_wide_single_session,1
FC02,Session3,0777,184,FC02,all trials,10,do not use 10,speaker_wide_single_session,1
FC02,Session3,0778,184,FC02,all trials,10,do not use 10,speaker_wide_single_session,1
FC02,Session3,0779,184,FC02,all trials,10,do not use 10,speaker_wide_single_session,1
FC02,Session3,0780,184,FC02,all trials,10,do not use 10,speaker_wide_single_session,1
FC02,Session3,0781,184,FC02,all trials,10,do not use 10,speaker_wide_single_session,1
FC02,Session3,0782,184,FC02,all trials,10,do not use 10,speaker_wide_single_session,1
FC02,Session3,0783,184,FC02,all trials,10,do not use 10,speaker_wide_single_session,1
FC02,Session3,0784,184,FC02,all trials,10,do not use 10,speaker_wide_single_session,1
FC02,Session3,0785,184,FC02,all trials,10,do not use 10,speaker_wide_single_session,1
FC02,Session3,0786,184,FC02,all trials,10,do not use 10,speaker_wide_single_session,1
FC02,Session3,0787,184,FC02,all trials,10,do not use 10,speaker_wide_single_session,1
FC02,Session3,0788,184,FC02,all trials,10,do not use 10,speaker_wide_single_session,1
FC02,Session3,0789,184,FC02,all trials,10,do not use 10,speaker_wide_single_session,1
FC02,Session3,0790,184,FC02,all trials,10,do not use 10,speaker_wide_single_session,1
FC02,Session3,0791,184,FC02,all trials,10,do not use 10,speaker_wide_single_session,1
FC02,Session3,0792,184,FC02,all trials,10,do not use 10,speaker_wide_single_session,1
FC02,Session3,0793,184,FC02,all trials,10,do not use 10,speaker_wide_single_session,1
FC02,Session3,0794,184,FC02,all trials,10,do not use 10,speaker_wide_single_session,1
FC02,Session3,0795,184,FC02,all trials,10,do not use 10,speaker_wide_single_session,1
FC02,Session3,0796,184,FC02,all trials,10,do not use 10,speaker_wide_single_session,1
FC02,Session3,0797,184,FC02,all trials,10,do not use 10,speaker_wide_single_session,1
FC02,Session3,0798,184,FC02,all trials,10,do not use 10,speaker_wide_single_session,1
FC02,Session3,0799,184,FC02,all trials,10,do not use 10,speaker_wide_single_session,1
FC02,Session3,0800,184,FC02,all trials,10,do not use 10,speaker_wide_single_session,1
FC02,Session3,0801,184,FC02,all trials,10,do not use 10,speaker_wide_single_session,1
FC02,Session3,0802,184,FC02,all trials,10,do not use 10,speaker_wide_single_session,1
FC02,Session3,0803,184,FC02,all trials,10,do not use 10,speaker_wide_single_session,1
FC02,Session3,0804,184,FC02,all trials,10,do not use 10,speaker_wide_single_session,1
FC02,Session3,0805,184,FC02,all trials,10,do not use 10,speaker_wide_single_session,1
FC02,Session3,0806,184,FC02,all trials,10,do not use 10,speaker_wide_single_session,1
FC02,Session3,0807,184,FC02,all trials,10,do not use 10,speaker_wide_single_session,1
FC02,Session3,0808,184,FC02,all trials,10,do not use 10,speaker_wide_single_session,1
FC02,Session3,0809,184,FC02,all trials,10,do not use 10,speaker_wide_single_session,1
FC02,Session3,0810,184,FC02,all trials,10,do not use 10,speaker_wide_single_session,1
FC02,Session3,0811,184,FC02,all trials,10,do not use 10,speaker_wide_single_session,1
FC02,Session3,0812,184,FC02,all trials,10,do not use 10,speaker_wide_single_session,1
FC02,Session3,0813,184,FC02,all trials,10,do not use 10,speaker_wide_single_session,1
FC02,Session3,0814,184,FC02,all trials,10,do not use 10,speaker_wide_single_session,1
FC02,Session3,0815,184,FC02,all trials,10,do not use 10,speaker_wide_single_session,1
FC02,Session3,0816,184,FC02,all trials,10,do not use 10,speaker_wide_single_session,1
FC02,Session3,0817,184,FC02,all trials,10,do not use 10,speaker_wide_single_session,1
FC02,Session3,0818,184,FC02,all trials,10,do not use 10,speaker_wide_single_session,1
FC02,Session3,0819,184,FC02,all trials,10,do not use 10,speaker_wide_single_session,1
FC02,Session3,0820,184,FC02,all trials,10,do not use 10,speaker_wide_single_session,1
FC02,Session3,0821,184,FC02,all trials,10,do not use 10,speaker_wide_single_session,1
FC02,Session3,0822,184,FC02,all trials,10,do not use 10,speaker_wide_single_session,1
FC02,Session3,0823,184,FC02,all trials,10,do not use 10,speaker_wide_single_session,1
FC02,Session3,0824,184,FC02,all trials,10,do not use 10,speaker_wide_single_session,1
FC02,Session3,0825,184,FC02,all trials,10,do not use 10,speaker_wide_single_session,1
FC02,Session3,0826,184,FC02,all trials,10,do not use 10,speaker_wide_single_session,1
FC02,Session3,0827,184,FC02,all trials,10,do not use 10,speaker_wide_single_session,1
FC02,Session3,0828,184,FC02,all trials,10,do not use 10,speaker_wide_single_session,1
FC02,Session3,0829,184,FC02,all trials,10,do not use 10,speaker_wide_single_session,1
FC02,Session3,0830,184,FC02,all trials,10,do not use 10,speaker_wide_single_session,1
FC02,Session3,0831,184,FC02,all trials,10,do not use 10,speaker_wide_single_session,1
FC02,Session3,0832,184,FC02,all trials,10,do not use 10,speaker_wide_single_session,1
FC02,Session3,0833,184,FC02,all trials,10,do not use 10,speaker_wide_single_session,1
FC02,Session3,0834,184,FC02,all trials,10,do not use 10,speaker_wide_single_session,1
FC02,Session3,0835,184,FC02,all trials,10,do not use 10,speaker_wide_single_session,1
FC02,Session3,0836,184,FC02,all trials,10,do not use 10,speaker_wide_single_session,1
FC02,Session3,0837,184,FC02,all trials,10,do not use 10,speaker_wide_single_session,1
FC02,Session3,0838,184,FC02,all trials,10,do not use 10,speaker_wide_single_session,1
FC02,Session3,0839,184,FC02,all trials,10,do not use 10,speaker_wide_single_session,1
FC02,Session3,0840,184,FC02,all trials,10,do not use 10,speaker_wide_single_session,1
FC02,Session3,0841,184,FC02,all trials,10,do not use 10,speaker_wide_single_session,1
FC02,Session3,0842,184,FC02,all trials,10,do not use 10,speaker_wide_single_session,1
FC02,Session3,0843,184,FC02,all trials,10,do not use 10,speaker_wide_single_session,1
FC02,Session3,0844,184,FC02,all trials,10,do not use 10,speaker_wide_single_session,1
FC02,Session3,0845,184,FC02,all trials,10,do not use 10,speaker_wide_single_session,1
FC02,Session3,0846,184,FC02,all trials,10,do not use 10,speaker_wide_single_session,1
FC02,Session3,0847,184,FC02,all trials,10,do not use 10,speaker_wide_single_session,1
FC02,Session3,0848,184,FC02,all trials,10,do not use 10,speaker_wide_single_session,1
FC02,Session3,0849,184,FC02,all trials,10,do not use 10,speaker_wide_single_session,1
FC02,Session3,0850,184,FC02,all trials,10,do not use 10,speaker_wide_single_session,1
FC02,Session3,0851,184,FC02,all trials,10,do not use 10,speaker_wide_single_session,1
FC02,Session3,0852,184,FC02,all trials,10,do not use 10,speaker_wide_single_session,1
FC02,Session3,0853,184,FC02,all trials,10,do not use 10,speaker_wide_single_session,1
FC02,Session3,0854,184,FC02,all trials,10,do not use 10,speaker_wide_single_session,1
FC02,Session3,0855,184,FC02,all trials,10,do not use 10,speaker_wide_single_session,1
FC02,Session3,0856,184,FC02,all trials,10,do not use 10,speaker_wide_single_session,1
FC02,Session3,0857,184,FC02,all trials,10,do not use 10,speaker_wide_single_session,1
FC02,Session3,0858,184,FC02,all trials,10,do not use 10,speaker_wide_single_session,1
FC02,Session3,0859,184,FC02,all trials,10,do not use 10,speaker_wide_single_session,1
FC02,Session3,0860,184,FC02,all trials,10,do not use 10,speaker_wide_single_session,1
FC02,Session3,0861,184,FC02,all trials,10,do not use 10,speaker_wide_single_session,1
FC02,Session3,0862,184,FC02,all trials,10,do not use 10,speaker_wide_single_session,1
FC02,Session3,0863,184,FC02,all trials,10,do not use 10,speaker_wide_single_session,1
FC02,Session3,0864,184,FC02,all trials,10,do not use 10,speaker_wide_single_session,1
FC02,Session3,0865,184,FC02,all trials,10,do not use 10,speaker_wide_single_session,1
FC02,Session3,0866,184,FC02,all trials,10,do not use 10,speaker_wide_single_session,1
FC02,Session3,0867,184,FC02,all trials,10,do not use 10,speaker_wide_single_session,1
FC02,Session3,0868,184,FC02,all trials,10,do not use 10,speaker_wide_single_session,1
FC02,Session3,0869,184,FC02,all trials,10,do not use 10,speaker_wide_single_session,1
FC02,Session3,0870,184,FC02,all trials,10,do not use 10,speaker_wide_single_session,1
FC02,Session3,0871,184,FC02,all trials,10,do not use 10,speaker_wide_single_session,1
FC02,Session3,0872,184,FC02,all trials,10,do not use 10,speaker_wide_single_session,1
FC02,Session3,0873,184,FC02,all trials,10,do not use 10,speaker_wide_single_session,1
FC02,Session3,0874,184,FC02,all trials,10,do not use 10,speaker_wide_single_session,1
FC02,Session3,0875,184,FC02,all trials,10,do not use 10,speaker_wide_single_session,1
FC02,Session3,0876,184,FC02,all trials,10,do not use 10,speaker_wide_single_session,1
FC02,Session3,0877,184,FC02,all trials,10,do not use 10,speaker_wide_single_session,1
FC02,Session3,0878,184,FC02,all trials,10,do not use 10,speaker_wide_single_session,1
FC02,Session3,0879,184,FC02,all trials,10,do not use 10,speaker_wide_single_session,1
FC02,Session3,0880,184,FC02,all trials,10,do not use 10,speaker_wide_single_session,1
FC02,Session3,0881,184,FC02,all trials,10,do not use 10,speaker_wide_single_session,1
FC02,Session3,0882,184,FC02,all trials,10,do not use 10,speaker_wide_single_session,1
FC02,Session3,0883,184,FC02,all trials,10,do not use 10,speaker_wide_single_session,1
FC02,Session3,0884,184,FC02,all trials,10,do not use 10,speaker_wide_single_session,1
FC02,Session3,0885,184,FC02,all trials,10,do not use 10,speaker_wide_single_session,1
FC02,Session3,0886,184,FC02,all trials,10,do not use 10,speaker_wide_single_session,1
FC02,Session3,0887,184,FC02,all trials,10,do not use 10,speaker_wide_single_session,1
FC02,Session3,0888,184,FC02,all trials,10,do not use 10,speaker_wide_single_session,1
FC02,Session3,0889,184,FC02,all trials,10,do not use 10,speaker_wide_single_session,1
FC02,Session3,0890,184,FC02,all trials,10,do not use 10,speaker_wide_single_session,1
FC02,Session3,0891,184,FC02,all trials,10,do not use 10,speaker_wide_single_session,1
FC02,Session3,0892,184,FC02,all trials,10,do not use 10,speaker_wide_single_session,1
FC02,Session3,0893,184,FC02,all trials,10,do not use 10,speaker_wide_single_session,1
FC02,Session3,0894,184,FC02,all trials,10,do not use 10,speaker_wide_single_session,1
FC02,Session3,0895,184,FC02,all trials,10,do not use 10,speaker_wide_single_session,1
FC02,Session3,0896,184,FC02,all trials,10,do not use 10,speaker_wide_single_session,1
FC02,Session3,0897,184,FC02,all trials,10,do not use 10,speaker_wide_single_session,1
FC02,Session3,0898,184,FC02,all trials,10,do not use 10,speaker_wide_single_session,1
FC02,Session3,0899,184,FC02,all trials,10,do not use 10,speaker_wide_single_session,1
FC02,Session3,0900,184,FC02,all trials,10,do not use 10,speaker_wide_single_session,1
FC02,Session3,0901,184,FC02,all trials,10,do not use 10,speaker_wide_single_session,1
FC02,Session3,0902,184,FC02,all trials,10,do not use 10,speaker_wide_single_session,1
FC02,Session3,0903,184,FC02,all trials,10,do not use 10,speaker_wide_single_session,1
FC02,Session3,0904,184,FC02,all trials,10,do not use 10,speaker_wide_single_session,1
FC02,Session3,0905,184,FC02,all trials,10,do not use 10,speaker_wide_single_session,1
FC02,Session3,0906,184,FC02,all trials,10,do not use 10,speaker_wide_single_session,1
FC02,Session3,0907,184,FC02,all trials,10,do not use 10,speaker_wide_single_session,1
FC02,Session3,0908,184,FC02,all trials,10,do not use 10,speaker_wide_single_session,1
FC02,Session3,0909,184,FC02,all trials,10,do not use 10,speaker_wide_single_session,1
FC02,Session3,0910,184,FC02,all trials,10,do not use 10,speaker_wide_single_session,1
FC02,Session3,0911,184,FC02,all trials,10,do not use 10,speaker_wide_single_session,1
FC02,Session3,0912,184,FC02,all trials,10,do not use 10,speaker_wide_single_session,1
FC02,Session3,0913,184,FC02,all trials,10,do not use 10,speaker_wide_single_session,1
FC02,Session3,0914,184,FC02,all trials,10,do not use 10,speaker_wide_single_session,1
FC02,Session3,0915,184,FC02,all trials,10,do not use 10,speaker_wide_single_session,1
FC02,Session3,0916,184,FC02,all trials,10,do not use 10,speaker_wide_single_session,1
FC02,Session3,0917,184,FC02,all trials,10,do not use 10,speaker_wide_single_session,1
FC02,Session3,0918,184,FC02,all trials,10,do not use 10,speaker_wide_single_session,1
FC02,Session3,0919,184,FC02,all trials,10,do not use 10,speaker_wide_single_session,1
FC02,Session3,0920,184,FC02,all trials,10,do not use 10,speaker_wide_single_session,1
FC02,Session3,0921,184,FC02,all trials,10,do not use 10,speaker_wide_single_session,1
FC02,Session3,0922,184,FC02,all trials,10,do not use 10,speaker_wide_single_session,1
FC02,Session3,0923,184,FC02,all trials,10,do not use 10,speaker_wide_single_session,1
FC02,Session3,0924,184,FC02,all trials,10,do not use 10,speaker_wide_single_session,1
FC02,Session3,0925,184,FC02,all trials,10,do not use 10,speaker_wide_single_session,1
FC02,Session3,0926,184,FC02,all trials,10,do not use 10,speaker_wide_single_session,1
FC02,Session3,0927,184,FC02,all trials,10,do not use 10,speaker_wide_single_session,1
FC02,Session3,0928,184,FC02,all trials,10,do not use 10,speaker_wide_single_session,1
FC02,Session3,0929,184,FC02,all trials,10,do not use 10,speaker_wide_single_session,1
FC02,Session3,0930,184,FC02,all trials,10,do not use 10,speaker_wide_single_session,1
FC02,Session3,0931,184,FC02,all trials,10,do not use 10,speaker_wide_single_session,1
FC02,Session3,0932,184,FC02,all trials,10,do not use 10,speaker_wide_single_session,1
FC02,Session3,0933,184,FC02,all trials,10,do not use 10,speaker_wide_single_session,1
FC02,Session3,0934,184,FC02,all trials,10,do not use 10,speaker_wide_single_session,1
FC02,Session3,0935,184,FC02,all trials,10,do not use 10,speaker_wide_single_session,1
FC02,Session3,0936,184,FC02,all trials,10,do not use 10,speaker_wide_single_session,1
FC02,Session3,0937,184,FC02,all trials,10,do not use 10,speaker_wide_single_session,1
FC02,Session3,0938,184,FC02,all trials,10,do not use 10,speaker_wide_single_session,1
FC02,Session3,0939,184,FC02,all trials,10,do not use 10,speaker_wide_single_session,1
FC02,Session3,0940,184,FC02,all trials,10,do not use 10,speaker_wide_single_session,1
FC02,Session3,0941,184,FC02,all trials,10,do not use 10,speaker_wide_single_session,1
FC02,Session3,0942,184,FC02,all trials,10,do not use 10,speaker_wide_single_session,1
FC02,Session3,0943,184,FC02,all trials,10,do not use 10,speaker_wide_single_session,1
FC02,Session3,0944,184,FC02,all trials,10,do not use 10,speaker_wide_single_session,1
FC02,Session3,0945,184,FC02,all trials,10,do not use 10,speaker_wide_single_session,1
FC02,Session3,0946,184,FC02,all trials,10,do not use 10,speaker_wide_single_session,1
FC02,Session3,0947,184,FC02,all trials,10,do not use 10,speaker_wide_single_session,1
FC02,Session3,0948,184,FC02,all trials,10,do not use 10,speaker_wide_single_session,1
FC02,Session3,0949,184,FC02,all trials,10,do not use 10,speaker_wide_single_session,1
FC02,Session3,0950,184,FC02,all trials,10,do not use 10,speaker_wide_single_session,1
FC02,Session3,0951,184,FC02,all trials,10,do not use 10,speaker_wide_single_session,1
FC02,Session3,0952,184,FC02,all trials,10,do not use 10,speaker_wide_single_session,1
FC02,Session3,0953,184,FC02,all trials,10,do not use 10,speaker_wide_single_session,1
FC02,Session3,0954,184,FC02,all trials,10,do not use 10,speaker_wide_single_session,1
FC02,Session3,0955,184,FC02,all trials,10,do not use 10,speaker_wide_single_session,1
FC02,Session3,0956,184,FC02,all trials,10,do not use 10,speaker_wide_single_session,1
FC02,Session3,0957,184,FC02,all trials,10,do not use 10,speaker_wide_single_session,1
FC02,Session3,0958,184,FC02,all trials,10,do not use 10,speaker_wide_single_session,1
FC02,Session3,0959,184,FC02,all trials,10,do not use 10,speaker_wide_single_session,1
FC02,Session3,0960,184,FC02,all trials,10,do not use 10,speaker_wide_single_session,1
FC02,Session3,0961,184,FC02,all trials,10,do not use 10,speaker_wide_single_session,1
FC02,Session3,0962,184,FC02,all trials,10,do not use 10,speaker_wide_single_session,1
FC02,Session3,0963,184,FC02,all trials,10,do not use 10,speaker_wide_single_session,1
FC02,Session3,0964,184,FC02,all trials,10,do not use 10,speaker_wide_single_session,1
FC02,Session3,0965,184,FC02,all trials,10,do not use 10,speaker_wide_single_session,1
FC02,Session3,0966,184,FC02,all trials,10,do not use 10,speaker_wide_single_session,1
FC02,Session3,0967,184,FC02,all trials,10,do not use 10,speaker_wide_single_session,1
FC02,Session3,0968,184,FC02,all trials,10,do not use 10,speaker_wide_single_session,1
FC02,Session3,0969,184,FC02,all trials,10,do not use 10,speaker_wide_single_session,1
FC02,Session3,0970,184,FC02,all trials,10,do not use 10,speaker_wide_single_session,1
FC02,Session3,0971,184,FC02,all trials,10,do not use 10,speaker_wide_single_session,1
FC02,Session3,0972,184,FC02,all trials,10,do not use 10,speaker_wide_single_session,1
FC02,Session3,0973,184,FC02,all trials,10,do not use 10,speaker_wide_single_session,1
FC02,Session3,0974,184,FC02,all trials,10,do not use 10,speaker_wide_single_session,1
FC02,Session3,0975,184,FC02,all trials,10,do not use 10,speaker_wide_single_session,1
FC02,Session3,0976,184,FC02,all trials,10,do not use 10,speaker_wide_single_session,1
FC02,Session3,0977,184,FC02,all trials,10,do not use 10,speaker_wide_single_session,1
FC02,Session3,0978,184,FC02,all trials,10,do not use 10,speaker_wide_single_session,1
FC02,Session3,0979,184,FC02,all trials,10,do not use 10,speaker_wide_single_session,1
FC02,Session3,0980,184,FC02,all trials,10,do not use 10,speaker_wide_single_session,1
FC02,Session3,0981,184,FC02,all trials,10,do not use 10,speaker_wide_single_session,1
FC02,Session3,0982,184,FC02,all trials,10,do not use 10,speaker_wide_single_session,1
FC02,Session3,0983,184,FC02,all trials,10,do not use 10,speaker_wide_single_session,1
FC02,Session3,0984,184,FC02,all trials,10,do not use 10,speaker_wide_single_session,1
FC02,Session3,0985,184,FC02,all trials,10,do not use 10,speaker_wide_single_session,1
FC02,Session3,0986,184,FC02,all trials,10,do not use 10,speaker_wide_single_session,1
FC02,Session3,0987,184,FC02,all trials,10,do not use 10,speaker_wide_single_session,1
FC02,Session3,0988,184,FC02,all trials,10,do not use 10,speaker_wide_single_session,1
FC02,Session3,0989,184,FC02,all trials,10,do not use 10,speaker_wide_single_session,1
FC02,Session3,0990,184,FC02,all trials,10,do not use 10,speaker_wide_single_session,1
FC02,Session3,0991,184,FC02,all trials,10,do not use 10,speaker_wide_single_session,1
FC02,Session3,0992,184,FC02,all trials,10,do not use 10,speaker_wide_single_session,1
FC02,Session3,0993,184,FC02,all trials,10,do not use 10,speaker_wide_single_session,1
FC02,Session3,0994,184,FC02,all trials,10,do not use 10,speaker_wide_single_session,1
FC02,Session3,0995,184,FC02,all trials,10,do not use 10,speaker_wide_single_session,1
FC02,Session3,0996,184,FC02,all trials,10,do not use 10,speaker_wide_single_session,1
FC02,Session3,0997,184,FC02,all trials,10,do not use 10,speaker_wide_single_session,1
FC02,Session3,0998,184,FC02,all trials,10,do not use 10,speaker_wide_single_session,1
FC02,Session3,0999,184,FC02,all trials,10,do not use 10,speaker_wide_single_session,1
FC02,Session3,1000,184,FC02,all trials,10,do not use 10,speaker_wide_single_session,1
FC02,Session3,0033,186,FC02s2,33.0,,blank trial,unique,1
FC02,Session3,0034,187,FC02s2,34.0,,blank trial,unique,1
FC02,Session3,0041,188,FC02s2,41.0,3,large spike,unique,1
FC02,Session3,0065,189,FC02s2,65.0,4,noisy,unique,1
FC02,Session3,0073,190,FC02s2,73.0,4,spike,unique,1
FC02,Session3,0103,191,FC02s2,103.0,3,spike,unique,1
FC02,Session3,0140,192,FC02s2,140.0,,blank trial,unique,1
FC02,Session3,0146,193,FC02s2,146.0,4,spike,unique,1
FC02,Session3,0155,194,FC02s2,155.0,4,spike,unique,1
FC02,Session3,0163,195,FC02s2,163.0,1,spikes,unique,1
FC02,Session3,0175,196,FC02s2,175.0,1,spike,unique,1
FC02,Session3,0225,197,FC02s2,225.0,,blank trial,unique,1
FC02,Session3,0226,198,FC02s2,226.0,,blank trial?,unique,1
FC02,Session3,0227,199,FC02s2,227.0,1,spike,unique,1
FC02,Session3,0236,200,FC02s2,236.0,1,spike,unique,1
FC02,Session3,0270,201,FC02s2,270.0,4,spike,unique,1
FC02,Session3,0273,202,FC02s2,273.0,1,spikes,unique,1
FC02,Session3,0281,203,FC02s2,281.0,3,spike,unique,1
FC02,Session3,0293,204,FC02s2,293.0,1,spikes,unique,1
FC02,Session3,0298,205,FC02s2,298.0,1,spike,unique,1
FC02,Session3,0311,206,FC02s2,311.0,4,spike,unique,1
FC02,Session3,0312,207,FC02s2,312.0,4,spike,unique,1
FC02,Session3,0317,208,FC02s2,317.0,1,spikes,unique,1
FC02,Session3,0327,209,FC02s2,327.0,1,spike,unique,1
FC02,Session3,0356,210,FC02s2,356.0,1,spikes,unique,1
FC02,Session3,0383,211,FC02s2,383.0,,blank trial,unique,1
FC02,Session3,0399,213,FC02s2,399.0,,blank trial,unique,1
FC02,Session3,0418,214,FC02s2,418.0,4,spike,unique,1
FC02,Session3,0477,215,FC02s2,477.0,1,spike,unique,1
FC02,Session3,0482,216,FC02s2,482.0,,blank trial,unique,1
FC02,Session3,0498,217,FC02s2,498.0,12,spike,unique,1
FC02,Session3,0505,218,FC02s2,505.0,4,spike,unique,1
FC02,Session3,0506,219,FC02s2,506.0,4,spike,unique,1
FC02,Session3,0516,220,FC02s2,516.0,12,noisy,unique,1
FC02,Session3,0529,221,FC02s2,529.0,4,spikes,unique,1
FC02,Session3,0549,222,FC02s2,549.0,4,spikes,unique,1
FC02,Session3,0554,223,FC02s2,554.0,,blank trial?,unique,1
FC02,Session3,0557,225,FC02s2,557.0,4,spikes,unique,1
FC02,Session3,0562,226,FC02s2,562.0,4,spikes,unique,1
FC02,Session3,0564,227,FC02s2,564.0,3,spike,unique,1
FC02,Session3,0573,228,FC02s2,573.0,1,spikes,unique,1
FC02,Session3,0577,229,FC02s2,577.0,4,spikes,unique,1
FC02,Session3,0598,230,FC02s2,598.0,,blank trial,unique,1
FC02,Session3,0643,231,FC02s2,643.0,3,large spike,unique,1
FC02,Session3,0659,232,FC02s2,659.0,1,large spike,unique,1
FC02,Session3,0664,233,FC02s2,664.0,,blank trial,unique,1
FC02,Session3,0684,234,FC02s2,684.0,3,check coil,unique,1
FC02,Session3,0697,235,FC02s2,697.0,3,spike,unique,1
FC02,Session3,0704,236,FC02s2,704.0,3,check coil,unique,1
FC02,Session3,0707,237,FC02s2,707.0,3,check coil,unique,1
FC02,Session3,0743,238,FC02s2,743.0,,blank trial,unique,1
FC02,Session3,0782,239,FC02s2,782.0,,blank trial,unique,1
FC02,Session3,0787,240,FC02s2,787.0,2,spikes,unique,1
FC02,Session3,0789,241,FC02s2,789.0,2,large spike,unique,1
FC02,Session3,0794,242,FC02s2,794.0,3,large spike,unique,1
FC02,Session3,0795,243,FC02s2,795.0,2,noisy,unique,1
FC02,Session3,0821,244,FC02s2,821.0,2|3,spikes,unique,1
FC02,Session3,0822,245,FC02s2,822.0,3,spikes,unique,1
FC02,Session3,0836,246,FC02s2,836.0,3,check coil,unique,1
FC02,Session3,0844,247,FC02s2,844.0,3,large spike,unique,1
FC02,Session3,0877,248,FC02s2,877.0,2,spikes,unique,1
FC02,Session3,0887,249,FC02s2,887.0,2,spikes,unique,1
FC02,Session3,0888,250,FC02s2,888.0,,blank trial,unique,1
FC02,Session3,0923,252,FC02s2,923.0,1|3,spikes,unique,1
FC02,Session3,0951,253,FC02s2,951.0,,blank trial,unique,1
FC03,Session1,0002,255,FC03s1,2.0,3,spikes,ambiguous,0
FC03,Session2,0002,255,FC03s1,2.0,3,spikes,ambiguous,0
FC03,Session1,0007,256,FC03s1,7.0,1,check coil,ambiguous,0
FC03,Session2,0007,256,FC03s1,7.0,1,check coil,ambiguous,0
FC03,Session1,0002,257,FC03s1,2 to 54,9,spikes,range_review,0
FC03,Session2,0002,257,FC03s1,2 to 54,9,spikes,range_review,0
FC03,Session1,0003,257,FC03s1,2 to 54,9,spikes,range_review,0
FC03,Session2,0003,257,FC03s1,2 to 54,9,spikes,range_review,0
FC03,Session1,0004,257,FC03s1,2 to 54,9,spikes,range_review,0
FC03,Session2,0004,257,FC03s1,2 to 54,9,spikes,range_review,0
FC03,Session1,0005,257,FC03s1,2 to 54,9,spikes,range_review,0
FC03,Session2,0005,257,FC03s1,2 to 54,9,spikes,range_review,0
FC03,Session1,0006,257,FC03s1,2 to 54,9,spikes,range_review,0
FC03,Session2,0006,257,FC03s1,2 to 54,9,spikes,range_review,0
FC03,Session1,0007,257,FC03s1,2 to 54,9,spikes,range_review,0
FC03,Session2,0007,257,FC03s1,2 to 54,9,spikes,range_review,0
FC03,Session1,0008,257,FC03s1,2 to 54,9,spikes,range_review,0
FC03,Session2,0008,257,FC03s1,2 to 54,9,spikes,range_review,0
FC03,Session1,0009,257,FC03s1,2 to 54,9,spikes,range_review,0
FC03,Session2,0009,257,FC03s1,2 to 54,9,spikes,range_review,0
FC03,Session1,0010,257,FC03s1,2 to 54,9,spikes,range_review,0
FC03,Session2,0010,257,FC03s1,2 to 54,9,spikes,range_review,0
FC03,Session1,0011,257,FC03s1,2 to 54,9,spikes,range_review,0
FC03,Session2,0011,257,FC03s1,2 to 54,9,spikes,range_review,0
FC03,Session1,0012,257,FC03s1,2 to 54,9,spikes,range_review,0
FC03,Session2,0012,257,FC03s1,2 to 54,9,spikes,range_review,0
FC03,Session1,0013,257,FC03s1,2 to 54,9,spikes,range_review,0
FC03,Session2,0013,257,FC03s1,2 to 54,9,spikes,range_review,0
FC03,Session1,0014,257,FC03s1,2 to 54,9,spikes,range_review,0
FC03,Session2,0014,257,FC03s1,2 to 54,9,spikes,range_review,0
FC03,Session1,0015,257,FC03s1,2 to 54,9,spikes,range_review,0
FC03,Session2,0015,257,FC03s1,2 to 54,9,spikes,range_review,0
FC03,Session1,0016,257,FC03s1,2 to 54,9,spikes,range_review,0
FC03,Session2,0016,257,FC03s1,2 to 54,9,spikes,range_review,0
FC03,Session1,0017,257,FC03s1,2 to 54,9,spikes,range_review,0
FC03,Session2,0017,257,FC03s1,2 to 54,9,spikes,range_review,0
FC03,Session1,0018,257,FC03s1,2 to 54,9,spikes,range_review,0
FC03,Session2,0018,257,FC03s1,2 to 54,9,spikes,range_review,0
FC03,Session1,0019,257,FC03s1,2 to 54,9,spikes,range_review,0
FC03,Session2,0019,257,FC03s1,2 to 54,9,spikes,range_review,0
FC03,Session1,0020,257,FC03s1,2 to 54,9,spikes,range_review,0
FC03,Session2,0020,257,FC03s1,2 to 54,9,spikes,range_review,0
FC03,Session1,0021,257,FC03s1,2 to 54,9,spikes,range_review,0
FC03,Session2,0021,257,FC03s1,2 to 54,9,spikes,range_review,0
FC03,Session1,0022,257,FC03s1,2 to 54,9,spikes,range_review,0
FC03,Session2,0022,257,FC03s1,2 to 54,9,spikes,range_review,0
FC03,Session1,0023,257,FC03s1,2 to 54,9,spikes,range_review,0
FC03,Session2,0023,257,FC03s1,2 to 54,9,spikes,range_review,0
FC03,Session1,0024,257,FC03s1,2 to 54,9,spikes,range_review,0
FC03,Session2,0024,257,FC03s1,2 to 54,9,spikes,range_review,0
FC03,Session1,0025,257,FC03s1,2 to 54,9,spikes,range_review,0
FC03,Session2,0025,257,FC03s1,2 to 54,9,spikes,range_review,0
FC03,Session1,0026,257,FC03s1,2 to 54,9,spikes,range_review,0
FC03,Session2,0026,257,FC03s1,2 to 54,9,spikes,range_review,0
FC03,Session1,0027,257,FC03s1,2 to 54,9,spikes,range_review,0
FC03,Session2,0027,257,FC03s1,2 to 54,9,spikes,range_review,0
FC03,Session1,0028,257,FC03s1,2 to 54,9,spikes,range_review,0
FC03,Session2,0028,257,FC03s1,2 to 54,9,spikes,range_review,0
FC03,Session1,0029,257,FC03s1,2 to 54,9,spikes,range_review,0
FC03,Session2,0029,257,FC03s1,2 to 54,9,spikes,range_review,0
FC03,Session1,0030,257,FC03s1,2 to 54,9,spikes,range_review,0
FC03,Session2,0030,257,FC03s1,2 to 54,9,spikes,range_review,0
FC03,Session1,0031,257,FC03s1,2 to 54,9,spikes,range_review,0
FC03,Session2,0031,257,FC03s1,2 to 54,9,spikes,range_review,0
FC03,Session1,0032,257,FC03s1,2 to 54,9,spikes,range_review,0
FC03,Session2,0032,257,FC03s1,2 to 54,9,spikes,range_review,0
FC03,Session1,0033,257,FC03s1,2 to 54,9,spikes,range_review,0
FC03,Session2,0033,257,FC03s1,2 to 54,9,spikes,range_review,0
FC03,Session1,0034,257,FC03s1,2 to 54,9,spikes,range_review,0
FC03,Session2,0034,257,FC03s1,2 to 54,9,spikes,range_review,0
FC03,Session1,0035,257,FC03s1,2 to 54,9,spikes,range_review,0
FC03,Session2,0035,257,FC03s1,2 to 54,9,spikes,range_review,0
FC03,Session1,0036,257,FC03s1,2 to 54,9,spikes,range_review,0
FC03,Session2,0036,257,FC03s1,2 to 54,9,spikes,range_review,0
FC03,Session1,0037,257,FC03s1,2 to 54,9,spikes,range_review,0
FC03,Session2,0037,257,FC03s1,2 to 54,9,spikes,range_review,0
FC03,Session1,0038,257,FC03s1,2 to 54,9,spikes,range_review,0
FC03,Session2,0038,257,FC03s1,2 to 54,9,spikes,range_review,0
FC03,Session1,0039,257,FC03s1,2 to 54,9,spikes,range_review,0
FC03,Session2,0039,257,FC03s1,2 to 54,9,spikes,range_review,0
FC03,Session1,0040,257,FC03s1,2 to 54,9,spikes,range_review,0
FC03,Session2,0040,257,FC03s1,2 to 54,9,spikes,range_review,0
FC03,Session1,0041,257,FC03s1,2 to 54,9,spikes,range_review,0
FC03,Session2,0041,257,FC03s1,2 to 54,9,spikes,range_review,0
FC03,Session1,0042,257,FC03s1,2 to 54,9,spikes,range_review,0
FC03,Session2,0042,257,FC03s1,2 to 54,9,spikes,range_review,0
FC03,Session1,0043,257,FC03s1,2 to 54,9,spikes,range_review,0
FC03,Session2,0043,257,FC03s1,2 to 54,9,spikes,range_review,0
FC03,Session1,0044,257,FC03s1,2 to 54,9,spikes,range_review,0
FC03,Session2,0044,257,FC03s1,2 to 54,9,spikes,range_review,0
FC03,Session1,0045,257,FC03s1,2 to 54,9,spikes,range_review,0
FC03,Session2,0045,257,FC03s1,2 to 54,9,spikes,range_review,0
FC03,Session1,0046,257,FC03s1,2 to 54,9,spikes,range_review,0
FC03,Session2,0046,257,FC03s1,2 to 54,9,spikes,range_review,0
FC03,Session1,0047,257,FC03s1,2 to 54,9,spikes,range_review,0
FC03,Session2,0047,257,FC03s1,2 to 54,9,spikes,range_review,0
FC03,Session1,0048,257,FC03s1,2 to 54,9,spikes,range_review,0
FC03,Session2,0048,257,FC03s1,2 to 54,9,spikes,range_review,0
FC03,Session1,0049,257,FC03s1,2 to 54,9,spikes,range_review,0
FC03,Session2,0049,257,FC03s1,2 to 54,9,spikes,range_review,0
FC03,Session1,0050,257,FC03s1,2 to 54,9,spikes,range_review,0
FC03,Session2,0050,257,FC03s1,2 to 54,9,spikes,range_review,0
FC03,Session1,0051,257,FC03s1,2 to 54,9,spikes,range_review,0
FC03,Session2,0051,257,FC03s1,2 to 54,9,spikes,range_review,0
FC03,Session1,0052,257,FC03s1,2 to 54,9,spikes,range_review,0
FC03,Session2,0052,257,FC03s1,2 to 54,9,spikes,range_review,0
FC03,Session1,0053,257,FC03s1,2 to 54,9,spikes,range_review,0
FC03,Session2,0053,257,FC03s1,2 to 54,9,spikes,range_review,0
FC03,Session1,0054,257,FC03s1,2 to 54,9,spikes,range_review,0
FC03,Session2,0054,257,FC03s1,2 to 54,9,spikes,range_review,0
FC03,Session1,0026,258,FC03s1,26.0,1,large spike,ambiguous,0
FC03,Session2,0026,258,FC03s1,26.0,1,large spike,ambiguous,0
FC03,Session1,0027,259,FC03s1,27.0,3,check coil,ambiguous,0
FC03,Session2,0027,259,FC03s1,27.0,3,check coil,ambiguous,0
FC03,Session1,0068,260,FC03s1,68.0,1,spikes,ambiguous,0
FC03,Session2,0068,260,FC03s1,68.0,1,spikes,ambiguous,0
FC03,Session1,0118,261,FC03s1,118.0,9,spikes,ambiguous,0
FC03,Session2,0118,261,FC03s1,118.0,9,spikes,ambiguous,0
FC03,Session1,0160,262,FC03s1,160.0,,blank trial?,ambiguous,0
FC03,Session2,0160,262,FC03s1,160.0,,blank trial?,ambiguous,0
FC03,Session1,0162,263,FC03s1,162.0,3,check coil,ambiguous,0
FC03,Session2,0162,263,FC03s1,162.0,3,check coil,ambiguous,0
FC03,Session1,0202,264,FC03s1,202.0,,blank trial,ambiguous,0
FC03,Session2,0202,264,FC03s1,202.0,,blank trial,ambiguous,0
FC03,Session1,0203,265,FC03s1,203.0,,blank trial,ambiguous,0
FC03,Session2,0203,265,FC03s1,203.0,,blank trial,ambiguous,0
FC03,Session1,0206,266,FC03s1,206.0,1,check spike,ambiguous,0
FC03,Session2,0206,266,FC03s1,206.0,1,check spike,ambiguous,0
FC03,Session1,0208,267,FC03s1,208.0,1,large spike,ambiguous,0
FC03,Session2,0208,267,FC03s1,208.0,1,large spike,ambiguous,0
FC03,Session1,0230,268,FC03s1,230.0,,blank trial,ambiguous,0
FC03,Session2,0230,268,FC03s1,230.0,,blank trial,ambiguous,0
FC03,Session1,0255,269,FC03s1,255.0,1,check spike,ambiguous,0
FC03,Session2,0255,269,FC03s1,255.0,1,check spike,ambiguous,0
FC03,Session1,0281,270,FC03s1,281.0,1,check spike,ambiguous,0
FC03,Session2,0281,270,FC03s1,281.0,1,check spike,ambiguous,0
FC03,Session1,0286,271,FC03s1,286.0,1,large spike,ambiguous,0
FC03,Session2,0286,271,FC03s1,286.0,1,large spike,ambiguous,0
FC03,Session1,0308,272,FC03s1,308.0,1,check spike,ambiguous,0
FC03,Session2,0308,272,FC03s1,308.0,1,check spike,ambiguous,0
FC03,Session1,0317,273,FC03s1,317.0,10,spikes,ambiguous,0
FC03,Session2,0317,273,FC03s1,317.0,10,spikes,ambiguous,0
FC03,Session1,0319,274,FC03s1,319.0,1,large spikes,ambiguous,0
FC03,Session2,0319,274,FC03s1,319.0,1,large spikes,ambiguous,0
FC03,Session1,0344,275,FC03s1,344.0,,blank trial,ambiguous,0
FC03,Session2,0344,275,FC03s1,344.0,,blank trial,ambiguous,0
FC03,Session1,0360,276,FC03s1,360.0,,blank trial,ambiguous,0
FC03,Session2,0360,276,FC03s1,360.0,,blank trial,ambiguous,0
FC03,Session1,0361,277,FC03s1,361.0,10,spikes,ambiguous,0
FC03,Session2,0361,277,FC03s1,361.0,10,spikes,ambiguous,0
FC03,Session1,0369,278,FC03s1,369.0,1,large spike,ambiguous,0
FC03,Session2,0369,278,FC03s1,369.0,1,large spike,ambiguous,0
FC03,Session1,0384,279,FC03s1,384.0,10,spikes,ambiguous,0
FC03,Session2,0384,279,FC03s1,384.0,10,spikes,ambiguous,0
FC03,Session1,0389,280,FC03s1,389.0,10,spikes,ambiguous,0
FC03,Session2,0389,280,FC03s1,389.0,10,spikes,ambiguous,0
FC03,Session1,0399,281,FC03s1,399.0,10,spike,unique,1
FC03,Session1,0010,283,FC03s2,10.0,9,spikes,ambiguous,0
FC03,Session2,0010,283,FC03s2,10.0,9,spikes,ambiguous,0
FC03,Session1,0011,284,FC03s2,11.0,9,spikes,ambiguous,0
FC03,Session2,0011,284,FC03s2,11.0,9,spikes,ambiguous,0
FC03,Session1,0012,285,FC03s2,12.0,9,check coil,ambiguous,0
FC03,Session2,0012,285,FC03s2,12.0,9,check coil,ambiguous,0
FC03,Session1,0028,286,FC03s2,28.0,9,spikes,ambiguous,0
FC03,Session2,0028,286,FC03s2,28.0,9,spikes,ambiguous,0
FC03,Session1,0031,287,FC03s2,31.0,9,check spikes,ambiguous,0
FC03,Session2,0031,287,FC03s2,31.0,9,check spikes,ambiguous,0
FC03,Session1,0036,288,FC03s2,36.0,9,check spikes,ambiguous,0
FC03,Session2,0036,288,FC03s2,36.0,9,check spikes,ambiguous,0
FC03,Session1,0041,289,FC03s2,41.0,9,check spikes,ambiguous,0
FC03,Session2,0041,289,FC03s2,41.0,9,check spikes,ambiguous,0
FC03,Session1,0046,290,FC03s2,46.0,9,spikes,ambiguous,0
FC03,Session2,0046,290,FC03s2,46.0,9,spikes,ambiguous,0
FC03,Session1,0048,291,FC03s2,48.0,9,spikes,ambiguous,0
FC03,Session2,0048,291,FC03s2,48.0,9,spikes,ambiguous,0
FC03,Session1,0049,292,FC03s2,49.0,9,spikes,ambiguous,0
FC03,Session2,0049,292,FC03s2,49.0,9,spikes,ambiguous,0
FC03,Session1,0055,293,FC03s2,55.0,9,check coil,ambiguous,0
FC03,Session2,0055,293,FC03s2,55.0,9,check coil,ambiguous,0
FC03,Session1,0100,294,FC03s2,100.0,,blank trial,ambiguous,0
FC03,Session2,0100,294,FC03s2,100.0,,blank trial,ambiguous,0
FC03,Session1,0107,295,FC03s2,107.0,1,large spike,ambiguous,0
FC03,Session2,0107,295,FC03s2,107.0,1,large spike,ambiguous,0
FC03,Session1,0117,296,FC03s2,117.0,9,large spike,ambiguous,0
FC03,Session2,0117,296,FC03s2,117.0,9,large spike,ambiguous,0
FC03,Session1,0142,297,FC03s2,142.0,9,spikes,ambiguous,0
FC03,Session2,0142,297,FC03s2,142.0,9,spikes,ambiguous,0
FC03,Session1,0146,298,FC03s2,146.0,9,spikes,ambiguous,0
FC03,Session2,0146,298,FC03s2,146.0,9,spikes,ambiguous,0
FC03,Session1,0164,299,FC03s2,164.0,9,spikes,ambiguous,0
FC03,Session2,0164,299,FC03s2,164.0,9,spikes,ambiguous,0
FC03,Session1,0168,300,FC03s2,168.0,9,large spike,ambiguous,0
FC03,Session2,0168,300,FC03s2,168.0,9,large spike,ambiguous,0
FC03,Session1,0169,301,FC03s2,169.0,9,check coil,ambiguous,0
FC03,Session2,0169,301,FC03s2,169.0,9,check coil,ambiguous,0
FC03,Session1,0179,302,FC03s2,179.0,9,large spike,ambiguous,0
FC03,Session2,0179,302,FC03s2,179.0,9,large spike,ambiguous,0
FC03,Session1,0181,303,FC03s2,181.0,9,spikes,ambiguous,0
FC03,Session2,0181,303,FC03s2,181.0,9,spikes,ambiguous,0
FC03,Session1,0190,304,FC03s2,190.0,9,spikes,ambiguous,0
FC03,Session2,0190,304,FC03s2,190.0,9,spikes,ambiguous,0
FC03,Session1,0227,305,FC03s2,227.0,,blank trial?,ambiguous,0
FC03,Session2,0227,305,FC03s2,227.0,,blank trial?,ambiguous,0
FC03,Session1,0254,306,FC03s2,254.0,10,large spike,ambiguous,0
FC03,Session2,0254,306,FC03s2,254.0,10,large spike,ambiguous,0
FC03,Session1,0296,307,FC03s2,296.0,9,spikes,ambiguous,0
FC03,Session2,0296,307,FC03s2,296.0,9,spikes,ambiguous,0
FC03,Session1,0302,308,FC03s2,302.0,9,large spike,ambiguous,0
FC03,Session2,0302,308,FC03s2,302.0,9,large spike,ambiguous,0
FC03,Session1,0303,309,FC03s2,303.0,9,large spike,ambiguous,0
FC03,Session2,0303,309,FC03s2,303.0,9,large spike,ambiguous,0
FC03,Session1,0306,310,FC03s2,306.0,,blank trial?,ambiguous,0
FC03,Session2,0306,310,FC03s2,306.0,,blank trial?,ambiguous,0
FC03,Session1,0312,311,FC03s2,312.0,9,check coil,ambiguous,0
FC03,Session2,0312,311,FC03s2,312.0,9,check coil,ambiguous,0
FC03,Session1,0327,312,FC03s2,327.0,9,large spike,ambiguous,0
FC03,Session2,0327,312,FC03s2,327.0,9,large spike,ambiguous,0
M01,Session1,0001,315,M01,1.0,10,check coil,unique,1
M01,Session1,0006,316,M01,6.0,10,spikes,unique,1
M01,Session1,0008,317,M01,8.0,1,large spikes,unique,1
M01,Session1,0011,318,M01,11.0,1,bad coil,unique,1
M01,Session1,0013,319,M01,13.0,2|6,no movement,unique,1
M01,Session1,0014,320,M01,14.0,2|6,no movement,unique,1
M01,Session1,0015,321,M01,15.0,2|6,no movement,unique,1
M01,Session1,0016,322,M01,16.0,2|6,no movement,unique,1
M01,Session1,0017,323,M01,17.0,2|6,no movement,unique,1
M01,Session1,0018,324,M01,18.0,2|6,no movement,unique,1
M01,Session1,0019,325,M01,19.0,2|6,no movement,unique,1
M01,Session1,0020,326,M01,20.0,2,no movement,unique,1
M01,Session1,0021,327,M01,21.0,2,no movement,unique,1
M01,Session1,0022,328,M01,22.0,2,no movement,unique,1
M01,Session1,0023,329,M01,23.0,2,no movement,unique,1
M01,Session1,0024,330,M01,24.0,2|10,"no movement, large spike",unique,1
M01,Session1,0025,331,M01,25.0,2,large spike,unique,1
M01,Session1,0026,332,M01,26.0,2,large spikes,unique,1
M01,Session1,0028,333,M01,28.0,10,spikes,unique,1
M01,Session1,0029,334,M01,29.0,2|10,"bad coil, spikes",unique,1
M01,Session1,0030,335,M01,30.0,2|3,"bad coil, spikes",unique,1
M01,Session1,0031,336,M01,31.0,1|2,large spikes,unique,1
M01,Session1,0032,337,M01,32.0,2,large spikes,unique,1
M01,Session1,0033,338,M01,33.0,1|2,large spikes,unique,1
M01,Session1,0034,339,M01,34.0,1|2,bad coils,unique,1
M01,Session1,0035,340,M01,35.0,1|2,bad coils,unique,1
M01,Session1,0036,341,M01,36.0,1|2,bad coils,unique,1
M01,Session1,0037,342,M01,37.0,1|2|10,"bad coils, spikes",unique,1
M01,Session1,0038,343,M01,38.0,1|2|3|9,"bad coils, spikes",unique,1
M01,Session1,0039,344,M01,39.0,1|2|3,missing,unique,1
M01,Session1,0040,345,M01,40.0,1|2|11,"bad coils, spikes",unique,1
M01,Session1,0041,346,M01,41.0,1|2,bad coils,unique,1
M01,Session1,0042,347,M01,42.0,1|2,bad coils,unique,1
M01,Session1,0043,348,M01,43.0,2,bad coil,unique,1
M01,Session1,0044,349,M01,44.0,2|3,bad coils,unique,1
M01,Session1,0045,350,M01,45.0,2|6,no movement,unique,1
M01,Session1,0046,351,M01,46.0,2,no movement,unique,1
M01,Session1,0047,352,M01,47 to 50,2|6,no movement,range_review,0
M01,Session1,0048,352,M01,47 to 50,2|6,no movement,range_review,0
M01,Session1,0049,352,M01,47 to 50,2|6,no movement,range_review,0
M01,Session1,0050,352,M01,47 to 50,2|6,no movement,range_review,0
M01,Session1,0051,353,M01,51.0,7|10,spikes,unique,1
M01,Session1,0054,354,M01,54.0,9,large spike,unique,1
M01,Session1,0058,355,M01,58.0,6,no movement,unique,1
M01,Session1,0059,356,M01,59.0,6|10,no movement/spikes,unique,1
M01,Session1,0061,357,M01,61.0,6,no movement,unique,1
M01,Session1,0063,358,M01,63.0,,blank trial,unique,1
M01,Session1,0064,359,M01,64.0,7|10,large spikes,unique,1
M01,Session1,0066,360,M01,66.0,10,check coil,unique,1
M01,Session1,0072,361,M01,72.0,6|7,spikes,unique,1
M01,Session1,0073,362,M01,73.0,2,spikes/bad coil,unique,1
M01,Session1,0074,363,M01,74.0,6,no movement,unique,1
M01,Session1,0075,364,M01,75.0,6,no movement,unique,1
M01,Session1,0076,365,M01,76.0,6|7,"spikes, no movement",unique,1
M01,Session1,0077,366,M01,77.0,6|10,spikes,unique,1
M01,Session1,0078,367,M01,78.0,3|6,spikes,unique,1
M01,Session1,0079,368,M01,79 to 84,6,no movement,range_review,0
M01,Session1,0080,368,M01,79 to 84,6,no movement,range_review,0
M01,Session1,0081,368,M01,79 to 84,6,no movement,range_review,0
M01,Session1,0082,368,M01,79 to 84,6,no movement,range_review,0
M01,Session1,0083,368,M01,79 to 84,6,no movement,range_review,0
M01,Session1,0084,368,M01,79 to 84,6,no movement,range_review,0
M01,Session1,0083,369,M01,83.0,7,large spike,unique,1
M01,Session1,0084,370,M01,84.0,7,large spike,unique,1
M01,Session1,0085,371,M01,85.0,8,check coil,unique,1
M01,Session1,0086,372,M01,86.0,7,check coil,unique,1
M01,Session1,0087,373,M01,87.0,7,check coil,unique,1
M01,Session1,0092,374,M01,92.0,7,large spike,unique,1
M01,Session1,0097,375,M01,97.0,11,spikes,unique,1
M01,Session1,0098,376,M01,98.0,11,spikes,unique,1
M01,Session1,0099,377,M01,99.0,8,no movement,unique,1
M01,Session1,0100,378,M01,100.0,2|11,spikes,unique,1
M02,Session2,0074,380,M02,74.0,9,off,unique,1
M02,Session2,0075,381,M02,75.0,,blank trial,unique,1
M02,Session2,0076,382,M02,76.0,12,spikes,unique,1
M02,Session2,0077,383,M02,77.0,12,spikes,unique,1
M02,Session2,0078,384,M02,78.0,12,spikes,unique,1
M02,Session2,0079,385,M02,79.0,10,check coil,unique,1
M02,Session2,0080,386,M02,80.0,12,spikes,unique,1
M02,Session2,0081,387,M02,81.0,11,looks like steps,unique,1
M02,Session2,0084,388,M02,84.0,7,check spike,unique,1
M02,Session2,0085,389,M02,85.0,12,check coil,unique,1
M02,Session2,0086,390,M02,86.0,11,no movement,unique,1
M02,Session2,0088,391,M02,88.0,11,spikes,unique,1
M02,Session2,0089,392,M02,89.0,12,spike,unique,1
M02,Session2,0090,393,M02,90.0,11,check coil,unique,1
M02,Session2,0091,394,M02,91.0,11,large spike,unique,1
M02,Session2,0092,395,M02,92.0,11,spikes,unique,1
M02,Session2,0096,396,M02,96.0,11,spikes,unique,1
M02,Session2,0097,397,M02,97.0,12,spike,unique,1
M02,Session2,0098,398,M02,98.0,12,spike,unique,1
M02,Session2,0101,399,M02,101.0,12,spike,unique,1
M02,Session2,0103,400,M02,103.0,12,spike,unique,1
M02,Session2,0105,401,M02,105.0,12,spike,unique,1
M02,Session2,0115,402,M02,115.0,12,spike,unique,1
M02,Session2,0123,403,M02,123.0,12,spike,unique,1
M02,Session2,0125,404,M02,125.0,12,spike,unique,1
M02,Session2,0131,405,M02,131.0,9,spike,unique,1
M02,Session2,0140,406,M02,140.0,9,spike,unique,1
M02,Session2,0163,407,M02,163.0,7,spike,unique,1
M02,Session2,0175,408,M02,175.0,,blank trial,unique,1
M02,Session2,0188,409,M02,188.0,7,spike,unique,1
M02,Session2,0212,410,M02,212.0,7,"spike, no movement",unique,1
M02,Session2,0215,411,M02,215.0,9,check spike,unique,1
M02,Session2,0219,412,M02,219.0,2,looks like square,unique,1
M02,Session2,0222,413,M02,222.0,9,check spike,unique,1
M02,Session2,0224,414,M02,224.0,,blank trial,unique,1
M02,Session2,0226,415,M02,226.0,9,spikes,unique,1
M02,Session2,0227,416,M02,227.0,9,check spike,unique,1
M02,Session2,0228,417,M02,228.0,7,spikes,unique,1
M02,Session2,0232,418,M02,232.0,3,large spike,unique,1
M02,Session2,0235,419,M02,235.0,2,large spike,unique,1
M02,Session2,0074,420,M02,all trials,11|12,coils acting strange,speaker_wide_single_session,1
M02,Session2,0075,420,M02,all trials,11|12,coils acting strange,speaker_wide_single_session,1
M02,Session2,0076,420,M02,all trials,11|12,coils acting strange,speaker_wide_single_session,1
M02,Session2,0077,420,M02,all trials,11|12,coils acting strange,speaker_wide_single_session,1
M02,Session2,0078,420,M02,all trials,11|12,coils acting strange,speaker_wide_single_session,1
M02,Session2,0079,420,M02,all trials,11|12,coils acting strange,speaker_wide_single_session,1
M02,Session2,0080,420,M02,all trials,11|12,coils acting strange,speaker_wide_single_session,1
M02,Session2,0081,420,M02,all trials,11|12,coils acting strange,speaker_wide_single_session,1
M02,Session2,0082,420,M02,all trials,11|12,coils acting strange,speaker_wide_single_session,1
M02,Session2,0083,420,M02,all trials,11|12,coils acting strange,speaker_wide_single_session,1
M02,Session2,0084,420,M02,all trials,11|12,coils acting strange,speaker_wide_single_session,1
M02,Session2,0085,420,M02,all trials,11|12,coils acting strange,speaker_wide_single_session,1
M02,Session2,0086,420,M02,all trials,11|12,coils acting strange,speaker_wide_single_session,1
M02,Session2,0087,420,M02,all trials,11|12,coils acting strange,speaker_wide_single_session,1
M02,Session2,0088,420,M02,all trials,11|12,coils acting strange,speaker_wide_single_session,1
M02,Session2,0089,420,M02,all trials,11|12,coils acting strange,speaker_wide_single_session,1
M02,Session2,0090,420,M02,all trials,11|12,coils acting strange,speaker_wide_single_session,1
M02,Session2,0091,420,M02,all trials,11|12,coils acting strange,speaker_wide_single_session,1
M02,Session2,0092,420,M02,all trials,11|12,coils acting strange,speaker_wide_single_session,1
M02,Session2,0093,420,M02,all trials,11|12,coils acting strange,speaker_wide_single_session,1
M02,Session2,0094,420,M02,all trials,11|12,coils acting strange,speaker_wide_single_session,1
M02,Session2,0095,420,M02,all trials,11|12,coils acting strange,speaker_wide_single_session,1
M02,Session2,0096,420,M02,all trials,11|12,coils acting strange,speaker_wide_single_session,1
M02,Session2,0097,420,M02,all trials,11|12,coils acting strange,speaker_wide_single_session,1
M02,Session2,0098,420,M02,all trials,11|12,coils acting strange,speaker_wide_single_session,1
M02,Session2,0099,420,M02,all trials,11|12,coils acting strange,speaker_wide_single_session,1
M02,Session2,0100,420,M02,all trials,11|12,coils acting strange,speaker_wide_single_session,1
M02,Session2,0101,420,M02,all trials,11|12,coils acting strange,speaker_wide_single_session,1
M02,Session2,0102,420,M02,all trials,11|12,coils acting strange,speaker_wide_single_session,1
M02,Session2,0103,420,M02,all trials,11|12,coils acting strange,speaker_wide_single_session,1
M02,Session2,0104,420,M02,all trials,11|12,coils acting strange,speaker_wide_single_session,1
M02,Session2,0105,420,M02,all trials,11|12,coils acting strange,speaker_wide_single_session,1
M02,Session2,0106,420,M02,all trials,11|12,coils acting strange,speaker_wide_single_session,1
M02,Session2,0107,420,M02,all trials,11|12,coils acting strange,speaker_wide_single_session,1
M02,Session2,0108,420,M02,all trials,11|12,coils acting strange,speaker_wide_single_session,1
M02,Session2,0109,420,M02,all trials,11|12,coils acting strange,speaker_wide_single_session,1
M02,Session2,0110,420,M02,all trials,11|12,coils acting strange,speaker_wide_single_session,1
M02,Session2,0111,420,M02,all trials,11|12,coils acting strange,speaker_wide_single_session,1
M02,Session2,0112,420,M02,all trials,11|12,coils acting strange,speaker_wide_single_session,1
M02,Session2,0113,420,M02,all trials,11|12,coils acting strange,speaker_wide_single_session,1
M02,Session2,0114,420,M02,all trials,11|12,coils acting strange,speaker_wide_single_session,1
M02,Session2,0115,420,M02,all trials,11|12,coils acting strange,speaker_wide_single_session,1
M02,Session2,0116,420,M02,all trials,11|12,coils acting strange,speaker_wide_single_session,1
M02,Session2,0117,420,M02,all trials,11|12,coils acting strange,speaker_wide_single_session,1
M02,Session2,0118,420,M02,all trials,11|12,coils acting strange,speaker_wide_single_session,1
M02,Session2,0119,420,M02,all trials,11|12,coils acting strange,speaker_wide_single_session,1
M02,Session2,0120,420,M02,all trials,11|12,coils acting strange,speaker_wide_single_session,1
M02,Session2,0121,420,M02,all trials,11|12,coils acting strange,speaker_wide_single_session,1
M02,Session2,0122,420,M02,all trials,11|12,coils acting strange,speaker_wide_single_session,1
M02,Session2,0123,420,M02,all trials,11|12,coils acting strange,speaker_wide_single_session,1
M02,Session2,0124,420,M02,all trials,11|12,coils acting strange,speaker_wide_single_session,1
M02,Session2,0125,420,M02,all trials,11|12,coils acting strange,speaker_wide_single_session,1
M02,Session2,0126,420,M02,all trials,11|12,coils acting strange,speaker_wide_single_session,1
M02,Session2,0127,420,M02,all trials,11|12,coils acting strange,speaker_wide_single_session,1
M02,Session2,0128,420,M02,all trials,11|12,coils acting strange,speaker_wide_single_session,1
M02,Session2,0129,420,M02,all trials,11|12,coils acting strange,speaker_wide_single_session,1
M02,Session2,0130,420,M02,all trials,11|12,coils acting strange,speaker_wide_single_session,1
M02,Session2,0131,420,M02,all trials,11|12,coils acting strange,speaker_wide_single_session,1
M02,Session2,0132,420,M02,all trials,11|12,coils acting strange,speaker_wide_single_session,1
M02,Session2,0133,420,M02,all trials,11|12,coils acting strange,speaker_wide_single_session,1
M02,Session2,0134,420,M02,all trials,11|12,coils acting strange,speaker_wide_single_session,1
M02,Session2,0135,420,M02,all trials,11|12,coils acting strange,speaker_wide_single_session,1
M02,Session2,0136,420,M02,all trials,11|12,coils acting strange,speaker_wide_single_session,1
M02,Session2,0137,420,M02,all trials,11|12,coils acting strange,speaker_wide_single_session,1
M02,Session2,0138,420,M02,all trials,11|12,coils acting strange,speaker_wide_single_session,1
M02,Session2,0139,420,M02,all trials,11|12,coils acting strange,speaker_wide_single_session,1
M02,Session2,0140,420,M02,all trials,11|12,coils acting strange,speaker_wide_single_session,1
M02,Session2,0141,420,M02,all trials,11|12,coils acting strange,speaker_wide_single_session,1
M02,Session2,0142,420,M02,all trials,11|12,coils acting strange,speaker_wide_single_session,1
M02,Session2,0143,420,M02,all trials,11|12,coils acting strange,speaker_wide_single_session,1
M02,Session2,0144,420,M02,all trials,11|12,coils acting strange,speaker_wide_single_session,1
M02,Session2,0145,420,M02,all trials,11|12,coils acting strange,speaker_wide_single_session,1
M02,Session2,0146,420,M02,all trials,11|12,coils acting strange,speaker_wide_single_session,1
M02,Session2,0147,420,M02,all trials,11|12,coils acting strange,speaker_wide_single_session,1
M02,Session2,0148,420,M02,all trials,11|12,coils acting strange,speaker_wide_single_session,1
M02,Session2,0149,420,M02,all trials,11|12,coils acting strange,speaker_wide_single_session,1
M02,Session2,0150,420,M02,all trials,11|12,coils acting strange,speaker_wide_single_session,1
M02,Session2,0151,420,M02,all trials,11|12,coils acting strange,speaker_wide_single_session,1
M02,Session2,0152,420,M02,all trials,11|12,coils acting strange,speaker_wide_single_session,1
M02,Session2,0153,420,M02,all trials,11|12,coils acting strange,speaker_wide_single_session,1
M02,Session2,0154,420,M02,all trials,11|12,coils acting strange,speaker_wide_single_session,1
M02,Session2,0155,420,M02,all trials,11|12,coils acting strange,speaker_wide_single_session,1
M02,Session2,0156,420,M02,all trials,11|12,coils acting strange,speaker_wide_single_session,1
M02,Session2,0157,420,M02,all trials,11|12,coils acting strange,speaker_wide_single_session,1
M02,Session2,0158,420,M02,all trials,11|12,coils acting strange,speaker_wide_single_session,1
M02,Session2,0159,420,M02,all trials,11|12,coils acting strange,speaker_wide_single_session,1
M02,Session2,0160,420,M02,all trials,11|12,coils acting strange,speaker_wide_single_session,1
M02,Session2,0161,420,M02,all trials,11|12,coils acting strange,speaker_wide_single_session,1
M02,Session2,0162,420,M02,all trials,11|12,coils acting strange,speaker_wide_single_session,1
M02,Session2,0163,420,M02,all trials,11|12,coils acting strange,speaker_wide_single_session,1
M02,Session2,0164,420,M02,all trials,11|12,coils acting strange,speaker_wide_single_session,1
M02,Session2,0165,420,M02,all trials,11|12,coils acting strange,speaker_wide_single_session,1
M02,Session2,0166,420,M02,all trials,11|12,coils acting strange,speaker_wide_single_session,1
M02,Session2,0167,420,M02,all trials,11|12,coils acting strange,speaker_wide_single_session,1
M02,Session2,0168,420,M02,all trials,11|12,coils acting strange,speaker_wide_single_session,1
M02,Session2,0169,420,M02,all trials,11|12,coils acting strange,speaker_wide_single_session,1
M02,Session2,0170,420,M02,all trials,11|12,coils acting strange,speaker_wide_single_session,1
M02,Session2,0171,420,M02,all trials,11|12,coils acting strange,speaker_wide_single_session,1
M02,Session2,0172,420,M02,all trials,11|12,coils acting strange,speaker_wide_single_session,1
M02,Session2,0173,420,M02,all trials,11|12,coils acting strange,speaker_wide_single_session,1
M02,Session2,0174,420,M02,all trials,11|12,coils acting strange,speaker_wide_single_session,1
M02,Session2,0175,420,M02,all trials,11|12,coils acting strange,speaker_wide_single_session,1
M02,Session2,0176,420,M02,all trials,11|12,coils acting strange,speaker_wide_single_session,1
M02,Session2,0177,420,M02,all trials,11|12,coils acting strange,speaker_wide_single_session,1
M02,Session2,0178,420,M02,all trials,11|12,coils acting strange,speaker_wide_single_session,1
M02,Session2,0179,420,M02,all trials,11|12,coils acting strange,speaker_wide_single_session,1
M02,Session2,0180,420,M02,all trials,11|12,coils acting strange,speaker_wide_single_session,1
M02,Session2,0181,420,M02,all trials,11|12,coils acting strange,speaker_wide_single_session,1
M02,Session2,0182,420,M02,all trials,11|12,coils acting strange,speaker_wide_single_session,1
M02,Session2,0183,420,M02,all trials,11|12,coils acting strange,speaker_wide_single_session,1
M02,Session2,0184,420,M02,all trials,11|12,coils acting strange,speaker_wide_single_session,1
M02,Session2,0185,420,M02,all trials,11|12,coils acting strange,speaker_wide_single_session,1
M02,Session2,0186,420,M02,all trials,11|12,coils acting strange,speaker_wide_single_session,1
M02,Session2,0187,420,M02,all trials,11|12,coils acting strange,speaker_wide_single_session,1
M02,Session2,0188,420,M02,all trials,11|12,coils acting strange,speaker_wide_single_session,1
M02,Session2,0189,420,M02,all trials,11|12,coils acting strange,speaker_wide_single_session,1
M02,Session2,0190,420,M02,all trials,11|12,coils acting strange,speaker_wide_single_session,1
M02,Session2,0191,420,M02,all trials,11|12,coils acting strange,speaker_wide_single_session,1
M02,Session2,0192,420,M02,all trials,11|12,coils acting strange,speaker_wide_single_session,1
M02,Session2,0193,420,M02,all trials,11|12,coils acting strange,speaker_wide_single_session,1
M02,Session2,0194,420,M02,all trials,11|12,coils acting strange,speaker_wide_single_session,1
M02,Session2,0195,420,M02,all trials,11|12,coils acting strange,speaker_wide_single_session,1
M02,Session2,0196,420,M02,all trials,11|12,coils acting strange,speaker_wide_single_session,1
M02,Session2,0197,420,M02,all trials,11|12,coils acting strange,speaker_wide_single_session,1
M02,Session2,0198,420,M02,all trials,11|12,coils acting strange,speaker_wide_single_session,1
M02,Session2,0199,420,M02,all trials,11|12,coils acting strange,speaker_wide_single_session,1
M02,Session2,0200,420,M02,all trials,11|12,coils acting strange,speaker_wide_single_session,1
M02,Session2,0201,420,M02,all trials,11|12,coils acting strange,speaker_wide_single_session,1
M02,Session2,0202,420,M02,all trials,11|12,coils acting strange,speaker_wide_single_session,1
M02,Session2,0203,420,M02,all trials,11|12,coils acting strange,speaker_wide_single_session,1
M02,Session2,0204,420,M02,all trials,11|12,coils acting strange,speaker_wide_single_session,1
M02,Session2,0205,420,M02,all trials,11|12,coils acting strange,speaker_wide_single_session,1
M02,Session2,0206,420,M02,all trials,11|12,coils acting strange,speaker_wide_single_session,1
M02,Session2,0207,420,M02,all trials,11|12,coils acting strange,speaker_wide_single_session,1
M02,Session2,0208,420,M02,all trials,11|12,coils acting strange,speaker_wide_single_session,1
M02,Session2,0209,420,M02,all trials,11|12,coils acting strange,speaker_wide_single_session,1
M02,Session2,0210,420,M02,all trials,11|12,coils acting strange,speaker_wide_single_session,1
M02,Session2,0211,420,M02,all trials,11|12,coils acting strange,speaker_wide_single_session,1
M02,Session2,0212,420,M02,all trials,11|12,coils acting strange,speaker_wide_single_session,1
M02,Session2,0213,420,M02,all trials,11|12,coils acting strange,speaker_wide_single_session,1
M02,Session2,0214,420,M02,all trials,11|12,coils acting strange,speaker_wide_single_session,1
M02,Session2,0215,420,M02,all trials,11|12,coils acting strange,speaker_wide_single_session,1
M02,Session2,0216,420,M02,all trials,11|12,coils acting strange,speaker_wide_single_session,1
M02,Session2,0217,420,M02,all trials,11|12,coils acting strange,speaker_wide_single_session,1
M02,Session2,0218,420,M02,all trials,11|12,coils acting strange,speaker_wide_single_session,1
M02,Session2,0219,420,M02,all trials,11|12,coils acting strange,speaker_wide_single_session,1
M02,Session2,0220,420,M02,all trials,11|12,coils acting strange,speaker_wide_single_session,1
M02,Session2,0221,420,M02,all trials,11|12,coils acting strange,speaker_wide_single_session,1
M02,Session2,0222,420,M02,all trials,11|12,coils acting strange,speaker_wide_single_session,1
M02,Session2,0223,420,M02,all trials,11|12,coils acting strange,speaker_wide_single_session,1
M02,Session2,0224,420,M02,all trials,11|12,coils acting strange,speaker_wide_single_session,1
M02,Session2,0225,420,M02,all trials,11|12,coils acting strange,speaker_wide_single_session,1
M02,Session2,0226,420,M02,all trials,11|12,coils acting strange,speaker_wide_single_session,1
M02,Session2,0227,420,M02,all trials,11|12,coils acting strange,speaker_wide_single_session,1
M02,Session2,0228,420,M02,all trials,11|12,coils acting strange,speaker_wide_single_session,1
M02,Session2,0229,420,M02,all trials,11|12,coils acting strange,speaker_wide_single_session,1
M02,Session2,0230,420,M02,all trials,11|12,coils acting strange,speaker_wide_single_session,1
M02,Session2,0231,420,M02,all trials,11|12,coils acting strange,speaker_wide_single_session,1
M02,Session2,0232,420,M02,all trials,11|12,coils acting strange,speaker_wide_single_session,1
M02,Session2,0233,420,M02,all trials,11|12,coils acting strange,speaker_wide_single_session,1
M02,Session2,0234,420,M02,all trials,11|12,coils acting strange,speaker_wide_single_session,1
M02,Session2,0235,420,M02,all trials,11|12,coils acting strange,speaker_wide_single_session,1
M02,Session2,0236,420,M02,all trials,11|12,coils acting strange,speaker_wide_single_session,1
M02,Session2,0237,420,M02,all trials,11|12,coils acting strange,speaker_wide_single_session,1
M02,Session2,0238,420,M02,all trials,11|12,coils acting strange,speaker_wide_single_session,1
M02,Session2,0239,420,M02,all trials,11|12,coils acting strange,speaker_wide_single_session,1
M02,Session2,0240,420,M02,all trials,11|12,coils acting strange,speaker_wide_single_session,1
M02,Session2,0241,420,M02,all trials,11|12,coils acting strange,speaker_wide_single_session,1
M02,Session2,0242,420,M02,all trials,11|12,coils acting strange,speaker_wide_single_session,1
M03,Session2,0019,422,M03,19.0,,blank trial,unique,1
M03,Session2,0109,423,M03,109.0,1,large spike,unique,1
M03,Session2,0150,424,M03,150.0,1,spike,unique,1
M03,Session2,0247,425,M03,247.0,9,check spike,unique,1
M03,Session2,0262,426,M03,262.0,,blank trial,unique,1
M03,Session2,0263,427,M03,263.0,,blank trial,unique,1
M03,Session2,0274,428,M03,274.0,,blank trial?,unique,1
M03,Session2,0367,429,M03,367.0,9,noisy,unique,1
M03,Session2,0373,430,M03,373.0,9,noisy,unique,1
M03,Session2,0374,431,M03,374.0,9,noisy/spikes,unique,1
M04,Session2,0001,433,M04,1.0,9,check spike,unique,1
M04,Session2,0003,434,M04,3.0,6,spikes,unique,1
M04,Session2,0011,435,M04,11.0,10,check spikes,unique,1
M04,Session2,0012,436,M04,12.0,10,check spikes,unique,1
M04,Session2,0014,437,M04,14.0,9|10|11,check spikes,unique,1
M04,Session2,0015,438,M04,15.0,11,large spike,unique,1
M04,Session2,0016,439,M04,16.0,10,spikes,unique,1
M04,Session2,0017,440,M04,17.0,10,spikes,unique,1
M04,Session2,0018,441,M04,18.0,10,spikes,unique,1
M04,Session2,0019,442,M04,19.0,10,check spikes,unique,1
M04,Session2,0027,443,M04,27.0,10|12,spikes,unique,1
M04,Session2,0028,444,M04,28.0,10|12,spikes,unique,1
M04,Session2,0030,445,M04,30.0,10,check spikes,unique,1
M04,Session2,0031,446,M04,31.0,6|10,spikes,unique,1
M04,Session2,0032,447,M04,32.0,10|12,spikes,unique,1
M04,Session2,0033,448,M04,33.0,10,spikes,unique,1
M04,Session2,0037,449,M04,37.0,10,spikes,unique,1
M04,Session2,0039,450,M04,39.0,11,spike,unique,1
M04,Session2,0043,451,M04,43.0,10|11,check spikes,unique,1
M04,Session2,0044,452,M04,44.0,7,spikes,unique,1
M04,Session2,0046,453,M04,46.0,10,spikes,unique,1
M04,Session2,0047,454,M04,47.0,10,check spike,unique,1
M04,Session2,0048,455,M04,48.0,10,spike,unique,1
M04,Session2,0049,456,M04,49.0,10,spike,unique,1
M04,Session2,0051,457,M04,51.0,10,spike,unique,1
M04,Session2,0053,458,M04,53.0,10,spike,unique,1
M04,Session2,0055,459,M04,55.0,10,check spike,unique,1
M04,Session2,0056,460,M04,56.0,10,spike,unique,1
M04,Session2,0057,461,M04,57.0,9|10,spike,unique,1
M04,Session2,0064,462,M04,64.0,9|10,check spikes,unique,1
M04,Session2,0065,463,M04,65.0,7,check spike,unique,1
M04,Session2,0066,464,M04,66.0,4|6|9|10,check spikes,unique,1
M04,Session2,0068,465,M04,68.0,9,spikes,unique,1
M04,Session2,0069,466,M04,69.0,9,spikes,unique,1
M04,Session2,0072,467,M04,72.0,10,check spike,unique,1
M04,Session2,0073,468,M04,73.0,10,check coil,unique,1
M04,Session2,0075,469,M04,75.0,10|12,spikes,unique,1
M04,Session2,0077,470,M04,77.0,10,spike,unique,1
M04,Session2,0078,471,M04,78.0,10,check spikes,unique,1
M04,Session2,0079,472,M04,79.0,10,spike,unique,1
M04,Session2,0081,473,M04,81.0,11,looks like a step,unique,1
M04,Session2,0082,474,M04,82.0,10,spikes,unique,1
M04,Session2,0083,475,M04,83.0,10,spikes,unique,1
M04,Session2,0085,476,M04,85.0,10,noisy/spike,unique,1
M04,Session2,0086,477,M04,86 to 88,10,spikes,range_review,0
M04,Session2,0087,477,M04,86 to 88,10,spikes,range_review,0
M04,Session2,0088,477,M04,86 to 88,10,spikes,range_review,0
M04,Session2,0091,478,M04,91.0,10,spikes,unique,1
M04,Session2,0092,479,M04,92.0,9|10,spikes,unique,1
M04,Session2,0093,480,M04,93.0,9|10,check spikes,unique,1
M04,Session2,0094,481,M04,94.0,9|10,spikes,unique,1
M04,Session2,0101,482,M04,101.0,11,spike,unique,1
M04,Session2,0106,483,M04,106.0,6,spike,unique,1
M04,Session2,0114,484,M04,114.0,9,spikes,unique,1
M04,Session2,0118,485,M04,118.0,10,spikes,unique,1
M04,Session2,0119,486,M04,119.0,10,spikes,unique,1
M04,Session2,0123,487,M04,123.0,10,spikes,unique,1
M04,Session2,0125,488,M04,125.0,10,spikes,unique,1
M04,Session2,0127,489,M04,127.0,10,large spike,unique,1
M04,Session2,0132,490,M04,132.0,10,spikes,unique,1
M04,Session2,0133,491,M04,133.0,10,spikes,unique,1
M04,Session2,0136,492,M04,136.0,9|10,spikes,unique,1
M04,Session2,0142,493,M04,142.0,9,spike,unique,1
M04,Session2,0144,494,M04,144.0,9,spike,unique,1
M04,Session2,0146,495,M04,146.0,11,spike,unique,1
M04,Session2,0147,496,M04,147.0,11|12,"no movement, spike",unique,1
M04,Session2,0148,497,M04,148.0,9,spikes,unique,1
M04,Session2,0153,498,M04,153.0,10,spikes,unique,1
M04,Session2,0168,499,M04,168.0,9,check spikes,unique,1
M04,Session2,0174,500,M04,174.0,10,check spikes,unique,1
M04,Session2,0178,501,M04,178.0,9,check spike,unique,1
M04,Session2,0181,502,M04,181.0,,blank trial,unique,1
M04,Session2,0183,503,M04,183.0,7,check spike,unique,1
M04,Session2,0191,504,M04,191.0,7|9,spikes,unique,1
M04,Session2,0193,505,M04,193.0,7,spikes,unique,1
M04,Session2,0194,506,M04,194.0,10,spike,unique,1
M04,Session2,0203,507,M04,203.0,12,spike,unique,1
M04,Session2,0204,508,M04,204.0,10,check spike,unique,1
M04,Session2,0218,510,M04,218.0,9,spike,unique,1
M04,Session2,0219,511,M04,219.0,9|10,spikes,unique,1
M04,Session2,0223,512,M04,223.0,11,noisy,unique,1
M04,Session2,0228,513,M04,228.0,10|11,spikes,unique,1
M04,Session2,0230,514,M04,230.0,10,spikes,unique,1
M04,Session2,0231,515,M04,231.0,10,spikes,unique,1
M04,Session2,0239,516,M04,239.0,9,spike,unique,1
M04,Session2,0240,517,M04,240.0,9,spikes,unique,1
M04,Session2,0241,518,M04,241.0,9,spike,unique,1
M04,Session2,0242,519,M04,242.0,10|11,spikes,unique,1
M04,Session2,0248,520,M04,248.0,9,spikes/noisy,unique,1
M04,Session2,0258,521,M04,258.0,,blank trial,unique,1
M04,Session2,0259,522,M04,259.0,,blank trial,unique,1
M04,Session2,0273,523,M04,273.0,10,spikes,unique,1
M04,Session2,0275,524,M04,275.0,,blank trial,unique,1
M04,Session2,0276,525,M04,276.0,9|10,spikes,unique,1
M04,Session2,0283,526,M04,283.0,10,spikes,unique,1
M04,Session2,0284,527,M04,284.0,10,spikes,unique,1
M04,Session2,0285,528,M04,285.0,10,spikes,unique,1
M04,Session2,0287,529,M04,287.0,10,spikes,unique,1
M04,Session2,0294,530,M04,294.0,10,spike,unique,1
M04,Session2,0297,531,M04,297.0,10,spike,unique,1
M04,Session2,0001,532,M04,all trials,1|2|3|8,turned off,speaker_wide_single_session,1
M04,Session2,0002,532,M04,all trials,1|2|3|8,turned off,speaker_wide_single_session,1
M04,Session2,0003,532,M04,all trials,1|2|3|8,turned off,speaker_wide_single_session,1
M04,Session2,0004,532,M04,all trials,1|2|3|8,turned off,speaker_wide_single_session,1
M04,Session2,0005,532,M04,all trials,1|2|3|8,turned off,speaker_wide_single_session,1
M04,Session2,0006,532,M04,all trials,1|2|3|8,turned off,speaker_wide_single_session,1
M04,Session2,0007,532,M04,all trials,1|2|3|8,turned off,speaker_wide_single_session,1
M04,Session2,0008,532,M04,all trials,1|2|3|8,turned off,speaker_wide_single_session,1
M04,Session2,0009,532,M04,all trials,1|2|3|8,turned off,speaker_wide_single_session,1
M04,Session2,0010,532,M04,all trials,1|2|3|8,turned off,speaker_wide_single_session,1
M04,Session2,0011,532,M04,all trials,1|2|3|8,turned off,speaker_wide_single_session,1
M04,Session2,0012,532,M04,all trials,1|2|3|8,turned off,speaker_wide_single_session,1
M04,Session2,0013,532,M04,all trials,1|2|3|8,turned off,speaker_wide_single_session,1
M04,Session2,0014,532,M04,all trials,1|2|3|8,turned off,speaker_wide_single_session,1
M04,Session2,0015,532,M04,all trials,1|2|3|8,turned off,speaker_wide_single_session,1
M04,Session2,0016,532,M04,all trials,1|2|3|8,turned off,speaker_wide_single_session,1
M04,Session2,0017,532,M04,all trials,1|2|3|8,turned off,speaker_wide_single_session,1
M04,Session2,0018,532,M04,all trials,1|2|3|8,turned off,speaker_wide_single_session,1
M04,Session2,0019,532,M04,all trials,1|2|3|8,turned off,speaker_wide_single_session,1
M04,Session2,0020,532,M04,all trials,1|2|3|8,turned off,speaker_wide_single_session,1
M04,Session2,0021,532,M04,all trials,1|2|3|8,turned off,speaker_wide_single_session,1
M04,Session2,0022,532,M04,all trials,1|2|3|8,turned off,speaker_wide_single_session,1
M04,Session2,0023,532,M04,all trials,1|2|3|8,turned off,speaker_wide_single_session,1
M04,Session2,0024,532,M04,all trials,1|2|3|8,turned off,speaker_wide_single_session,1
M04,Session2,0025,532,M04,all trials,1|2|3|8,turned off,speaker_wide_single_session,1
M04,Session2,0026,532,M04,all trials,1|2|3|8,turned off,speaker_wide_single_session,1
M04,Session2,0027,532,M04,all trials,1|2|3|8,turned off,speaker_wide_single_session,1
M04,Session2,0028,532,M04,all trials,1|2|3|8,turned off,speaker_wide_single_session,1
M04,Session2,0029,532,M04,all trials,1|2|3|8,turned off,speaker_wide_single_session,1
M04,Session2,0030,532,M04,all trials,1|2|3|8,turned off,speaker_wide_single_session,1
M04,Session2,0031,532,M04,all trials,1|2|3|8,turned off,speaker_wide_single_session,1
M04,Session2,0032,532,M04,all trials,1|2|3|8,turned off,speaker_wide_single_session,1
M04,Session2,0033,532,M04,all trials,1|2|3|8,turned off,speaker_wide_single_session,1
M04,Session2,0034,532,M04,all trials,1|2|3|8,turned off,speaker_wide_single_session,1
M04,Session2,0035,532,M04,all trials,1|2|3|8,turned off,speaker_wide_single_session,1
M04,Session2,0036,532,M04,all trials,1|2|3|8,turned off,speaker_wide_single_session,1
M04,Session2,0037,532,M04,all trials,1|2|3|8,turned off,speaker_wide_single_session,1
M04,Session2,0038,532,M04,all trials,1|2|3|8,turned off,speaker_wide_single_session,1
M04,Session2,0039,532,M04,all trials,1|2|3|8,turned off,speaker_wide_single_session,1
M04,Session2,0040,532,M04,all trials,1|2|3|8,turned off,speaker_wide_single_session,1
M04,Session2,0041,532,M04,all trials,1|2|3|8,turned off,speaker_wide_single_session,1
M04,Session2,0042,532,M04,all trials,1|2|3|8,turned off,speaker_wide_single_session,1
M04,Session2,0043,532,M04,all trials,1|2|3|8,turned off,speaker_wide_single_session,1
M04,Session2,0044,532,M04,all trials,1|2|3|8,turned off,speaker_wide_single_session,1
M04,Session2,0045,532,M04,all trials,1|2|3|8,turned off,speaker_wide_single_session,1
M04,Session2,0046,532,M04,all trials,1|2|3|8,turned off,speaker_wide_single_session,1
M04,Session2,0047,532,M04,all trials,1|2|3|8,turned off,speaker_wide_single_session,1
M04,Session2,0048,532,M04,all trials,1|2|3|8,turned off,speaker_wide_single_session,1
M04,Session2,0049,532,M04,all trials,1|2|3|8,turned off,speaker_wide_single_session,1
M04,Session2,0050,532,M04,all trials,1|2|3|8,turned off,speaker_wide_single_session,1
M04,Session2,0051,532,M04,all trials,1|2|3|8,turned off,speaker_wide_single_session,1
M04,Session2,0052,532,M04,all trials,1|2|3|8,turned off,speaker_wide_single_session,1
M04,Session2,0053,532,M04,all trials,1|2|3|8,turned off,speaker_wide_single_session,1
M04,Session2,0054,532,M04,all trials,1|2|3|8,turned off,speaker_wide_single_session,1
M04,Session2,0055,532,M04,all trials,1|2|3|8,turned off,speaker_wide_single_session,1
M04,Session2,0056,532,M04,all trials,1|2|3|8,turned off,speaker_wide_single_session,1
M04,Session2,0057,532,M04,all trials,1|2|3|8,turned off,speaker_wide_single_session,1
M04,Session2,0058,532,M04,all trials,1|2|3|8,turned off,speaker_wide_single_session,1
M04,Session2,0059,532,M04,all trials,1|2|3|8,turned off,speaker_wide_single_session,1
M04,Session2,0060,532,M04,all trials,1|2|3|8,turned off,speaker_wide_single_session,1
M04,Session2,0061,532,M04,all trials,1|2|3|8,turned off,speaker_wide_single_session,1
M04,Session2,0062,532,M04,all trials,1|2|3|8,turned off,speaker_wide_single_session,1
M04,Session2,0063,532,M04,all trials,1|2|3|8,turned off,speaker_wide_single_session,1
M04,Session2,0064,532,M04,all trials,1|2|3|8,turned off,speaker_wide_single_session,1
M04,Session2,0065,532,M04,all trials,1|2|3|8,turned off,speaker_wide_single_session,1
M04,Session2,0066,532,M04,all trials,1|2|3|8,turned off,speaker_wide_single_session,1
M04,Session2,0067,532,M04,all trials,1|2|3|8,turned off,speaker_wide_single_session,1
M04,Session2,0068,532,M04,all trials,1|2|3|8,turned off,speaker_wide_single_session,1
M04,Session2,0069,532,M04,all trials,1|2|3|8,turned off,speaker_wide_single_session,1
M04,Session2,0070,532,M04,all trials,1|2|3|8,turned off,speaker_wide_single_session,1
M04,Session2,0071,532,M04,all trials,1|2|3|8,turned off,speaker_wide_single_session,1
M04,Session2,0072,532,M04,all trials,1|2|3|8,turned off,speaker_wide_single_session,1
M04,Session2,0073,532,M04,all trials,1|2|3|8,turned off,speaker_wide_single_session,1
M04,Session2,0074,532,M04,all trials,1|2|3|8,turned off,speaker_wide_single_session,1
M04,Session2,0075,532,M04,all trials,1|2|3|8,turned off,speaker_wide_single_session,1
M04,Session2,0076,532,M04,all trials,1|2|3|8,turned off,speaker_wide_single_session,1
M04,Session2,0077,532,M04,all trials,1|2|3|8,turned off,speaker_wide_single_session,1
M04,Session2,0078,532,M04,all trials,1|2|3|8,turned off,speaker_wide_single_session,1
M04,Session2,0079,532,M04,all trials,1|2|3|8,turned off,speaker_wide_single_session,1
M04,Session2,0080,532,M04,all trials,1|2|3|8,turned off,speaker_wide_single_session,1
M04,Session2,0081,532,M04,all trials,1|2|3|8,turned off,speaker_wide_single_session,1
M04,Session2,0082,532,M04,all trials,1|2|3|8,turned off,speaker_wide_single_session,1
M04,Session2,0083,532,M04,all trials,1|2|3|8,turned off,speaker_wide_single_session,1
M04,Session2,0084,532,M04,all trials,1|2|3|8,turned off,speaker_wide_single_session,1
M04,Session2,0085,532,M04,all trials,1|2|3|8,turned off,speaker_wide_single_session,1
M04,Session2,0086,532,M04,all trials,1|2|3|8,turned off,speaker_wide_single_session,1
M04,Session2,0087,532,M04,all trials,1|2|3|8,turned off,speaker_wide_single_session,1
M04,Session2,0088,532,M04,all trials,1|2|3|8,turned off,speaker_wide_single_session,1
M04,Session2,0089,532,M04,all trials,1|2|3|8,turned off,speaker_wide_single_session,1
M04,Session2,0090,532,M04,all trials,1|2|3|8,turned off,speaker_wide_single_session,1
M04,Session2,0091,532,M04,all trials,1|2|3|8,turned off,speaker_wide_single_session,1
M04,Session2,0092,532,M04,all trials,1|2|3|8,turned off,speaker_wide_single_session,1
M04,Session2,0093,532,M04,all trials,1|2|3|8,turned off,speaker_wide_single_session,1
M04,Session2,0094,532,M04,all trials,1|2|3|8,turned off,speaker_wide_single_session,1
M04,Session2,0095,532,M04,all trials,1|2|3|8,turned off,speaker_wide_single_session,1
M04,Session2,0096,532,M04,all trials,1|2|3|8,turned off,speaker_wide_single_session,1
M04,Session2,0097,532,M04,all trials,1|2|3|8,turned off,speaker_wide_single_session,1
M04,Session2,0098,532,M04,all trials,1|2|3|8,turned off,speaker_wide_single_session,1
M04,Session2,0099,532,M04,all trials,1|2|3|8,turned off,speaker_wide_single_session,1
M04,Session2,0100,532,M04,all trials,1|2|3|8,turned off,speaker_wide_single_session,1
M04,Session2,0101,532,M04,all trials,1|2|3|8,turned off,speaker_wide_single_session,1
M04,Session2,0102,532,M04,all trials,1|2|3|8,turned off,speaker_wide_single_session,1
M04,Session2,0103,532,M04,all trials,1|2|3|8,turned off,speaker_wide_single_session,1
M04,Session2,0104,532,M04,all trials,1|2|3|8,turned off,speaker_wide_single_session,1
M04,Session2,0105,532,M04,all trials,1|2|3|8,turned off,speaker_wide_single_session,1
M04,Session2,0106,532,M04,all trials,1|2|3|8,turned off,speaker_wide_single_session,1
M04,Session2,0107,532,M04,all trials,1|2|3|8,turned off,speaker_wide_single_session,1
M04,Session2,0108,532,M04,all trials,1|2|3|8,turned off,speaker_wide_single_session,1
M04,Session2,0109,532,M04,all trials,1|2|3|8,turned off,speaker_wide_single_session,1
M04,Session2,0110,532,M04,all trials,1|2|3|8,turned off,speaker_wide_single_session,1
M04,Session2,0111,532,M04,all trials,1|2|3|8,turned off,speaker_wide_single_session,1
M04,Session2,0112,532,M04,all trials,1|2|3|8,turned off,speaker_wide_single_session,1
M04,Session2,0113,532,M04,all trials,1|2|3|8,turned off,speaker_wide_single_session,1
M04,Session2,0114,532,M04,all trials,1|2|3|8,turned off,speaker_wide_single_session,1
M04,Session2,0115,532,M04,all trials,1|2|3|8,turned off,speaker_wide_single_session,1
M04,Session2,0116,532,M04,all trials,1|2|3|8,turned off,speaker_wide_single_session,1
M04,Session2,0117,532,M04,all trials,1|2|3|8,turned off,speaker_wide_single_session,1
M04,Session2,0118,532,M04,all trials,1|2|3|8,turned off,speaker_wide_single_session,1
M04,Session2,0119,532,M04,all trials,1|2|3|8,turned off,speaker_wide_single_session,1
M04,Session2,0120,532,M04,all trials,1|2|3|8,turned off,speaker_wide_single_session,1
M04,Session2,0121,532,M04,all trials,1|2|3|8,turned off,speaker_wide_single_session,1
M04,Session2,0122,532,M04,all trials,1|2|3|8,turned off,speaker_wide_single_session,1
M04,Session2,0123,532,M04,all trials,1|2|3|8,turned off,speaker_wide_single_session,1
M04,Session2,0124,532,M04,all trials,1|2|3|8,turned off,speaker_wide_single_session,1
M04,Session2,0125,532,M04,all trials,1|2|3|8,turned off,speaker_wide_single_session,1
M04,Session2,0126,532,M04,all trials,1|2|3|8,turned off,speaker_wide_single_session,1
M04,Session2,0127,532,M04,all trials,1|2|3|8,turned off,speaker_wide_single_session,1
M04,Session2,0128,532,M04,all trials,1|2|3|8,turned off,speaker_wide_single_session,1
M04,Session2,0129,532,M04,all trials,1|2|3|8,turned off,speaker_wide_single_session,1
M04,Session2,0130,532,M04,all trials,1|2|3|8,turned off,speaker_wide_single_session,1
M04,Session2,0131,532,M04,all trials,1|2|3|8,turned off,speaker_wide_single_session,1
M04,Session2,0132,532,M04,all trials,1|2|3|8,turned off,speaker_wide_single_session,1
M04,Session2,0133,532,M04,all trials,1|2|3|8,turned off,speaker_wide_single_session,1
M04,Session2,0134,532,M04,all trials,1|2|3|8,turned off,speaker_wide_single_session,1
M04,Session2,0135,532,M04,all trials,1|2|3|8,turned off,speaker_wide_single_session,1
M04,Session2,0136,532,M04,all trials,1|2|3|8,turned off,speaker_wide_single_session,1
M04,Session2,0137,532,M04,all trials,1|2|3|8,turned off,speaker_wide_single_session,1
M04,Session2,0138,532,M04,all trials,1|2|3|8,turned off,speaker_wide_single_session,1
M04,Session2,0139,532,M04,all trials,1|2|3|8,turned off,speaker_wide_single_session,1
M04,Session2,0140,532,M04,all trials,1|2|3|8,turned off,speaker_wide_single_session,1
M04,Session2,0141,532,M04,all trials,1|2|3|8,turned off,speaker_wide_single_session,1
M04,Session2,0142,532,M04,all trials,1|2|3|8,turned off,speaker_wide_single_session,1
M04,Session2,0143,532,M04,all trials,1|2|3|8,turned off,speaker_wide_single_session,1
M04,Session2,0144,532,M04,all trials,1|2|3|8,turned off,speaker_wide_single_session,1
M04,Session2,0145,532,M04,all trials,1|2|3|8,turned off,speaker_wide_single_session,1
M04,Session2,0146,532,M04,all trials,1|2|3|8,turned off,speaker_wide_single_session,1
M04,Session2,0147,532,M04,all trials,1|2|3|8,turned off,speaker_wide_single_session,1
M04,Session2,0148,532,M04,all trials,1|2|3|8,turned off,speaker_wide_single_session,1
M04,Session2,0149,532,M04,all trials,1|2|3|8,turned off,speaker_wide_single_session,1
M04,Session2,0150,532,M04,all trials,1|2|3|8,turned off,speaker_wide_single_session,1
M04,Session2,0151,532,M04,all trials,1|2|3|8,turned off,speaker_wide_single_session,1
M04,Session2,0152,532,M04,all trials,1|2|3|8,turned off,speaker_wide_single_session,1
M04,Session2,0153,532,M04,all trials,1|2|3|8,turned off,speaker_wide_single_session,1
M04,Session2,0154,532,M04,all trials,1|2|3|8,turned off,speaker_wide_single_session,1
M04,Session2,0155,532,M04,all trials,1|2|3|8,turned off,speaker_wide_single_session,1
M04,Session2,0156,532,M04,all trials,1|2|3|8,turned off,speaker_wide_single_session,1
M04,Session2,0157,532,M04,all trials,1|2|3|8,turned off,speaker_wide_single_session,1
M04,Session2,0158,532,M04,all trials,1|2|3|8,turned off,speaker_wide_single_session,1
M04,Session2,0159,532,M04,all trials,1|2|3|8,turned off,speaker_wide_single_session,1
M04,Session2,0160,532,M04,all trials,1|2|3|8,turned off,speaker_wide_single_session,1
M04,Session2,0161,532,M04,all trials,1|2|3|8,turned off,speaker_wide_single_session,1
M04,Session2,0162,532,M04,all trials,1|2|3|8,turned off,speaker_wide_single_session,1
M04,Session2,0163,532,M04,all trials,1|2|3|8,turned off,speaker_wide_single_session,1
M04,Session2,0164,532,M04,all trials,1|2|3|8,turned off,speaker_wide_single_session,1
M04,Session2,0165,532,M04,all trials,1|2|3|8,turned off,speaker_wide_single_session,1
M04,Session2,0166,532,M04,all trials,1|2|3|8,turned off,speaker_wide_single_session,1
M04,Session2,0167,532,M04,all trials,1|2|3|8,turned off,speaker_wide_single_session,1
M04,Session2,0168,532,M04,all trials,1|2|3|8,turned off,speaker_wide_single_session,1
M04,Session2,0169,532,M04,all trials,1|2|3|8,turned off,speaker_wide_single_session,1
M04,Session2,0170,532,M04,all trials,1|2|3|8,turned off,speaker_wide_single_session,1
M04,Session2,0171,532,M04,all trials,1|2|3|8,turned off,speaker_wide_single_session,1
M04,Session2,0172,532,M04,all trials,1|2|3|8,turned off,speaker_wide_single_session,1
M04,Session2,0173,532,M04,all trials,1|2|3|8,turned off,speaker_wide_single_session,1
M04,Session2,0174,532,M04,all trials,1|2|3|8,turned off,speaker_wide_single_session,1
M04,Session2,0175,532,M04,all trials,1|2|3|8,turned off,speaker_wide_single_session,1
M04,Session2,0176,532,M04,all trials,1|2|3|8,turned off,speaker_wide_single_session,1
M04,Session2,0177,532,M04,all trials,1|2|3|8,turned off,speaker_wide_single_session,1
M04,Session2,0178,532,M04,all trials,1|2|3|8,turned off,speaker_wide_single_session,1
M04,Session2,0179,532,M04,all trials,1|2|3|8,turned off,speaker_wide_single_session,1
M04,Session2,0180,532,M04,all trials,1|2|3|8,turned off,speaker_wide_single_session,1
M04,Session2,0181,532,M04,all trials,1|2|3|8,turned off,speaker_wide_single_session,1
M04,Session2,0182,532,M04,all trials,1|2|3|8,turned off,speaker_wide_single_session,1
M04,Session2,0183,532,M04,all trials,1|2|3|8,turned off,speaker_wide_single_session,1
M04,Session2,0184,532,M04,all trials,1|2|3|8,turned off,speaker_wide_single_session,1
M04,Session2,0185,532,M04,all trials,1|2|3|8,turned off,speaker_wide_single_session,1
M04,Session2,0186,532,M04,all trials,1|2|3|8,turned off,speaker_wide_single_session,1
M04,Session2,0187,532,M04,all trials,1|2|3|8,turned off,speaker_wide_single_session,1
M04,Session2,0188,532,M04,all trials,1|2|3|8,turned off,speaker_wide_single_session,1
M04,Session2,0189,532,M04,all trials,1|2|3|8,turned off,speaker_wide_single_session,1
M04,Session2,0190,532,M04,all trials,1|2|3|8,turned off,speaker_wide_single_session,1
M04,Session2,0191,532,M04,all trials,1|2|3|8,turned off,speaker_wide_single_session,1
M04,Session2,0192,532,M04,all trials,1|2|3|8,turned off,speaker_wide_single_session,1
M04,Session2,0193,532,M04,all trials,1|2|3|8,turned off,speaker_wide_single_session,1
M04,Session2,0194,532,M04,all trials,1|2|3|8,turned off,speaker_wide_single_session,1
M04,Session2,0195,532,M04,all trials,1|2|3|8,turned off,speaker_wide_single_session,1
M04,Session2,0196,532,M04,all trials,1|2|3|8,turned off,speaker_wide_single_session,1
M04,Session2,0197,532,M04,all trials,1|2|3|8,turned off,speaker_wide_single_session,1
M04,Session2,0198,532,M04,all trials,1|2|3|8,turned off,speaker_wide_single_session,1
M04,Session2,0199,532,M04,all trials,1|2|3|8,turned off,speaker_wide_single_session,1
M04,Session2,0200,532,M04,all trials,1|2|3|8,turned off,speaker_wide_single_session,1
M04,Session2,0201,532,M04,all trials,1|2|3|8,turned off,speaker_wide_single_session,1
M04,Session2,0202,532,M04,all trials,1|2|3|8,turned off,speaker_wide_single_session,1
M04,Session2,0203,532,M04,all trials,1|2|3|8,turned off,speaker_wide_single_session,1
M04,Session2,0204,532,M04,all trials,1|2|3|8,turned off,speaker_wide_single_session,1
M04,Session2,0205,532,M04,all trials,1|2|3|8,turned off,speaker_wide_single_session,1
M04,Session2,0206,532,M04,all trials,1|2|3|8,turned off,speaker_wide_single_session,1
M04,Session2,0207,532,M04,all trials,1|2|3|8,turned off,speaker_wide_single_session,1
M04,Session2,0208,532,M04,all trials,1|2|3|8,turned off,speaker_wide_single_session,1
M04,Session2,0209,532,M04,all trials,1|2|3|8,turned off,speaker_wide_single_session,1
M04,Session2,0210,532,M04,all trials,1|2|3|8,turned off,speaker_wide_single_session,1
M04,Session2,0211,532,M04,all trials,1|2|3|8,turned off,speaker_wide_single_session,1
M04,Session2,0212,532,M04,all trials,1|2|3|8,turned off,speaker_wide_single_session,1
M04,Session2,0213,532,M04,all trials,1|2|3|8,turned off,speaker_wide_single_session,1
M04,Session2,0214,532,M04,all trials,1|2|3|8,turned off,speaker_wide_single_session,1
M04,Session2,0215,532,M04,all trials,1|2|3|8,turned off,speaker_wide_single_session,1
M04,Session2,0216,532,M04,all trials,1|2|3|8,turned off,speaker_wide_single_session,1
M04,Session2,0217,532,M04,all trials,1|2|3|8,turned off,speaker_wide_single_session,1
M04,Session2,0218,532,M04,all trials,1|2|3|8,turned off,speaker_wide_single_session,1
M04,Session2,0219,532,M04,all trials,1|2|3|8,turned off,speaker_wide_single_session,1
M04,Session2,0220,532,M04,all trials,1|2|3|8,turned off,speaker_wide_single_session,1
M04,Session2,0221,532,M04,all trials,1|2|3|8,turned off,speaker_wide_single_session,1
M04,Session2,0222,532,M04,all trials,1|2|3|8,turned off,speaker_wide_single_session,1
M04,Session2,0223,532,M04,all trials,1|2|3|8,turned off,speaker_wide_single_session,1
M04,Session2,0224,532,M04,all trials,1|2|3|8,turned off,speaker_wide_single_session,1
M04,Session2,0225,532,M04,all trials,1|2|3|8,turned off,speaker_wide_single_session,1
M04,Session2,0226,532,M04,all trials,1|2|3|8,turned off,speaker_wide_single_session,1
M04,Session2,0227,532,M04,all trials,1|2|3|8,turned off,speaker_wide_single_session,1
M04,Session2,0228,532,M04,all trials,1|2|3|8,turned off,speaker_wide_single_session,1
M04,Session2,0229,532,M04,all trials,1|2|3|8,turned off,speaker_wide_single_session,1
M04,Session2,0230,532,M04,all trials,1|2|3|8,turned off,speaker_wide_single_session,1
M04,Session2,0231,532,M04,all trials,1|2|3|8,turned off,speaker_wide_single_session,1
M04,Session2,0232,532,M04,all trials,1|2|3|8,turned off,speaker_wide_single_session,1
M04,Session2,0233,532,M04,all trials,1|2|3|8,turned off,speaker_wide_single_session,1
M04,Session2,0234,532,M04,all trials,1|2|3|8,turned off,speaker_wide_single_session,1
M04,Session2,0235,532,M04,all trials,1|2|3|8,turned off,speaker_wide_single_session,1
M04,Session2,0236,532,M04,all trials,1|2|3|8,turned off,speaker_wide_single_session,1
M04,Session2,0237,532,M04,all trials,1|2|3|8,turned off,speaker_wide_single_session,1
M04,Session2,0238,532,M04,all trials,1|2|3|8,turned off,speaker_wide_single_session,1
M04,Session2,0239,532,M04,all trials,1|2|3|8,turned off,speaker_wide_single_session,1
M04,Session2,0240,532,M04,all trials,1|2|3|8,turned off,speaker_wide_single_session,1
M04,Session2,0241,532,M04,all trials,1|2|3|8,turned off,speaker_wide_single_session,1
M04,Session2,0242,532,M04,all trials,1|2|3|8,turned off,speaker_wide_single_session,1
M04,Session2,0243,532,M04,all trials,1|2|3|8,turned off,speaker_wide_single_session,1
M04,Session2,0244,532,M04,all trials,1|2|3|8,turned off,speaker_wide_single_session,1
M04,Session2,0245,532,M04,all trials,1|2|3|8,turned off,speaker_wide_single_session,1
M04,Session2,0246,532,M04,all trials,1|2|3|8,turned off,speaker_wide_single_session,1
M04,Session2,0247,532,M04,all trials,1|2|3|8,turned off,speaker_wide_single_session,1
M04,Session2,0248,532,M04,all trials,1|2|3|8,turned off,speaker_wide_single_session,1
M04,Session2,0249,532,M04,all trials,1|2|3|8,turned off,speaker_wide_single_session,1
M04,Session2,0250,532,M04,all trials,1|2|3|8,turned off,speaker_wide_single_session,1
M04,Session2,0251,532,M04,all trials,1|2|3|8,turned off,speaker_wide_single_session,1
M04,Session2,0252,532,M04,all trials,1|2|3|8,turned off,speaker_wide_single_session,1
M04,Session2,0253,532,M04,all trials,1|2|3|8,turned off,speaker_wide_single_session,1
M04,Session2,0254,532,M04,all trials,1|2|3|8,turned off,speaker_wide_single_session,1
M04,Session2,0255,532,M04,all trials,1|2|3|8,turned off,speaker_wide_single_session,1
M04,Session2,0256,532,M04,all trials,1|2|3|8,turned off,speaker_wide_single_session,1
M04,Session2,0257,532,M04,all trials,1|2|3|8,turned off,speaker_wide_single_session,1
M04,Session2,0258,532,M04,all trials,1|2|3|8,turned off,speaker_wide_single_session,1
M04,Session2,0259,532,M04,all trials,1|2|3|8,turned off,speaker_wide_single_session,1
M04,Session2,0260,532,M04,all trials,1|2|3|8,turned off,speaker_wide_single_session,1
M04,Session2,0261,532,M04,all trials,1|2|3|8,turned off,speaker_wide_single_session,1
M04,Session2,0262,532,M04,all trials,1|2|3|8,turned off,speaker_wide_single_session,1
M04,Session2,0263,532,M04,all trials,1|2|3|8,turned off,speaker_wide_single_session,1
M04,Session2,0264,532,M04,all trials,1|2|3|8,turned off,speaker_wide_single_session,1
M04,Session2,0265,532,M04,all trials,1|2|3|8,turned off,speaker_wide_single_session,1
M04,Session2,0266,532,M04,all trials,1|2|3|8,turned off,speaker_wide_single_session,1
M04,Session2,0267,532,M04,all trials,1|2|3|8,turned off,speaker_wide_single_session,1
M04,Session2,0268,532,M04,all trials,1|2|3|8,turned off,speaker_wide_single_session,1
M04,Session2,0269,532,M04,all trials,1|2|3|8,turned off,speaker_wide_single_session,1
M04,Session2,0270,532,M04,all trials,1|2|3|8,turned off,speaker_wide_single_session,1
M04,Session2,0271,532,M04,all trials,1|2|3|8,turned off,speaker_wide_single_session,1
M04,Session2,0272,532,M04,all trials,1|2|3|8,turned off,speaker_wide_single_session,1
M04,Session2,0273,532,M04,all trials,1|2|3|8,turned off,speaker_wide_single_session,1
M04,Session2,0274,532,M04,all trials,1|2|3|8,turned off,speaker_wide_single_session,1
M04,Session2,0275,532,M04,all trials,1|2|3|8,turned off,speaker_wide_single_session,1
M04,Session2,0276,532,M04,all trials,1|2|3|8,turned off,speaker_wide_single_session,1
M04,Session2,0277,532,M04,all trials,1|2|3|8,turned off,speaker_wide_single_session,1
M04,Session2,0278,532,M04,all trials,1|2|3|8,turned off,speaker_wide_single_session,1
M04,Session2,0279,532,M04,all trials,1|2|3|8,turned off,speaker_wide_single_session,1
M04,Session2,0280,532,M04,all trials,1|2|3|8,turned off,speaker_wide_single_session,1
M04,Session2,0281,532,M04,all trials,1|2|3|8,turned off,speaker_wide_single_session,1
M04,Session2,0282,532,M04,all trials,1|2|3|8,turned off,speaker_wide_single_session,1
M04,Session2,0283,532,M04,all trials,1|2|3|8,turned off,speaker_wide_single_session,1
M04,Session2,0284,532,M04,all trials,1|2|3|8,turned off,speaker_wide_single_session,1
M04,Session2,0285,532,M04,all trials,1|2|3|8,turned off,speaker_wide_single_session,1
M04,Session2,0286,532,M04,all trials,1|2|3|8,turned off,speaker_wide_single_session,1
M04,Session2,0287,532,M04,all trials,1|2|3|8,turned off,speaker_wide_single_session,1
M04,Session2,0288,532,M04,all trials,1|2|3|8,turned off,speaker_wide_single_session,1
M04,Session2,0289,532,M04,all trials,1|2|3|8,turned off,speaker_wide_single_session,1
M04,Session2,0290,532,M04,all trials,1|2|3|8,turned off,speaker_wide_single_session,1
M04,Session2,0291,532,M04,all trials,1|2|3|8,turned off,speaker_wide_single_session,1
M04,Session2,0292,532,M04,all trials,1|2|3|8,turned off,speaker_wide_single_session,1
M04,Session2,0293,532,M04,all trials,1|2|3|8,turned off,speaker_wide_single_session,1
M04,Session2,0294,532,M04,all trials,1|2|3|8,turned off,speaker_wide_single_session,1
M04,Session2,0295,532,M04,all trials,1|2|3|8,turned off,speaker_wide_single_session,1
M04,Session2,0296,532,M04,all trials,1|2|3|8,turned off,speaker_wide_single_session,1
M04,Session2,0297,532,M04,all trials,1|2|3|8,turned off,speaker_wide_single_session,1
M04,Session2,0298,532,M04,all trials,1|2|3|8,turned off,speaker_wide_single_session,1
F04,Session2,0007,534,F04,7.0,10,large spike,unique,1
F04,Session2,0009,535,F04,9.0,2,spike,unique,1
F04,Session2,0014,536,F04,14.0,10,check spike,unique,1
F04,Session2,0015,537,F04,15.0,10,check coil,unique,1
F04,Session2,0020,538,F04,20.0,2,spike,unique,1
F04,Session2,0024,539,F04,24.0,1,check coil,unique,1
F04,Session2,0037,540,F04,37.0,1,spike,unique,1
F04,Session2,0045,541,F04,45.0,1,spike,unique,1
F04,Session2,0047,542,F04,47.0,3,spikes,unique,1
F04,Session2,0052,543,F04,52.0,1|3,spikes,unique,1
F04,Session2,0053,544,F04,53.0,1|3,spikes,unique,1
F04,Session2,0054,545,F04,54.0,3,spike,unique,1
F04,Session2,0058,546,F04,58.0,2|3,spikes,unique,1
F04,Session2,0059,547,F04,59.0,3,spike,unique,1
F04,Session2,0061,548,F04,61.0,1|2,spikes,unique,1
F04,Session2,0062,549,F04,62.0,3,check spikes,unique,1
F04,Session2,0065,550,F04,65.0,3,spikes,unique,1
F04,Session2,0067,551,F04,67.0,2,spikes,unique,1
F04,Session2,0068,552,F04,68.0,,blank trial?,unique,1
F04,Session2,0075,553,F04,75.0,10,spikes,unique,1
F04,Session2,0079,554,F04,79.0,10,spike,unique,1
F04,Session2,0080,555,F04,80.0,10,large spike,unique,1
F04,Session2,0081,556,F04,81.0,10,large spike,unique,1
F04,Session2,0083,557,F04,83.0,10,spike,unique,1
F04,Session2,0084,558,F04,84.0,10,spike,unique,1
F04,Session2,0087,559,F04,87.0,10,spike,unique,1
F04,Session2,0088,560,F04,88.0,1|10,spikes,unique,1
F04,Session2,0089,561,F04,89.0,10,check coil,unique,1
F04,Session2,0090,562,F04,90.0,10,spike,unique,1
F04,Session2,0095,563,F04,95.0,10,spike,unique,1
F04,Session2,0104,564,F04,104.0,10,large spike,unique,1
F04,Session2,0114,565,F04,114.0,10,spikes,unique,1
F04,Session2,0129,567,F04,129.0,2,check spikes,unique,1
F04,Session2,0134,568,F04,134.0,2,check spikes,unique,1
F04,Session2,0139,569,F04,139.0,3,large spike,unique,1
F04,Session2,0140,570,F04,140.0,1|2,spikes,unique,1
F04,Session2,0141,571,F04,141.0,3,check coil,unique,1
F04,Session2,0143,572,F04,143.0,6,spikes,unique,1
F04,Session2,0144,573,F04,144.0,1|2,spikes,unique,1
F04,Session2,0147,574,F04,147.0,1|2,spikes,unique,1
F04,Session2,0148,575,F04,148.0,3,large spike,unique,1
F04,Session2,0157,576,F04,157.0,1|2,spikes,unique,1
F04,Session2,0165,577,F04,165.0,,blank trial?,unique,1
F04,Session2,0166,578,F04,166.0,2,spikes,unique,1
F04,Session2,0170,579,F04,170.0,2,spike,unique,1
F04,Session2,0173,580,F04,173.0,2,spike,unique,1
F04,Session2,0182,581,F04,182.0,2,check spike,unique,1
F04,Session2,0225,582,F04,225.0,1,noisy/spike,unique,1
F04,Session2,0226,583,F04,226.0,1|2,check spikes,unique,1
F04,Session2,0227,584,F04,227.0,2|3,spikes,unique,1
F04,Session2,0232,585,F04,232.0,2,spike,unique,1
F04,Session2,0233,586,F04,233.0,2|7,spikes,unique,1
F04,Session2,0238,587,F04,238.0,1,spike,unique,1
F04,Session2,0240,588,F04,240.0,2,spikes,unique,1
F04,Session2,0001,589,F04,all trials,10,coil acting strange,speaker_wide_single_session,1
F04,Session2,0002,589,F04,all trials,10,coil acting strange,speaker_wide_single_session,1
F04,Session2,0003,589,F04,all trials,10,coil acting strange,speaker_wide_single_session,1
F04,Session2,0004,589,F04,all trials,10,coil acting strange,speaker_wide_single_session,1
F04,Session2,0005,589,F04,all trials,10,coil acting strange,speaker_wide_single_session,1
F04,Session2,0006,589,F04,all trials,10,coil acting strange,speaker_wide_single_session,1
F04,Session2,0007,589,F04,all trials,10,coil acting strange,speaker_wide_single_session,1
F04,Session2,0008,589,F04,all trials,10,coil acting strange,speaker_wide_single_session,1
F04,Session2,0009,589,F04,all trials,10,coil acting strange,speaker_wide_single_session,1
F04,Session2,0010,589,F04,all trials,10,coil acting strange,speaker_wide_single_session,1
F04,Session2,0011,589,F04,all trials,10,coil acting strange,speaker_wide_single_session,1
F04,Session2,0012,589,F04,all trials,10,coil acting strange,speaker_wide_single_session,1
F04,Session2,0013,589,F04,all trials,10,coil acting strange,speaker_wide_single_session,1
F04,Session2,0014,589,F04,all trials,10,coil acting strange,speaker_wide_single_session,1
F04,Session2,0015,589,F04,all trials,10,coil acting strange,speaker_wide_single_session,1
F04,Session2,0016,589,F04,all trials,10,coil acting strange,speaker_wide_single_session,1
F04,Session2,0017,589,F04,all trials,10,coil acting strange,speaker_wide_single_session,1
F04,Session2,0018,589,F04,all trials,10,coil acting strange,speaker_wide_single_session,1
F04,Session2,0019,589,F04,all trials,10,coil acting strange,speaker_wide_single_session,1
F04,Session2,0020,589,F04,all trials,10,coil acting strange,speaker_wide_single_session,1
F04,Session2,0021,589,F04,all trials,10,coil acting strange,speaker_wide_single_session,1
F04,Session2,0022,589,F04,all trials,10,coil acting strange,speaker_wide_single_session,1
F04,Session2,0023,589,F04,all trials,10,coil acting strange,speaker_wide_single_session,1
F04,Session2,0024,589,F04,all trials,10,coil acting strange,speaker_wide_single_session,1
F04,Session2,0025,589,F04,all trials,10,coil acting strange,speaker_wide_single_session,1
F04,Session2,0026,589,F04,all trials,10,coil acting strange,speaker_wide_single_session,1
F04,Session2,0027,589,F04,all trials,10,coil acting strange,speaker_wide_single_session,1
F04,Session2,0028,589,F04,all trials,10,coil acting strange,speaker_wide_single_session,1
F04,Session2,0029,589,F04,all trials,10,coil acting strange,speaker_wide_single_session,1
F04,Session2,0030,589,F04,all trials,10,coil acting strange,speaker_wide_single_session,1
F04,Session2,0031,589,F04,all trials,10,coil acting strange,speaker_wide_single_session,1
F04,Session2,0032,589,F04,all trials,10,coil acting strange,speaker_wide_single_session,1
F04,Session2,0033,589,F04,all trials,10,coil acting strange,speaker_wide_single_session,1
F04,Session2,0034,589,F04,all trials,10,coil acting strange,speaker_wide_single_session,1
F04,Session2,0035,589,F04,all trials,10,coil acting strange,speaker_wide_single_session,1
F04,Session2,0036,589,F04,all trials,10,coil acting strange,speaker_wide_single_session,1
F04,Session2,0037,589,F04,all trials,10,coil acting strange,speaker_wide_single_session,1
F04,Session2,0038,589,F04,all trials,10,coil acting strange,speaker_wide_single_session,1
F04,Session2,0039,589,F04,all trials,10,coil acting strange,speaker_wide_single_session,1
F04,Session2,0040,589,F04,all trials,10,coil acting strange,speaker_wide_single_session,1
F04,Session2,0041,589,F04,all trials,10,coil acting strange,speaker_wide_single_session,1
F04,Session2,0042,589,F04,all trials,10,coil acting strange,speaker_wide_single_session,1
F04,Session2,0043,589,F04,all trials,10,coil acting strange,speaker_wide_single_session,1
F04,Session2,0044,589,F04,all trials,10,coil acting strange,speaker_wide_single_session,1
F04,Session2,0045,589,F04,all trials,10,coil acting strange,speaker_wide_single_session,1
F04,Session2,0046,589,F04,all trials,10,coil acting strange,speaker_wide_single_session,1
F04,Session2,0047,589,F04,all trials,10,coil acting strange,speaker_wide_single_session,1
F04,Session2,0048,589,F04,all trials,10,coil acting strange,speaker_wide_single_session,1
F04,Session2,0049,589,F04,all trials,10,coil acting strange,speaker_wide_single_session,1
F04,Session2,0050,589,F04,all trials,10,coil acting strange,speaker_wide_single_session,1
F04,Session2,0051,589,F04,all trials,10,coil acting strange,speaker_wide_single_session,1
F04,Session2,0052,589,F04,all trials,10,coil acting strange,speaker_wide_single_session,1
F04,Session2,0053,589,F04,all trials,10,coil acting strange,speaker_wide_single_session,1
F04,Session2,0054,589,F04,all trials,10,coil acting strange,speaker_wide_single_session,1
F04,Session2,0055,589,F04,all trials,10,coil acting strange,speaker_wide_single_session,1
F04,Session2,0056,589,F04,all trials,10,coil acting strange,speaker_wide_single_session,1
F04,Session2,0057,589,F04,all trials,10,coil acting strange,speaker_wide_single_session,1
F04,Session2,0058,589,F04,all trials,10,coil acting strange,speaker_wide_single_session,1
F04,Session2,0059,589,F04,all trials,10,coil acting strange,speaker_wide_single_session,1
F04,Session2,0060,589,F04,all trials,10,coil acting strange,speaker_wide_single_session,1
F04,Session2,0061,589,F04,all trials,10,coil acting strange,speaker_wide_single_session,1
F04,Session2,0062,589,F04,all trials,10,coil acting strange,speaker_wide_single_session,1
F04,Session2,0063,589,F04,all trials,10,coil acting strange,speaker_wide_single_session,1
F04,Session2,0064,589,F04,all trials,10,coil acting strange,speaker_wide_single_session,1
F04,Session2,0065,589,F04,all trials,10,coil acting strange,speaker_wide_single_session,1
F04,Session2,0066,589,F04,all trials,10,coil acting strange,speaker_wide_single_session,1
F04,Session2,0067,589,F04,all trials,10,coil acting strange,speaker_wide_single_session,1
F04,Session2,0068,589,F04,all trials,10,coil acting strange,speaker_wide_single_session,1
F04,Session2,0069,589,F04,all trials,10,coil acting strange,speaker_wide_single_session,1
F04,Session2,0070,589,F04,all trials,10,coil acting strange,speaker_wide_single_session,1
F04,Session2,0071,589,F04,all trials,10,coil acting strange,speaker_wide_single_session,1
F04,Session2,0072,589,F04,all trials,10,coil acting strange,speaker_wide_single_session,1
F04,Session2,0073,589,F04,all trials,10,coil acting strange,speaker_wide_single_session,1
F04,Session2,0074,589,F04,all trials,10,coil acting strange,speaker_wide_single_session,1
F04,Session2,0075,589,F04,all trials,10,coil acting strange,speaker_wide_single_session,1
F04,Session2,0076,589,F04,all trials,10,coil acting strange,speaker_wide_single_session,1
F04,Session2,0077,589,F04,all trials,10,coil acting strange,speaker_wide_single_session,1
F04,Session2,0078,589,F04,all trials,10,coil acting strange,speaker_wide_single_session,1
F04,Session2,0079,589,F04,all trials,10,coil acting strange,speaker_wide_single_session,1
F04,Session2,0080,589,F04,all trials,10,coil acting strange,speaker_wide_single_session,1
F04,Session2,0081,589,F04,all trials,10,coil acting strange,speaker_wide_single_session,1
F04,Session2,0082,589,F04,all trials,10,coil acting strange,speaker_wide_single_session,1
F04,Session2,0083,589,F04,all trials,10,coil acting strange,speaker_wide_single_session,1
F04,Session2,0084,589,F04,all trials,10,coil acting strange,speaker_wide_single_session,1
F04,Session2,0085,589,F04,all trials,10,coil acting strange,speaker_wide_single_session,1
F04,Session2,0086,589,F04,all trials,10,coil acting strange,speaker_wide_single_session,1
F04,Session2,0087,589,F04,all trials,10,coil acting strange,speaker_wide_single_session,1
F04,Session2,0088,589,F04,all trials,10,coil acting strange,speaker_wide_single_session,1
F04,Session2,0089,589,F04,all trials,10,coil acting strange,speaker_wide_single_session,1
F04,Session2,0090,589,F04,all trials,10,coil acting strange,speaker_wide_single_session,1
F04,Session2,0091,589,F04,all trials,10,coil acting strange,speaker_wide_single_session,1
F04,Session2,0092,589,F04,all trials,10,coil acting strange,speaker_wide_single_session,1
F04,Session2,0093,589,F04,all trials,10,coil acting strange,speaker_wide_single_session,1
F04,Session2,0094,589,F04,all trials,10,coil acting strange,speaker_wide_single_session,1
F04,Session2,0095,589,F04,all trials,10,coil acting strange,speaker_wide_single_session,1
F04,Session2,0096,589,F04,all trials,10,coil acting strange,speaker_wide_single_session,1
F04,Session2,0097,589,F04,all trials,10,coil acting strange,speaker_wide_single_session,1
F04,Session2,0098,589,F04,all trials,10,coil acting strange,speaker_wide_single_session,1
F04,Session2,0099,589,F04,all trials,10,coil acting strange,speaker_wide_single_session,1
F04,Session2,0100,589,F04,all trials,10,coil acting strange,speaker_wide_single_session,1
F04,Session2,0101,589,F04,all trials,10,coil acting strange,speaker_wide_single_session,1
F04,Session2,0102,589,F04,all trials,10,coil acting strange,speaker_wide_single_session,1
F04,Session2,0103,589,F04,all trials,10,coil acting strange,speaker_wide_single_session,1
F04,Session2,0104,589,F04,all trials,10,coil acting strange,speaker_wide_single_session,1
F04,Session2,0105,589,F04,all trials,10,coil acting strange,speaker_wide_single_session,1
F04,Session2,0106,589,F04,all trials,10,coil acting strange,speaker_wide_single_session,1
F04,Session2,0107,589,F04,all trials,10,coil acting strange,speaker_wide_single_session,1
F04,Session2,0108,589,F04,all trials,10,coil acting strange,speaker_wide_single_session,1
F04,Session2,0109,589,F04,all trials,10,coil acting strange,speaker_wide_single_session,1
F04,Session2,0110,589,F04,all trials,10,coil acting strange,speaker_wide_single_session,1
F04,Session2,0111,589,F04,all trials,10,coil acting strange,speaker_wide_single_session,1
F04,Session2,0112,589,F04,all trials,10,coil acting strange,speaker_wide_single_session,1
F04,Session2,0113,589,F04,all trials,10,coil acting strange,speaker_wide_single_session,1
F04,Session2,0114,589,F04,all trials,10,coil acting strange,speaker_wide_single_session,1
F04,Session2,0115,589,F04,all trials,10,coil acting strange,speaker_wide_single_session,1
F04,Session2,0116,589,F04,all trials,10,coil acting strange,speaker_wide_single_session,1
F04,Session2,0117,589,F04,all trials,10,coil acting strange,speaker_wide_single_session,1
F04,Session2,0118,589,F04,all trials,10,coil acting strange,speaker_wide_single_session,1
F04,Session2,0119,589,F04,all trials,10,coil acting strange,speaker_wide_single_session,1
F04,Session2,0120,589,F04,all trials,10,coil acting strange,speaker_wide_single_session,1
F04,Session2,0121,589,F04,all trials,10,coil acting strange,speaker_wide_single_session,1
F04,Session2,0122,589,F04,all trials,10,coil acting strange,speaker_wide_single_session,1
F04,Session2,0123,589,F04,all trials,10,coil acting strange,speaker_wide_single_session,1
F04,Session2,0124,589,F04,all trials,10,coil acting strange,speaker_wide_single_session,1
F04,Session2,0125,589,F04,all trials,10,coil acting strange,speaker_wide_single_session,1
F04,Session2,0126,589,F04,all trials,10,coil acting strange,speaker_wide_single_session,1
F04,Session2,0127,589,F04,all trials,10,coil acting strange,speaker_wide_single_session,1
F04,Session2,0128,589,F04,all trials,10,coil acting strange,speaker_wide_single_session,1
F04,Session2,0129,589,F04,all trials,10,coil acting strange,speaker_wide_single_session,1
F04,Session2,0130,589,F04,all trials,10,coil acting strange,speaker_wide_single_session,1
F04,Session2,0131,589,F04,all trials,10,coil acting strange,speaker_wide_single_session,1
F04,Session2,0132,589,F04,all trials,10,coil acting strange,speaker_wide_single_session,1
F04,Session2,0133,589,F04,all trials,10,coil acting strange,speaker_wide_single_session,1
F04,Session2,0134,589,F04,all trials,10,coil acting strange,speaker_wide_single_session,1
F04,Session2,0135,589,F04,all trials,10,coil acting strange,speaker_wide_single_session,1
F04,Session2,0136,589,F04,all trials,10,coil acting strange,speaker_wide_single_session,1
F04,Session2,0137,589,F04,all trials,10,coil acting strange,speaker_wide_single_session,1
F04,Session2,0138,589,F04,all trials,10,coil acting strange,speaker_wide_single_session,1
F04,Session2,0139,589,F04,all trials,10,coil acting strange,speaker_wide_single_session,1
F04,Session2,0140,589,F04,all trials,10,coil acting strange,speaker_wide_single_session,1
F04,Session2,0141,589,F04,all trials,10,coil acting strange,speaker_wide_single_session,1
F04,Session2,0142,589,F04,all trials,10,coil acting strange,speaker_wide_single_session,1
F04,Session2,0143,589,F04,all trials,10,coil acting strange,speaker_wide_single_session,1
F04,Session2,0144,589,F04,all trials,10,coil acting strange,speaker_wide_single_session,1
F04,Session2,0145,589,F04,all trials,10,coil acting strange,speaker_wide_single_session,1
F04,Session2,0146,589,F04,all trials,10,coil acting strange,speaker_wide_single_session,1
F04,Session2,0147,589,F04,all trials,10,coil acting strange,speaker_wide_single_session,1
F04,Session2,0148,589,F04,all trials,10,coil acting strange,speaker_wide_single_session,1
F04,Session2,0149,589,F04,all trials,10,coil acting strange,speaker_wide_single_session,1
F04,Session2,0150,589,F04,all trials,10,coil acting strange,speaker_wide_single_session,1
F04,Session2,0151,589,F04,all trials,10,coil acting strange,speaker_wide_single_session,1
F04,Session2,0152,589,F04,all trials,10,coil acting strange,speaker_wide_single_session,1
F04,Session2,0153,589,F04,all trials,10,coil acting strange,speaker_wide_single_session,1
F04,Session2,0154,589,F04,all trials,10,coil acting strange,speaker_wide_single_session,1
F04,Session2,0155,589,F04,all trials,10,coil acting strange,speaker_wide_single_session,1
F04,Session2,0156,589,F04,all trials,10,coil acting strange,speaker_wide_single_session,1
F04,Session2,0157,589,F04,all trials,10,coil acting strange,speaker_wide_single_session,1
F04,Session2,0158,589,F04,all trials,10,coil acting strange,speaker_wide_single_session,1
F04,Session2,0159,589,F04,all trials,10,coil acting strange,speaker_wide_single_session,1
F04,Session2,0160,589,F04,all trials,10,coil acting strange,speaker_wide_single_session,1
F04,Session2,0161,589,F04,all trials,10,coil acting strange,speaker_wide_single_session,1
F04,Session2,0162,589,F04,all trials,10,coil acting strange,speaker_wide_single_session,1
F04,Session2,0163,589,F04,all trials,10,coil acting strange,speaker_wide_single_session,1
F04,Session2,0164,589,F04,all trials,10,coil acting strange,speaker_wide_single_session,1
F04,Session2,0165,589,F04,all trials,10,coil acting strange,speaker_wide_single_session,1
F04,Session2,0166,589,F04,all trials,10,coil acting strange,speaker_wide_single_session,1
F04,Session2,0167,589,F04,all trials,10,coil acting strange,speaker_wide_single_session,1
F04,Session2,0168,589,F04,all trials,10,coil acting strange,speaker_wide_single_session,1
F04,Session2,0169,589,F04,all trials,10,coil acting strange,speaker_wide_single_session,1
F04,Session2,0170,589,F04,all trials,10,coil acting strange,speaker_wide_single_session,1
F04,Session2,0171,589,F04,all trials,10,coil acting strange,speaker_wide_single_session,1
F04,Session2,0172,589,F04,all trials,10,coil acting strange,speaker_wide_single_session,1
F04,Session2,0173,589,F04,all trials,10,coil acting strange,speaker_wide_single_session,1
F04,Session2,0174,589,F04,all trials,10,coil acting strange,speaker_wide_single_session,1
F04,Session2,0175,589,F04,all trials,10,coil acting strange,speaker_wide_single_session,1
F04,Session2,0176,589,F04,all trials,10,coil acting strange,speaker_wide_single_session,1
F04,Session2,0177,589,F04,all trials,10,coil acting strange,speaker_wide_single_session,1
F04,Session2,0178,589,F04,all trials,10,coil acting strange,speaker_wide_single_session,1
F04,Session2,0179,589,F04,all trials,10,coil acting strange,speaker_wide_single_session,1
F04,Session2,0180,589,F04,all trials,10,coil acting strange,speaker_wide_single_session,1
F04,Session2,0181,589,F04,all trials,10,coil acting strange,speaker_wide_single_session,1
F04,Session2,0182,589,F04,all trials,10,coil acting strange,speaker_wide_single_session,1
F04,Session2,0183,589,F04,all trials,10,coil acting strange,speaker_wide_single_session,1
F04,Session2,0184,589,F04,all trials,10,coil acting strange,speaker_wide_single_session,1
F04,Session2,0185,589,F04,all trials,10,coil acting strange,speaker_wide_single_session,1
F04,Session2,0186,589,F04,all trials,10,coil acting strange,speaker_wide_single_session,1
F04,Session2,0187,589,F04,all trials,10,coil acting strange,speaker_wide_single_session,1
F04,Session2,0188,589,F04,all trials,10,coil acting strange,speaker_wide_single_session,1
F04,Session2,0189,589,F04,all trials,10,coil acting strange,speaker_wide_single_session,1
F04,Session2,0190,589,F04,all trials,10,coil acting strange,speaker_wide_single_session,1
F04,Session2,0191,589,F04,all trials,10,coil acting strange,speaker_wide_single_session,1
F04,Session2,0192,589,F04,all trials,10,coil acting strange,speaker_wide_single_session,1
F04,Session2,0193,589,F04,all trials,10,coil acting strange,speaker_wide_single_session,1
F04,Session2,0194,589,F04,all trials,10,coil acting strange,speaker_wide_single_session,1
F04,Session2,0195,589,F04,all trials,10,coil acting strange,speaker_wide_single_session,1
F04,Session2,0196,589,F04,all trials,10,coil acting strange,speaker_wide_single_session,1
F04,Session2,0197,589,F04,all trials,10,coil acting strange,speaker_wide_single_session,1
F04,Session2,0198,589,F04,all trials,10,coil acting strange,speaker_wide_single_session,1
F04,Session2,0199,589,F04,all trials,10,coil acting strange,speaker_wide_single_session,1
F04,Session2,0200,589,F04,all trials,10,coil acting strange,speaker_wide_single_session,1
F04,Session2,0201,589,F04,all trials,10,coil acting strange,speaker_wide_single_session,1
F04,Session2,0202,589,F04,all trials,10,coil acting strange,speaker_wide_single_session,1
F04,Session2,0203,589,F04,all trials,10,coil acting strange,speaker_wide_single_session,1
F04,Session2,0204,589,F04,all trials,10,coil acting strange,speaker_wide_single_session,1
F04,Session2,0205,589,F04,all trials,10,coil acting strange,speaker_wide_single_session,1
F04,Session2,0206,589,F04,all trials,10,coil acting strange,speaker_wide_single_session,1
F04,Session2,0207,589,F04,all trials,10,coil acting strange,speaker_wide_single_session,1
F04,Session2,0208,589,F04,all trials,10,coil acting strange,speaker_wide_single_session,1
F04,Session2,0209,589,F04,all trials,10,coil acting strange,speaker_wide_single_session,1
F04,Session2,0210,589,F04,all trials,10,coil acting strange,speaker_wide_single_session,1
F04,Session2,0211,589,F04,all trials,10,coil acting strange,speaker_wide_single_session,1
F04,Session2,0212,589,F04,all trials,10,coil acting strange,speaker_wide_single_session,1
F04,Session2,0213,589,F04,all trials,10,coil acting strange,speaker_wide_single_session,1
F04,Session2,0214,589,F04,all trials,10,coil acting strange,speaker_wide_single_session,1
F04,Session2,0215,589,F04,all trials,10,coil acting strange,speaker_wide_single_session,1
F04,Session2,0216,589,F04,all trials,10,coil acting strange,speaker_wide_single_session,1
F04,Session2,0217,589,F04,all trials,10,coil acting strange,speaker_wide_single_session,1
F04,Session2,0218,589,F04,all trials,10,coil acting strange,speaker_wide_single_session,1
F04,Session2,0219,589,F04,all trials,10,coil acting strange,speaker_wide_single_session,1
F04,Session2,0220,589,F04,all trials,10,coil acting strange,speaker_wide_single_session,1
F04,Session2,0221,589,F04,all trials,10,coil acting strange,speaker_wide_single_session,1
F04,Session2,0222,589,F04,all trials,10,coil acting strange,speaker_wide_single_session,1
F04,Session2,0223,589,F04,all trials,10,coil acting strange,speaker_wide_single_session,1
F04,Session2,0224,589,F04,all trials,10,coil acting strange,speaker_wide_single_session,1
F04,Session2,0225,589,F04,all trials,10,coil acting strange,speaker_wide_single_session,1
F04,Session2,0226,589,F04,all trials,10,coil acting strange,speaker_wide_single_session,1
F04,Session2,0227,589,F04,all trials,10,coil acting strange,speaker_wide_single_session,1
F04,Session2,0228,589,F04,all trials,10,coil acting strange,speaker_wide_single_session,1
F04,Session2,0229,589,F04,all trials,10,coil acting strange,speaker_wide_single_session,1
F04,Session2,0230,589,F04,all trials,10,coil acting strange,speaker_wide_single_session,1
F04,Session2,0231,589,F04,all trials,10,coil acting strange,speaker_wide_single_session,1
F04,Session2,0232,589,F04,all trials,10,coil acting strange,speaker_wide_single_session,1
F04,Session2,0233,589,F04,all trials,10,coil acting strange,speaker_wide_single_session,1
F04,Session2,0234,589,F04,all trials,10,coil acting strange,speaker_wide_single_session,1
F04,Session2,0235,589,F04,all trials,10,coil acting strange,speaker_wide_single_session,1
F04,Session2,0236,589,F04,all trials,10,coil acting strange,speaker_wide_single_session,1
F04,Session2,0237,589,F04,all trials,10,coil acting strange,speaker_wide_single_session,1
F04,Session2,0238,589,F04,all trials,10,coil acting strange,speaker_wide_single_session,1
F04,Session2,0239,589,F04,all trials,10,coil acting strange,speaker_wide_single_session,1
F04,Session2,0240,589,F04,all trials,10,coil acting strange,speaker_wide_single_session,1
F04,Session2,0241,589,F04,all trials,10,coil acting strange,speaker_wide_single_session,1
F04,Session2,0242,589,F04,all trials,10,coil acting strange,speaker_wide_single_session,1
F04,Session2,0243,589,F04,all trials,10,coil acting strange,speaker_wide_single_session,1
F04,Session2,0244,589,F04,all trials,10,coil acting strange,speaker_wide_single_session,1
F04,Session2,0245,589,F04,all trials,10,coil acting strange,speaker_wide_single_session,1
F04,Session2,0246,589,F04,all trials,10,coil acting strange,speaker_wide_single_session,1
F04,Session2,0247,589,F04,all trials,10,coil acting strange,speaker_wide_single_session,1
F04,Session2,0248,589,F04,all trials,10,coil acting strange,speaker_wide_single_session,1
F04,Session2,0249,589,F04,all trials,10,coil acting strange,speaker_wide_single_session,1
F04,Session2,0250,589,F04,all trials,10,coil acting strange,speaker_wide_single_session,1
F03,Session2,0027,591,F03,27.0,2,spikes,ambiguous,0
F03,Session3,0027,591,F03,27.0,2,spikes,ambiguous,0
F03,Session2,0033,592,F03,33.0,2,spikes,ambiguous,0
F03,Session3,0033,592,F03,33.0,2,spikes,ambiguous,0
F03,Session2,0036,593,F03,36.0,2,check spike,ambiguous,0
F03,Session3,0036,593,F03,36.0,2,check spike,ambiguous,0
F03,Session2,0044,594,F03,44.0,1|4,spikes,ambiguous,0
F03,Session3,0044,594,F03,44.0,1|4,spikes,ambiguous,0
F03,Session2,0059,595,F03,59.0,,blank trial,ambiguous,0
F03,Session3,0059,595,F03,59.0,,blank trial,ambiguous,0
F03,Session2,0074,596,F03,74.0,4,noisy,ambiguous,0
F03,Session3,0074,596,F03,74.0,4,noisy,ambiguous,0
F03,Session2,0110,597,F03,110.0,3,large spike,ambiguous,0
F03,Session3,0110,597,F03,110.0,3,large spike,ambiguous,0
F03,Session2,0119,598,F03,119.0,3,spikes,ambiguous,0
F03,Session3,0119,598,F03,119.0,3,spikes,ambiguous,0
F03,Session2,0131,599,F03,131.0,3,spikes,ambiguous,0
F03,Session3,0131,599,F03,131.0,3,spikes,ambiguous,0
F03,Session3,0162,600,F03,162.0,10,no movement,unique,1
F03,Session3,0163,601,F03,163.0,7,no movement,unique,1
F03,Session3,0166,602,F03,166.0,10,spikes,unique,1
F03,Session3,0169,603,F03,169.0,9,spikes,unique,1
F03,Session3,0170,604,F03,170.0,9,spike,unique,1
F03,Session3,0171,605,F03,171.0,6,spike,unique,1
F03,Session3,0198,606,F03,198.0,10,spike,unique,1
F03,Session3,0202,607,F03,202.0,,blank trial,unique,1
F03,Session3,0207,608,F03,207.0,,blank trial?,unique,1
FC03,Session1,0002,624,FC03s2,2.0,,blank trial,ambiguous,0
FC03,Session2,0002,624,FC03s2,2.0,,blank trial,ambiguous,0
FC03,Session1,0023,625,FC03s2,23.0,9,check spike,ambiguous,0
FC03,Session2,0023,625,FC03s2,23.0,9,check spike,ambiguous,0
FC03,Session1,0024,626,FC03s2,24.0,11,noisy,ambiguous,0
FC03,Session2,0024,626,FC03s2,24.0,11,noisy,ambiguous,0
FC03,Session1,0026,627,FC03s2,26.0,7,spikes,ambiguous,0
FC03,Session2,0026,627,FC03s2,26.0,7,spikes,ambiguous,0
FC03,Session1,0028,628,FC03s2,28.0,9,"spike, no movement",ambiguous,0
FC03,Session2,0028,628,FC03s2,28.0,9,"spike, no movement",ambiguous,0
FC03,Session1,0029,629,FC03s2,29.0,9,coil acting strange,ambiguous,0
FC03,Session2,0029,629,FC03s2,29.0,9,coil acting strange,ambiguous,0
FC03,Session1,0030,630,FC03s2,30.0,7,spikes,ambiguous,0
FC03,Session2,0030,630,FC03s2,30.0,7,spikes,ambiguous,0
FC03,Session1,0034,631,FC03s2,34.0,3,spike,ambiguous,0
FC03,Session2,0034,631,FC03s2,34.0,3,spike,ambiguous,0
FC03,Session1,0036,632,FC03s2,36.0,8,check coil,ambiguous,0
FC03,Session2,0036,632,FC03s2,36.0,8,check coil,ambiguous,0
FC03,Session1,0042,633,FC03s2,42.0,9,spike,ambiguous,0
FC03,Session2,0042,633,FC03s2,42.0,9,spike,ambiguous,0
FC03,Session1,0047,634,FC03s2,47.0,9,spike,ambiguous,0
FC03,Session2,0047,634,FC03s2,47.0,9,spike,ambiguous,0
FC03,Session1,0048,635,FC03s2,48.0,9,spike,ambiguous,0
FC03,Session2,0048,635,FC03s2,48.0,9,spike,ambiguous,0
FC03,Session1,0055,636,FC03s2,55.0,9,spikes,ambiguous,0
FC03,Session2,0055,636,FC03s2,55.0,9,spikes,ambiguous,0
FC03,Session1,0056,637,FC03s2,56.0,7,spike,ambiguous,0
FC03,Session2,0056,637,FC03s2,56.0,7,spike,ambiguous,0
FC03,Session1,0060,638,FC03s2,60.0,7,spike,ambiguous,0
FC03,Session2,0060,638,FC03s2,60.0,7,spike,ambiguous,0
FC03,Session1,0064,639,FC03s2,64.0,11,spikes/noise,ambiguous,0
FC03,Session2,0064,639,FC03s2,64.0,11,spikes/noise,ambiguous,0
FC03,Session1,0065,640,FC03s2,65.0,11,spikes,ambiguous,0
FC03,Session2,0065,640,FC03s2,65.0,11,spikes,ambiguous,0
FC03,Session1,0066,641,FC03s2,66.0,11,spikes,ambiguous,0
FC03,Session2,0066,641,FC03s2,66.0,11,spikes,ambiguous,0
FC03,Session1,0068,642,FC03s2,68.0,,spikes,ambiguous,0
FC03,Session2,0068,642,FC03s2,68.0,,spikes,ambiguous,0
FC03,Session1,0073,643,FC03s2,73.0,4|11,spikes,ambiguous,0
FC03,Session2,0073,643,FC03s2,73.0,4|11,spikes,ambiguous,0
FC03,Session1,0080,644,FC03s2,80.0,9,spike,ambiguous,0
FC03,Session2,0080,644,FC03s2,80.0,9,spike,ambiguous,0
FC03,Session1,0081,645,FC03s2,81.0,9,spike,ambiguous,0
FC03,Session2,0081,645,FC03s2,81.0,9,spike,ambiguous,0
FC03,Session1,0082,646,FC03s2,82.0,9,spike,ambiguous,0
FC03,Session2,0082,646,FC03s2,82.0,9,spike,ambiguous,0
FC03,Session1,0084,647,FC03s2,84.0,9|11,spike,ambiguous,0
FC03,Session2,0084,647,FC03s2,84.0,9|11,spike,ambiguous,0
FC03,Session1,0085,648,FC03s2,85.0,11,spikes,ambiguous,0
FC03,Session2,0085,648,FC03s2,85.0,11,spikes,ambiguous,0
FC03,Session1,0086,649,FC03s2,86.0,11,spikes,ambiguous,0
FC03,Session2,0086,649,FC03s2,86.0,11,spikes,ambiguous,0
FC03,Session1,0089,650,FC03s2,89.0,7,large spike,ambiguous,0
FC03,Session2,0089,650,FC03s2,89.0,7,large spike,ambiguous,0
FC03,Session1,0090,651,FC03s2,90.0,7,large spike,ambiguous,0
FC03,Session2,0090,651,FC03s2,90.0,7,large spike,ambiguous,0
FC03,Session1,0092,652,FC03s2,92.0,7,check spikes,ambiguous,0
FC03,Session2,0092,652,FC03s2,92.0,7,check spikes,ambiguous,0
FC03,Session1,0097,653,FC03s2,97.0,7,spikes,ambiguous,0
FC03,Session2,0097,653,FC03s2,97.0,7,spikes,ambiguous,0
FC03,Session1,0099,654,FC03s2,99.0,3|9,spikes,ambiguous,0
FC03,Session2,0099,654,FC03s2,99.0,3|9,spikes,ambiguous,0
FC03,Session1,0125,655,FC03s2,125.0,3,spike,ambiguous,0
FC03,Session2,0125,655,FC03s2,125.0,3,spike,ambiguous,0
FC03,Session1,0127,656,FC03s2,127.0,7,spike,ambiguous,0
FC03,Session2,0127,656,FC03s2,127.0,7,spike,ambiguous,0
FC03,Session1,0131,657,FC03s2,131.0,3,spike,ambiguous,0
FC03,Session2,0131,657,FC03s2,131.0,3,spike,ambiguous,0
FC03,Session1,0134,658,FC03s2,134.0,7|9,spikes,ambiguous,0
FC03,Session2,0134,658,FC03s2,134.0,7|9,spikes,ambiguous,0
FC03,Session1,0135,659,FC03s2,135.0,7,spikes,ambiguous,0
FC03,Session2,0135,659,FC03s2,135.0,7,spikes,ambiguous,0
FC03,Session1,0142,660,FC03s2,142.0,7,check coil,ambiguous,0
FC03,Session2,0142,660,FC03s2,142.0,7,check coil,ambiguous,0
FC03,Session1,0150,661,FC03s2,150.0,6,spikes,ambiguous,0
FC03,Session2,0150,661,FC03s2,150.0,6,spikes,ambiguous,0
FC03,Session1,0152,662,FC03s2,152.0,7|9,spikes,ambiguous,0
FC03,Session2,0152,662,FC03s2,152.0,7|9,spikes,ambiguous,0
FC03,Session1,0158,663,FC03s2,158.0,9,check spike,ambiguous,0
FC03,Session2,0158,663,FC03s2,158.0,9,check spike,ambiguous,0
FC03,Session1,0159,664,FC03s2,159.0,9,check spike,ambiguous,0
FC03,Session2,0159,664,FC03s2,159.0,9,check spike,ambiguous,0
FC03,Session1,0164,665,FC03s2,164.0,7,spike,ambiguous,0
FC03,Session2,0164,665,FC03s2,164.0,7,spike,ambiguous,0
FC03,Session1,0165,666,FC03s2,165.0,9,spikes,ambiguous,0
FC03,Session2,0165,666,FC03s2,165.0,9,spikes,ambiguous,0
FC03,Session1,0171,667,FC03s2,171.0,3,spike,ambiguous,0
FC03,Session2,0171,667,FC03s2,171.0,3,spike,ambiguous,0
FC03,Session1,0172,668,FC03s2,172.0,3,spike,ambiguous,0
FC03,Session2,0172,668,FC03s2,172.0,3,spike,ambiguous,0
FC03,Session1,0173,669,FC03s2,173.0,7,spike,ambiguous,0
FC03,Session2,0173,669,FC03s2,173.0,7,spike,ambiguous,0
FC03,Session1,0175,670,FC03s2,175.0,,blank trial,ambiguous,0
FC03,Session2,0175,670,FC03s2,175.0,,blank trial,ambiguous,0
FC03,Session1,0176,671,FC03s2,176.0,9,spike,ambiguous,0
FC03,Session2,0176,671,FC03s2,176.0,9,spike,ambiguous,0
FC03,Session1,0177,672,FC03s2,177.0,,blank trial,ambiguous,0
FC03,Session2,0177,672,FC03s2,177.0,,blank trial,ambiguous,0
FC03,Session1,0183,673,FC03s2,183.0,9,spike,ambiguous,0
FC03,Session2,0183,673,FC03s2,183.0,9,spike,ambiguous,0
FC03,Session1,0189,674,FC03s2,189.0,9,spikes,ambiguous,0
FC03,Session2,0189,674,FC03s2,189.0,9,spikes,ambiguous,0
FC03,Session1,0191,675,FC03s2,191.0,7,spikes,ambiguous,0
FC03,Session2,0191,675,FC03s2,191.0,7,spikes,ambiguous,0
FC03,Session1,0192,676,FC03s2,192.0,7,spikes,ambiguous,0
FC03,Session2,0192,676,FC03s2,192.0,7,spikes,ambiguous,0
FC03,Session1,0197,677,FC03s2,197.0,9,spike,ambiguous,0
FC03,Session2,0197,677,FC03s2,197.0,9,spike,ambiguous,0
FC03,Session1,0198,678,FC03s2,198.0,,blank trial,ambiguous,0
FC03,Session2,0198,678,FC03s2,198.0,,blank trial,ambiguous,0
FC03,Session1,0200,679,FC03s2,200.0,3|7,check coil,ambiguous,0
FC03,Session2,0200,679,FC03s2,200.0,3|7,check coil,ambiguous,0
FC03,Session1,0201,680,FC03s2,201.0,7,spike,ambiguous,0
FC03,Session2,0201,680,FC03s2,201.0,7,spike,ambiguous,0
FC03,Session1,0213,681,FC03s2,213.0,7,spikes,ambiguous,0
FC03,Session2,0213,681,FC03s2,213.0,7,spikes,ambiguous,0
FC03,Session1,0214,682,FC03s2,214.0,3|9|10,"spikes, coil 7 missing",ambiguous,0
FC03,Session2,0214,682,FC03s2,214.0,3|9|10,"spikes, coil 7 missing",ambiguous,0
