speaker,condition,session,utterance_id,pos_path,frames,flat_sensors,normally_active_flat_sensors,large_step_sensors,steps_over_20,steps_over_10,max_step_units,p99_step_units,review_flag,review_priority
F03,dysarthric,Session2,0001,data/extracted/torgo/F03/Session2/pos/0001.pos,690,,,4,1,1,39.256,1.025,large_position_step,medium
F03,dysarthric,Session2,0002,data/extracted/torgo/F03/Session2/pos/0002.pos,492,,,,0,0,2.551,1.073,,none
F03,dysarthric,Session2,0003,data/extracted/torgo/F03/Session2/pos/0003.pos,315,,,,0,0,2.038,1.167,,none
F03,dysarthric,Session2,0004,data/extracted/torgo/F03/Session2/pos/0004.pos,829,,,,0,0,2.505,1.209,,none
F03,dysarthric,Session2,0005,data/extracted/torgo/F03/Session2/pos/0005.pos,385,,,,0,0,2.183,1.239,,none
F03,dysarthric,Session2,0006,data/extracted/torgo/F03/Session2/pos/0006.pos,2822,,,,0,2,10.196,2.048,,none
F03,dysarthric,Session2,0007,data/extracted/torgo/F03/Session2/pos/0007.pos,1851,,,,0,0,6.247,1.442,,none
F03,dysarthric,Session2,0008,data/extracted/torgo/F03/Session2/pos/0008.pos,1096,,,12,1,1,34.023,1.396,large_position_step,medium
F03,dysarthric,Session2,0009,data/extracted/torgo/F03/Session2/pos/0009.pos,394,,,,0,0,2.362,1.166,,none
F03,dysarthric,Session2,0010,data/extracted/torgo/F03/Session2/pos/0010.pos,1861,,,12,1,1,20.718,1.869,large_position_step,medium
F03,dysarthric,Session2,0011,data/extracted/torgo/F03/Session2/pos/0011.pos,476,,,,0,0,1.845,0.941,,none
F03,dysarthric,Session2,0012,data/extracted/torgo/F03/Session2/pos/0012.pos,504,,,,0,0,1.718,0.919,,none
F03,dysarthric,Session2,0013,data/extracted/torgo/F03/Session2/pos/0013.pos,400,,,,0,0,1.509,0.913,,none
F03,dysarthric,Session2,0014,data/extracted/torgo/F03/Session2/pos/0014.pos,706,,,,0,0,1.506,0.89,,none
F03,dysarthric,Session2,0015,data/extracted/torgo/F03/Session2/pos/0015.pos,388,,,,0,0,1.65,0.925,,none
F03,dysarthric,Session2,0016,data/extracted/torgo/F03/Session2/pos/0016.pos,346,,,,0,0,1.58,0.994,,none
F03,dysarthric,Session2,0017,data/extracted/torgo/F03/Session2/pos/0017.pos,1069,,,,0,0,2.51,1.191,,none
F03,dysarthric,Session2,0018,data/extracted/torgo/F03/Session2/pos/0018.pos,431,,,,0,0,2.003,1.187,,none
F03,dysarthric,Session2,0019,data/extracted/torgo/F03/Session2/pos/0019.pos,393,,,,0,0,1.699,1.074,,none
F03,dysarthric,Session2,0020,data/extracted/torgo/F03/Session2/pos/0020.pos,1333,,,,0,0,3.566,1.216,,none
F03,dysarthric,Session2,0021,data/extracted/torgo/F03/Session2/pos/0021.pos,1227,,,,0,1,15.366,1.129,,none
F03,dysarthric,Session2,0022,data/extracted/torgo/F03/Session2/pos/0022.pos,461,,,,0,0,1.565,1.007,,none
F03,dysarthric,Session2,0023,data/extracted/torgo/F03/Session2/pos/0023.pos,337,,,,0,0,2.753,1.173,,none
F03,dysarthric,Session2,0024,data/extracted/torgo/F03/Session2/pos/0024.pos,962,,,,0,1,10.853,1.036,,none
F03,dysarthric,Session2,0025,data/extracted/torgo/F03/Session2/pos/0025.pos,484,,,,0,0,3.123,1.223,,none
F03,dysarthric,Session2,0026,data/extracted/torgo/F03/Session2/pos/0026.pos,337,,,,0,0,2.005,1.187,,none
F03,dysarthric,Session2,0027,data/extracted/torgo/F03/Session2/pos/0027.pos,492,,,,0,0,9.476,1.7,,none
F03,dysarthric,Session2,0028,data/extracted/torgo/F03/Session2/pos/0028.pos,674,,,,0,0,3.192,1.282,,none
F03,dysarthric,Session2,0029,data/extracted/torgo/F03/Session2/pos/0029.pos,1618,,,,0,0,2.864,1.044,,none
F03,dysarthric,Session2,0030,data/extracted/torgo/F03/Session2/pos/0030.pos,370,,,,0,0,3.123,1.194,,none
F03,dysarthric,Session2,0031,data/extracted/torgo/F03/Session2/pos/0031.pos,1506,,,,0,0,8.882,1.769,,none
F03,dysarthric,Session2,0032,data/extracted/torgo/F03/Session2/pos/0032.pos,1171,,,,0,1,10.458,1.622,,none
F03,dysarthric,Session2,0033,data/extracted/torgo/F03/Session2/pos/0033.pos,983,,,,0,1,16.742,1.185,,none
F03,dysarthric,Session2,0034,data/extracted/torgo/F03/Session2/pos/0034.pos,584,,,,0,0,6.76,2.698,,none
F03,dysarthric,Session2,0035,data/extracted/torgo/F03/Session2/pos/0035.pos,431,,,,0,1,18.806,1.262,,none
F03,dysarthric,Session2,0036,data/extracted/torgo/F03/Session2/pos/0036.pos,464,,,,0,1,19.036,1.405,,none
F03,dysarthric,Session2,0037,data/extracted/torgo/F03/Session2/pos/0037.pos,1355,,,2,2,3,33.756,1.147,large_position_step,medium
F03,dysarthric,Session2,0038,data/extracted/torgo/F03/Session2/pos/0038.pos,479,,,2,1,1,21.572,1.393,large_position_step,medium
F03,dysarthric,Session2,0039,data/extracted/torgo/F03/Session2/pos/0039.pos,308,,,,0,0,4.497,1.332,,none
F03,dysarthric,Session2,0040,data/extracted/torgo/F03/Session2/pos/0040.pos,347,,,2,1,1,22.197,1.052,large_position_step,medium
F03,dysarthric,Session2,0041,data/extracted/torgo/F03/Session2/pos/0041.pos,443,,,,0,0,1.836,1.044,,none
F03,dysarthric,Session2,0042,data/extracted/torgo/F03/Session2/pos/0042.pos,920,,,,0,1,15.143,1.079,,none
F03,dysarthric,Session2,0043,data/extracted/torgo/F03/Session2/pos/0043.pos,1096,,,,0,1,11.567,1.576,,none
F03,dysarthric,Session2,0044,data/extracted/torgo/F03/Session2/pos/0044.pos,1006,,,1,1,2,43.619,2.328,large_position_step,medium
F03,dysarthric,Session2,0045,data/extracted/torgo/F03/Session2/pos/0045.pos,485,,,,0,0,7.66,1.666,,none
F03,dysarthric,Session2,0046,data/extracted/torgo/F03/Session2/pos/0046.pos,405,,,,0,0,5.094,2.109,,none
F03,dysarthric,Session2,0047,data/extracted/torgo/F03/Session2/pos/0047.pos,491,,,,0,0,2.926,1.299,,none
F03,dysarthric,Session2,0048,data/extracted/torgo/F03/Session2/pos/0048.pos,402,,,,0,0,6.171,1.852,,none
F03,dysarthric,Session2,0049,data/extracted/torgo/F03/Session2/pos/0049.pos,359,,,,0,0,9.37,2.26,,none
F03,dysarthric,Session2,0050,data/extracted/torgo/F03/Session2/pos/0050.pos,369,,,,0,0,1.671,1.123,,none
F03,dysarthric,Session2,0051,data/extracted/torgo/F03/Session2/pos/0051.pos,330,,,,0,0,1.714,1.07,,none
F03,dysarthric,Session2,0052,data/extracted/torgo/F03/Session2/pos/0052.pos,627,,,,0,0,4.675,1.093,,none
F03,dysarthric,Session2,0053,data/extracted/torgo/F03/Session2/pos/0053.pos,447,,,,0,0,1.977,1.07,,none
F03,dysarthric,Session2,0054,data/extracted/torgo/F03/Session2/pos/0054.pos,1985,,,,0,0,2.23,1.075,,none
F03,dysarthric,Session2,0055,data/extracted/torgo/F03/Session2/pos/0055.pos,1160,,,,0,0,2.459,1.068,,none
F03,dysarthric,Session2,0056,data/extracted/torgo/F03/Session2/pos/0056.pos,557,,,,0,0,1.359,0.907,,none
F03,dysarthric,Session2,0057,data/extracted/torgo/F03/Session2/pos/0057.pos,278,,,,0,0,1.468,0.939,,none
F03,dysarthric,Session2,0058,data/extracted/torgo/F03/Session2/pos/0058.pos,953,,,2,1,3,32.653,1.142,large_position_step,medium
F03,dysarthric,Session2,0059,data/extracted/torgo/F03/Session2/pos/0059.pos,740,,,,0,0,1.821,1.013,,none
F03,dysarthric,Session2,0060,data/extracted/torgo/F03/Session2/pos/0060.pos,292,,,,0,0,1.749,1.075,,none
F03,dysarthric,Session2,0061,data/extracted/torgo/F03/Session2/pos/0061.pos,284,,,,0,0,3.358,1.502,,none
F03,dysarthric,Session2,0062,data/extracted/torgo/F03/Session2/pos/0062.pos,342,,,,0,0,2.0,1.236,,none
F03,dysarthric,Session2,0063,data/extracted/torgo/F03/Session2/pos/0063.pos,1264,,,,0,0,3.936,1.056,,none
F03,dysarthric,Session2,0064,data/extracted/torgo/F03/Session2/pos/0064.pos,565,,,,0,1,18.664,0.936,,none
F03,dysarthric,Session2,0065,data/extracted/torgo/F03/Session2/pos/0065.pos,297,,,,0,0,1.683,0.979,,none
F03,dysarthric,Session2,0066,data/extracted/torgo/F03/Session2/pos/0066.pos,490,,,,0,0,1.406,0.942,,none
F03,dysarthric,Session2,0067,data/extracted/torgo/F03/Session2/pos/0067.pos,611,,,,0,0,1.582,0.939,,none
F03,dysarthric,Session2,0068,data/extracted/torgo/F03/Session2/pos/0068.pos,351,,,,0,0,2.573,1.113,,none
F03,dysarthric,Session2,0069,data/extracted/torgo/F03/Session2/pos/0069.pos,477,,,,0,0,2.295,1.005,,none
F03,dysarthric,Session2,0070,data/extracted/torgo/F03/Session2/pos/0070.pos,379,,,,0,0,2.184,1.099,,none
F03,dysarthric,Session2,0071,data/extracted/torgo/F03/Session2/pos/0071.pos,422,,,,0,0,1.97,1.064,,none
F03,dysarthric,Session2,0072,data/extracted/torgo/F03/Session2/pos/0072.pos,849,,,,0,0,2.283,1.095,,none
F03,dysarthric,Session2,0073,data/extracted/torgo/F03/Session2/pos/0073.pos,549,,,,0,0,3.324,1.141,,none
F03,dysarthric,Session2,0074,data/extracted/torgo/F03/Session2/pos/0074.pos,340,,,,0,1,10.862,2.798,,none
F03,dysarthric,Session2,0075,data/extracted/torgo/F03/Session2/pos/0075.pos,568,,,,0,0,3.396,1.586,,none
F03,dysarthric,Session2,0076,data/extracted/torgo/F03/Session2/pos/0076.pos,399,,,,0,1,12.399,1.576,,none
F03,dysarthric,Session2,0077,data/extracted/torgo/F03/Session2/pos/0077.pos,257,,,,0,0,1.647,0.931,,none
F03,dysarthric,Session2,0078,data/extracted/torgo/F03/Session2/pos/0078.pos,332,,,,0,1,16.095,0.922,,none
F03,dysarthric,Session2,0079,data/extracted/torgo/F03/Session2/pos/0079.pos,770,,,,0,0,1.552,0.947,,none
F03,dysarthric,Session2,0080,data/extracted/torgo/F03/Session2/pos/0080.pos,1054,,,4,1,1,32.745,0.933,large_position_step,medium
F03,dysarthric,Session2,0081,data/extracted/torgo/F03/Session2/pos/0081.pos,385,,,,0,0,1.263,0.828,,none
F03,dysarthric,Session2,0082,data/extracted/torgo/F03/Session2/pos/0082.pos,369,,,,0,0,1.475,0.855,,none
F03,dysarthric,Session2,0083,data/extracted/torgo/F03/Session2/pos/0083.pos,666,,,,0,0,1.362,0.875,,none
F03,dysarthric,Session2,0084,data/extracted/torgo/F03/Session2/pos/0084.pos,799,,,,0,0,1.459,0.943,,none
F03,dysarthric,Session2,0085,data/extracted/torgo/F03/Session2/pos/0085.pos,852,,,,0,2,14.45,2.195,,none
F03,dysarthric,Session2,0086,data/extracted/torgo/F03/Session2/pos/0086.pos,358,,,,0,0,1.956,0.981,,none
F03,dysarthric,Session2,0087,data/extracted/torgo/F03/Session2/pos/0087.pos,1045,,,,0,0,1.88,0.962,,none
F03,dysarthric,Session2,0088,data/extracted/torgo/F03/Session2/pos/0088.pos,1471,,,,0,0,4.925,1.113,,none
F03,dysarthric,Session2,0089,data/extracted/torgo/F03/Session2/pos/0089.pos,526,,,,0,0,1.756,1.034,,none
F03,dysarthric,Session2,0090,data/extracted/torgo/F03/Session2/pos/0090.pos,549,,,,0,0,2.449,1.348,,none
F03,dysarthric,Session2,0091,data/extracted/torgo/F03/Session2/pos/0091.pos,348,,,,0,0,7.61,1.259,,none
F03,dysarthric,Session2,0092,data/extracted/torgo/F03/Session2/pos/0092.pos,960,,,,0,0,2.452,1.133,,none
F03,dysarthric,Session2,0093,data/extracted/torgo/F03/Session2/pos/0093.pos,350,,,,0,2,11.954,1.629,,none
F03,dysarthric,Session2,0094,data/extracted/torgo/F03/Session2/pos/0094.pos,304,,,,0,1,19.051,1.183,,none
F03,dysarthric,Session2,0095,data/extracted/torgo/F03/Session2/pos/0095.pos,850,,,,0,0,2.422,1.058,,none
F03,dysarthric,Session2,0096,data/extracted/torgo/F03/Session2/pos/0096.pos,295,,,,0,0,1.838,1.013,,none
F03,dysarthric,Session2,0097,data/extracted/torgo/F03/Session2/pos/0097.pos,681,,,,0,0,5.191,1.648,,none
F03,dysarthric,Session2,0098,data/extracted/torgo/F03/Session2/pos/0098.pos,1224,,,,0,0,5.694,2.191,,none
F03,dysarthric,Session2,0099,data/extracted/torgo/F03/Session2/pos/0099.pos,1051,,,,0,1,15.179,2.365,,none
F03,dysarthric,Session2,0100,data/extracted/torgo/F03/Session2/pos/0100.pos,330,,,,0,0,4.181,2.016,,none
F03,dysarthric,Session2,0101,data/extracted/torgo/F03/Session2/pos/0101.pos,2045,,,,0,1,10.633,2.445,,none
F03,dysarthric,Session2,0102,data/extracted/torgo/F03/Session2/pos/0102.pos,483,,,,0,0,3.972,2.135,,none
F03,dysarthric,Session2,0103,data/extracted/torgo/F03/Session2/pos/0103.pos,303,,,,0,0,2.3,1.17,,none
F03,dysarthric,Session2,0104,data/extracted/torgo/F03/Session2/pos/0104.pos,508,,,,0,0,5.041,2.232,,none
F03,dysarthric,Session2,0105,data/extracted/torgo/F03/Session2/pos/0105.pos,546,,,,0,0,2.923,1.465,,none
F03,dysarthric,Session2,0106,data/extracted/torgo/F03/Session2/pos/0106.pos,584,,,,0,0,2.697,1.678,,none
F03,dysarthric,Session2,0107,data/extracted/torgo/F03/Session2/pos/0107.pos,352,,,,0,0,2.602,1.5,,none
F03,dysarthric,Session2,0108,data/extracted/torgo/F03/Session2/pos/0108.pos,718,,,,0,0,2.39,1.336,,none
F03,dysarthric,Session2,0109,data/extracted/torgo/F03/Session2/pos/0109.pos,542,,,,0,0,3.53,1.588,,none
F03,dysarthric,Session2,0110,data/extracted/torgo/F03/Session2/pos/0110.pos,1189,,,3,1,5,69.917,2.94,large_position_step,medium
F03,dysarthric,Session2,0111,data/extracted/torgo/F03/Session2/pos/0111.pos,779,,,,0,0,4.23,1.67,,none
F03,dysarthric,Session2,0112,data/extracted/torgo/F03/Session2/pos/0112.pos,451,,,,0,0,3.979,1.94,,none
F03,dysarthric,Session2,0113,data/extracted/torgo/F03/Session2/pos/0113.pos,373,,,,0,0,2.049,1.187,,none
F03,dysarthric,Session2,0114,data/extracted/torgo/F03/Session2/pos/0114.pos,327,,,,0,0,4.935,1.928,,none
F03,dysarthric,Session2,0115,data/extracted/torgo/F03/Session2/pos/0115.pos,347,,,,0,0,2.822,1.669,,none
F03,dysarthric,Session2,0116,data/extracted/torgo/F03/Session2/pos/0116.pos,281,,,,0,0,4.55,2.449,,none
F03,dysarthric,Session2,0118,data/extracted/torgo/F03/Session2/pos/0118.pos,1533,,,,0,0,3.749,1.612,,none
F03,dysarthric,Session2,0119,data/extracted/torgo/F03/Session2/pos/0119.pos,354,,,,0,0,3.648,2.039,,none
F03,dysarthric,Session2,0120,data/extracted/torgo/F03/Session2/pos/0120.pos,441,,,,0,0,3.625,1.732,,none
F03,dysarthric,Session2,0121,data/extracted/torgo/F03/Session2/pos/0121.pos,328,,,,0,0,3.204,1.491,,none
F03,dysarthric,Session2,0122,data/extracted/torgo/F03/Session2/pos/0122.pos,1018,,,,0,0,6.462,2.465,,none
F03,dysarthric,Session2,0123,data/extracted/torgo/F03/Session2/pos/0123.pos,1024,,,,0,0,8.13,2.827,,none
F03,dysarthric,Session2,0124,data/extracted/torgo/F03/Session2/pos/0124.pos,542,,,,0,1,12.362,2.528,,none
F03,dysarthric,Session2,0125,data/extracted/torgo/F03/Session2/pos/0125.pos,310,,,,0,0,5.723,2.351,,none
F03,dysarthric,Session2,0126,data/extracted/torgo/F03/Session2/pos/0126.pos,277,,,,0,0,3.408,1.742,,none
F03,dysarthric,Session2,0127,data/extracted/torgo/F03/Session2/pos/0127.pos,387,,,,0,0,3.348,2.137,,none
F03,dysarthric,Session2,0128,data/extracted/torgo/F03/Session2/pos/0128.pos,295,,,,0,0,4.836,1.039,,none
F03,dysarthric,Session2,0129,data/extracted/torgo/F03/Session2/pos/0129.pos,310,,,,0,0,1.154,0.783,,none
F03,dysarthric,Session2,0130,data/extracted/torgo/F03/Session2/pos/0130.pos,1141,,,,0,0,2.737,1.466,,none
F03,dysarthric,Session2,0131,data/extracted/torgo/F03/Session2/pos/0131.pos,1278,,,,0,4,15.708,2.872,,none
F03,dysarthric,Session2,0132,data/extracted/torgo/F03/Session2/pos/0132.pos,1552,,,12,1,6,24.989,2.572,large_position_step,medium
F03,dysarthric,Session2,0133,data/extracted/torgo/F03/Session2/pos/0133.pos,1918,,,,0,8,18.047,3.493,,none
F03,dysarthric,Session2,0134,data/extracted/torgo/F03/Session2/pos/0134.pos,493,,,,0,0,3.985,1.818,,none
F03,dysarthric,Session2,0135,data/extracted/torgo/F03/Session2/pos/0135.pos,235,,,,0,0,2.445,1.551,,none
F03,dysarthric,Session2,0136,data/extracted/torgo/F03/Session2/pos/0136.pos,312,,,,0,0,3.664,1.766,,none
F03,dysarthric,Session2,0137,data/extracted/torgo/F03/Session2/pos/0137.pos,304,,,,0,0,3.805,1.999,,none
F03,dysarthric,Session2,0138,data/extracted/torgo/F03/Session2/pos/0138.pos,253,,,,0,0,3.089,1.821,,none
F03,dysarthric,Session2,0139,data/extracted/torgo/F03/Session2/pos/0139.pos,488,,,,0,0,8.589,3.534,,none
F03,dysarthric,Session2,0140,data/extracted/torgo/F03/Session2/pos/0140.pos,348,,,,0,1,11.986,5.407,,none
F03,dysarthric,Session2,0141,data/extracted/torgo/F03/Session2/pos/0141.pos,889,,,12,1,1,21.349,2.489,large_position_step,medium
F03,dysarthric,Session2,0142,data/extracted/torgo/F03/Session2/pos/0142.pos,699,,,,0,0,2.028,1.048,,none
F03,dysarthric,Session2,0143,data/extracted/torgo/F03/Session2/pos/0143.pos,636,,,,0,0,7.853,1.538,,none
F03,dysarthric,Session2,0144,data/extracted/torgo/F03/Session2/pos/0144.pos,271,,,,0,0,3.631,1.322,,none
F03,dysarthric,Session2,0145,data/extracted/torgo/F03/Session2/pos/0145.pos,421,,,,0,0,1.989,0.958,,none
F03,dysarthric,Session2,0146,data/extracted/torgo/F03/Session2/pos/0146.pos,942,,,,0,1,16.159,2.132,,none
F03,dysarthric,Session2,0147,data/extracted/torgo/F03/Session2/pos/0147.pos,852,,,,0,8,17.225,2.95,,none
F03,dysarthric,Session2,0148,data/extracted/torgo/F03/Session2/pos/0148.pos,332,,,,0,0,3.0,1.033,,none
F03,dysarthric,Session2,0149,data/extracted/torgo/F03/Session2/pos/0149.pos,694,,,,0,0,3.627,1.478,,none
F03,dysarthric,Session2,0150,data/extracted/torgo/F03/Session2/pos/0150.pos,329,,,,0,0,4.698,1.814,,none
F03,dysarthric,Session2,0151,data/extracted/torgo/F03/Session2/pos/0151.pos,242,,,12,1,1,21.054,2.097,large_position_step,medium
F03,dysarthric,Session2,0152,data/extracted/torgo/F03/Session2/pos/0152.pos,251,,,,0,0,4.027,2.069,,none
F03,dysarthric,Session2,0153,data/extracted/torgo/F03/Session2/pos/0153.pos,441,,,,0,0,4.478,2.45,,none
F03,dysarthric,Session2,0154,data/extracted/torgo/F03/Session2/pos/0154.pos,275,,,,0,0,3.334,1.797,,none
F03,dysarthric,Session2,0155,data/extracted/torgo/F03/Session2/pos/0155.pos,354,,,,0,0,4.111,2.085,,none
F03,dysarthric,Session2,0156,data/extracted/torgo/F03/Session2/pos/0156.pos,285,,,,0,0,8.609,1.848,,none
F03,dysarthric,Session2,0157,data/extracted/torgo/F03/Session2/pos/0157.pos,357,,,12,1,1,23.29,2.031,large_position_step,medium
F03,dysarthric,Session2,0158,data/extracted/torgo/F03/Session2/pos/0158.pos,1455,,,,0,2,14.093,1.951,,none
F03,dysarthric,Session2,0159,data/extracted/torgo/F03/Session2/pos/0159.pos,626,,,,0,0,9.957,1.535,,none
F03,dysarthric,Session2,0160,data/extracted/torgo/F03/Session2/pos/0160.pos,963,,,,0,1,12.594,2.526,,none
F03,dysarthric,Session3,0001,data/extracted/torgo/F03/Session3/pos/0001.pos,979,,,,0,0,2.01,1.126,,none
F03,dysarthric,Session3,0002,data/extracted/torgo/F03/Session3/pos/0002.pos,106,,,,0,0,1.354,1.112,,none
F03,dysarthric,Session3,0003,data/extracted/torgo/F03/Session3/pos/0003.pos,582,,,,0,0,2.7,1.164,,none
F03,dysarthric,Session3,0004,data/extracted/torgo/F03/Session3/pos/0004.pos,375,,,,0,0,1.525,1.036,,none
F03,dysarthric,Session3,0005,data/extracted/torgo/F03/Session3/pos/0005.pos,435,,,,0,0,1.984,1.051,,none
F03,dysarthric,Session3,0006,data/extracted/torgo/F03/Session3/pos/0006.pos,366,,,,0,0,1.676,1.121,,none
F03,dysarthric,Session3,0007,data/extracted/torgo/F03/Session3/pos/0007.pos,839,,,,0,0,2.584,1.168,,none
F03,dysarthric,Session3,0008,data/extracted/torgo/F03/Session3/pos/0008.pos,344,,,,0,0,1.919,1.12,,none
F03,dysarthric,Session3,0009,data/extracted/torgo/F03/Session3/pos/0009.pos,803,,,,0,0,4.856,1.388,,none
F03,dysarthric,Session3,0010,data/extracted/torgo/F03/Session3/pos/0010.pos,375,,,,0,0,2.354,1.332,,none
F03,dysarthric,Session3,0011,data/extracted/torgo/F03/Session3/pos/0011.pos,402,,,,0,0,1.561,1.0,,none
F03,dysarthric,Session3,0012,data/extracted/torgo/F03/Session3/pos/0012.pos,347,,,,0,0,1.515,1.018,,none
F03,dysarthric,Session3,0013,data/extracted/torgo/F03/Session3/pos/0013.pos,464,,,,0,0,1.545,1.063,,none
F03,dysarthric,Session3,0014,data/extracted/torgo/F03/Session3/pos/0014.pos,360,,,,0,0,2.169,1.075,,none
F03,dysarthric,Session3,0015,data/extracted/torgo/F03/Session3/pos/0015.pos,462,,,,0,0,1.567,1.11,,none
F03,dysarthric,Session3,0016,data/extracted/torgo/F03/Session3/pos/0016.pos,504,,,,0,0,1.652,1.011,,none
F03,dysarthric,Session3,0017,data/extracted/torgo/F03/Session3/pos/0017.pos,418,,,,0,0,2.211,1.049,,none
F03,dysarthric,Session3,0018,data/extracted/torgo/F03/Session3/pos/0018.pos,437,,,,0,0,6.038,1.442,,none
F03,dysarthric,Session3,0019,data/extracted/torgo/F03/Session3/pos/0019.pos,447,,,,0,0,2.379,1.112,,none
F03,dysarthric,Session3,0020,data/extracted/torgo/F03/Session3/pos/0020.pos,383,,,,0,0,4.749,1.259,,none
F03,dysarthric,Session3,0021,data/extracted/torgo/F03/Session3/pos/0021.pos,692,,,,0,1,10.343,1.138,,none
F03,dysarthric,Session3,0022,data/extracted/torgo/F03/Session3/pos/0022.pos,804,,,,0,0,5.935,1.224,,none
F03,dysarthric,Session3,0023,data/extracted/torgo/F03/Session3/pos/0023.pos,870,,,9,3,4,71.135,1.279,large_position_step,medium
F03,dysarthric,Session3,0024,data/extracted/torgo/F03/Session3/pos/0024.pos,447,,,,0,0,9.371,2.56,,none
F03,dysarthric,Session3,0025,data/extracted/torgo/F03/Session3/pos/0025.pos,935,,,,0,1,10.851,1.692,,none
F03,dysarthric,Session3,0026,data/extracted/torgo/F03/Session3/pos/0026.pos,464,,,7,7,24,32.598,4.164,large_position_step,medium
F03,dysarthric,Session3,0027,data/extracted/torgo/F03/Session3/pos/0027.pos,470,,,,0,0,7.613,1.694,,none
F03,dysarthric,Session3,0028,data/extracted/torgo/F03/Session3/pos/0028.pos,407,,,7|9,3,3,49.442,1.232,large_position_step,medium
F03,dysarthric,Session3,0029,data/extracted/torgo/F03/Session3/pos/0029.pos,1104,,,9,85,89,237.934,1.65,large_position_step,high
F03,dysarthric,Session3,0030,data/extracted/torgo/F03/Session3/pos/0030.pos,853,,,7,5,12,67.134,1.624,large_position_step,medium
F03,dysarthric,Session3,0031,data/extracted/torgo/F03/Session3/pos/0031.pos,361,,,,0,1,10.882,2.108,,none
F03,dysarthric,Session3,0032,data/extracted/torgo/F03/Session3/pos/0032.pos,644,,,,0,0,4.153,1.6,,none
F03,dysarthric,Session3,0033,data/extracted/torgo/F03/Session3/pos/0033.pos,484,,,,0,0,2.499,1.287,,none
F03,dysarthric,Session3,0034,data/extracted/torgo/F03/Session3/pos/0034.pos,424,,,,0,0,7.05,1.411,,none
F03,dysarthric,Session3,0035,data/extracted/torgo/F03/Session3/pos/0035.pos,320,,,,0,0,2.707,1.425,,none
F03,dysarthric,Session3,0036,data/extracted/torgo/F03/Session3/pos/0036.pos,902,,,,0,0,4.182,2.039,,none
F03,dysarthric,Session3,0037,data/extracted/torgo/F03/Session3/pos/0037.pos,670,,,,0,0,4.443,1.673,,none
F03,dysarthric,Session3,0038,data/extracted/torgo/F03/Session3/pos/0038.pos,1365,,,,0,0,5.053,1.785,,none
F03,dysarthric,Session3,0039,data/extracted/torgo/F03/Session3/pos/0039.pos,380,,,,0,0,5.728,1.446,,none
F03,dysarthric,Session3,0040,data/extracted/torgo/F03/Session3/pos/0040.pos,364,,,,0,1,13.041,1.703,,none
F03,dysarthric,Session3,0041,data/extracted/torgo/F03/Session3/pos/0041.pos,898,,,,0,1,14.535,1.947,,none
F03,dysarthric,Session3,0042,data/extracted/torgo/F03/Session3/pos/0042.pos,383,,,9,1,5,118.169,2.235,large_position_step,medium
F03,dysarthric,Session3,0043,data/extracted/torgo/F03/Session3/pos/0043.pos,268,,,,0,0,8.772,1.547,,none
F03,dysarthric,Session3,0044,data/extracted/torgo/F03/Session3/pos/0044.pos,602,,,,0,0,5.942,1.274,,none
F03,dysarthric,Session3,0045,data/extracted/torgo/F03/Session3/pos/0045.pos,332,,,,0,0,7.659,1.292,,none
F03,dysarthric,Session3,0046,data/extracted/torgo/F03/Session3/pos/0046.pos,345,,,,0,0,4.465,1.058,,none
F03,dysarthric,Session3,0047,data/extracted/torgo/F03/Session3/pos/0047.pos,1480,,,9,2,9,329.849,1.99,large_position_step,medium
F03,dysarthric,Session3,0048,data/extracted/torgo/F03/Session3/pos/0048.pos,863,,,4|9,8,14,242.37,2.913,large_position_step,medium
F03,dysarthric,Session3,0049,data/extracted/torgo/F03/Session3/pos/0049.pos,315,,,9,1,1,23.481,1.772,large_position_step,medium
F03,dysarthric,Session3,0050,data/extracted/torgo/F03/Session3/pos/0050.pos,809,,,,0,1,12.032,1.513,,none
F03,dysarthric,Session3,0051,data/extracted/torgo/F03/Session3/pos/0051.pos,321,,,,0,0,2.824,1.642,,none
F03,dysarthric,Session3,0052,data/extracted/torgo/F03/Session3/pos/0052.pos,523,,,,0,0,7.861,1.858,,none
F03,dysarthric,Session3,0053,data/extracted/torgo/F03/Session3/pos/0053.pos,469,,,,0,0,6.997,1.716,,none
F03,dysarthric,Session3,0054,data/extracted/torgo/F03/Session3/pos/0054.pos,285,,,,0,0,5.506,2.303,,none
F03,dysarthric,Session3,0055,data/extracted/torgo/F03/Session3/pos/0055.pos,740,,,9,9,17,70.056,2.091,large_position_step,medium
F03,dysarthric,Session3,0056,data/extracted/torgo/F03/Session3/pos/0056.pos,717,,,7,2,2,146.996,1.762,large_position_step,medium
F03,dysarthric,Session3,0057,data/extracted/torgo/F03/Session3/pos/0057.pos,373,,,,0,0,9.536,1.689,,none
F03,dysarthric,Session3,0058,data/extracted/torgo/F03/Session3/pos/0058.pos,550,,,7,1,2,61.239,1.688,large_position_step,medium
F03,dysarthric,Session3,0059,data/extracted/torgo/F03/Session3/pos/0059.pos,376,,,,0,0,2.91,1.583,,none
F03,dysarthric,Session3,0060,data/extracted/torgo/F03/Session3/pos/0060.pos,349,,,7,6,8,57.982,1.668,large_position_step,medium
F03,dysarthric,Session3,0061,data/extracted/torgo/F03/Session3/pos/0061.pos,313,,,,0,0,4.658,2.059,,none
F03,dysarthric,Session3,0062,data/extracted/torgo/F03/Session3/pos/0062.pos,266,,,,0,0,5.572,1.828,,none
F03,dysarthric,Session3,0063,data/extracted/torgo/F03/Session3/pos/0063.pos,562,,,,0,0,7.659,2.054,,none
F03,dysarthric,Session3,0064,data/extracted/torgo/F03/Session3/pos/0064.pos,307,,,7,1,18,20.521,7.827,large_position_step,medium
F03,dysarthric,Session3,0065,data/extracted/torgo/F03/Session3/pos/0065.pos,521,,,,0,8,12.547,5.814,,none
F03,dysarthric,Session3,0066,data/extracted/torgo/F03/Session3/pos/0066.pos,300,,,,0,3,13.022,4.309,,none
F03,dysarthric,Session3,0067,data/extracted/torgo/F03/Session3/pos/0067.pos,541,,,7,1,1,57.368,1.301,large_position_step,medium
F03,dysarthric,Session3,0068,data/extracted/torgo/F03/Session3/pos/0068.pos,229,,,7,6,15,25.013,3.443,large_position_step,medium
F03,dysarthric,Session3,0069,data/extracted/torgo/F03/Session3/pos/0069.pos,304,,,,0,0,9.627,1.214,,none
F03,dysarthric,Session3,0070,data/extracted/torgo/F03/Session3/pos/0070.pos,357,,,,0,0,7.605,1.096,,none
F03,dysarthric,Session3,0071,data/extracted/torgo/F03/Session3/pos/0071.pos,287,,,,0,0,2.337,1.147,,none
F03,dysarthric,Session3,0072,data/extracted/torgo/F03/Session3/pos/0072.pos,275,,,,0,0,3.173,1.879,,none
F03,dysarthric,Session3,0073,data/extracted/torgo/F03/Session3/pos/0073.pos,291,,,,0,2,11.894,4.366,,none
F03,dysarthric,Session3,0074,data/extracted/torgo/F03/Session3/pos/0074.pos,268,,,4,1,2,20.783,2.443,large_position_step,medium
F03,dysarthric,Session3,0075,data/extracted/torgo/F03/Session3/pos/0075.pos,327,,,,0,1,10.246,1.543,,none
F03,dysarthric,Session3,0076,data/extracted/torgo/F03/Session3/pos/0076.pos,292,,,,0,0,2.375,1.441,,none
F03,dysarthric,Session3,0077,data/extracted/torgo/F03/Session3/pos/0077.pos,335,,,,0,0,4.755,1.49,,none
F03,dysarthric,Session3,0078,data/extracted/torgo/F03/Session3/pos/0078.pos,348,,,,0,0,2.015,1.158,,none
F03,dysarthric,Session3,0079,data/extracted/torgo/F03/Session3/pos/0079.pos,317,,,,0,0,2.594,1.392,,none
F03,dysarthric,Session3,0080,data/extracted/torgo/F03/Session3/pos/0080.pos,493,,,9,3,4,166.33,1.66,large_position_step,medium
F03,dysarthric,Session3,0081,data/extracted/torgo/F03/Session3/pos/0081.pos,402,,,9,11,15,61.987,2.287,large_position_step,high
F03,dysarthric,Session3,0082,data/extracted/torgo/F03/Session3/pos/0082.pos,913,,,9,3,4,302.59,2.177,large_position_step,medium
F03,dysarthric,Session3,0083,data/extracted/torgo/F03/Session3/pos/0083.pos,491,,,9,1,1,25.514,1.918,large_position_step,medium
F03,dysarthric,Session3,0084,data/extracted/torgo/F03/Session3/pos/0084.pos,946,,,9,1,1,25.312,2.498,large_position_step,medium
F03,dysarthric,Session3,0085,data/extracted/torgo/F03/Session3/pos/0085.pos,260,,,,0,4,15.277,4.858,,none
F03,dysarthric,Session3,0086,data/extracted/torgo/F03/Session3/pos/0086.pos,344,,,,0,1,18.341,4.257,,none
F03,dysarthric,Session3,0087,data/extracted/torgo/F03/Session3/pos/0087.pos,294,,,,0,0,3.732,1.821,,none
F03,dysarthric,Session3,0088,data/extracted/torgo/F03/Session3/pos/0088.pos,290,,,,0,0,3.357,1.826,,none
F03,dysarthric,Session3,0089,data/extracted/torgo/F03/Session3/pos/0089.pos,344,,,7,5,6,47.54,1.646,large_position_step,medium
F03,dysarthric,Session3,0090,data/extracted/torgo/F03/Session3/pos/0090.pos,833,,,7,8,15,298.835,1.368,large_position_step,medium
F03,dysarthric,Session3,0091,data/extracted/torgo/F03/Session3/pos/0091.pos,225,,,7,1,1,43.77,1.816,large_position_step,medium
F03,dysarthric,Session3,0092,data/extracted/torgo/F03/Session3/pos/0092.pos,340,,,7,2,2,40.539,1.678,large_position_step,medium
F03,dysarthric,Session3,0093,data/extracted/torgo/F03/Session3/pos/0093.pos,260,,,7,1,4,31.316,1.933,large_position_step,medium
F03,dysarthric,Session3,0094,data/extracted/torgo/F03/Session3/pos/0094.pos,295,,,,0,0,3.16,1.627,,none
F03,dysarthric,Session3,0095,data/extracted/torgo/F03/Session3/pos/0095.pos,275,,,,0,0,4.29,1.462,,none
F03,dysarthric,Session3,0096,data/extracted/torgo/F03/Session3/pos/0096.pos,349,,,3|7,3,7,58.416,2.19,large_position_step,medium
F03,dysarthric,Session3,0097,data/extracted/torgo/F03/Session3/pos/0097.pos,628,,,,0,0,7.342,1.781,,none
F03,dysarthric,Session3,0098,data/extracted/torgo/F03/Session3/pos/0098.pos,438,,,,0,0,6.983,1.59,,none
F03,dysarthric,Session3,0099,data/extracted/torgo/F03/Session3/pos/0099.pos,440,,,,0,0,5.984,2.292,,none
F03,dysarthric,Session3,0100,data/extracted/torgo/F03/Session3/pos/0100.pos,314,,,,0,0,1.423,0.964,,none
F03,dysarthric,Session3,0101,data/extracted/torgo/F03/Session3/pos/0101.pos,523,,,,0,0,2.273,1.191,,none
F03,dysarthric,Session3,0102,data/extracted/torgo/F03/Session3/pos/0102.pos,727,,,,0,0,1.839,1.17,,none
F03,dysarthric,Session3,0103,data/extracted/torgo/F03/Session3/pos/0103.pos,457,,,,0,0,1.759,0.957,,none
F03,dysarthric,Session3,0104,data/extracted/torgo/F03/Session3/pos/0104.pos,328,,,,0,0,2.069,1.176,,none
F03,dysarthric,Session3,0105,data/extracted/torgo/F03/Session3/pos/0105.pos,529,,,,0,0,2.248,1.194,,none
F03,dysarthric,Session3,0106,data/extracted/torgo/F03/Session3/pos/0106.pos,338,,,,0,0,3.355,1.217,,none
F03,dysarthric,Session3,0107,data/extracted/torgo/F03/Session3/pos/0107.pos,595,,,,0,0,3.397,1.409,,none
F03,dysarthric,Session3,0108,data/extracted/torgo/F03/Session3/pos/0108.pos,327,,,,0,0,2.376,1.185,,none
F03,dysarthric,Session3,0109,data/extracted/torgo/F03/Session3/pos/0109.pos,281,,,,0,0,3.154,1.405,,none
F03,dysarthric,Session3,0110,data/extracted/torgo/F03/Session3/pos/0110.pos,366,,,,0,0,2.211,1.071,,none
F03,dysarthric,Session3,0111,data/extracted/torgo/F03/Session3/pos/0111.pos,276,,,,0,0,1.655,1.151,,none
F03,dysarthric,Session3,0112,data/extracted/torgo/F03/Session3/pos/0112.pos,346,,,,0,0,2.086,1.067,,none
F03,dysarthric,Session3,0113,data/extracted/torgo/F03/Session3/pos/0113.pos,352,,,,0,0,1.95,1.173,,none
F03,dysarthric,Session3,0114,data/extracted/torgo/F03/Session3/pos/0114.pos,336,,,,0,0,1.771,1.098,,none
F03,dysarthric,Session3,0115,data/extracted/torgo/F03/Session3/pos/0115.pos,319,,,,0,0,2.011,1.093,,none
F03,dysarthric,Session3,0116,data/extracted/torgo/F03/Session3/pos/0116.pos,255,,,,0,0,1.903,1.167,,none
F03,dysarthric,Session3,0117,data/extracted/torgo/F03/Session3/pos/0117.pos,795,,,,0,0,3.027,1.193,,none
F03,dysarthric,Session3,0118,data/extracted/torgo/F03/Session3/pos/0118.pos,802,,,,0,0,3.721,1.388,,none
F03,dysarthric,Session3,0119,data/extracted/torgo/F03/Session3/pos/0119.pos,939,,,,0,0,5.021,1.118,,none
F03,dysarthric,Session3,0120,data/extracted/torgo/F03/Session3/pos/0120.pos,268,,,3,1,2,44.689,1.586,large_position_step,medium
F03,dysarthric,Session3,0121,data/extracted/torgo/F03/Session3/pos/0121.pos,457,,,,0,0,6.966,1.276,,none
F03,dysarthric,Session3,0122,data/extracted/torgo/F03/Session3/pos/0122.pos,692,,,,0,1,18.123,1.504,,none
F03,dysarthric,Session3,0123,data/extracted/torgo/F03/Session3/pos/0123.pos,1028,,,,0,0,3.894,1.435,,none
F03,dysarthric,Session3,0124,data/extracted/torgo/F03/Session3/pos/0124.pos,268,,,10,1,1,90.567,1.734,large_position_step,medium
F03,dysarthric,Session3,0125,data/extracted/torgo/F03/Session3/pos/0125.pos,413,,,3,1,1,68.461,1.709,large_position_step,medium
F03,dysarthric,Session3,0126,data/extracted/torgo/F03/Session3/pos/0126.pos,233,,,,0,0,2.336,1.552,,none
F03,dysarthric,Session3,0127,data/extracted/torgo/F03/Session3/pos/0127.pos,847,,,7,2,2,285.155,1.551,large_position_step,medium
F03,dysarthric,Session3,0128,data/extracted/torgo/F03/Session3/pos/0128.pos,294,,,,0,0,2.527,1.574,,none
F03,dysarthric,Session3,0129,data/extracted/torgo/F03/Session3/pos/0129.pos,270,,,,0,0,2.932,1.729,,none
F03,dysarthric,Session3,0130,data/extracted/torgo/F03/Session3/pos/0130.pos,620,,,,0,0,4.342,1.748,,none
F03,dysarthric,Session3,0131,data/extracted/torgo/F03/Session3/pos/0131.pos,223,,,3,1,2,97.644,2.222,large_position_step,medium
F03,dysarthric,Session3,0132,data/extracted/torgo/F03/Session3/pos/0132.pos,273,,,,0,0,3.848,2.069,,none
F03,dysarthric,Session3,0133,data/extracted/torgo/F03/Session3/pos/0133.pos,560,,,,0,0,3.439,1.828,,none
F03,dysarthric,Session3,0134,data/extracted/torgo/F03/Session3/pos/0134.pos,1194,,,7|9,21,46,264.456,2.084,large_position_step,high
F03,dysarthric,Session3,0135,data/extracted/torgo/F03/Session3/pos/0135.pos,1083,,,7|9,11,25,73.861,1.759,large_position_step,high
F03,dysarthric,Session3,0136,data/extracted/torgo/F03/Session3/pos/0136.pos,708,,,,0,0,8.622,1.58,,none
F03,dysarthric,Session3,0137,data/extracted/torgo/F03/Session3/pos/0137.pos,689,,,,0,0,9.021,2.061,,none
F03,dysarthric,Session3,0138,data/extracted/torgo/F03/Session3/pos/0138.pos,328,,,,0,0,3.701,1.794,,none
F03,dysarthric,Session3,0139,data/extracted/torgo/F03/Session3/pos/0139.pos,313,,,,0,0,6.415,1.699,,none
F03,dysarthric,Session3,0140,data/extracted/torgo/F03/Session3/pos/0140.pos,255,,,,0,0,2.039,1.148,,none
F03,dysarthric,Session3,0141,data/extracted/torgo/F03/Session3/pos/0141.pos,387,,,,0,0,2.572,1.67,,none
F03,dysarthric,Session3,0142,data/extracted/torgo/F03/Session3/pos/0142.pos,283,,,7,1,2,105.162,2.257,large_position_step,medium
F03,dysarthric,Session3,0143,data/extracted/torgo/F03/Session3/pos/0143.pos,338,,,,0,0,2.252,1.566,,none
F03,dysarthric,Session3,0144,data/extracted/torgo/F03/Session3/pos/0144.pos,316,,,,0,0,3.61,1.971,,none
F03,dysarthric,Session3,0145,data/extracted/torgo/F03/Session3/pos/0145.pos,284,,,,0,0,4.445,2.393,,none
F03,dysarthric,Session3,0146,data/extracted/torgo/F03/Session3/pos/0146.pos,259,,,,0,0,5.078,3.259,,none
F03,dysarthric,Session3,0147,data/extracted/torgo/F03/Session3/pos/0147.pos,267,,,,0,0,2.979,1.977,,none
F03,dysarthric,Session3,0148,data/extracted/torgo/F03/Session3/pos/0148.pos,179,,,,0,0,1.379,0.808,,none
F03,dysarthric,Session3,0149,data/extracted/torgo/F03/Session3/pos/0149.pos,420,,,,0,0,3.067,1.026,,none
F03,dysarthric,Session3,0150,data/extracted/torgo/F03/Session3/pos/0150.pos,3089,,,6|7,12,95,306.784,1.667,large_position_step,high
F03,dysarthric,Session3,0151,data/extracted/torgo/F03/Session3/pos/0151.pos,343,,,,0,0,7.888,1.65,,none
F03,dysarthric,Session3,0152,data/extracted/torgo/F03/Session3/pos/0152.pos,305,,,7|9,46,78,102.102,26.623,large_position_step,high
F03,dysarthric,Session3,0153,data/extracted/torgo/F03/Session3/pos/0153.pos,1409,,,7,1,1,28.61,1.348,large_position_step,medium
F03,dysarthric,Session3,0154,data/extracted/torgo/F03/Session3/pos/0154.pos,441,,,,0,0,1.623,1.166,,none
F03,dysarthric,Session3,0155,data/extracted/torgo/F03/Session3/pos/0155.pos,414,,,,0,4,11.183,1.286,,none
F03,dysarthric,Session3,0156,data/extracted/torgo/F03/Session3/pos/0156.pos,371,,,,0,0,3.031,1.814,,none
F03,dysarthric,Session3,0157,data/extracted/torgo/F03/Session3/pos/0157.pos,239,,,,0,0,2.195,1.347,,none
F03,dysarthric,Session3,0158,data/extracted/torgo/F03/Session3/pos/0158.pos,381,,,,0,0,2.073,1.254,,none
F03,dysarthric,Session3,0159,data/extracted/torgo/F03/Session3/pos/0159.pos,267,,,,0,0,2.931,1.542,,none
F03,dysarthric,Session3,0160,data/extracted/torgo/F03/Session3/pos/0160.pos,243,,,,0,0,2.009,1.329,,none
F03,dysarthric,Session3,0161,data/extracted/torgo/F03/Session3/pos/0161.pos,263,,,,0,0,2.995,1.984,,none
F03,dysarthric,Session3,0162,data/extracted/torgo/F03/Session3/pos/0162.pos,650,,,,0,0,4.562,1.394,,none
F03,dysarthric,Session3,0163,data/extracted/torgo/F03/Session3/pos/0163.pos,261,,,,0,1,12.368,1.478,,none
F03,dysarthric,Session3,0164,data/extracted/torgo/F03/Session3/pos/0164.pos,296,,,7,1,1,98.855,1.035,large_position_step,medium
F03,dysarthric,Session3,0165,data/extracted/torgo/F03/Session3/pos/0165.pos,289,,,,0,0,3.55,1.405,,none
F03,dysarthric,Session3,0166,data/extracted/torgo/F03/Session3/pos/0166.pos,281,,,,0,0,7.575,1.499,,none
F03,dysarthric,Session3,0167,data/extracted/torgo/F03/Session3/pos/0167.pos,277,,,,0,0,2.126,0.983,,none
F03,dysarthric,Session3,0168,data/extracted/torgo/F03/Session3/pos/0168.pos,251,,,,0,0,1.425,0.975,,none
F03,dysarthric,Session3,0169,data/extracted/torgo/F03/Session3/pos/0169.pos,282,,,,0,0,1.987,1.114,,none
F03,dysarthric,Session3,0170,data/extracted/torgo/F03/Session3/pos/0170.pos,248,,,,0,0,1.801,0.844,,none
F03,dysarthric,Session3,0171,data/extracted/torgo/F03/Session3/pos/0171.pos,305,,,,0,1,13.22,0.973,,none
F03,dysarthric,Session3,0172,data/extracted/torgo/F03/Session3/pos/0172.pos,573,,,,0,0,4.249,1.044,,none
F03,dysarthric,Session3,0173,data/extracted/torgo/F03/Session3/pos/0173.pos,290,,,,0,4,19.27,2.276,,none
F03,dysarthric,Session3,0174,data/extracted/torgo/F03/Session3/pos/0174.pos,419,,,,0,0,3.516,1.008,,none
F03,dysarthric,Session3,0175,data/extracted/torgo/F03/Session3/pos/0175.pos,369,,,,0,0,1.624,0.817,,none
F03,dysarthric,Session3,0176,data/extracted/torgo/F03/Session3/pos/0176.pos,325,,,9,3,4,281.044,1.529,large_position_step,medium
F03,dysarthric,Session3,0177,data/extracted/torgo/F03/Session3/pos/0177.pos,63,,,,0,0,1.28,0.814,,none
F03,dysarthric,Session3,0178,data/extracted/torgo/F03/Session3/pos/0178.pos,525,,,,0,0,3.195,1.078,,none
F03,dysarthric,Session3,0179,data/extracted/torgo/F03/Session3/pos/0179.pos,521,,,,0,0,7.536,1.359,,none
F03,dysarthric,Session3,0180,data/extracted/torgo/F03/Session3/pos/0180.pos,271,,,9,1,3,192.861,1.285,large_position_step,medium
F03,dysarthric,Session3,0181,data/extracted/torgo/F03/Session3/pos/0181.pos,255,,,,0,0,6.286,1.168,,none
F03,dysarthric,Session3,0182,data/extracted/torgo/F03/Session3/pos/0182.pos,907,,,,0,0,3.98,1.28,,none
F03,dysarthric,Session3,0183,data/extracted/torgo/F03/Session3/pos/0183.pos,591,,,3|9,7,9,258.83,1.911,large_position_step,medium
F03,dysarthric,Session3,0184,data/extracted/torgo/F03/Session3/pos/0184.pos,508,,,,0,0,4.3,1.149,,none
F03,dysarthric,Session3,0185,data/extracted/torgo/F03/Session3/pos/0185.pos,250,,,,0,0,1.602,0.687,,none
F03,dysarthric,Session3,0186,data/extracted/torgo/F03/Session3/pos/0186.pos,408,,,,0,0,2.991,1.319,,none
F03,dysarthric,Session3,0187,data/extracted/torgo/F03/Session3/pos/0187.pos,295,,,,0,0,1.549,0.906,,none
F03,dysarthric,Session3,0188,data/extracted/torgo/F03/Session3/pos/0188.pos,527,,,,0,0,2.805,1.411,,none
F03,dysarthric,Session3,0189,data/extracted/torgo/F03/Session3/pos/0189.pos,295,,,9,8,11,63.879,2.728,large_position_step,medium
F03,dysarthric,Session3,0190,data/extracted/torgo/F03/Session3/pos/0190.pos,442,,,,0,0,1.617,0.923,,none
F03,dysarthric,Session3,0191,data/extracted/torgo/F03/Session3/pos/0191.pos,1077,,,1|2|3|4|6|7|8|9|10|11,159,239,132.594,28.196,large_position_step,high
F03,dysarthric,Session3,0192,data/extracted/torgo/F03/Session3/pos/0192.pos,890,,,7,13,16,126.125,2.95,large_position_step,high
F03,dysarthric,Session3,0193,data/extracted/torgo/F03/Session3/pos/0193.pos,218,,,,0,0,6.697,1.632,,none
F03,dysarthric,Session3,0194,data/extracted/torgo/F03/Session3/pos/0194.pos,395,,,,0,2,15.255,2.89,,none
F03,dysarthric,Session3,0195,data/extracted/torgo/F03/Session3/pos/0195.pos,316,,,,0,0,1.688,0.97,,none
F03,dysarthric,Session3,0196,data/extracted/torgo/F03/Session3/pos/0196.pos,359,,,,0,0,3.52,1.492,,none
F03,dysarthric,Session3,0197,data/extracted/torgo/F03/Session3/pos/0197.pos,603,,,9,2,3,348.747,1.785,large_position_step,medium
F03,dysarthric,Session3,0198,data/extracted/torgo/F03/Session3/pos/0198.pos,308,,,,0,0,3.065,0.923,,none
F03,dysarthric,Session3,0199,data/extracted/torgo/F03/Session3/pos/0199.pos,897,,,7,2,2,72.374,1.991,large_position_step,medium
F03,dysarthric,Session3,0200,data/extracted/torgo/F03/Session3/pos/0200.pos,264,,,3|7,4,5,211.25,1.896,large_position_step,medium
F03,dysarthric,Session3,0201,data/extracted/torgo/F03/Session3/pos/0201.pos,308,,,3,1,2,68.11,3.231,large_position_step,medium
F03,dysarthric,Session3,0202,data/extracted/torgo/F03/Session3/pos/0202.pos,314,,,,0,0,3.37,1.626,,none
F03,dysarthric,Session3,0203,data/extracted/torgo/F03/Session3/pos/0203.pos,398,,,,0,0,2.153,1.089,,none
F03,dysarthric,Session3,0204,data/extracted/torgo/F03/Session3/pos/0204.pos,302,,,,0,0,7.563,1.353,,none
F03,dysarthric,Session3,0205,data/extracted/torgo/F03/Session3/pos/0205.pos,257,,,,0,0,2.551,0.918,,none
F03,dysarthric,Session3,0206,data/extracted/torgo/F03/Session3/pos/0206.pos,279,,,,0,0,3.658,0.836,,none
F03,dysarthric,Session3,0207,data/extracted/torgo/F03/Session3/pos/0207.pos,247,,,,0,0,6.256,1.741,,none
F03,dysarthric,Session3,0208,data/extracted/torgo/F03/Session3/pos/0208.pos,259,,,,0,0,3.427,1.169,,none
F03,dysarthric,Session3,0209,data/extracted/torgo/F03/Session3/pos/0209.pos,1410,,,3,1,4,52.821,1.536,large_position_step,medium
F03,dysarthric,Session3,0210,data/extracted/torgo/F03/Session3/pos/0210.pos,252,,,,0,0,2.429,1.164,,none
F03,dysarthric,Session3,0211,data/extracted/torgo/F03/Session3/pos/0211.pos,306,,,7,1,1,30.995,1.425,large_position_step,medium
F03,dysarthric,Session3,0212,data/extracted/torgo/F03/Session3/pos/0212.pos,129,,,3,2,3,219.498,2.718,large_position_step,medium
F03,dysarthric,Session3,0213,data/extracted/torgo/F03/Session3/pos/0213.pos,1510,,,6|7|8|10,35,62,305.398,2.897,large_position_step,high
F03,dysarthric,Session3,0214,data/extracted/torgo/F03/Session3/pos/0214.pos,550,,,3|9|10,48,96,97.087,15.007,large_position_step,high
F04,dysarthric,Session2,0001,data/extracted/torgo/F04/Session2/pos/0001.pos,511,,,,0,0,1.891,1.096,,none
F04,dysarthric,Session2,0002,data/extracted/torgo/F04/Session2/pos/0002.pos,1014,,,,0,0,3.054,1.011,,none
F04,dysarthric,Session2,0003,data/extracted/torgo/F04/Session2/pos/0003.pos,355,,,,0,0,2.469,1.046,,none
F04,dysarthric,Session2,0004,data/extracted/torgo/F04/Session2/pos/0004.pos,952,,,,0,0,3.199,1.201,,none
F04,dysarthric,Session2,0005,data/extracted/torgo/F04/Session2/pos/0005.pos,729,,,,0,0,2.031,0.988,,none
F04,dysarthric,Session2,0006,data/extracted/torgo/F04/Session2/pos/0006.pos,348,,,,0,0,2.162,1.006,,none
F04,dysarthric,Session2,0007,data/extracted/torgo/F04/Session2/pos/0007.pos,350,,,10,2,2,76.027,1.326,large_position_step,medium
F04,dysarthric,Session2,0008,data/extracted/torgo/F04/Session2/pos/0008.pos,657,,,10,2,3,179.24,1.497,large_position_step,medium
F04,dysarthric,Session2,0009,data/extracted/torgo/F04/Session2/pos/0009.pos,1053,,,2|10,4,4,104.198,1.899,large_position_step,medium
F04,dysarthric,Session2,0010,data/extracted/torgo/F04/Session2/pos/0010.pos,462,,,,0,0,1.851,0.905,,none
F04,dysarthric,Session2,0011,data/extracted/torgo/F04/Session2/pos/0011.pos,565,,,,0,0,2.326,1.112,,none
F04,dysarthric,Session2,0012,data/extracted/torgo/F04/Session2/pos/0012.pos,770,,,,0,0,2.545,1.042,,none
F04,dysarthric,Session2,0013,data/extracted/torgo/F04/Session2/pos/0013.pos,908,,,,0,0,6.219,0.887,,none
F04,dysarthric,Session2,0014,data/extracted/torgo/F04/Session2/pos/0014.pos,633,,,10,1,1,34.024,1.425,large_position_step,medium
F04,dysarthric,Session2,0015,data/extracted/torgo/F04/Session2/pos/0015.pos,469,,,,0,0,2.327,1.094,,none
F04,dysarthric,Session2,0016,data/extracted/torgo/F04/Session2/pos/0016.pos,549,,,,0,0,1.918,0.997,,none
F04,dysarthric,Session2,0017,data/extracted/torgo/F04/Session2/pos/0017.pos,472,,,,0,0,2.262,0.924,,none
F04,dysarthric,Session2,0018,data/extracted/torgo/F04/Session2/pos/0018.pos,401,,,,0,0,1.492,0.856,,none
F04,dysarthric,Session2,0019,data/extracted/torgo/F04/Session2/pos/0019.pos,889,,,,0,0,6.811,2.188,,none
F04,dysarthric,Session2,0020,data/extracted/torgo/F04/Session2/pos/0020.pos,628,,,2,2,2,70.484,0.987,large_position_step,medium
F04,dysarthric,Session2,0021,data/extracted/torgo/F04/Session2/pos/0021.pos,432,,,,0,0,1.938,0.885,,none
F04,dysarthric,Session2,0022,data/extracted/torgo/F04/Session2/pos/0022.pos,380,,,,0,0,2.973,1.179,,none
F04,dysarthric,Session2,0023,data/extracted/torgo/F04/Session2/pos/0023.pos,412,,,,0,0,2.359,0.936,,none
F04,dysarthric,Session2,0024,data/extracted/torgo/F04/Session2/pos/0024.pos,706,,,,0,0,3.841,1.202,,none
F04,dysarthric,Session2,0025,data/extracted/torgo/F04/Session2/pos/0025.pos,692,,,,0,0,1.41,0.788,,none
F04,dysarthric,Session2,0026,data/extracted/torgo/F04/Session2/pos/0026.pos,436,,,,0,0,3.598,1.152,,none
F04,dysarthric,Session2,0027,data/extracted/torgo/F04/Session2/pos/0027.pos,486,,,,0,0,3.008,1.365,,none
F04,dysarthric,Session2,0028,data/extracted/torgo/F04/Session2/pos/0028.pos,914,,,2|10,5,7,87.581,1.771,large_position_step,medium
F04,dysarthric,Session2,0029,data/extracted/torgo/F04/Session2/pos/0029.pos,598,,,,0,0,2.364,1.007,,none
F04,dysarthric,Session2,0030,data/extracted/torgo/F04/Session2/pos/0030.pos,391,,,,0,0,6.32,1.237,,none
F04,dysarthric,Session2,0031,data/extracted/torgo/F04/Session2/pos/0031.pos,555,,,10,2,6,83.742,1.176,large_position_step,medium
F04,dysarthric,Session2,0032,data/extracted/torgo/F04/Session2/pos/0032.pos,891,,,10,1,1,54.99,1.196,large_position_step,medium
F04,dysarthric,Session2,0033,data/extracted/torgo/F04/Session2/pos/0033.pos,397,,,,0,0,4.273,1.196,,none
F04,dysarthric,Session2,0034,data/extracted/torgo/F04/Session2/pos/0034.pos,564,,,,0,0,1.55,0.867,,none
F04,dysarthric,Session2,0035,data/extracted/torgo/F04/Session2/pos/0035.pos,550,,,,0,0,4.537,1.141,,none
F04,dysarthric,Session2,0036,data/extracted/torgo/F04/Session2/pos/0036.pos,1338,,,,0,0,6.06,1.092,,none
F04,dysarthric,Session2,0037,data/extracted/torgo/F04/Session2/pos/0037.pos,414,,,1,1,2,79.401,1.327,large_position_step,medium
F04,dysarthric,Session2,0038,data/extracted/torgo/F04/Session2/pos/0038.pos,445,,,,0,0,2.044,1.063,,none
F04,dysarthric,Session2,0039,data/extracted/torgo/F04/Session2/pos/0039.pos,707,,,,0,0,2.362,1.007,,none
F04,dysarthric,Session2,0040,data/extracted/torgo/F04/Session2/pos/0040.pos,569,,,,0,0,2.384,1.029,,none
F04,dysarthric,Session2,0041,data/extracted/torgo/F04/Session2/pos/0041.pos,922,,,,0,0,2.56,1.016,,none
F04,dysarthric,Session2,0042,data/extracted/torgo/F04/Session2/pos/0042.pos,964,,,,0,0,1.712,0.942,,none
F04,dysarthric,Session2,0043,data/extracted/torgo/F04/Session2/pos/0043.pos,454,,,10,68,93,71.415,25.226,large_position_step,high
F04,dysarthric,Session2,0044,data/extracted/torgo/F04/Session2/pos/0044.pos,625,,,,0,0,2.887,0.949,,none
F04,dysarthric,Session2,0045,data/extracted/torgo/F04/Session2/pos/0045.pos,474,,,1,1,1,40.535,1.011,large_position_step,medium
F04,dysarthric,Session2,0046,data/extracted/torgo/F04/Session2/pos/0046.pos,390,,,,0,0,2.379,0.986,,none
F04,dysarthric,Session2,0047,data/extracted/torgo/F04/Session2/pos/0047.pos,1108,,,3,1,2,25.937,1.173,large_position_step,medium
F04,dysarthric,Session2,0048,data/extracted/torgo/F04/Session2/pos/0048.pos,549,,,,0,0,3.123,1.048,,none
F04,dysarthric,Session2,0049,data/extracted/torgo/F04/Session2/pos/0049.pos,953,,,,0,0,2.101,0.918,,none
F04,dysarthric,Session2,0050,data/extracted/torgo/F04/Session2/pos/0050.pos,753,,,,0,0,3.296,0.939,,none
F04,dysarthric,Session2,0051,data/extracted/torgo/F04/Session2/pos/0051.pos,624,,,,0,0,4.779,1.908,,none
F04,dysarthric,Session2,0052,data/extracted/torgo/F04/Session2/pos/0052.pos,927,,,1|3,2,6,29.562,1.76,large_position_step,medium
F04,dysarthric,Session2,0053,data/extracted/torgo/F04/Session2/pos/0053.pos,1288,,,1,4,10,45.459,1.742,large_position_step,medium
F04,dysarthric,Session2,0054,data/extracted/torgo/F04/Session2/pos/0054.pos,763,,,3,1,2,22.424,0.962,large_position_step,medium
F04,dysarthric,Session2,0055,data/extracted/torgo/F04/Session2/pos/0055.pos,903,,,,0,0,1.551,0.923,,none
F04,dysarthric,Session2,0056,data/extracted/torgo/F04/Session2/pos/0056.pos,564,,,,0,0,3.147,0.972,,none
F04,dysarthric,Session2,0057,data/extracted/torgo/F04/Session2/pos/0057.pos,1113,,,,0,0,2.123,0.953,,none
F04,dysarthric,Session2,0058,data/extracted/torgo/F04/Session2/pos/0058.pos,1381,,,2|3,3,7,36.115,1.054,large_position_step,medium
F04,dysarthric,Session2,0059,data/extracted/torgo/F04/Session2/pos/0059.pos,438,,,,0,2,11.568,1.035,,none
F04,dysarthric,Session2,0060,data/extracted/torgo/F04/Session2/pos/0060.pos,362,,,,0,0,1.529,0.834,,none
F04,dysarthric,Session2,0061,data/extracted/torgo/F04/Session2/pos/0061.pos,513,,,,0,3,15.628,1.395,,none
F04,dysarthric,Session2,0062,data/extracted/torgo/F04/Session2/pos/0062.pos,1251,,,3,1,11,20.49,1.773,large_position_step,medium
F04,dysarthric,Session2,0063,data/extracted/torgo/F04/Session2/pos/0063.pos,357,,,,0,0,3.877,1.084,,none
F04,dysarthric,Session2,0064,data/extracted/torgo/F04/Session2/pos/0064.pos,579,,,,0,0,3.855,1.245,,none
F04,dysarthric,Session2,0065,data/extracted/torgo/F04/Session2/pos/0065.pos,499,,,3,2,10,54.337,3.415,large_position_step,medium
F04,dysarthric,Session2,0066,data/extracted/torgo/F04/Session2/pos/0066.pos,892,,,3,1,2,21.692,1.235,large_position_step,medium
F04,dysarthric,Session2,0067,data/extracted/torgo/F04/Session2/pos/0067.pos,560,,,2,2,2,35.43,1.433,large_position_step,medium
F04,dysarthric,Session2,0068,data/extracted/torgo/F04/Session2/pos/0068.pos,726,,,,0,0,2.128,1.013,,none
F04,dysarthric,Session2,0069,data/extracted/torgo/F04/Session2/pos/0069.pos,498,,,,0,0,2.205,0.975,,none
F04,dysarthric,Session2,0070,data/extracted/torgo/F04/Session2/pos/0070.pos,467,,,,0,2,18.614,1.014,,none
F04,dysarthric,Session2,0071,data/extracted/torgo/F04/Session2/pos/0071.pos,504,,,,0,0,2.126,0.884,,none
F04,dysarthric,Session2,0072,data/extracted/torgo/F04/Session2/pos/0072.pos,1265,,,7,1,1,31.729,1.104,large_position_step,medium
F04,dysarthric,Session2,0073,data/extracted/torgo/F04/Session2/pos/0073.pos,709,,,,0,0,2.863,0.846,,none
F04,dysarthric,Session2,0074,data/extracted/torgo/F04/Session2/pos/0074.pos,514,,,,0,0,1.786,0.876,,none
F04,dysarthric,Session2,0075,data/extracted/torgo/F04/Session2/pos/0075.pos,560,,,,0,1,17.94,1.119,,none
F04,dysarthric,Session2,0076,data/extracted/torgo/F04/Session2/pos/0076.pos,403,,,,0,0,1.511,0.85,,none
F04,dysarthric,Session2,0077,data/extracted/torgo/F04/Session2/pos/0077.pos,477,,,,0,0,1.859,1.029,,none
F04,dysarthric,Session2,0078,data/extracted/torgo/F04/Session2/pos/0078.pos,420,,,,0,0,1.703,0.898,,none
F04,dysarthric,Session2,0079,data/extracted/torgo/F04/Session2/pos/0079.pos,943,,,10,1,1,48.313,1.01,large_position_step,medium
F04,dysarthric,Session2,0080,data/extracted/torgo/F04/Session2/pos/0080.pos,437,,,10,1,1,59.728,1.014,large_position_step,medium
F04,dysarthric,Session2,0081,data/extracted/torgo/F04/Session2/pos/0081.pos,480,,,10,1,4,67.065,0.928,large_position_step,medium
F04,dysarthric,Session2,0082,data/extracted/torgo/F04/Session2/pos/0082.pos,615,,,,0,0,1.912,0.913,,none
F04,dysarthric,Session2,0083,data/extracted/torgo/F04/Session2/pos/0083.pos,1050,,,10,2,2,224.08,0.939,large_position_step,medium
F04,dysarthric,Session2,0084,data/extracted/torgo/F04/Session2/pos/0084.pos,470,,,10,1,1,47.66,0.922,large_position_step,medium
F04,dysarthric,Session2,0085,data/extracted/torgo/F04/Session2/pos/0085.pos,963,,,,0,0,2.048,0.938,,none
F04,dysarthric,Session2,0086,data/extracted/torgo/F04/Session2/pos/0086.pos,427,,,,0,0,1.771,0.96,,none
F04,dysarthric,Session2,0087,data/extracted/torgo/F04/Session2/pos/0087.pos,353,,,10,1,1,42.956,0.9,large_position_step,medium
F04,dysarthric,Session2,0088,data/extracted/torgo/F04/Session2/pos/0088.pos,887,,,10,1,2,54.655,1.466,large_position_step,medium
F04,dysarthric,Session2,0089,data/extracted/torgo/F04/Session2/pos/0089.pos,394,,,10,6,19,30.319,6.7,large_position_step,medium
F04,dysarthric,Session2,0090,data/extracted/torgo/F04/Session2/pos/0090.pos,673,,,10,2,2,94.733,1.093,large_position_step,medium
F04,dysarthric,Session2,0091,data/extracted/torgo/F04/Session2/pos/0091.pos,586,,,,0,0,2.439,1.121,,none
F04,dysarthric,Session2,0092,data/extracted/torgo/F04/Session2/pos/0092.pos,465,,,7,1,1,25.345,1.652,large_position_step,medium
F04,dysarthric,Session2,0093,data/extracted/torgo/F04/Session2/pos/0093.pos,610,,,7,1,1,39.935,1.274,large_position_step,medium
F04,dysarthric,Session2,0094,data/extracted/torgo/F04/Session2/pos/0094.pos,524,,,,0,0,2.177,1.094,,none
F04,dysarthric,Session2,0095,data/extracted/torgo/F04/Session2/pos/0095.pos,502,,,10,1,1,64.458,1.254,large_position_step,medium
F04,dysarthric,Session2,0096,data/extracted/torgo/F04/Session2/pos/0096.pos,1117,,,,0,0,3.824,0.997,,none
F04,dysarthric,Session2,0097,data/extracted/torgo/F04/Session2/pos/0097.pos,627,,,,0,0,1.867,1.007,,none
F04,dysarthric,Session2,0098,data/extracted/torgo/F04/Session2/pos/0098.pos,470,,,,0,0,2.35,1.048,,none
F04,dysarthric,Session2,0099,data/extracted/torgo/F04/Session2/pos/0099.pos,989,,,,0,0,4.593,0.921,,none
F04,dysarthric,Session2,0100,data/extracted/torgo/F04/Session2/pos/0100.pos,647,,,,0,0,4.02,1.338,,none
F04,dysarthric,Session2,0101,data/extracted/torgo/F04/Session2/pos/0101.pos,1110,,,,0,0,2.854,0.906,,none
F04,dysarthric,Session2,0102,data/extracted/torgo/F04/Session2/pos/0102.pos,491,,,,0,0,2.05,0.948,,none
F04,dysarthric,Session2,0103,data/extracted/torgo/F04/Session2/pos/0103.pos,1172,,,,0,0,2.808,0.88,,none
F04,dysarthric,Session2,0104,data/extracted/torgo/F04/Session2/pos/0104.pos,875,,,10,21,36,240.484,1.686,large_position_step,high
F04,dysarthric,Session2,0105,data/extracted/torgo/F04/Session2/pos/0105.pos,674,,,,0,0,1.576,0.844,,none
F04,dysarthric,Session2,0106,data/extracted/torgo/F04/Session2/pos/0106.pos,587,,,,0,0,1.659,0.826,,none
F04,dysarthric,Session2,0107,data/extracted/torgo/F04/Session2/pos/0107.pos,637,,,,0,5,16.87,0.935,,none
F04,dysarthric,Session2,0108,data/extracted/torgo/F04/Session2/pos/0108.pos,907,,,,0,2,16.387,1.105,,none
F04,dysarthric,Session2,0109,data/extracted/torgo/F04/Session2/pos/0109.pos,768,,,,0,0,1.999,1.05,,none
F04,dysarthric,Session2,0110,data/extracted/torgo/F04/Session2/pos/0110.pos,529,,,,0,0,2.055,1.126,,none
F04,dysarthric,Session2,0111,data/extracted/torgo/F04/Session2/pos/0111.pos,551,,,,0,0,1.399,0.818,,none
F04,dysarthric,Session2,0112,data/extracted/torgo/F04/Session2/pos/0112.pos,534,,,,0,0,3.085,1.033,,none
F04,dysarthric,Session2,0113,data/extracted/torgo/F04/Session2/pos/0113.pos,426,,,,0,0,1.492,0.919,,none
F04,dysarthric,Session2,0114,data/extracted/torgo/F04/Session2/pos/0114.pos,435,,,10,45,65,136.179,16.202,large_position_step,high
F04,dysarthric,Session2,0115,data/extracted/torgo/F04/Session2/pos/0115.pos,1941,,,,0,0,5.297,1.066,,none
F04,dysarthric,Session2,0116,data/extracted/torgo/F04/Session2/pos/0116.pos,508,,,,0,0,3.905,1.143,,none
F04,dysarthric,Session2,0117,data/extracted/torgo/F04/Session2/pos/0117.pos,415,,,10,51,87,72.648,20.682,large_position_step,high
F04,dysarthric,Session2,0118,data/extracted/torgo/F04/Session2/pos/0118.pos,840,,,3|10,5,6,183.345,1.338,large_position_step,medium
F04,dysarthric,Session2,0119,data/extracted/torgo/F04/Session2/pos/0119.pos,1448,,,10,21,27,144.864,1.17,large_position_step,high
F04,dysarthric,Session2,0120,data/extracted/torgo/F04/Session2/pos/0120.pos,1070,,,10,2,2,98.985,1.022,large_position_step,medium
F04,dysarthric,Session2,0121,data/extracted/torgo/F04/Session2/pos/0121.pos,352,,,,0,0,1.53,0.85,,none
F04,dysarthric,Session2,0122,data/extracted/torgo/F04/Session2/pos/0122.pos,664,,,10,4,10,46.97,1.245,large_position_step,medium
F04,dysarthric,Session2,0123,data/extracted/torgo/F04/Session2/pos/0123.pos,614,,,,0,0,1.742,0.848,,none
F04,dysarthric,Session2,0124,data/extracted/torgo/F04/Session2/pos/0124.pos,416,,,10,1,6,21.308,1.711,large_position_step,medium
F04,dysarthric,Session2,0125,data/extracted/torgo/F04/Session2/pos/0125.pos,432,,,,0,0,1.437,0.792,,none
F04,dysarthric,Session2,0126,data/extracted/torgo/F04/Session2/pos/0126.pos,893,,,10,27,45,91.136,1.621,large_position_step,high
F04,dysarthric,Session2,0127,data/extracted/torgo/F04/Session2/pos/0127.pos,994,,,,0,1,18.077,0.904,,none
F04,dysarthric,Session2,0128,data/extracted/torgo/F04/Session2/pos/0128.pos,1092,,,,0,0,1.86,0.953,,none
F04,dysarthric,Session2,0129,data/extracted/torgo/F04/Session2/pos/0129.pos,2109,,,2|10,3,5,41.241,1.041,large_position_step,medium
F04,dysarthric,Session2,0130,data/extracted/torgo/F04/Session2/pos/0130.pos,512,,,,0,1,12.995,1.107,,none
F04,dysarthric,Session2,0131,data/extracted/torgo/F04/Session2/pos/0131.pos,554,,,10,1,2,34.598,1.373,large_position_step,medium
F04,dysarthric,Session2,0132,data/extracted/torgo/F04/Session2/pos/0132.pos,677,,,,0,0,2.197,0.822,,none
F04,dysarthric,Session2,0133,data/extracted/torgo/F04/Session2/pos/0133.pos,703,,,10,2,2,67.191,0.986,large_position_step,medium
F04,dysarthric,Session2,0134,data/extracted/torgo/F04/Session2/pos/0134.pos,665,,,2,1,2,30.773,1.021,large_position_step,medium
F04,dysarthric,Session2,0135,data/extracted/torgo/F04/Session2/pos/0135.pos,693,,,10,1,1,20.161,1.259,large_position_step,medium
F04,dysarthric,Session2,0136,data/extracted/torgo/F04/Session2/pos/0136.pos,703,,,10,1,1,41.967,1.025,large_position_step,medium
F04,dysarthric,Session2,0137,data/extracted/torgo/F04/Session2/pos/0137.pos,443,,,10,1,2,33.337,1.199,large_position_step,medium
F04,dysarthric,Session2,0138,data/extracted/torgo/F04/Session2/pos/0138.pos,1017,,,10,1,2,70.526,0.874,large_position_step,medium
F04,dysarthric,Session2,0139,data/extracted/torgo/F04/Session2/pos/0139.pos,916,,,3,1,1,53.584,2.187,large_position_step,medium
F04,dysarthric,Session2,0140,data/extracted/torgo/F04/Session2/pos/0140.pos,946,,,1|2,2,4,34.575,1.896,large_position_step,medium
F04,dysarthric,Session2,0141,data/extracted/torgo/F04/Session2/pos/0141.pos,696,,,3,1,2,31.292,1.471,large_position_step,medium
F04,dysarthric,Session2,0142,data/extracted/torgo/F04/Session2/pos/0142.pos,467,,,,0,0,2.568,1.198,,none
F04,dysarthric,Session2,0143,data/extracted/torgo/F04/Session2/pos/0143.pos,1480,,,6,15,92,39.097,3.822,large_position_step,high
F04,dysarthric,Session2,0144,data/extracted/torgo/F04/Session2/pos/0144.pos,1294,,,1|2,5,9,31.059,1.743,large_position_step,medium
F04,dysarthric,Session2,0145,data/extracted/torgo/F04/Session2/pos/0145.pos,524,,,,0,0,2.117,1.237,,none
F04,dysarthric,Session2,0146,data/extracted/torgo/F04/Session2/pos/0146.pos,589,,,10,5,7,279.479,2.048,large_position_step,medium
F04,dysarthric,Session2,0147,data/extracted/torgo/F04/Session2/pos/0147.pos,1212,,,1|2,8,23,50.888,2.046,large_position_step,medium
F04,dysarthric,Session2,0148,data/extracted/torgo/F04/Session2/pos/0148.pos,1030,,,3,1,1,52.671,1.567,large_position_step,medium
F04,dysarthric,Session2,0149,data/extracted/torgo/F04/Session2/pos/0149.pos,1036,,,,0,0,4.973,1.326,,none
F04,dysarthric,Session2,0150,data/extracted/torgo/F04/Session2/pos/0150.pos,413,,,,0,0,8.228,1.478,,none
F04,dysarthric,Session2,0151,data/extracted/torgo/F04/Session2/pos/0151.pos,697,,,,0,0,2.884,1.397,,none
F04,dysarthric,Session2,0152,data/extracted/torgo/F04/Session2/pos/0152.pos,698,,,,0,0,2.231,1.234,,none
F04,dysarthric,Session2,0153,data/extracted/torgo/F04/Session2/pos/0153.pos,706,,,,0,0,6.282,1.467,,none
F04,dysarthric,Session2,0154,data/extracted/torgo/F04/Session2/pos/0154.pos,524,,,,0,0,3.306,1.311,,none
F04,dysarthric,Session2,0155,data/extracted/torgo/F04/Session2/pos/0155.pos,556,,,,0,0,3.375,1.208,,none
F04,dysarthric,Session2,0156,data/extracted/torgo/F04/Session2/pos/0156.pos,509,,,,0,0,2.334,1.07,,none
F04,dysarthric,Session2,0157,data/extracted/torgo/F04/Session2/pos/0157.pos,1433,,,1|2,5,7,27.987,1.256,large_position_step,medium
F04,dysarthric,Session2,0158,data/extracted/torgo/F04/Session2/pos/0158.pos,516,,,,0,0,1.551,0.769,,none
F04,dysarthric,Session2,0159,data/extracted/torgo/F04/Session2/pos/0159.pos,1403,,,,0,0,2.308,0.875,,none
F04,dysarthric,Session2,0160,data/extracted/torgo/F04/Session2/pos/0160.pos,817,,,,0,0,1.932,0.825,,none
F04,dysarthric,Session2,0161,data/extracted/torgo/F04/Session2/pos/0161.pos,635,,,10,2,2,59.471,1.26,large_position_step,medium
F04,dysarthric,Session2,0162,data/extracted/torgo/F04/Session2/pos/0162.pos,1322,,,,0,0,2.806,0.947,,none
F04,dysarthric,Session2,0163,data/extracted/torgo/F04/Session2/pos/0163.pos,919,,,10,2,2,64.589,0.834,large_position_step,medium
F04,dysarthric,Session2,0164,data/extracted/torgo/F04/Session2/pos/0164.pos,451,,,10,1,1,47.694,1.256,large_position_step,medium
F04,dysarthric,Session2,0165,data/extracted/torgo/F04/Session2/pos/0165.pos,818,,,,0,0,2.604,1.414,,none
F04,dysarthric,Session2,0166,data/extracted/torgo/F04/Session2/pos/0166.pos,714,,,2,5,7,102.711,2.048,large_position_step,medium
F04,dysarthric,Session2,0167,data/extracted/torgo/F04/Session2/pos/0167.pos,470,,,7,1,1,31.009,1.254,large_position_step,medium
F04,dysarthric,Session2,0168,data/extracted/torgo/F04/Session2/pos/0168.pos,449,,,,0,0,3.342,1.334,,none
F04,dysarthric,Session2,0169,data/extracted/torgo/F04/Session2/pos/0169.pos,313,,,,0,2,13.909,2.14,,none
F04,dysarthric,Session2,0170,data/extracted/torgo/F04/Session2/pos/0170.pos,1487,,,2,2,5,100.835,1.159,large_position_step,medium
F04,dysarthric,Session2,0171,data/extracted/torgo/F04/Session2/pos/0171.pos,574,,,10,1,2,23.49,1.147,large_position_step,medium
F04,dysarthric,Session2,0172,data/extracted/torgo/F04/Session2/pos/0172.pos,1173,,,,0,0,3.275,1.25,,none
F04,dysarthric,Session2,0173,data/extracted/torgo/F04/Session2/pos/0173.pos,476,,,2,1,2,28.162,1.263,large_position_step,medium
F04,dysarthric,Session2,0174,data/extracted/torgo/F04/Session2/pos/0174.pos,426,,,,0,0,5.983,1.732,,none
F04,dysarthric,Session2,0175,data/extracted/torgo/F04/Session2/pos/0175.pos,419,,,,0,0,4.285,1.854,,none
F04,dysarthric,Session2,0176,data/extracted/torgo/F04/Session2/pos/0176.pos,1126,,,,0,1,12.442,0.96,,none
F04,dysarthric,Session2,0177,data/extracted/torgo/F04/Session2/pos/0177.pos,1613,,,10,3,5,183.156,1.283,large_position_step,medium
F04,dysarthric,Session2,0178,data/extracted/torgo/F04/Session2/pos/0178.pos,681,,,,0,0,2.769,0.903,,none
F04,dysarthric,Session2,0179,data/extracted/torgo/F04/Session2/pos/0179.pos,591,,,,0,2,15.258,1.267,,none
F04,dysarthric,Session2,0180,data/extracted/torgo/F04/Session2/pos/0180.pos,638,,,10,1,5,109.584,1.159,large_position_step,medium
F04,dysarthric,Session2,0181,data/extracted/torgo/F04/Session2/pos/0181.pos,517,,,10,2,2,78.718,1.448,large_position_step,medium
F04,dysarthric,Session2,0182,data/extracted/torgo/F04/Session2/pos/0182.pos,653,,,2,2,2,25.166,1.163,large_position_step,medium
F04,dysarthric,Session2,0183,data/extracted/torgo/F04/Session2/pos/0183.pos,1990,,,10,1,2,89.412,0.94,large_position_step,medium
F04,dysarthric,Session2,0184,data/extracted/torgo/F04/Session2/pos/0184.pos,418,,,10,2,3,114.54,1.336,large_position_step,medium
F04,dysarthric,Session2,0185,data/extracted/torgo/F04/Session2/pos/0185.pos,460,,,,0,0,4.737,1.476,,none
F04,dysarthric,Session2,0186,data/extracted/torgo/F04/Session2/pos/0186.pos,553,,,,0,0,3.053,1.051,,none
F04,dysarthric,Session2,0187,data/extracted/torgo/F04/Session2/pos/0187.pos,676,,,10,1,1,63.537,1.048,large_position_step,medium
F04,dysarthric,Session2,0188,data/extracted/torgo/F04/Session2/pos/0188.pos,467,,,10,1,3,34.972,1.195,large_position_step,medium
F04,dysarthric,Session2,0189,data/extracted/torgo/F04/Session2/pos/0189.pos,561,,,,0,0,2.163,1.01,,none
F04,dysarthric,Session2,0190,data/extracted/torgo/F04/Session2/pos/0190.pos,508,,,,0,0,2.618,0.92,,none
F04,dysarthric,Session2,0191,data/extracted/torgo/F04/Session2/pos/0191.pos,545,,,,0,0,3.634,1.192,,none
F04,dysarthric,Session2,0192,data/extracted/torgo/F04/Session2/pos/0192.pos,435,,,10,1,1,90.035,2.25,large_position_step,medium
F04,dysarthric,Session2,0193,data/extracted/torgo/F04/Session2/pos/0193.pos,904,,,10,1,5,27.992,1.072,large_position_step,medium
F04,dysarthric,Session2,0194,data/extracted/torgo/F04/Session2/pos/0194.pos,573,,,10,1,2,65.636,1.268,large_position_step,medium
F04,dysarthric,Session2,0195,data/extracted/torgo/F04/Session2/pos/0195.pos,386,,,,0,0,1.919,0.96,,none
F04,dysarthric,Session2,0196,data/extracted/torgo/F04/Session2/pos/0196.pos,637,,,10,4,24,26.883,1.632,large_position_step,medium
F04,dysarthric,Session2,0197,data/extracted/torgo/F04/Session2/pos/0197.pos,468,,,,0,0,3.049,0.939,,none
F04,dysarthric,Session2,0198,data/extracted/torgo/F04/Session2/pos/0198.pos,484,,,,0,0,9.868,1.14,,none
F04,dysarthric,Session2,0199,data/extracted/torgo/F04/Session2/pos/0199.pos,446,,,,0,0,2.312,1.12,,none
F04,dysarthric,Session2,0200,data/extracted/torgo/F04/Session2/pos/0200.pos,930,,,10,3,14,36.584,1.847,large_position_step,medium
F04,dysarthric,Session2,0201,data/extracted/torgo/F04/Session2/pos/0201.pos,548,,,,0,0,1.985,0.911,,none
F04,dysarthric,Session2,0202,data/extracted/torgo/F04/Session2/pos/0202.pos,521,,,10,1,2,68.556,1.013,large_position_step,medium
F04,dysarthric,Session2,0203,data/extracted/torgo/F04/Session2/pos/0203.pos,745,,,,0,1,11.379,1.055,,none
F04,dysarthric,Session2,0204,data/extracted/torgo/F04/Session2/pos/0204.pos,1078,,,10,1,5,20.396,0.947,large_position_step,medium
F04,dysarthric,Session2,0205,data/extracted/torgo/F04/Session2/pos/0205.pos,372,,,,0,2,10.317,1.622,,none
F04,dysarthric,Session2,0206,data/extracted/torgo/F04/Session2/pos/0206.pos,776,,,,0,11,18.608,1.437,,none
F04,dysarthric,Session2,0207,data/extracted/torgo/F04/Session2/pos/0207.pos,950,,,10,5,16,62.134,1.616,large_position_step,medium
F04,dysarthric,Session2,0208,data/extracted/torgo/F04/Session2/pos/0208.pos,647,,,10,2,8,24.081,1.367,large_position_step,medium
F04,dysarthric,Session2,0209,data/extracted/torgo/F04/Session2/pos/0209.pos,358,,,10,2,8,95.858,2.367,large_position_step,medium
F04,dysarthric,Session2,0210,data/extracted/torgo/F04/Session2/pos/0210.pos,389,,,,0,0,1.87,0.837,,none
F04,dysarthric,Session2,0211,data/extracted/torgo/F04/Session2/pos/0211.pos,374,,,,0,0,9.016,1.078,,none
F04,dysarthric,Session2,0212,data/extracted/torgo/F04/Session2/pos/0212.pos,390,,,10,2,6,69.58,2.335,large_position_step,medium
F04,dysarthric,Session2,0213,data/extracted/torgo/F04/Session2/pos/0213.pos,764,,,,0,0,2.03,0.719,,none
F04,dysarthric,Session2,0214,data/extracted/torgo/F04/Session2/pos/0214.pos,1530,,,,0,3,19.219,1.202,,none
F04,dysarthric,Session2,0215,data/extracted/torgo/F04/Session2/pos/0215.pos,941,,,10,1,2,35.102,1.239,large_position_step,medium
F04,dysarthric,Session2,0216,data/extracted/torgo/F04/Session2/pos/0216.pos,441,,,,0,0,2.214,1.144,,none
F04,dysarthric,Session2,0217,data/extracted/torgo/F04/Session2/pos/0217.pos,686,,,10,2,2,61.063,2.015,large_position_step,medium
F04,dysarthric,Session2,0218,data/extracted/torgo/F04/Session2/pos/0218.pos,1027,,,10,1,1,49.271,0.827,large_position_step,medium
F04,dysarthric,Session2,0219,data/extracted/torgo/F04/Session2/pos/0219.pos,368,,,,0,0,2.424,0.761,,none
F04,dysarthric,Session2,0220,data/extracted/torgo/F04/Session2/pos/0220.pos,886,,,,0,0,1.58,0.828,,none
F04,dysarthric,Session2,0221,data/extracted/torgo/F04/Session2/pos/0221.pos,513,,,,0,0,1.373,0.799,,none
F04,dysarthric,Session2,0222,data/extracted/torgo/F04/Session2/pos/0222.pos,590,,,,0,0,2.377,1.039,,none
F04,dysarthric,Session2,0223,data/extracted/torgo/F04/Session2/pos/0223.pos,1643,,,10,1,2,45.639,0.989,large_position_step,medium
F04,dysarthric,Session2,0224,data/extracted/torgo/F04/Session2/pos/0224.pos,676,,,7,1,2,23.303,1.202,large_position_step,medium
F04,dysarthric,Session2,0225,data/extracted/torgo/F04/Session2/pos/0225.pos,549,,,1,1,2,24.736,2.268,large_position_step,medium
F04,dysarthric,Session2,0226,data/extracted/torgo/F04/Session2/pos/0226.pos,446,,,1|2,2,5,27.597,1.951,large_position_step,medium
F04,dysarthric,Session2,0227,data/extracted/torgo/F04/Session2/pos/0227.pos,1468,,,2|3|6,5,9,101.059,2.213,large_position_step,medium
F04,dysarthric,Session2,0228,data/extracted/torgo/F04/Session2/pos/0228.pos,1207,,,,0,0,5.974,1.295,,none
F04,dysarthric,Session2,0229,data/extracted/torgo/F04/Session2/pos/0229.pos,540,,,,0,0,2.698,0.956,,none
F04,dysarthric,Session2,0230,data/extracted/torgo/F04/Session2/pos/0230.pos,752,,,,0,0,5.7,1.152,,none
F04,dysarthric,Session2,0231,data/extracted/torgo/F04/Session2/pos/0231.pos,459,,,10,49,63,145.865,14.014,large_position_step,high
F04,dysarthric,Session2,0232,data/extracted/torgo/F04/Session2/pos/0232.pos,772,,,2|6|10,8,13,153.841,2.072,large_position_step,medium
F04,dysarthric,Session2,0233,data/extracted/torgo/F04/Session2/pos/0233.pos,639,,,2|7,36,69,68.929,8.722,large_position_step,high
F04,dysarthric,Session2,0234,data/extracted/torgo/F04/Session2/pos/0234.pos,610,,,,0,0,6.489,2.088,,none
F04,dysarthric,Session2,0235,data/extracted/torgo/F04/Session2/pos/0235.pos,316,,,,0,0,3.35,1.689,,none
F04,dysarthric,Session2,0236,data/extracted/torgo/F04/Session2/pos/0236.pos,567,,,4,5,8,36.031,3.77,large_position_step,medium
F04,dysarthric,Session2,0237,data/extracted/torgo/F04/Session2/pos/0237.pos,480,,,4|10,9,20,59.215,4.092,large_position_step,medium
F04,dysarthric,Session2,0238,data/extracted/torgo/F04/Session2/pos/0238.pos,552,,,1,1,4,31.422,4.05,large_position_step,medium
F04,dysarthric,Session2,0239,data/extracted/torgo/F04/Session2/pos/0239.pos,503,,,4,2,2,24.133,2.686,large_position_step,medium
F04,dysarthric,Session2,0240,data/extracted/torgo/F04/Session2/pos/0240.pos,559,,,,0,0,9.606,1.244,,none
F04,dysarthric,Session2,0241,data/extracted/torgo/F04/Session2/pos/0241.pos,850,,,,0,4,17.12,1.256,,none
F04,dysarthric,Session2,0242,data/extracted/torgo/F04/Session2/pos/0242.pos,385,,,,0,1,15.712,1.169,,none
F04,dysarthric,Session2,0243,data/extracted/torgo/F04/Session2/pos/0243.pos,1468,,,,0,0,2.715,1.029,,none
F04,dysarthric,Session2,0244,data/extracted/torgo/F04/Session2/pos/0244.pos,764,,,10,2,5,51.067,1.17,large_position_step,medium
F04,dysarthric,Session2,0245,data/extracted/torgo/F04/Session2/pos/0245.pos,523,,,10,2,2,46.032,1.161,large_position_step,medium
F04,dysarthric,Session2,0246,data/extracted/torgo/F04/Session2/pos/0246.pos,639,,,,0,0,2.203,0.819,,none
F04,dysarthric,Session2,0247,data/extracted/torgo/F04/Session2/pos/0247.pos,850,,,10,2,2,55.517,1.042,large_position_step,medium
F04,dysarthric,Session2,0248,data/extracted/torgo/F04/Session2/pos/0248.pos,1014,,,,0,0,2.885,0.879,,none
F04,dysarthric,Session2,0249,data/extracted/torgo/F04/Session2/pos/0249.pos,488,,,10,1,1,29.522,1.219,large_position_step,medium
F04,dysarthric,Session2,0250,data/extracted/torgo/F04/Session2/pos/0250.pos,609,,,,0,0,1.942,0.888,,none
FC01,control,Session1,0001,data/extracted/torgo/FC01/Session1/pos/0001.pos,2149,,,,0,0,1.862,0.792,,none
FC01,control,Session1,0002,data/extracted/torgo/FC01/Session1/pos/0002.pos,1518,,,,0,0,1.524,0.755,,none
FC01,control,Session1,0003,data/extracted/torgo/FC01/Session1/pos/0003.pos,1204,,,,0,0,2.697,1.172,,none
FC01,control,Session1,0004,data/extracted/torgo/FC01/Session1/pos/0004.pos,1040,,,,0,0,1.322,0.817,,none
FC01,control,Session1,0005,data/extracted/torgo/FC01/Session1/pos/0005.pos,518,,,,0,0,0.909,0.604,,none
FC01,control,Session1,0006,data/extracted/torgo/FC01/Session1/pos/0006.pos,525,,,10,1,1,27.312,0.691,large_position_step,medium
FC01,control,Session1,0007,data/extracted/torgo/FC01/Session1/pos/0007.pos,484,,,,0,2,18.895,0.634,,none
FC01,control,Session1,0008,data/extracted/torgo/FC01/Session1/pos/0008.pos,591,,,,0,0,1.061,0.625,,none
FC01,control,Session1,0009,data/extracted/torgo/FC01/Session1/pos/0009.pos,530,,,10,1,2,53.038,0.585,large_position_step,medium
FC01,control,Session1,0010,data/extracted/torgo/FC01/Session1/pos/0010.pos,574,,,,0,0,0.969,0.58,,none
FC01,control,Session1,0011,data/extracted/torgo/FC01/Session1/pos/0011.pos,562,,,,0,0,1.046,0.623,,none
FC01,control,Session1,0012,data/extracted/torgo/FC01/Session1/pos/0012.pos,615,,,,0,0,1.259,0.656,,none
FC01,control,Session1,0013,data/extracted/torgo/FC01/Session1/pos/0013.pos,641,,,10,1,1,46.729,0.612,large_position_step,medium
FC01,control,Session1,0014,data/extracted/torgo/FC01/Session1/pos/0014.pos,655,,,,0,0,1.239,0.589,,none
FC01,control,Session1,0015,data/extracted/torgo/FC01/Session1/pos/0015.pos,1304,,,,0,0,1.273,0.702,,none
FC01,control,Session1,0016,data/extracted/torgo/FC01/Session1/pos/0016.pos,658,,,,0,0,0.941,0.564,,none
FC01,control,Session1,0017,data/extracted/torgo/FC01/Session1/pos/0017.pos,759,,,,0,0,1.242,0.676,,none
FC01,control,Session1,0018,data/extracted/torgo/FC01/Session1/pos/0018.pos,664,,,10,1,1,33.652,0.71,large_position_step,medium
FC01,control,Session1,0019,data/extracted/torgo/FC01/Session1/pos/0019.pos,720,,,,0,0,1.052,0.643,,none
FC01,control,Session1,0020,data/extracted/torgo/FC01/Session1/pos/0020.pos,629,,,,0,0,1.029,0.637,,none
FC01,control,Session1,0021,data/extracted/torgo/FC01/Session1/pos/0021.pos,586,,,,0,0,1.143,0.653,,none
FC01,control,Session1,0022,data/extracted/torgo/FC01/Session1/pos/0022.pos,629,,,10,1,1,36.786,0.643,large_position_step,medium
FC01,control,Session1,0023,data/extracted/torgo/FC01/Session1/pos/0023.pos,2759,,,,0,0,1.5,0.742,,none
FC01,control,Session1,0024,data/extracted/torgo/FC01/Session1/pos/0024.pos,601,,,,0,0,1.266,0.693,,none
FC01,control,Session1,0025,data/extracted/torgo/FC01/Session1/pos/0025.pos,1409,,,,0,0,0.985,0.559,,none
FC01,control,Session1,0026,data/extracted/torgo/FC01/Session1/pos/0026.pos,1239,,,,0,0,1.631,0.786,,none
FC01,control,Session1,0027,data/extracted/torgo/FC01/Session1/pos/0027.pos,1488,,,,0,0,1.178,0.576,,none
FC01,control,Session1,0028,data/extracted/torgo/FC01/Session1/pos/0028.pos,604,,,,0,0,1.105,0.598,,none
FC01,control,Session1,0029,data/extracted/torgo/FC01/Session1/pos/0029.pos,660,,,,0,0,1.081,0.591,,none
FC01,control,Session1,0030,data/extracted/torgo/FC01/Session1/pos/0030.pos,695,,,,0,0,0.964,0.592,,none
FC01,control,Session1,0031,data/extracted/torgo/FC01/Session1/pos/0031.pos,672,,,,0,2,19.774,0.7,,none
FC01,control,Session1,0032,data/extracted/torgo/FC01/Session1/pos/0032.pos,654,,,10,1,1,34.607,0.719,large_position_step,medium
FC01,control,Session1,0033,data/extracted/torgo/FC01/Session1/pos/0033.pos,1239,,,,0,0,1.482,0.775,,none
FC01,control,Session1,0034,data/extracted/torgo/FC01/Session1/pos/0034.pos,579,,,,0,0,1.131,0.582,,none
FC01,control,Session1,0035,data/extracted/torgo/FC01/Session1/pos/0035.pos,588,,,10,1,1,31.509,0.824,large_position_step,medium
FC01,control,Session1,0036,data/extracted/torgo/FC01/Session1/pos/0036.pos,944,,,10,1,1,30.884,0.751,large_position_step,medium
FC01,control,Session1,0037,data/extracted/torgo/FC01/Session1/pos/0037.pos,620,,,,0,0,1.283,0.656,,none
FC01,control,Session1,0038,data/extracted/torgo/FC01/Session1/pos/0038.pos,686,,,,0,0,0.975,0.578,,none
FC01,control,Session1,0039,data/extracted/torgo/FC01/Session1/pos/0039.pos,634,,,,0,0,1.189,0.584,,none
FC01,control,Session1,0040,data/extracted/torgo/FC01/Session1/pos/0040.pos,1108,,,10,1,2,27.478,0.757,large_position_step,medium
FC01,control,Session1,0041,data/extracted/torgo/FC01/Session1/pos/0041.pos,651,,,,0,0,1.187,0.637,,none
FC01,control,Session1,0042,data/extracted/torgo/FC01/Session1/pos/0042.pos,684,,,10,1,1,27.678,0.655,large_position_step,medium
FC01,control,Session1,0043,data/extracted/torgo/FC01/Session1/pos/0043.pos,623,,,,0,0,1.172,0.679,,none
FC01,control,Session1,0044,data/extracted/torgo/FC01/Session1/pos/0044.pos,875,,,,0,2,13.669,0.66,,none
FC01,control,Session1,0045,data/extracted/torgo/FC01/Session1/pos/0045.pos,686,,,10,1,1,37.487,0.695,large_position_step,medium
FC01,control,Session1,0046,data/extracted/torgo/FC01/Session1/pos/0046.pos,1278,,,,0,0,1.694,0.734,,none
FC01,control,Session1,0047,data/extracted/torgo/FC01/Session1/pos/0047.pos,1061,,,,0,0,1.688,0.714,,none
FC01,control,Session1,0048,data/extracted/torgo/FC01/Session1/pos/0048.pos,687,,,,0,0,1.071,0.611,,none
FC01,control,Session1,0049,data/extracted/torgo/FC01/Session1/pos/0049.pos,640,,,,0,0,0.968,0.613,,none
FC01,control,Session1,0050,data/extracted/torgo/FC01/Session1/pos/0050.pos,639,,,10,1,1,27.967,0.663,large_position_step,medium
FC01,control,Session1,0051,data/extracted/torgo/FC01/Session1/pos/0051.pos,588,,,,0,0,1.317,0.634,,none
FC01,control,Session1,0052,data/extracted/torgo/FC01/Session1/pos/0052.pos,672,,,,0,2,14.342,0.714,,none
FC01,control,Session1,0053,data/extracted/torgo/FC01/Session1/pos/0053.pos,642,,,10,1,1,23.992,0.647,large_position_step,medium
FC01,control,Session1,0054,data/extracted/torgo/FC01/Session1/pos/0054.pos,1024,,,,0,0,1.324,0.782,,none
FC01,control,Session1,0055,data/extracted/torgo/FC01/Session1/pos/0055.pos,659,,,,0,0,0.994,0.62,,none
FC01,control,Session1,0056,data/extracted/torgo/FC01/Session1/pos/0056.pos,654,,,,0,0,1.739,0.726,,none
FC01,control,Session1,0057,data/extracted/torgo/FC01/Session1/pos/0057.pos,721,,,10,1,1,37.303,0.619,large_position_step,medium
FC01,control,Session1,0058,data/extracted/torgo/FC01/Session1/pos/0058.pos,625,,,,0,2,17.9,0.689,,none
FC01,control,Session1,0059,data/extracted/torgo/FC01/Session1/pos/0059.pos,1171,,,,0,0,1.695,0.735,,none
FC01,control,Session1,0060,data/extracted/torgo/FC01/Session1/pos/0060.pos,566,,,,0,0,1.733,0.671,,none
FC01,control,Session1,0061,data/extracted/torgo/FC01/Session1/pos/0061.pos,1371,,,10,1,1,24.513,0.86,large_position_step,medium
FC01,control,Session1,0062,data/extracted/torgo/FC01/Session1/pos/0062.pos,546,,,,0,2,13.302,0.732,,none
FC01,control,Session1,0063,data/extracted/torgo/FC01/Session1/pos/0063.pos,665,,,10,1,2,24.71,0.7,large_position_step,medium
FC01,control,Session1,0064,data/extracted/torgo/FC01/Session1/pos/0064.pos,705,,,10,1,1,24.021,0.678,large_position_step,medium
FC01,control,Session1,0065,data/extracted/torgo/FC01/Session1/pos/0065.pos,655,,,,0,0,1.864,0.685,,none
FC01,control,Session1,0066,data/extracted/torgo/FC01/Session1/pos/0066.pos,636,,,10,1,2,24.772,0.658,large_position_step,medium
FC01,control,Session1,0067,data/extracted/torgo/FC01/Session1/pos/0067.pos,598,,,10,1,1,21.581,0.754,large_position_step,medium
FC01,control,Session1,0068,data/extracted/torgo/FC01/Session1/pos/0068.pos,681,,,10,1,1,29.062,0.698,large_position_step,medium
FC01,control,Session1,0069,data/extracted/torgo/FC01/Session1/pos/0069.pos,576,,,10,1,1,25.443,0.698,large_position_step,medium
FC01,control,Session1,0070,data/extracted/torgo/FC01/Session1/pos/0070.pos,623,,,10,1,1,21.773,0.695,large_position_step,medium
FC01,control,Session1,0071,data/extracted/torgo/FC01/Session1/pos/0071.pos,639,,,10,1,1,23.38,0.675,large_position_step,medium
FC01,control,Session1,0072,data/extracted/torgo/FC01/Session1/pos/0072.pos,1317,,,10,1,1,35.122,0.72,large_position_step,medium
FC01,control,Session1,0073,data/extracted/torgo/FC01/Session1/pos/0073.pos,605,,,10,1,1,24.944,0.718,large_position_step,medium
FC01,control,Session1,0074,data/extracted/torgo/FC01/Session1/pos/0074.pos,726,,,10,1,1,38.155,0.713,large_position_step,medium
FC01,control,Session1,0075,data/extracted/torgo/FC01/Session1/pos/0075.pos,1052,,,10,1,2,25.31,0.776,large_position_step,medium
FC01,control,Session1,0076,data/extracted/torgo/FC01/Session1/pos/0076.pos,1085,,,,0,0,6.084,0.706,,none
FC01,control,Session1,0077,data/extracted/torgo/FC01/Session1/pos/0077.pos,842,,,,0,0,1.533,0.819,,none
FC01,control,Session1,0078,data/extracted/torgo/FC01/Session1/pos/0078.pos,559,,,,0,0,1.153,0.595,,none
FC01,control,Session1,0079,data/extracted/torgo/FC01/Session1/pos/0079.pos,530,,,,0,0,1.473,0.627,,none
FC01,control,Session1,0080,data/extracted/torgo/FC01/Session1/pos/0080.pos,2324,,,,0,0,2.603,0.754,,none
FC01,control,Session1,0081,data/extracted/torgo/FC01/Session1/pos/0081.pos,559,,,,0,0,1.551,0.645,,none
FC01,control,Session1,0082,data/extracted/torgo/FC01/Session1/pos/0082.pos,593,,,,0,0,1.747,0.625,,none
FC01,control,Session1,0083,data/extracted/torgo/FC01/Session1/pos/0083.pos,581,,,10,1,1,26.035,0.684,large_position_step,medium
FC01,control,Session1,0084,data/extracted/torgo/FC01/Session1/pos/0084.pos,846,,,10,1,1,26.404,0.789,large_position_step,medium
FC01,control,Session1,0085,data/extracted/torgo/FC01/Session1/pos/0085.pos,824,,,10,1,1,26.842,0.84,large_position_step,medium
FC01,control,Session1,0086,data/extracted/torgo/FC01/Session1/pos/0086.pos,698,,,10,1,1,24.349,0.779,large_position_step,medium
FC01,control,Session1,0087,data/extracted/torgo/FC01/Session1/pos/0087.pos,594,,,,0,2,15.441,0.721,,none
FC01,control,Session1,0088,data/extracted/torgo/FC01/Session1/pos/0088.pos,586,,,10,1,1,25.593,0.753,large_position_step,medium
FC01,control,Session1,0089,data/extracted/torgo/FC01/Session1/pos/0089.pos,626,,,10,1,1,37.266,0.629,large_position_step,medium
FC01,control,Session1,0090,data/extracted/torgo/FC01/Session1/pos/0090.pos,1383,,,,0,0,1.477,0.812,,none
FC01,control,Session1,0091,data/extracted/torgo/FC01/Session1/pos/0091.pos,595,,,,0,0,1.592,0.731,,none
FC01,control,Session1,0092,data/extracted/torgo/FC01/Session1/pos/0092.pos,620,,,10,1,1,27.655,0.741,large_position_step,medium
FC01,control,Session1,0093,data/extracted/torgo/FC01/Session1/pos/0093.pos,525,,,,0,0,2.263,0.675,,none
FC01,control,Session1,0094,data/extracted/torgo/FC01/Session1/pos/0094.pos,642,,,10,1,1,23.227,0.722,large_position_step,medium
FC01,control,Session1,0095,data/extracted/torgo/FC01/Session1/pos/0095.pos,681,,,10,1,1,26.326,0.761,large_position_step,medium
FC01,control,Session1,0096,data/extracted/torgo/FC01/Session1/pos/0096.pos,674,,,10,1,1,40.881,0.621,large_position_step,medium
FC01,control,Session1,0097,data/extracted/torgo/FC01/Session1/pos/0097.pos,672,,,10,1,1,37.538,0.771,large_position_step,medium
FC01,control,Session1,0098,data/extracted/torgo/FC01/Session1/pos/0098.pos,681,,,,0,1,19.323,0.786,,none
FC01,control,Session1,0099,data/extracted/torgo/FC01/Session1/pos/0099.pos,744,,,10,1,2,34.762,0.682,large_position_step,medium
FC01,control,Session1,0100,data/extracted/torgo/FC01/Session1/pos/0100.pos,597,,,,0,0,1.458,0.602,,none
FC01,control,Session1,0101,data/extracted/torgo/FC01/Session1/pos/0101.pos,662,,,,0,1,18.878,0.883,,none
FC01,control,Session1,0102,data/extracted/torgo/FC01/Session1/pos/0102.pos,1160,,,10,1,1,22.791,1.055,large_position_step,medium
FC01,control,Session1,0103,data/extracted/torgo/FC01/Session1/pos/0103.pos,1212,,,9,1,3,49.786,1.495,large_position_step,medium
FC01,control,Session1,0104,data/extracted/torgo/FC01/Session1/pos/0104.pos,1159,,,,0,0,2.521,1.107,,none
FC01,control,Session1,0105,data/extracted/torgo/FC01/Session1/pos/0105.pos,594,,,,0,0,3.701,0.665,,none
FC01,control,Session1,0106,data/extracted/torgo/FC01/Session1/pos/0106.pos,567,,,,0,0,3.329,0.714,,none
FC01,control,Session1,0107,data/extracted/torgo/FC01/Session1/pos/0107.pos,593,,,,0,0,2.237,0.737,,none
FC01,control,Session1,0108,data/extracted/torgo/FC01/Session1/pos/0108.pos,653,,,,0,0,3.176,1.097,,none
FC01,control,Session1,0109,data/extracted/torgo/FC01/Session1/pos/0109.pos,596,,,10,1,1,20.518,0.991,large_position_step,medium
FC01,control,Session1,0110,data/extracted/torgo/FC01/Session1/pos/0110.pos,642,,,,0,0,2.7,0.909,,none
FC01,control,Session1,0111,data/extracted/torgo/FC01/Session1/pos/0111.pos,949,,,,0,0,3.756,0.809,,none
FC01,control,Session1,0112,data/extracted/torgo/FC01/Session1/pos/0112.pos,615,,,,0,1,14.773,0.832,,none
FC01,control,Session1,0113,data/extracted/torgo/FC01/Session1/pos/0113.pos,1051,,,10,1,8,31.929,1.213,large_position_step,medium
FC01,control,Session1,0114,data/extracted/torgo/FC01/Session1/pos/0114.pos,969,,,,0,11,16.589,1.451,,none
FC01,control,Session1,0115,data/extracted/torgo/FC01/Session1/pos/0115.pos,572,,,,0,1,14.423,1.162,,none
FC01,control,Session1,0116,data/extracted/torgo/FC01/Session1/pos/0116.pos,586,,,,0,1,18.531,1.112,,none
FC01,control,Session1,0117,data/extracted/torgo/FC01/Session1/pos/0117.pos,672,,,10,2,2,39.721,0.929,large_position_step,medium
FC01,control,Session1,0118,data/extracted/torgo/FC01/Session1/pos/0118.pos,672,,,,0,1,16.257,1.208,,none
FC01,control,Session1,0119,data/extracted/torgo/FC01/Session1/pos/0119.pos,639,,,,0,1,16.513,1.086,,none
FC01,control,Session1,0120,data/extracted/torgo/FC01/Session1/pos/0120.pos,631,,,10,1,1,27.76,1.117,large_position_step,medium
FC01,control,Session1,0121,data/extracted/torgo/FC01/Session1/pos/0121.pos,611,,,,0,0,2.545,1.042,,none
FC01,control,Session1,0122,data/extracted/torgo/FC01/Session1/pos/0122.pos,618,,,10,1,1,20.121,0.873,large_position_step,medium
FC01,control,Session1,0123,data/extracted/torgo/FC01/Session1/pos/0123.pos,1319,,,,0,0,1.425,0.736,,none
FC01,control,Session1,0124,data/extracted/torgo/FC01/Session1/pos/0124.pos,664,,,10,1,2,33.026,0.823,large_position_step,medium
FC01,control,Session1,0125,data/extracted/torgo/FC01/Session1/pos/0125.pos,679,,,10,1,1,22.93,0.761,large_position_step,medium
FC01,control,Session1,0126,data/extracted/torgo/FC01/Session1/pos/0126.pos,567,,,10,1,2,25.777,0.961,large_position_step,medium
FC01,control,Session1,0127,data/extracted/torgo/FC01/Session1/pos/0127.pos,656,,,10,1,1,23.027,0.844,large_position_step,medium
FC01,control,Session1,0128,data/extracted/torgo/FC01/Session1/pos/0128.pos,663,,,10,4,5,32.719,0.993,large_position_step,medium
FC01,control,Session1,0129,data/extracted/torgo/FC01/Session1/pos/0129.pos,668,,,10,1,1,22.498,1.028,large_position_step,medium
FC01,control,Session1,0130,data/extracted/torgo/FC01/Session1/pos/0130.pos,856,,,,0,1,10.811,1.108,,none
FC01,control,Session1,0131,data/extracted/torgo/FC01/Session1/pos/0131.pos,685,,,,0,0,2.983,0.697,,none
FC01,control,Session1,0132,data/extracted/torgo/FC01/Session1/pos/0132.pos,597,,,,0,1,16.233,0.87,,none
FC01,control,Session1,0133,data/extracted/torgo/FC01/Session1/pos/0133.pos,869,,,,0,4,18.497,0.914,,none
FC01,control,Session1,0134,data/extracted/torgo/FC01/Session1/pos/0134.pos,683,,,10,1,1,23.452,0.992,large_position_step,medium
FC01,control,Session1,0135,data/extracted/torgo/FC01/Session1/pos/0135.pos,617,,,,0,1,15.344,1.154,,none
FC01,control,Session1,0136,data/extracted/torgo/FC01/Session1/pos/0136.pos,572,,,10,1,1,21.957,0.758,large_position_step,medium
FC01,control,Session1,0137,data/extracted/torgo/FC01/Session1/pos/0137.pos,600,,,,0,2,14.689,1.081,,none
FC01,control,Session1,0138,data/extracted/torgo/FC01/Session1/pos/0138.pos,606,,,10,1,3,29.913,0.89,large_position_step,medium
FC01,control,Session1,0139,data/extracted/torgo/FC01/Session1/pos/0139.pos,887,,,,0,1,12.732,0.693,,none
FC01,control,Session1,0140,data/extracted/torgo/FC01/Session1/pos/0140.pos,889,,,,0,5,18.196,1.793,,none
FC01,control,Session1,0141,data/extracted/torgo/FC01/Session1/pos/0141.pos,563,,,,0,1,10.425,1.543,,none
FC01,control,Session1,0142,data/extracted/torgo/FC01/Session1/pos/0142.pos,558,,,10,1,2,20.651,0.878,large_position_step,medium
FC01,control,Session1,0143,data/extracted/torgo/FC01/Session1/pos/0143.pos,616,,,,0,2,13.047,1.342,,none
FC01,control,Session1,0144,data/extracted/torgo/FC01/Session1/pos/0144.pos,659,,,,0,0,2.95,1.119,,none
FC01,control,Session1,0145,data/extracted/torgo/FC01/Session1/pos/0145.pos,699,,,,0,1,19.628,1.075,,none
FC01,control,Session1,0146,data/extracted/torgo/FC01/Session1/pos/0146.pos,618,,,10,1,3,21.117,1.117,large_position_step,medium
FC01,control,Session1,0147,data/extracted/torgo/FC01/Session1/pos/0147.pos,702,,,,0,2,14.781,1.117,,none
FC01,control,Session1,0148,data/extracted/torgo/FC01/Session1/pos/0148.pos,677,,,,0,0,2.132,0.962,,none
FC01,control,Session1,0149,data/extracted/torgo/FC01/Session1/pos/0149.pos,675,,,,0,2,15.934,1.387,,none
FC01,control,Session1,0150,data/extracted/torgo/FC01/Session1/pos/0150.pos,801,,,10,1,13,26.345,1.268,large_position_step,medium
FC01,control,Session1,0151,data/extracted/torgo/FC01/Session1/pos/0151.pos,536,,,9,2,3,42.4,0.964,large_position_step,medium
FC01,control,Session1,0152,data/extracted/torgo/FC01/Session1/pos/0152.pos,540,,,,0,1,12.6,0.823,,none
FC01,control,Session1,0153,data/extracted/torgo/FC01/Session1/pos/0153.pos,612,,,,0,2,11.008,0.935,,none
FC01,control,Session1,0154,data/extracted/torgo/FC01/Session1/pos/0154.pos,586,,,10,1,3,20.536,1.119,large_position_step,medium
FC01,control,Session1,0155,data/extracted/torgo/FC01/Session1/pos/0155.pos,594,,,,0,2,15.524,1.071,,none
FC01,control,Session1,0156,data/extracted/torgo/FC01/Session1/pos/0156.pos,529,,,10,2,4,43.722,1.168,large_position_step,medium
FC01,control,Session1,0157,data/extracted/torgo/FC01/Session1/pos/0157.pos,792,,,,0,4,17.152,1.456,,none
FC01,control,Session1,0158,data/extracted/torgo/FC01/Session1/pos/0158.pos,539,,,,0,1,13.042,1.183,,none
FC01,control,Session1,0159,data/extracted/torgo/FC01/Session1/pos/0159.pos,604,,,,0,0,4.061,1.421,,none
FC01,control,Session1,0160,data/extracted/torgo/FC01/Session1/pos/0160.pos,590,,,,0,0,7.83,1.518,,none
FC01,control,Session1,0161,data/extracted/torgo/FC01/Session1/pos/0161.pos,1031,,,,0,5,12.555,1.654,,none
FC01,control,Session1,0162,data/extracted/torgo/FC01/Session1/pos/0162.pos,555,,,10,1,4,34.397,1.674,large_position_step,medium
FC01,control,Session1,0163,data/extracted/torgo/FC01/Session1/pos/0163.pos,547,,,10,2,18,28.034,2.343,large_position_step,medium
FC01,control,Session1,0164,data/extracted/torgo/FC01/Session1/pos/0164.pos,572,,,10,10,33,62.247,3.97,large_position_step,high
FC02,control,Session3,0001,data/extracted/torgo/FC02/Session3/pos/0001.pos,2543,,,,0,0,2.98,1.354,,none
FC02,control,Session3,0002,data/extracted/torgo/FC02/Session3/pos/0002.pos,2268,,,,0,0,2.956,1.31,,none
FC02,control,Session3,0003,data/extracted/torgo/FC02/Session3/pos/0003.pos,1253,,,,0,0,2.324,1.23,,none
FC02,control,Session3,0004,data/extracted/torgo/FC02/Session3/pos/0004.pos,2412,,,,0,0,2.629,1.275,,none
FC02,control,Session3,0005,data/extracted/torgo/FC02/Session3/pos/0005.pos,2485,,,,0,0,7.885,1.468,,none
FC02,control,Session3,0006,data/extracted/torgo/FC02/Session3/pos/0006.pos,574,,,,0,0,2.629,1.353,,none
FC02,control,Session3,0007,data/extracted/torgo/FC02/Session3/pos/0007.pos,522,,,,0,0,2.847,1.298,,none
FC02,control,Session3,0008,data/extracted/torgo/FC02/Session3/pos/0008.pos,496,,,,0,0,2.787,1.331,,none
FC02,control,Session3,0009,data/extracted/torgo/FC02/Session3/pos/0009.pos,828,,,,0,0,4.147,1.602,,none
FC02,control,Session3,0010,data/extracted/torgo/FC02/Session3/pos/0010.pos,404,,,,0,0,4.002,1.452,,none
FC02,control,Session3,0011,data/extracted/torgo/FC02/Session3/pos/0011.pos,474,,,,0,0,3.299,1.411,,none
FC02,control,Session3,0012,data/extracted/torgo/FC02/Session3/pos/0012.pos,413,,,,0,0,5.265,2.316,,none
FC02,control,Session3,0013,data/extracted/torgo/FC02/Session3/pos/0013.pos,408,,,,0,0,3.578,1.609,,none
FC02,control,Session3,0014,data/extracted/torgo/FC02/Session3/pos/0014.pos,767,,,,0,0,3.915,1.794,,none
FC02,control,Session3,0015,data/extracted/torgo/FC02/Session3/pos/0015.pos,737,,,,0,0,5.201,2.067,,none
FC02,control,Session3,0016,data/extracted/torgo/FC02/Session3/pos/0016.pos,438,,,,0,0,4.873,2.125,,none
FC02,control,Session3,0017,data/extracted/torgo/FC02/Session3/pos/0017.pos,772,,,,0,0,3.71,1.77,,none
FC02,control,Session3,0018,data/extracted/torgo/FC02/Session3/pos/0018.pos,443,,,,0,0,2.717,1.632,,none
FC02,control,Session3,0019,data/extracted/torgo/FC02/Session3/pos/0019.pos,537,,,,0,0,4.36,2.254,,none
FC02,control,Session3,0020,data/extracted/torgo/FC02/Session3/pos/0020.pos,850,,,,0,0,6.15,2.442,,none
FC02,control,Session3,0021,data/extracted/torgo/FC02/Session3/pos/0021.pos,518,,,,0,0,3.739,1.694,,none
FC02,control,Session3,0022,data/extracted/torgo/FC02/Session3/pos/0022.pos,1299,,,,0,0,4.108,2.07,,none
FC02,control,Session3,0023,data/extracted/torgo/FC02/Session3/pos/0023.pos,590,,,,0,0,3.647,1.649,,none
FC02,control,Session3,0024,data/extracted/torgo/FC02/Session3/pos/0024.pos,504,,,,0,0,3.014,1.349,,none
FC02,control,Session3,0025,data/extracted/torgo/FC02/Session3/pos/0025.pos,488,,,,0,0,3.735,1.877,,none
FC02,control,Session3,0026,data/extracted/torgo/FC02/Session3/pos/0026.pos,974,,,,0,0,5.219,2.629,,none
FC02,control,Session3,0027,data/extracted/torgo/FC02/Session3/pos/0027.pos,519,,,,0,0,4.662,2.489,,none
FC02,control,Session3,0028,data/extracted/torgo/FC02/Session3/pos/0028.pos,481,,,,0,0,4.934,1.753,,none
FC02,control,Session3,0029,data/extracted/torgo/FC02/Session3/pos/0029.pos,547,,,,0,0,2.521,1.188,,none
FC02,control,Session3,0030,data/extracted/torgo/FC02/Session3/pos/0030.pos,538,,,,0,0,6.31,1.821,,none
FC02,control,Session3,0031,data/extracted/torgo/FC02/Session3/pos/0031.pos,540,,,,0,0,5.23,1.861,,none
FC02,control,Session3,0032,data/extracted/torgo/FC02/Session3/pos/0032.pos,832,,,,0,0,7.808,2.305,,none
FC02,control,Session3,0033,data/extracted/torgo/FC02/Session3/pos/0033.pos,1035,,,,0,0,2.474,1.205,,none
FC02,control,Session3,0034,data/extracted/torgo/FC02/Session3/pos/0034.pos,725,,,,0,0,2.132,1.104,,none
FC02,control,Session3,0035,data/extracted/torgo/FC02/Session3/pos/0035.pos,444,,,,0,0,2.064,1.131,,none
FC02,control,Session3,0036,data/extracted/torgo/FC02/Session3/pos/0036.pos,810,,,,0,0,2.0,1.173,,none
FC02,control,Session3,0037,data/extracted/torgo/FC02/Session3/pos/0037.pos,543,,,,0,0,2.718,1.277,,none
FC02,control,Session3,0038,data/extracted/torgo/FC02/Session3/pos/0038.pos,503,,,,0,0,2.254,1.32,,none
FC02,control,Session3,0039,data/extracted/torgo/FC02/Session3/pos/0039.pos,545,,,,0,0,2.327,1.234,,none
FC02,control,Session3,0040,data/extracted/torgo/FC02/Session3/pos/0040.pos,815,,,,0,0,2.249,1.257,,none
FC02,control,Session3,0041,data/extracted/torgo/FC02/Session3/pos/0041.pos,437,,,3,2,4,38.738,1.352,large_position_step,medium
FC02,control,Session3,0042,data/extracted/torgo/FC02/Session3/pos/0042.pos,925,,,,0,0,2.225,1.192,,none
FC02,control,Session3,0043,data/extracted/torgo/FC02/Session3/pos/0043.pos,413,,,,0,0,1.995,1.201,,none
FC02,control,Session3,0044,data/extracted/torgo/FC02/Session3/pos/0044.pos,499,,,,0,0,1.906,1.166,,none
FC02,control,Session3,0045,data/extracted/torgo/FC02/Session3/pos/0045.pos,493,,,,0,0,2.123,1.226,,none
FC02,control,Session3,0046,data/extracted/torgo/FC02/Session3/pos/0046.pos,584,,,,0,0,1.804,1.107,,none
FC02,control,Session3,0047,data/extracted/torgo/FC02/Session3/pos/0047.pos,505,,,,0,0,2.816,1.054,,none
FC02,control,Session3,0048,data/extracted/torgo/FC02/Session3/pos/0048.pos,860,,,,0,0,2.113,1.138,,none
FC02,control,Session3,0049,data/extracted/torgo/FC02/Session3/pos/0049.pos,683,,,,0,0,2.432,1.169,,none
FC02,control,Session3,0050,data/extracted/torgo/FC02/Session3/pos/0050.pos,509,,,,0,0,1.736,1.112,,none
FC02,control,Session3,0051,data/extracted/torgo/FC02/Session3/pos/0051.pos,816,,,,0,0,1.836,1.149,,none
FC02,control,Session3,0052,data/extracted/torgo/FC02/Session3/pos/0052.pos,998,,,,0,0,1.923,1.113,,none
FC02,control,Session3,0053,data/extracted/torgo/FC02/Session3/pos/0053.pos,499,,,,0,0,1.975,1.107,,none
FC02,control,Session3,0054,data/extracted/torgo/FC02/Session3/pos/0054.pos,544,,,,0,0,1.661,1.071,,none
FC02,control,Session3,0055,data/extracted/torgo/FC02/Session3/pos/0055.pos,587,,,,0,0,1.652,1.038,,none
FC02,control,Session3,0056,data/extracted/torgo/FC02/Session3/pos/0056.pos,513,,,,0,0,2.005,1.148,,none
FC02,control,Session3,0057,data/extracted/torgo/FC02/Session3/pos/0057.pos,475,,,,0,0,2.058,1.13,,none
FC02,control,Session3,0058,data/extracted/torgo/FC02/Session3/pos/0058.pos,493,,,,0,0,2.043,1.127,,none
FC02,control,Session3,0059,data/extracted/torgo/FC02/Session3/pos/0059.pos,509,,,,0,0,2.184,1.111,,none
FC02,control,Session3,0060,data/extracted/torgo/FC02/Session3/pos/0060.pos,547,,,,0,0,2.037,1.113,,none
FC02,control,Session3,0061,data/extracted/torgo/FC02/Session3/pos/0061.pos,497,,,,0,0,1.953,1.107,,none
FC02,control,Session3,0062,data/extracted/torgo/FC02/Session3/pos/0062.pos,515,,,,0,0,2.037,1.165,,none
FC02,control,Session3,0063,data/extracted/torgo/FC02/Session3/pos/0063.pos,505,,,,0,0,1.83,1.141,,none
FC02,control,Session3,0064,data/extracted/torgo/FC02/Session3/pos/0064.pos,536,,,,0,0,2.079,1.092,,none
FC02,control,Session3,0065,data/extracted/torgo/FC02/Session3/pos/0065.pos,827,,,,0,0,7.609,1.201,,none
FC02,control,Session3,0066,data/extracted/torgo/FC02/Session3/pos/0066.pos,486,,,,0,0,2.169,1.138,,none
FC02,control,Session3,0067,data/extracted/torgo/FC02/Session3/pos/0067.pos,511,,,,0,0,2.113,1.115,,none
FC02,control,Session3,0068,data/extracted/torgo/FC02/Session3/pos/0068.pos,554,,,,0,0,1.837,1.118,,none
FC02,control,Session3,0069,data/extracted/torgo/FC02/Session3/pos/0069.pos,541,,,,0,0,1.962,1.16,,none
FC02,control,Session3,0070,data/extracted/torgo/FC02/Session3/pos/0070.pos,936,,,,0,0,1.918,1.129,,none
FC02,control,Session3,0071,data/extracted/torgo/FC02/Session3/pos/0071.pos,549,,,,0,0,1.861,1.154,,none
FC02,control,Session3,0072,data/extracted/torgo/FC02/Session3/pos/0072.pos,506,,,,0,0,2.579,1.283,,none
FC02,control,Session3,0073,data/extracted/torgo/FC02/Session3/pos/0073.pos,511,,,4,1,1,21.616,1.239,large_position_step,medium
FC02,control,Session3,0074,data/extracted/torgo/FC02/Session3/pos/0074.pos,540,,,,0,0,2.274,1.098,,none
FC02,control,Session3,0075,data/extracted/torgo/FC02/Session3/pos/0075.pos,496,,,,0,0,2.341,1.103,,none
FC02,control,Session3,0076,data/extracted/torgo/FC02/Session3/pos/0076.pos,810,,,,0,0,2.23,1.179,,none
FC02,control,Session3,0077,data/extracted/torgo/FC02/Session3/pos/0077.pos,478,,,,0,0,1.718,1.098,,none
FC02,control,Session3,0078,data/extracted/torgo/FC02/Session3/pos/0078.pos,494,,,,0,0,2.022,1.098,,none
FC02,control,Session3,0079,data/extracted/torgo/FC02/Session3/pos/0079.pos,517,,,,0,0,1.877,1.099,,none
FC02,control,Session3,0080,data/extracted/torgo/FC02/Session3/pos/0080.pos,378,,,,0,0,2.123,1.105,,none
FC02,control,Session3,0081,data/extracted/torgo/FC02/Session3/pos/0081.pos,402,,,,0,0,1.731,1.147,,none
FC02,control,Session3,0082,data/extracted/torgo/FC02/Session3/pos/0082.pos,401,,,,0,0,2.017,1.158,,none
FC02,control,Session3,0083,data/extracted/torgo/FC02/Session3/pos/0083.pos,849,,,,0,0,2.397,1.146,,none
FC02,control,Session3,0084,data/extracted/torgo/FC02/Session3/pos/0084.pos,545,,,,0,0,2.727,1.145,,none
FC02,control,Session3,0085,data/extracted/torgo/FC02/Session3/pos/0085.pos,788,,,,0,0,1.947,1.124,,none
FC02,control,Session3,0086,data/extracted/torgo/FC02/Session3/pos/0086.pos,516,,,,0,0,1.911,1.141,,none
FC02,control,Session3,0087,data/extracted/torgo/FC02/Session3/pos/0087.pos,451,,,,0,0,2.196,1.091,,none
FC02,control,Session3,0088,data/extracted/torgo/FC02/Session3/pos/0088.pos,857,,,,0,0,2.484,1.15,,none
FC02,control,Session3,0089,data/extracted/torgo/FC02/Session3/pos/0089.pos,903,,,,0,0,2.127,1.137,,none
FC02,control,Session3,0090,data/extracted/torgo/FC02/Session3/pos/0090.pos,819,,,,0,0,1.952,1.059,,none
FC02,control,Session3,0091,data/extracted/torgo/FC02/Session3/pos/0091.pos,415,,,,0,0,1.794,1.146,,none
FC02,control,Session3,0092,data/extracted/torgo/FC02/Session3/pos/0092.pos,460,,,,0,0,2.134,1.055,,none
FC02,control,Session3,0093,data/extracted/torgo/FC02/Session3/pos/0093.pos,933,,,,0,0,2.188,1.211,,none
FC02,control,Session3,0094,data/extracted/torgo/FC02/Session3/pos/0094.pos,405,,,,0,0,2.073,1.106,,none
FC02,control,Session3,0095,data/extracted/torgo/FC02/Session3/pos/0095.pos,413,,,,0,0,1.769,1.09,,none
FC02,control,Session3,0096,data/extracted/torgo/FC02/Session3/pos/0096.pos,484,,,,0,0,1.885,1.171,,none
FC02,control,Session3,0097,data/extracted/torgo/FC02/Session3/pos/0097.pos,370,,,,0,0,3.079,1.345,,none
FC02,control,Session3,0098,data/extracted/torgo/FC02/Session3/pos/0098.pos,389,,,,0,0,1.838,1.193,,none
FC02,control,Session3,0099,data/extracted/torgo/FC02/Session3/pos/0099.pos,414,,,,0,0,2.615,1.314,,none
FC02,control,Session3,0100,data/extracted/torgo/FC02/Session3/pos/0100.pos,489,,,,0,0,4.557,1.452,,none
FC02,control,Session3,0101,data/extracted/torgo/FC02/Session3/pos/0101.pos,948,,,,0,0,4.074,1.757,,none
FC02,control,Session3,0102,data/extracted/torgo/FC02/Session3/pos/0102.pos,943,,,,0,0,1.88,1.184,,none
FC02,control,Session3,0103,data/extracted/torgo/FC02/Session3/pos/0103.pos,996,,,,0,1,18.706,1.781,,none
FC02,control,Session3,0104,data/extracted/torgo/FC02/Session3/pos/0104.pos,545,,,,0,0,1.886,1.084,,none
FC02,control,Session3,0105,data/extracted/torgo/FC02/Session3/pos/0105.pos,509,,,,0,0,2.132,1.173,,none
FC02,control,Session3,0106,data/extracted/torgo/FC02/Session3/pos/0106.pos,472,,,,0,0,1.767,1.089,,none
FC02,control,Session3,0107,data/extracted/torgo/FC02/Session3/pos/0107.pos,1425,,,,0,0,5.748,1.507,,none
FC02,control,Session3,0108,data/extracted/torgo/FC02/Session3/pos/0108.pos,509,,,,0,0,1.955,1.126,,none
FC02,control,Session3,0109,data/extracted/torgo/FC02/Session3/pos/0109.pos,369,,,,0,0,2.024,1.201,,none
FC02,control,Session3,0110,data/extracted/torgo/FC02/Session3/pos/0110.pos,714,,,,0,0,1.828,1.145,,none
FC02,control,Session3,0111,data/extracted/torgo/FC02/Session3/pos/0111.pos,428,,,,0,0,3.215,1.194,,none
FC02,control,Session3,0112,data/extracted/torgo/FC02/Session3/pos/0112.pos,389,,,,0,0,4.098,1.316,,none
FC02,control,Session3,0113,data/extracted/torgo/FC02/Session3/pos/0113.pos,461,,,,0,0,5.895,1.361,,none
FC02,control,Session3,0114,data/extracted/torgo/FC02/Session3/pos/0114.pos,468,,,,0,0,2.01,1.059,,none
FC02,control,Session3,0115,data/extracted/torgo/FC02/Session3/pos/0115.pos,386,,,,0,0,1.954,1.096,,none
FC02,control,Session3,0116,data/extracted/torgo/FC02/Session3/pos/0116.pos,409,,,,0,0,2.053,1.173,,none
FC02,control,Session3,0117,data/extracted/torgo/FC02/Session3/pos/0117.pos,387,,,,0,0,1.987,1.141,,none
FC02,control,Session3,0118,data/extracted/torgo/FC02/Session3/pos/0118.pos,924,,,,0,0,2.958,1.221,,none
FC02,control,Session3,0119,data/extracted/torgo/FC02/Session3/pos/0119.pos,333,,,,0,0,2.056,1.285,,none
FC02,control,Session3,0120,data/extracted/torgo/FC02/Session3/pos/0120.pos,418,,,,0,0,2.649,1.135,,none
FC02,control,Session3,0121,data/extracted/torgo/FC02/Session3/pos/0121.pos,381,,,,0,0,1.714,1.133,,none
FC02,control,Session3,0122,data/extracted/torgo/FC02/Session3/pos/0122.pos,1145,,,,0,0,2.563,1.212,,none
FC02,control,Session3,0123,data/extracted/torgo/FC02/Session3/pos/0123.pos,1214,,,,0,0,2.064,1.157,,none
FC02,control,Session3,0124,data/extracted/torgo/FC02/Session3/pos/0124.pos,405,,,,0,0,2.083,1.151,,none
FC02,control,Session3,0125,data/extracted/torgo/FC02/Session3/pos/0125.pos,420,,,,0,0,1.994,1.147,,none
FC02,control,Session3,0126,data/extracted/torgo/FC02/Session3/pos/0126.pos,707,,,,0,0,2.04,1.201,,none
FC02,control,Session3,0127,data/extracted/torgo/FC02/Session3/pos/0127.pos,676,,,,0,0,2.216,1.281,,none
FC02,control,Session3,0128,data/extracted/torgo/FC02/Session3/pos/0128.pos,405,,,,0,0,2.033,1.176,,none
FC02,control,Session3,0129,data/extracted/torgo/FC02/Session3/pos/0129.pos,473,,,,0,0,1.841,1.205,,none
FC02,control,Session3,0130,data/extracted/torgo/FC02/Session3/pos/0130.pos,371,,,,0,0,2.013,1.147,,none
FC02,control,Session3,0131,data/extracted/torgo/FC02/Session3/pos/0131.pos,408,,,,0,0,2.179,1.21,,none
FC02,control,Session3,0132,data/extracted/torgo/FC02/Session3/pos/0132.pos,399,,,,0,0,1.94,1.251,,none
FC02,control,Session3,0133,data/extracted/torgo/FC02/Session3/pos/0133.pos,430,,,,0,0,1.983,1.11,,none
FC02,control,Session3,0134,data/extracted/torgo/FC02/Session3/pos/0134.pos,360,,,,0,0,2.1,1.166,,none
FC02,control,Session3,0135,data/extracted/torgo/FC02/Session3/pos/0135.pos,479,,,,0,0,2.081,1.179,,none
FC02,control,Session3,0136,data/extracted/torgo/FC02/Session3/pos/0136.pos,454,,,,0,0,1.812,1.084,,none
FC02,control,Session3,0137,data/extracted/torgo/FC02/Session3/pos/0137.pos,968,,,,0,0,2.301,1.28,,none
FC02,control,Session3,0138,data/extracted/torgo/FC02/Session3/pos/0138.pos,443,,,,0,0,2.073,1.199,,none
FC02,control,Session3,0139,data/extracted/torgo/FC02/Session3/pos/0139.pos,351,,,,0,0,2.127,1.113,,none
FC02,control,Session3,0140,data/extracted/torgo/FC02/Session3/pos/0140.pos,1074,,,,0,0,2.305,1.122,,none
FC02,control,Session3,0141,data/extracted/torgo/FC02/Session3/pos/0141.pos,938,,,,0,0,2.81,1.269,,none
FC02,control,Session3,0142,data/extracted/torgo/FC02/Session3/pos/0142.pos,1281,,,,0,0,2.795,1.356,,none
FC02,control,Session3,0143,data/extracted/torgo/FC02/Session3/pos/0143.pos,723,,,,0,0,2.829,1.342,,none
FC02,control,Session3,0144,data/extracted/torgo/FC02/Session3/pos/0144.pos,911,,,,0,0,2.545,1.323,,none
FC02,control,Session3,0145,data/extracted/torgo/FC02/Session3/pos/0145.pos,798,,,,0,0,8.254,2.014,,none
FC02,control,Session3,0146,data/extracted/torgo/FC02/Session3/pos/0146.pos,457,,,,0,1,17.244,1.248,,none
FC02,control,Session3,0147,data/extracted/torgo/FC02/Session3/pos/0147.pos,450,,,,0,0,2.028,1.113,,none
FC02,control,Session3,0148,data/extracted/torgo/FC02/Session3/pos/0148.pos,508,,,,0,0,2.09,1.139,,none
FC02,control,Session3,0149,data/extracted/torgo/FC02/Session3/pos/0149.pos,447,,,,0,0,1.73,1.087,,none
FC02,control,Session3,0150,data/extracted/torgo/FC02/Session3/pos/0150.pos,463,,,,0,0,1.753,1.128,,none
FC02,control,Session3,0151,data/extracted/torgo/FC02/Session3/pos/0151.pos,431,,,,0,0,1.83,1.157,,none
FC02,control,Session3,0152,data/extracted/torgo/FC02/Session3/pos/0152.pos,475,,,,0,0,2.179,1.186,,none
FC02,control,Session3,0153,data/extracted/torgo/FC02/Session3/pos/0153.pos,1651,,,,0,0,2.593,1.167,,none
FC02,control,Session3,0154,data/extracted/torgo/FC02/Session3/pos/0154.pos,809,,,,0,0,1.949,1.047,,none
FC02,control,Session3,0155,data/extracted/torgo/FC02/Session3/pos/0155.pos,447,,,,0,0,6.95,1.368,,none
FC02,control,Session3,0156,data/extracted/torgo/FC02/Session3/pos/0156.pos,967,,,,0,0,2.523,1.166,,none
FC02,control,Session3,0157,data/extracted/torgo/FC02/Session3/pos/0157.pos,444,,,,0,0,1.853,1.067,,none
FC02,control,Session3,0158,data/extracted/torgo/FC02/Session3/pos/0158.pos,489,,,,0,0,2.907,1.424,,none
FC02,control,Session3,0159,data/extracted/torgo/FC02/Session3/pos/0159.pos,839,,,,0,0,2.093,1.249,,none
FC02,control,Session3,0160,data/extracted/torgo/FC02/Session3/pos/0160.pos,410,,,,0,0,1.77,1.182,,none
FC02,control,Session3,0161,data/extracted/torgo/FC02/Session3/pos/0161.pos,680,,,,0,0,2.45,1.317,,none
FC02,control,Session3,0162,data/extracted/torgo/FC02/Session3/pos/0162.pos,1062,,,,0,0,2.36,1.185,,none
FC02,control,Session3,0163,data/extracted/torgo/FC02/Session3/pos/0163.pos,438,,,1,1,2,52.731,1.248,large_position_step,medium
FC02,control,Session3,0164,data/extracted/torgo/FC02/Session3/pos/0164.pos,363,,,,0,0,1.897,1.206,,none
FC02,control,Session3,0165,data/extracted/torgo/FC02/Session3/pos/0165.pos,390,,,,0,1,10.889,1.343,,none
FC02,control,Session3,0166,data/extracted/torgo/FC02/Session3/pos/0166.pos,430,,,,0,0,1.709,1.05,,none
FC02,control,Session3,0167,data/extracted/torgo/FC02/Session3/pos/0167.pos,699,,,,0,0,1.785,1.111,,none
FC02,control,Session3,0168,data/extracted/torgo/FC02/Session3/pos/0168.pos,395,,,,0,0,2.018,1.229,,none
FC02,control,Session3,0169,data/extracted/torgo/FC02/Session3/pos/0169.pos,628,,,,0,0,1.859,1.162,,none
FC02,control,Session3,0170,data/extracted/torgo/FC02/Session3/pos/0170.pos,848,,,,0,0,1.966,1.177,,none
FC02,control,Session3,0171,data/extracted/torgo/FC02/Session3/pos/0171.pos,397,,,,0,0,1.854,1.127,,none
FC02,control,Session3,0172,data/extracted/torgo/FC02/Session3/pos/0172.pos,396,,,,0,0,2.235,1.171,,none
FC02,control,Session3,0173,data/extracted/torgo/FC02/Session3/pos/0173.pos,512,,,,0,0,2.087,1.174,,none
FC02,control,Session3,0174,data/extracted/torgo/FC02/Session3/pos/0174.pos,450,,,,0,0,3.336,1.147,,none
FC02,control,Session3,0175,data/extracted/torgo/FC02/Session3/pos/0175.pos,454,,,1,1,2,41.546,1.367,large_position_step,medium
FC02,control,Session3,0176,data/extracted/torgo/FC02/Session3/pos/0176.pos,356,,,,0,0,2.62,1.091,,none
FC02,control,Session3,0177,data/extracted/torgo/FC02/Session3/pos/0177.pos,458,,,,0,0,2.874,1.137,,none
FC02,control,Session3,0178,data/extracted/torgo/FC02/Session3/pos/0178.pos,431,,,,0,0,3.532,1.294,,none
FC02,control,Session3,0179,data/extracted/torgo/FC02/Session3/pos/0179.pos,899,,,,0,0,2.244,1.177,,none
FC02,control,Session3,0180,data/extracted/torgo/FC02/Session3/pos/0180.pos,796,,,,0,0,5.14,1.225,,none
FC02,control,Session3,0181,data/extracted/torgo/FC02/Session3/pos/0181.pos,586,,,,0,0,5.633,2.009,,none
FC02,control,Session3,0182,data/extracted/torgo/FC02/Session3/pos/0182.pos,723,,,,0,0,3.093,1.195,,none
FC02,control,Session3,0183,data/extracted/torgo/FC02/Session3/pos/0183.pos,417,,,,0,0,2.034,1.105,,none
FC02,control,Session3,0184,data/extracted/torgo/FC02/Session3/pos/0184.pos,492,,,,0,0,2.022,1.175,,none
FC02,control,Session3,0185,data/extracted/torgo/FC02/Session3/pos/0185.pos,447,,,,0,0,1.781,1.159,,none
FC02,control,Session3,0186,data/extracted/torgo/FC02/Session3/pos/0186.pos,440,,,,0,0,2.383,1.151,,none
FC02,control,Session3,0187,data/extracted/torgo/FC02/Session3/pos/0187.pos,408,,,,0,0,9.193,1.209,,none
FC02,control,Session3,0188,data/extracted/torgo/FC02/Session3/pos/0188.pos,398,,,,0,0,3.372,1.37,,none
FC02,control,Session3,0189,data/extracted/torgo/FC02/Session3/pos/0189.pos,334,,,,0,0,2.017,1.123,,none
FC02,control,Session3,0190,data/extracted/torgo/FC02/Session3/pos/0190.pos,401,,,,0,0,1.773,1.13,,none
FC02,control,Session3,0191,data/extracted/torgo/FC02/Session3/pos/0191.pos,427,,,,0,0,2.743,1.21,,none
FC02,control,Session3,0192,data/extracted/torgo/FC02/Session3/pos/0192.pos,417,,,,0,0,2.452,1.152,,none
FC02,control,Session3,0193,data/extracted/torgo/FC02/Session3/pos/0193.pos,388,,,,0,0,2.867,1.345,,none
FC02,control,Session3,0194,data/extracted/torgo/FC02/Session3/pos/0194.pos,855,,,,0,0,8.002,1.325,,none
FC02,control,Session3,0195,data/extracted/torgo/FC02/Session3/pos/0195.pos,447,,,,0,0,4.142,1.22,,none
FC02,control,Session3,0196,data/extracted/torgo/FC02/Session3/pos/0196.pos,402,,,,0,0,4.778,1.228,,none
FC02,control,Session3,0197,data/extracted/torgo/FC02/Session3/pos/0197.pos,372,,,,0,0,2.925,1.319,,none
FC02,control,Session3,0198,data/extracted/torgo/FC02/Session3/pos/0198.pos,409,,,,0,1,11.586,1.333,,none
FC02,control,Session3,0199,data/extracted/torgo/FC02/Session3/pos/0199.pos,761,,,,0,0,5.625,1.274,,none
FC02,control,Session3,0200,data/extracted/torgo/FC02/Session3/pos/0200.pos,669,,,,0,0,7.993,1.348,,none
FC02,control,Session3,0201,data/extracted/torgo/FC02/Session3/pos/0201.pos,806,,,,0,0,1.943,1.133,,none
FC02,control,Session3,0202,data/extracted/torgo/FC02/Session3/pos/0202.pos,851,,,,0,0,2.173,1.254,,none
FC02,control,Session3,0203,data/extracted/torgo/FC02/Session3/pos/0203.pos,395,,,,0,0,2.178,1.204,,none
FC02,control,Session3,0204,data/extracted/torgo/FC02/Session3/pos/0204.pos,416,,,,0,0,3.064,1.267,,none
FC02,control,Session3,0205,data/extracted/torgo/FC02/Session3/pos/0205.pos,489,,,,0,1,10.985,1.568,,none
FC02,control,Session3,0206,data/extracted/torgo/FC02/Session3/pos/0206.pos,841,,,,0,0,2.145,1.16,,none
FC02,control,Session3,0207,data/extracted/torgo/FC02/Session3/pos/0207.pos,500,,,,0,0,1.826,1.209,,none
FC02,control,Session3,0208,data/extracted/torgo/FC02/Session3/pos/0208.pos,416,,,,0,0,2.363,1.175,,none
FC02,control,Session3,0209,data/extracted/torgo/FC02/Session3/pos/0209.pos,464,,,,0,0,2.184,1.173,,none
FC02,control,Session3,0210,data/extracted/torgo/FC02/Session3/pos/0210.pos,418,,,,0,0,2.545,1.251,,none
FC02,control,Session3,0211,data/extracted/torgo/FC02/Session3/pos/0211.pos,648,,,,0,0,3.843,1.263,,none
FC02,control,Session3,0212,data/extracted/torgo/FC02/Session3/pos/0212.pos,505,,,,0,0,2.491,1.203,,none
FC02,control,Session3,0213,data/extracted/torgo/FC02/Session3/pos/0213.pos,491,,,,0,0,1.781,1.069,,none
FC02,control,Session3,0214,data/extracted/torgo/FC02/Session3/pos/0214.pos,489,,,,0,0,1.777,1.111,,none
FC02,control,Session3,0215,data/extracted/torgo/FC02/Session3/pos/0215.pos,485,,,,0,0,2.724,1.208,,none
FC02,control,Session3,0216,data/extracted/torgo/FC02/Session3/pos/0216.pos,518,,,4,1,1,20.286,1.216,large_position_step,medium
FC02,control,Session3,0217,data/extracted/torgo/FC02/Session3/pos/0217.pos,484,,,,0,0,2.389,1.206,,none
FC02,control,Session3,0218,data/extracted/torgo/FC02/Session3/pos/0218.pos,665,,,,0,0,8.772,1.238,,none
FC02,control,Session3,0219,data/extracted/torgo/FC02/Session3/pos/0219.pos,483,,,,0,0,5.332,1.679,,none
FC02,control,Session3,0220,data/extracted/torgo/FC02/Session3/pos/0220.pos,468,,,,0,0,2.392,1.328,,none
FC02,control,Session3,0221,data/extracted/torgo/FC02/Session3/pos/0221.pos,434,,,,0,0,1.917,1.143,,none
FC02,control,Session3,0222,data/extracted/torgo/FC02/Session3/pos/0222.pos,895,,,,0,0,2.127,1.205,,none
FC02,control,Session3,0223,data/extracted/torgo/FC02/Session3/pos/0223.pos,440,,,,0,0,7.047,1.252,,none
FC02,control,Session3,0224,data/extracted/torgo/FC02/Session3/pos/0224.pos,437,,,,0,0,4.086,1.304,,none
FC02,control,Session3,0225,data/extracted/torgo/FC02/Session3/pos/0225.pos,63,,,,0,0,2.259,1.52,,none
FC02,control,Session3,0226,data/extracted/torgo/FC02/Session3/pos/0226.pos,427,,,,0,0,2.537,1.253,,none
FC02,control,Session3,0227,data/extracted/torgo/FC02/Session3/pos/0227.pos,487,,,,0,0,2.923,1.351,,none
FC02,control,Session3,0228,data/extracted/torgo/FC02/Session3/pos/0228.pos,851,,,,0,1,10.277,1.622,,none
FC02,control,Session3,0229,data/extracted/torgo/FC02/Session3/pos/0229.pos,442,,,,0,0,8.391,1.297,,none
FC02,control,Session3,0230,data/extracted/torgo/FC02/Session3/pos/0230.pos,525,,,,0,0,7.303,1.591,,none
FC02,control,Session3,0231,data/extracted/torgo/FC02/Session3/pos/0231.pos,837,,,,0,0,5.184,2.312,,none
FC02,control,Session3,0232,data/extracted/torgo/FC02/Session3/pos/0232.pos,511,,,,0,0,1.738,1.038,,none
FC02,control,Session3,0233,data/extracted/torgo/FC02/Session3/pos/0233.pos,387,,,,0,0,2.153,1.271,,none
FC02,control,Session3,0234,data/extracted/torgo/FC02/Session3/pos/0234.pos,828,,,,0,1,12.128,1.238,,none
FC02,control,Session3,0235,data/extracted/torgo/FC02/Session3/pos/0235.pos,500,,,,0,0,2.193,1.272,,none
FC02,control,Session3,0236,data/extracted/torgo/FC02/Session3/pos/0236.pos,376,,,1,1,1,46.977,1.334,large_position_step,medium
FC02,control,Session3,0237,data/extracted/torgo/FC02/Session3/pos/0237.pos,398,,,,0,0,1.747,1.108,,none
FC02,control,Session3,0238,data/extracted/torgo/FC02/Session3/pos/0238.pos,475,,,,0,0,6.918,1.437,,none
FC02,control,Session3,0239,data/extracted/torgo/FC02/Session3/pos/0239.pos,711,,,,0,0,7.96,1.727,,none
FC02,control,Session3,0240,data/extracted/torgo/FC02/Session3/pos/0240.pos,708,,,,0,0,6.499,1.708,,none
FC02,control,Session3,0241,data/extracted/torgo/FC02/Session3/pos/0241.pos,415,,,,0,0,1.81,1.072,,none
FC02,control,Session3,0242,data/extracted/torgo/FC02/Session3/pos/0242.pos,436,,,,0,0,1.952,1.219,,none
FC02,control,Session3,0243,data/extracted/torgo/FC02/Session3/pos/0243.pos,433,,,,0,0,1.98,1.048,,none
FC02,control,Session3,0244,data/extracted/torgo/FC02/Session3/pos/0244.pos,373,,,,0,0,1.94,1.1,,none
FC02,control,Session3,0245,data/extracted/torgo/FC02/Session3/pos/0245.pos,774,,,,0,0,3.598,1.684,,none
FC02,control,Session3,0246,data/extracted/torgo/FC02/Session3/pos/0246.pos,438,,,,0,0,1.721,1.14,,none
FC02,control,Session3,0247,data/extracted/torgo/FC02/Session3/pos/0247.pos,865,,,,0,0,2.803,1.276,,none
FC02,control,Session3,0248,data/extracted/torgo/FC02/Session3/pos/0248.pos,477,,,,0,0,1.85,1.141,,none
FC02,control,Session3,0249,data/extracted/torgo/FC02/Session3/pos/0249.pos,382,,,,0,0,1.977,1.223,,none
FC02,control,Session3,0250,data/extracted/torgo/FC02/Session3/pos/0250.pos,435,,,,0,0,1.918,1.112,,none
FC02,control,Session3,0251,data/extracted/torgo/FC02/Session3/pos/0251.pos,444,,,,0,1,11.821,1.143,,none
FC02,control,Session3,0252,data/extracted/torgo/FC02/Session3/pos/0252.pos,436,,,,0,0,2.148,1.278,,none
FC02,control,Session3,0253,data/extracted/torgo/FC02/Session3/pos/0253.pos,773,,,,0,1,14.493,1.114,,none
FC02,control,Session3,0254,data/extracted/torgo/FC02/Session3/pos/0254.pos,395,,,,0,0,9.834,1.218,,none
FC02,control,Session3,0255,data/extracted/torgo/FC02/Session3/pos/0255.pos,414,,,,0,0,1.904,1.123,,none
FC02,control,Session3,0256,data/extracted/torgo/FC02/Session3/pos/0256.pos,988,,,,0,0,2.538,1.17,,none
FC02,control,Session3,0257,data/extracted/torgo/FC02/Session3/pos/0257.pos,737,,,,0,0,3.429,1.278,,none
FC02,control,Session3,0258,data/extracted/torgo/FC02/Session3/pos/0258.pos,381,,,1,1,1,49.558,1.347,large_position_step,medium
FC02,control,Session3,0259,data/extracted/torgo/FC02/Session3/pos/0259.pos,413,,,,0,0,5.511,1.163,,none
FC02,control,Session3,0260,data/extracted/torgo/FC02/Session3/pos/0260.pos,415,,,,0,0,2.133,1.122,,none
FC02,control,Session3,0261,data/extracted/torgo/FC02/Session3/pos/0261.pos,439,,,,0,0,1.693,1.081,,none
FC02,control,Session3,0262,data/extracted/torgo/FC02/Session3/pos/0262.pos,471,,,,0,0,2.076,1.171,,none
FC02,control,Session3,0263,data/extracted/torgo/FC02/Session3/pos/0263.pos,467,,,,0,0,2.33,1.194,,none
FC02,control,Session3,0264,data/extracted/torgo/FC02/Session3/pos/0264.pos,795,,,,0,0,2.083,1.189,,none
FC02,control,Session3,0265,data/extracted/torgo/FC02/Session3/pos/0265.pos,431,,,,0,0,4.196,1.173,,none
FC02,control,Session3,0266,data/extracted/torgo/FC02/Session3/pos/0266.pos,422,,,,0,0,1.957,1.135,,none
FC02,control,Session3,0267,data/extracted/torgo/FC02/Session3/pos/0267.pos,413,,,,0,0,1.769,1.144,,none
FC02,control,Session3,0268,data/extracted/torgo/FC02/Session3/pos/0268.pos,398,,,,0,0,2.321,1.105,,none
FC02,control,Session3,0269,data/extracted/torgo/FC02/Session3/pos/0269.pos,389,,,,0,0,2.007,1.141,,none
FC02,control,Session3,0270,data/extracted/torgo/FC02/Session3/pos/0270.pos,420,,,,0,0,7.959,1.216,,none
FC02,control,Session3,0271,data/extracted/torgo/FC02/Session3/pos/0271.pos,435,,,,0,0,1.814,1.073,,none
FC02,control,Session3,0272,data/extracted/torgo/FC02/Session3/pos/0272.pos,460,,,,0,0,2.058,1.158,,none
FC02,control,Session3,0273,data/extracted/torgo/FC02/Session3/pos/0273.pos,445,,,1,1,2,52.54,1.245,large_position_step,medium
FC02,control,Session3,0274,data/extracted/torgo/FC02/Session3/pos/0274.pos,953,,,,0,0,4.467,1.196,,none
FC02,control,Session3,0275,data/extracted/torgo/FC02/Session3/pos/0275.pos,797,,,,0,0,3.734,1.27,,none
FC02,control,Session3,0276,data/extracted/torgo/FC02/Session3/pos/0276.pos,429,,,,0,1,11.052,1.161,,none
FC02,control,Session3,0277,data/extracted/torgo/FC02/Session3/pos/0277.pos,426,,,,0,0,2.608,1.14,,none
FC02,control,Session3,0278,data/extracted/torgo/FC02/Session3/pos/0278.pos,934,,,,0,0,6.483,1.223,,none
FC02,control,Session3,0279,data/extracted/torgo/FC02/Session3/pos/0279.pos,420,,,,0,1,13.915,1.291,,none
FC02,control,Session3,0280,data/extracted/torgo/FC02/Session3/pos/0280.pos,402,,,,0,0,2.938,1.31,,none
FC02,control,Session3,0281,data/extracted/torgo/FC02/Session3/pos/0281.pos,1033,,,3,1,1,58.136,1.273,large_position_step,medium
FC02,control,Session3,0282,data/extracted/torgo/FC02/Session3/pos/0282.pos,417,,,,0,1,10.23,1.255,,none
FC02,control,Session3,0283,data/extracted/torgo/FC02/Session3/pos/0283.pos,515,,,,0,0,1.904,1.04,,none
FC02,control,Session3,0284,data/extracted/torgo/FC02/Session3/pos/0284.pos,494,,,,0,0,2.263,1.146,,none
FC02,control,Session3,0285,data/extracted/torgo/FC02/Session3/pos/0285.pos,524,,,,0,0,2.923,1.325,,none
FC02,control,Session3,0286,data/extracted/torgo/FC02/Session3/pos/0286.pos,371,,,,0,0,1.707,1.093,,none
FC02,control,Session3,0287,data/extracted/torgo/FC02/Session3/pos/0287.pos,393,,,,0,0,1.715,1.076,,none
FC02,control,Session3,0288,data/extracted/torgo/FC02/Session3/pos/0288.pos,394,,,,0,0,2.175,1.143,,none
FC02,control,Session3,0289,data/extracted/torgo/FC02/Session3/pos/0289.pos,401,,,,0,0,2.091,1.14,,none
FC02,control,Session3,0290,data/extracted/torgo/FC02/Session3/pos/0290.pos,412,,,,0,0,3.213,1.169,,none
FC02,control,Session3,0291,data/extracted/torgo/FC02/Session3/pos/0291.pos,393,,,,0,0,6.366,1.214,,none
FC02,control,Session3,0292,data/extracted/torgo/FC02/Session3/pos/0292.pos,446,,,,0,0,2.106,1.239,,none
FC02,control,Session3,0293,data/extracted/torgo/FC02/Session3/pos/0293.pos,431,,,,0,0,9.408,1.288,,none
FC02,control,Session3,0294,data/extracted/torgo/FC02/Session3/pos/0294.pos,815,,,,0,0,2.608,1.28,,none
FC02,control,Session3,0295,data/extracted/torgo/FC02/Session3/pos/0295.pos,435,,,,0,0,2.942,1.169,,none
FC02,control,Session3,0296,data/extracted/torgo/FC02/Session3/pos/0296.pos,409,,,,0,0,2.399,1.318,,none
FC02,control,Session3,0297,data/extracted/torgo/FC02/Session3/pos/0297.pos,369,,,,0,0,1.82,1.213,,none
FC02,control,Session3,0298,data/extracted/torgo/FC02/Session3/pos/0298.pos,779,,,,0,4,14.664,2.63,,none
FC02,control,Session3,0299,data/extracted/torgo/FC02/Session3/pos/0299.pos,399,,,,0,0,2.693,1.157,,none
FC02,control,Session3,0300,data/extracted/torgo/FC02/Session3/pos/0300.pos,484,,,,0,0,2.351,1.126,,none
FC02,control,Session3,0301,data/extracted/torgo/FC02/Session3/pos/0301.pos,396,,,,0,0,1.634,1.064,,none
FC02,control,Session3,0302,data/extracted/torgo/FC02/Session3/pos/0302.pos,455,,,,0,0,1.844,1.113,,none
FC02,control,Session3,0303,data/extracted/torgo/FC02/Session3/pos/0303.pos,946,,,,0,0,7.693,1.342,,none
FC02,control,Session3,0304,data/extracted/torgo/FC02/Session3/pos/0304.pos,364,,,,0,0,3.661,1.278,,none
FC02,control,Session3,0305,data/extracted/torgo/FC02/Session3/pos/0305.pos,385,,,,0,0,3.878,1.361,,none
FC02,control,Session3,0306,data/extracted/torgo/FC02/Session3/pos/0306.pos,432,,,,0,0,2.502,1.22,,none
FC02,control,Session3,0307,data/extracted/torgo/FC02/Session3/pos/0307.pos,445,,,,0,0,4.374,1.319,,none
FC02,control,Session3,0308,data/extracted/torgo/FC02/Session3/pos/0308.pos,853,,,,0,0,2.323,1.137,,none
FC02,control,Session3,0309,data/extracted/torgo/FC02/Session3/pos/0309.pos,405,,,,0,0,2.992,1.188,,none
FC02,control,Session3,0310,data/extracted/torgo/FC02/Session3/pos/0310.pos,793,,,,0,0,3.47,1.112,,none
FC02,control,Session3,0311,data/extracted/torgo/FC02/Session3/pos/0311.pos,462,,,,0,0,8.394,1.154,,none
FC02,control,Session3,0312,data/extracted/torgo/FC02/Session3/pos/0312.pos,364,,,,0,0,7.425,1.135,,none
FC02,control,Session3,0313,data/extracted/torgo/FC02/Session3/pos/0313.pos,743,,,,0,0,2.658,1.276,,none
FC02,control,Session3,0314,data/extracted/torgo/FC02/Session3/pos/0314.pos,430,,,,0,0,5.589,1.498,,none
FC02,control,Session3,0315,data/extracted/torgo/FC02/Session3/pos/0315.pos,353,,,,0,0,2.404,1.224,,none
FC02,control,Session3,0316,data/extracted/torgo/FC02/Session3/pos/0316.pos,355,,,,0,0,3.575,1.303,,none
FC02,control,Session3,0317,data/extracted/torgo/FC02/Session3/pos/0317.pos,1911,,,1,1,2,61.758,1.355,large_position_step,medium
FC02,control,Session3,0318,data/extracted/torgo/FC02/Session3/pos/0318.pos,477,,,,0,0,1.846,1.125,,none
FC02,control,Session3,0319,data/extracted/torgo/FC02/Session3/pos/0319.pos,827,,,,0,0,2.596,1.166,,none
FC02,control,Session3,0320,data/extracted/torgo/FC02/Session3/pos/0320.pos,351,,,,0,0,4.486,1.199,,none
FC02,control,Session3,0321,data/extracted/torgo/FC02/Session3/pos/0321.pos,375,,,,0,0,2.801,1.272,,none
FC02,control,Session3,0322,data/extracted/torgo/FC02/Session3/pos/0322.pos,418,,,,0,0,4.23,1.153,,none
FC02,control,Session3,0323,data/extracted/torgo/FC02/Session3/pos/0323.pos,365,,,,0,0,2.945,1.163,,none
FC02,control,Session3,0324,data/extracted/torgo/FC02/Session3/pos/0324.pos,407,,,,0,0,6.888,1.272,,none
FC02,control,Session3,0325,data/extracted/torgo/FC02/Session3/pos/0325.pos,742,,,,0,1,19.054,1.251,,none
FC02,control,Session3,0326,data/extracted/torgo/FC02/Session3/pos/0326.pos,398,,,,0,0,2.175,1.253,,none
FC02,control,Session3,0327,data/extracted/torgo/FC02/Session3/pos/0327.pos,409,,,,0,0,2.833,1.357,,none
FC02,control,Session3,0328,data/extracted/torgo/FC02/Session3/pos/0328.pos,440,,,,0,0,1.933,1.154,,none
FC02,control,Session3,0329,data/extracted/torgo/FC02/Session3/pos/0329.pos,744,,,,0,0,4.258,1.206,,none
FC02,control,Session3,0330,data/extracted/torgo/FC02/Session3/pos/0330.pos,424,,,,0,0,2.695,1.348,,none
FC02,control,Session3,0331,data/extracted/torgo/FC02/Session3/pos/0331.pos,388,,,,0,0,2.096,1.298,,none
FC02,control,Session3,0332,data/extracted/torgo/FC02/Session3/pos/0332.pos,432,,,,0,0,1.573,1.051,,none
FC02,control,Session3,0333,data/extracted/torgo/FC02/Session3/pos/0333.pos,457,,,,0,0,2.032,1.171,,none
FC02,control,Session3,0334,data/extracted/torgo/FC02/Session3/pos/0334.pos,449,,,,0,0,2.794,1.161,,none
FC02,control,Session3,0335,data/extracted/torgo/FC02/Session3/pos/0335.pos,388,,,,0,0,1.984,1.13,,none
FC02,control,Session3,0336,data/extracted/torgo/FC02/Session3/pos/0336.pos,355,,,,0,0,1.924,1.269,,none
FC02,control,Session3,0337,data/extracted/torgo/FC02/Session3/pos/0337.pos,364,,,,0,0,4.197,1.298,,none
FC02,control,Session3,0338,data/extracted/torgo/FC02/Session3/pos/0338.pos,360,,,,0,0,3.199,1.559,,none
FC02,control,Session3,0339,data/extracted/torgo/FC02/Session3/pos/0339.pos,330,,,,0,0,8.902,1.206,,none
FC02,control,Session3,0340,data/extracted/torgo/FC02/Session3/pos/0340.pos,661,,,,0,1,10.566,1.25,,none
FC02,control,Session3,0341,data/extracted/torgo/FC02/Session3/pos/0341.pos,735,,,,0,0,5.594,1.241,,none
FC02,control,Session3,0342,data/extracted/torgo/FC02/Session3/pos/0342.pos,444,,,,0,0,2.959,1.247,,none
FC02,control,Session3,0343,data/extracted/torgo/FC02/Session3/pos/0343.pos,773,,,,0,0,2.386,1.249,,none
FC02,control,Session3,0344,data/extracted/torgo/FC02/Session3/pos/0344.pos,414,,,,0,0,2.494,1.151,,none
FC02,control,Session3,0345,data/extracted/torgo/FC02/Session3/pos/0345.pos,367,,,,0,0,2.678,1.279,,none
FC02,control,Session3,0346,data/extracted/torgo/FC02/Session3/pos/0346.pos,414,,,,0,0,2.862,1.248,,none
FC02,control,Session3,0347,data/extracted/torgo/FC02/Session3/pos/0347.pos,437,,,,0,1,10.001,1.125,,none
FC02,control,Session3,0348,data/extracted/torgo/FC02/Session3/pos/0348.pos,408,,,,0,0,1.679,1.062,,none
FC02,control,Session3,0349,data/extracted/torgo/FC02/Session3/pos/0349.pos,674,,,,0,0,6.119,1.231,,none
FC02,control,Session3,0350,data/extracted/torgo/FC02/Session3/pos/0350.pos,450,,,,0,0,2.329,1.191,,none
FC02,control,Session3,0351,data/extracted/torgo/FC02/Session3/pos/0351.pos,752,,,,0,0,5.587,1.316,,none
FC02,control,Session3,0352,data/extracted/torgo/FC02/Session3/pos/0352.pos,359,,,,0,0,2.68,1.188,,none
FC02,control,Session3,0353,data/extracted/torgo/FC02/Session3/pos/0353.pos,439,,,,0,0,3.783,1.299,,none
FC02,control,Session3,0354,data/extracted/torgo/FC02/Session3/pos/0354.pos,647,,,,0,0,4.526,1.51,,none
FC02,control,Session3,0355,data/extracted/torgo/FC02/Session3/pos/0355.pos,383,,,,0,0,3.535,1.292,,none
FC02,control,Session3,0356,data/extracted/torgo/FC02/Session3/pos/0356.pos,440,,,,0,0,7.917,1.483,,none
FC02,control,Session3,0357,data/extracted/torgo/FC02/Session3/pos/0357.pos,905,,,,0,0,3.321,1.445,,none
FC02,control,Session3,0358,data/extracted/torgo/FC02/Session3/pos/0358.pos,887,,,,0,0,2.639,1.472,,none
FC02,control,Session3,0359,data/extracted/torgo/FC02/Session3/pos/0359.pos,1107,,,,0,0,4.319,1.471,,none
FC02,control,Session3,0360,data/extracted/torgo/FC02/Session3/pos/0360.pos,473,,,,0,0,2.541,1.363,,none
FC02,control,Session3,0361,data/extracted/torgo/FC02/Session3/pos/0361.pos,643,,,,0,0,2.77,1.434,,none
FC02,control,Session3,0362,data/extracted/torgo/FC02/Session3/pos/0362.pos,833,,,,0,0,7.924,1.267,,none
FC02,control,Session3,0363,data/extracted/torgo/FC02/Session3/pos/0363.pos,348,,,,0,0,2.343,1.246,,none
FC02,control,Session3,0364,data/extracted/torgo/FC02/Session3/pos/0364.pos,365,,,,0,0,2.784,1.393,,none
FC02,control,Session3,0365,data/extracted/torgo/FC02/Session3/pos/0365.pos,1339,,,,0,0,3.665,1.636,,none
FC02,control,Session3,0366,data/extracted/torgo/FC02/Session3/pos/0366.pos,481,,,,0,0,3.274,1.678,,none
FC02,control,Session3,0367,data/extracted/torgo/FC02/Session3/pos/0367.pos,443,,,,0,0,2.958,1.57,,none
FC02,control,Session3,0368,data/extracted/torgo/FC02/Session3/pos/0368.pos,374,,,,0,0,3.204,1.508,,none
FC02,control,Session3,0369,data/extracted/torgo/FC02/Session3/pos/0369.pos,941,,,,0,0,2.96,1.478,,none
FC02,control,Session3,0370,data/extracted/torgo/FC02/Session3/pos/0370.pos,412,,,,0,0,2.362,1.283,,none
FC02,control,Session3,0371,data/extracted/torgo/FC02/Session3/pos/0371.pos,415,,,,0,0,2.741,1.24,,none
FC02,control,Session3,0372,data/extracted/torgo/FC02/Session3/pos/0372.pos,340,,,,0,0,2.866,1.395,,none
FC02,control,Session3,0373,data/extracted/torgo/FC02/Session3/pos/0373.pos,375,,,,0,0,2.818,1.331,,none
FC02,control,Session3,0374,data/extracted/torgo/FC02/Session3/pos/0374.pos,372,,,,0,0,3.715,1.62,,none
FC02,control,Session3,0375,data/extracted/torgo/FC02/Session3/pos/0375.pos,354,,,,0,0,2.046,1.359,,none
FC02,control,Session3,0376,data/extracted/torgo/FC02/Session3/pos/0376.pos,355,,,,0,0,2.782,1.303,,none
FC02,control,Session3,0377,data/extracted/torgo/FC02/Session3/pos/0377.pos,362,,,,0,0,2.37,1.2,,none
FC02,control,Session3,0378,data/extracted/torgo/FC02/Session3/pos/0378.pos,399,,,,0,0,3.212,1.36,,none
FC02,control,Session3,0379,data/extracted/torgo/FC02/Session3/pos/0379.pos,671,,,,0,0,3.824,1.946,,none
FC02,control,Session3,0380,data/extracted/torgo/FC02/Session3/pos/0380.pos,557,,,,0,0,4.74,1.985,,none
FC02,control,Session3,0381,data/extracted/torgo/FC02/Session3/pos/0381.pos,388,,,,0,0,2.6,1.379,,none
FC02,control,Session3,0382,data/extracted/torgo/FC02/Session3/pos/0382.pos,426,,,,0,0,4.594,1.87,,none
FC02,control,Session3,0383,data/extracted/torgo/FC02/Session3/pos/0383.pos,858,,,,0,0,2.33,1.289,,none
FC02,control,Session3,0384,data/extracted/torgo/FC02/Session3/pos/0384.pos,408,,,,0,0,2.6,1.443,,none
FC02,control,Session3,0385,data/extracted/torgo/FC02/Session3/pos/0385.pos,369,,,,0,0,3.199,1.51,,none
FC02,control,Session3,0386,data/extracted/torgo/FC02/Session3/pos/0386.pos,405,,,,0,0,9.845,3.197,,none
FC02,control,Session3,0387,data/extracted/torgo/FC02/Session3/pos/0387.pos,384,,,,0,0,8.231,1.711,,none
FC02,control,Session3,0388,data/extracted/torgo/FC02/Session3/pos/0388.pos,655,,,,0,1,10.888,1.8,,none
FC02,control,Session3,0389,data/extracted/torgo/FC02/Session3/pos/0389.pos,391,,,,0,0,2.356,1.371,,none
FC02,control,Session3,0390,data/extracted/torgo/FC02/Session3/pos/0390.pos,399,,,,0,0,9.42,1.457,,none
FC02,control,Session3,0391,data/extracted/torgo/FC02/Session3/pos/0391.pos,661,,,,0,0,8.504,2.177,,none
FC02,control,Session3,0392,data/extracted/torgo/FC02/Session3/pos/0392.pos,415,,,,0,0,4.814,1.481,,none
FC02,control,Session3,0393,data/extracted/torgo/FC02/Session3/pos/0393.pos,369,,,,0,1,12.433,1.735,,none
FC02,control,Session3,0394,data/extracted/torgo/FC02/Session3/pos/0394.pos,372,,,,0,0,7.222,1.524,,none
FC02,control,Session3,0395,data/extracted/torgo/FC02/Session3/pos/0395.pos,369,,,,0,1,11.539,1.91,,none
FC02,control,Session3,0396,data/extracted/torgo/FC02/Session3/pos/0396.pos,405,,,,0,0,3.789,1.576,,none
FC02,control,Session3,0397,data/extracted/torgo/FC02/Session3/pos/0397.pos,391,,,,0,0,8.001,2.203,,none
FC02,control,Session3,0398,data/extracted/torgo/FC02/Session3/pos/0398.pos,739,,,,0,0,9.072,2.236,,none
FC02,control,Session3,0399,data/extracted/torgo/FC02/Session3/pos/0399.pos,812,,,,0,0,5.355,1.504,,none
FC02,control,Session3,0400,data/extracted/torgo/FC02/Session3/pos/0400.pos,505,,,,0,1,10.119,2.44,,none
FC02,control,Session3,0401,data/extracted/torgo/FC02/Session3/pos/0401.pos,343,,,,0,1,10.986,2.051,,none
FC02,control,Session3,0402,data/extracted/torgo/FC02/Session3/pos/0402.pos,340,,,,0,0,9.681,2.907,,none
FC02,control,Session3,0403,data/extracted/torgo/FC02/Session3/pos/0403.pos,372,,,,0,0,7.988,2.515,,none
FC02,control,Session3,0404,data/extracted/torgo/FC02/Session3/pos/0404.pos,388,,,,0,0,6.74,2.755,,none
FC02,control,Session3,0405,data/extracted/torgo/FC02/Session3/pos/0405.pos,359,,,,0,0,4.706,1.891,,none
FC02,control,Session3,0406,data/extracted/torgo/FC02/Session3/pos/0406.pos,381,,,,0,2,11.962,4.345,,none
FC02,control,Session3,0407,data/extracted/torgo/FC02/Session3/pos/0407.pos,835,,,,0,0,9.734,3.015,,none
FC02,control,Session3,0408,data/extracted/torgo/FC02/Session3/pos/0408.pos,352,,,,0,0,8.041,3.18,,none
FC02,control,Session3,0409,data/extracted/torgo/FC02/Session3/pos/0409.pos,402,,,,0,0,5.822,2.828,,none
FC02,control,Session3,0410,data/extracted/torgo/FC02/Session3/pos/0410.pos,381,,,,0,0,6.777,3.667,,none
FC02,control,Session3,0411,data/extracted/torgo/FC02/Session3/pos/0411.pos,355,,,,0,0,6.756,2.066,,none
FC02,control,Session3,0412,data/extracted/torgo/FC02/Session3/pos/0412.pos,421,,,,0,0,8.562,3.665,,none
FC02,control,Session3,0413,data/extracted/torgo/FC02/Session3/pos/0413.pos,1024,,,,0,0,9.23,2.633,,none
FC02,control,Session3,0414,data/extracted/torgo/FC02/Session3/pos/0414.pos,462,,,,0,0,9.71,3.129,,none
FC02,control,Session3,0415,data/extracted/torgo/FC02/Session3/pos/0415.pos,657,,,,0,0,8.961,2.888,,none
FC02,control,Session3,0416,data/extracted/torgo/FC02/Session3/pos/0416.pos,780,,,,0,0,5.289,1.757,,none
FC02,control,Session3,0417,data/extracted/torgo/FC02/Session3/pos/0417.pos,378,,,,0,1,11.947,2.114,,none
FC02,control,Session3,0418,data/extracted/torgo/FC02/Session3/pos/0418.pos,375,,,,0,0,8.402,1.654,,none
FC02,control,Session3,0419,data/extracted/torgo/FC02/Session3/pos/0419.pos,372,,,,0,0,7.396,2.767,,none
FC02,control,Session3,0420,data/extracted/torgo/FC02/Session3/pos/0420.pos,860,,,,0,0,4.102,1.515,,none
FC02,control,Session3,0421,data/extracted/torgo/FC02/Session3/pos/0421.pos,452,,,,0,0,9.08,1.962,,none
FC02,control,Session3,0422,data/extracted/torgo/FC02/Session3/pos/0422.pos,859,,,,0,0,9.338,2.53,,none
FC02,control,Session3,0423,data/extracted/torgo/FC02/Session3/pos/0423.pos,396,,,,0,1,12.772,1.589,,none
FC02,control,Session3,0424,data/extracted/torgo/FC02/Session3/pos/0424.pos,492,,,,0,0,2.889,1.42,,none
FC02,control,Session3,0425,data/extracted/torgo/FC02/Session3/pos/0425.pos,382,,,,0,1,13.932,1.46,,none
FC02,control,Session3,0426,data/extracted/torgo/FC02/Session3/pos/0426.pos,390,,,,0,0,3.876,1.694,,none
FC02,control,Session3,0427,data/extracted/torgo/FC02/Session3/pos/0427.pos,369,,,,0,2,14.399,1.572,,none
FC02,control,Session3,0428,data/extracted/torgo/FC02/Session3/pos/0428.pos,447,,,,0,0,6.703,2.067,,none
FC02,control,Session3,0429,data/extracted/torgo/FC02/Session3/pos/0429.pos,857,,,,0,1,10.715,2.07,,none
FC02,control,Session3,0430,data/extracted/torgo/FC02/Session3/pos/0430.pos,694,,,,0,1,10.434,2.443,,none
FC02,control,Session3,0431,data/extracted/torgo/FC02/Session3/pos/0431.pos,375,,,,0,0,3.614,1.816,,none
FC02,control,Session3,0432,data/extracted/torgo/FC02/Session3/pos/0432.pos,753,,,,0,0,2.771,1.528,,none
FC02,control,Session3,0433,data/extracted/torgo/FC02/Session3/pos/0433.pos,376,,,,0,0,5.378,1.921,,none
FC02,control,Session3,0434,data/extracted/torgo/FC02/Session3/pos/0434.pos,360,,,,0,0,8.956,2.732,,none
FC02,control,Session3,0435,data/extracted/torgo/FC02/Session3/pos/0435.pos,600,,,,0,0,7.792,2.192,,none
FC02,control,Session3,0436,data/extracted/torgo/FC02/Session3/pos/0436.pos,409,,,,0,0,3.713,1.904,,none
FC02,control,Session3,0437,data/extracted/torgo/FC02/Session3/pos/0437.pos,375,,,,0,0,9.026,1.787,,none
FC02,control,Session3,0438,data/extracted/torgo/FC02/Session3/pos/0438.pos,1045,,,,0,1,10.276,2.629,,none
FC02,control,Session3,0439,data/extracted/torgo/FC02/Session3/pos/0439.pos,671,,,,0,0,2.303,1.288,,none
FC02,control,Session3,0440,data/extracted/torgo/FC02/Session3/pos/0440.pos,398,,,,0,0,2.36,1.21,,none
FC02,control,Session3,0441,data/extracted/torgo/FC02/Session3/pos/0441.pos,361,,,,0,0,2.416,1.291,,none
FC02,control,Session3,0442,data/extracted/torgo/FC02/Session3/pos/0442.pos,422,,,,0,0,2.182,1.439,,none
FC02,control,Session3,0443,data/extracted/torgo/FC02/Session3/pos/0443.pos,408,,,,0,0,2.486,1.584,,none
FC02,control,Session3,0444,data/extracted/torgo/FC02/Session3/pos/0444.pos,397,,,,0,0,3.41,1.614,,none
FC02,control,Session3,0445,data/extracted/torgo/FC02/Session3/pos/0445.pos,791,,,,0,0,3.491,1.604,,none
FC02,control,Session3,0446,data/extracted/torgo/FC02/Session3/pos/0446.pos,432,,,,0,0,3.226,1.504,,none
FC02,control,Session3,0447,data/extracted/torgo/FC02/Session3/pos/0447.pos,414,,,,0,0,2.711,1.397,,none
FC02,control,Session3,0448,data/extracted/torgo/FC02/Session3/pos/0448.pos,1253,,,,0,0,4.273,1.784,,none
FC02,control,Session3,0449,data/extracted/torgo/FC02/Session3/pos/0449.pos,394,,,,0,0,3.236,1.623,,none
FC02,control,Session3,0450,data/extracted/torgo/FC02/Session3/pos/0450.pos,854,,,,0,0,5.843,1.846,,none
FC02,control,Session3,0451,data/extracted/torgo/FC02/Session3/pos/0451.pos,365,,,,0,0,4.305,1.692,,none
FC02,control,Session3,0452,data/extracted/torgo/FC02/Session3/pos/0452.pos,662,,,,0,0,5.951,1.993,,none
FC02,control,Session3,0453,data/extracted/torgo/FC02/Session3/pos/0453.pos,760,,,,0,0,4.588,2.011,,none
FC02,control,Session3,0454,data/extracted/torgo/FC02/Session3/pos/0454.pos,454,,,,0,0,3.387,1.52,,none
FC02,control,Session3,0455,data/extracted/torgo/FC02/Session3/pos/0455.pos,361,,,,0,0,3.078,1.777,,none
FC02,control,Session3,0456,data/extracted/torgo/FC02/Session3/pos/0456.pos,365,,,,0,0,4.417,1.851,,none
FC02,control,Session3,0457,data/extracted/torgo/FC02/Session3/pos/0457.pos,651,,,,0,0,4.176,2.106,,none
FC02,control,Session3,0458,data/extracted/torgo/FC02/Session3/pos/0458.pos,658,,,,0,0,5.736,2.247,,none
FC02,control,Session3,0459,data/extracted/torgo/FC02/Session3/pos/0459.pos,372,,,,0,0,4.42,2.128,,none
FC02,control,Session3,0460,data/extracted/torgo/FC02/Session3/pos/0460.pos,392,,,,0,0,4.04,2.099,,none
FC02,control,Session3,0461,data/extracted/torgo/FC02/Session3/pos/0461.pos,696,,,,0,0,5.922,1.85,,none
FC02,control,Session3,0462,data/extracted/torgo/FC02/Session3/pos/0462.pos,778,,,,0,0,6.208,2.685,,none
FC02,control,Session3,0463,data/extracted/torgo/FC02/Session3/pos/0463.pos,558,,,,0,0,6.345,2.074,,none
FC02,control,Session3,0464,data/extracted/torgo/FC02/Session3/pos/0464.pos,413,,,,0,0,4.764,2.373,,none
FC02,control,Session3,0465,data/extracted/torgo/FC02/Session3/pos/0465.pos,368,,,,0,0,3.485,1.544,,none
FC02,control,Session3,0466,data/extracted/torgo/FC02/Session3/pos/0466.pos,403,,,,0,0,5.218,1.696,,none
FC02,control,Session3,0467,data/extracted/torgo/FC02/Session3/pos/0467.pos,355,,,,0,0,4.211,1.816,,none
FC02,control,Session3,0468,data/extracted/torgo/FC02/Session3/pos/0468.pos,949,,,,0,0,6.991,1.784,,none
FC02,control,Session3,0469,data/extracted/torgo/FC02/Session3/pos/0469.pos,587,,,,0,1,10.73,1.521,,none
FC02,control,Session3,0470,data/extracted/torgo/FC02/Session3/pos/0470.pos,368,,,,0,0,7.744,1.856,,none
FC02,control,Session3,0471,data/extracted/torgo/FC02/Session3/pos/0471.pos,362,,,,0,0,5.148,1.769,,none
FC02,control,Session3,0472,data/extracted/torgo/FC02/Session3/pos/0472.pos,348,,,,0,0,3.632,1.671,,none
FC02,control,Session3,0473,data/extracted/torgo/FC02/Session3/pos/0473.pos,798,,,,0,0,7.231,1.793,,none
FC02,control,Session3,0474,data/extracted/torgo/FC02/Session3/pos/0474.pos,363,,,,0,0,3.578,1.673,,none
FC02,control,Session3,0475,data/extracted/torgo/FC02/Session3/pos/0475.pos,396,,,,0,0,3.082,1.725,,none
FC02,control,Session3,0476,data/extracted/torgo/FC02/Session3/pos/0476.pos,376,,,,0,0,2.681,1.567,,none
FC02,control,Session3,0477,data/extracted/torgo/FC02/Session3/pos/0477.pos,825,,,1,1,2,30.447,1.572,large_position_step,medium
FC02,control,Session3,0478,data/extracted/torgo/FC02/Session3/pos/0478.pos,380,,,,0,0,2.45,1.486,,none
FC02,control,Session3,0479,data/extracted/torgo/FC02/Session3/pos/0479.pos,365,,,,0,0,3.127,1.754,,none
FC02,control,Session3,0480,data/extracted/torgo/FC02/Session3/pos/0480.pos,363,,,,0,0,3.093,1.63,,none
FC02,control,Session3,0481,data/extracted/torgo/FC02/Session3/pos/0481.pos,903,,,1,1,2,32.487,1.78,large_position_step,medium
FC02,control,Session3,0482,data/extracted/torgo/FC02/Session3/pos/0482.pos,63,,,,0,0,2.177,1.578,,none
FC02,control,Session3,0483,data/extracted/torgo/FC02/Session3/pos/0483.pos,418,,,,0,0,2.433,1.604,,none
FC02,control,Session3,0484,data/extracted/torgo/FC02/Session3/pos/0484.pos,1248,,,,0,0,4.496,1.655,,none
FC02,control,Session3,0485,data/extracted/torgo/FC02/Session3/pos/0485.pos,644,,,,0,0,2.625,1.6,,none
FC02,control,Session3,0486,data/extracted/torgo/FC02/Session3/pos/0486.pos,640,,,,0,1,10.699,1.712,,none
FC02,control,Session3,0487,data/extracted/torgo/FC02/Session3/pos/0487.pos,401,,,,0,0,2.986,1.714,,none
FC02,control,Session3,0488,data/extracted/torgo/FC02/Session3/pos/0488.pos,391,,,,0,0,3.252,1.71,,none
FC02,control,Session3,0489,data/extracted/torgo/FC02/Session3/pos/0489.pos,370,,,,0,0,2.99,1.759,,none
FC02,control,Session3,0490,data/extracted/torgo/FC02/Session3/pos/0490.pos,349,,,,0,0,2.829,1.618,,none
FC02,control,Session3,0491,data/extracted/torgo/FC02/Session3/pos/0491.pos,398,,,,0,0,8.116,3.212,,none
FC02,control,Session3,0492,data/extracted/torgo/FC02/Session3/pos/0492.pos,428,,,,0,0,6.64,2.573,,none
FC02,control,Session3,0493,data/extracted/torgo/FC02/Session3/pos/0493.pos,315,,,,0,0,3.737,1.864,,none
FC02,control,Session3,0494,data/extracted/torgo/FC02/Session3/pos/0494.pos,351,,,,0,0,2.872,1.636,,none
FC02,control,Session3,0495,data/extracted/torgo/FC02/Session3/pos/0495.pos,555,,,,0,0,3.893,1.723,,none
FC02,control,Session3,0496,data/extracted/torgo/FC02/Session3/pos/0496.pos,431,,,,0,0,9.909,1.727,,none
FC02,control,Session3,0497,data/extracted/torgo/FC02/Session3/pos/0497.pos,439,,,,0,0,3.689,1.598,,none
FC02,control,Session3,0498,data/extracted/torgo/FC02/Session3/pos/0498.pos,334,,,,0,0,6.682,2.31,,none
FC02,control,Session3,0499,data/extracted/torgo/FC02/Session3/pos/0499.pos,754,,,1,1,2,24.947,1.615,large_position_step,medium
FC02,control,Session3,0500,data/extracted/torgo/FC02/Session3/pos/0500.pos,399,,,,0,0,2.357,1.555,,none
FC02,control,Session3,0501,data/extracted/torgo/FC02/Session3/pos/0501.pos,376,,,,0,0,3.129,1.514,,none
FC02,control,Session3,0502,data/extracted/torgo/FC02/Session3/pos/0502.pos,339,,,,0,0,2.599,1.535,,none
FC02,control,Session3,0503,data/extracted/torgo/FC02/Session3/pos/0503.pos,925,,,,0,0,2.947,1.561,,none
FC02,control,Session3,0504,data/extracted/torgo/FC02/Session3/pos/0504.pos,342,,,,0,0,2.356,1.52,,none
FC02,control,Session3,0505,data/extracted/torgo/FC02/Session3/pos/0505.pos,345,,,,0,0,6.068,1.664,,none
FC02,control,Session3,0506,data/extracted/torgo/FC02/Session3/pos/0506.pos,347,,,,0,1,14.992,1.689,,none
FC02,control,Session3,0507,data/extracted/torgo/FC02/Session3/pos/0507.pos,323,,,,0,0,2.648,1.536,,none
FC02,control,Session3,0508,data/extracted/torgo/FC02/Session3/pos/0508.pos,1142,,,,0,0,3.632,1.662,,none
FC02,control,Session3,0509,data/extracted/torgo/FC02/Session3/pos/0509.pos,378,,,,0,1,12.107,1.829,,none
FC02,control,Session3,0510,data/extracted/torgo/FC02/Session3/pos/0510.pos,401,,,,0,0,4.275,2.401,,none
FC02,control,Session3,0511,data/extracted/torgo/FC02/Session3/pos/0511.pos,402,,,,0,0,9.685,3.341,,none
FC02,control,Session3,0512,data/extracted/torgo/FC02/Session3/pos/0512.pos,795,,,1,1,1,26.319,2.306,large_position_step,medium
FC02,control,Session3,0513,data/extracted/torgo/FC02/Session3/pos/0513.pos,369,,,,0,0,8.248,3.627,,none
FC02,control,Session3,0514,data/extracted/torgo/FC02/Session3/pos/0514.pos,382,,,,0,0,4.293,2.055,,none
FC02,control,Session3,0515,data/extracted/torgo/FC02/Session3/pos/0515.pos,752,,,,0,0,5.078,1.767,,none
FC02,control,Session3,0516,data/extracted/torgo/FC02/Session3/pos/0516.pos,448,,,,0,0,6.281,2.486,,none
FC02,control,Session3,0517,data/extracted/torgo/FC02/Session3/pos/0517.pos,360,,,,0,0,2.593,1.47,,none
FC02,control,Session3,0518,data/extracted/torgo/FC02/Session3/pos/0518.pos,458,,,,0,0,4.438,1.955,,none
FC02,control,Session3,0519,data/extracted/torgo/FC02/Session3/pos/0519.pos,451,,,,0,0,5.412,2.2,,none
FC02,control,Session3,0520,data/extracted/torgo/FC02/Session3/pos/0520.pos,395,,,,0,0,5.806,1.907,,none
FC02,control,Session3,0521,data/extracted/torgo/FC02/Session3/pos/0521.pos,372,,,,0,0,3.019,1.744,,none
FC02,control,Session3,0522,data/extracted/torgo/FC02/Session3/pos/0522.pos,411,,,,0,0,3.904,1.921,,none
FC02,control,Session3,0523,data/extracted/torgo/FC02/Session3/pos/0523.pos,354,,,,0,0,3.066,1.756,,none
FC02,control,Session3,0524,data/extracted/torgo/FC02/Session3/pos/0524.pos,373,,,,0,0,2.619,1.627,,none
FC02,control,Session3,0525,data/extracted/torgo/FC02/Session3/pos/0525.pos,423,,,,0,0,7.068,1.791,,none
FC02,control,Session3,0526,data/extracted/torgo/FC02/Session3/pos/0526.pos,372,,,,0,0,3.125,1.698,,none
FC02,control,Session3,0527,data/extracted/torgo/FC02/Session3/pos/0527.pos,389,,,,0,0,6.147,2.007,,none
FC02,control,Session3,0528,data/extracted/torgo/FC02/Session3/pos/0528.pos,406,,,1,1,1,25.698,1.822,large_position_step,medium
FC02,control,Session3,0529,data/extracted/torgo/FC02/Session3/pos/0529.pos,364,,,,0,0,8.826,1.927,,none
FC02,control,Session3,0530,data/extracted/torgo/FC02/Session3/pos/0530.pos,1014,,,,0,0,6.383,1.86,,none
FC02,control,Session3,0531,data/extracted/torgo/FC02/Session3/pos/0531.pos,390,,,,0,0,3.278,1.742,,none
FC02,control,Session3,0532,data/extracted/torgo/FC02/Session3/pos/0532.pos,906,,,,0,0,6.62,2.037,,none
FC02,control,Session3,0533,data/extracted/torgo/FC02/Session3/pos/0533.pos,396,,,,0,0,4.971,1.742,,none
FC02,control,Session3,0534,data/extracted/torgo/FC02/Session3/pos/0534.pos,376,,,,0,0,3.986,1.725,,none
FC02,control,Session3,0535,data/extracted/torgo/FC02/Session3/pos/0535.pos,408,,,1,1,1,26.495,1.823,large_position_step,medium
FC02,control,Session3,0536,data/extracted/torgo/FC02/Session3/pos/0536.pos,1039,,,,0,0,6.403,1.851,,none
FC02,control,Session3,0537,data/extracted/torgo/FC02/Session3/pos/0537.pos,447,,,,0,0,5.088,1.75,,none
FC02,control,Session3,0538,data/extracted/torgo/FC02/Session3/pos/0538.pos,389,,,,0,0,5.3,2.065,,none
FC02,control,Session3,0539,data/extracted/torgo/FC02/Session3/pos/0539.pos,427,,,,0,1,13.895,1.98,,none
FC02,control,Session3,0540,data/extracted/torgo/FC02/Session3/pos/0540.pos,1041,,,,0,0,5.984,1.849,,none
FC02,control,Session3,0541,data/extracted/torgo/FC02/Session3/pos/0541.pos,393,,,1,1,1,27.968,2.024,large_position_step,medium
FC02,control,Session3,0542,data/extracted/torgo/FC02/Session3/pos/0542.pos,409,,,,0,0,4.045,2.076,,none
FC02,control,Session3,0543,data/extracted/torgo/FC02/Session3/pos/0543.pos,436,,,,0,0,3.118,1.714,,none
FC02,control,Session3,0544,data/extracted/torgo/FC02/Session3/pos/0544.pos,1086,,,1,1,1,28.784,2.079,large_position_step,medium
FC02,control,Session3,0545,data/extracted/torgo/FC02/Session3/pos/0545.pos,1091,,,1,1,1,31.034,2.088,large_position_step,medium
FC02,control,Session3,0546,data/extracted/torgo/FC02/Session3/pos/0546.pos,477,,,,0,0,4.222,1.641,,none
FC02,control,Session3,0547,data/extracted/torgo/FC02/Session3/pos/0547.pos,408,,,,0,0,2.98,1.772,,none
FC02,control,Session3,0548,data/extracted/torgo/FC02/Session3/pos/0548.pos,754,,,,0,0,3.931,1.907,,none
FC02,control,Session3,0549,data/extracted/torgo/FC02/Session3/pos/0549.pos,433,,,,0,0,7.434,1.722,,none
FC02,control,Session3,0550,data/extracted/torgo/FC02/Session3/pos/0550.pos,392,,,,0,0,2.962,1.742,,none
FC02,control,Session3,0551,data/extracted/torgo/FC02/Session3/pos/0551.pos,394,,,,0,0,4.963,1.811,,none
FC02,control,Session3,0552,data/extracted/torgo/FC02/Session3/pos/0552.pos,330,,,,0,0,3.202,1.591,,none
FC02,control,Session3,0553,data/extracted/torgo/FC02/Session3/pos/0553.pos,373,,,,0,0,3.366,1.942,,none
FC02,control,Session3,0554,data/extracted/torgo/FC02/Session3/pos/0554.pos,858,,,,0,0,3.457,1.949,,none
FC02,control,Session3,0555,data/extracted/torgo/FC02/Session3/pos/0555.pos,477,,,,0,1,11.813,1.849,,none
FC02,control,Session3,0557,data/extracted/torgo/FC02/Session3/pos/0557.pos,815,,,,0,1,11.41,1.912,,none
FC02,control,Session3,0558,data/extracted/torgo/FC02/Session3/pos/0558.pos,435,,,,0,1,11.339,1.938,,none
FC02,control,Session3,0559,data/extracted/torgo/FC02/Session3/pos/0559.pos,387,,,,0,0,2.871,1.859,,none
FC02,control,Session3,0560,data/extracted/torgo/FC02/Session3/pos/0560.pos,628,,,,0,0,3.131,1.957,,none
FC02,control,Session3,0561,data/extracted/torgo/FC02/Session3/pos/0561.pos,412,,,,0,0,4.005,2.004,,none
FC02,control,Session3,0562,data/extracted/torgo/FC02/Session3/pos/0562.pos,389,,,,0,1,11.875,2.31,,none
FC02,control,Session3,0563,data/extracted/torgo/FC02/Session3/pos/0563.pos,365,,,,0,2,17.931,1.953,,none
FC02,control,Session3,0564,data/extracted/torgo/FC02/Session3/pos/0564.pos,386,,,,0,0,8.437,2.423,,none
FC02,control,Session3,0565,data/extracted/torgo/FC02/Session3/pos/0565.pos,1262,,,,0,0,6.87,2.144,,none
FC02,control,Session3,0566,data/extracted/torgo/FC02/Session3/pos/0566.pos,458,,,,0,1,11.515,1.855,,none
FC02,control,Session3,0567,data/extracted/torgo/FC02/Session3/pos/0567.pos,422,,,,0,0,3.426,1.874,,none
FC02,control,Session3,0568,data/extracted/torgo/FC02/Session3/pos/0568.pos,391,,,,0,0,3.227,2.013,,none
FC02,control,Session3,0569,data/extracted/torgo/FC02/Session3/pos/0569.pos,429,,,,0,0,4.585,2.136,,none
FC02,control,Session3,0570,data/extracted/torgo/FC02/Session3/pos/0570.pos,729,,,,0,0,8.16,2.18,,none
FC02,control,Session3,0571,data/extracted/torgo/FC02/Session3/pos/0571.pos,406,,,,0,1,16.534,1.883,,none
FC02,control,Session3,0572,data/extracted/torgo/FC02/Session3/pos/0572.pos,421,,,,0,0,4.218,2.04,,none
FC02,control,Session3,0573,data/extracted/torgo/FC02/Session3/pos/0573.pos,792,,,1,1,4,28.459,2.201,large_position_step,medium
FC02,control,Session3,0574,data/extracted/torgo/FC02/Session3/pos/0574.pos,382,,,,0,1,12.124,2.004,,none
FC02,control,Session3,0575,data/extracted/torgo/FC02/Session3/pos/0575.pos,354,,,,0,0,5.579,1.808,,none
FC02,control,Session3,0576,data/extracted/torgo/FC02/Session3/pos/0576.pos,380,,,1,1,1,25.547,1.887,large_position_step,medium
FC02,control,Session3,0577,data/extracted/torgo/FC02/Session3/pos/0577.pos,365,,,,0,0,9.942,2.51,,none
FC02,control,Session3,0578,data/extracted/torgo/FC02/Session3/pos/0578.pos,362,,,,0,0,4.806,2.088,,none
FC02,control,Session3,0579,data/extracted/torgo/FC02/Session3/pos/0579.pos,353,,,,0,0,3.712,2.002,,none
FC02,control,Session3,0580,data/extracted/torgo/FC02/Session3/pos/0580.pos,1431,,,,0,3,14.192,2.308,,none
FC02,control,Session3,0581,data/extracted/torgo/FC02/Session3/pos/0581.pos,424,,,,0,0,8.461,1.934,,none
FC02,control,Session3,0582,data/extracted/torgo/FC02/Session3/pos/0582.pos,404,,,,0,0,4.95,1.848,,none
FC02,control,Session3,0583,data/extracted/torgo/FC02/Session3/pos/0583.pos,379,,,,0,0,4.743,2.207,,none
FC02,control,Session3,0584,data/extracted/torgo/FC02/Session3/pos/0584.pos,389,,,1,1,2,26.081,2.248,large_position_step,medium
FC02,control,Session3,0585,data/extracted/torgo/FC02/Session3/pos/0585.pos,379,,,,0,0,9.417,2.42,,none
FC02,control,Session3,0586,data/extracted/torgo/FC02/Session3/pos/0586.pos,691,,,,0,1,15.374,2.064,,none
FC02,control,Session3,0587,data/extracted/torgo/FC02/Session3/pos/0587.pos,375,,,,0,1,12.178,2.138,,none
FC02,control,Session3,0588,data/extracted/torgo/FC02/Session3/pos/0588.pos,405,,,2,1,1,24.686,2.306,large_position_step,medium
FC02,control,Session3,0589,data/extracted/torgo/FC02/Session3/pos/0589.pos,346,,,,0,0,5.044,2.159,,none
FC02,control,Session3,0590,data/extracted/torgo/FC02/Session3/pos/0590.pos,848,,,,0,1,10.342,2.146,,none
FC02,control,Session3,0591,data/extracted/torgo/FC02/Session3/pos/0591.pos,367,,,,0,1,10.882,2.126,,none
FC02,control,Session3,0592,data/extracted/torgo/FC02/Session3/pos/0592.pos,531,,,,0,1,12.39,2.001,,none
FC02,control,Session3,0593,data/extracted/torgo/FC02/Session3/pos/0593.pos,603,,,,0,0,8.562,2.472,,none
FC02,control,Session3,0594,data/extracted/torgo/FC02/Session3/pos/0594.pos,838,,,,0,4,19.499,2.1,,none
FC02,control,Session3,0595,data/extracted/torgo/FC02/Session3/pos/0595.pos,383,,,,0,0,5.107,2.308,,none
FC02,control,Session3,0596,data/extracted/torgo/FC02/Session3/pos/0596.pos,355,,,,0,0,2.888,1.859,,none
FC02,control,Session3,0597,data/extracted/torgo/FC02/Session3/pos/0597.pos,416,,,,0,0,3.943,1.856,,none
FC02,control,Session3,0598,data/extracted/torgo/FC02/Session3/pos/0598.pos,63,,,,0,0,2.524,1.887,,none
FC02,control,Session3,0599,data/extracted/torgo/FC02/Session3/pos/0599.pos,412,,,,0,1,11.356,1.938,,none
FC02,control,Session3,0600,data/extracted/torgo/FC02/Session3/pos/0600.pos,388,,,,0,0,1.628,1.111,,none
FC02,control,Session3,0601,data/extracted/torgo/FC02/Session3/pos/0601.pos,603,,,,0,0,2.324,1.103,,none
FC02,control,Session3,0602,data/extracted/torgo/FC02/Session3/pos/0602.pos,376,,,,0,0,2.283,1.033,,none
FC02,control,Session3,0603,data/extracted/torgo/FC02/Session3/pos/0603.pos,358,,,,0,0,1.914,1.106,,none
FC02,control,Session3,0604,data/extracted/torgo/FC02/Session3/pos/0604.pos,393,,,,0,0,1.639,0.967,,none
FC02,control,Session3,0605,data/extracted/torgo/FC02/Session3/pos/0605.pos,835,,,,0,0,1.704,1.031,,none
FC02,control,Session3,0606,data/extracted/torgo/FC02/Session3/pos/0606.pos,675,,,,0,0,1.777,1.071,,none
FC02,control,Session3,0607,data/extracted/torgo/FC02/Session3/pos/0607.pos,680,,,,0,0,1.824,1.033,,none
FC02,control,Session3,0608,data/extracted/torgo/FC02/Session3/pos/0608.pos,367,,,,0,0,1.919,1.04,,none
FC02,control,Session3,0609,data/extracted/torgo/FC02/Session3/pos/0609.pos,345,,,,0,0,1.667,1.078,,none
FC02,control,Session3,0610,data/extracted/torgo/FC02/Session3/pos/0610.pos,389,,,,0,0,1.698,1.02,,none
FC02,control,Session3,0611,data/extracted/torgo/FC02/Session3/pos/0611.pos,328,,,,0,0,1.624,1.068,,none
FC02,control,Session3,0612,data/extracted/torgo/FC02/Session3/pos/0612.pos,409,,,,0,0,1.624,1.034,,none
FC02,control,Session3,0613,data/extracted/torgo/FC02/Session3/pos/0613.pos,386,,,,0,0,1.883,0.972,,none
FC02,control,Session3,0614,data/extracted/torgo/FC02/Session3/pos/0614.pos,719,,,,0,0,1.924,1.156,,none
FC02,control,Session3,0615,data/extracted/torgo/FC02/Session3/pos/0615.pos,683,,,,0,0,1.867,1.141,,none
FC02,control,Session3,0616,data/extracted/torgo/FC02/Session3/pos/0616.pos,386,,,,0,0,1.743,1.078,,none
FC02,control,Session3,0617,data/extracted/torgo/FC02/Session3/pos/0617.pos,346,,,,0,0,2.051,1.023,,none
FC02,control,Session3,0618,data/extracted/torgo/FC02/Session3/pos/0618.pos,586,,,,0,0,1.674,1.082,,none
FC02,control,Session3,0619,data/extracted/torgo/FC02/Session3/pos/0619.pos,346,,,,0,0,1.833,1.001,,none
FC02,control,Session3,0620,data/extracted/torgo/FC02/Session3/pos/0620.pos,877,,,,0,0,1.737,1.016,,none
FC02,control,Session3,0621,data/extracted/torgo/FC02/Session3/pos/0621.pos,885,,,,0,0,2.199,1.026,,none
FC02,control,Session3,0622,data/extracted/torgo/FC02/Session3/pos/0622.pos,784,,,,0,0,2.46,1.074,,none
FC02,control,Session3,0623,data/extracted/torgo/FC02/Session3/pos/0623.pos,1070,,,,0,0,2.198,1.055,,none
FC02,control,Session3,0624,data/extracted/torgo/FC02/Session3/pos/0624.pos,400,,,,0,0,1.587,1.044,,none
FC02,control,Session3,0625,data/extracted/torgo/FC02/Session3/pos/0625.pos,388,,,,0,0,1.721,1.023,,none
FC02,control,Session3,0626,data/extracted/torgo/FC02/Session3/pos/0626.pos,344,,,,0,0,1.563,0.937,,none
FC02,control,Session3,0627,data/extracted/torgo/FC02/Session3/pos/0627.pos,353,,,,0,0,1.92,1.036,,none
FC02,control,Session3,0628,data/extracted/torgo/FC02/Session3/pos/0628.pos,814,,,,0,0,1.732,1.098,,none
FC02,control,Session3,0629,data/extracted/torgo/FC02/Session3/pos/0629.pos,1177,,,,0,0,2.077,1.103,,none
FC02,control,Session3,0630,data/extracted/torgo/FC02/Session3/pos/0630.pos,340,,,,0,0,1.711,1.105,,none
FC02,control,Session3,0631,data/extracted/torgo/FC02/Session3/pos/0631.pos,337,,,,0,0,1.722,1.105,,none
FC02,control,Session3,0632,data/extracted/torgo/FC02/Session3/pos/0632.pos,410,,,3,1,1,48.877,1.176,large_position_step,medium
FC02,control,Session3,0633,data/extracted/torgo/FC02/Session3/pos/0633.pos,320,,,,0,0,1.711,1.113,,none
FC02,control,Session3,0634,data/extracted/torgo/FC02/Session3/pos/0634.pos,372,,,,0,0,1.712,1.049,,none
FC02,control,Session3,0635,data/extracted/torgo/FC02/Session3/pos/0635.pos,532,,,,0,0,1.903,1.011,,none
FC02,control,Session3,0636,data/extracted/torgo/FC02/Session3/pos/0636.pos,351,,,,0,0,1.571,1.026,,none
FC02,control,Session3,0637,data/extracted/torgo/FC02/Session3/pos/0637.pos,512,,,,0,0,2.235,1.078,,none
FC02,control,Session3,0638,data/extracted/torgo/FC02/Session3/pos/0638.pos,1283,,,,0,0,2.035,1.041,,none
FC02,control,Session3,0639,data/extracted/torgo/FC02/Session3/pos/0639.pos,372,,,,0,0,1.636,1.028,,none
FC02,control,Session3,0640,data/extracted/torgo/FC02/Session3/pos/0640.pos,356,,,,0,0,1.564,1.057,,none
FC02,control,Session3,0641,data/extracted/torgo/FC02/Session3/pos/0641.pos,503,,,,0,0,1.66,1.055,,none
FC02,control,Session3,0642,data/extracted/torgo/FC02/Session3/pos/0642.pos,937,,,,0,0,1.945,1.066,,none
FC02,control,Session3,0643,data/extracted/torgo/FC02/Session3/pos/0643.pos,410,,,3,2,6,72.114,3.843,large_position_step,medium
FC02,control,Session3,0644,data/extracted/torgo/FC02/Session3/pos/0644.pos,949,,,,0,0,1.788,1.102,,none
FC02,control,Session3,0645,data/extracted/torgo/FC02/Session3/pos/0645.pos,390,,,,0,0,1.871,1.005,,none
FC02,control,Session3,0646,data/extracted/torgo/FC02/Session3/pos/0646.pos,343,,,,0,0,1.637,1.047,,none
FC02,control,Session3,0647,data/extracted/torgo/FC02/Session3/pos/0647.pos,407,,,,0,0,1.703,1.019,,none
FC02,control,Session3,0648,data/extracted/torgo/FC02/Session3/pos/0648.pos,367,,,,0,0,2.061,1.065,,none
FC02,control,Session3,0649,data/extracted/torgo/FC02/Session3/pos/0649.pos,387,,,,0,0,1.669,1.034,,none
FC02,control,Session3,0650,data/extracted/torgo/FC02/Session3/pos/0650.pos,352,,,,0,0,2.017,1.033,,none
FC02,control,Session3,0651,data/extracted/torgo/FC02/Session3/pos/0651.pos,396,,,,0,0,1.828,1.032,,none
FC02,control,Session3,0652,data/extracted/torgo/FC02/Session3/pos/0652.pos,376,,,,0,0,1.741,1.032,,none
FC02,control,Session3,0653,data/extracted/torgo/FC02/Session3/pos/0653.pos,395,,,,0,0,1.593,1.068,,none
FC02,control,Session3,0654,data/extracted/torgo/FC02/Session3/pos/0654.pos,401,,,,0,0,1.681,1.056,,none
FC02,control,Session3,0655,data/extracted/torgo/FC02/Session3/pos/0655.pos,425,,,3,1,1,38.436,1.154,large_position_step,medium
FC02,control,Session3,0656,data/extracted/torgo/FC02/Session3/pos/0656.pos,372,,,,0,0,1.85,1.088,,none
FC02,control,Session3,0657,data/extracted/torgo/FC02/Session3/pos/0657.pos,360,,,,0,0,1.623,1.081,,none
FC02,control,Session3,0658,data/extracted/torgo/FC02/Session3/pos/0658.pos,727,,,,0,0,2.122,1.127,,none
FC02,control,Session3,0659,data/extracted/torgo/FC02/Session3/pos/0659.pos,740,,,,0,1,15.597,1.325,,none
FC02,control,Session3,0660,data/extracted/torgo/FC02/Session3/pos/0660.pos,424,,,,0,0,1.776,0.978,,none
FC02,control,Session3,0661,data/extracted/torgo/FC02/Session3/pos/0661.pos,435,,,,0,0,1.65,1.127,,none
FC02,control,Session3,0662,data/extracted/torgo/FC02/Session3/pos/0662.pos,620,,,,0,0,1.694,1.03,,none
FC02,control,Session3,0663,data/extracted/torgo/FC02/Session3/pos/0663.pos,427,,,,0,0,1.916,1.031,,none
FC02,control,Session3,0664,data/extracted/torgo/FC02/Session3/pos/0664.pos,63,,,,0,0,1.607,1.322,,none
FC02,control,Session3,0665,data/extracted/torgo/FC02/Session3/pos/0665.pos,517,,,,0,0,1.756,1.094,,none
FC02,control,Session3,0666,data/extracted/torgo/FC02/Session3/pos/0666.pos,473,,,,0,0,1.731,1.045,,none
FC02,control,Session3,0667,data/extracted/torgo/FC02/Session3/pos/0667.pos,441,,,,0,0,1.788,1.063,,none
FC02,control,Session3,0668,data/extracted/torgo/FC02/Session3/pos/0668.pos,613,,,,0,0,1.955,1.191,,none
FC02,control,Session3,0669,data/extracted/torgo/FC02/Session3/pos/0669.pos,394,,,,0,0,1.837,1.128,,none
FC02,control,Session3,0670,data/extracted/torgo/FC02/Session3/pos/0670.pos,405,,,,0,0,1.986,1.043,,none
FC02,control,Session3,0671,data/extracted/torgo/FC02/Session3/pos/0671.pos,605,,,,0,0,1.882,1.153,,none
FC02,control,Session3,0672,data/extracted/torgo/FC02/Session3/pos/0672.pos,392,,,,0,0,1.89,1.117,,none
FC02,control,Session3,0673,data/extracted/torgo/FC02/Session3/pos/0673.pos,544,,,,0,0,2.002,1.095,,none
FC02,control,Session3,0674,data/extracted/torgo/FC02/Session3/pos/0674.pos,451,,,,0,0,1.931,1.14,,none
FC02,control,Session3,0675,data/extracted/torgo/FC02/Session3/pos/0675.pos,376,,,,0,0,1.689,1.14,,none
FC02,control,Session3,0676,data/extracted/torgo/FC02/Session3/pos/0676.pos,365,,,,0,0,2.377,1.197,,none
FC02,control,Session3,0677,data/extracted/torgo/FC02/Session3/pos/0677.pos,782,,,,0,0,1.815,1.153,,none
FC02,control,Session3,0678,data/extracted/torgo/FC02/Session3/pos/0678.pos,1137,,,,0,0,4.045,1.275,,none
FC02,control,Session3,0679,data/extracted/torgo/FC02/Session3/pos/0679.pos,432,,,,0,0,1.688,1.097,,none
FC02,control,Session3,0680,data/extracted/torgo/FC02/Session3/pos/0680.pos,415,,,,0,0,2.34,1.18,,none
FC02,control,Session3,0681,data/extracted/torgo/FC02/Session3/pos/0681.pos,427,,,,0,0,2.022,1.118,,none
FC02,control,Session3,0682,data/extracted/torgo/FC02/Session3/pos/0682.pos,360,,,,0,0,1.604,1.081,,none
FC02,control,Session3,0683,data/extracted/torgo/FC02/Session3/pos/0683.pos,601,,,,0,0,2.171,1.227,,none
FC02,control,Session3,0684,data/extracted/torgo/FC02/Session3/pos/0684.pos,393,,,3,2,4,89.616,1.284,large_position_step,medium
FC02,control,Session3,0685,data/extracted/torgo/FC02/Session3/pos/0685.pos,382,,,,0,0,2.012,1.214,,none
FC02,control,Session3,0686,data/extracted/torgo/FC02/Session3/pos/0686.pos,389,,,,0,0,1.743,1.089,,none
FC02,control,Session3,0687,data/extracted/torgo/FC02/Session3/pos/0687.pos,852,,,,0,0,1.86,1.171,,none
FC02,control,Session3,0688,data/extracted/torgo/FC02/Session3/pos/0688.pos,447,,,,0,0,1.867,1.169,,none
FC02,control,Session3,0689,data/extracted/torgo/FC02/Session3/pos/0689.pos,603,,,3,1,1,53.187,1.206,large_position_step,medium
FC02,control,Session3,0690,data/extracted/torgo/FC02/Session3/pos/0690.pos,404,,,3,1,1,77.938,1.197,large_position_step,medium
FC02,control,Session3,0691,data/extracted/torgo/FC02/Session3/pos/0691.pos,386,,,3,1,1,54.688,1.194,large_position_step,medium
FC02,control,Session3,0692,data/extracted/torgo/FC02/Session3/pos/0692.pos,665,,,,0,0,1.874,1.147,,none
FC02,control,Session3,0693,data/extracted/torgo/FC02/Session3/pos/0693.pos,410,,,,0,0,1.996,1.156,,none
FC02,control,Session3,0694,data/extracted/torgo/FC02/Session3/pos/0694.pos,407,,,,0,0,1.935,1.138,,none
FC02,control,Session3,0695,data/extracted/torgo/FC02/Session3/pos/0695.pos,816,,,,0,0,1.911,1.192,,none
FC02,control,Session3,0696,data/extracted/torgo/FC02/Session3/pos/0696.pos,432,,,3,1,1,69.673,1.162,large_position_step,medium
FC02,control,Session3,0697,data/extracted/torgo/FC02/Session3/pos/0697.pos,379,,,3,1,2,85.169,1.305,large_position_step,medium
FC02,control,Session3,0698,data/extracted/torgo/FC02/Session3/pos/0698.pos,705,,,,0,0,2.136,1.112,,none
FC02,control,Session3,0699,data/extracted/torgo/FC02/Session3/pos/0699.pos,751,,,3,2,2,48.47,1.135,large_position_step,medium
FC02,control,Session3,0700,data/extracted/torgo/FC02/Session3/pos/0700.pos,698,,,,0,0,2.078,1.109,,none
FC02,control,Session3,0701,data/extracted/torgo/FC02/Session3/pos/0701.pos,589,,,,0,0,2.061,1.171,,none
FC02,control,Session3,0702,data/extracted/torgo/FC02/Session3/pos/0702.pos,405,,,3,1,1,50.778,1.18,large_position_step,medium
FC02,control,Session3,0703,data/extracted/torgo/FC02/Session3/pos/0703.pos,417,,,,0,0,1.985,1.12,,none
FC02,control,Session3,0704,data/extracted/torgo/FC02/Session3/pos/0704.pos,403,,,3,2,2,45.078,1.164,large_position_step,medium
FC02,control,Session3,0705,data/extracted/torgo/FC02/Session3/pos/0705.pos,443,,,,0,0,1.901,1.043,,none
FC02,control,Session3,0706,data/extracted/torgo/FC02/Session3/pos/0706.pos,493,,,,0,0,1.899,1.145,,none
FC02,control,Session3,0707,data/extracted/torgo/FC02/Session3/pos/0707.pos,444,,,3,2,2,56.344,1.246,large_position_step,medium
FC02,control,Session3,0708,data/extracted/torgo/FC02/Session3/pos/0708.pos,877,,,,0,0,1.847,1.179,,none
FC02,control,Session3,0709,data/extracted/torgo/FC02/Session3/pos/0709.pos,344,,,3,1,2,37.565,1.073,large_position_step,medium
FC02,control,Session3,0710,data/extracted/torgo/FC02/Session3/pos/0710.pos,320,,,,0,0,1.91,1.183,,none
FC02,control,Session3,0711,data/extracted/torgo/FC02/Session3/pos/0711.pos,363,,,,0,0,2.387,1.203,,none
FC02,control,Session3,0712,data/extracted/torgo/FC02/Session3/pos/0712.pos,361,,,,0,0,1.873,1.106,,none
FC02,control,Session3,0713,data/extracted/torgo/FC02/Session3/pos/0713.pos,443,,,,0,0,1.927,1.079,,none
FC02,control,Session3,0714,data/extracted/torgo/FC02/Session3/pos/0714.pos,754,,,,0,0,2.22,1.132,,none
FC02,control,Session3,0715,data/extracted/torgo/FC02/Session3/pos/0715.pos,377,,,,0,0,1.713,1.128,,none
FC02,control,Session3,0716,data/extracted/torgo/FC02/Session3/pos/0716.pos,1432,,,,0,0,1.989,1.202,,none
FC02,control,Session3,0717,data/extracted/torgo/FC02/Session3/pos/0717.pos,416,,,3,1,1,55.781,1.164,large_position_step,medium
FC02,control,Session3,0718,data/extracted/torgo/FC02/Session3/pos/0718.pos,367,,,,0,0,1.902,1.108,,none
FC02,control,Session3,0719,data/extracted/torgo/FC02/Session3/pos/0719.pos,412,,,,0,0,1.704,1.046,,none
FC02,control,Session3,0720,data/extracted/torgo/FC02/Session3/pos/0720.pos,359,,,3,1,1,62.567,1.111,large_position_step,medium
FC02,control,Session3,0721,data/extracted/torgo/FC02/Session3/pos/0721.pos,372,,,,0,0,2.051,1.1,,none
FC02,control,Session3,0722,data/extracted/torgo/FC02/Session3/pos/0722.pos,564,,,3,1,2,88.818,1.146,large_position_step,medium
FC02,control,Session3,0723,data/extracted/torgo/FC02/Session3/pos/0723.pos,747,,,,0,0,1.881,1.085,,none
FC02,control,Session3,0724,data/extracted/torgo/FC02/Session3/pos/0724.pos,779,,,3,2,2,26.947,1.199,large_position_step,medium
FC02,control,Session3,0725,data/extracted/torgo/FC02/Session3/pos/0725.pos,357,,,,0,0,1.6,1.021,,none
FC02,control,Session3,0726,data/extracted/torgo/FC02/Session3/pos/0726.pos,682,,,,0,0,1.966,1.088,,none
FC02,control,Session3,0727,data/extracted/torgo/FC02/Session3/pos/0727.pos,376,,,3,1,1,48.573,1.146,large_position_step,medium
FC02,control,Session3,0728,data/extracted/torgo/FC02/Session3/pos/0728.pos,363,,,,0,0,1.745,1.107,,none
FC02,control,Session3,0729,data/extracted/torgo/FC02/Session3/pos/0729.pos,448,,,3,1,1,40.952,1.097,large_position_step,medium
FC02,control,Session3,0730,data/extracted/torgo/FC02/Session3/pos/0730.pos,372,,,3,1,2,73.541,1.228,large_position_step,medium
FC02,control,Session3,0731,data/extracted/torgo/FC02/Session3/pos/0731.pos,1017,,,,0,0,2.04,1.149,,none
FC02,control,Session3,0732,data/extracted/torgo/FC02/Session3/pos/0732.pos,375,,,,0,0,1.888,1.04,,none
FC02,control,Session3,0733,data/extracted/torgo/FC02/Session3/pos/0733.pos,733,,,,0,0,2.065,1.156,,none
FC02,control,Session3,0734,data/extracted/torgo/FC02/Session3/pos/0734.pos,692,,,,0,0,2.227,1.124,,none
FC02,control,Session3,0735,data/extracted/torgo/FC02/Session3/pos/0735.pos,371,,,3,1,1,56.305,1.118,large_position_step,medium
FC02,control,Session3,0736,data/extracted/torgo/FC02/Session3/pos/0736.pos,343,,,,0,0,1.927,1.17,,none
FC02,control,Session3,0737,data/extracted/torgo/FC02/Session3/pos/0737.pos,1227,,,,0,0,2.15,1.146,,none
FC02,control,Session3,0738,data/extracted/torgo/FC02/Session3/pos/0738.pos,348,,,,0,0,1.893,1.064,,none
FC02,control,Session3,0739,data/extracted/torgo/FC02/Session3/pos/0739.pos,340,,,,0,0,1.667,1.047,,none
FC02,control,Session3,0740,data/extracted/torgo/FC02/Session3/pos/0740.pos,413,,,3,1,2,28.939,1.109,large_position_step,medium
FC02,control,Session3,0741,data/extracted/torgo/FC02/Session3/pos/0741.pos,392,,,,0,0,1.763,1.151,,none
FC02,control,Session3,0742,data/extracted/torgo/FC02/Session3/pos/0742.pos,394,,,,0,0,2.123,1.115,,none
FC02,control,Session3,0743,data/extracted/torgo/FC02/Session3/pos/0743.pos,700,,,,0,0,1.854,1.127,,none
FC02,control,Session3,0744,data/extracted/torgo/FC02/Session3/pos/0744.pos,407,,,,0,0,2.815,1.179,,none
FC02,control,Session3,0745,data/extracted/torgo/FC02/Session3/pos/0745.pos,339,,,3,1,2,37.418,1.256,large_position_step,medium
FC02,control,Session3,0746,data/extracted/torgo/FC02/Session3/pos/0746.pos,397,,,,0,0,2.263,1.196,,none
FC02,control,Session3,0747,data/extracted/torgo/FC02/Session3/pos/0747.pos,378,,,3,2,3,77.463,1.484,large_position_step,medium
FC02,control,Session3,0748,data/extracted/torgo/FC02/Session3/pos/0748.pos,355,,,,0,0,1.93,1.216,,none
FC02,control,Session3,0749,data/extracted/torgo/FC02/Session3/pos/0749.pos,379,,,3,1,1,34.517,1.236,large_position_step,medium
FC02,control,Session3,0750,data/extracted/torgo/FC02/Session3/pos/0750.pos,379,,,3,1,1,30.166,1.285,large_position_step,medium
FC02,control,Session3,0751,data/extracted/torgo/FC02/Session3/pos/0751.pos,411,,,3,1,2,45.528,1.341,large_position_step,medium
FC02,control,Session3,0752,data/extracted/torgo/FC02/Session3/pos/0752.pos,828,,,3,1,1,34.581,1.241,large_position_step,medium
FC02,control,Session3,0753,data/extracted/torgo/FC02/Session3/pos/0753.pos,643,,,,0,0,2.328,1.262,,none
FC02,control,Session3,0754,data/extracted/torgo/FC02/Session3/pos/0754.pos,438,,,3,1,2,36.979,1.222,large_position_step,medium
FC02,control,Session3,0755,data/extracted/torgo/FC02/Session3/pos/0755.pos,783,,,,0,0,2.313,1.291,,none
FC02,control,Session3,0756,data/extracted/torgo/FC02/Session3/pos/0756.pos,424,,,,0,0,1.828,1.161,,none
FC02,control,Session3,0757,data/extracted/torgo/FC02/Session3/pos/0757.pos,383,,,,0,0,1.981,1.335,,none
FC02,control,Session3,0758,data/extracted/torgo/FC02/Session3/pos/0758.pos,358,,,3,2,4,44.166,1.688,large_position_step,medium
FC02,control,Session3,0759,data/extracted/torgo/FC02/Session3/pos/0759.pos,871,,,3,2,2,66.183,1.325,large_position_step,medium
FC02,control,Session3,0760,data/extracted/torgo/FC02/Session3/pos/0760.pos,421,,,3,2,3,65.186,1.369,large_position_step,medium
FC02,control,Session3,0761,data/extracted/torgo/FC02/Session3/pos/0761.pos,731,,,,0,0,2.194,1.293,,none
FC02,control,Session3,0762,data/extracted/torgo/FC02/Session3/pos/0762.pos,386,,,3,1,2,41.016,1.354,large_position_step,medium
FC02,control,Session3,0763,data/extracted/torgo/FC02/Session3/pos/0763.pos,693,,,3,1,1,42.008,1.334,large_position_step,medium
FC02,control,Session3,0764,data/extracted/torgo/FC02/Session3/pos/0764.pos,768,,,,0,0,2.156,1.267,,none
FC02,control,Session3,0765,data/extracted/torgo/FC02/Session3/pos/0765.pos,397,,,,0,0,2.024,1.307,,none
FC02,control,Session3,0766,data/extracted/torgo/FC02/Session3/pos/0766.pos,370,,,,0,0,2.075,1.33,,none
FC02,control,Session3,0767,data/extracted/torgo/FC02/Session3/pos/0767.pos,365,,,3,1,1,39.76,1.265,large_position_step,medium
FC02,control,Session3,0768,data/extracted/torgo/FC02/Session3/pos/0768.pos,399,,,,0,0,2.145,1.224,,none
FC02,control,Session3,0769,data/extracted/torgo/FC02/Session3/pos/0769.pos,808,,,,0,0,1.899,1.303,,none
FC02,control,Session3,0770,data/extracted/torgo/FC02/Session3/pos/0770.pos,397,,,3,1,1,98.103,1.545,large_position_step,medium
FC02,control,Session3,0771,data/extracted/torgo/FC02/Session3/pos/0771.pos,406,,,3,1,1,31.879,1.281,large_position_step,medium
FC02,control,Session3,0772,data/extracted/torgo/FC02/Session3/pos/0772.pos,431,,,,0,0,1.839,1.246,,none
FC02,control,Session3,0773,data/extracted/torgo/FC02/Session3/pos/0773.pos,442,,,3,2,2,28.287,1.378,large_position_step,medium
FC02,control,Session3,0774,data/extracted/torgo/FC02/Session3/pos/0774.pos,359,,,3,1,2,28.838,1.328,large_position_step,medium
FC02,control,Session3,0775,data/extracted/torgo/FC02/Session3/pos/0775.pos,1358,,,,0,0,2.197,1.33,,none
FC02,control,Session3,0776,data/extracted/torgo/FC02/Session3/pos/0776.pos,832,,,3,1,2,63.377,1.364,large_position_step,medium
FC02,control,Session3,0777,data/extracted/torgo/FC02/Session3/pos/0777.pos,423,,,3,2,2,32.535,1.262,large_position_step,medium
FC02,control,Session3,0778,data/extracted/torgo/FC02/Session3/pos/0778.pos,386,,,3,1,1,36.817,1.274,large_position_step,medium
FC02,control,Session3,0779,data/extracted/torgo/FC02/Session3/pos/0779.pos,338,,,,0,0,2.349,1.255,,none
FC02,control,Session3,0780,data/extracted/torgo/FC02/Session3/pos/0780.pos,359,,,3,1,2,57.646,1.355,large_position_step,medium
FC02,control,Session3,0781,data/extracted/torgo/FC02/Session3/pos/0781.pos,403,,,3,1,2,37.266,1.387,large_position_step,medium
FC02,control,Session3,0782,data/extracted/torgo/FC02/Session3/pos/0782.pos,63,,,,0,0,1.697,1.003,,none
FC02,control,Session3,0783,data/extracted/torgo/FC02/Session3/pos/0783.pos,705,,,3,1,2,25.283,1.198,large_position_step,medium
FC02,control,Session3,0784,data/extracted/torgo/FC02/Session3/pos/0784.pos,470,,,,0,0,1.784,1.133,,none
FC02,control,Session3,0785,data/extracted/torgo/FC02/Session3/pos/0785.pos,393,,,,0,1,13.825,1.312,,none
FC02,control,Session3,0786,data/extracted/torgo/FC02/Session3/pos/0786.pos,402,,,,0,0,2.6,1.579,,none
FC02,control,Session3,0787,data/extracted/torgo/FC02/Session3/pos/0787.pos,546,,,2,1,3,26.866,2.006,large_position_step,medium
FC02,control,Session3,0788,data/extracted/torgo/FC02/Session3/pos/0788.pos,353,,,,0,0,6.22,2.183,,none
FC02,control,Session3,0789,data/extracted/torgo/FC02/Session3/pos/0789.pos,364,,,2,1,1,41.016,2.027,large_position_step,medium
FC02,control,Session3,0790,data/extracted/torgo/FC02/Session3/pos/0790.pos,400,,,,0,0,8.536,1.881,,none
FC02,control,Session3,0791,data/extracted/torgo/FC02/Session3/pos/0791.pos,374,,,,0,0,3.132,1.714,,none
FC02,control,Session3,0792,data/extracted/torgo/FC02/Session3/pos/0792.pos,385,,,,0,0,3.688,1.951,,none
FC02,control,Session3,0793,data/extracted/torgo/FC02/Session3/pos/0793.pos,371,,,,0,0,3.774,1.839,,none
FC02,control,Session3,0794,data/extracted/torgo/FC02/Session3/pos/0794.pos,376,,,3,1,13,215.065,2.963,large_position_step,medium
FC02,control,Session3,0795,data/extracted/torgo/FC02/Session3/pos/0795.pos,378,,,,0,0,6.865,2.948,,none
FC02,control,Session3,0796,data/extracted/torgo/FC02/Session3/pos/0796.pos,456,,,,0,0,5.92,1.923,,none
FC02,control,Session3,0797,data/extracted/torgo/FC02/Session3/pos/0797.pos,353,,,,0,0,6.568,3.003,,none
FC02,control,Session3,0798,data/extracted/torgo/FC02/Session3/pos/0798.pos,869,,,,0,0,5.908,1.499,,none
FC02,control,Session3,0799,data/extracted/torgo/FC02/Session3/pos/0799.pos,366,,,,0,0,3.23,1.73,,none
FC02,control,Session3,0800,data/extracted/torgo/FC02/Session3/pos/0800.pos,801,,,,0,1,12.317,1.589,,none
FC02,control,Session3,0801,data/extracted/torgo/FC02/Session3/pos/0801.pos,617,,,,0,0,4.995,1.576,,none
FC02,control,Session3,0802,data/extracted/torgo/FC02/Session3/pos/0802.pos,410,,,,0,0,5.991,1.495,,none
FC02,control,Session3,0803,data/extracted/torgo/FC02/Session3/pos/0803.pos,404,,,,0,0,3.194,2.101,,none
FC02,control,Session3,0804,data/extracted/torgo/FC02/Session3/pos/0804.pos,399,,,,0,0,2.315,1.531,,none
FC02,control,Session3,0805,data/extracted/torgo/FC02/Session3/pos/0805.pos,418,,,,0,0,6.377,2.035,,none
FC02,control,Session3,0806,data/extracted/torgo/FC02/Session3/pos/0806.pos,366,,,,0,0,3.281,1.487,,none
FC02,control,Session3,0807,data/extracted/torgo/FC02/Session3/pos/0807.pos,651,,,,0,0,3.609,1.473,,none
FC02,control,Session3,0808,data/extracted/torgo/FC02/Session3/pos/0808.pos,361,,,,0,0,2.597,1.8,,none
FC02,control,Session3,0809,data/extracted/torgo/FC02/Session3/pos/0809.pos,353,,,,0,5,18.596,2.143,,none
FC02,control,Session3,0810,data/extracted/torgo/FC02/Session3/pos/0810.pos,409,,,,0,0,2.266,1.443,,none
FC02,control,Session3,0811,data/extracted/torgo/FC02/Session3/pos/0811.pos,407,,,,0,0,3.093,1.397,,none
FC02,control,Session3,0812,data/extracted/torgo/FC02/Session3/pos/0812.pos,365,,,,0,0,4.015,1.734,,none
FC02,control,Session3,0813,data/extracted/torgo/FC02/Session3/pos/0813.pos,735,,,,0,1,14.996,1.523,,none
FC02,control,Session3,0814,data/extracted/torgo/FC02/Session3/pos/0814.pos,356,,,,0,0,2.851,1.373,,none
FC02,control,Session3,0815,data/extracted/torgo/FC02/Session3/pos/0815.pos,796,,,3,5,8,191.916,1.65,large_position_step,medium
FC02,control,Session3,0816,data/extracted/torgo/FC02/Session3/pos/0816.pos,353,,,,0,0,3.181,1.409,,none
FC02,control,Session3,0817,data/extracted/torgo/FC02/Session3/pos/0817.pos,346,,,,0,0,3.919,1.715,,none
FC02,control,Session3,0818,data/extracted/torgo/FC02/Session3/pos/0818.pos,335,,,5,1,10,20.092,1.971,large_position_step,medium
FC02,control,Session3,0819,data/extracted/torgo/FC02/Session3/pos/0819.pos,351,,,,0,0,5.49,1.454,,none
FC02,control,Session3,0820,data/extracted/torgo/FC02/Session3/pos/0820.pos,368,,,,0,0,2.461,1.399,,none
FC02,control,Session3,0821,data/extracted/torgo/FC02/Session3/pos/0821.pos,630,,,2|3,3,6,224.788,1.744,large_position_step,medium
FC02,control,Session3,0822,data/extracted/torgo/FC02/Session3/pos/0822.pos,705,,,3,4,5,158.606,1.681,large_position_step,medium
FC02,control,Session3,0823,data/extracted/torgo/FC02/Session3/pos/0823.pos,440,,,,0,0,4.178,1.958,,none
FC02,control,Session3,0824,data/extracted/torgo/FC02/Session3/pos/0824.pos,432,,,,0,0,3.359,1.647,,none
FC02,control,Session3,0825,data/extracted/torgo/FC02/Session3/pos/0825.pos,440,,,,0,0,7.755,1.67,,none
FC02,control,Session3,0826,data/extracted/torgo/FC02/Session3/pos/0826.pos,400,,,,0,0,8.03,1.765,,none
FC02,control,Session3,0827,data/extracted/torgo/FC02/Session3/pos/0827.pos,451,,,,0,0,6.049,1.803,,none
FC02,control,Session3,0828,data/extracted/torgo/FC02/Session3/pos/0828.pos,727,,,,0,2,17.88,1.65,,none
FC02,control,Session3,0829,data/extracted/torgo/FC02/Session3/pos/0829.pos,362,,,,0,0,2.456,1.508,,none
FC02,control,Session3,0830,data/extracted/torgo/FC02/Session3/pos/0830.pos,378,,,,0,0,5.343,1.604,,none
FC02,control,Session3,0831,data/extracted/torgo/FC02/Session3/pos/0831.pos,393,,,,0,0,1.675,1.058,,none
FC02,control,Session3,0832,data/extracted/torgo/FC02/Session3/pos/0832.pos,352,,,,0,0,1.98,1.156,,none
FC02,control,Session3,0833,data/extracted/torgo/FC02/Session3/pos/0833.pos,359,,,,0,0,2.095,1.176,,none
FC02,control,Session3,0834,data/extracted/torgo/FC02/Session3/pos/0834.pos,371,,,3,1,1,40.517,1.123,large_position_step,medium
FC02,control,Session3,0835,data/extracted/torgo/FC02/Session3/pos/0835.pos,373,,,3,1,1,50.411,1.742,large_position_step,medium
FC02,control,Session3,0836,data/extracted/torgo/FC02/Session3/pos/0836.pos,632,,,3,1,1,72.51,1.174,large_position_step,medium
FC02,control,Session3,0837,data/extracted/torgo/FC02/Session3/pos/0837.pos,711,,,,0,0,1.919,1.174,,none
FC02,control,Session3,0838,data/extracted/torgo/FC02/Session3/pos/0838.pos,404,,,3,1,1,55.664,1.193,large_position_step,medium
FC02,control,Session3,0839,data/extracted/torgo/FC02/Session3/pos/0839.pos,374,,,3,2,3,79.089,1.321,large_position_step,medium
FC02,control,Session3,0840,data/extracted/torgo/FC02/Session3/pos/0840.pos,561,,,3,1,1,48.21,1.21,large_position_step,medium
FC02,control,Session3,0841,data/extracted/torgo/FC02/Session3/pos/0841.pos,910,,,3,1,1,32.892,1.196,large_position_step,medium
FC02,control,Session3,0842,data/extracted/torgo/FC02/Session3/pos/0842.pos,1315,,,3,1,2,67.011,1.341,large_position_step,medium
FC02,control,Session3,0843,data/extracted/torgo/FC02/Session3/pos/0843.pos,489,,,,0,0,2.341,1.272,,none
FC02,control,Session3,0844,data/extracted/torgo/FC02/Session3/pos/0844.pos,440,,,3,7,11,97.981,1.575,large_position_step,medium
FC02,control,Session3,0845,data/extracted/torgo/FC02/Session3/pos/0845.pos,456,,,3,1,1,37.548,1.16,large_position_step,medium
FC02,control,Session3,0846,data/extracted/torgo/FC02/Session3/pos/0846.pos,417,,,,0,0,1.998,1.139,,none
FC02,control,Session3,0847,data/extracted/torgo/FC02/Session3/pos/0847.pos,840,,,3,1,1,48.999,1.241,large_position_step,medium
FC02,control,Session3,0848,data/extracted/torgo/FC02/Session3/pos/0848.pos,821,,,3,2,2,92.059,1.217,large_position_step,medium
FC02,control,Session3,0849,data/extracted/torgo/FC02/Session3/pos/0849.pos,439,,,3,1,1,47.975,1.247,large_position_step,medium
FC02,control,Session3,0850,data/extracted/torgo/FC02/Session3/pos/0850.pos,378,,,,0,0,2.06,1.218,,none
FC02,control,Session3,0851,data/extracted/torgo/FC02/Session3/pos/0851.pos,392,,,,0,0,1.899,1.242,,none
FC02,control,Session3,0852,data/extracted/torgo/FC02/Session3/pos/0852.pos,392,,,3,2,3,72.252,1.339,large_position_step,medium
FC02,control,Session3,0853,data/extracted/torgo/FC02/Session3/pos/0853.pos,443,,,3,1,2,29.753,1.213,large_position_step,medium
FC02,control,Session3,0854,data/extracted/torgo/FC02/Session3/pos/0854.pos,352,,,3,1,1,42.233,1.172,large_position_step,medium
FC02,control,Session3,0855,data/extracted/torgo/FC02/Session3/pos/0855.pos,669,,,3,2,4,45.108,1.268,large_position_step,medium
FC02,control,Session3,0856,data/extracted/torgo/FC02/Session3/pos/0856.pos,362,,,3,2,2,33.94,1.157,large_position_step,medium
FC02,control,Session3,0857,data/extracted/torgo/FC02/Session3/pos/0857.pos,349,,,3,1,1,50.105,1.258,large_position_step,medium
FC02,control,Session3,0858,data/extracted/torgo/FC02/Session3/pos/0858.pos,451,,,,0,0,1.999,1.167,,none
FC02,control,Session3,0859,data/extracted/torgo/FC02/Session3/pos/0859.pos,402,,,3,1,2,66.645,1.365,large_position_step,medium
FC02,control,Session3,0860,data/extracted/torgo/FC02/Session3/pos/0860.pos,386,,,,0,0,1.929,1.26,,none
FC02,control,Session3,0861,data/extracted/torgo/FC02/Session3/pos/0861.pos,515,,,3,1,1,77.602,1.214,large_position_step,medium
FC02,control,Session3,0862,data/extracted/torgo/FC02/Session3/pos/0862.pos,413,,,3,2,5,60.18,2.132,large_position_step,medium
FC02,control,Session3,0863,data/extracted/torgo/FC02/Session3/pos/0863.pos,704,,,,0,0,2.242,1.199,,none
FC02,control,Session3,0864,data/extracted/torgo/FC02/Session3/pos/0864.pos,387,,,3,1,2,66.063,1.206,large_position_step,medium
FC02,control,Session3,0865,data/extracted/torgo/FC02/Session3/pos/0865.pos,410,,,3,1,1,40.536,1.115,large_position_step,medium
FC02,control,Session3,0866,data/extracted/torgo/FC02/Session3/pos/0866.pos,363,,,3,1,2,81.616,1.287,large_position_step,medium
FC02,control,Session3,0867,data/extracted/torgo/FC02/Session3/pos/0867.pos,391,,,,0,0,1.642,1.05,,none
FC02,control,Session3,0868,data/extracted/torgo/FC02/Session3/pos/0868.pos,422,,,3,2,4,214.315,1.421,large_position_step,medium
FC02,control,Session3,0869,data/extracted/torgo/FC02/Session3/pos/0869.pos,348,,,,0,0,1.746,1.17,,none
FC02,control,Session3,0870,data/extracted/torgo/FC02/Session3/pos/0870.pos,393,,,,0,1,11.578,1.79,,none
FC02,control,Session3,0871,data/extracted/torgo/FC02/Session3/pos/0871.pos,362,,,,0,0,6.804,2.073,,none
FC02,control,Session3,0872,data/extracted/torgo/FC02/Session3/pos/0872.pos,781,,,,0,0,6.122,1.816,,none
FC02,control,Session3,0873,data/extracted/torgo/FC02/Session3/pos/0873.pos,385,,,,0,0,6.716,2.324,,none
FC02,control,Session3,0874,data/extracted/torgo/FC02/Session3/pos/0874.pos,374,,,,0,0,9.519,1.719,,none
FC02,control,Session3,0875,data/extracted/torgo/FC02/Session3/pos/0875.pos,394,,,,0,2,12.8,1.878,,none
FC02,control,Session3,0876,data/extracted/torgo/FC02/Session3/pos/0876.pos,906,,,2,5,8,27.921,2.081,large_position_step,medium
FC02,control,Session3,0877,data/extracted/torgo/FC02/Session3/pos/0877.pos,412,,,2,1,1,27.913,1.817,large_position_step,medium
FC02,control,Session3,0878,data/extracted/torgo/FC02/Session3/pos/0878.pos,369,,,,0,0,3.547,1.916,,none
FC02,control,Session3,0879,data/extracted/torgo/FC02/Session3/pos/0879.pos,430,,,,0,3,16.112,1.745,,none
FC02,control,Session3,0880,data/extracted/torgo/FC02/Session3/pos/0880.pos,436,,,,0,0,3.518,1.685,,none
FC02,control,Session3,0881,data/extracted/torgo/FC02/Session3/pos/0881.pos,697,,,2,1,2,21.669,2.01,large_position_step,medium
FC02,control,Session3,0882,data/extracted/torgo/FC02/Session3/pos/0882.pos,861,,,2,1,12,25.074,1.954,large_position_step,medium
FC02,control,Session3,0883,data/extracted/torgo/FC02/Session3/pos/0883.pos,728,,,2,2,6,30.192,1.825,large_position_step,medium
FC02,control,Session3,0884,data/extracted/torgo/FC02/Session3/pos/0884.pos,1288,,,2,2,12,22.195,1.838,large_position_step,medium
FC02,control,Session3,0885,data/extracted/torgo/FC02/Session3/pos/0885.pos,1335,,,2,5,13,33.588,2.159,large_position_step,medium
FC02,control,Session3,0886,data/extracted/torgo/FC02/Session3/pos/0886.pos,460,,,2,1,2,20.324,1.772,large_position_step,medium
FC02,control,Session3,0887,data/extracted/torgo/FC02/Session3/pos/0887.pos,601,,,2,3,9,25.429,2.12,large_position_step,medium
FC02,control,Session3,0888,data/extracted/torgo/FC02/Session3/pos/0888.pos,1012,,,,0,0,3.003,1.664,,none
FC02,control,Session3,0889,data/extracted/torgo/FC02/Session3/pos/0889.pos,396,,,2,1,1,37.81,1.703,large_position_step,medium
FC02,control,Session3,0890,data/extracted/torgo/FC02/Session3/pos/0890.pos,417,,,,0,0,4.534,2.08,,none
FC02,control,Session3,0891,data/extracted/torgo/FC02/Session3/pos/0891.pos,845,,,2,1,4,33.837,1.991,large_position_step,medium
FC02,control,Session3,0892,data/extracted/torgo/FC02/Session3/pos/0892.pos,701,,,2,2,7,23.377,2.168,large_position_step,medium
FC02,control,Session3,0893,data/extracted/torgo/FC02/Session3/pos/0893.pos,397,,,,0,3,19.174,1.877,,none
FC02,control,Session3,0894,data/extracted/torgo/FC02/Session3/pos/0894.pos,831,,,2,4,7,26.65,2.129,large_position_step,medium
FC02,control,Session3,0895,data/extracted/torgo/FC02/Session3/pos/0895.pos,357,,,,0,1,17.206,2.032,,none
FC02,control,Session3,0896,data/extracted/torgo/FC02/Session3/pos/0896.pos,426,,,2,1,2,24.28,1.987,large_position_step,medium
FC02,control,Session3,0897,data/extracted/torgo/FC02/Session3/pos/0897.pos,446,,,2,1,1,22.699,2.131,large_position_step,medium
FC02,control,Session3,0898,data/extracted/torgo/FC02/Session3/pos/0898.pos,336,,,,0,0,6.92,2.166,,none
FC02,control,Session3,0899,data/extracted/torgo/FC02/Session3/pos/0899.pos,400,,,,0,0,4.668,1.881,,none
FC02,control,Session3,0900,data/extracted/torgo/FC02/Session3/pos/0900.pos,440,,,,0,1,11.303,1.982,,none
FC02,control,Session3,0901,data/extracted/torgo/FC02/Session3/pos/0901.pos,357,,,2,1,1,20.97,1.941,large_position_step,medium
FC02,control,Session3,0902,data/extracted/torgo/FC02/Session3/pos/0902.pos,434,,,,0,0,3.751,1.972,,none
FC02,control,Session3,0903,data/extracted/torgo/FC02/Session3/pos/0903.pos,349,,,2,2,3,26.557,1.936,large_position_step,medium
FC02,control,Session3,0904,data/extracted/torgo/FC02/Session3/pos/0904.pos,1300,,,2,4,8,74.028,2.057,large_position_step,medium
FC02,control,Session3,0905,data/extracted/torgo/FC02/Session3/pos/0905.pos,489,,,2,1,1,23.035,1.67,large_position_step,medium
FC02,control,Session3,0906,data/extracted/torgo/FC02/Session3/pos/0906.pos,435,,,,0,1,14.083,2.034,,none
FC02,control,Session3,0907,data/extracted/torgo/FC02/Session3/pos/0907.pos,469,,,2,1,1,27.319,1.652,large_position_step,medium
FC02,control,Session3,0908,data/extracted/torgo/FC02/Session3/pos/0908.pos,721,,,2,1,4,22.336,2.012,large_position_step,medium
FC02,control,Session3,0909,data/extracted/torgo/FC02/Session3/pos/0909.pos,444,,,,0,1,17.407,1.83,,none
FC02,control,Session3,0910,data/extracted/torgo/FC02/Session3/pos/0910.pos,1126,,,2,2,9,29.386,2.026,large_position_step,medium
FC02,control,Session3,0911,data/extracted/torgo/FC02/Session3/pos/0911.pos,687,,,2,1,3,24.666,2.041,large_position_step,medium
FC02,control,Session3,0912,data/extracted/torgo/FC02/Session3/pos/0912.pos,542,,,,0,5,19.894,1.947,,none
FC02,control,Session3,0913,data/extracted/torgo/FC02/Session3/pos/0913.pos,398,,,,0,0,3.23,1.881,,none
FC02,control,Session3,0914,data/extracted/torgo/FC02/Session3/pos/0914.pos,833,,,,0,4,19.982,1.869,,none
FC02,control,Session3,0915,data/extracted/torgo/FC02/Session3/pos/0915.pos,396,,,2,2,4,29.849,2.26,large_position_step,medium
FC02,control,Session3,0916,data/extracted/torgo/FC02/Session3/pos/0916.pos,800,,,2,2,4,24.59,2.161,large_position_step,medium
FC02,control,Session3,0917,data/extracted/torgo/FC02/Session3/pos/0917.pos,426,,,,0,1,16.801,2.003,,none
FC02,control,Session3,0918,data/extracted/torgo/FC02/Session3/pos/0918.pos,393,,,,0,3,17.677,1.923,,none
FC02,control,Session3,0919,data/extracted/torgo/FC02/Session3/pos/0919.pos,401,,,2,1,3,20.657,2.015,large_position_step,medium
FC02,control,Session3,0920,data/extracted/torgo/FC02/Session3/pos/0920.pos,357,,,2,1,2,21.112,1.763,large_position_step,medium
FC02,control,Session3,0921,data/extracted/torgo/FC02/Session3/pos/0921.pos,416,,,,0,0,8.145,1.859,,none
FC02,control,Session3,0922,data/extracted/torgo/FC02/Session3/pos/0922.pos,402,,,,0,0,3.08,1.78,,none
FC02,control,Session3,0923,data/extracted/torgo/FC02/Session3/pos/0923.pos,762,,,1|2,4,7,34.741,2.055,large_position_step,medium
FC02,control,Session3,0924,data/extracted/torgo/FC02/Session3/pos/0924.pos,379,,,2,2,4,85.243,2.104,large_position_step,medium
FC02,control,Session3,0925,data/extracted/torgo/FC02/Session3/pos/0925.pos,366,,,2,1,1,20.174,1.775,large_position_step,medium
FC02,control,Session3,0926,data/extracted/torgo/FC02/Session3/pos/0926.pos,405,,,,0,1,10.849,2.021,,none
FC02,control,Session3,0927,data/extracted/torgo/FC02/Session3/pos/0927.pos,431,,,,0,0,5.716,2.169,,none
FC02,control,Session3,0928,data/extracted/torgo/FC02/Session3/pos/0928.pos,389,,,,0,2,18.459,1.767,,none
FC02,control,Session3,0929,data/extracted/torgo/FC02/Session3/pos/0929.pos,841,,,2,4,6,32.589,1.737,large_position_step,medium
FC02,control,Session3,0930,data/extracted/torgo/FC02/Session3/pos/0930.pos,476,,,1|2,3,6,35.437,1.98,large_position_step,medium
FC02,control,Session3,0931,data/extracted/torgo/FC02/Session3/pos/0931.pos,385,,,,0,1,10.794,2.014,,none
FC02,control,Session3,0932,data/extracted/torgo/FC02/Session3/pos/0932.pos,373,,,,0,1,18.614,1.861,,none
FC02,control,Session3,0933,data/extracted/torgo/FC02/Session3/pos/0933.pos,348,,,,0,1,17.047,1.82,,none
FC02,control,Session3,0934,data/extracted/torgo/FC02/Session3/pos/0934.pos,408,,,2,1,1,28.076,2.73,large_position_step,medium
FC02,control,Session3,0935,data/extracted/torgo/FC02/Session3/pos/0935.pos,373,,,,0,4,17.278,1.788,,none
FC02,control,Session3,0936,data/extracted/torgo/FC02/Session3/pos/0936.pos,421,,,,0,0,7.353,1.997,,none
FC02,control,Session3,0937,data/extracted/torgo/FC02/Session3/pos/0937.pos,377,,,,0,0,3.635,1.91,,none
FC02,control,Session3,0938,data/extracted/torgo/FC02/Session3/pos/0938.pos,407,,,2,1,2,20.48,2.035,large_position_step,medium
FC02,control,Session3,0939,data/extracted/torgo/FC02/Session3/pos/0939.pos,595,,,2,2,5,26.633,2.073,large_position_step,medium
FC02,control,Session3,0940,data/extracted/torgo/FC02/Session3/pos/0940.pos,408,,,,0,2,14.386,3.407,,none
FC02,control,Session3,0941,data/extracted/torgo/FC02/Session3/pos/0941.pos,505,,,,0,0,4.032,1.636,,none
FC02,control,Session3,0942,data/extracted/torgo/FC02/Session3/pos/0942.pos,641,,,,0,2,13.79,1.964,,none
FC02,control,Session3,0943,data/extracted/torgo/FC02/Session3/pos/0943.pos,868,,,,0,0,9.0,1.866,,none
FC02,control,Session3,0944,data/extracted/torgo/FC02/Session3/pos/0944.pos,654,,,,0,1,15.099,1.822,,none
FC02,control,Session3,0945,data/extracted/torgo/FC02/Session3/pos/0945.pos,834,,,,0,6,16.845,1.7,,none
FC02,control,Session3,0946,data/extracted/torgo/FC02/Session3/pos/0946.pos,416,,,,0,0,5.858,1.887,,none
FC02,control,Session3,0947,data/extracted/torgo/FC02/Session3/pos/0947.pos,368,,,,0,0,3.432,1.744,,none
FC02,control,Session3,0948,data/extracted/torgo/FC02/Session3/pos/0948.pos,382,,,2,1,1,25.443,1.761,large_position_step,medium
FC02,control,Session3,0949,data/extracted/torgo/FC02/Session3/pos/0949.pos,388,,,2,1,2,22.493,1.826,large_position_step,medium
FC02,control,Session3,0950,data/extracted/torgo/FC02/Session3/pos/0950.pos,1275,,,2,1,1,36.005,1.774,large_position_step,medium
FC02,control,Session3,0951,data/extracted/torgo/FC02/Session3/pos/0951.pos,979,,,,0,0,3.787,1.597,,none
FC02,control,Session3,0952,data/extracted/torgo/FC02/Session3/pos/0952.pos,461,,,2,1,2,20.792,1.805,large_position_step,medium
FC02,control,Session3,0953,data/extracted/torgo/FC02/Session3/pos/0953.pos,453,,,,0,0,2.74,1.679,,none
FC02,control,Session3,0954,data/extracted/torgo/FC02/Session3/pos/0954.pos,439,,,,0,0,2.978,1.67,,none
FC02,control,Session3,0955,data/extracted/torgo/FC02/Session3/pos/0955.pos,467,,,2,2,2,47.482,1.818,large_position_step,medium
FC02,control,Session3,0956,data/extracted/torgo/FC02/Session3/pos/0956.pos,355,,,,0,0,6.831,1.822,,none
FC02,control,Session3,0957,data/extracted/torgo/FC02/Session3/pos/0957.pos,391,,,,0,0,3.232,1.753,,none
FC02,control,Session3,0958,data/extracted/torgo/FC02/Session3/pos/0958.pos,467,,,2,1,2,28.34,1.612,large_position_step,medium
FC02,control,Session3,0959,data/extracted/torgo/FC02/Session3/pos/0959.pos,1482,,,2,2,3,23.345,1.812,large_position_step,medium
FC02,control,Session3,0960,data/extracted/torgo/FC02/Session3/pos/0960.pos,994,,,2,1,3,25.345,2.047,large_position_step,medium
FC02,control,Session3,0961,data/extracted/torgo/FC02/Session3/pos/0961.pos,418,,,,0,0,2.939,1.734,,none
FC02,control,Session3,0962,data/extracted/torgo/FC02/Session3/pos/0962.pos,786,,,,0,2,11.881,1.852,,none
FC02,control,Session3,0963,data/extracted/torgo/FC02/Session3/pos/0963.pos,437,,,,0,0,3.416,1.6,,none
FC02,control,Session3,0964,data/extracted/torgo/FC02/Session3/pos/0964.pos,419,,,,0,0,3.781,1.799,,none
FC02,control,Session3,0965,data/extracted/torgo/FC02/Session3/pos/0965.pos,372,,,,0,0,3.934,1.571,,none
FC02,control,Session3,0966,data/extracted/torgo/FC02/Session3/pos/0966.pos,818,,,,0,0,3.335,1.662,,none
FC02,control,Session3,0967,data/extracted/torgo/FC02/Session3/pos/0967.pos,693,,,,0,0,3.248,1.72,,none
FC02,control,Session3,0968,data/extracted/torgo/FC02/Session3/pos/0968.pos,658,,,2,2,2,40.479,1.732,large_position_step,medium
FC02,control,Session3,0969,data/extracted/torgo/FC02/Session3/pos/0969.pos,414,,,,0,0,2.918,1.669,,none
FC02,control,Session3,0970,data/extracted/torgo/FC02/Session3/pos/0970.pos,775,,,,0,0,9.885,1.789,,none
FC02,control,Session3,0971,data/extracted/torgo/FC02/Session3/pos/0971.pos,384,,,,0,0,3.426,1.694,,none
FC02,control,Session3,0972,data/extracted/torgo/FC02/Session3/pos/0972.pos,359,,,,0,0,3.517,1.634,,none
FC02,control,Session3,0973,data/extracted/torgo/FC02/Session3/pos/0973.pos,362,,,,0,1,15.035,1.821,,none
FC02,control,Session3,0974,data/extracted/torgo/FC02/Session3/pos/0974.pos,415,,,,0,0,3.343,1.795,,none
FC02,control,Session3,0975,data/extracted/torgo/FC02/Session3/pos/0975.pos,384,,,2,1,1,31.69,1.839,large_position_step,medium
FC02,control,Session3,0976,data/extracted/torgo/FC02/Session3/pos/0976.pos,410,,,,0,0,3.135,1.809,,none
FC02,control,Session3,0977,data/extracted/torgo/FC02/Session3/pos/0977.pos,348,,,,0,0,3.74,1.827,,none
FC02,control,Session3,0978,data/extracted/torgo/FC02/Session3/pos/0978.pos,404,,,,0,0,2.372,1.32,,none
FC02,control,Session3,0979,data/extracted/torgo/FC02/Session3/pos/0979.pos,427,,,,0,0,2.176,1.218,,none
FC02,control,Session3,0980,data/extracted/torgo/FC02/Session3/pos/0980.pos,412,,,,0,0,2.139,1.302,,none
FC02,control,Session3,0981,data/extracted/torgo/FC02/Session3/pos/0981.pos,400,,,,0,0,1.971,1.223,,none
FC02,control,Session3,0982,data/extracted/torgo/FC02/Session3/pos/0982.pos,358,,,,0,0,1.887,1.205,,none
FC02,control,Session3,0983,data/extracted/torgo/FC02/Session3/pos/0983.pos,595,,,2,1,1,28.089,1.434,large_position_step,medium
FC02,control,Session3,0984,data/extracted/torgo/FC02/Session3/pos/0984.pos,794,,,,0,0,2.173,1.326,,none
FC02,control,Session3,0985,data/extracted/torgo/FC02/Session3/pos/0985.pos,392,,,,0,0,2.746,1.303,,none
FC02,control,Session3,0986,data/extracted/torgo/FC02/Session3/pos/0986.pos,342,,,,0,0,3.18,1.383,,none
FC02,control,Session3,0987,data/extracted/torgo/FC02/Session3/pos/0987.pos,832,,,2,1,4,25.71,1.439,large_position_step,medium
FC02,control,Session3,0988,data/extracted/torgo/FC02/Session3/pos/0988.pos,347,,,,0,0,2.029,1.343,,none
FC02,control,Session3,0989,data/extracted/torgo/FC02/Session3/pos/0989.pos,496,,,,0,0,3.433,1.259,,none
FC02,control,Session3,0990,data/extracted/torgo/FC02/Session3/pos/0990.pos,459,,,,0,0,2.857,1.276,,none
FC02,control,Session3,0991,data/extracted/torgo/FC02/Session3/pos/0991.pos,403,,,,0,0,2.078,1.163,,none
FC02,control,Session3,0992,data/extracted/torgo/FC02/Session3/pos/0992.pos,363,,,,0,0,1.963,1.243,,none
FC02,control,Session3,0993,data/extracted/torgo/FC02/Session3/pos/0993.pos,379,,,2,2,2,35.245,1.435,large_position_step,medium
FC02,control,Session3,0994,data/extracted/torgo/FC02/Session3/pos/0994.pos,416,,,2,1,2,29.113,1.901,large_position_step,medium
FC02,control,Session3,0995,data/extracted/torgo/FC02/Session3/pos/0995.pos,455,,,2,1,2,21.348,2.056,large_position_step,medium
FC02,control,Session3,0996,data/extracted/torgo/FC02/Session3/pos/0996.pos,558,,,,0,0,4.61,1.324,,none
FC02,control,Session3,0997,data/extracted/torgo/FC02/Session3/pos/0997.pos,369,,,,0,0,2.262,1.36,,none
FC02,control,Session3,0998,data/extracted/torgo/FC02/Session3/pos/0998.pos,458,,,10,1,10,20.043,1.546,large_position_step,medium
FC02,control,Session3,0999,data/extracted/torgo/FC02/Session3/pos/0999.pos,743,,,,0,0,7.998,2.011,,none
FC02,control,Session3,1000,data/extracted/torgo/FC02/Session3/pos/1000.pos,447,,,,0,0,2.633,1.336,,none
FC03,control,Session1,0001,data/extracted/torgo/FC03/Session1/pos/0001.pos,2347,,,3|9,3,31,27.479,2.742,large_position_step,medium
FC03,control,Session1,0002,data/extracted/torgo/FC03/Session1/pos/0002.pos,2624,,,3|9,9,38,106.678,2.241,large_position_step,medium
FC03,control,Session1,0003,data/extracted/torgo/FC03/Session1/pos/0003.pos,2513,,,9,1,19,28.625,2.088,large_position_step,medium
FC03,control,Session1,0004,data/extracted/torgo/FC03/Session1/pos/0004.pos,985,,,,0,0,2.211,1.236,,none
FC03,control,Session1,0005,data/extracted/torgo/FC03/Session1/pos/0005.pos,342,,,9,1,1,20.849,1.851,large_position_step,medium
FC03,control,Session1,0006,data/extracted/torgo/FC03/Session1/pos/0006.pos,327,,,,0,0,4.31,2.132,,none
FC03,control,Session1,0007,data/extracted/torgo/FC03/Session1/pos/0007.pos,311,,,1,2,2,238.161,2.669,large_position_step,medium
FC03,control,Session1,0008,data/extracted/torgo/FC03/Session1/pos/0008.pos,284,,,,0,2,18.48,1.859,,none
FC03,control,Session1,0009,data/extracted/torgo/FC03/Session1/pos/0009.pos,305,,,,0,2,16.775,2.9,,none
FC03,control,Session1,0010,data/extracted/torgo/FC03/Session1/pos/0010.pos,402,,,,0,6,16.334,3.599,,none
FC03,control,Session1,0011,data/extracted/torgo/FC03/Session1/pos/0011.pos,943,,,,0,0,2.71,1.282,,none
FC03,control,Session1,0012,data/extracted/torgo/FC03/Session1/pos/0012.pos,418,,,,0,0,3.032,1.585,,none
FC03,control,Session1,0013,data/extracted/torgo/FC03/Session1/pos/0013.pos,377,,,,0,0,2.768,1.62,,none
FC03,control,Session1,0014,data/extracted/torgo/FC03/Session1/pos/0014.pos,362,,,,0,0,3.434,1.72,,none
FC03,control,Session1,0015,data/extracted/torgo/FC03/Session1/pos/0015.pos,367,,,3,1,3,27.407,2.447,large_position_step,medium
FC03,control,Session1,0016,data/extracted/torgo/FC03/Session1/pos/0016.pos,377,,,,0,2,19.907,2.164,,none
FC03,control,Session1,0017,data/extracted/torgo/FC03/Session1/pos/0017.pos,351,,,3,1,3,30.525,2.2,large_position_step,medium
FC03,control,Session1,0018,data/extracted/torgo/FC03/Session1/pos/0018.pos,393,,,,0,1,11.676,2.06,,none
FC03,control,Session1,0019,data/extracted/torgo/FC03/Session1/pos/0019.pos,465,,,9,1,4,24.447,1.923,large_position_step,medium
FC03,control,Session1,0020,data/extracted/torgo/FC03/Session1/pos/0020.pos,511,,,,0,4,16.042,1.94,,none
FC03,control,Session1,0021,data/extracted/torgo/FC03/Session1/pos/0021.pos,374,,,9,1,8,24.85,3.08,large_position_step,medium
FC03,control,Session1,0022,data/extracted/torgo/FC03/Session1/pos/0022.pos,1123,,,,0,3,18.63,2.502,,none
FC03,control,Session1,0023,data/extracted/torgo/FC03/Session1/pos/0023.pos,477,,,,0,1,16.639,1.775,,none
FC03,control,Session1,0024,data/extracted/torgo/FC03/Session1/pos/0024.pos,481,,,9,1,3,28.255,1.849,large_position_step,medium
FC03,control,Session1,0025,data/extracted/torgo/FC03/Session1/pos/0025.pos,404,,,,0,0,3.449,1.522,,none
FC03,control,Session1,0026,data/extracted/torgo/FC03/Session1/pos/0026.pos,1125,,,1|3|9,8,13,219.662,2.281,large_position_step,medium
FC03,control,Session1,0027,data/extracted/torgo/FC03/Session1/pos/0027.pos,437,,,3,1,1,23.416,2.277,large_position_step,medium
FC03,control,Session1,0028,data/extracted/torgo/FC03/Session1/pos/0028.pos,445,,,9,1,4,22.066,2.182,large_position_step,medium
FC03,control,Session1,0029,data/extracted/torgo/FC03/Session1/pos/0029.pos,456,,,,0,1,12.697,2.304,,none
FC03,control,Session1,0030,data/extracted/torgo/FC03/Session1/pos/0030.pos,496,,,,0,3,19.198,1.456,,none
FC03,control,Session1,0031,data/extracted/torgo/FC03/Session1/pos/0031.pos,431,,,,0,0,1.852,0.829,,none
FC03,control,Session1,0032,data/extracted/torgo/FC03/Session1/pos/0032.pos,468,,,,0,1,15.166,1.358,,none
FC03,control,Session1,0033,data/extracted/torgo/FC03/Session1/pos/0033.pos,427,,,,0,0,7.397,1.633,,none
FC03,control,Session1,0034,data/extracted/torgo/FC03/Session1/pos/0034.pos,452,,,,0,2,14.809,1.698,,none
FC03,control,Session1,0035,data/extracted/torgo/FC03/Session1/pos/0035.pos,1015,,,,0,1,10.837,1.359,,none
FC03,control,Session1,0036,data/extracted/torgo/FC03/Session1/pos/0036.pos,1838,,,,0,2,14.296,1.128,,none
FC03,control,Session1,0037,data/extracted/torgo/FC03/Session1/pos/0037.pos,474,,,,0,0,9.813,0.968,,none
FC03,control,Session1,0038,data/extracted/torgo/FC03/Session1/pos/0038.pos,393,,,,0,0,8.246,2.571,,none
FC03,control,Session1,0039,data/extracted/torgo/FC03/Session1/pos/0039.pos,395,,,,0,0,7.237,2.758,,none
FC03,control,Session1,0040,data/extracted/torgo/FC03/Session1/pos/0040.pos,454,,,,0,1,12.696,2.162,,none
FC03,control,Session1,0041,data/extracted/torgo/FC03/Session1/pos/0041.pos,430,,,9,1,2,27.573,1.141,large_position_step,medium
FC03,control,Session1,0042,data/extracted/torgo/FC03/Session1/pos/0042.pos,487,,,,0,1,13.478,1.791,,none
FC03,control,Session1,0043,data/extracted/torgo/FC03/Session1/pos/0043.pos,704,,,,0,0,3.984,0.966,,none
FC03,control,Session1,0044,data/extracted/torgo/FC03/Session1/pos/0044.pos,464,,,,0,1,13.185,1.19,,none
FC03,control,Session1,0045,data/extracted/torgo/FC03/Session1/pos/0045.pos,404,,,,0,1,17.542,1.007,,none
FC03,control,Session1,0046,data/extracted/torgo/FC03/Session1/pos/0046.pos,590,,,,0,1,14.558,1.248,,none
FC03,control,Session1,0047,data/extracted/torgo/FC03/Session1/pos/0047.pos,566,,,,0,1,12.794,1.416,,none
FC03,control,Session1,0048,data/extracted/torgo/FC03/Session1/pos/0048.pos,492,,,,0,1,16.108,1.33,,none
FC03,control,Session1,0049,data/extracted/torgo/FC03/Session1/pos/0049.pos,1029,,,,0,2,18.295,1.1,,none
FC03,control,Session1,0050,data/extracted/torgo/FC03/Session1/pos/0050.pos,474,,,9,2,3,21.605,1.496,large_position_step,medium
FC03,control,Session1,0051,data/extracted/torgo/FC03/Session1/pos/0051.pos,404,,,,0,0,1.222,0.728,,none
FC03,control,Session1,0052,data/extracted/torgo/FC03/Session1/pos/0052.pos,437,,,,0,0,1.521,0.587,,none
FC03,control,Session1,0053,data/extracted/torgo/FC03/Session1/pos/0053.pos,881,,,9,1,2,21.191,0.904,large_position_step,medium
FC03,control,Session1,0054,data/extracted/torgo/FC03/Session1/pos/0054.pos,1245,,,9,3,4,80.295,1.068,large_position_step,medium
FC03,control,Session1,0055,data/extracted/torgo/FC03/Session1/pos/0055.pos,1444,,,,0,0,5.174,0.815,,none
FC03,control,Session1,0056,data/extracted/torgo/FC03/Session1/pos/0056.pos,523,,,,0,0,1.141,0.641,,none
FC03,control,Session1,0057,data/extracted/torgo/FC03/Session1/pos/0057.pos,493,,,,0,0,1.395,0.727,,none
FC03,control,Session1,0058,data/extracted/torgo/FC03/Session1/pos/0058.pos,448,,,,0,0,6.191,0.864,,none
FC03,control,Session1,0059,data/extracted/torgo/FC03/Session1/pos/0059.pos,1015,,,,0,0,1.432,0.77,,none
FC03,control,Session1,0060,data/extracted/torgo/FC03/Session1/pos/0060.pos,1014,,,,0,0,1.437,0.765,,none
FC03,control,Session1,0061,data/extracted/torgo/FC03/Session1/pos/0061.pos,458,,,,0,0,1.28,0.768,,none
FC03,control,Session1,0062,data/extracted/torgo/FC03/Session1/pos/0062.pos,413,,,,0,0,0.931,0.604,,none
FC03,control,Session1,0063,data/extracted/torgo/FC03/Session1/pos/0063.pos,1096,,,,0,0,2.001,0.897,,none
FC03,control,Session1,0064,data/extracted/torgo/FC03/Session1/pos/0064.pos,496,,,,0,0,3.389,0.956,,none
FC03,control,Session1,0065,data/extracted/torgo/FC03/Session1/pos/0065.pos,426,,,,0,0,1.889,0.714,,none
FC03,control,Session1,0066,data/extracted/torgo/FC03/Session1/pos/0066.pos,439,,,,0,0,1.308,0.699,,none
FC03,control,Session1,0067,data/extracted/torgo/FC03/Session1/pos/0067.pos,419,,,,0,0,1.449,0.754,,none
FC03,control,Session1,0068,data/extracted/torgo/FC03/Session1/pos/0068.pos,434,,,1,1,1,24.919,1.065,large_position_step,medium
FC03,control,Session1,0069,data/extracted/torgo/FC03/Session1/pos/0069.pos,1145,,,,0,0,2.073,0.884,,none
FC03,control,Session1,0070,data/extracted/torgo/FC03/Session1/pos/0070.pos,445,,,,0,0,1.032,0.615,,none
FC03,control,Session1,0071,data/extracted/torgo/FC03/Session1/pos/0071.pos,452,,,,0,0,2.919,0.856,,none
FC03,control,Session1,0072,data/extracted/torgo/FC03/Session1/pos/0072.pos,494,,,,0,0,1.193,0.648,,none
FC03,control,Session1,0073,data/extracted/torgo/FC03/Session1/pos/0073.pos,420,,,,0,0,4.696,0.763,,none
FC03,control,Session1,0074,data/extracted/torgo/FC03/Session1/pos/0074.pos,445,,,,0,0,1.702,0.688,,none
FC03,control,Session1,0075,data/extracted/torgo/FC03/Session1/pos/0075.pos,400,,,,0,0,1.922,0.939,,none
FC03,control,Session1,0076,data/extracted/torgo/FC03/Session1/pos/0076.pos,422,,,,0,0,1.118,0.698,,none
FC03,control,Session1,0077,data/extracted/torgo/FC03/Session1/pos/0077.pos,1146,,,,0,0,1.221,0.633,,none
FC03,control,Session1,0078,data/extracted/torgo/FC03/Session1/pos/0078.pos,378,,,,0,0,9.569,1.035,,none
FC03,control,Session1,0079,data/extracted/torgo/FC03/Session1/pos/0079.pos,501,,,,0,0,1.666,0.973,,none
FC03,control,Session1,0080,data/extracted/torgo/FC03/Session1/pos/0080.pos,566,,,,0,0,1.277,0.817,,none
FC03,control,Session1,0081,data/extracted/torgo/FC03/Session1/pos/0081.pos,603,,,,0,0,5.435,0.777,,none
FC03,control,Session1,0082,data/extracted/torgo/FC03/Session1/pos/0082.pos,425,,,,0,0,1.025,0.621,,none
FC03,control,Session1,0083,data/extracted/torgo/FC03/Session1/pos/0083.pos,439,,,,0,0,1.113,0.703,,none
FC03,control,Session1,0084,data/extracted/torgo/FC03/Session1/pos/0084.pos,411,,,,0,0,5.527,0.808,,none
FC03,control,Session1,0085,data/extracted/torgo/FC03/Session1/pos/0085.pos,487,,,,0,0,1.626,0.744,,none
FC03,control,Session1,0086,data/extracted/torgo/FC03/Session1/pos/0086.pos,364,,,,0,0,1.339,0.786,,none
FC03,control,Session1,0087,data/extracted/torgo/FC03/Session1/pos/0087.pos,397,,,,0,0,1.368,0.71,,none
FC03,control,Session1,0088,data/extracted/torgo/FC03/Session1/pos/0088.pos,436,,,,0,0,1.06,0.642,,none
FC03,control,Session1,0089,data/extracted/torgo/FC03/Session1/pos/0089.pos,1046,,,,0,0,6.681,0.769,,none
FC03,control,Session1,0090,data/extracted/torgo/FC03/Session1/pos/0090.pos,378,,,,0,0,1.642,0.894,,none
FC03,control,Session1,0091,data/extracted/torgo/FC03/Session1/pos/0091.pos,452,,,,0,0,1.144,0.739,,none
FC03,control,Session1,0092,data/extracted/torgo/FC03/Session1/pos/0092.pos,482,,,,0,0,2.389,0.775,,none
FC03,control,Session1,0093,data/extracted/torgo/FC03/Session1/pos/0093.pos,423,,,,0,0,1.044,0.64,,none
FC03,control,Session1,0094,data/extracted/torgo/FC03/Session1/pos/0094.pos,356,,,,0,0,1.133,0.613,,none
FC03,control,Session1,0095,data/extracted/torgo/FC03/Session1/pos/0095.pos,397,,,,0,0,1.824,0.754,,none
FC03,control,Session1,0096,data/extracted/torgo/FC03/Session1/pos/0096.pos,349,,,,0,0,1.755,0.81,,none
FC03,control,Session1,0097,data/extracted/torgo/FC03/Session1/pos/0097.pos,945,,,,0,0,2.336,1.053,,none
FC03,control,Session1,0098,data/extracted/torgo/FC03/Session1/pos/0098.pos,349,,,,0,0,1.376,0.667,,none
FC03,control,Session1,0099,data/extracted/torgo/FC03/Session1/pos/0099.pos,395,,,,0,0,3.573,0.911,,none
FC03,control,Session1,0100,data/extracted/torgo/FC03/Session1/pos/0100.pos,402,,,,0,0,2.169,0.888,,none
FC03,control,Session1,0101,data/extracted/torgo/FC03/Session1/pos/0101.pos,416,,,,0,1,11.549,0.778,,none
FC03,control,Session1,0102,data/extracted/torgo/FC03/Session1/pos/0102.pos,434,,,,0,0,0.819,0.622,,none
FC03,control,Session1,0103,data/extracted/torgo/FC03/Session1/pos/0103.pos,404,,,,0,0,1.192,0.672,,none
FC03,control,Session1,0104,data/extracted/torgo/FC03/Session1/pos/0104.pos,370,,,,0,0,1.149,0.714,,none
FC03,control,Session1,0105,data/extracted/torgo/FC03/Session1/pos/0105.pos,1197,,,,0,0,1.377,0.793,,none
FC03,control,Session1,0106,data/extracted/torgo/FC03/Session1/pos/0106.pos,457,,,,0,0,0.853,0.607,,none
FC03,control,Session1,0107,data/extracted/torgo/FC03/Session1/pos/0107.pos,445,,,,0,0,1.15,0.631,,none
FC03,control,Session1,0108,data/extracted/torgo/FC03/Session1/pos/0108.pos,465,,,,0,0,1.331,0.793,,none
FC03,control,Session1,0109,data/extracted/torgo/FC03/Session1/pos/0109.pos,1493,,,,0,0,3.316,0.954,,none
FC03,control,Session1,0110,data/extracted/torgo/FC03/Session1/pos/0110.pos,400,,,,0,0,1.446,0.619,,none
FC03,control,Session1,0111,data/extracted/torgo/FC03/Session1/pos/0111.pos,435,,,,0,0,1.612,0.785,,none
FC03,control,Session1,0112,data/extracted/torgo/FC03/Session1/pos/0112.pos,1440,,,,0,0,1.647,0.778,,none
FC03,control,Session1,0113,data/extracted/torgo/FC03/Session1/pos/0113.pos,1721,,,,0,0,1.161,0.601,,none
FC03,control,Session1,0114,data/extracted/torgo/FC03/Session1/pos/0114.pos,453,,,,0,0,1.13,0.671,,none
FC03,control,Session1,0115,data/extracted/torgo/FC03/Session1/pos/0115.pos,922,,,,0,0,1.233,0.733,,none
FC03,control,Session1,0116,data/extracted/torgo/FC03/Session1/pos/0116.pos,1547,,,,0,0,4.345,0.663,,none
FC03,control,Session1,0117,data/extracted/torgo/FC03/Session1/pos/0117.pos,1130,,,,0,1,11.613,0.919,,none
FC03,control,Session1,0118,data/extracted/torgo/FC03/Session1/pos/0118.pos,1010,,,,0,2,18.809,1.004,,none
FC03,control,Session1,0119,data/extracted/torgo/FC03/Session1/pos/0119.pos,462,,,,0,0,2.905,1.39,,none
FC03,control,Session1,0120,data/extracted/torgo/FC03/Session1/pos/0120.pos,389,,,,0,0,4.358,1.693,,none
FC03,control,Session1,0121,data/extracted/torgo/FC03/Session1/pos/0121.pos,466,,,,0,0,4.251,1.571,,none
FC03,control,Session1,0122,data/extracted/torgo/FC03/Session1/pos/0122.pos,357,,,,0,0,3.87,1.595,,none
FC03,control,Session1,0123,data/extracted/torgo/FC03/Session1/pos/0123.pos,405,,,,0,0,2.939,1.439,,none
FC03,control,Session1,0124,data/extracted/torgo/FC03/Session1/pos/0124.pos,1527,,,,0,0,3.256,1.546,,none
FC03,control,Session1,0125,data/extracted/torgo/FC03/Session1/pos/0125.pos,557,,,,0,0,2.752,1.582,,none
FC03,control,Session1,0126,data/extracted/torgo/FC03/Session1/pos/0126.pos,440,,,,0,0,2.658,1.535,,none
FC03,control,Session1,0127,data/extracted/torgo/FC03/Session1/pos/0127.pos,1148,,,,0,0,3.068,1.491,,none
FC03,control,Session1,0128,data/extracted/torgo/FC03/Session1/pos/0128.pos,434,,,,0,0,3.071,1.579,,none
FC03,control,Session1,0129,data/extracted/torgo/FC03/Session1/pos/0129.pos,431,,,,0,0,3.589,1.624,,none
FC03,control,Session1,0130,data/extracted/torgo/FC03/Session1/pos/0130.pos,354,,,3,1,1,21.098,1.591,large_position_step,medium
FC03,control,Session1,0131,data/extracted/torgo/FC03/Session1/pos/0131.pos,411,,,,0,0,2.884,1.315,,none
FC03,control,Session1,0132,data/extracted/torgo/FC03/Session1/pos/0132.pos,728,,,,0,0,2.745,1.284,,none
FC03,control,Session1,0133,data/extracted/torgo/FC03/Session1/pos/0133.pos,442,,,,0,0,2.56,1.344,,none
FC03,control,Session1,0134,data/extracted/torgo/FC03/Session1/pos/0134.pos,461,,,,0,0,2.066,1.51,,none
FC03,control,Session1,0135,data/extracted/torgo/FC03/Session1/pos/0135.pos,447,,,,0,0,2.629,1.503,,none
FC03,control,Session1,0136,data/extracted/torgo/FC03/Session1/pos/0136.pos,844,,,,0,0,2.626,1.409,,none
FC03,control,Session1,0137,data/extracted/torgo/FC03/Session1/pos/0137.pos,447,,,,0,0,3.201,1.4,,none
FC03,control,Session1,0138,data/extracted/torgo/FC03/Session1/pos/0138.pos,460,,,,0,0,2.77,1.259,,none
FC03,control,Session1,0139,data/extracted/torgo/FC03/Session1/pos/0139.pos,445,,,,0,0,2.252,1.343,,none
FC03,control,Session1,0140,data/extracted/torgo/FC03/Session1/pos/0140.pos,1347,,,,0,0,3.0,1.299,,none
FC03,control,Session1,0141,data/extracted/torgo/FC03/Session1/pos/0141.pos,385,,,,0,0,2.12,1.349,,none
FC03,control,Session1,0142,data/extracted/torgo/FC03/Session1/pos/0142.pos,975,,,,0,0,2.973,1.26,,none
FC03,control,Session1,0143,data/extracted/torgo/FC03/Session1/pos/0143.pos,1076,,,,0,0,3.953,1.66,,none
FC03,control,Session1,0144,data/extracted/torgo/FC03/Session1/pos/0144.pos,431,,,,0,0,2.894,1.614,,none
FC03,control,Session1,0145,data/extracted/torgo/FC03/Session1/pos/0145.pos,456,,,,0,0,5.073,2.29,,none
FC03,control,Session1,0146,data/extracted/torgo/FC03/Session1/pos/0146.pos,370,,,,0,1,11.093,2.011,,none
FC03,control,Session1,0147,data/extracted/torgo/FC03/Session1/pos/0147.pos,364,,,,0,0,3.787,2.109,,none
FC03,control,Session1,0148,data/extracted/torgo/FC03/Session1/pos/0148.pos,426,,,3,1,1,24.452,1.78,large_position_step,medium
FC03,control,Session1,0149,data/extracted/torgo/FC03/Session1/pos/0149.pos,901,,,,0,0,3.408,1.756,,none
FC03,control,Session1,0150,data/extracted/torgo/FC03/Session1/pos/0150.pos,423,,,,0,0,3.65,1.925,,none
FC03,control,Session1,0151,data/extracted/torgo/FC03/Session1/pos/0151.pos,682,,,,0,0,3.558,1.627,,none
FC03,control,Session1,0152,data/extracted/torgo/FC03/Session1/pos/0152.pos,545,,,,0,0,3.744,1.675,,none
FC03,control,Session1,0153,data/extracted/torgo/FC03/Session1/pos/0153.pos,510,,,,0,0,3.067,1.654,,none
FC03,control,Session1,0154,data/extracted/torgo/FC03/Session1/pos/0154.pos,1017,,,,0,0,3.776,1.76,,none
FC03,control,Session1,0155,data/extracted/torgo/FC03/Session1/pos/0155.pos,1167,,,,0,0,4.264,1.763,,none
FC03,control,Session1,0156,data/extracted/torgo/FC03/Session1/pos/0156.pos,487,,,4,1,1,24.507,1.793,large_position_step,medium
FC03,control,Session1,0157,data/extracted/torgo/FC03/Session1/pos/0157.pos,892,,,,0,0,3.861,1.71,,none
FC03,control,Session1,0158,data/extracted/torgo/FC03/Session1/pos/0158.pos,906,,,,0,0,4.041,1.86,,none
FC03,control,Session1,0159,data/extracted/torgo/FC03/Session1/pos/0159.pos,524,,,,0,0,3.349,1.82,,none
FC03,control,Session1,0160,data/extracted/torgo/FC03/Session1/pos/0160.pos,583,,,,0,0,2.664,1.789,,none
FC03,control,Session1,0161,data/extracted/torgo/FC03/Session1/pos/0161.pos,559,,,,0,0,3.84,1.83,,none
FC03,control,Session1,0162,data/extracted/torgo/FC03/Session1/pos/0162.pos,1007,,,3,1,1,22.626,1.731,large_position_step,medium
FC03,control,Session1,0163,data/extracted/torgo/FC03/Session1/pos/0163.pos,398,,,,0,0,2.734,1.226,,none
FC03,control,Session1,0164,data/extracted/torgo/FC03/Session1/pos/0164.pos,391,,,,0,0,2.275,1.46,,none
FC03,control,Session1,0165,data/extracted/torgo/FC03/Session1/pos/0165.pos,468,,,,0,0,2.706,1.526,,none
FC03,control,Session1,0166,data/extracted/torgo/FC03/Session1/pos/0166.pos,429,,,,0,0,2.982,1.338,,none
FC03,control,Session1,0167,data/extracted/torgo/FC03/Session1/pos/0167.pos,406,,,,0,0,2.791,1.523,,none
FC03,control,Session1,0168,data/extracted/torgo/FC03/Session1/pos/0168.pos,362,,,,0,0,3.401,2.297,,none
FC03,control,Session1,0169,data/extracted/torgo/FC03/Session1/pos/0169.pos,857,,,,0,0,3.646,2.199,,none
FC03,control,Session1,0170,data/extracted/torgo/FC03/Session1/pos/0170.pos,987,,,,0,0,3.803,1.798,,none
FC03,control,Session1,0171,data/extracted/torgo/FC03/Session1/pos/0171.pos,467,,,,0,0,2.759,1.865,,none
FC03,control,Session1,0172,data/extracted/torgo/FC03/Session1/pos/0172.pos,493,,,,0,0,3.468,1.816,,none
FC03,control,Session1,0173,data/extracted/torgo/FC03/Session1/pos/0173.pos,431,,,,0,0,3.28,1.872,,none
FC03,control,Session1,0174,data/extracted/torgo/FC03/Session1/pos/0174.pos,469,,,,0,0,3.023,1.768,,none
FC03,control,Session1,0175,data/extracted/torgo/FC03/Session1/pos/0175.pos,441,,,,0,0,2.936,1.771,,none
FC03,control,Session1,0176,data/extracted/torgo/FC03/Session1/pos/0176.pos,424,,,,0,0,3.22,1.825,,none
FC03,control,Session1,0177,data/extracted/torgo/FC03/Session1/pos/0177.pos,386,,,,0,0,3.583,1.777,,none
FC03,control,Session1,0178,data/extracted/torgo/FC03/Session1/pos/0178.pos,357,,,,0,0,2.691,1.582,,none
FC03,control,Session1,0179,data/extracted/torgo/FC03/Session1/pos/0179.pos,842,,,,0,0,3.782,1.873,,none
FC03,control,Session1,0180,data/extracted/torgo/FC03/Session1/pos/0180.pos,826,,,,0,0,4.017,1.874,,none
FC03,control,Session1,0181,data/extracted/torgo/FC03/Session1/pos/0181.pos,428,,,,0,0,3.534,1.753,,none
FC03,control,Session1,0182,data/extracted/torgo/FC03/Session1/pos/0182.pos,401,,,,0,0,3.404,1.839,,none
FC03,control,Session1,0183,data/extracted/torgo/FC03/Session1/pos/0183.pos,422,,,,0,0,4.204,1.926,,none
FC03,control,Session1,0184,data/extracted/torgo/FC03/Session1/pos/0184.pos,416,,,,0,0,3.32,1.837,,none
FC03,control,Session1,0185,data/extracted/torgo/FC03/Session1/pos/0185.pos,950,,,,0,0,3.395,1.83,,none
FC03,control,Session1,0186,data/extracted/torgo/FC03/Session1/pos/0186.pos,321,,,,0,0,3.574,1.825,,none
FC03,control,Session1,0187,data/extracted/torgo/FC03/Session1/pos/0187.pos,649,,,,0,0,3.69,1.705,,none
FC03,control,Session1,0188,data/extracted/torgo/FC03/Session1/pos/0188.pos,513,,,,0,0,3.583,1.806,,none
FC03,control,Session1,0189,data/extracted/torgo/FC03/Session1/pos/0189.pos,436,,,,0,1,13.215,1.893,,none
FC03,control,Session1,0190,data/extracted/torgo/FC03/Session1/pos/0190.pos,779,,,,0,0,3.936,2.033,,none
FC03,control,Session1,0191,data/extracted/torgo/FC03/Session1/pos/0191.pos,444,,,,0,0,4.162,1.756,,none
FC03,control,Session1,0192,data/extracted/torgo/FC03/Session1/pos/0192.pos,378,,,,0,0,3.464,1.796,,none
FC03,control,Session1,0193,data/extracted/torgo/FC03/Session1/pos/0193.pos,457,,,,0,0,2.721,1.718,,none
FC03,control,Session1,0194,data/extracted/torgo/FC03/Session1/pos/0194.pos,336,,,,0,0,4.234,2.446,,none
FC03,control,Session1,0195,data/extracted/torgo/FC03/Session1/pos/0195.pos,317,,,,0,0,5.184,2.719,,none
FC03,control,Session1,0196,data/extracted/torgo/FC03/Session1/pos/0196.pos,318,,,,0,0,3.474,1.796,,none
FC03,control,Session1,0197,data/extracted/torgo/FC03/Session1/pos/0197.pos,348,,,,0,0,3.535,1.751,,none
FC03,control,Session1,0198,data/extracted/torgo/FC03/Session1/pos/0198.pos,727,,,,0,0,3.295,1.626,,none
FC03,control,Session1,0199,data/extracted/torgo/FC03/Session1/pos/0199.pos,352,,,,0,0,2.861,1.608,,none
FC03,control,Session1,0200,data/extracted/torgo/FC03/Session1/pos/0200.pos,340,,,,0,0,3.697,1.818,,none
FC03,control,Session1,0201,data/extracted/torgo/FC03/Session1/pos/0201.pos,361,,,,0,0,4.067,1.92,,none
FC03,control,Session1,0202,data/extracted/torgo/FC03/Session1/pos/0202.pos,63,,,,0,0,2.602,1.401,,none
FC03,control,Session1,0203,data/extracted/torgo/FC03/Session1/pos/0203.pos,1402,,,,0,0,4.096,1.742,,none
FC03,control,Session1,0204,data/extracted/torgo/FC03/Session1/pos/0204.pos,516,,,,0,0,4.303,1.94,,none
FC03,control,Session1,0205,data/extracted/torgo/FC03/Session1/pos/0205.pos,1177,,,,0,0,4.339,1.89,,none
FC03,control,Session1,0206,data/extracted/torgo/FC03/Session1/pos/0206.pos,446,,,,0,0,9.677,1.831,,none
FC03,control,Session1,0207,data/extracted/torgo/FC03/Session1/pos/0207.pos,386,,,,0,0,2.781,1.383,,none
FC03,control,Session1,0208,data/extracted/torgo/FC03/Session1/pos/0208.pos,788,,,1,1,2,82.881,1.794,large_position_step,medium
FC03,control,Session1,0209,data/extracted/torgo/FC03/Session1/pos/0209.pos,772,,,,0,0,2.905,1.605,,none
FC03,control,Session1,0210,data/extracted/torgo/FC03/Session1/pos/0210.pos,517,,,,0,0,3.199,1.773,,none
FC03,control,Session1,0211,data/extracted/torgo/FC03/Session1/pos/0211.pos,427,,,,0,0,3.197,1.564,,none
FC03,control,Session1,0212,data/extracted/torgo/FC03/Session1/pos/0212.pos,753,,,,0,0,3.098,1.52,,none
FC03,control,Session1,0213,data/extracted/torgo/FC03/Session1/pos/0213.pos,369,,,,0,0,2.32,1.403,,none
FC03,control,Session1,0214,data/extracted/torgo/FC03/Session1/pos/0214.pos,729,,,,0,0,7.885,1.589,,none
FC03,control,Session1,0215,data/extracted/torgo/FC03/Session1/pos/0215.pos,445,,,,0,0,3.1,1.537,,none
FC03,control,Session1,0216,data/extracted/torgo/FC03/Session1/pos/0216.pos,459,,,,0,0,3.991,1.524,,none
FC03,control,Session1,0217,data/extracted/torgo/FC03/Session1/pos/0217.pos,408,,,,0,0,2.914,1.584,,none
FC03,control,Session1,0218,data/extracted/torgo/FC03/Session1/pos/0218.pos,355,,,,0,0,2.653,1.545,,none
FC03,control,Session1,0219,data/extracted/torgo/FC03/Session1/pos/0219.pos,356,,,,0,0,3.093,1.607,,none
FC03,control,Session1,0220,data/extracted/torgo/FC03/Session1/pos/0220.pos,544,,,,0,0,3.85,1.792,,none
FC03,control,Session1,0221,data/extracted/torgo/FC03/Session1/pos/0221.pos,490,,,,0,0,2.52,1.462,,none
FC03,control,Session1,0222,data/extracted/torgo/FC03/Session1/pos/0222.pos,463,,,,0,0,2.539,1.755,,none
FC03,control,Session1,0223,data/extracted/torgo/FC03/Session1/pos/0223.pos,393,,,,0,0,3.153,1.765,,none
FC03,control,Session1,0224,data/extracted/torgo/FC03/Session1/pos/0224.pos,405,,,,0,0,2.844,1.654,,none
FC03,control,Session1,0225,data/extracted/torgo/FC03/Session1/pos/0225.pos,369,,,,0,0,2.729,1.578,,none
FC03,control,Session1,0226,data/extracted/torgo/FC03/Session1/pos/0226.pos,323,,,,0,0,8.327,1.595,,none
FC03,control,Session1,0227,data/extracted/torgo/FC03/Session1/pos/0227.pos,447,,,,0,0,2.441,1.701,,none
FC03,control,Session1,0228,data/extracted/torgo/FC03/Session1/pos/0228.pos,364,,,,0,0,3.197,1.796,,none
FC03,control,Session1,0229,data/extracted/torgo/FC03/Session1/pos/0229.pos,450,,,,0,0,3.134,1.632,,none
FC03,control,Session1,0230,data/extracted/torgo/FC03/Session1/pos/0230.pos,990,,,,0,0,4.169,1.836,,none
FC03,control,Session1,0231,data/extracted/torgo/FC03/Session1/pos/0231.pos,913,,,,0,0,3.292,1.805,,none
FC03,control,Session1,0232,data/extracted/torgo/FC03/Session1/pos/0232.pos,743,,,,0,0,4.107,1.804,,none
FC03,control,Session1,0233,data/extracted/torgo/FC03/Session1/pos/0233.pos,384,,,,0,0,2.799,1.837,,none
FC03,control,Session1,0234,data/extracted/torgo/FC03/Session1/pos/0234.pos,581,,,,0,0,2.817,1.722,,none
FC03,control,Session1,0235,data/extracted/torgo/FC03/Session1/pos/0235.pos,379,,,,0,0,3.523,1.699,,none
FC03,control,Session1,0236,data/extracted/torgo/FC03/Session1/pos/0236.pos,309,,,,0,0,3.467,1.69,,none
FC03,control,Session1,0237,data/extracted/torgo/FC03/Session1/pos/0237.pos,568,,,,0,0,3.629,1.73,,none
FC03,control,Session1,0238,data/extracted/torgo/FC03/Session1/pos/0238.pos,339,,,,0,0,3.259,1.841,,none
FC03,control,Session1,0239,data/extracted/torgo/FC03/Session1/pos/0239.pos,339,,,,0,0,3.162,1.852,,none
FC03,control,Session1,0240,data/extracted/torgo/FC03/Session1/pos/0240.pos,341,,,,0,0,2.943,1.663,,none
FC03,control,Session1,0241,data/extracted/torgo/FC03/Session1/pos/0241.pos,358,,,,0,0,3.391,1.688,,none
FC03,control,Session1,0242,data/extracted/torgo/FC03/Session1/pos/0242.pos,544,,,,0,0,3.788,1.78,,none
FC03,control,Session1,0243,data/extracted/torgo/FC03/Session1/pos/0243.pos,669,,,,0,0,3.486,1.809,,none
FC03,control,Session1,0244,data/extracted/torgo/FC03/Session1/pos/0244.pos,352,,,,0,0,3.393,1.77,,none
FC03,control,Session1,0245,data/extracted/torgo/FC03/Session1/pos/0245.pos,542,,,,0,0,3.047,1.523,,none
FC03,control,Session1,0246,data/extracted/torgo/FC03/Session1/pos/0246.pos,446,,,,0,0,4.266,1.951,,none
FC03,control,Session1,0247,data/extracted/torgo/FC03/Session1/pos/0247.pos,668,,,,0,0,1.809,1.233,,none
FC03,control,Session1,0248,data/extracted/torgo/FC03/Session1/pos/0248.pos,349,,,,0,0,1.852,1.098,,none
FC03,control,Session1,0249,data/extracted/torgo/FC03/Session1/pos/0249.pos,350,,,,0,0,1.692,1.064,,none
FC03,control,Session1,0250,data/extracted/torgo/FC03/Session1/pos/0250.pos,321,,,,0,0,1.613,1.004,,none
FC03,control,Session1,0251,data/extracted/torgo/FC03/Session1/pos/0251.pos,457,,,,0,0,1.767,1.088,,none
FC03,control,Session1,0252,data/extracted/torgo/FC03/Session1/pos/0252.pos,412,,,,0,0,1.979,1.148,,none
FC03,control,Session1,0253,data/extracted/torgo/FC03/Session1/pos/0253.pos,351,,,,0,0,2.699,1.426,,none
FC03,control,Session1,0254,data/extracted/torgo/FC03/Session1/pos/0254.pos,421,,,,0,0,2.795,1.35,,none
FC03,control,Session1,0255,data/extracted/torgo/FC03/Session1/pos/0255.pos,881,,,,0,1,19.369,1.587,,none
FC03,control,Session1,0256,data/extracted/torgo/FC03/Session1/pos/0256.pos,292,,,,0,0,2.703,1.507,,none
FC03,control,Session1,0257,data/extracted/torgo/FC03/Session1/pos/0257.pos,344,,,,0,0,2.158,1.3,,none
FC03,control,Session1,0258,data/extracted/torgo/FC03/Session1/pos/0258.pos,378,,,,0,0,2.504,1.31,,none
FC03,control,Session1,0259,data/extracted/torgo/FC03/Session1/pos/0259.pos,394,,,,0,0,2.698,1.299,,none
FC03,control,Session1,0260,data/extracted/torgo/FC03/Session1/pos/0260.pos,371,,,,0,0,2.44,1.246,,none
FC03,control,Session1,0261,data/extracted/torgo/FC03/Session1/pos/0261.pos,613,,,,0,0,2.225,1.328,,none
FC03,control,Session1,0262,data/extracted/torgo/FC03/Session1/pos/0262.pos,389,,,,0,0,2.807,1.414,,none
FC03,control,Session1,0263,data/extracted/torgo/FC03/Session1/pos/0263.pos,365,,,,0,0,2.293,1.349,,none
FC03,control,Session1,0264,data/extracted/torgo/FC03/Session1/pos/0264.pos,420,,,,0,0,9.622,2.313,,none
FC03,control,Session1,0265,data/extracted/torgo/FC03/Session1/pos/0265.pos,373,,,,0,0,2.853,1.482,,none
FC03,control,Session1,0266,data/extracted/torgo/FC03/Session1/pos/0266.pos,770,,,,0,0,1.463,0.9,,none
FC03,control,Session1,0267,data/extracted/torgo/FC03/Session1/pos/0267.pos,665,,,,0,0,1.846,1.001,,none
FC03,control,Session1,0268,data/extracted/torgo/FC03/Session1/pos/0268.pos,376,,,,0,0,3.084,1.022,,none
FC03,control,Session1,0269,data/extracted/torgo/FC03/Session1/pos/0269.pos,360,,,,0,0,1.299,0.914,,none
FC03,control,Session1,0270,data/extracted/torgo/FC03/Session1/pos/0270.pos,827,,,,0,0,3.187,0.974,,none
FC03,control,Session1,0271,data/extracted/torgo/FC03/Session1/pos/0271.pos,380,,,,0,0,1.415,0.951,,none
FC03,control,Session1,0272,data/extracted/torgo/FC03/Session1/pos/0272.pos,613,,,,0,0,2.003,1.061,,none
FC03,control,Session1,0273,data/extracted/torgo/FC03/Session1/pos/0273.pos,410,,,,0,0,1.495,0.967,,none
FC03,control,Session1,0274,data/extracted/torgo/FC03/Session1/pos/0274.pos,382,,,,0,0,1.698,1.007,,none
FC03,control,Session1,0275,data/extracted/torgo/FC03/Session1/pos/0275.pos,364,,,,0,0,1.319,0.908,,none
FC03,control,Session1,0276,data/extracted/torgo/FC03/Session1/pos/0276.pos,444,,,,0,0,1.639,1.009,,none
FC03,control,Session1,0277,data/extracted/torgo/FC03/Session1/pos/0277.pos,337,,,,0,0,7.155,1.982,,none
FC03,control,Session1,0278,data/extracted/torgo/FC03/Session1/pos/0278.pos,319,,,,0,0,1.236,0.944,,none
FC03,control,Session1,0279,data/extracted/torgo/FC03/Session1/pos/0279.pos,358,,,,0,0,1.417,0.975,,none
FC03,control,Session1,0280,data/extracted/torgo/FC03/Session1/pos/0280.pos,363,,,,0,0,1.241,0.918,,none
FC03,control,Session1,0281,data/extracted/torgo/FC03/Session1/pos/0281.pos,387,,,1,3,3,121.103,0.967,large_position_step,medium
FC03,control,Session1,0282,data/extracted/torgo/FC03/Session1/pos/0282.pos,412,,,,0,0,1.548,1.055,,none
FC03,control,Session1,0283,data/extracted/torgo/FC03/Session1/pos/0283.pos,887,,,,0,0,1.549,0.943,,none
FC03,control,Session1,0284,data/extracted/torgo/FC03/Session1/pos/0284.pos,358,,,,0,0,1.18,0.895,,none
FC03,control,Session1,0285,data/extracted/torgo/FC03/Session1/pos/0285.pos,358,,,,0,0,1.325,0.873,,none
FC03,control,Session1,0286,data/extracted/torgo/FC03/Session1/pos/0286.pos,634,,,1,3,5,246.451,1.158,large_position_step,medium
FC03,control,Session1,0287,data/extracted/torgo/FC03/Session1/pos/0287.pos,422,,,,0,0,1.499,1.006,,none
FC03,control,Session1,0288,data/extracted/torgo/FC03/Session1/pos/0288.pos,371,,,,0,0,1.634,1.04,,none
FC03,control,Session1,0289,data/extracted/torgo/FC03/Session1/pos/0289.pos,319,,,,0,0,1.391,0.951,,none
FC03,control,Session1,0290,data/extracted/torgo/FC03/Session1/pos/0290.pos,597,,,,0,0,4.696,1.045,,none
FC03,control,Session1,0291,data/extracted/torgo/FC03/Session1/pos/0291.pos,402,,,,0,0,1.698,0.929,,none
FC03,control,Session1,0292,data/extracted/torgo/FC03/Session1/pos/0292.pos,363,,,,0,0,2.605,1.168,,none
FC03,control,Session1,0293,data/extracted/torgo/FC03/Session1/pos/0293.pos,344,,,,0,0,2.39,1.002,,none
FC03,control,Session1,0294,data/extracted/torgo/FC03/Session1/pos/0294.pos,332,,,,0,0,1.624,0.947,,none
FC03,control,Session1,0295,data/extracted/torgo/FC03/Session1/pos/0295.pos,424,,,,0,0,1.485,0.969,,none
FC03,control,Session1,0296,data/extracted/torgo/FC03/Session1/pos/0296.pos,627,,,,0,0,1.539,0.998,,none
FC03,control,Session1,0297,data/extracted/torgo/FC03/Session1/pos/0297.pos,762,,,,0,0,1.635,1.106,,none
FC03,control,Session1,0298,data/extracted/torgo/FC03/Session1/pos/0298.pos,1339,,,,0,0,1.515,0.996,,none
FC03,control,Session1,0299,data/extracted/torgo/FC03/Session1/pos/0299.pos,432,,,,0,0,1.904,1.01,,none
FC03,control,Session1,0300,data/extracted/torgo/FC03/Session1/pos/0300.pos,760,,,,0,0,1.575,0.939,,none
FC03,control,Session1,0301,data/extracted/torgo/FC03/Session1/pos/0301.pos,706,,,,0,0,1.528,0.976,,none
FC03,control,Session1,0302,data/extracted/torgo/FC03/Session1/pos/0302.pos,319,,,,0,0,1.614,0.797,,none
FC03,control,Session1,0303,data/extracted/torgo/FC03/Session1/pos/0303.pos,756,,,,0,0,2.066,0.916,,none
FC03,control,Session1,0304,data/extracted/torgo/FC03/Session1/pos/0304.pos,946,,,1,4,5,258.578,1.139,large_position_step,medium
FC03,control,Session1,0305,data/extracted/torgo/FC03/Session1/pos/0305.pos,380,,,,0,0,1.455,0.895,,none
FC03,control,Session1,0306,data/extracted/torgo/FC03/Session1/pos/0306.pos,425,,,,0,0,1.223,0.804,,none
FC03,control,Session1,0307,data/extracted/torgo/FC03/Session1/pos/0307.pos,1050,,,,0,0,1.255,0.788,,none
FC03,control,Session1,0308,data/extracted/torgo/FC03/Session1/pos/0308.pos,448,,,,0,1,15.518,0.771,,none
FC03,control,Session1,0309,data/extracted/torgo/FC03/Session1/pos/0309.pos,559,,,,0,0,1.158,0.672,,none
FC03,control,Session1,0310,data/extracted/torgo/FC03/Session1/pos/0310.pos,467,,,,0,0,1.792,0.78,,none
FC03,control,Session1,0311,data/extracted/torgo/FC03/Session1/pos/0311.pos,446,,,,0,0,1.259,0.691,,none
FC03,control,Session1,0312,data/extracted/torgo/FC03/Session1/pos/0312.pos,918,,,,0,0,1.418,0.812,,none
FC03,control,Session1,0313,data/extracted/torgo/FC03/Session1/pos/0313.pos,454,,,,0,0,1.307,0.839,,none
FC03,control,Session1,0314,data/extracted/torgo/FC03/Session1/pos/0314.pos,424,,,,0,0,1.622,0.787,,none
FC03,control,Session1,0315,data/extracted/torgo/FC03/Session1/pos/0315.pos,423,,,,0,0,1.444,0.878,,none
FC03,control,Session1,0316,data/extracted/torgo/FC03/Session1/pos/0316.pos,382,,,,0,0,1.064,0.748,,none
FC03,control,Session1,0317,data/extracted/torgo/FC03/Session1/pos/0317.pos,455,,,10,1,1,26.309,0.972,large_position_step,medium
FC03,control,Session1,0318,data/extracted/torgo/FC03/Session1/pos/0318.pos,808,,,,0,0,8.342,0.978,,none
FC03,control,Session1,0319,data/extracted/torgo/FC03/Session1/pos/0319.pos,1008,,,1|2|4|6|7,10,27,87.249,3.192,large_position_step,high
FC03,control,Session1,0320,data/extracted/torgo/FC03/Session1/pos/0320.pos,878,,,,0,0,2.014,1.144,,none
FC03,control,Session1,0321,data/extracted/torgo/FC03/Session1/pos/0321.pos,1004,,,,0,0,1.596,0.906,,none
FC03,control,Session1,0322,data/extracted/torgo/FC03/Session1/pos/0322.pos,780,,,,0,0,2.001,1.158,,none
FC03,control,Session1,0323,data/extracted/torgo/FC03/Session1/pos/0323.pos,878,,,,0,0,1.772,1.168,,none
FC03,control,Session1,0324,data/extracted/torgo/FC03/Session1/pos/0324.pos,403,,,,0,0,2.109,1.412,,none
FC03,control,Session1,0325,data/extracted/torgo/FC03/Session1/pos/0325.pos,425,,,,0,0,1.853,1.268,,none
FC03,control,Session1,0326,data/extracted/torgo/FC03/Session1/pos/0326.pos,407,,,,0,0,2.951,1.267,,none
FC03,control,Session1,0327,data/extracted/torgo/FC03/Session1/pos/0327.pos,399,,,,0,0,2.05,1.338,,none
FC03,control,Session1,0328,data/extracted/torgo/FC03/Session1/pos/0328.pos,972,,,,0,0,1.707,1.179,,none
FC03,control,Session1,0329,data/extracted/torgo/FC03/Session1/pos/0329.pos,398,,,,0,0,1.374,1.027,,none
FC03,control,Session1,0330,data/extracted/torgo/FC03/Session1/pos/0330.pos,803,,,,0,0,1.441,0.976,,none
FC03,control,Session1,0331,data/extracted/torgo/FC03/Session1/pos/0331.pos,762,,,,0,0,2.201,1.183,,none
FC03,control,Session1,0332,data/extracted/torgo/FC03/Session1/pos/0332.pos,1002,,,,0,0,1.939,1.093,,none
FC03,control,Session1,0333,data/extracted/torgo/FC03/Session1/pos/0333.pos,387,,,,0,0,4.002,1.299,,none
FC03,control,Session1,0334,data/extracted/torgo/FC03/Session1/pos/0334.pos,440,,,,0,0,2.046,1.357,,none
FC03,control,Session1,0335,data/extracted/torgo/FC03/Session1/pos/0335.pos,435,,,,0,0,1.857,1.3,,none
FC03,control,Session1,0336,data/extracted/torgo/FC03/Session1/pos/0336.pos,474,,,,0,0,1.755,1.271,,none
FC03,control,Session1,0337,data/extracted/torgo/FC03/Session1/pos/0337.pos,411,,,,0,0,2.129,1.521,,none
FC03,control,Session1,0338,data/extracted/torgo/FC03/Session1/pos/0338.pos,550,,,,0,0,2.301,1.546,,none
FC03,control,Session1,0339,data/extracted/torgo/FC03/Session1/pos/0339.pos,491,,,,0,0,1.982,1.409,,none
FC03,control,Session1,0340,data/extracted/torgo/FC03/Session1/pos/0340.pos,482,,,,0,0,2.121,1.596,,none
FC03,control,Session1,0341,data/extracted/torgo/FC03/Session1/pos/0341.pos,780,,,,0,0,2.382,1.508,,none
FC03,control,Session1,0342,data/extracted/torgo/FC03/Session1/pos/0342.pos,930,,,,0,0,2.301,1.532,,none
FC03,control,Session1,0343,data/extracted/torgo/FC03/Session1/pos/0343.pos,1434,,,,0,0,2.946,1.479,,none
FC03,control,Session1,0344,data/extracted/torgo/FC03/Session1/pos/0344.pos,63,,,,0,0,1.923,1.081,,none
FC03,control,Session1,0345,data/extracted/torgo/FC03/Session1/pos/0345.pos,1618,,,1,5,7,242.201,1.712,large_position_step,medium
FC03,control,Session1,0346,data/extracted/torgo/FC03/Session1/pos/0346.pos,434,,,,0,0,2.132,1.059,,none
FC03,control,Session1,0347,data/extracted/torgo/FC03/Session1/pos/0347.pos,390,,,,0,0,1.498,0.989,,none
FC03,control,Session1,0348,data/extracted/torgo/FC03/Session1/pos/0348.pos,416,,,,0,0,1.334,0.963,,none
FC03,control,Session1,0349,data/extracted/torgo/FC03/Session1/pos/0349.pos,345,,,,0,0,1.624,0.97,,none
FC03,control,Session1,0350,data/extracted/torgo/FC03/Session1/pos/0350.pos,416,,,,0,0,1.633,1.147,,none
FC03,control,Session1,0351,data/extracted/torgo/FC03/Session1/pos/0351.pos,383,,,,0,0,1.601,1.159,,none
FC03,control,Session1,0352,data/extracted/torgo/FC03/Session1/pos/0352.pos,720,,,,0,0,1.81,1.149,,none
FC03,control,Session1,0353,data/extracted/torgo/FC03/Session1/pos/0353.pos,836,,,,0,0,1.49,1.016,,none
FC03,control,Session1,0354,data/extracted/torgo/FC03/Session1/pos/0354.pos,461,,,,0,0,1.729,1.075,,none
FC03,control,Session1,0355,data/extracted/torgo/FC03/Session1/pos/0355.pos,1092,,,,0,0,1.665,1.012,,none
FC03,control,Session1,0356,data/extracted/torgo/FC03/Session1/pos/0356.pos,995,,,,0,0,1.674,1.075,,none
FC03,control,Session1,0357,data/extracted/torgo/FC03/Session1/pos/0357.pos,361,,,,0,0,2.661,0.852,,none
FC03,control,Session1,0358,data/extracted/torgo/FC03/Session1/pos/0358.pos,393,,,,0,0,1.259,0.905,,none
FC03,control,Session1,0359,data/extracted/torgo/FC03/Session1/pos/0359.pos,427,,,,0,0,1.526,1.078,,none
FC03,control,Session1,0360,data/extracted/torgo/FC03/Session1/pos/0360.pos,715,,,,0,0,1.441,1.04,,none
FC03,control,Session1,0361,data/extracted/torgo/FC03/Session1/pos/0361.pos,489,,,10,1,3,31.418,1.007,large_position_step,medium
FC03,control,Session1,0362,data/extracted/torgo/FC03/Session1/pos/0362.pos,441,,,,0,0,1.29,0.886,,none
FC03,control,Session1,0363,data/extracted/torgo/FC03/Session1/pos/0363.pos,412,,,,0,0,1.951,0.954,,none
FC03,control,Session1,0364,data/extracted/torgo/FC03/Session1/pos/0364.pos,399,,,,0,0,1.332,0.854,,none
FC03,control,Session1,0365,data/extracted/torgo/FC03/Session1/pos/0365.pos,429,,,,0,0,1.772,0.95,,none
FC03,control,Session1,0366,data/extracted/torgo/FC03/Session1/pos/0366.pos,375,,,,0,0,1.769,0.973,,none
FC03,control,Session1,0367,data/extracted/torgo/FC03/Session1/pos/0367.pos,1020,,,,0,0,1.312,0.87,,none
FC03,control,Session1,0368,data/extracted/torgo/FC03/Session1/pos/0368.pos,418,,,1,3,4,119.779,1.266,large_position_step,medium
FC03,control,Session1,0369,data/extracted/torgo/FC03/Session1/pos/0369.pos,686,,,1,1,3,156.072,1.306,large_position_step,medium
FC03,control,Session1,0370,data/extracted/torgo/FC03/Session1/pos/0370.pos,378,,,,0,0,1.497,0.762,,none
FC03,control,Session1,0371,data/extracted/torgo/FC03/Session1/pos/0371.pos,409,,,,0,0,1.298,0.785,,none
FC03,control,Session1,0372,data/extracted/torgo/FC03/Session1/pos/0372.pos,666,,,,0,0,1.632,1.021,,none
FC03,control,Session1,0373,data/extracted/torgo/FC03/Session1/pos/0373.pos,1472,,,,0,0,1.643,1.016,,none
FC03,control,Session1,0374,data/extracted/torgo/FC03/Session1/pos/0374.pos,1699,,,,0,0,4.545,0.933,,none
FC03,control,Session1,0375,data/extracted/torgo/FC03/Session1/pos/0375.pos,473,,,,0,0,2.318,1.319,,none
FC03,control,Session1,0376,data/extracted/torgo/FC03/Session1/pos/0376.pos,466,,,,0,0,1.969,1.175,,none
FC03,control,Session1,0377,data/extracted/torgo/FC03/Session1/pos/0377.pos,447,,,,0,0,1.586,1.152,,none
FC03,control,Session1,0378,data/extracted/torgo/FC03/Session1/pos/0378.pos,413,,,,0,0,1.494,1.006,,none
FC03,control,Session1,0379,data/extracted/torgo/FC03/Session1/pos/0379.pos,407,,,,0,0,1.348,0.978,,none
FC03,control,Session1,0380,data/extracted/torgo/FC03/Session1/pos/0380.pos,487,,,,0,0,1.579,0.947,,none
FC03,control,Session1,0381,data/extracted/torgo/FC03/Session1/pos/0381.pos,418,,,,0,0,1.193,0.801,,none
FC03,control,Session1,0382,data/extracted/torgo/FC03/Session1/pos/0382.pos,442,,,,0,0,2.108,0.891,,none
FC03,control,Session1,0383,data/extracted/torgo/FC03/Session1/pos/0383.pos,714,,,1,2,6,41.17,1.729,large_position_step,medium
FC03,control,Session1,0384,data/extracted/torgo/FC03/Session1/pos/0384.pos,451,,,,0,2,16.289,0.945,,none
FC03,control,Session1,0385,data/extracted/torgo/FC03/Session1/pos/0385.pos,881,,,,0,0,1.587,0.984,,none
FC03,control,Session1,0386,data/extracted/torgo/FC03/Session1/pos/0386.pos,474,,,,0,0,1.321,0.85,,none
FC03,control,Session1,0387,data/extracted/torgo/FC03/Session1/pos/0387.pos,484,,,,0,0,1.193,0.938,,none
FC03,control,Session1,0388,data/extracted/torgo/FC03/Session1/pos/0388.pos,404,,,,0,0,1.788,1.1,,none
FC03,control,Session1,0389,data/extracted/torgo/FC03/Session1/pos/0389.pos,411,,,,0,0,7.196,1.052,,none
FC03,control,Session1,0390,data/extracted/torgo/FC03/Session1/pos/0390.pos,398,,,,0,0,1.522,0.966,,none
FC03,control,Session1,0391,data/extracted/torgo/FC03/Session1/pos/0391.pos,425,,,,0,0,1.383,0.847,,none
FC03,control,Session1,0392,data/extracted/torgo/FC03/Session1/pos/0392.pos,431,,,,0,0,1.075,0.755,,none
FC03,control,Session1,0393,data/extracted/torgo/FC03/Session1/pos/0393.pos,743,,,,0,0,1.421,0.844,,none
FC03,control,Session1,0394,data/extracted/torgo/FC03/Session1/pos/0394.pos,461,,,,0,0,1.824,1.065,,none
FC03,control,Session1,0395,data/extracted/torgo/FC03/Session1/pos/0395.pos,421,,,,0,0,1.764,1.127,,none
FC03,control,Session1,0396,data/extracted/torgo/FC03/Session1/pos/0396.pos,724,,,,0,0,1.491,1.025,,none
FC03,control,Session1,0397,data/extracted/torgo/FC03/Session1/pos/0397.pos,403,,,,0,0,1.486,0.97,,none
FC03,control,Session1,0398,data/extracted/torgo/FC03/Session1/pos/0398.pos,406,,,,0,0,1.616,0.92,,none
FC03,control,Session1,0399,data/extracted/torgo/FC03/Session1/pos/0399.pos,394,,,,0,2,10.916,1.179,,none
FC03,control,Session1,0400,data/extracted/torgo/FC03/Session1/pos/0400.pos,430,,,,0,0,3.598,1.037,,none
FC03,control,Session1,0401,data/extracted/torgo/FC03/Session1/pos/0401.pos,865,,,,0,0,4.471,1.045,,none
FC03,control,Session1,0402,data/extracted/torgo/FC03/Session1/pos/0402.pos,454,,,,0,0,2.12,1.06,,none
FC03,control,Session1,0403,data/extracted/torgo/FC03/Session1/pos/0403.pos,456,,,,0,0,1.746,1.005,,none
FC03,control,Session1,0404,data/extracted/torgo/FC03/Session1/pos/0404.pos,393,,,,0,0,1.827,1.087,,none
FC03,control,Session1,0405,data/extracted/torgo/FC03/Session1/pos/0405.pos,356,,,,0,0,1.875,1.21,,none
FC03,control,Session2,0001,data/extracted/torgo/FC03/Session2/pos/0001.pos,790,,,,0,0,1.536,0.699,,none
FC03,control,Session2,0002,data/extracted/torgo/FC03/Session2/pos/0002.pos,746,,,,0,0,1.55,0.712,,none
FC03,control,Session2,0003,data/extracted/torgo/FC03/Session2/pos/0003.pos,422,,,,0,0,1.35,0.615,,none
FC03,control,Session2,0004,data/extracted/torgo/FC03/Session2/pos/0004.pos,391,,,,0,0,1.221,0.673,,none
FC03,control,Session2,0005,data/extracted/torgo/FC03/Session2/pos/0005.pos,805,,,,0,0,1.195,0.731,,none
FC03,control,Session2,0006,data/extracted/torgo/FC03/Session2/pos/0006.pos,501,,,,0,0,1.401,0.647,,none
FC03,control,Session2,0007,data/extracted/torgo/FC03/Session2/pos/0007.pos,367,,,,0,0,1.053,0.576,,none
FC03,control,Session2,0008,data/extracted/torgo/FC03/Session2/pos/0008.pos,378,,,,0,0,1.773,0.782,,none
FC03,control,Session2,0009,data/extracted/torgo/FC03/Session2/pos/0009.pos,998,,,,0,0,2.08,1.049,,none
FC03,control,Session2,0010,data/extracted/torgo/FC03/Session2/pos/0010.pos,389,,,9,1,2,38.087,1.279,large_position_step,medium
FC03,control,Session2,0011,data/extracted/torgo/FC03/Session2/pos/0011.pos,881,,,9,2,4,21.734,1.271,large_position_step,medium
FC03,control,Session2,0012,data/extracted/torgo/FC03/Session2/pos/0012.pos,375,,,9,1,1,49.831,0.687,large_position_step,medium
FC03,control,Session2,0013,data/extracted/torgo/FC03/Session2/pos/0013.pos,1287,,,,0,0,2.061,0.852,,none
FC03,control,Session2,0014,data/extracted/torgo/FC03/Session2/pos/0014.pos,1259,,,,0,0,1.698,0.916,,none
FC03,control,Session2,0015,data/extracted/torgo/FC03/Session2/pos/0015.pos,739,,,9,1,2,20.083,1.026,large_position_step,medium
FC03,control,Session2,0016,data/extracted/torgo/FC03/Session2/pos/0016.pos,428,,,,0,0,5.94,1.108,,none
FC03,control,Session2,0017,data/extracted/torgo/FC03/Session2/pos/0017.pos,480,,,,0,0,6.99,1.026,,none
FC03,control,Session2,0018,data/extracted/torgo/FC03/Session2/pos/0018.pos,815,,,,0,1,13.692,1.212,,none
FC03,control,Session2,0019,data/extracted/torgo/FC03/Session2/pos/0019.pos,1447,,,,0,1,16.42,1.273,,none
FC03,control,Session2,0020,data/extracted/torgo/FC03/Session2/pos/0020.pos,430,,,,0,0,2.256,0.999,,none
FC03,control,Session2,0021,data/extracted/torgo/FC03/Session2/pos/0021.pos,425,,,,0,0,6.227,1.557,,none
FC03,control,Session2,0022,data/extracted/torgo/FC03/Session2/pos/0022.pos,1048,,,,0,0,7.509,1.386,,none
FC03,control,Session2,0023,data/extracted/torgo/FC03/Session2/pos/0023.pos,425,,,,0,0,4.215,1.374,,none
FC03,control,Session2,0024,data/extracted/torgo/FC03/Session2/pos/0024.pos,371,,,,0,0,1.503,0.763,,none
FC03,control,Session2,0025,data/extracted/torgo/FC03/Session2/pos/0025.pos,896,,,,0,0,3.307,0.947,,none
FC03,control,Session2,0026,data/extracted/torgo/FC03/Session2/pos/0026.pos,382,,,,0,0,1.522,0.763,,none
FC03,control,Session2,0027,data/extracted/torgo/FC03/Session2/pos/0027.pos,389,,,,0,0,1.276,0.627,,none
FC03,control,Session2,0028,data/extracted/torgo/FC03/Session2/pos/0028.pos,985,,,9,3,5,53.337,1.17,large_position_step,medium
FC03,control,Session2,0029,data/extracted/torgo/FC03/Session2/pos/0029.pos,868,,,,0,0,9.182,0.985,,none
FC03,control,Session2,0030,data/extracted/torgo/FC03/Session2/pos/0030.pos,394,,,,0,1,14.447,1.6,,none
FC03,control,Session2,0031,data/extracted/torgo/FC03/Session2/pos/0031.pos,439,,,,0,2,13.86,1.192,,none
FC03,control,Session2,0032,data/extracted/torgo/FC03/Session2/pos/0032.pos,347,,,,0,0,2.06,0.813,,none
FC03,control,Session2,0033,data/extracted/torgo/FC03/Session2/pos/0033.pos,408,,,,0,0,2.595,0.984,,none
FC03,control,Session2,0034,data/extracted/torgo/FC03/Session2/pos/0034.pos,379,,,,0,0,1.569,0.736,,none
FC03,control,Session2,0035,data/extracted/torgo/FC03/Session2/pos/0035.pos,376,,,,0,0,2.258,0.958,,none
FC03,control,Session2,0036,data/extracted/torgo/FC03/Session2/pos/0036.pos,406,,,,0,5,19.499,1.279,,none
FC03,control,Session2,0037,data/extracted/torgo/FC03/Session2/pos/0037.pos,409,,,,0,0,1.669,0.835,,none
FC03,control,Session2,0038,data/extracted/torgo/FC03/Session2/pos/0038.pos,412,,,,0,0,2.166,0.946,,none
FC03,control,Session2,0039,data/extracted/torgo/FC03/Session2/pos/0039.pos,442,,,9,1,2,21.344,1.087,large_position_step,medium
FC03,control,Session2,0040,data/extracted/torgo/FC03/Session2/pos/0040.pos,483,,,9,1,1,22.581,1.19,large_position_step,medium
FC03,control,Session2,0041,data/extracted/torgo/FC03/Session2/pos/0041.pos,458,,,,0,2,16.47,0.748,,none
FC03,control,Session2,0042,data/extracted/torgo/FC03/Session2/pos/0042.pos,453,,,,0,0,3.231,1.034,,none
FC03,control,Session2,0043,data/extracted/torgo/FC03/Session2/pos/0043.pos,415,,,9,1,1,28.033,0.949,large_position_step,medium
FC03,control,Session2,0044,data/extracted/torgo/FC03/Session2/pos/0044.pos,343,,,,0,0,2.829,0.934,,none
FC03,control,Session2,0045,data/extracted/torgo/FC03/Session2/pos/0045.pos,685,,,9,1,1,26.803,1.099,large_position_step,medium
FC03,control,Session2,0046,data/extracted/torgo/FC03/Session2/pos/0046.pos,366,,,9,1,1,23.747,1.311,large_position_step,medium
FC03,control,Session2,0047,data/extracted/torgo/FC03/Session2/pos/0047.pos,339,,,9,1,1,21.945,1.067,large_position_step,medium
FC03,control,Session2,0048,data/extracted/torgo/FC03/Session2/pos/0048.pos,423,,,,0,1,14.762,1.176,,none
FC03,control,Session2,0049,data/extracted/torgo/FC03/Session2/pos/0049.pos,372,,,,0,0,3.077,1.391,,none
FC03,control,Session2,0050,data/extracted/torgo/FC03/Session2/pos/0050.pos,377,,,,0,0,6.326,1.74,,none
FC03,control,Session2,0051,data/extracted/torgo/FC03/Session2/pos/0051.pos,624,,,,0,5,15.85,1.473,,none
FC03,control,Session2,0052,data/extracted/torgo/FC03/Session2/pos/0052.pos,650,,,,0,1,12.487,1.179,,none
FC03,control,Session2,0053,data/extracted/torgo/FC03/Session2/pos/0053.pos,312,,,9,1,1,24.39,1.165,large_position_step,medium
FC03,control,Session2,0054,data/extracted/torgo/FC03/Session2/pos/0054.pos,376,,,,0,1,19.275,0.99,,none
FC03,control,Session2,0055,data/extracted/torgo/FC03/Session2/pos/0055.pos,760,,,9,1,2,32.759,1.001,large_position_step,medium
FC03,control,Session2,0056,data/extracted/torgo/FC03/Session2/pos/0056.pos,305,,,,0,0,2.399,1.125,,none
FC03,control,Session2,0057,data/extracted/torgo/FC03/Session2/pos/0057.pos,477,,,,0,0,2.045,0.872,,none
FC03,control,Session2,0058,data/extracted/torgo/FC03/Session2/pos/0058.pos,432,,,,0,0,3.114,1.123,,none
FC03,control,Session2,0059,data/extracted/torgo/FC03/Session2/pos/0059.pos,357,,,,0,1,19.202,0.964,,none
FC03,control,Session2,0060,data/extracted/torgo/FC03/Session2/pos/0060.pos,909,,,9,1,3,22.874,1.177,large_position_step,medium
FC03,control,Session2,0061,data/extracted/torgo/FC03/Session2/pos/0061.pos,581,,,,0,0,9.583,0.832,,none
FC03,control,Session2,0062,data/extracted/torgo/FC03/Session2/pos/0062.pos,424,,,,0,0,1.332,0.763,,none
FC03,control,Session2,0063,data/extracted/torgo/FC03/Session2/pos/0063.pos,362,,,,0,1,12.778,0.857,,none
FC03,control,Session2,0064,data/extracted/torgo/FC03/Session2/pos/0064.pos,451,,,,0,0,1.536,0.768,,none
FC03,control,Session2,0065,data/extracted/torgo/FC03/Session2/pos/0065.pos,737,,,,0,0,2.257,0.935,,none
FC03,control,Session2,0066,data/extracted/torgo/FC03/Session2/pos/0066.pos,895,,,,0,0,0.582,0.411,,none
FC03,control,Session2,0067,data/extracted/torgo/FC03/Session2/pos/0067.pos,435,,,,0,0,1.056,0.586,,none
FC03,control,Session2,0068,data/extracted/torgo/FC03/Session2/pos/0068.pos,437,,,,0,0,1.44,0.731,,none
FC03,control,Session2,0069,data/extracted/torgo/FC03/Session2/pos/0069.pos,354,,,,0,0,0.726,0.51,,none
FC03,control,Session2,0070,data/extracted/torgo/FC03/Session2/pos/0070.pos,376,,,,0,0,1.108,0.634,,none
FC03,control,Session2,0071,data/extracted/torgo/FC03/Session2/pos/0071.pos,379,,,,0,0,1.446,0.72,,none
FC03,control,Session2,0072,data/extracted/torgo/FC03/Session2/pos/0072.pos,413,,,,0,0,1.069,0.626,,none
FC03,control,Session2,0073,data/extracted/torgo/FC03/Session2/pos/0073.pos,395,,,,0,0,1.027,0.633,,none
FC03,control,Session2,0074,data/extracted/torgo/FC03/Session2/pos/0074.pos,359,,,,0,0,1.323,0.619,,none
FC03,control,Session2,0075,data/extracted/torgo/FC03/Session2/pos/0075.pos,333,,,,0,0,1.724,0.823,,none
FC03,control,Session2,0076,data/extracted/torgo/FC03/Session2/pos/0076.pos,342,,,,0,0,1.521,0.682,,none
FC03,control,Session2,0077,data/extracted/torgo/FC03/Session2/pos/0077.pos,336,,,,0,0,1.439,0.836,,none
FC03,control,Session2,0078,data/extracted/torgo/FC03/Session2/pos/0078.pos,307,,,,0,0,2.254,0.845,,none
FC03,control,Session2,0079,data/extracted/torgo/FC03/Session2/pos/0079.pos,325,,,,0,0,1.222,0.684,,none
FC03,control,Session2,0080,data/extracted/torgo/FC03/Session2/pos/0080.pos,331,,,,0,0,1.104,0.547,,none
FC03,control,Session2,0081,data/extracted/torgo/FC03/Session2/pos/0081.pos,333,,,,0,0,1.196,0.699,,none
FC03,control,Session2,0082,data/extracted/torgo/FC03/Session2/pos/0082.pos,372,,,,0,0,3.029,0.742,,none
FC03,control,Session2,0083,data/extracted/torgo/FC03/Session2/pos/0083.pos,346,,,,0,0,1.186,0.665,,none
FC03,control,Session2,0084,data/extracted/torgo/FC03/Session2/pos/0084.pos,318,,,,0,0,7.623,0.964,,none
FC03,control,Session2,0085,data/extracted/torgo/FC03/Session2/pos/0085.pos,374,,,,0,0,2.14,0.953,,none
FC03,control,Session2,0086,data/extracted/torgo/FC03/Session2/pos/0086.pos,325,,,,0,0,0.96,0.555,,none
FC03,control,Session2,0087,data/extracted/torgo/FC03/Session2/pos/0087.pos,313,,,,0,0,1.22,0.755,,none
FC03,control,Session2,0088,data/extracted/torgo/FC03/Session2/pos/0088.pos,297,,,,0,0,1.464,0.679,,none
FC03,control,Session2,0089,data/extracted/torgo/FC03/Session2/pos/0089.pos,346,,,,0,0,2.54,0.862,,none
FC03,control,Session2,0090,data/extracted/torgo/FC03/Session2/pos/0090.pos,649,,,,0,0,1.452,0.78,,none
FC03,control,Session2,0091,data/extracted/torgo/FC03/Session2/pos/0091.pos,394,,,,0,0,1.385,0.664,,none
FC03,control,Session2,0092,data/extracted/torgo/FC03/Session2/pos/0092.pos,430,,,,0,0,5.904,1.311,,none
FC03,control,Session2,0093,data/extracted/torgo/FC03/Session2/pos/0093.pos,401,,,,0,0,2.623,0.74,,none
FC03,control,Session2,0094,data/extracted/torgo/FC03/Session2/pos/0094.pos,1035,,,,0,1,10.718,0.996,,none
FC03,control,Session2,0095,data/extracted/torgo/FC03/Session2/pos/0095.pos,962,,,,0,0,3.449,0.833,,none
FC03,control,Session2,0096,data/extracted/torgo/FC03/Session2/pos/0096.pos,926,,,,0,0,5.237,0.849,,none
FC03,control,Session2,0097,data/extracted/torgo/FC03/Session2/pos/0097.pos,861,,,,0,0,2.468,0.912,,none
FC03,control,Session2,0098,data/extracted/torgo/FC03/Session2/pos/0098.pos,691,,,,0,0,2.754,1.055,,none
FC03,control,Session2,0099,data/extracted/torgo/FC03/Session2/pos/0099.pos,709,,,,0,0,7.451,0.873,,none
FC03,control,Session2,0100,data/extracted/torgo/FC03/Session2/pos/0100.pos,63,,,,0,0,0.885,0.533,,none
FC03,control,Session2,0101,data/extracted/torgo/FC03/Session2/pos/0101.pos,793,,,,0,0,1.345,0.701,,none
FC03,control,Session2,0102,data/extracted/torgo/FC03/Session2/pos/0102.pos,889,,,,0,0,1.677,1.076,,none
FC03,control,Session2,0103,data/extracted/torgo/FC03/Session2/pos/0103.pos,429,,,,0,0,1.284,0.686,,none
FC03,control,Session2,0104,data/extracted/torgo/FC03/Session2/pos/0104.pos,678,,,,0,0,1.957,0.992,,none
FC03,control,Session2,0105,data/extracted/torgo/FC03/Session2/pos/0105.pos,376,,,,0,0,0.941,0.579,,none
FC03,control,Session2,0106,data/extracted/torgo/FC03/Session2/pos/0106.pos,418,,,,0,0,1.139,0.648,,none
FC03,control,Session2,0107,data/extracted/torgo/FC03/Session2/pos/0107.pos,764,,,1,1,2,54.751,1.04,large_position_step,medium
FC03,control,Session2,0108,data/extracted/torgo/FC03/Session2/pos/0108.pos,943,,,,0,0,3.835,0.835,,none
FC03,control,Session2,0109,data/extracted/torgo/FC03/Session2/pos/0109.pos,930,,,,0,0,1.751,0.862,,none
FC03,control,Session2,0110,data/extracted/torgo/FC03/Session2/pos/0110.pos,448,,,,0,0,1.252,0.617,,none
FC03,control,Session2,0111,data/extracted/torgo/FC03/Session2/pos/0111.pos,970,,,,0,0,5.185,0.839,,none
FC03,control,Session2,0112,data/extracted/torgo/FC03/Session2/pos/0112.pos,406,,,,0,0,1.047,0.612,,none
FC03,control,Session2,0113,data/extracted/torgo/FC03/Session2/pos/0113.pos,731,,,,0,0,1.514,0.829,,none
FC03,control,Session2,0114,data/extracted/torgo/FC03/Session2/pos/0114.pos,1484,,,,0,0,1.594,0.871,,none
FC03,control,Session2,0115,data/extracted/torgo/FC03/Session2/pos/0115.pos,429,,,,0,0,1.373,0.746,,none
FC03,control,Session2,0116,data/extracted/torgo/FC03/Session2/pos/0116.pos,435,,,,0,0,1.481,0.759,,none
FC03,control,Session2,0117,data/extracted/torgo/FC03/Session2/pos/0117.pos,402,,,9,1,1,51.218,0.684,large_position_step,medium
FC03,control,Session2,0118,data/extracted/torgo/FC03/Session2/pos/0118.pos,409,,,,0,0,1.022,0.705,,none
FC03,control,Session2,0119,data/extracted/torgo/FC03/Session2/pos/0119.pos,354,,,,0,0,1.252,0.615,,none
FC03,control,Session2,0120,data/extracted/torgo/FC03/Session2/pos/0120.pos,381,,,,0,0,0.905,0.624,,none
FC03,control,Session2,0121,data/extracted/torgo/FC03/Session2/pos/0121.pos,359,,,,0,0,1.675,0.741,,none
FC03,control,Session2,0122,data/extracted/torgo/FC03/Session2/pos/0122.pos,374,,,,0,0,1.307,0.768,,none
FC03,control,Session2,0123,data/extracted/torgo/FC03/Session2/pos/0123.pos,1405,,,,0,0,1.815,0.852,,none
FC03,control,Session2,0124,data/extracted/torgo/FC03/Session2/pos/0124.pos,1365,,,,0,0,2.483,0.933,,none
FC03,control,Session2,0125,data/extracted/torgo/FC03/Session2/pos/0125.pos,427,,,,0,0,1.356,0.717,,none
FC03,control,Session2,0126,data/extracted/torgo/FC03/Session2/pos/0126.pos,848,,,,0,0,1.474,0.924,,none
FC03,control,Session2,0127,data/extracted/torgo/FC03/Session2/pos/0127.pos,401,,,,0,0,1.443,0.661,,none
FC03,control,Session2,0128,data/extracted/torgo/FC03/Session2/pos/0128.pos,653,,,,0,0,1.29,0.666,,none
FC03,control,Session2,0129,data/extracted/torgo/FC03/Session2/pos/0129.pos,1010,,,,0,0,1.949,0.866,,none
FC03,control,Session2,0130,data/extracted/torgo/FC03/Session2/pos/0130.pos,876,,,,0,0,2.249,0.964,,none
FC03,control,Session2,0131,data/extracted/torgo/FC03/Session2/pos/0131.pos,404,,,,0,0,1.557,0.668,,none
FC03,control,Session2,0132,data/extracted/torgo/FC03/Session2/pos/0132.pos,436,,,,0,0,2.045,0.881,,none
FC03,control,Session2,0133,data/extracted/torgo/FC03/Session2/pos/0133.pos,385,,,,0,0,2.343,0.904,,none
FC03,control,Session2,0134,data/extracted/torgo/FC03/Session2/pos/0134.pos,807,,,9,1,1,20.78,1.156,large_position_step,medium
FC03,control,Session2,0135,data/extracted/torgo/FC03/Session2/pos/0135.pos,360,,,,0,0,1.552,0.878,,none
FC03,control,Session2,0136,data/extracted/torgo/FC03/Session2/pos/0136.pos,377,,,,0,0,1.625,0.953,,none
FC03,control,Session2,0137,data/extracted/torgo/FC03/Session2/pos/0137.pos,502,,,,0,0,2.182,0.655,,none
FC03,control,Session2,0138,data/extracted/torgo/FC03/Session2/pos/0138.pos,433,,,,0,0,1.737,0.797,,none
FC03,control,Session2,0139,data/extracted/torgo/FC03/Session2/pos/0139.pos,351,,,,0,0,1.665,0.765,,none
FC03,control,Session2,0140,data/extracted/torgo/FC03/Session2/pos/0140.pos,686,,,,0,0,1.558,0.795,,none
FC03,control,Session2,0141,data/extracted/torgo/FC03/Session2/pos/0141.pos,854,,,,0,0,7.454,1.004,,none
FC03,control,Session2,0142,data/extracted/torgo/FC03/Session2/pos/0142.pos,497,,,9,2,2,29.709,1.371,large_position_step,medium
FC03,control,Session2,0143,data/extracted/torgo/FC03/Session2/pos/0143.pos,390,,,,0,0,5.695,1.169,,none
FC03,control,Session2,0144,data/extracted/torgo/FC03/Session2/pos/0144.pos,754,,,,0,0,1.675,0.739,,none
FC03,control,Session2,0145,data/extracted/torgo/FC03/Session2/pos/0145.pos,1510,,,,0,1,10.05,1.15,,none
FC03,control,Session2,0146,data/extracted/torgo/FC03/Session2/pos/0146.pos,842,,,,0,4,18.052,1.163,,none
FC03,control,Session2,0147,data/extracted/torgo/FC03/Session2/pos/0147.pos,425,,,,0,0,1.393,0.663,,none
FC03,control,Session2,0148,data/extracted/torgo/FC03/Session2/pos/0148.pos,692,,,,0,0,1.799,0.863,,none
FC03,control,Session2,0149,data/extracted/torgo/FC03/Session2/pos/0149.pos,484,,,,0,0,2.018,0.816,,none
FC03,control,Session2,0150,data/extracted/torgo/FC03/Session2/pos/0150.pos,526,,,,0,0,1.03,0.548,,none
FC03,control,Session2,0151,data/extracted/torgo/FC03/Session2/pos/0151.pos,420,,,,0,0,1.201,0.537,,none
FC03,control,Session2,0152,data/extracted/torgo/FC03/Session2/pos/0152.pos,426,,,,0,0,1.045,0.581,,none
FC03,control,Session2,0153,data/extracted/torgo/FC03/Session2/pos/0153.pos,440,,,,0,0,1.061,0.617,,none
FC03,control,Session2,0154,data/extracted/torgo/FC03/Session2/pos/0154.pos,384,,,,0,0,1.955,0.783,,none
FC03,control,Session2,0155,data/extracted/torgo/FC03/Session2/pos/0155.pos,386,,,,0,0,0.832,0.481,,none
FC03,control,Session2,0156,data/extracted/torgo/FC03/Session2/pos/0156.pos,366,,,,0,0,2.517,0.552,,none
FC03,control,Session2,0157,data/extracted/torgo/FC03/Session2/pos/0157.pos,421,,,,0,0,1.095,0.588,,none
FC03,control,Session2,0158,data/extracted/torgo/FC03/Session2/pos/0158.pos,798,,,,0,0,1.477,0.729,,none
FC03,control,Session2,0159,data/extracted/torgo/FC03/Session2/pos/0159.pos,992,,,,0,0,1.37,0.678,,none
FC03,control,Session2,0160,data/extracted/torgo/FC03/Session2/pos/0160.pos,414,,,,0,0,1.56,0.86,,none
FC03,control,Session2,0161,data/extracted/torgo/FC03/Session2/pos/0161.pos,420,,,,0,0,1.01,0.533,,none
FC03,control,Session2,0162,data/extracted/torgo/FC03/Session2/pos/0162.pos,385,,,,0,0,1.626,0.742,,none
FC03,control,Session2,0163,data/extracted/torgo/FC03/Session2/pos/0163.pos,385,,,,0,0,3.28,0.838,,none
FC03,control,Session2,0164,data/extracted/torgo/FC03/Session2/pos/0164.pos,387,,,,0,1,18.391,1.244,,none
FC03,control,Session2,0165,data/extracted/torgo/FC03/Session2/pos/0165.pos,390,,,,0,0,1.455,0.766,,none
FC03,control,Session2,0166,data/extracted/torgo/FC03/Session2/pos/0166.pos,368,,,,0,0,1.3,0.647,,none
FC03,control,Session2,0167,data/extracted/torgo/FC03/Session2/pos/0167.pos,383,,,,0,0,1.343,0.687,,none
FC03,control,Session2,0168,data/extracted/torgo/FC03/Session2/pos/0168.pos,1139,,,9,2,2,76.411,1.096,large_position_step,medium
FC03,control,Session2,0169,data/extracted/torgo/FC03/Session2/pos/0169.pos,428,,,,0,1,16.558,0.966,,none
FC03,control,Session2,0170,data/extracted/torgo/FC03/Session2/pos/0170.pos,490,,,,0,0,2.093,0.965,,none
FC03,control,Session2,0171,data/extracted/torgo/FC03/Session2/pos/0171.pos,326,,,,0,0,1.696,1.035,,none
FC03,control,Session2,0172,data/extracted/torgo/FC03/Session2/pos/0172.pos,774,,,,0,0,1.654,0.821,,none
FC03,control,Session2,0173,data/extracted/torgo/FC03/Session2/pos/0173.pos,413,,,,0,0,2.013,0.727,,none
FC03,control,Session2,0174,data/extracted/torgo/FC03/Session2/pos/0174.pos,375,,,,0,1,15.396,1.043,,none
FC03,control,Session2,0175,data/extracted/torgo/FC03/Session2/pos/0175.pos,742,,,,0,0,2.146,0.941,,none
FC03,control,Session2,0176,data/extracted/torgo/FC03/Session2/pos/0176.pos,354,,,,0,1,18.076,0.953,,none
FC03,control,Session2,0177,data/extracted/torgo/FC03/Session2/pos/0177.pos,415,,,,0,0,1.133,0.607,,none
FC03,control,Session2,0178,data/extracted/torgo/FC03/Session2/pos/0178.pos,649,,,,0,0,7.559,0.863,,none
FC03,control,Session2,0179,data/extracted/torgo/FC03/Session2/pos/0179.pos,327,,,9,1,2,83.825,1.059,large_position_step,medium
FC03,control,Session2,0180,data/extracted/torgo/FC03/Session2/pos/0180.pos,390,,,,0,0,2.901,1.053,,none
FC03,control,Session2,0181,data/extracted/torgo/FC03/Session2/pos/0181.pos,807,,,9,1,2,23.77,1.141,large_position_step,medium
FC03,control,Session2,0182,data/extracted/torgo/FC03/Session2/pos/0182.pos,339,,,,0,0,1.734,0.986,,none
FC03,control,Session2,0183,data/extracted/torgo/FC03/Session2/pos/0183.pos,362,,,,0,0,1.38,0.684,,none
FC03,control,Session2,0184,data/extracted/torgo/FC03/Session2/pos/0184.pos,338,,,,0,0,1.378,0.649,,none
FC03,control,Session2,0185,data/extracted/torgo/FC03/Session2/pos/0185.pos,352,,,,0,0,1.265,0.79,,none
FC03,control,Session2,0186,data/extracted/torgo/FC03/Session2/pos/0186.pos,303,,,,0,0,2.016,0.973,,none
FC03,control,Session2,0187,data/extracted/torgo/FC03/Session2/pos/0187.pos,600,,,,0,0,2.692,1.028,,none
FC03,control,Session2,0188,data/extracted/torgo/FC03/Session2/pos/0188.pos,339,,,,0,0,1.291,0.678,,none
FC03,control,Session2,0189,data/extracted/torgo/FC03/Session2/pos/0189.pos,336,,,,0,0,1.61,0.876,,none
FC03,control,Session2,0190,data/extracted/torgo/FC03/Session2/pos/0190.pos,903,,,9,1,4,38.056,1.145,large_position_step,medium
FC03,control,Session2,0191,data/extracted/torgo/FC03/Session2/pos/0191.pos,373,,,,0,0,1.884,0.794,,none
FC03,control,Session2,0192,data/extracted/torgo/FC03/Session2/pos/0192.pos,356,,,,0,0,0.957,0.688,,none
FC03,control,Session2,0193,data/extracted/torgo/FC03/Session2/pos/0193.pos,399,,,,0,0,1.089,0.556,,none
FC03,control,Session2,0194,data/extracted/torgo/FC03/Session2/pos/0194.pos,421,,,,0,0,0.914,0.59,,none
FC03,control,Session2,0195,data/extracted/torgo/FC03/Session2/pos/0195.pos,791,,,,0,0,1.489,0.845,,none
FC03,control,Session2,0196,data/extracted/torgo/FC03/Session2/pos/0196.pos,404,,,,0,0,0.885,0.519,,none
FC03,control,Session2,0197,data/extracted/torgo/FC03/Session2/pos/0197.pos,686,,,,0,0,1.819,0.77,,none
FC03,control,Session2,0198,data/extracted/torgo/FC03/Session2/pos/0198.pos,327,,,,0,0,1.109,0.586,,none
FC03,control,Session2,0199,data/extracted/torgo/FC03/Session2/pos/0199.pos,305,,,,0,0,1.216,0.877,,none
FC03,control,Session2,0200,data/extracted/torgo/FC03/Session2/pos/0200.pos,446,,,,0,0,1.516,0.621,,none
FC03,control,Session2,0201,data/extracted/torgo/FC03/Session2/pos/0201.pos,431,,,,0,0,1.121,0.701,,none
FC03,control,Session2,0202,data/extracted/torgo/FC03/Session2/pos/0202.pos,697,,,,0,0,1.236,0.731,,none
FC03,control,Session2,0203,data/extracted/torgo/FC03/Session2/pos/0203.pos,415,,,,0,0,1.516,0.813,,none
FC03,control,Session2,0204,data/extracted/torgo/FC03/Session2/pos/0204.pos,304,,,,0,0,1.161,0.797,,none
FC03,control,Session2,0205,data/extracted/torgo/FC03/Session2/pos/0205.pos,649,,,,0,0,1.661,0.839,,none
FC03,control,Session2,0206,data/extracted/torgo/FC03/Session2/pos/0206.pos,334,,,,0,0,1.095,0.58,,none
FC03,control,Session2,0207,data/extracted/torgo/FC03/Session2/pos/0207.pos,277,,,,0,0,1.033,0.69,,none
FC03,control,Session2,0208,data/extracted/torgo/FC03/Session2/pos/0208.pos,350,,,,0,0,1.473,0.775,,none
FC03,control,Session2,0209,data/extracted/torgo/FC03/Session2/pos/0209.pos,314,,,,0,0,1.138,0.574,,none
FC03,control,Session2,0210,data/extracted/torgo/FC03/Session2/pos/0210.pos,346,,,,0,0,1.04,0.718,,none
FC03,control,Session2,0211,data/extracted/torgo/FC03/Session2/pos/0211.pos,822,,,,0,0,1.912,0.757,,none
FC03,control,Session2,0212,data/extracted/torgo/FC03/Session2/pos/0212.pos,692,,,,0,0,1.846,0.887,,none
FC03,control,Session2,0213,data/extracted/torgo/FC03/Session2/pos/0213.pos,362,,,,0,0,1.678,0.655,,none
FC03,control,Session2,0214,data/extracted/torgo/FC03/Session2/pos/0214.pos,357,,,,0,0,1.206,0.678,,none
FC03,control,Session2,0215,data/extracted/torgo/FC03/Session2/pos/0215.pos,314,,,,0,0,1.868,0.647,,none
FC03,control,Session2,0216,data/extracted/torgo/FC03/Session2/pos/0216.pos,353,,,,0,0,0.935,0.539,,none
FC03,control,Session2,0217,data/extracted/torgo/FC03/Session2/pos/0217.pos,352,,,,0,0,1.422,0.9,,none
FC03,control,Session2,0218,data/extracted/torgo/FC03/Session2/pos/0218.pos,303,,,,0,0,0.913,0.524,,none
FC03,control,Session2,0219,data/extracted/torgo/FC03/Session2/pos/0219.pos,372,,,,0,0,1.143,0.607,,none
FC03,control,Session2,0220,data/extracted/torgo/FC03/Session2/pos/0220.pos,400,,,,0,0,1.362,0.741,,none
FC03,control,Session2,0221,data/extracted/torgo/FC03/Session2/pos/0221.pos,331,,,,0,0,1.738,0.732,,none
FC03,control,Session2,0222,data/extracted/torgo/FC03/Session2/pos/0222.pos,297,,,,0,0,1.15,0.625,,none
FC03,control,Session2,0223,data/extracted/torgo/FC03/Session2/pos/0223.pos,362,,,,0,0,1.968,0.864,,none
FC03,control,Session2,0224,data/extracted/torgo/FC03/Session2/pos/0224.pos,886,,,,0,0,1.626,0.819,,none
FC03,control,Session2,0225,data/extracted/torgo/FC03/Session2/pos/0225.pos,435,,,,0,0,1.293,0.693,,none
FC03,control,Session2,0226,data/extracted/torgo/FC03/Session2/pos/0226.pos,764,,,,0,0,1.352,0.721,,none
FC03,control,Session2,0227,data/extracted/torgo/FC03/Session2/pos/0227.pos,849,,,,0,0,0.705,0.459,,none
FC03,control,Session2,0228,data/extracted/torgo/FC03/Session2/pos/0228.pos,448,,,,0,0,1.153,0.751,,none
FC03,control,Session2,0229,data/extracted/torgo/FC03/Session2/pos/0229.pos,472,,,,0,0,0.997,0.637,,none
FC03,control,Session2,0230,data/extracted/torgo/FC03/Session2/pos/0230.pos,363,,,,0,0,1.137,0.587,,none
FC03,control,Session2,0231,data/extracted/torgo/FC03/Session2/pos/0231.pos,396,,,,0,0,1.099,0.682,,none
FC03,control,Session2,0232,data/extracted/torgo/FC03/Session2/pos/0232.pos,373,,,,0,0,1.611,0.776,,none
FC03,control,Session2,0233,data/extracted/torgo/FC03/Session2/pos/0233.pos,399,,,,0,0,1.042,0.559,,none
FC03,control,Session2,0234,data/extracted/torgo/FC03/Session2/pos/0234.pos,354,,,,0,0,1.729,0.863,,none
FC03,control,Session2,0235,data/extracted/torgo/FC03/Session2/pos/0235.pos,285,,,,0,0,0.872,0.592,,none
FC03,control,Session2,0236,data/extracted/torgo/FC03/Session2/pos/0236.pos,312,,,,0,1,11.306,1.788,,none
FC03,control,Session2,0237,data/extracted/torgo/FC03/Session2/pos/0237.pos,302,,,,0,0,1.037,0.621,,none
FC03,control,Session2,0238,data/extracted/torgo/FC03/Session2/pos/0238.pos,574,,,,0,0,1.474,0.904,,none
FC03,control,Session2,0239,data/extracted/torgo/FC03/Session2/pos/0239.pos,395,,,,0,0,1.628,0.954,,none
FC03,control,Session2,0240,data/extracted/torgo/FC03/Session2/pos/0240.pos,346,,,,0,0,3.26,0.704,,none
FC03,control,Session2,0241,data/extracted/torgo/FC03/Session2/pos/0241.pos,356,,,,0,0,1.638,0.785,,none
FC03,control,Session2,0242,data/extracted/torgo/FC03/Session2/pos/0242.pos,395,,,,0,0,1.407,0.757,,none
FC03,control,Session2,0243,data/extracted/torgo/FC03/Session2/pos/0243.pos,674,,,,0,0,1.54,0.873,,none
FC03,control,Session2,0244,data/extracted/torgo/FC03/Session2/pos/0244.pos,420,,,,0,0,1.003,0.619,,none
FC03,control,Session2,0245,data/extracted/torgo/FC03/Session2/pos/0245.pos,460,,,,0,0,1.447,0.633,,none
FC03,control,Session2,0246,data/extracted/torgo/FC03/Session2/pos/0246.pos,412,,,,0,0,1.08,0.53,,none
FC03,control,Session2,0247,data/extracted/torgo/FC03/Session2/pos/0247.pos,398,,,,0,0,1.097,0.69,,none
FC03,control,Session2,0248,data/extracted/torgo/FC03/Session2/pos/0248.pos,676,,,,0,0,1.507,0.824,,none
FC03,control,Session2,0249,data/extracted/torgo/FC03/Session2/pos/0249.pos,1553,,,,0,0,2.442,0.913,,none
FC03,control,Session2,0250,data/extracted/torgo/FC03/Session2/pos/0250.pos,421,,,,0,0,1.678,0.789,,none
FC03,control,Session2,0251,data/extracted/torgo/FC03/Session2/pos/0251.pos,418,,,,0,0,2.004,0.725,,none
FC03,control,Session2,0252,data/extracted/torgo/FC03/Session2/pos/0252.pos,619,,,,0,0,1.923,0.954,,none
FC03,control,Session2,0253,data/extracted/torgo/FC03/Session2/pos/0253.pos,380,,,,0,0,1.165,0.586,,none
FC03,control,Session2,0254,data/extracted/torgo/FC03/Session2/pos/0254.pos,360,,,10,35,63,131.603,17.59,large_position_step,high
FC03,control,Session2,0255,data/extracted/torgo/FC03/Session2/pos/0255.pos,388,,,,0,0,1.209,0.657,,none
FC03,control,Session2,0256,data/extracted/torgo/FC03/Session2/pos/0256.pos,323,,,,0,0,0.89,0.558,,none
FC03,control,Session2,0257,data/extracted/torgo/FC03/Session2/pos/0257.pos,839,,,,0,0,7.722,0.995,,none
FC03,control,Session2,0258,data/extracted/torgo/FC03/Session2/pos/0258.pos,318,,,,0,0,1.156,0.495,,none
FC03,control,Session2,0259,data/extracted/torgo/FC03/Session2/pos/0259.pos,385,,,,0,0,0.847,0.572,,none
FC03,control,Session2,0260,data/extracted/torgo/FC03/Session2/pos/0260.pos,922,,,,0,0,1.68,0.871,,none
FC03,control,Session2,0261,data/extracted/torgo/FC03/Session2/pos/0261.pos,379,,,,0,0,2.207,0.624,,none
FC03,control,Session2,0262,data/extracted/torgo/FC03/Session2/pos/0262.pos,437,,,,0,0,1.35,0.635,,none
FC03,control,Session2,0263,data/extracted/torgo/FC03/Session2/pos/0263.pos,383,,,,0,0,1.426,0.673,,none
FC03,control,Session2,0264,data/extracted/torgo/FC03/Session2/pos/0264.pos,354,,,,0,0,1.058,0.536,,none
FC03,control,Session2,0265,data/extracted/torgo/FC03/Session2/pos/0265.pos,347,,,,0,0,1.643,0.665,,none
FC03,control,Session2,0266,data/extracted/torgo/FC03/Session2/pos/0266.pos,382,,,,0,0,5.091,0.809,,none
FC03,control,Session2,0267,data/extracted/torgo/FC03/Session2/pos/0267.pos,330,,,,0,0,1.147,0.553,,none
FC03,control,Session2,0268,data/extracted/torgo/FC03/Session2/pos/0268.pos,337,,,,0,0,1.176,0.5,,none
FC03,control,Session2,0269,data/extracted/torgo/FC03/Session2/pos/0269.pos,995,,,,0,0,7.405,1.557,,none
FC03,control,Session2,0270,data/extracted/torgo/FC03/Session2/pos/0270.pos,348,,,,0,0,0.874,0.535,,none
FC03,control,Session2,0271,data/extracted/torgo/FC03/Session2/pos/0271.pos,732,,,,0,0,2.431,1.165,,none
FC03,control,Session2,0272,data/extracted/torgo/FC03/Session2/pos/0272.pos,377,,,,0,0,1.116,0.544,,none
FC03,control,Session2,0273,data/extracted/torgo/FC03/Session2/pos/0273.pos,339,,,,0,0,0.986,0.599,,none
FC03,control,Session2,0274,data/extracted/torgo/FC03/Session2/pos/0274.pos,739,,,,0,0,1.402,0.701,,none
FC03,control,Session2,0275,data/extracted/torgo/FC03/Session2/pos/0275.pos,376,,,,0,0,1.26,0.649,,none
FC03,control,Session2,0276,data/extracted/torgo/FC03/Session2/pos/0276.pos,485,,,,0,0,0.93,0.567,,none
FC03,control,Session2,0277,data/extracted/torgo/FC03/Session2/pos/0277.pos,670,,,,0,0,1.848,1.082,,none
FC03,control,Session2,0278,data/extracted/torgo/FC03/Session2/pos/0278.pos,359,,,,0,0,0.904,0.538,,none
FC03,control,Session2,0279,data/extracted/torgo/FC03/Session2/pos/0279.pos,373,,,,0,0,0.887,0.524,,none
FC03,control,Session2,0280,data/extracted/torgo/FC03/Session2/pos/0280.pos,408,,,,0,0,1.082,0.602,,none
FC03,control,Session2,0281,data/extracted/torgo/FC03/Session2/pos/0281.pos,391,,,,0,0,2.087,0.608,,none
FC03,control,Session2,0282,data/extracted/torgo/FC03/Session2/pos/0282.pos,349,,,,0,0,1.177,0.668,,none
FC03,control,Session2,0283,data/extracted/torgo/FC03/Session2/pos/0283.pos,341,,,,0,0,1.05,0.55,,none
FC03,control,Session2,0284,data/extracted/torgo/FC03/Session2/pos/0284.pos,436,,,,0,0,1.204,0.549,,none
FC03,control,Session2,0285,data/extracted/torgo/FC03/Session2/pos/0285.pos,732,,,,0,0,2.0,0.914,,none
FC03,control,Session2,0286,data/extracted/torgo/FC03/Session2/pos/0286.pos,386,,,,0,0,1.414,0.789,,none
FC03,control,Session2,0287,data/extracted/torgo/FC03/Session2/pos/0287.pos,1189,,,,0,0,1.785,0.856,,none
FC03,control,Session2,0288,data/extracted/torgo/FC03/Session2/pos/0288.pos,349,,,,0,0,1.382,0.79,,none
FC03,control,Session2,0289,data/extracted/torgo/FC03/Session2/pos/0289.pos,688,,,,0,0,1.596,0.88,,none
FC03,control,Session2,0290,data/extracted/torgo/FC03/Session2/pos/0290.pos,687,,,,0,0,1.401,0.842,,none
FC03,control,Session2,0291,data/extracted/torgo/FC03/Session2/pos/0291.pos,363,,,,0,0,0.961,0.466,,none
FC03,control,Session2,0292,data/extracted/torgo/FC03/Session2/pos/0292.pos,652,,,,0,0,1.601,0.858,,none
FC03,control,Session2,0293,data/extracted/torgo/FC03/Session2/pos/0293.pos,778,,,,0,0,1.612,0.946,,none
FC03,control,Session2,0294,data/extracted/torgo/FC03/Session2/pos/0294.pos,415,,,,0,0,1.159,0.732,,none
FC03,control,Session2,0295,data/extracted/torgo/FC03/Session2/pos/0295.pos,386,,,,0,0,0.967,0.593,,none
FC03,control,Session2,0296,data/extracted/torgo/FC03/Session2/pos/0296.pos,1447,,,9,1,3,20.986,1.195,large_position_step,medium
FC03,control,Session2,0297,data/extracted/torgo/FC03/Session2/pos/0297.pos,367,,,,0,0,1.622,0.637,,none
FC03,control,Session2,0298,data/extracted/torgo/FC03/Session2/pos/0298.pos,363,,,,0,0,1.839,0.754,,none
FC03,control,Session2,0299,data/extracted/torgo/FC03/Session2/pos/0299.pos,354,,,,0,0,1.413,0.669,,none
FC03,control,Session2,0300,data/extracted/torgo/FC03/Session2/pos/0300.pos,320,,,,0,1,13.432,0.947,,none
FC03,control,Session2,0301,data/extracted/torgo/FC03/Session2/pos/0301.pos,313,,,,0,0,1.833,0.839,,none
FC03,control,Session2,0302,data/extracted/torgo/FC03/Session2/pos/0302.pos,767,,,9,1,2,72.622,1.154,large_position_step,medium
FC03,control,Session2,0303,data/extracted/torgo/FC03/Session2/pos/0303.pos,897,,,9,1,5,46.082,1.697,large_position_step,medium
FC03,control,Session2,0304,data/extracted/torgo/FC03/Session2/pos/0304.pos,824,,,,0,0,1.39,0.805,,none
FC03,control,Session2,0305,data/extracted/torgo/FC03/Session2/pos/0305.pos,419,,,,0,0,2.143,0.963,,none
FC03,control,Session2,0306,data/extracted/torgo/FC03/Session2/pos/0306.pos,803,,,,0,0,2.041,0.783,,none
FC03,control,Session2,0307,data/extracted/torgo/FC03/Session2/pos/0307.pos,401,,,,0,0,2.076,0.946,,none
FC03,control,Session2,0308,data/extracted/torgo/FC03/Session2/pos/0308.pos,394,,,,0,0,0.791,0.518,,none
FC03,control,Session2,0309,data/extracted/torgo/FC03/Session2/pos/0309.pos,393,,,,0,0,1.272,0.705,,none
FC03,control,Session2,0310,data/extracted/torgo/FC03/Session2/pos/0310.pos,406,,,,0,0,1.86,0.809,,none
FC03,control,Session2,0311,data/extracted/torgo/FC03/Session2/pos/0311.pos,400,,,,0,0,1.173,0.731,,none
FC03,control,Session2,0312,data/extracted/torgo/FC03/Session2/pos/0312.pos,673,,,9,1,1,32.806,1.02,large_position_step,medium
FC03,control,Session2,0313,data/extracted/torgo/FC03/Session2/pos/0313.pos,658,,,,0,0,1.843,0.884,,none
FC03,control,Session2,0314,data/extracted/torgo/FC03/Session2/pos/0314.pos,351,,,9,1,1,33.353,0.937,large_position_step,medium
FC03,control,Session2,0315,data/extracted/torgo/FC03/Session2/pos/0315.pos,340,,,,0,0,6.088,0.908,,none
FC03,control,Session2,0316,data/extracted/torgo/FC03/Session2/pos/0316.pos,313,,,,0,0,2.371,0.78,,none
FC03,control,Session2,0317,data/extracted/torgo/FC03/Session2/pos/0317.pos,357,,,,0,0,1.146,0.693,,none
FC03,control,Session2,0318,data/extracted/torgo/FC03/Session2/pos/0318.pos,321,,,,0,0,1.287,0.661,,none
FC03,control,Session2,0319,data/extracted/torgo/FC03/Session2/pos/0319.pos,438,,,,0,0,4.737,0.897,,none
FC03,control,Session2,0320,data/extracted/torgo/FC03/Session2/pos/0320.pos,1070,,,,0,0,5.814,0.864,,none
FC03,control,Session2,0321,data/extracted/torgo/FC03/Session2/pos/0321.pos,746,,,,0,0,1.495,0.983,,none
FC03,control,Session2,0322,data/extracted/torgo/FC03/Session2/pos/0322.pos,372,,,,0,0,2.201,0.628,,none
FC03,control,Session2,0323,data/extracted/torgo/FC03/Session2/pos/0323.pos,799,,,,0,0,1.787,0.802,,none
FC03,control,Session2,0324,data/extracted/torgo/FC03/Session2/pos/0324.pos,331,,,,0,0,1.475,0.801,,none
FC03,control,Session2,0325,data/extracted/torgo/FC03/Session2/pos/0325.pos,305,,,,0,0,1.129,0.619,,none
FC03,control,Session2,0326,data/extracted/torgo/FC03/Session2/pos/0326.pos,319,,,,0,1,15.321,0.729,,none
FC03,control,Session2,0327,data/extracted/torgo/FC03/Session2/pos/0327.pos,765,,,9,1,2,26.72,1.325,large_position_step,medium
FC03,control,Session2,0328,data/extracted/torgo/FC03/Session2/pos/0328.pos,789,,,,0,0,1.588,0.852,,none
FC03,control,Session2,0329,data/extracted/torgo/FC03/Session2/pos/0329.pos,331,,,,0,0,1.205,0.753,,none
FC03,control,Session2,0330,data/extracted/torgo/FC03/Session2/pos/0330.pos,500,,,,0,0,1.132,0.664,,none
FC03,control,Session2,0331,data/extracted/torgo/FC03/Session2/pos/0331.pos,867,,,,0,0,1.667,0.992,,none
FC03,control,Session2,0332,data/extracted/torgo/FC03/Session2/pos/0332.pos,388,,,,0,0,0.957,0.597,,none
FC03,control,Session2,0333,data/extracted/torgo/FC03/Session2/pos/0333.pos,302,,,,0,0,1.057,0.603,,none
FC03,control,Session2,0334,data/extracted/torgo/FC03/Session2/pos/0334.pos,372,,,,0,0,1.05,0.622,,none
FC03,control,Session2,0335,data/extracted/torgo/FC03/Session2/pos/0335.pos,307,,,,0,0,1.105,0.663,,none
FC03,control,Session2,0336,data/extracted/torgo/FC03/Session2/pos/0336.pos,344,,,,0,0,1.218,0.578,,none
FC03,control,Session2,0337,data/extracted/torgo/FC03/Session2/pos/0337.pos,301,,,,0,0,0.914,0.572,,none
FC03,control,Session2,0338,data/extracted/torgo/FC03/Session2/pos/0338.pos,317,,,,0,0,1.06,0.639,,none
FC03,control,Session2,0339,data/extracted/torgo/FC03/Session2/pos/0339.pos,357,,,,0,0,1.309,0.756,,none
FC03,control,Session2,0340,data/extracted/torgo/FC03/Session2/pos/0340.pos,337,,,,0,0,1.477,0.716,,none
FC03,control,Session2,0341,data/extracted/torgo/FC03/Session2/pos/0341.pos,299,,,,0,0,1.282,0.808,,none
FC03,control,Session2,0342,data/extracted/torgo/FC03/Session2/pos/0342.pos,303,,,,0,0,1.254,0.598,,none
FC03,control,Session2,0343,data/extracted/torgo/FC03/Session2/pos/0343.pos,326,,,,0,0,1.239,0.595,,none
FC03,control,Session2,0344,data/extracted/torgo/FC03/Session2/pos/0344.pos,322,,,,0,0,1.064,0.583,,none
FC03,control,Session2,0345,data/extracted/torgo/FC03/Session2/pos/0345.pos,741,,,,0,0,1.586,0.783,,none
FC03,control,Session2,0346,data/extracted/torgo/FC03/Session2/pos/0346.pos,901,,,,0,0,1.729,0.848,,none
FC03,control,Session2,0347,data/extracted/torgo/FC03/Session2/pos/0347.pos,342,,,,0,0,1.025,0.626,,none
FC03,control,Session2,0348,data/extracted/torgo/FC03/Session2/pos/0348.pos,365,,,,0,0,1.391,0.605,,none
FC03,control,Session2,0349,data/extracted/torgo/FC03/Session2/pos/0349.pos,311,,,,0,0,1.896,0.787,,none
FC03,control,Session2,0350,data/extracted/torgo/FC03/Session2/pos/0350.pos,279,,,,0,0,1.225,0.655,,none
FC03,control,Session2,0351,data/extracted/torgo/FC03/Session2/pos/0351.pos,386,,,,0,0,1.034,0.549,,none
FC03,control,Session2,0352,data/extracted/torgo/FC03/Session2/pos/0352.pos,1178,,,,0,0,1.519,0.75,,none
FC03,control,Session2,0353,data/extracted/torgo/FC03/Session2/pos/0353.pos,411,,,,0,0,1.127,0.634,,none
FC03,control,Session2,0354,data/extracted/torgo/FC03/Session2/pos/0354.pos,396,,,,0,0,0.936,0.63,,none
FC03,control,Session2,0355,data/extracted/torgo/FC03/Session2/pos/0355.pos,398,,,,0,0,1.013,0.556,,none
FC03,control,Session2,0356,data/extracted/torgo/FC03/Session2/pos/0356.pos,316,,,,0,0,0.923,0.558,,none
FC03,control,Session2,0357,data/extracted/torgo/FC03/Session2/pos/0357.pos,539,,,,0,0,1.885,0.857,,none
FC03,control,Session2,0358,data/extracted/torgo/FC03/Session2/pos/0358.pos,368,,,,0,0,1.445,0.585,,none
FC03,control,Session2,0359,data/extracted/torgo/FC03/Session2/pos/0359.pos,341,,,,0,0,1.685,0.672,,none
FC03,control,Session2,0360,data/extracted/torgo/FC03/Session2/pos/0360.pos,353,,,,0,0,0.904,0.511,,none
FC03,control,Session2,0361,data/extracted/torgo/FC03/Session2/pos/0361.pos,689,,,,0,0,1.267,0.787,,none
FC03,control,Session2,0362,data/extracted/torgo/FC03/Session2/pos/0362.pos,696,,,,0,0,1.338,0.722,,none
FC03,control,Session2,0363,data/extracted/torgo/FC03/Session2/pos/0363.pos,394,,,,0,0,1.075,0.564,,none
FC03,control,Session2,0364,data/extracted/torgo/FC03/Session2/pos/0364.pos,400,,,,0,0,0.948,0.54,,none
FC03,control,Session2,0365,data/extracted/torgo/FC03/Session2/pos/0365.pos,291,,,,0,0,0.945,0.506,,none
FC03,control,Session2,0366,data/extracted/torgo/FC03/Session2/pos/0366.pos,406,,,,0,0,1.082,0.584,,none
FC03,control,Session2,0367,data/extracted/torgo/FC03/Session2/pos/0367.pos,618,,,,0,0,1.638,0.791,,none
FC03,control,Session2,0368,data/extracted/torgo/FC03/Session2/pos/0368.pos,382,,,,0,0,0.849,0.583,,none
FC03,control,Session2,0369,data/extracted/torgo/FC03/Session2/pos/0369.pos,375,,,,0,0,0.98,0.503,,none
FC03,control,Session2,0370,data/extracted/torgo/FC03/Session2/pos/0370.pos,421,,,,0,0,1.192,0.524,,none
FC03,control,Session2,0371,data/extracted/torgo/FC03/Session2/pos/0371.pos,352,,,,0,0,0.672,0.49,,none
FC03,control,Session2,0372,data/extracted/torgo/FC03/Session2/pos/0372.pos,539,,,,0,0,0.982,0.582,,none
FC03,control,Session2,0373,data/extracted/torgo/FC03/Session2/pos/0373.pos,976,,,,0,0,1.686,0.79,,none
FC03,control,Session2,0374,data/extracted/torgo/FC03/Session2/pos/0374.pos,939,,,,0,0,1.716,0.861,,none
FC03,control,Session2,0375,data/extracted/torgo/FC03/Session2/pos/0375.pos,515,,,,0,0,1.008,0.624,,none
FC03,control,Session2,0376,data/extracted/torgo/FC03/Session2/pos/0376.pos,457,,,,0,0,1.569,0.737,,none
FC03,control,Session2,0377,data/extracted/torgo/FC03/Session2/pos/0377.pos,827,,,,0,0,1.766,0.852,,none
FC03,control,Session2,0378,data/extracted/torgo/FC03/Session2/pos/0378.pos,1016,,,,0,0,1.369,0.731,,none
FC03,control,Session2,0379,data/extracted/torgo/FC03/Session2/pos/0379.pos,834,,,,0,0,1.396,0.817,,none
FC03,control,Session2,0380,data/extracted/torgo/FC03/Session2/pos/0380.pos,381,,,,0,0,1.439,0.794,,none
FC03,control,Session2,0381,data/extracted/torgo/FC03/Session2/pos/0381.pos,350,,,,0,0,1.746,0.617,,none
FC03,control,Session2,0382,data/extracted/torgo/FC03/Session2/pos/0382.pos,661,,,,0,0,1.358,0.726,,none
FC03,control,Session2,0383,data/extracted/torgo/FC03/Session2/pos/0383.pos,340,,,,0,0,1.02,0.523,,none
FC03,control,Session2,0384,data/extracted/torgo/FC03/Session2/pos/0384.pos,329,,,,0,0,0.97,0.594,,none
FC03,control,Session2,0385,data/extracted/torgo/FC03/Session2/pos/0385.pos,496,,,,0,1,11.935,0.866,,none
FC03,control,Session2,0386,data/extracted/torgo/FC03/Session2/pos/0386.pos,368,,,,0,0,1.331,0.679,,none
FC03,control,Session2,0387,data/extracted/torgo/FC03/Session2/pos/0387.pos,338,,,,0,0,1.263,0.623,,none
FC03,control,Session2,0388,data/extracted/torgo/FC03/Session2/pos/0388.pos,415,,,,0,0,1.796,0.786,,none
FC03,control,Session2,0389,data/extracted/torgo/FC03/Session2/pos/0389.pos,409,,,,0,0,0.967,0.645,,none
FC03,control,Session2,0390,data/extracted/torgo/FC03/Session2/pos/0390.pos,411,,,,0,0,0.97,0.577,,none
M01,dysarthric,Session1,0001,data/extracted/torgo/M01/Session1/pos/0001.pos,1904,,,10,14,23,112.523,1.616,large_position_step,high
M01,dysarthric,Session1,0002,data/extracted/torgo/M01/Session1/pos/0002.pos,1484,,,,0,0,2.453,1.186,,none
M01,dysarthric,Session1,0003,data/extracted/torgo/M01/Session1/pos/0003.pos,1578,,,,0,3,14.242,2.164,,none
M01,dysarthric,Session1,0004,data/extracted/torgo/M01/Session1/pos/0004.pos,1315,,,,0,0,1.789,1.06,,none
M01,dysarthric,Session1,0005,data/extracted/torgo/M01/Session1/pos/0005.pos,2415,,,,0,0,2.201,1.198,,none
M01,dysarthric,Session1,0006,data/extracted/torgo/M01/Session1/pos/0006.pos,572,,,10,54,65,167.186,7.757,large_position_step,high
M01,dysarthric,Session1,0007,data/extracted/torgo/M01/Session1/pos/0007.pos,524,,,,0,0,2.162,1.187,,none
M01,dysarthric,Session1,0008,data/extracted/torgo/M01/Session1/pos/0008.pos,812,,,1,18,18,249.952,1.545,large_position_step,high
M01,dysarthric,Session1,0009,data/extracted/torgo/M01/Session1/pos/0009.pos,1708,,,,0,0,2.211,1.176,,none
M01,dysarthric,Session1,0010,data/extracted/torgo/M01/Session1/pos/0010.pos,772,,,,0,0,1.971,1.109,,none
M01,dysarthric,Session1,0011,data/extracted/torgo/M01/Session1/pos/0011.pos,1892,,,1,148,148,250.25,1.785,large_position_step,high
M01,dysarthric,Session1,0012,data/extracted/torgo/M01/Session1/pos/0012.pos,2045,,,9,1,1,38.463,1.351,large_position_step,medium
M01,dysarthric,Session1,0013,data/extracted/torgo/M01/Session1/pos/0013.pos,1583,,,6,1,1,142.633,1.119,large_position_step,medium
M01,dysarthric,Session1,0014,data/extracted/torgo/M01/Session1/pos/0014.pos,552,,,6,1,1,165.943,1.114,large_position_step,medium
M01,dysarthric,Session1,0015,data/extracted/torgo/M01/Session1/pos/0015.pos,757,,,6,1,1,162.702,1.346,large_position_step,medium
M01,dysarthric,Session1,0016,data/extracted/torgo/M01/Session1/pos/0016.pos,707,,,6,1,1,171.334,1.118,large_position_step,medium
M01,dysarthric,Session1,0017,data/extracted/torgo/M01/Session1/pos/0017.pos,590,6,6,,0,0,1.891,1.192,normally_active_channel_flat,high
M01,dysarthric,Session1,0018,data/extracted/torgo/M01/Session1/pos/0018.pos,1817,,,6,1,1,165.049,1.184,large_position_step,medium
M01,dysarthric,Session1,0019,data/extracted/torgo/M01/Session1/pos/0019.pos,2478,,,6,1,1,142.223,1.143,large_position_step,medium
M01,dysarthric,Session1,0020,data/extracted/torgo/M01/Session1/pos/0020.pos,702,2,2,,0,0,2.867,1.839,normally_active_channel_flat,high
M01,dysarthric,Session1,0021,data/extracted/torgo/M01/Session1/pos/0021.pos,738,,,,0,0,2.818,1.589,,none
M01,dysarthric,Session1,0022,data/extracted/torgo/M01/Session1/pos/0022.pos,679,,,,0,0,3.059,1.728,,none
M01,dysarthric,Session1,0023,data/extracted/torgo/M01/Session1/pos/0023.pos,1059,,,,0,0,3.602,1.694,,none
M01,dysarthric,Session1,0024,data/extracted/torgo/M01/Session1/pos/0024.pos,644,2,2,10,10,15,90.019,2.062,normally_active_channel_flat|large_position_step,high
M01,dysarthric,Session1,0025,data/extracted/torgo/M01/Session1/pos/0025.pos,625,,,2,4,4,249.812,2.06,large_position_step,medium
M01,dysarthric,Session1,0026,data/extracted/torgo/M01/Session1/pos/0026.pos,1888,,,1|2|3|4|6|7|8|9|10,57,71,352.604,2.774,large_position_step,high
M01,dysarthric,Session1,0027,data/extracted/torgo/M01/Session1/pos/0027.pos,875,,,,0,0,3.854,1.882,,none
M01,dysarthric,Session1,0028,data/extracted/torgo/M01/Session1/pos/0028.pos,970,,,10,6,10,148.587,2.028,large_position_step,medium
M01,dysarthric,Session1,0029,data/extracted/torgo/M01/Session1/pos/0029.pos,578,,,1|2|3|4|5|6|7|8|9|10|11,180,201,324.762,249.682,large_position_step,high
M01,dysarthric,Session1,0030,data/extracted/torgo/M01/Session1/pos/0030.pos,766,,,1|2|3,100,117,250.266,26.324,large_position_step,high
M01,dysarthric,Session1,0031,data/extracted/torgo/M01/Session1/pos/0031.pos,568,,,1|2,30,30,249.996,3.729,large_position_step,high
M01,dysarthric,Session1,0032,data/extracted/torgo/M01/Session1/pos/0032.pos,809,,,1|2|3|4|6|7|8|9|10,180,189,324.784,159.678,large_position_step,high
M01,dysarthric,Session1,0033,data/extracted/torgo/M01/Session1/pos/0033.pos,706,,,1|2,128,128,250.615,249.709,large_position_step,high
M01,dysarthric,Session1,0034,data/extracted/torgo/M01/Session1/pos/0034.pos,685,,,1|2,223,223,250.466,249.871,large_position_step,high
M01,dysarthric,Session1,0035,data/extracted/torgo/M01/Session1/pos/0035.pos,681,,,1|2|3|4|6|7|8|9|10,86,86,270.628,89.787,large_position_step,high
M01,dysarthric,Session1,0036,data/extracted/torgo/M01/Session1/pos/0036.pos,660,2,2,1|10,78,80,259.255,9.998,normally_active_channel_flat|large_position_step,high
M01,dysarthric,Session1,0037,data/extracted/torgo/M01/Session1/pos/0037.pos,766,,,1|2|10,72,79,250.19,2.578,large_position_step,high
M01,dysarthric,Session1,0038,data/extracted/torgo/M01/Session1/pos/0038.pos,943,,,1|2|3|9,137,139,270.868,249.556,large_position_step,high
M01,dysarthric,Session1,0039,data/extracted/torgo/M01/Session1/pos/0039.pos,753,1|2|3,1|2|3,,0,0,2.924,1.112,normally_active_channel_flat,high
M01,dysarthric,Session1,0040,data/extracted/torgo/M01/Session1/pos/0040.pos,1521,,,1|2|3|4|6|7|8|9|10,256,294,301.205,103.376,large_position_step,high
M01,dysarthric,Session1,0041,data/extracted/torgo/M01/Session1/pos/0041.pos,1433,,,1|2,104,104,249.987,2.252,large_position_step,high
M01,dysarthric,Session1,0042,data/extracted/torgo/M01/Session1/pos/0042.pos,2057,,,1|2|3|4|6|7|8|9|10,78,85,255.729,2.644,large_position_step,high
M01,dysarthric,Session1,0043,data/extracted/torgo/M01/Session1/pos/0043.pos,1368,,,2|10,245,246,250.317,249.636,large_position_step,high
M01,dysarthric,Session1,0044,data/extracted/torgo/M01/Session1/pos/0044.pos,1811,,,1|2|3,80,105,250.351,3.476,large_position_step,high
M01,dysarthric,Session1,0045,data/extracted/torgo/M01/Session1/pos/0045.pos,829,,,6,19,20,313.015,1.691,large_position_step,high
M01,dysarthric,Session1,0046,data/extracted/torgo/M01/Session1/pos/0046.pos,797,2,2,,0,0,3.323,1.872,normally_active_channel_flat,high
M01,dysarthric,Session1,0047,data/extracted/torgo/M01/Session1/pos/0047.pos,577,2,2,,0,0,3.966,1.963,normally_active_channel_flat,high
M01,dysarthric,Session1,0048,data/extracted/torgo/M01/Session1/pos/0048.pos,750,2,2,,0,0,3.542,1.894,normally_active_channel_flat,high
M01,dysarthric,Session1,0049,data/extracted/torgo/M01/Session1/pos/0049.pos,673,2,2,,0,0,3.993,1.938,normally_active_channel_flat,high
M01,dysarthric,Session1,0050,data/extracted/torgo/M01/Session1/pos/0050.pos,788,,,6,8,13,40.31,3.513,large_position_step,medium
M01,dysarthric,Session1,0051,data/extracted/torgo/M01/Session1/pos/0051.pos,614,,,7|10,11,16,248.72,2.915,large_position_step,high
M01,dysarthric,Session1,0052,data/extracted/torgo/M01/Session1/pos/0052.pos,662,,,,0,0,3.61,1.893,,none
M01,dysarthric,Session1,0053,data/extracted/torgo/M01/Session1/pos/0053.pos,1574,,,,0,0,3.775,1.544,,none
M01,dysarthric,Session1,0054,data/extracted/torgo/M01/Session1/pos/0054.pos,619,,,9,2,2,94.177,1.797,large_position_step,medium
M01,dysarthric,Session1,0055,data/extracted/torgo/M01/Session1/pos/0055.pos,682,,,,0,0,3.326,1.904,,none
M01,dysarthric,Session1,0056,data/extracted/torgo/M01/Session1/pos/0056.pos,2487,,,,0,0,4.284,1.96,,none
M01,dysarthric,Session1,0057,data/extracted/torgo/M01/Session1/pos/0057.pos,782,,,10,7,12,219.373,2.324,large_position_step,medium
M01,dysarthric,Session1,0058,data/extracted/torgo/M01/Session1/pos/0058.pos,858,6,6,,0,0,2.909,1.749,normally_active_channel_flat,high
M01,dysarthric,Session1,0059,data/extracted/torgo/M01/Session1/pos/0059.pos,617,,,10,4,4,372.995,1.843,large_position_step,medium
M01,dysarthric,Session1,0060,data/extracted/torgo/M01/Session1/pos/0060.pos,812,,,,0,0,2.453,1.543,,none
M01,dysarthric,Session1,0061,data/extracted/torgo/M01/Session1/pos/0061.pos,976,,,7,1,1,30.301,1.836,large_position_step,medium
M01,dysarthric,Session1,0062,data/extracted/torgo/M01/Session1/pos/0062.pos,690,,,,0,0,2.35,1.584,,none
M01,dysarthric,Session1,0063,data/extracted/torgo/M01/Session1/pos/0063.pos,1347,6,6,,0,0,2.788,1.558,normally_active_channel_flat,high
M01,dysarthric,Session1,0064,data/extracted/torgo/M01/Session1/pos/0064.pos,819,,,7|10,7,10,250.073,2.362,large_position_step,medium
M01,dysarthric,Session1,0065,data/extracted/torgo/M01/Session1/pos/0065.pos,903,,,,0,0,3.026,1.696,,none
M01,dysarthric,Session1,0066,data/extracted/torgo/M01/Session1/pos/0066.pos,1573,,,10,3,3,249.766,2.085,large_position_step,medium
M01,dysarthric,Session1,0067,data/extracted/torgo/M01/Session1/pos/0067.pos,827,,,,0,0,3.447,1.834,,none
M01,dysarthric,Session1,0068,data/extracted/torgo/M01/Session1/pos/0068.pos,728,,,,0,0,3.089,1.68,,none
M01,dysarthric,Session1,0069,data/extracted/torgo/M01/Session1/pos/0069.pos,666,,,,0,0,5.014,1.465,,none
M01,dysarthric,Session1,0070,data/extracted/torgo/M01/Session1/pos/0070.pos,612,,,,0,0,9.683,1.622,,none
M01,dysarthric,Session1,0071,data/extracted/torgo/M01/Session1/pos/0071.pos,731,,,,0,1,11.177,1.545,,none
M01,dysarthric,Session1,0072,data/extracted/torgo/M01/Session1/pos/0072.pos,2057,,,6|7,48,70,223.012,1.962,large_position_step,high
M01,dysarthric,Session1,0073,data/extracted/torgo/M01/Session1/pos/0073.pos,657,,,2,185,318,67.439,43.773,large_position_step,high
M01,dysarthric,Session1,0074,data/extracted/torgo/M01/Session1/pos/0074.pos,708,,,,0,0,2.432,1.771,,none
M01,dysarthric,Session1,0075,data/extracted/torgo/M01/Session1/pos/0075.pos,625,,,6,9,9,83.528,2.142,large_position_step,medium
M01,dysarthric,Session1,0076,data/extracted/torgo/M01/Session1/pos/0076.pos,598,,,7,7,7,250.102,2.394,large_position_step,medium
M01,dysarthric,Session1,0077,data/extracted/torgo/M01/Session1/pos/0077.pos,1827,,,6|10,262,351,223.376,25.431,large_position_step,high
M01,dysarthric,Session1,0078,data/extracted/torgo/M01/Session1/pos/0078.pos,814,,,3|6,78,131,252.954,16.305,large_position_step,high
M01,dysarthric,Session1,0079,data/extracted/torgo/M01/Session1/pos/0079.pos,606,,,6,271,375,203.724,52.473,large_position_step,high
M01,dysarthric,Session1,0080,data/extracted/torgo/M01/Session1/pos/0080.pos,660,,,,0,0,4.047,2.176,,none
M01,dysarthric,Session1,0081,data/extracted/torgo/M01/Session1/pos/0081.pos,570,,,,0,0,3.664,2.069,,none
M01,dysarthric,Session1,0082,data/extracted/torgo/M01/Session1/pos/0082.pos,682,,,,0,0,3.384,2.218,,none
M01,dysarthric,Session1,0083,data/extracted/torgo/M01/Session1/pos/0083.pos,770,,,7,1,4,355.967,2.781,large_position_step,medium
M01,dysarthric,Session1,0084,data/extracted/torgo/M01/Session1/pos/0084.pos,3006,,,3|7|9,5,21,250.005,2.853,large_position_step,medium
M01,dysarthric,Session1,0085,data/extracted/torgo/M01/Session1/pos/0085.pos,638,,,8,1,1,209.71,2.341,large_position_step,medium
M01,dysarthric,Session1,0086,data/extracted/torgo/M01/Session1/pos/0086.pos,734,,,7|9,3,3,250.059,2.435,large_position_step,medium
M01,dysarthric,Session1,0087,data/extracted/torgo/M01/Session1/pos/0087.pos,610,,,3|7,16,36,250.24,4.183,large_position_step,high
M01,dysarthric,Session1,0088,data/extracted/torgo/M01/Session1/pos/0088.pos,692,,,,0,0,4.04,1.74,,none
M01,dysarthric,Session1,0089,data/extracted/torgo/M01/Session1/pos/0089.pos,909,2,2,3,2,58,23.045,6.847,normally_active_channel_flat|large_position_step,high
M01,dysarthric,Session1,0090,data/extracted/torgo/M01/Session1/pos/0090.pos,806,2,2,,0,0,3.808,1.827,normally_active_channel_flat,high
M01,dysarthric,Session1,0091,data/extracted/torgo/M01/Session1/pos/0091.pos,662,,,,0,0,6.731,2.957,,none
M01,dysarthric,Session1,0092,data/extracted/torgo/M01/Session1/pos/0092.pos,2039,,,3|7,3,11,248.795,2.77,large_position_step,medium
M01,dysarthric,Session1,0093,data/extracted/torgo/M01/Session1/pos/0093.pos,633,,,,0,0,5.464,2.512,,none
M01,dysarthric,Session1,0094,data/extracted/torgo/M01/Session1/pos/0094.pos,617,,,,0,0,3.989,2.057,,none
M01,dysarthric,Session1,0095,data/extracted/torgo/M01/Session1/pos/0095.pos,613,,,,0,0,9.047,3.011,,none
M01,dysarthric,Session1,0096,data/extracted/torgo/M01/Session1/pos/0096.pos,490,,,,0,0,4.552,2.328,,none
M01,dysarthric,Session1,0097,data/extracted/torgo/M01/Session1/pos/0097.pos,708,,,1|2|3|4|6|7|8|9|10,90,128,498.811,26.393,large_position_step,high
M01,dysarthric,Session1,0098,data/extracted/torgo/M01/Session1/pos/0098.pos,587,,,1|2|3|4|6|7|8|9|10|11|12,167,202,530.104,155.456,large_position_step,high
M01,dysarthric,Session1,0099,data/extracted/torgo/M01/Session1/pos/0099.pos,639,,,1|2|3|4|5|6|7|8|9|10|11|12,35,36,517.361,3.149,large_position_step,high
M01,dysarthric,Session1,0100,data/extracted/torgo/M01/Session1/pos/0100.pos,577,,,1|2|3|4|6|7|8|9|10,59,70,473.436,10.016,large_position_step,high
M02,dysarthric,Session2,0074,data/extracted/torgo/M02/Session2/pos/0074.pos,1328,1,,,0,2,12.076,3.372,,none
M02,dysarthric,Session2,0075,data/extracted/torgo/M02/Session2/pos/0075.pos,91,1,,,0,0,6.695,4.521,,none
M02,dysarthric,Session2,0076,data/extracted/torgo/M02/Session2/pos/0076.pos,556,1,,2|3|4|6|7|8|9|10,8,11,37.803,4.809,large_position_step,medium
M02,dysarthric,Session2,0077,data/extracted/torgo/M02/Session2/pos/0077.pos,374,1,,4|6|7|8|9|10,12,38,29.194,8.667,large_position_step,high
M02,dysarthric,Session2,0078,data/extracted/torgo/M02/Session2/pos/0078.pos,1211,1,,2|3|4|5|6|7|8|9|10|12,19,75,57.373,7.283,large_position_step,high
M02,dysarthric,Session2,0079,data/extracted/torgo/M02/Session2/pos/0079.pos,343,1,,4|10,8,31,397.405,8.655,large_position_step,medium
M02,dysarthric,Session2,0080,data/extracted/torgo/M02/Session2/pos/0080.pos,624,1,,2|3|4|6|7|8|9|10,8,10,43.358,1.929,large_position_step,medium
M02,dysarthric,Session2,0081,data/extracted/torgo/M02/Session2/pos/0081.pos,705,1,,2|3|4|5|6|7|8|9|10|11|12,26,42,56.716,4.762,large_position_step,high
M02,dysarthric,Session2,0082,data/extracted/torgo/M02/Session2/pos/0082.pos,552,1,,,0,1,14.017,2.022,,none
M02,dysarthric,Session2,0083,data/extracted/torgo/M02/Session2/pos/0083.pos,374,1,,,0,1,11.184,3.459,,none
M02,dysarthric,Session2,0084,data/extracted/torgo/M02/Session2/pos/0084.pos,498,1,,2|3|4|6|7|8|9|10,9,11,40.264,3.032,large_position_step,medium
M02,dysarthric,Session2,0085,data/extracted/torgo/M02/Session2/pos/0085.pos,484,1,,2|3|6|7|8|9|10,8,11,35.074,3.351,large_position_step,medium
M02,dysarthric,Session2,0086,data/extracted/torgo/M02/Session2/pos/0086.pos,1316,1,,2|3|4|5|6|7|8|9|10|11|12,35,114,136.464,8.277,large_position_step,high
M02,dysarthric,Session2,0087,data/extracted/torgo/M02/Session2/pos/0087.pos,853,1,,,0,1,13.658,2.876,,none
M02,dysarthric,Session2,0088,data/extracted/torgo/M02/Session2/pos/0088.pos,1715,1,,2|3|4|5|6|7|8|9|10|11|12,39,90,149.508,7.102,large_position_step,high
M02,dysarthric,Session2,0089,data/extracted/torgo/M02/Session2/pos/0089.pos,678,1,,2|3|4|6|7|8|9|10|12,12,20,58.99,4.523,large_position_step,high
M02,dysarthric,Session2,0090,data/extracted/torgo/M02/Session2/pos/0090.pos,1152,1,,,0,8,16.592,4.374,,none
M02,dysarthric,Session2,0091,data/extracted/torgo/M02/Session2/pos/0091.pos,688,1,,2|3|4|5|6|7|8|9|10|11|12,31,43,56.367,5.029,large_position_step,high
M02,dysarthric,Session2,0092,data/extracted/torgo/M02/Session2/pos/0092.pos,487,1,,4|10,2,18,61.297,4.192,large_position_step,medium
M02,dysarthric,Session2,0093,data/extracted/torgo/M02/Session2/pos/0093.pos,1289,1,,2|3|4|6|7|8|9|10|11|12,13,34,38.281,3.117,large_position_step,high
M02,dysarthric,Session2,0094,data/extracted/torgo/M02/Session2/pos/0094.pos,763,1,,,0,0,2.691,1.653,,none
M02,dysarthric,Session2,0095,data/extracted/torgo/M02/Session2/pos/0095.pos,379,1,,,0,0,5.205,2.719,,none
M02,dysarthric,Session2,0096,data/extracted/torgo/M02/Session2/pos/0096.pos,1520,1,,2|3|4|5|6|7|8|9|10|11|12,15,45,107.834,4.317,large_position_step,high
M02,dysarthric,Session2,0097,data/extracted/torgo/M02/Session2/pos/0097.pos,504,1,,2|3|4|5|6|7|8|9|10|12,18,21,57.918,3.282,large_position_step,high
M02,dysarthric,Session2,0098,data/extracted/torgo/M02/Session2/pos/0098.pos,1903,1,,2|3|4|5|6|7|8|9|10|11|12,426,534,100.076,36.161,large_position_step,high
M02,dysarthric,Session2,0099,data/extracted/torgo/M02/Session2/pos/0099.pos,580,1,,,0,0,6.595,3.396,,none
M02,dysarthric,Session2,0100,data/extracted/torgo/M02/Session2/pos/0100.pos,614,1,,9,1,4,26.105,2.789,large_position_step,medium
M02,dysarthric,Session2,0101,data/extracted/torgo/M02/Session2/pos/0101.pos,694,1,,10,1,23,28.444,5.445,large_position_step,medium
M02,dysarthric,Session2,0102,data/extracted/torgo/M02/Session2/pos/0102.pos,458,1,,2|3|4|6|7|8|9|10,8,26,42.205,5.522,large_position_step,medium
M02,dysarthric,Session2,0103,data/extracted/torgo/M02/Session2/pos/0103.pos,785,1,,2|3|4|5|6|7|8|9|10|11,19,32,168.486,5.556,large_position_step,high
M02,dysarthric,Session2,0104,data/extracted/torgo/M02/Session2/pos/0104.pos,1329,1,,2|3|4|6|7|8|9|10,11,50,68.768,5.537,large_position_step,high
M02,dysarthric,Session2,0105,data/extracted/torgo/M02/Session2/pos/0105.pos,487,1,,2|3|7|8|10,5,17,29.694,5.263,large_position_step,medium
M02,dysarthric,Session2,0106,data/extracted/torgo/M02/Session2/pos/0106.pos,444,1,,,0,22,16.947,7.156,,none
M02,dysarthric,Session2,0107,data/extracted/torgo/M02/Session2/pos/0107.pos,379,1,,10,1,17,26.832,5.672,large_position_step,medium
M02,dysarthric,Session2,0108,data/extracted/torgo/M02/Session2/pos/0108.pos,532,1,,,0,36,16.338,9.026,,none
M02,dysarthric,Session2,0109,data/extracted/torgo/M02/Session2/pos/0109.pos,293,1,,,0,0,8.88,4.15,,none
M02,dysarthric,Session2,0110,data/extracted/torgo/M02/Session2/pos/0110.pos,451,1,,,0,0,2.111,1.492,,none
M02,dysarthric,Session2,0111,data/extracted/torgo/M02/Session2/pos/0111.pos,1990,1,,,0,23,18.757,5.901,,none
M02,dysarthric,Session2,0112,data/extracted/torgo/M02/Session2/pos/0112.pos,389,1,,2|3|4|6|7|8|9|10,8,10,47.45,5.0,large_position_step,medium
M02,dysarthric,Session2,0113,data/extracted/torgo/M02/Session2/pos/0113.pos,510,1,,4|10,2,15,22.363,2.939,large_position_step,medium
M02,dysarthric,Session2,0114,data/extracted/torgo/M02/Session2/pos/0114.pos,565,1,,,0,0,9.358,3.344,,none
M02,dysarthric,Session2,0115,data/extracted/torgo/M02/Session2/pos/0115.pos,798,1,,2|3|4|5|6|7|8|9|10|12,10,10,66.397,2.026,large_position_step,high
M02,dysarthric,Session2,0116,data/extracted/torgo/M02/Session2/pos/0116.pos,578,1,,,0,1,12.802,3.146,,none
M02,dysarthric,Session2,0117,data/extracted/torgo/M02/Session2/pos/0117.pos,1503,1,,2|3|4|5|6|7|8|9|10|11|12,131,180,220.583,9.973,large_position_step,high
M02,dysarthric,Session2,0118,data/extracted/torgo/M02/Session2/pos/0118.pos,628,1,,,0,3,11.881,3.375,,none
M02,dysarthric,Session2,0119,data/extracted/torgo/M02/Session2/pos/0119.pos,1640,1,,4,1,37,39.103,6.183,large_position_step,medium
M02,dysarthric,Session2,0120,data/extracted/torgo/M02/Session2/pos/0120.pos,442,1,,,0,0,4.146,2.416,,none
M02,dysarthric,Session2,0121,data/extracted/torgo/M02/Session2/pos/0121.pos,1708,1,,,0,7,12.071,3.636,,none
M02,dysarthric,Session2,0122,data/extracted/torgo/M02/Session2/pos/0122.pos,371,1,,,0,0,3.387,2.351,,none
M02,dysarthric,Session2,0123,data/extracted/torgo/M02/Session2/pos/0123.pos,556,1,,2|3|4|5|6|7|8|9|10|12,10,18,83.47,3.217,large_position_step,high
M02,dysarthric,Session2,0124,data/extracted/torgo/M02/Session2/pos/0124.pos,510,1,,,0,0,6.194,3.139,,none
M02,dysarthric,Session2,0125,data/extracted/torgo/M02/Session2/pos/0125.pos,539,1,,2|3|4|5|6|7|8|9|10|11|12,16,20,70.429,2.978,large_position_step,high
M02,dysarthric,Session2,0126,data/extracted/torgo/M02/Session2/pos/0126.pos,515,1,,4,1,10,44.627,5.023,large_position_step,medium
M02,dysarthric,Session2,0127,data/extracted/torgo/M02/Session2/pos/0127.pos,373,1,,10,2,17,29.482,3.126,large_position_step,medium
M02,dysarthric,Session2,0128,data/extracted/torgo/M02/Session2/pos/0128.pos,2307,1,,2|3|4|5|6|7|8|9|10|11|12,80,109,149.563,4.969,large_position_step,high
M02,dysarthric,Session2,0129,data/extracted/torgo/M02/Session2/pos/0129.pos,322,1,,,0,0,4.962,2.454,,none
M02,dysarthric,Session2,0130,data/extracted/torgo/M02/Session2/pos/0130.pos,538,1,,2|3|4|6|7|8|9|10,10,15,52.458,4.777,large_position_step,high
M02,dysarthric,Session2,0131,data/extracted/torgo/M02/Session2/pos/0131.pos,1415,1,,9,1,32,88.62,5.128,large_position_step,medium
M02,dysarthric,Session2,0132,data/extracted/torgo/M02/Session2/pos/0132.pos,640,1,,,0,0,6.762,3.849,,none
M02,dysarthric,Session2,0133,data/extracted/torgo/M02/Session2/pos/0133.pos,1828,1,,,0,0,8.425,3.758,,none
M02,dysarthric,Session2,0134,data/extracted/torgo/M02/Session2/pos/0134.pos,3495,1,,2|3|4|5|6|7|8|9|10|11|12,27,36,80.365,2.942,large_position_step,high
M02,dysarthric,Session2,0135,data/extracted/torgo/M02/Session2/pos/0135.pos,516,1,,2|3|4|5|6|7|8|9|10,9,11,54.832,2.745,large_position_step,medium
M02,dysarthric,Session2,0136,data/extracted/torgo/M02/Session2/pos/0136.pos,316,1,,,0,0,3.29,2.48,,none
M02,dysarthric,Session2,0137,data/extracted/torgo/M02/Session2/pos/0137.pos,1973,1,,,0,0,3.746,2.198,,none
M02,dysarthric,Session2,0138,data/extracted/torgo/M02/Session2/pos/0138.pos,519,1,,2|3|6|7|8|9|10,7,10,38.502,2.938,large_position_step,medium
M02,dysarthric,Session2,0139,data/extracted/torgo/M02/Session2/pos/0139.pos,1623,1,,9,1,6,44.542,4.188,large_position_step,medium
M02,dysarthric,Session2,0140,data/extracted/torgo/M02/Session2/pos/0140.pos,244,1,,9,2,33,63.797,10.66,large_position_step,medium
M02,dysarthric,Session2,0141,data/extracted/torgo/M02/Session2/pos/0141.pos,524,1,,,0,0,5.729,3.995,,none
M02,dysarthric,Session2,0142,data/extracted/torgo/M02/Session2/pos/0142.pos,461,1,,,0,1,11.409,5.215,,none
M02,dysarthric,Session2,0143,data/extracted/torgo/M02/Session2/pos/0143.pos,374,1,,,0,0,3.927,2.629,,none
M02,dysarthric,Session2,0144,data/extracted/torgo/M02/Session2/pos/0144.pos,429,1,,2|3|4|5|6|7|8|9|10|11|12,11,25,181.448,7.958,large_position_step,high
M02,dysarthric,Session2,0145,data/extracted/torgo/M02/Session2/pos/0145.pos,490,1,,,0,0,6.639,3.355,,none
M02,dysarthric,Session2,0146,data/extracted/torgo/M02/Session2/pos/0146.pos,623,1,,2|3|6|7|8|10,6,9,29.577,5.512,large_position_step,medium
M02,dysarthric,Session2,0147,data/extracted/torgo/M02/Session2/pos/0147.pos,444,1,,4,1,6,20.426,2.631,large_position_step,medium
M02,dysarthric,Session2,0148,data/extracted/torgo/M02/Session2/pos/0148.pos,367,1,,,0,0,4.691,3.167,,none
M02,dysarthric,Session2,0149,data/extracted/torgo/M02/Session2/pos/0149.pos,915,1,,2|3|4|6|7|8|9|10,8,11,39.294,3.76,large_position_step,medium
M02,dysarthric,Session2,0150,data/extracted/torgo/M02/Session2/pos/0150.pos,631,1,,,0,0,8.763,4.998,,none
M02,dysarthric,Session2,0151,data/extracted/torgo/M02/Session2/pos/0151.pos,778,1,,2|3|4|7|8|9|10,12,22,31.584,4.079,large_position_step,high
M02,dysarthric,Session2,0152,data/extracted/torgo/M02/Session2/pos/0152.pos,628,1,,,0,3,11.755,4.118,,none
M02,dysarthric,Session2,0153,data/extracted/torgo/M02/Session2/pos/0153.pos,549,1,,,0,0,7.888,4.351,,none
M02,dysarthric,Session2,0154,data/extracted/torgo/M02/Session2/pos/0154.pos,1535,1,,2|3|4|5|6|7|8|9|10|11|12,19,29,62.381,4.415,large_position_step,high
M02,dysarthric,Session2,0155,data/extracted/torgo/M02/Session2/pos/0155.pos,270,1,,2|3|6|7|8|9|10,7,12,43.592,3.716,large_position_step,medium
M02,dysarthric,Session2,0156,data/extracted/torgo/M02/Session2/pos/0156.pos,787,1,,9,1,2,43.682,2.216,large_position_step,medium
M02,dysarthric,Session2,0157,data/extracted/torgo/M02/Session2/pos/0157.pos,618,1,,2|3|6|7|8|10,6,10,31.186,2.339,large_position_step,medium
M02,dysarthric,Session2,0158,data/extracted/torgo/M02/Session2/pos/0158.pos,678,1,,9,1,1,32.737,2.544,large_position_step,medium
M02,dysarthric,Session2,0159,data/extracted/torgo/M02/Session2/pos/0159.pos,596,1,,,0,0,5.236,2.783,,none
M02,dysarthric,Session2,0160,data/extracted/torgo/M02/Session2/pos/0160.pos,1487,1,,9,1,19,71.145,4.382,large_position_step,medium
M02,dysarthric,Session2,0161,data/extracted/torgo/M02/Session2/pos/0161.pos,2325,1,,3|7|8|10,5,106,26.979,6.548,large_position_step,medium
M02,dysarthric,Session2,0162,data/extracted/torgo/M02/Session2/pos/0162.pos,852,1,,2|3|4|5|6|7|8|9|10|11|12,27,47,146.353,6.346,large_position_step,high
M02,dysarthric,Session2,0163,data/extracted/torgo/M02/Session2/pos/0163.pos,1950,1,,2|3|4|5|6|7|8|9|10|11|12,177,318,194.604,14.699,large_position_step,high
M02,dysarthric,Session2,0164,data/extracted/torgo/M02/Session2/pos/0164.pos,596,1,,,0,0,9.49,3.663,,none
M02,dysarthric,Session2,0165,data/extracted/torgo/M02/Session2/pos/0165.pos,601,1,,3|7|8|9|10,6,11,27.211,2.536,large_position_step,medium
M02,dysarthric,Session2,0166,data/extracted/torgo/M02/Session2/pos/0166.pos,630,1,,,0,19,14.884,5.498,,none
M02,dysarthric,Session2,0167,data/extracted/torgo/M02/Session2/pos/0167.pos,587,1,,2|3|4|5|6|7|8|9|10|11|12,16,44,101.586,8.271,large_position_step,high
M02,dysarthric,Session2,0168,data/extracted/torgo/M02/Session2/pos/0168.pos,591,1,,10,1,9,22.789,4.422,large_position_step,medium
M02,dysarthric,Session2,0169,data/extracted/torgo/M02/Session2/pos/0169.pos,455,1,,2|3|4|6|7|8|9|10,8,12,42.871,2.834,large_position_step,medium
M02,dysarthric,Session2,0170,data/extracted/torgo/M02/Session2/pos/0170.pos,600,1,,2|3|6|7|8|9|10,7,14,31.103,3.02,large_position_step,medium
M02,dysarthric,Session2,0171,data/extracted/torgo/M02/Session2/pos/0171.pos,671,1,,,0,2,13.558,2.594,,none
M02,dysarthric,Session2,0172,data/extracted/torgo/M02/Session2/pos/0172.pos,570,1,,,0,16,18.56,4.349,,none
M02,dysarthric,Session2,0173,data/extracted/torgo/M02/Session2/pos/0173.pos,585,1,,3|4|7|8|9|10,9,18,27.298,4.107,large_position_step,medium
M02,dysarthric,Session2,0174,data/extracted/torgo/M02/Session2/pos/0174.pos,504,1,,9,1,1,21.515,3.4,large_position_step,medium
M02,dysarthric,Session2,0175,data/extracted/torgo/M02/Session2/pos/0175.pos,63,1,,,0,0,3.81,3.377,,none
M02,dysarthric,Session2,0176,data/extracted/torgo/M02/Session2/pos/0176.pos,1757,1,,3|6|7|8|9|10,6,72,30.422,6.918,large_position_step,medium
M02,dysarthric,Session2,0177,data/extracted/torgo/M02/Session2/pos/0177.pos,654,1,,2|3|4|5|6|7|8|9|10|11|12,21,49,82.191,7.971,large_position_step,high
M02,dysarthric,Session2,0178,data/extracted/torgo/M02/Session2/pos/0178.pos,1376,1,,7|9|10,3,53,29.937,6.445,large_position_step,medium
M02,dysarthric,Session2,0179,data/extracted/torgo/M02/Session2/pos/0179.pos,689,1,,,0,49,18.175,8.188,,none
M02,dysarthric,Session2,0180,data/extracted/torgo/M02/Session2/pos/0180.pos,541,1,,,0,19,16.587,6.716,,none
M02,dysarthric,Session2,0181,data/extracted/torgo/M02/Session2/pos/0181.pos,640,1,,7|8|10,3,17,23.416,6.182,large_position_step,medium
M02,dysarthric,Session2,0182,data/extracted/torgo/M02/Session2/pos/0182.pos,706,1,,,0,16,17.644,5.319,,none
M02,dysarthric,Session2,0183,data/extracted/torgo/M02/Session2/pos/0183.pos,543,1,,,0,0,5.518,3.449,,none
M02,dysarthric,Session2,0184,data/extracted/torgo/M02/Session2/pos/0184.pos,577,1,,2|3|4|5|6|7|8|9|10|11|12,32,67,70.188,9.623,large_position_step,high
M02,dysarthric,Session2,0185,data/extracted/torgo/M02/Session2/pos/0185.pos,514,1,,10,1,25,23.181,6.719,large_position_step,medium
M02,dysarthric,Session2,0186,data/extracted/torgo/M02/Session2/pos/0186.pos,1964,1,,2|3|4|5|6|7|8|9|10|11|12,190,291,154.838,12.249,large_position_step,high
M02,dysarthric,Session2,0187,data/extracted/torgo/M02/Session2/pos/0187.pos,1579,1,,2|3|4|5|6|7|8|9|10|11|12,31,131,111.226,8.595,large_position_step,high
M02,dysarthric,Session2,0188,data/extracted/torgo/M02/Session2/pos/0188.pos,1469,1,,2|3|4|5|6|7|8|9|10|11|12,63,266,123.742,12.017,large_position_step,high
M02,dysarthric,Session2,0189,data/extracted/torgo/M02/Session2/pos/0189.pos,598,1,,9|10,2,19,40.885,4.429,large_position_step,medium
M02,dysarthric,Session2,0190,data/extracted/torgo/M02/Session2/pos/0190.pos,1283,1,,,0,5,11.221,4.902,,none
M02,dysarthric,Session2,0191,data/extracted/torgo/M02/Session2/pos/0191.pos,1820,1,,2|3|4|6|7|8|9|10,16,111,38.021,7.276,large_position_step,high
M02,dysarthric,Session2,0192,data/extracted/torgo/M02/Session2/pos/0192.pos,604,1,,2|3|4|6|7|8|9|10,8,9,48.634,3.779,large_position_step,medium
M02,dysarthric,Session2,0193,data/extracted/torgo/M02/Session2/pos/0193.pos,1370,1,,2|3|4|5|6|7|8|9|10|11|12,50,76,148.408,5.508,large_position_step,high
M02,dysarthric,Session2,0194,data/extracted/torgo/M02/Session2/pos/0194.pos,1208,1,,7|8|10,3,65,24.749,8.141,large_position_step,medium
M02,dysarthric,Session2,0195,data/extracted/torgo/M02/Session2/pos/0195.pos,2064,1,,2|3|4|5|6|7|8|9|10|11|12,130,240,151.118,9.755,large_position_step,high
M02,dysarthric,Session2,0196,data/extracted/torgo/M02/Session2/pos/0196.pos,402,1,,,0,0,4.458,2.972,,none
M02,dysarthric,Session2,0197,data/extracted/torgo/M02/Session2/pos/0197.pos,412,1,,2|3|4|6|7|8|9|10|11|12,10,36,54.256,8.887,large_position_step,high
M02,dysarthric,Session2,0198,data/extracted/torgo/M02/Session2/pos/0198.pos,509,1,,9,1,1,40.098,3.208,large_position_step,medium
M02,dysarthric,Session2,0199,data/extracted/torgo/M02/Session2/pos/0199.pos,481,1,,,0,0,8.12,5.113,,none
M02,dysarthric,Session2,0200,data/extracted/torgo/M02/Session2/pos/0200.pos,1245,1,,9,1,18,32.476,5.699,large_position_step,medium
M02,dysarthric,Session2,0201,data/extracted/torgo/M02/Session2/pos/0201.pos,456,1,,,0,2,11.609,5.026,,none
M02,dysarthric,Session2,0202,data/extracted/torgo/M02/Session2/pos/0202.pos,3183,1,,2|3|4|5|6|7|8|9|10|11|12,1735,3863,118.18,45.664,large_position_step,high
M02,dysarthric,Session2,0203,data/extracted/torgo/M02/Session2/pos/0203.pos,715,1,,2|3|4|6|7|8|9|10,10,43,39.57,6.085,large_position_step,high
M02,dysarthric,Session2,0204,data/extracted/torgo/M02/Session2/pos/0204.pos,1891,1,,7|9|10,8,159,132.443,8.233,large_position_step,medium
M02,dysarthric,Session2,0205,data/extracted/torgo/M02/Session2/pos/0205.pos,597,1,,2|3|4|5|6|7|8|9|10|11|12,17,54,115.378,6.883,large_position_step,high
M02,dysarthric,Session2,0206,data/extracted/torgo/M02/Session2/pos/0206.pos,428,1,,4|7|10,4,38,38.505,8.043,large_position_step,medium
M02,dysarthric,Session2,0207,data/extracted/torgo/M02/Session2/pos/0207.pos,2029,1,,3|7|8|10,4,16,29.903,3.562,large_position_step,medium
M02,dysarthric,Session2,0208,data/extracted/torgo/M02/Session2/pos/0208.pos,2757,1,,9,1,47,27.569,6.869,large_position_step,medium
M02,dysarthric,Session2,0209,data/extracted/torgo/M02/Session2/pos/0209.pos,1515,1,,2|3|4|5|6|7|8|9|10|11|12,21,59,478.815,5.458,large_position_step,high
M02,dysarthric,Session2,0210,data/extracted/torgo/M02/Session2/pos/0210.pos,807,1,,,0,4,19.06,3.809,,none
M02,dysarthric,Session2,0211,data/extracted/torgo/M02/Session2/pos/0211.pos,540,1,,9,1,2,28.35,3.389,large_position_step,medium
M02,dysarthric,Session2,0212,data/extracted/torgo/M02/Session2/pos/0212.pos,1302,1,,2|3|4|6|7|8|9|10|11|12,21,52,166.184,5.365,large_position_step,high
M02,dysarthric,Session2,0213,data/extracted/torgo/M02/Session2/pos/0213.pos,1580,1,,2|3|4|5|6|7|8|9|10|11|12,12,25,80.632,3.204,large_position_step,high
M02,dysarthric,Session2,0214,data/extracted/torgo/M02/Session2/pos/0214.pos,556,1,,,0,13,15.734,6.633,,none
M02,dysarthric,Session2,0215,data/extracted/torgo/M02/Session2/pos/0215.pos,671,1,,2|3|4|5|6|7|8|9|10|11|12,11,39,145.87,7.316,large_position_step,high
M02,dysarthric,Session2,0216,data/extracted/torgo/M02/Session2/pos/0216.pos,588,1,,3|6|7|8|9|10,6,9,30.48,3.852,large_position_step,medium
M02,dysarthric,Session2,0217,data/extracted/torgo/M02/Session2/pos/0217.pos,610,1,,9,1,19,21.962,6.966,large_position_step,medium
M02,dysarthric,Session2,0218,data/extracted/torgo/M02/Session2/pos/0218.pos,561,1,,2|3|6|7|8|9|10,7,9,34.672,5.111,large_position_step,medium
M02,dysarthric,Session2,0219,data/extracted/torgo/M02/Session2/pos/0219.pos,505,1,,2,5,7,209.937,5.202,large_position_step,medium
M02,dysarthric,Session2,0220,data/extracted/torgo/M02/Session2/pos/0220.pos,553,1,,2|3|6|7|8|9|10,7,17,40.948,2.717,large_position_step,medium
M02,dysarthric,Session2,0221,data/extracted/torgo/M02/Session2/pos/0221.pos,633,1,,,0,5,13.34,3.273,,none
M02,dysarthric,Session2,0222,data/extracted/torgo/M02/Session2/pos/0222.pos,1614,1,,2|3|4|5|6|7|8|9|10|11|12,25,50,147.041,3.639,large_position_step,high
M02,dysarthric,Session2,0223,data/extracted/torgo/M02/Session2/pos/0223.pos,744,1,,9,1,2,50.908,3.944,large_position_step,medium
M02,dysarthric,Session2,0224,data/extracted/torgo/M02/Session2/pos/0224.pos,63,1,,,0,0,2.549,2.031,,none
M02,dysarthric,Session2,0225,data/extracted/torgo/M02/Session2/pos/0225.pos,351,1,,9,1,1,57.675,2.271,large_position_step,medium
M02,dysarthric,Session2,0226,data/extracted/torgo/M02/Session2/pos/0226.pos,570,1,,2|3|4|6|7|8|9|10,8,29,61.075,5.707,large_position_step,medium
M02,dysarthric,Session2,0227,data/extracted/torgo/M02/Session2/pos/0227.pos,664,1,,9,1,1,59.646,3.446,large_position_step,medium
M02,dysarthric,Session2,0228,data/extracted/torgo/M02/Session2/pos/0228.pos,1401,1,,2|3|4|5|6|7|8|9|10|11|12,55,126,148.948,8.064,large_position_step,high
M02,dysarthric,Session2,0229,data/extracted/torgo/M02/Session2/pos/0229.pos,715,1,,2|3|4|6|7|8|10,7,9,34.451,5.002,large_position_step,medium
M02,dysarthric,Session2,0230,data/extracted/torgo/M02/Session2/pos/0230.pos,895,1,,2|3|4|6|7|8|9|10,8,14,36.704,2.576,large_position_step,medium
M02,dysarthric,Session2,0231,data/extracted/torgo/M02/Session2/pos/0231.pos,772,1,,,0,4,13.078,4.613,,none
M02,dysarthric,Session2,0232,data/extracted/torgo/M02/Session2/pos/0232.pos,1744,1,,2|3|7|8|9|10,21,146,242.329,8.499,large_position_step,high
M02,dysarthric,Session2,0233,data/extracted/torgo/M02/Session2/pos/0233.pos,706,1,,2|9,3,3,42.995,2.454,large_position_step,medium
M02,dysarthric,Session2,0234,data/extracted/torgo/M02/Session2/pos/0234.pos,394,1,,7|10,2,30,26.704,8.717,large_position_step,medium
M02,dysarthric,Session2,0235,data/extracted/torgo/M02/Session2/pos/0235.pos,1689,1,,2|3|4|5|6|7|8|9|10|11|12,48,63,141.402,4.682,large_position_step,high
M02,dysarthric,Session2,0236,data/extracted/torgo/M02/Session2/pos/0236.pos,871,1,,2|3|4|5|6|7|8|9|10|11|12,106,138,126.167,20.583,large_position_step,high
M02,dysarthric,Session2,0237,data/extracted/torgo/M02/Session2/pos/0237.pos,1250,1,,2|3|4|5|6|7|8|9|10|11|12,22,23,146.08,5.046,large_position_step,high
M02,dysarthric,Session2,0238,data/extracted/torgo/M02/Session2/pos/0238.pos,424,1,,2|3|4|5|6|7|8|9|10|11|12,16,31,88.523,7.269,large_position_step,high
M02,dysarthric,Session2,0239,data/extracted/torgo/M02/Session2/pos/0239.pos,534,1,,2|3|4|6|7|8|9|10,11,20,38.284,4.29,large_position_step,high
M02,dysarthric,Session2,0240,data/extracted/torgo/M02/Session2/pos/0240.pos,385,1,,2|3|4|5|6|7|8|9|10|11|12,31,68,111.853,12.204,large_position_step,high
M02,dysarthric,Session2,0241,data/extracted/torgo/M02/Session2/pos/0241.pos,393,1,,2|3|4|6|7|8|9|10,8,36,40.469,9.19,large_position_step,medium
M02,dysarthric,Session2,0242,data/extracted/torgo/M02/Session2/pos/0242.pos,570,1,,10,1,25,20.941,4.564,large_position_step,medium
M03,dysarthric,Session2,0001,data/extracted/torgo/M03/Session2/pos/0001.pos,1121,,,,0,0,1.262,0.757,,none
M03,dysarthric,Session2,0002,data/extracted/torgo/M03/Session2/pos/0002.pos,1039,,,,0,0,1.28,0.681,,none
M03,dysarthric,Session2,0003,data/extracted/torgo/M03/Session2/pos/0003.pos,518,,,,0,0,1.648,0.694,,none
M03,dysarthric,Session2,0004,data/extracted/torgo/M03/Session2/pos/0004.pos,470,,,,0,0,1.124,0.658,,none
M03,dysarthric,Session2,0005,data/extracted/torgo/M03/Session2/pos/0005.pos,372,,,,0,0,1.162,0.728,,none
M03,dysarthric,Session2,0006,data/extracted/torgo/M03/Session2/pos/0006.pos,438,,,,0,0,1.665,0.772,,none
M03,dysarthric,Session2,0007,data/extracted/torgo/M03/Session2/pos/0007.pos,470,,,,0,0,1.632,0.781,,none
M03,dysarthric,Session2,0008,data/extracted/torgo/M03/Session2/pos/0008.pos,490,,,,0,0,1.157,0.71,,none
M03,dysarthric,Session2,0009,data/extracted/torgo/M03/Session2/pos/0009.pos,447,,,,0,0,1.245,0.696,,none
M03,dysarthric,Session2,0010,data/extracted/torgo/M03/Session2/pos/0010.pos,475,,,,0,0,1.168,0.718,,none
M03,dysarthric,Session2,0011,data/extracted/torgo/M03/Session2/pos/0011.pos,469,,,,0,0,1.319,0.707,,none
M03,dysarthric,Session2,0012,data/extracted/torgo/M03/Session2/pos/0012.pos,724,,,,0,0,1.404,0.715,,none
M03,dysarthric,Session2,0013,data/extracted/torgo/M03/Session2/pos/0013.pos,767,,,,0,0,1.861,0.844,,none
M03,dysarthric,Session2,0014,data/extracted/torgo/M03/Session2/pos/0014.pos,935,,,,0,0,1.706,0.825,,none
M03,dysarthric,Session2,0015,data/extracted/torgo/M03/Session2/pos/0015.pos,494,,,,0,0,1.357,0.791,,none
M03,dysarthric,Session2,0016,data/extracted/torgo/M03/Session2/pos/0016.pos,450,,,,0,0,1.116,0.689,,none
M03,dysarthric,Session2,0017,data/extracted/torgo/M03/Session2/pos/0017.pos,560,,,,0,0,1.181,0.747,,none
M03,dysarthric,Session2,0018,data/extracted/torgo/M03/Session2/pos/0018.pos,1329,,,,0,0,1.506,0.756,,none
M03,dysarthric,Session2,0019,data/extracted/torgo/M03/Session2/pos/0019.pos,1373,,,,0,0,1.539,0.67,,none
M03,dysarthric,Session2,0020,data/extracted/torgo/M03/Session2/pos/0020.pos,383,,,,0,0,1.17,0.74,,none
M03,dysarthric,Session2,0021,data/extracted/torgo/M03/Session2/pos/0021.pos,522,,,,0,0,1.321,0.728,,none
M03,dysarthric,Session2,0022,data/extracted/torgo/M03/Session2/pos/0022.pos,509,,,,0,0,1.249,0.739,,none
M03,dysarthric,Session2,0023,data/extracted/torgo/M03/Session2/pos/0023.pos,408,,,,0,0,1.124,0.674,,none
M03,dysarthric,Session2,0024,data/extracted/torgo/M03/Session2/pos/0024.pos,593,,,,0,0,1.72,0.816,,none
M03,dysarthric,Session2,0025,data/extracted/torgo/M03/Session2/pos/0025.pos,470,,,,0,0,1.311,0.737,,none
M03,dysarthric,Session2,0026,data/extracted/torgo/M03/Session2/pos/0026.pos,492,,,,0,0,1.237,0.75,,none
M03,dysarthric,Session2,0027,data/extracted/torgo/M03/Session2/pos/0027.pos,8631,,,3|7|8|10,38,60,70.261,1.43,large_position_step,high
M03,dysarthric,Session2,0028,data/extracted/torgo/M03/Session2/pos/0028.pos,489,,,,0,0,2.336,0.906,,none
M03,dysarthric,Session2,0029,data/extracted/torgo/M03/Session2/pos/0029.pos,1212,,,,0,0,1.775,0.924,,none
M03,dysarthric,Session2,0030,data/extracted/torgo/M03/Session2/pos/0030.pos,400,,,,0,0,1.681,0.797,,none
M03,dysarthric,Session2,0031,data/extracted/torgo/M03/Session2/pos/0031.pos,453,,,,0,0,1.564,0.898,,none
M03,dysarthric,Session2,0032,data/extracted/torgo/M03/Session2/pos/0032.pos,409,,,,0,0,1.687,0.767,,none
M03,dysarthric,Session2,0033,data/extracted/torgo/M03/Session2/pos/0033.pos,795,,,,0,0,1.409,0.803,,none
M03,dysarthric,Session2,0034,data/extracted/torgo/M03/Session2/pos/0034.pos,581,,,,0,0,1.469,0.743,,none
M03,dysarthric,Session2,0035,data/extracted/torgo/M03/Session2/pos/0035.pos,458,,,,0,0,1.491,0.843,,none
M03,dysarthric,Session2,0036,data/extracted/torgo/M03/Session2/pos/0036.pos,1431,,,,0,0,2.133,0.858,,none
M03,dysarthric,Session2,0037,data/extracted/torgo/M03/Session2/pos/0037.pos,498,,,,0,0,1.254,0.749,,none
M03,dysarthric,Session2,0038,data/extracted/torgo/M03/Session2/pos/0038.pos,542,,,,0,0,1.606,0.805,,none
M03,dysarthric,Session2,0039,data/extracted/torgo/M03/Session2/pos/0039.pos,569,,,,0,0,1.865,0.922,,none
M03,dysarthric,Session2,0040,data/extracted/torgo/M03/Session2/pos/0040.pos,537,,,,0,0,1.506,0.795,,none
M03,dysarthric,Session2,0041,data/extracted/torgo/M03/Session2/pos/0041.pos,508,,,,0,0,1.522,0.809,,none
M03,dysarthric,Session2,0042,data/extracted/torgo/M03/Session2/pos/0042.pos,833,,,,0,0,1.438,0.796,,none
M03,dysarthric,Session2,0043,data/extracted/torgo/M03/Session2/pos/0043.pos,524,,,,0,0,1.525,0.79,,none
M03,dysarthric,Session2,0044,data/extracted/torgo/M03/Session2/pos/0044.pos,550,,,,0,0,1.524,0.76,,none
M03,dysarthric,Session2,0045,data/extracted/torgo/M03/Session2/pos/0045.pos,1028,,,,0,0,9.517,1.004,,none
M03,dysarthric,Session2,0046,data/extracted/torgo/M03/Session2/pos/0046.pos,461,,,,0,0,1.484,0.841,,none
M03,dysarthric,Session2,0047,data/extracted/torgo/M03/Session2/pos/0047.pos,529,,,,0,0,1.387,0.854,,none
M03,dysarthric,Session2,0048,data/extracted/torgo/M03/Session2/pos/0048.pos,551,,,,0,0,1.47,0.785,,none
M03,dysarthric,Session2,0049,data/extracted/torgo/M03/Session2/pos/0049.pos,376,,,,0,0,1.76,0.87,,none
M03,dysarthric,Session2,0050,data/extracted/torgo/M03/Session2/pos/0050.pos,443,,,,0,0,1.809,0.73,,none
M03,dysarthric,Session2,0051,data/extracted/torgo/M03/Session2/pos/0051.pos,425,,,,0,0,1.196,0.788,,none
M03,dysarthric,Session2,0052,data/extracted/torgo/M03/Session2/pos/0052.pos,584,,,,0,0,1.28,0.611,,none
M03,dysarthric,Session2,0053,data/extracted/torgo/M03/Session2/pos/0053.pos,406,,,,0,0,1.303,0.669,,none
M03,dysarthric,Session2,0054,data/extracted/torgo/M03/Session2/pos/0054.pos,452,,,,0,0,1.228,0.695,,none
M03,dysarthric,Session2,0055,data/extracted/torgo/M03/Session2/pos/0055.pos,484,,,,0,0,1.401,0.722,,none
M03,dysarthric,Session2,0056,data/extracted/torgo/M03/Session2/pos/0056.pos,403,,,,0,0,1.315,0.71,,none
M03,dysarthric,Session2,0057,data/extracted/torgo/M03/Session2/pos/0057.pos,746,,,,0,0,2.025,0.874,,none
M03,dysarthric,Session2,0058,data/extracted/torgo/M03/Session2/pos/0058.pos,583,,,,0,0,1.59,0.806,,none
M03,dysarthric,Session2,0059,data/extracted/torgo/M03/Session2/pos/0059.pos,498,,,,0,0,1.601,0.805,,none
M03,dysarthric,Session2,0060,data/extracted/torgo/M03/Session2/pos/0060.pos,503,,,,0,0,1.126,0.73,,none
M03,dysarthric,Session2,0061,data/extracted/torgo/M03/Session2/pos/0061.pos,408,,,,0,0,1.452,0.745,,none
M03,dysarthric,Session2,0062,data/extracted/torgo/M03/Session2/pos/0062.pos,590,,,,0,0,1.468,0.721,,none
M03,dysarthric,Session2,0063,data/extracted/torgo/M03/Session2/pos/0063.pos,515,,,,0,0,1.718,0.672,,none
M03,dysarthric,Session2,0064,data/extracted/torgo/M03/Session2/pos/0064.pos,569,,,,0,0,1.231,0.688,,none
M03,dysarthric,Session2,0065,data/extracted/torgo/M03/Session2/pos/0065.pos,911,,,,0,0,1.558,0.747,,none
M03,dysarthric,Session2,0066,data/extracted/torgo/M03/Session2/pos/0066.pos,422,,,,0,0,1.513,0.779,,none
M03,dysarthric,Session2,0067,data/extracted/torgo/M03/Session2/pos/0067.pos,476,,,,0,0,1.374,0.741,,none
M03,dysarthric,Session2,0068,data/extracted/torgo/M03/Session2/pos/0068.pos,607,,,,0,0,1.417,0.714,,none
M03,dysarthric,Session2,0069,data/extracted/torgo/M03/Session2/pos/0069.pos,720,,,,0,0,1.448,0.74,,none
M03,dysarthric,Session2,0070,data/extracted/torgo/M03/Session2/pos/0070.pos,444,,,,0,0,1.667,0.831,,none
M03,dysarthric,Session2,0071,data/extracted/torgo/M03/Session2/pos/0071.pos,478,,,,0,0,1.752,0.738,,none
M03,dysarthric,Session2,0072,data/extracted/torgo/M03/Session2/pos/0072.pos,470,,,,0,0,3.916,1.207,,none
M03,dysarthric,Session2,0073,data/extracted/torgo/M03/Session2/pos/0073.pos,8362,,,1|7,4,10,39.598,1.721,large_position_step,medium
M03,dysarthric,Session2,0074,data/extracted/torgo/M03/Session2/pos/0074.pos,751,,,,0,0,2.279,1.348,,none
M03,dysarthric,Session2,0075,data/extracted/torgo/M03/Session2/pos/0075.pos,411,,,,0,0,2.203,1.209,,none
M03,dysarthric,Session2,0076,data/extracted/torgo/M03/Session2/pos/0076.pos,440,,,,0,0,2.156,1.142,,none
M03,dysarthric,Session2,0077,data/extracted/torgo/M03/Session2/pos/0077.pos,447,,,,0,0,2.111,1.055,,none
M03,dysarthric,Session2,0078,data/extracted/torgo/M03/Session2/pos/0078.pos,460,,,,0,0,1.866,1.063,,none
M03,dysarthric,Session2,0079,data/extracted/torgo/M03/Session2/pos/0079.pos,455,,,,0,0,1.93,1.145,,none
M03,dysarthric,Session2,0080,data/extracted/torgo/M03/Session2/pos/0080.pos,446,,,,0,0,2.062,1.061,,none
M03,dysarthric,Session2,0081,data/extracted/torgo/M03/Session2/pos/0081.pos,568,,,,0,0,2.049,1.087,,none
M03,dysarthric,Session2,0082,data/extracted/torgo/M03/Session2/pos/0082.pos,534,,,,0,0,2.202,1.097,,none
M03,dysarthric,Session2,0083,data/extracted/torgo/M03/Session2/pos/0083.pos,417,,,,0,0,2.593,1.115,,none
M03,dysarthric,Session2,0084,data/extracted/torgo/M03/Session2/pos/0084.pos,374,,,,0,0,1.686,1.027,,none
M03,dysarthric,Session2,0085,data/extracted/torgo/M03/Session2/pos/0085.pos,395,,,,0,0,2.158,1.196,,none
M03,dysarthric,Session2,0086,data/extracted/torgo/M03/Session2/pos/0086.pos,1074,,,,0,0,2.433,1.182,,none
M03,dysarthric,Session2,0087,data/extracted/torgo/M03/Session2/pos/0087.pos,476,,,,0,0,2.302,1.191,,none
M03,dysarthric,Session2,0088,data/extracted/torgo/M03/Session2/pos/0088.pos,457,,,,0,0,2.323,1.282,,none
M03,dysarthric,Session2,0089,data/extracted/torgo/M03/Session2/pos/0089.pos,573,,,,0,0,1.708,1.022,,none
M03,dysarthric,Session2,0090,data/extracted/torgo/M03/Session2/pos/0090.pos,422,,,,0,0,1.87,1.142,,none
M03,dysarthric,Session2,0091,data/extracted/torgo/M03/Session2/pos/0091.pos,434,,,,0,0,2.079,1.136,,none
M03,dysarthric,Session2,0092,data/extracted/torgo/M03/Session2/pos/0092.pos,450,,,,0,0,1.7,0.991,,none
M03,dysarthric,Session2,0093,data/extracted/torgo/M03/Session2/pos/0093.pos,429,,,,0,0,1.43,0.934,,none
M03,dysarthric,Session2,0094,data/extracted/torgo/M03/Session2/pos/0094.pos,1602,,,,0,0,1.737,0.935,,none
M03,dysarthric,Session2,0095,data/extracted/torgo/M03/Session2/pos/0095.pos,599,,,,0,0,2.16,0.928,,none
M03,dysarthric,Session2,0096,data/extracted/torgo/M03/Session2/pos/0096.pos,1201,,,,0,0,3.031,1.11,,none
M03,dysarthric,Session2,0097,data/extracted/torgo/M03/Session2/pos/0097.pos,603,,,,0,0,2.035,1.101,,none
M03,dysarthric,Session2,0098,data/extracted/torgo/M03/Session2/pos/0098.pos,959,,,,0,0,2.383,1.097,,none
M03,dysarthric,Session2,0099,data/extracted/torgo/M03/Session2/pos/0099.pos,1165,,,,0,0,3.135,1.074,,none
M03,dysarthric,Session2,0100,data/extracted/torgo/M03/Session2/pos/0100.pos,1104,,,,0,0,1.879,1.075,,none
M03,dysarthric,Session2,0101,data/extracted/torgo/M03/Session2/pos/0101.pos,1241,,,,0,0,1.908,1.072,,none
M03,dysarthric,Session2,0102,data/extracted/torgo/M03/Session2/pos/0102.pos,1432,,,,0,0,2.423,1.167,,none
M03,dysarthric,Session2,0103,data/extracted/torgo/M03/Session2/pos/0103.pos,468,,,,0,0,2.437,1.036,,none
M03,dysarthric,Session2,0104,data/extracted/torgo/M03/Session2/pos/0104.pos,463,,,,0,0,1.916,0.99,,none
M03,dysarthric,Session2,0105,data/extracted/torgo/M03/Session2/pos/0105.pos,499,,,,0,0,1.804,0.978,,none
M03,dysarthric,Session2,0106,data/extracted/torgo/M03/Session2/pos/0106.pos,563,,,,0,0,2.188,1.066,,none
M03,dysarthric,Session2,0107,data/extracted/torgo/M03/Session2/pos/0107.pos,925,,,,0,0,2.229,1.085,,none
M03,dysarthric,Session2,0108,data/extracted/torgo/M03/Session2/pos/0108.pos,572,,,,0,0,1.774,0.939,,none
M03,dysarthric,Session2,0109,data/extracted/torgo/M03/Session2/pos/0109.pos,555,,,1,3,4,48.677,1.703,large_position_step,medium
M03,dysarthric,Session2,0110,data/extracted/torgo/M03/Session2/pos/0110.pos,546,,,,0,0,1.758,0.962,,none
M03,dysarthric,Session2,0111,data/extracted/torgo/M03/Session2/pos/0111.pos,837,,,,0,0,1.835,1.058,,none
M03,dysarthric,Session2,0112,data/extracted/torgo/M03/Session2/pos/0112.pos,600,,,,0,0,1.321,0.953,,none
M03,dysarthric,Session2,0113,data/extracted/torgo/M03/Session2/pos/0113.pos,531,,,,0,0,1.578,1.0,,none
M03,dysarthric,Session2,0114,data/extracted/torgo/M03/Session2/pos/0114.pos,469,,,,0,0,1.846,0.981,,none
M03,dysarthric,Session2,0115,data/extracted/torgo/M03/Session2/pos/0115.pos,851,,,,0,0,2.077,0.981,,none
M03,dysarthric,Session2,0116,data/extracted/torgo/M03/Session2/pos/0116.pos,505,,,,0,0,1.937,1.029,,none
M03,dysarthric,Session2,0117,data/extracted/torgo/M03/Session2/pos/0117.pos,832,,,,0,0,1.952,1.09,,none
M03,dysarthric,Session2,0118,data/extracted/torgo/M03/Session2/pos/0118.pos,1074,,,,0,0,1.872,1.043,,none
M03,dysarthric,Session2,0119,data/extracted/torgo/M03/Session2/pos/0119.pos,863,,,,0,0,1.654,1.024,,none
M03,dysarthric,Session2,0120,data/extracted/torgo/M03/Session2/pos/0120.pos,547,,,,0,0,1.558,1.03,,none
M03,dysarthric,Session2,0121,data/extracted/torgo/M03/Session2/pos/0121.pos,451,,,,0,0,1.805,1.033,,none
M03,dysarthric,Session2,0122,data/extracted/torgo/M03/Session2/pos/0122.pos,526,,,,0,0,1.634,1.072,,none
M03,dysarthric,Session2,0123,data/extracted/torgo/M03/Session2/pos/0123.pos,564,,,,0,0,1.682,1.039,,none
M03,dysarthric,Session2,0124,data/extracted/torgo/M03/Session2/pos/0124.pos,489,,,,0,0,4.192,1.177,,none
M03,dysarthric,Session2,0125,data/extracted/torgo/M03/Session2/pos/0125.pos,636,,,,0,0,2.139,0.649,,none
M03,dysarthric,Session2,0126,data/extracted/torgo/M03/Session2/pos/0126.pos,465,,,,0,0,1.415,0.638,,none
M03,dysarthric,Session2,0127,data/extracted/torgo/M03/Session2/pos/0127.pos,466,,,,0,0,0.948,0.604,,none
M03,dysarthric,Session2,0128,data/extracted/torgo/M03/Session2/pos/0128.pos,999,,,,0,0,1.665,0.732,,none
M03,dysarthric,Session2,0129,data/extracted/torgo/M03/Session2/pos/0129.pos,675,,,,0,0,1.39,0.656,,none
M03,dysarthric,Session2,0130,data/extracted/torgo/M03/Session2/pos/0130.pos,376,,,,0,0,1.258,0.749,,none
M03,dysarthric,Session2,0131,data/extracted/torgo/M03/Session2/pos/0131.pos,459,,,,0,0,2.437,0.673,,none
M03,dysarthric,Session2,0132,data/extracted/torgo/M03/Session2/pos/0132.pos,498,,,,0,0,1.667,0.696,,none
M03,dysarthric,Session2,0133,data/extracted/torgo/M03/Session2/pos/0133.pos,528,,,,0,0,2.317,0.644,,none
M03,dysarthric,Session2,0134,data/extracted/torgo/M03/Session2/pos/0134.pos,441,,,,0,0,2.173,0.772,,none
M03,dysarthric,Session2,0135,data/extracted/torgo/M03/Session2/pos/0135.pos,870,,,,0,1,14.919,1.094,,none
M03,dysarthric,Session2,0136,data/extracted/torgo/M03/Session2/pos/0136.pos,446,,,,0,0,1.214,0.647,,none
M03,dysarthric,Session2,0137,data/extracted/torgo/M03/Session2/pos/0137.pos,516,,,,0,0,7.806,0.934,,none
M03,dysarthric,Session2,0138,data/extracted/torgo/M03/Session2/pos/0138.pos,837,,,1,1,1,25.768,0.852,large_position_step,medium
M03,dysarthric,Session2,0139,data/extracted/torgo/M03/Session2/pos/0139.pos,450,,,,0,0,1.225,0.625,,none
M03,dysarthric,Session2,0140,data/extracted/torgo/M03/Session2/pos/0140.pos,464,,,,0,0,1.141,0.631,,none
M03,dysarthric,Session2,0141,data/extracted/torgo/M03/Session2/pos/0141.pos,494,,,,0,0,0.986,0.614,,none
M03,dysarthric,Session2,0142,data/extracted/torgo/M03/Session2/pos/0142.pos,561,,,,0,0,0.97,0.601,,none
M03,dysarthric,Session2,0143,data/extracted/torgo/M03/Session2/pos/0143.pos,417,,,,0,0,1.045,0.618,,none
M03,dysarthric,Session2,0144,data/extracted/torgo/M03/Session2/pos/0144.pos,823,,,,0,0,1.52,0.817,,none
M03,dysarthric,Session2,0145,data/extracted/torgo/M03/Session2/pos/0145.pos,540,,,,0,0,0.92,0.576,,none
M03,dysarthric,Session2,0146,data/extracted/torgo/M03/Session2/pos/0146.pos,453,,,,0,0,1.586,0.624,,none
M03,dysarthric,Session2,0147,data/extracted/torgo/M03/Session2/pos/0147.pos,521,,,,0,0,0.816,0.556,,none
M03,dysarthric,Session2,0148,data/extracted/torgo/M03/Session2/pos/0148.pos,479,,,,0,0,1.479,0.735,,none
M03,dysarthric,Session2,0149,data/extracted/torgo/M03/Session2/pos/0149.pos,465,,,,0,0,1.803,0.597,,none
M03,dysarthric,Session2,0150,data/extracted/torgo/M03/Session2/pos/0150.pos,407,,,,0,2,14.157,0.634,,none
M03,dysarthric,Session2,0151,data/extracted/torgo/M03/Session2/pos/0151.pos,958,,,,0,0,7.311,0.88,,none
M03,dysarthric,Session2,0152,data/extracted/torgo/M03/Session2/pos/0152.pos,517,,,,0,0,1.168,0.624,,none
M03,dysarthric,Session2,0153,data/extracted/torgo/M03/Session2/pos/0153.pos,477,,,,0,0,1.145,0.677,,none
M03,dysarthric,Session2,0154,data/extracted/torgo/M03/Session2/pos/0154.pos,564,,,,0,0,1.267,0.734,,none
M03,dysarthric,Session2,0155,data/extracted/torgo/M03/Session2/pos/0155.pos,963,,,,0,0,1.722,0.869,,none
M03,dysarthric,Session2,0156,data/extracted/torgo/M03/Session2/pos/0156.pos,501,,,,0,0,0.855,0.59,,none
M03,dysarthric,Session2,0157,data/extracted/torgo/M03/Session2/pos/0157.pos,462,,,,0,0,0.97,0.577,,none
M03,dysarthric,Session2,0158,data/extracted/torgo/M03/Session2/pos/0158.pos,498,,,,0,0,1.333,0.687,,none
M03,dysarthric,Session2,0159,data/extracted/torgo/M03/Session2/pos/0159.pos,459,,,,0,0,4.825,1.315,,none
M03,dysarthric,Session2,0160,data/extracted/torgo/M03/Session2/pos/0160.pos,435,,,,0,0,1.851,0.962,,none
M03,dysarthric,Session2,0161,data/extracted/torgo/M03/Session2/pos/0161.pos,476,,,,0,0,1.805,0.887,,none
M03,dysarthric,Session2,0162,data/extracted/torgo/M03/Session2/pos/0162.pos,730,,,,0,0,1.396,0.898,,none
M03,dysarthric,Session2,0163,data/extracted/torgo/M03/Session2/pos/0163.pos,477,,,,0,0,1.628,0.814,,none
M03,dysarthric,Session2,0164,data/extracted/torgo/M03/Session2/pos/0164.pos,774,,,,0,0,1.437,0.897,,none
M03,dysarthric,Session2,0165,data/extracted/torgo/M03/Session2/pos/0165.pos,677,,,,0,0,1.824,0.933,,none
M03,dysarthric,Session2,0166,data/extracted/torgo/M03/Session2/pos/0166.pos,749,,,,0,0,1.771,1.003,,none
M03,dysarthric,Session2,0167,data/extracted/torgo/M03/Session2/pos/0167.pos,426,,,,0,0,1.802,0.964,,none
M03,dysarthric,Session2,0168,data/extracted/torgo/M03/Session2/pos/0168.pos,666,,,,0,0,1.547,0.889,,none
M03,dysarthric,Session2,0169,data/extracted/torgo/M03/Session2/pos/0169.pos,702,,,,0,0,1.44,0.822,,none
M03,dysarthric,Session2,0170,data/extracted/torgo/M03/Session2/pos/0170.pos,361,,,,0,0,1.557,0.927,,none
M03,dysarthric,Session2,0171,data/extracted/torgo/M03/Session2/pos/0171.pos,445,,,,0,0,1.34,0.842,,none
M03,dysarthric,Session2,0172,data/extracted/torgo/M03/Session2/pos/0172.pos,415,,,,0,0,1.344,0.777,,none
M03,dysarthric,Session2,0173,data/extracted/torgo/M03/Session2/pos/0173.pos,471,,,,0,0,1.526,0.799,,none
M03,dysarthric,Session2,0174,data/extracted/torgo/M03/Session2/pos/0174.pos,514,,,,0,0,1.361,0.824,,none
M03,dysarthric,Session2,0175,data/extracted/torgo/M03/Session2/pos/0175.pos,455,,,,0,0,1.123,0.785,,none
M03,dysarthric,Session2,0176,data/extracted/torgo/M03/Session2/pos/0176.pos,465,,,,0,0,1.443,0.858,,none
M03,dysarthric,Session2,0177,data/extracted/torgo/M03/Session2/pos/0177.pos,508,,,,0,0,1.221,0.832,,none
M03,dysarthric,Session2,0178,data/extracted/torgo/M03/Session2/pos/0178.pos,524,,,,0,0,1.276,0.764,,none
M03,dysarthric,Session2,0179,data/extracted/torgo/M03/Session2/pos/0179.pos,685,,,,0,0,1.468,0.846,,none
M03,dysarthric,Session2,0180,data/extracted/torgo/M03/Session2/pos/0180.pos,612,,,,0,0,1.274,0.799,,none
M03,dysarthric,Session2,0181,data/extracted/torgo/M03/Session2/pos/0181.pos,417,,,,0,0,1.165,0.77,,none
M03,dysarthric,Session2,0182,data/extracted/torgo/M03/Session2/pos/0182.pos,625,,,,0,0,1.748,0.948,,none
M03,dysarthric,Session2,0183,data/extracted/torgo/M03/Session2/pos/0183.pos,8217,,,,0,4,17.173,1.618,,none
M03,dysarthric,Session2,0184,data/extracted/torgo/M03/Session2/pos/0184.pos,1011,,,,0,0,3.761,1.566,,none
M03,dysarthric,Session2,0185,data/extracted/torgo/M03/Session2/pos/0185.pos,802,,,,0,0,3.33,1.405,,none
M03,dysarthric,Session2,0186,data/extracted/torgo/M03/Session2/pos/0186.pos,483,,,,0,0,3.662,1.855,,none
M03,dysarthric,Session2,0187,data/extracted/torgo/M03/Session2/pos/0187.pos,915,,,,0,0,2.752,1.279,,none
M03,dysarthric,Session2,0188,data/extracted/torgo/M03/Session2/pos/0188.pos,477,,,,0,0,4.389,1.959,,none
M03,dysarthric,Session2,0189,data/extracted/torgo/M03/Session2/pos/0189.pos,532,,,,0,0,5.263,1.599,,none
M03,dysarthric,Session2,0190,data/extracted/torgo/M03/Session2/pos/0190.pos,504,,,,0,0,3.937,1.259,,none
M03,dysarthric,Session2,0191,data/extracted/torgo/M03/Session2/pos/0191.pos,529,,,,0,0,2.724,1.297,,none
M03,dysarthric,Session2,0192,data/extracted/torgo/M03/Session2/pos/0192.pos,837,,,,0,0,2.545,1.184,,none
M03,dysarthric,Session2,0193,data/extracted/torgo/M03/Session2/pos/0193.pos,517,,,,0,0,2.792,1.111,,none
M03,dysarthric,Session2,0194,data/extracted/torgo/M03/Session2/pos/0194.pos,711,,,,0,0,2.677,1.379,,none
M03,dysarthric,Session2,0195,data/extracted/torgo/M03/Session2/pos/0195.pos,644,,,,0,0,3.85,1.516,,none
M03,dysarthric,Session2,0196,data/extracted/torgo/M03/Session2/pos/0196.pos,796,,,,0,0,3.276,1.364,,none
M03,dysarthric,Session2,0197,data/extracted/torgo/M03/Session2/pos/0197.pos,520,,,,0,0,2.412,0.954,,none
M03,dysarthric,Session2,0198,data/extracted/torgo/M03/Session2/pos/0198.pos,752,,,,0,0,2.23,1.063,,none
M03,dysarthric,Session2,0199,data/extracted/torgo/M03/Session2/pos/0199.pos,771,,,,0,0,1.91,1.137,,none
M03,dysarthric,Session2,0200,data/extracted/torgo/M03/Session2/pos/0200.pos,721,,,,0,0,2.04,1.034,,none
M03,dysarthric,Session2,0201,data/extracted/torgo/M03/Session2/pos/0201.pos,475,,,,0,0,1.816,0.859,,none
M03,dysarthric,Session2,0202,data/extracted/torgo/M03/Session2/pos/0202.pos,485,,,,0,0,1.157,0.752,,none
M03,dysarthric,Session2,0203,data/extracted/torgo/M03/Session2/pos/0203.pos,420,,,,0,0,1.075,0.715,,none
M03,dysarthric,Session2,0204,data/extracted/torgo/M03/Session2/pos/0204.pos,444,,,,0,0,1.166,0.709,,none
M03,dysarthric,Session2,0205,data/extracted/torgo/M03/Session2/pos/0205.pos,379,,,,0,0,1.385,0.825,,none
M03,dysarthric,Session2,0206,data/extracted/torgo/M03/Session2/pos/0206.pos,380,,,,0,0,1.424,0.8,,none
M03,dysarthric,Session2,0207,data/extracted/torgo/M03/Session2/pos/0207.pos,399,,,,0,0,1.198,0.817,,none
M03,dysarthric,Session2,0208,data/extracted/torgo/M03/Session2/pos/0208.pos,382,,,,0,0,2.602,1.257,,none
M03,dysarthric,Session2,0209,data/extracted/torgo/M03/Session2/pos/0209.pos,664,,,,0,0,1.673,0.913,,none
M03,dysarthric,Session2,0210,data/extracted/torgo/M03/Session2/pos/0210.pos,334,,,,0,0,1.533,0.794,,none
M03,dysarthric,Session2,0211,data/extracted/torgo/M03/Session2/pos/0211.pos,759,,,,0,0,1.414,0.82,,none
M03,dysarthric,Session2,0212,data/extracted/torgo/M03/Session2/pos/0212.pos,455,,,,0,0,1.075,0.729,,none
M03,dysarthric,Session2,0213,data/extracted/torgo/M03/Session2/pos/0213.pos,634,,,,0,0,1.545,0.849,,none
M03,dysarthric,Session2,0214,data/extracted/torgo/M03/Session2/pos/0214.pos,499,,,,0,0,1.269,0.728,,none
M03,dysarthric,Session2,0215,data/extracted/torgo/M03/Session2/pos/0215.pos,472,,,,0,0,1.113,0.716,,none
M03,dysarthric,Session2,0216,data/extracted/torgo/M03/Session2/pos/0216.pos,493,,,,0,0,1.267,0.766,,none
M03,dysarthric,Session2,0217,data/extracted/torgo/M03/Session2/pos/0217.pos,558,,,,0,0,1.286,0.712,,none
M03,dysarthric,Session2,0218,data/extracted/torgo/M03/Session2/pos/0218.pos,963,,,,0,0,1.481,0.855,,none
M03,dysarthric,Session2,0219,data/extracted/torgo/M03/Session2/pos/0219.pos,990,,,,0,0,1.373,0.873,,none
M03,dysarthric,Session2,0220,data/extracted/torgo/M03/Session2/pos/0220.pos,565,,,,0,0,1.266,0.809,,none
M03,dysarthric,Session2,0221,data/extracted/torgo/M03/Session2/pos/0221.pos,844,,,,0,0,1.543,0.903,,none
M03,dysarthric,Session2,0222,data/extracted/torgo/M03/Session2/pos/0222.pos,1107,,,,0,0,1.681,0.745,,none
M03,dysarthric,Session2,0223,data/extracted/torgo/M03/Session2/pos/0223.pos,419,,,,0,0,1.013,0.665,,none
M03,dysarthric,Session2,0224,data/extracted/torgo/M03/Session2/pos/0224.pos,376,,,,0,0,1.155,0.738,,none
M03,dysarthric,Session2,0225,data/extracted/torgo/M03/Session2/pos/0225.pos,502,,,,0,0,1.343,0.696,,none
M03,dysarthric,Session2,0226,data/extracted/torgo/M03/Session2/pos/0226.pos,496,,,,0,0,1.311,0.782,,none
M03,dysarthric,Session2,0227,data/extracted/torgo/M03/Session2/pos/0227.pos,437,,,,0,0,1.318,0.672,,none
M03,dysarthric,Session2,0228,data/extracted/torgo/M03/Session2/pos/0228.pos,451,,,,0,0,1.549,0.786,,none
M03,dysarthric,Session2,0229,data/extracted/torgo/M03/Session2/pos/0229.pos,465,,,,0,0,1.185,0.753,,none
M03,dysarthric,Session2,0230,data/extracted/torgo/M03/Session2/pos/0230.pos,586,,,,0,0,1.114,0.709,,none
M03,dysarthric,Session2,0231,data/extracted/torgo/M03/Session2/pos/0231.pos,492,,,,0,0,1.1,0.664,,none
M03,dysarthric,Session2,0232,data/extracted/torgo/M03/Session2/pos/0232.pos,495,,,,0,0,1.263,0.749,,none
M03,dysarthric,Session2,0233,data/extracted/torgo/M03/Session2/pos/0233.pos,855,,,,0,0,1.408,0.862,,none
M03,dysarthric,Session2,0234,data/extracted/torgo/M03/Session2/pos/0234.pos,404,,,,0,0,1.801,1.026,,none
M03,dysarthric,Session2,0235,data/extracted/torgo/M03/Session2/pos/0235.pos,447,,,,0,0,1.616,0.956,,none
M03,dysarthric,Session2,0236,data/extracted/torgo/M03/Session2/pos/0236.pos,502,,,,0,0,1.677,0.935,,none
M03,dysarthric,Session2,0237,data/extracted/torgo/M03/Session2/pos/0237.pos,478,,,,0,0,1.491,0.944,,none
M03,dysarthric,Session2,0238,data/extracted/torgo/M03/Session2/pos/0238.pos,469,,,,0,0,1.802,0.913,,none
M03,dysarthric,Session2,0239,data/extracted/torgo/M03/Session2/pos/0239.pos,491,,,,0,0,1.509,0.893,,none
M03,dysarthric,Session2,0240,data/extracted/torgo/M03/Session2/pos/0240.pos,390,,,,0,0,1.71,0.876,,none
M03,dysarthric,Session2,0241,data/extracted/torgo/M03/Session2/pos/0241.pos,841,,,,0,0,1.757,0.948,,none
M03,dysarthric,Session2,0242,data/extracted/torgo/M03/Session2/pos/0242.pos,528,,,,0,0,1.411,0.891,,none
M03,dysarthric,Session2,0243,data/extracted/torgo/M03/Session2/pos/0243.pos,470,,,,0,0,2.078,1.02,,none
M03,dysarthric,Session2,0244,data/extracted/torgo/M03/Session2/pos/0244.pos,1294,,,,0,0,1.604,0.93,,none
M03,dysarthric,Session2,0245,data/extracted/torgo/M03/Session2/pos/0245.pos,1237,,,,0,0,6.342,1.087,,none
M03,dysarthric,Session2,0246,data/extracted/torgo/M03/Session2/pos/0246.pos,441,,,,0,0,1.737,1.082,,none
M03,dysarthric,Session2,0247,data/extracted/torgo/M03/Session2/pos/0247.pos,417,,,9,1,1,20.088,1.055,large_position_step,medium
M03,dysarthric,Session2,0248,data/extracted/torgo/M03/Session2/pos/0248.pos,421,,,,0,0,2.296,0.953,,none
M03,dysarthric,Session2,0249,data/extracted/torgo/M03/Session2/pos/0249.pos,664,,,,0,0,3.051,1.09,,none
M03,dysarthric,Session2,0250,data/extracted/torgo/M03/Session2/pos/0250.pos,888,,,,0,0,2.028,1.032,,none
M03,dysarthric,Session2,0251,data/extracted/torgo/M03/Session2/pos/0251.pos,449,,,,0,0,1.693,1.006,,none
M03,dysarthric,Session2,0252,data/extracted/torgo/M03/Session2/pos/0252.pos,427,,,,0,0,2.155,1.183,,none
M03,dysarthric,Session2,0253,data/extracted/torgo/M03/Session2/pos/0253.pos,487,,,,0,0,2.535,1.164,,none
M03,dysarthric,Session2,0254,data/extracted/torgo/M03/Session2/pos/0254.pos,503,,,,0,0,2.36,1.154,,none
M03,dysarthric,Session2,0255,data/extracted/torgo/M03/Session2/pos/0255.pos,554,,,,0,0,2.158,1.04,,none
M03,dysarthric,Session2,0256,data/extracted/torgo/M03/Session2/pos/0256.pos,933,,,,0,0,2.295,1.147,,none
M03,dysarthric,Session2,0257,data/extracted/torgo/M03/Session2/pos/0257.pos,636,,,,0,0,2.275,1.205,,none
M03,dysarthric,Session2,0258,data/extracted/torgo/M03/Session2/pos/0258.pos,437,,,,0,0,2.245,1.236,,none
M03,dysarthric,Session2,0259,data/extracted/torgo/M03/Session2/pos/0259.pos,501,,,,0,0,2.4,1.249,,none
M03,dysarthric,Session2,0260,data/extracted/torgo/M03/Session2/pos/0260.pos,760,,,,0,0,3.224,1.316,,none
M03,dysarthric,Session2,0261,data/extracted/torgo/M03/Session2/pos/0261.pos,412,,,,0,0,1.934,1.197,,none
M03,dysarthric,Session2,0262,data/extracted/torgo/M03/Session2/pos/0262.pos,63,,,,0,0,2.763,1.59,,none
M03,dysarthric,Session2,0263,data/extracted/torgo/M03/Session2/pos/0263.pos,119,,,,0,0,1.924,1.168,,none
M03,dysarthric,Session2,0264,data/extracted/torgo/M03/Session2/pos/0264.pos,534,,,,0,0,4.029,1.693,,none
M03,dysarthric,Session2,0265,data/extracted/torgo/M03/Session2/pos/0265.pos,476,,,,0,0,4.155,1.756,,none
M03,dysarthric,Session2,0266,data/extracted/torgo/M03/Session2/pos/0266.pos,408,,,,0,0,4.098,1.909,,none
M03,dysarthric,Session2,0267,data/extracted/torgo/M03/Session2/pos/0267.pos,429,,,,0,0,4.389,1.899,,none
M03,dysarthric,Session2,0268,data/extracted/torgo/M03/Session2/pos/0268.pos,382,,,,0,0,3.514,1.828,,none
M03,dysarthric,Session2,0269,data/extracted/torgo/M03/Session2/pos/0269.pos,468,,,,0,0,4.776,2.113,,none
M03,dysarthric,Session2,0270,data/extracted/torgo/M03/Session2/pos/0270.pos,533,,,,0,0,5.124,1.897,,none
M03,dysarthric,Session2,0271,data/extracted/torgo/M03/Session2/pos/0271.pos,870,,,,0,0,3.068,1.641,,none
M03,dysarthric,Session2,0272,data/extracted/torgo/M03/Session2/pos/0272.pos,504,,,,0,0,5.517,2.23,,none
M03,dysarthric,Session2,0273,data/extracted/torgo/M03/Session2/pos/0273.pos,616,,,,0,0,3.063,1.649,,none
M03,dysarthric,Session2,0274,data/extracted/torgo/M03/Session2/pos/0274.pos,1164,,,,0,0,7.018,2.68,,none
M03,dysarthric,Session2,0275,data/extracted/torgo/M03/Session2/pos/0275.pos,1287,,,,0,0,7.284,3.126,,none
M03,dysarthric,Session2,0276,data/extracted/torgo/M03/Session2/pos/0276.pos,482,,,,0,0,5.94,2.596,,none
M03,dysarthric,Session2,0277,data/extracted/torgo/M03/Session2/pos/0277.pos,1004,,,,0,0,6.373,2.448,,none
M03,dysarthric,Session2,0278,data/extracted/torgo/M03/Session2/pos/0278.pos,949,,,,0,0,6.828,2.636,,none
M03,dysarthric,Session2,0279,data/extracted/torgo/M03/Session2/pos/0279.pos,477,,,,0,0,5.083,2.153,,none
M03,dysarthric,Session2,0280,data/extracted/torgo/M03/Session2/pos/0280.pos,599,,,,0,0,1.072,0.576,,none
M03,dysarthric,Session2,0281,data/extracted/torgo/M03/Session2/pos/0281.pos,436,,,,0,0,1.284,0.613,,none
M03,dysarthric,Session2,0282,data/extracted/torgo/M03/Session2/pos/0282.pos,490,,,,0,0,0.987,0.61,,none
M03,dysarthric,Session2,0283,data/extracted/torgo/M03/Session2/pos/0283.pos,490,,,,0,0,1.143,0.689,,none
M03,dysarthric,Session2,0284,data/extracted/torgo/M03/Session2/pos/0284.pos,586,,,,0,0,0.934,0.591,,none
M03,dysarthric,Session2,0285,data/extracted/torgo/M03/Session2/pos/0285.pos,483,,,,0,0,1.251,0.696,,none
M03,dysarthric,Session2,0286,data/extracted/torgo/M03/Session2/pos/0286.pos,766,,,,0,0,1.541,0.789,,none
M03,dysarthric,Session2,0287,data/extracted/torgo/M03/Session2/pos/0287.pos,816,,,,0,0,1.891,0.924,,none
M03,dysarthric,Session2,0288,data/extracted/torgo/M03/Session2/pos/0288.pos,465,,,,0,0,0.987,0.608,,none
M03,dysarthric,Session2,0289,data/extracted/torgo/M03/Session2/pos/0289.pos,466,,,,0,0,0.836,0.567,,none
M03,dysarthric,Session2,0290,data/extracted/torgo/M03/Session2/pos/0290.pos,494,,,,0,0,1.035,0.675,,none
M03,dysarthric,Session2,0291,data/extracted/torgo/M03/Session2/pos/0291.pos,487,,,,0,0,0.917,0.574,,none
M03,dysarthric,Session2,0292,data/extracted/torgo/M03/Session2/pos/0292.pos,555,,,,0,0,1.463,0.638,,none
M03,dysarthric,Session2,0293,data/extracted/torgo/M03/Session2/pos/0293.pos,548,,,,0,0,0.854,0.544,,none
M03,dysarthric,Session2,0294,data/extracted/torgo/M03/Session2/pos/0294.pos,480,,,,0,0,1.366,0.649,,none
M03,dysarthric,Session2,0295,data/extracted/torgo/M03/Session2/pos/0295.pos,431,,,,0,0,1.062,0.657,,none
M03,dysarthric,Session2,0296,data/extracted/torgo/M03/Session2/pos/0296.pos,496,,,,0,0,0.984,0.67,,none
M03,dysarthric,Session2,0297,data/extracted/torgo/M03/Session2/pos/0297.pos,405,,,,0,0,1.111,0.65,,none
M03,dysarthric,Session2,0298,data/extracted/torgo/M03/Session2/pos/0298.pos,456,,,,0,0,1.457,0.707,,none
M03,dysarthric,Session2,0299,data/extracted/torgo/M03/Session2/pos/0299.pos,514,,,,0,0,1.107,0.675,,none
M03,dysarthric,Session2,0300,data/extracted/torgo/M03/Session2/pos/0300.pos,915,,,,0,0,2.263,1.253,,none
M03,dysarthric,Session2,0301,data/extracted/torgo/M03/Session2/pos/0301.pos,730,,,,0,0,2.639,1.316,,none
M03,dysarthric,Session2,0302,data/extracted/torgo/M03/Session2/pos/0302.pos,435,,,,0,0,2.115,1.24,,none
M03,dysarthric,Session2,0303,data/extracted/torgo/M03/Session2/pos/0303.pos,876,,,,0,0,2.176,1.214,,none
M03,dysarthric,Session2,0304,data/extracted/torgo/M03/Session2/pos/0304.pos,548,,,,0,0,2.798,1.272,,none
M03,dysarthric,Session2,0305,data/extracted/torgo/M03/Session2/pos/0305.pos,403,,,,0,0,1.708,1.104,,none
M03,dysarthric,Session2,0306,data/extracted/torgo/M03/Session2/pos/0306.pos,289,,,,0,0,2.016,1.189,,none
M03,dysarthric,Session2,0307,data/extracted/torgo/M03/Session2/pos/0307.pos,386,,,,0,0,1.986,1.167,,none
M03,dysarthric,Session2,0308,data/extracted/torgo/M03/Session2/pos/0308.pos,442,,,,0,0,3.712,1.572,,none
M03,dysarthric,Session2,0309,data/extracted/torgo/M03/Session2/pos/0309.pos,419,,,,0,0,4.12,2.16,,none
M03,dysarthric,Session2,0310,data/extracted/torgo/M03/Session2/pos/0310.pos,463,,,,0,0,9.403,2.121,,none
M03,dysarthric,Session2,0311,data/extracted/torgo/M03/Session2/pos/0311.pos,487,,,,0,0,7.191,3.599,,none
M03,dysarthric,Session2,0312,data/extracted/torgo/M03/Session2/pos/0312.pos,916,,,,0,0,6.338,3.017,,none
M03,dysarthric,Session2,0313,data/extracted/torgo/M03/Session2/pos/0313.pos,425,,,,0,0,3.452,1.568,,none
M03,dysarthric,Session2,0314,data/extracted/torgo/M03/Session2/pos/0314.pos,491,,,,0,0,3.163,1.561,,none
M03,dysarthric,Session2,0315,data/extracted/torgo/M03/Session2/pos/0315.pos,667,,,,0,0,2.751,1.274,,none
M03,dysarthric,Session2,0316,data/extracted/torgo/M03/Session2/pos/0316.pos,427,,,,0,0,2.335,1.275,,none
M03,dysarthric,Session2,0317,data/extracted/torgo/M03/Session2/pos/0317.pos,423,,,,0,0,6.258,2.067,,none
M03,dysarthric,Session2,0318,data/extracted/torgo/M03/Session2/pos/0318.pos,886,,,,0,0,4.851,1.678,,none
M03,dysarthric,Session2,0319,data/extracted/torgo/M03/Session2/pos/0319.pos,454,,,,0,0,3.241,1.598,,none
M03,dysarthric,Session2,0320,data/extracted/torgo/M03/Session2/pos/0320.pos,703,,,,0,1,10.372,1.891,,none
M03,dysarthric,Session2,0321,data/extracted/torgo/M03/Session2/pos/0321.pos,463,,,,0,0,3.057,1.371,,none
M03,dysarthric,Session2,0322,data/extracted/torgo/M03/Session2/pos/0322.pos,502,,,,0,0,3.314,1.581,,none
M03,dysarthric,Session2,0323,data/extracted/torgo/M03/Session2/pos/0323.pos,547,,,,0,0,9.79,1.935,,none
M03,dysarthric,Session2,0324,data/extracted/torgo/M03/Session2/pos/0324.pos,495,,,,0,0,1.898,1.133,,none
M03,dysarthric,Session2,0325,data/extracted/torgo/M03/Session2/pos/0325.pos,532,,,,0,0,1.868,1.18,,none
M03,dysarthric,Session2,0326,data/extracted/torgo/M03/Session2/pos/0326.pos,511,,,,0,0,2.315,1.216,,none
M03,dysarthric,Session2,0327,data/extracted/torgo/M03/Session2/pos/0327.pos,442,,,,0,0,2.006,1.146,,none
M03,dysarthric,Session2,0328,data/extracted/torgo/M03/Session2/pos/0328.pos,767,,,,0,0,2.332,1.259,,none
M03,dysarthric,Session2,0329,data/extracted/torgo/M03/Session2/pos/0329.pos,708,,,,0,0,1.696,1.042,,none
M03,dysarthric,Session2,0330,data/extracted/torgo/M03/Session2/pos/0330.pos,446,,,,0,0,1.997,1.006,,none
M03,dysarthric,Session2,0331,data/extracted/torgo/M03/Session2/pos/0331.pos,8098,,,,0,2,18.677,1.156,,none
M03,dysarthric,Session2,0332,data/extracted/torgo/M03/Session2/pos/0332.pos,696,,,,0,0,3.32,1.196,,none
M03,dysarthric,Session2,0333,data/extracted/torgo/M03/Session2/pos/0333.pos,482,,,,0,0,5.17,2.08,,none
M03,dysarthric,Session2,0334,data/extracted/torgo/M03/Session2/pos/0334.pos,491,,,,0,0,9.082,1.49,,none
M03,dysarthric,Session2,0335,data/extracted/torgo/M03/Session2/pos/0335.pos,533,,,,0,0,2.349,1.244,,none
M03,dysarthric,Session2,0336,data/extracted/torgo/M03/Session2/pos/0336.pos,464,,,,0,0,2.348,1.267,,none
M03,dysarthric,Session2,0337,data/extracted/torgo/M03/Session2/pos/0337.pos,504,,,,0,0,2.393,1.28,,none
M03,dysarthric,Session2,0338,data/extracted/torgo/M03/Session2/pos/0338.pos,699,,,,0,0,1.808,1.036,,none
M03,dysarthric,Session2,0339,data/extracted/torgo/M03/Session2/pos/0339.pos,816,,,,0,0,1.749,0.977,,none
M03,dysarthric,Session2,0340,data/extracted/torgo/M03/Session2/pos/0340.pos,536,,,,0,0,1.713,1.024,,none
M03,dysarthric,Session2,0341,data/extracted/torgo/M03/Session2/pos/0341.pos,420,,,,0,0,1.6,0.892,,none
M03,dysarthric,Session2,0342,data/extracted/torgo/M03/Session2/pos/0342.pos,563,,,,0,0,1.821,0.941,,none
M03,dysarthric,Session2,0343,data/extracted/torgo/M03/Session2/pos/0343.pos,453,,,,0,0,2.285,1.242,,none
M03,dysarthric,Session2,0344,data/extracted/torgo/M03/Session2/pos/0344.pos,1327,,,,0,0,3.446,1.246,,none
M03,dysarthric,Session2,0345,data/extracted/torgo/M03/Session2/pos/0345.pos,470,,,,0,0,2.061,1.207,,none
M03,dysarthric,Session2,0346,data/extracted/torgo/M03/Session2/pos/0346.pos,1185,,,,0,0,2.556,1.244,,none
M03,dysarthric,Session2,0347,data/extracted/torgo/M03/Session2/pos/0347.pos,494,,,,0,0,2.036,1.139,,none
M03,dysarthric,Session2,0348,data/extracted/torgo/M03/Session2/pos/0348.pos,588,,,,0,0,1.889,1.01,,none
M03,dysarthric,Session2,0349,data/extracted/torgo/M03/Session2/pos/0349.pos,462,,,,0,0,1.927,1.091,,none
M03,dysarthric,Session2,0350,data/extracted/torgo/M03/Session2/pos/0350.pos,431,,,,0,0,2.185,1.15,,none
M03,dysarthric,Session2,0351,data/extracted/torgo/M03/Session2/pos/0351.pos,891,,,,0,0,1.793,1.068,,none
M03,dysarthric,Session2,0352,data/extracted/torgo/M03/Session2/pos/0352.pos,503,,,,0,0,2.372,1.095,,none
M03,dysarthric,Session2,0353,data/extracted/torgo/M03/Session2/pos/0353.pos,505,,,,0,0,2.159,1.097,,none
M03,dysarthric,Session2,0354,data/extracted/torgo/M03/Session2/pos/0354.pos,298,,,,0,0,1.794,0.998,,none
M03,dysarthric,Session2,0355,data/extracted/torgo/M03/Session2/pos/0355.pos,728,,,,0,0,1.842,1.104,,none
M03,dysarthric,Session2,0356,data/extracted/torgo/M03/Session2/pos/0356.pos,418,,,,0,0,1.971,1.142,,none
M03,dysarthric,Session2,0357,data/extracted/torgo/M03/Session2/pos/0357.pos,531,,,,0,0,1.816,0.983,,none
M03,dysarthric,Session2,0358,data/extracted/torgo/M03/Session2/pos/0358.pos,530,,,,0,0,1.651,1.0,,none
M03,dysarthric,Session2,0359,data/extracted/torgo/M03/Session2/pos/0359.pos,602,,,,0,0,2.085,1.022,,none
M03,dysarthric,Session2,0360,data/extracted/torgo/M03/Session2/pos/0360.pos,463,,,,0,0,1.958,1.134,,none
M03,dysarthric,Session2,0361,data/extracted/torgo/M03/Session2/pos/0361.pos,789,,,,0,0,1.94,1.095,,none
M03,dysarthric,Session2,0362,data/extracted/torgo/M03/Session2/pos/0362.pos,1532,,,,0,0,2.795,1.102,,none
M03,dysarthric,Session2,0363,data/extracted/torgo/M03/Session2/pos/0363.pos,439,,,,0,0,1.969,1.009,,none
M03,dysarthric,Session2,0364,data/extracted/torgo/M03/Session2/pos/0364.pos,535,,,,0,0,1.629,0.932,,none
M03,dysarthric,Session2,0365,data/extracted/torgo/M03/Session2/pos/0365.pos,519,,,,0,0,1.635,0.933,,none
M03,dysarthric,Session2,0366,data/extracted/torgo/M03/Session2/pos/0366.pos,504,,,,0,0,2.259,1.002,,none
M03,dysarthric,Session2,0367,data/extracted/torgo/M03/Session2/pos/0367.pos,644,,,,0,1,12.514,1.771,,none
M03,dysarthric,Session2,0368,data/extracted/torgo/M03/Session2/pos/0368.pos,995,,,,0,0,9.446,1.38,,none
M03,dysarthric,Session2,0369,data/extracted/torgo/M03/Session2/pos/0369.pos,525,,,,0,0,2.283,1.177,,none
M03,dysarthric,Session2,0370,data/extracted/torgo/M03/Session2/pos/0370.pos,455,,,,0,0,4.563,1.558,,none
M03,dysarthric,Session2,0371,data/extracted/torgo/M03/Session2/pos/0371.pos,387,,,,0,0,6.763,1.249,,none
M03,dysarthric,Session2,0372,data/extracted/torgo/M03/Session2/pos/0372.pos,483,,,,0,0,2.381,1.264,,none
M03,dysarthric,Session2,0373,data/extracted/torgo/M03/Session2/pos/0373.pos,737,,,9,1,1,22.844,1.31,large_position_step,medium
M03,dysarthric,Session2,0374,data/extracted/torgo/M03/Session2/pos/0374.pos,778,,,9,1,3,22.225,1.126,large_position_step,medium
M03,dysarthric,Session2,0375,data/extracted/torgo/M03/Session2/pos/0375.pos,424,,,,0,0,1.503,0.884,,none
M03,dysarthric,Session2,0376,data/extracted/torgo/M03/Session2/pos/0376.pos,521,,,,0,0,1.863,1.198,,none
M03,dysarthric,Session2,0377,data/extracted/torgo/M03/Session2/pos/0377.pos,693,,,,0,0,2.113,1.127,,none
M03,dysarthric,Session2,0378,data/extracted/torgo/M03/Session2/pos/0378.pos,616,,,,0,0,1.611,1.074,,none
M03,dysarthric,Session2,0379,data/extracted/torgo/M03/Session2/pos/0379.pos,594,,,,0,0,1.757,1.079,,none
M03,dysarthric,Session2,0380,data/extracted/torgo/M03/Session2/pos/0380.pos,902,,,,0,0,1.868,1.046,,none
M03,dysarthric,Session2,0381,data/extracted/torgo/M03/Session2/pos/0381.pos,682,,,,0,0,1.784,1.126,,none
M03,dysarthric,Session2,0382,data/extracted/torgo/M03/Session2/pos/0382.pos,456,,,,0,0,1.462,1.109,,none
M03,dysarthric,Session2,0383,data/extracted/torgo/M03/Session2/pos/0383.pos,438,,,,0,0,1.372,0.895,,none
M03,dysarthric,Session2,0384,data/extracted/torgo/M03/Session2/pos/0384.pos,560,,,,0,0,1.391,0.951,,none
M03,dysarthric,Session2,0385,data/extracted/torgo/M03/Session2/pos/0385.pos,346,,,,0,0,1.289,0.867,,none
M03,dysarthric,Session2,0386,data/extracted/torgo/M03/Session2/pos/0386.pos,423,,,,0,0,1.454,0.905,,none
M03,dysarthric,Session2,0387,data/extracted/torgo/M03/Session2/pos/0387.pos,484,,,,0,0,1.451,0.917,,none
M03,dysarthric,Session2,0388,data/extracted/torgo/M03/Session2/pos/0388.pos,690,,,,0,0,1.689,0.957,,none
M03,dysarthric,Session2,0389,data/extracted/torgo/M03/Session2/pos/0389.pos,489,,,,0,0,1.673,0.937,,none
M03,dysarthric,Session2,0390,data/extracted/torgo/M03/Session2/pos/0390.pos,475,,,,0,0,1.328,0.889,,none
M03,dysarthric,Session2,0391,data/extracted/torgo/M03/Session2/pos/0391.pos,849,,,,0,0,1.659,1.056,,none
M03,dysarthric,Session2,0392,data/extracted/torgo/M03/Session2/pos/0392.pos,462,,,,0,0,1.541,0.913,,none
M03,dysarthric,Session2,0393,data/extracted/torgo/M03/Session2/pos/0393.pos,532,,,,0,0,1.47,0.902,,none
M03,dysarthric,Session2,0394,data/extracted/torgo/M03/Session2/pos/0394.pos,530,,,,0,0,1.447,0.904,,none
M03,dysarthric,Session2,0395,data/extracted/torgo/M03/Session2/pos/0395.pos,415,,,,0,0,1.689,0.921,,none
M03,dysarthric,Session2,0396,data/extracted/torgo/M03/Session2/pos/0396.pos,423,,,,0,0,1.318,0.874,,none
M03,dysarthric,Session2,0397,data/extracted/torgo/M03/Session2/pos/0397.pos,540,,,,0,0,1.392,0.889,,none
M03,dysarthric,Session2,0398,data/extracted/torgo/M03/Session2/pos/0398.pos,750,,,,0,0,1.611,1.001,,none
M03,dysarthric,Session2,0399,data/extracted/torgo/M03/Session2/pos/0399.pos,420,,,,0,0,1.282,0.871,,none
M03,dysarthric,Session2,0400,data/extracted/torgo/M03/Session2/pos/0400.pos,674,,,,0,0,1.789,1.082,,none
M03,dysarthric,Session2,0401,data/extracted/torgo/M03/Session2/pos/0401.pos,494,,,,0,0,1.371,0.861,,none
M03,dysarthric,Session2,0402,data/extracted/torgo/M03/Session2/pos/0402.pos,450,,,,0,0,1.528,0.934,,none
M03,dysarthric,Session2,0403,data/extracted/torgo/M03/Session2/pos/0403.pos,468,,,,0,0,1.376,0.875,,none
M03,dysarthric,Session2,0404,data/extracted/torgo/M03/Session2/pos/0404.pos,848,,,,0,0,2.007,1.016,,none
M03,dysarthric,Session2,0405,data/extracted/torgo/M03/Session2/pos/0405.pos,486,,,,0,0,2.091,0.966,,none
M03,dysarthric,Session2,0406,data/extracted/torgo/M03/Session2/pos/0406.pos,602,,,,0,0,1.919,0.891,,none
M03,dysarthric,Session2,0407,data/extracted/torgo/M03/Session2/pos/0407.pos,465,,,,0,0,1.311,0.895,,none
M03,dysarthric,Session2,0408,data/extracted/torgo/M03/Session2/pos/0408.pos,428,,,,0,0,1.532,0.904,,none
M03,dysarthric,Session2,0409,data/extracted/torgo/M03/Session2/pos/0409.pos,486,,,,0,0,1.352,0.901,,none
M03,dysarthric,Session2,0410,data/extracted/torgo/M03/Session2/pos/0410.pos,884,,,,0,0,1.726,0.983,,none
M03,dysarthric,Session2,0411,data/extracted/torgo/M03/Session2/pos/0411.pos,380,,,,0,0,1.423,0.944,,none
M03,dysarthric,Session2,0412,data/extracted/torgo/M03/Session2/pos/0412.pos,415,,,,0,0,1.945,0.875,,none
M03,dysarthric,Session2,0413,data/extracted/torgo/M03/Session2/pos/0413.pos,567,,,,0,0,1.317,0.868,,none
M03,dysarthric,Session2,0414,data/extracted/torgo/M03/Session2/pos/0414.pos,470,,,,0,0,1.504,0.867,,none
M03,dysarthric,Session2,0415,data/extracted/torgo/M03/Session2/pos/0415.pos,897,,,,0,0,2.028,1.006,,none
M03,dysarthric,Session2,0416,data/extracted/torgo/M03/Session2/pos/0416.pos,484,,,,0,0,1.427,0.88,,none
M03,dysarthric,Session2,0417,data/extracted/torgo/M03/Session2/pos/0417.pos,450,,,,0,0,1.822,0.904,,none
M03,dysarthric,Session2,0418,data/extracted/torgo/M03/Session2/pos/0418.pos,472,,,,0,0,1.632,0.898,,none
M03,dysarthric,Session2,0419,data/extracted/torgo/M03/Session2/pos/0419.pos,476,,,,0,0,1.566,0.854,,none
M03,dysarthric,Session2,0420,data/extracted/torgo/M03/Session2/pos/0420.pos,1183,,,,0,0,1.787,1.063,,none
M03,dysarthric,Session2,0421,data/extracted/torgo/M03/Session2/pos/0421.pos,620,,,,0,0,1.89,1.001,,none
M04,dysarthric,Session2,0001,data/extracted/torgo/M04/Session2/pos/0001.pos,1112,1|2|3|8,,9,6,10,79.78,1.314,large_position_step,medium
M04,dysarthric,Session2,0002,data/extracted/torgo/M04/Session2/pos/0002.pos,1231,1|2|3|8,,,0,0,4.104,1.02,,none
M04,dysarthric,Session2,0003,data/extracted/torgo/M04/Session2/pos/0003.pos,988,1|2|3|8,,4|6|10,17,80,40.409,6.489,large_position_step,high
M04,dysarthric,Session2,0004,data/extracted/torgo/M04/Session2/pos/0004.pos,1397,1|2|3|8,,,0,3,14.879,1.46,,none
M04,dysarthric,Session2,0005,data/extracted/torgo/M04/Session2/pos/0005.pos,677,1|2|3|8,,,0,0,1.313,0.673,,none
M04,dysarthric,Session2,0006,data/extracted/torgo/M04/Session2/pos/0006.pos,655,1|2|3|8,,,0,0,8.758,0.902,,none
M04,dysarthric,Session2,0007,data/extracted/torgo/M04/Session2/pos/0007.pos,2088,1|2|3|8,,6,2,31,27.358,1.9,large_position_step,medium
M04,dysarthric,Session2,0008,data/extracted/torgo/M04/Session2/pos/0008.pos,609,1|2|3|8,,,0,0,2.318,0.968,,none
M04,dysarthric,Session2,0009,data/extracted/torgo/M04/Session2/pos/0009.pos,626,1|2|3|8,,,0,0,2.193,0.944,,none
M04,dysarthric,Session2,0010,data/extracted/torgo/M04/Session2/pos/0010.pos,479,1|2|3|8,,,0,0,2.288,0.909,,none
M04,dysarthric,Session2,0011,data/extracted/torgo/M04/Session2/pos/0011.pos,473,1|2|3|8,,10,1,2,82.006,1.255,large_position_step,medium
M04,dysarthric,Session2,0012,data/extracted/torgo/M04/Session2/pos/0012.pos,515,1|2|3|8,,9,1,13,27.777,2.07,large_position_step,medium
M04,dysarthric,Session2,0013,data/extracted/torgo/M04/Session2/pos/0013.pos,460,1|2|3|8,,,0,3,15.129,1.351,,none
M04,dysarthric,Session2,0014,data/extracted/torgo/M04/Session2/pos/0014.pos,2564,1|2|3|8,,4|5|6|7|9|10|11|12,26,64,120.136,1.639,large_position_step,high
M04,dysarthric,Session2,0015,data/extracted/torgo/M04/Session2/pos/0015.pos,549,1|2|3|8,,4|5|6|7|9|10|11|12,14,16,133.228,1.931,large_position_step,high
M04,dysarthric,Session2,0016,data/extracted/torgo/M04/Session2/pos/0016.pos,623,1|2|3|8,,,0,1,19.519,1.11,,none
M04,dysarthric,Session2,0017,data/extracted/torgo/M04/Session2/pos/0017.pos,626,1|2|3|8,,10,4,15,30.847,2.159,large_position_step,medium
M04,dysarthric,Session2,0018,data/extracted/torgo/M04/Session2/pos/0018.pos,545,1|2|3|8,,10,1,8,23.665,1.343,large_position_step,medium
M04,dysarthric,Session2,0019,data/extracted/torgo/M04/Session2/pos/0019.pos,620,1|2|3|8,,,0,2,11.741,0.958,,none
M04,dysarthric,Session2,0020,data/extracted/torgo/M04/Session2/pos/0020.pos,591,1|2|3|8,,,0,0,5.811,1.482,,none
M04,dysarthric,Session2,0021,data/extracted/torgo/M04/Session2/pos/0021.pos,487,1|2|3|8,,,0,0,3.346,1.518,,none
M04,dysarthric,Session2,0022,data/extracted/torgo/M04/Session2/pos/0022.pos,550,1|2|3|8,,,0,0,5.001,1.593,,none
M04,dysarthric,Session2,0023,data/extracted/torgo/M04/Session2/pos/0023.pos,600,1|2|3|8,,,0,0,2.928,1.084,,none
M04,dysarthric,Session2,0024,data/extracted/torgo/M04/Session2/pos/0024.pos,3474,1|2|3|8,,,0,2,12.503,1.643,,none
M04,dysarthric,Session2,0025,data/extracted/torgo/M04/Session2/pos/0025.pos,476,1|2|3|8,,,0,0,1.521,0.615,,none
M04,dysarthric,Session2,0026,data/extracted/torgo/M04/Session2/pos/0026.pos,613,1|2|3|8,,,0,0,6.881,0.668,,none
M04,dysarthric,Session2,0027,data/extracted/torgo/M04/Session2/pos/0027.pos,2326,1|2|3|8,,6|10,5,13,47.164,2.827,large_position_step,medium
M04,dysarthric,Session2,0028,data/extracted/torgo/M04/Session2/pos/0028.pos,507,1|2|3|8,,4|5|6|10|12,6,14,32.294,5.333,large_position_step,medium
M04,dysarthric,Session2,0029,data/extracted/torgo/M04/Session2/pos/0029.pos,3909,1|2|3|8,,4|6|7|9|10,11,12,138.41,1.696,large_position_step,high
M04,dysarthric,Session2,0030,data/extracted/torgo/M04/Session2/pos/0030.pos,590,1|2|3|8,,,0,1,11.066,1.352,,none
M04,dysarthric,Session2,0031,data/extracted/torgo/M04/Session2/pos/0031.pos,572,1|2|3|8,,6,3,5,240.913,2.122,large_position_step,medium
M04,dysarthric,Session2,0032,data/extracted/torgo/M04/Session2/pos/0032.pos,2068,1|2|3|8,,4|5|6|7|9|10|12,25,96,54.789,2.964,large_position_step,high
M04,dysarthric,Session2,0033,data/extracted/torgo/M04/Session2/pos/0033.pos,3451,1|2|3|8,,4|5|6|10|12,20,58,109.246,2.335,large_position_step,high
M04,dysarthric,Session2,0034,data/extracted/torgo/M04/Session2/pos/0034.pos,489,1|2|3|8,,,0,0,2.101,1.108,,none
M04,dysarthric,Session2,0035,data/extracted/torgo/M04/Session2/pos/0035.pos,458,1|2|3|8,,,0,0,1.594,0.652,,none
M04,dysarthric,Session2,0036,data/extracted/torgo/M04/Session2/pos/0036.pos,503,1|2|3|8,,,0,0,1.189,0.635,,none
M04,dysarthric,Session2,0037,data/extracted/torgo/M04/Session2/pos/0037.pos,549,1|2|3|8,,,0,1,10.475,1.952,,none
M04,dysarthric,Session2,0038,data/extracted/torgo/M04/Session2/pos/0038.pos,2114,1|2|3|8,,,0,0,7.897,0.983,,none
M04,dysarthric,Session2,0039,data/extracted/torgo/M04/Session2/pos/0039.pos,1375,1|2|3|8,,9|11|12,3,7,28.028,1.116,large_position_step,medium
M04,dysarthric,Session2,0040,data/extracted/torgo/M04/Session2/pos/0040.pos,479,1|2|3|8,,,0,0,9.358,1.091,,none
M04,dysarthric,Session2,0041,data/extracted/torgo/M04/Session2/pos/0041.pos,586,1|2|3|8,,,0,0,1.116,0.54,,none
M04,dysarthric,Session2,0042,data/extracted/torgo/M04/Session2/pos/0042.pos,570,1|2|3|8,,,0,0,1.795,0.767,,none
M04,dysarthric,Session2,0043,data/extracted/torgo/M04/Session2/pos/0043.pos,449,1|2|3|8,,,0,2,15.927,2.285,,none
M04,dysarthric,Session2,0044,data/extracted/torgo/M04/Session2/pos/0044.pos,2029,1|2|3|8,,7,2,29,30.958,1.631,large_position_step,medium
M04,dysarthric,Session2,0045,data/extracted/torgo/M04/Session2/pos/0045.pos,2979,1|2|3|8,,10,3,5,78.531,1.208,large_position_step,medium
M04,dysarthric,Session2,0046,data/extracted/torgo/M04/Session2/pos/0046.pos,2229,1|2|3|8,,4|6|7|9|10,52,60,139.272,1.296,large_position_step,high
M04,dysarthric,Session2,0047,data/extracted/torgo/M04/Session2/pos/0047.pos,535,1|2|3|8,,,0,0,9.714,1.05,,none
M04,dysarthric,Session2,0048,data/extracted/torgo/M04/Session2/pos/0048.pos,2817,1|2|3|8,,4|6|7|9|10,22,32,146.214,1.311,large_position_step,high
M04,dysarthric,Session2,0049,data/extracted/torgo/M04/Session2/pos/0049.pos,437,1|2|3|8,,10,1,2,45.644,1.461,large_position_step,medium
M04,dysarthric,Session2,0050,data/extracted/torgo/M04/Session2/pos/0050.pos,497,1|2|3|8,,4|6|7|9|10,45,46,137.215,5.162,large_position_step,high
M04,dysarthric,Session2,0051,data/extracted/torgo/M04/Session2/pos/0051.pos,522,1|2|3|8,,10,1,2,25.043,1.082,large_position_step,medium
M04,dysarthric,Session2,0052,data/extracted/torgo/M04/Session2/pos/0052.pos,1367,1|2|3|8,,4|6|7|9|10,20,27,140.942,1.957,large_position_step,high
M04,dysarthric,Session2,0053,data/extracted/torgo/M04/Session2/pos/0053.pos,485,1|2|3|8,,,0,1,19.194,1.179,,none
M04,dysarthric,Session2,0054,data/extracted/torgo/M04/Session2/pos/0054.pos,453,1|2|3|8,,,0,0,8.459,1.906,,none
M04,dysarthric,Session2,0055,data/extracted/torgo/M04/Session2/pos/0055.pos,537,1|2|3|8,,,0,1,12.423,1.26,,none
M04,dysarthric,Session2,0056,data/extracted/torgo/M04/Session2/pos/0056.pos,444,1|2|3|8,,10,1,2,65.057,1.592,large_position_step,medium
M04,dysarthric,Session2,0057,data/extracted/torgo/M04/Session2/pos/0057.pos,510,1|2|3|8,,6|9,5,12,26.326,1.709,large_position_step,medium
M04,dysarthric,Session2,0058,data/extracted/torgo/M04/Session2/pos/0058.pos,577,1|2|3|8,,6,1,1,20.692,1.312,large_position_step,medium
M04,dysarthric,Session2,0059,data/extracted/torgo/M04/Session2/pos/0059.pos,529,1|2|3|8,,,0,0,4.421,1.919,,none
M04,dysarthric,Session2,0060,data/extracted/torgo/M04/Session2/pos/0060.pos,2720,1|2|3|8,,9|10,3,5,27.404,1.054,large_position_step,medium
M04,dysarthric,Session2,0061,data/extracted/torgo/M04/Session2/pos/0061.pos,546,1|2|3|8,,,0,0,4.985,1.26,,none
M04,dysarthric,Session2,0062,data/extracted/torgo/M04/Session2/pos/0062.pos,491,1|2|3|8,,,0,0,7.527,1.155,,none
M04,dysarthric,Session2,0063,data/extracted/torgo/M04/Session2/pos/0063.pos,464,1|2|3|8,,,0,0,1.834,0.908,,none
M04,dysarthric,Session2,0064,data/extracted/torgo/M04/Session2/pos/0064.pos,1050,1|2|3|8,,4|6|7|9|10|12,94,128,140.354,10.406,large_position_step,high
M04,dysarthric,Session2,0065,data/extracted/torgo/M04/Session2/pos/0065.pos,565,1|2|3|8,,7,1,1,23.856,1.263,large_position_step,medium
M04,dysarthric,Session2,0066,data/extracted/torgo/M04/Session2/pos/0066.pos,498,1|2|3|8,,4|9|10,4,13,41.395,3.567,large_position_step,medium
M04,dysarthric,Session2,0067,data/extracted/torgo/M04/Session2/pos/0067.pos,496,1|2|3|8,,,0,1,13.95,1.244,,none
M04,dysarthric,Session2,0068,data/extracted/torgo/M04/Session2/pos/0068.pos,487,1|2|3|8,,9,14,80,36.611,12.206,large_position_step,high
M04,dysarthric,Session2,0069,data/extracted/torgo/M04/Session2/pos/0069.pos,602,1|2|3|8,,9,6,33,32.801,5.542,large_position_step,medium
M04,dysarthric,Session2,0070,data/extracted/torgo/M04/Session2/pos/0070.pos,520,1|2|3|8,,,0,0,1.824,1.107,,none
M04,dysarthric,Session2,0071,data/extracted/torgo/M04/Session2/pos/0071.pos,577,1|2|3|8,,,0,0,2.117,0.996,,none
M04,dysarthric,Session2,0072,data/extracted/torgo/M04/Session2/pos/0072.pos,602,1|2|3|8,,4|5|6|7|9|10|11|12,22,42,116.756,5.82,large_position_step,high
M04,dysarthric,Session2,0073,data/extracted/torgo/M04/Session2/pos/0073.pos,556,1|2|3|8,,,0,3,14.15,2.061,,none
M04,dysarthric,Session2,0074,data/extracted/torgo/M04/Session2/pos/0074.pos,585,1|2|3|8,,10,1,1,26.218,1.373,large_position_step,medium
M04,dysarthric,Session2,0075,data/extracted/torgo/M04/Session2/pos/0075.pos,759,1|2|3|8,,,0,22,17.247,4.266,,none
M04,dysarthric,Session2,0076,data/extracted/torgo/M04/Session2/pos/0076.pos,679,1|2|3|8,,4|6|7|9|10|11|12,7,8,44.736,0.921,large_position_step,medium
M04,dysarthric,Session2,0077,data/extracted/torgo/M04/Session2/pos/0077.pos,2376,1|2|3|8,,10,1,3,24.496,0.951,large_position_step,medium
M04,dysarthric,Session2,0078,data/extracted/torgo/M04/Session2/pos/0078.pos,646,1|2|3|8,,,0,1,14.5,0.775,,none
M04,dysarthric,Session2,0079,data/extracted/torgo/M04/Session2/pos/0079.pos,676,1|2|3|8,,,0,1,16.227,0.839,,none
M04,dysarthric,Session2,0080,data/extracted/torgo/M04/Session2/pos/0080.pos,564,1|2|3|8,,,0,0,2.542,0.956,,none
M04,dysarthric,Session2,0081,data/extracted/torgo/M04/Session2/pos/0081.pos,564,1|2|3|8,,6|7|9|11,4,8,27.607,1.536,large_position_step,medium
M04,dysarthric,Session2,0082,data/extracted/torgo/M04/Session2/pos/0082.pos,482,1|2|3|8,,10,2,2,38.613,0.902,large_position_step,medium
M04,dysarthric,Session2,0083,data/extracted/torgo/M04/Session2/pos/0083.pos,2905,1|2|3|8,,9|10,4,26,30.432,1.657,large_position_step,medium
M04,dysarthric,Session2,0084,data/extracted/torgo/M04/Session2/pos/0084.pos,612,1|2|3|8,,,0,0,3.51,1.283,,none
M04,dysarthric,Session2,0085,data/extracted/torgo/M04/Session2/pos/0085.pos,519,1|2|3|8,,,0,0,8.122,1.425,,none
M04,dysarthric,Session2,0086,data/extracted/torgo/M04/Session2/pos/0086.pos,591,1|2|3|8,,,0,1,10.657,0.905,,none
M04,dysarthric,Session2,0087,data/extracted/torgo/M04/Session2/pos/0087.pos,511,1|2|3|8,,10,1,1,24.93,1.101,large_position_step,medium
M04,dysarthric,Session2,0088,data/extracted/torgo/M04/Session2/pos/0088.pos,1353,1|2|3|8,,9|10,10,52,45.52,3.662,large_position_step,high
M04,dysarthric,Session2,0089,data/extracted/torgo/M04/Session2/pos/0089.pos,1570,1|2|3|8,,,0,0,2.383,1.106,,none
M04,dysarthric,Session2,0090,data/extracted/torgo/M04/Session2/pos/0090.pos,730,1|2|3|8,,,0,0,1.884,0.94,,none
M04,dysarthric,Session2,0091,data/extracted/torgo/M04/Session2/pos/0091.pos,598,1|2|3|8,,,0,1,12.64,0.794,,none
M04,dysarthric,Session2,0092,data/extracted/torgo/M04/Session2/pos/0092.pos,675,1|2|3|8,,,0,6,16.234,1.088,,none
M04,dysarthric,Session2,0093,data/extracted/torgo/M04/Session2/pos/0093.pos,1863,1|2|3|8,,9,1,27,23.045,1.608,large_position_step,medium
M04,dysarthric,Session2,0094,data/extracted/torgo/M04/Session2/pos/0094.pos,527,1|2|3|8,,10,3,9,26.48,1.41,large_position_step,medium
M04,dysarthric,Session2,0095,data/extracted/torgo/M04/Session2/pos/0095.pos,771,1|2|3|8,,,0,0,9.145,1.77,,none
M04,dysarthric,Session2,0096,data/extracted/torgo/M04/Session2/pos/0096.pos,601,1|2|3|8,,,0,0,1.504,0.807,,none
M04,dysarthric,Session2,0097,data/extracted/torgo/M04/Session2/pos/0097.pos,645,1|2|3|8,,,0,0,7.277,1.943,,none
M04,dysarthric,Session2,0098,data/extracted/torgo/M04/Session2/pos/0098.pos,1671,1|2|3|8,,9,2,8,26.872,1.18,large_position_step,medium
M04,dysarthric,Session2,0099,data/extracted/torgo/M04/Session2/pos/0099.pos,607,1|2|3|8,,4|6|7|9|10,15,19,132.005,1.763,large_position_step,high
M04,dysarthric,Session2,0100,data/extracted/torgo/M04/Session2/pos/0100.pos,3689,1|2|3|8,,9,1,8,23.118,1.436,large_position_step,medium
M04,dysarthric,Session2,0101,data/extracted/torgo/M04/Session2/pos/0101.pos,653,1|2|3|8,,4|6|7|9|10,20,29,153.568,1.257,large_position_step,high
M04,dysarthric,Session2,0102,data/extracted/torgo/M04/Session2/pos/0102.pos,726,1|2|3|8,,,0,0,1.248,0.682,,none
M04,dysarthric,Session2,0103,data/extracted/torgo/M04/Session2/pos/0103.pos,601,1|2|3|8,,,0,0,2.193,0.695,,none
M04,dysarthric,Session2,0104,data/extracted/torgo/M04/Session2/pos/0104.pos,545,1|2|3|8,,,0,0,2.027,0.847,,none
M04,dysarthric,Session2,0105,data/extracted/torgo/M04/Session2/pos/0105.pos,572,1|2|3|8,,6,1,1,22.234,1.211,large_position_step,medium
M04,dysarthric,Session2,0106,data/extracted/torgo/M04/Session2/pos/0106.pos,588,1|2|3|8,,6,1,1,41.957,1.39,large_position_step,medium
M04,dysarthric,Session2,0107,data/extracted/torgo/M04/Session2/pos/0107.pos,453,1|2|3|8,,,0,0,1.642,0.841,,none
M04,dysarthric,Session2,0108,data/extracted/torgo/M04/Session2/pos/0108.pos,1441,1|2|3|8,,7,1,1,20.643,0.96,large_position_step,medium
M04,dysarthric,Session2,0109,data/extracted/torgo/M04/Session2/pos/0109.pos,4718,1|2|3|8,,9,1,3,52.796,1.056,large_position_step,medium
M04,dysarthric,Session2,0110,data/extracted/torgo/M04/Session2/pos/0110.pos,552,1|2|3|8,,,0,1,11.843,1.488,,none
M04,dysarthric,Session2,0111,data/extracted/torgo/M04/Session2/pos/0111.pos,718,1|2|3|8,,,0,0,3.838,1.48,,none
M04,dysarthric,Session2,0112,data/extracted/torgo/M04/Session2/pos/0112.pos,457,1|2|3|8,,,0,0,2.335,1.146,,none
M04,dysarthric,Session2,0113,data/extracted/torgo/M04/Session2/pos/0113.pos,430,1|2|3|8,,,0,0,2.488,1.043,,none
M04,dysarthric,Session2,0114,data/extracted/torgo/M04/Session2/pos/0114.pos,677,1|2|3|8,,9,2,21,38.033,1.732,large_position_step,medium
M04,dysarthric,Session2,0115,data/extracted/torgo/M04/Session2/pos/0115.pos,512,1|2|3|8,,,0,0,3.982,1.334,,none
M04,dysarthric,Session2,0116,data/extracted/torgo/M04/Session2/pos/0116.pos,569,1|2|3|8,,,0,1,11.317,1.233,,none
M04,dysarthric,Session2,0117,data/extracted/torgo/M04/Session2/pos/0117.pos,498,1|2|3|8,,,0,0,1.58,0.857,,none
M04,dysarthric,Session2,0118,data/extracted/torgo/M04/Session2/pos/0118.pos,941,1|2|3|8,,10,1,1,25.162,1.367,large_position_step,medium
M04,dysarthric,Session2,0119,data/extracted/torgo/M04/Session2/pos/0119.pos,612,1|2|3|8,,10,1,4,21.968,1.515,large_position_step,medium
M04,dysarthric,Session2,0120,data/extracted/torgo/M04/Session2/pos/0120.pos,512,1|2|3|8,,,0,0,1.594,0.748,,none
M04,dysarthric,Session2,0121,data/extracted/torgo/M04/Session2/pos/0121.pos,689,1|2|3|8,,,0,0,2.593,0.851,,none
M04,dysarthric,Session2,0122,data/extracted/torgo/M04/Session2/pos/0122.pos,450,1|2|3|8,,,0,0,2.482,1.257,,none
M04,dysarthric,Session2,0123,data/extracted/torgo/M04/Session2/pos/0123.pos,470,1|2|3|8,,,0,4,17.479,1.83,,none
M04,dysarthric,Session2,0124,data/extracted/torgo/M04/Session2/pos/0124.pos,659,1|2|3|8,,,0,0,1.428,0.595,,none
M04,dysarthric,Session2,0125,data/extracted/torgo/M04/Session2/pos/0125.pos,508,1|2|3|8,,,0,2,19.46,1.16,,none
M04,dysarthric,Session2,0126,data/extracted/torgo/M04/Session2/pos/0126.pos,548,1|2|3|8,,9,2,7,23.143,1.2,large_position_step,medium
M04,dysarthric,Session2,0127,data/extracted/torgo/M04/Session2/pos/0127.pos,605,1|2|3|8,,9|10,3,8,55.337,2.197,large_position_step,medium
M04,dysarthric,Session2,0128,data/extracted/torgo/M04/Session2/pos/0128.pos,762,1|2|3|8,,4|6|7|9|10,10,10,145.024,0.922,large_position_step,high
M04,dysarthric,Session2,0129,data/extracted/torgo/M04/Session2/pos/0129.pos,784,1|2|3|8,,,0,0,2.283,0.949,,none
M04,dysarthric,Session2,0130,data/extracted/torgo/M04/Session2/pos/0130.pos,517,1|2|3|8,,,0,0,1.176,0.628,,none
M04,dysarthric,Session2,0131,data/extracted/torgo/M04/Session2/pos/0131.pos,483,1|2|3|8,,,0,0,1.147,0.657,,none
M04,dysarthric,Session2,0132,data/extracted/torgo/M04/Session2/pos/0132.pos,697,1|2|3|8,,10,2,2,60.547,0.876,large_position_step,medium
M04,dysarthric,Session2,0133,data/extracted/torgo/M04/Session2/pos/0133.pos,1660,1|2|3|8,,9|10,9,35,45.901,1.93,large_position_step,medium
M04,dysarthric,Session2,0134,data/extracted/torgo/M04/Session2/pos/0134.pos,663,1|2|3|8,,,0,0,3.642,1.74,,none
M04,dysarthric,Session2,0135,data/extracted/torgo/M04/Session2/pos/0135.pos,628,1|2|3|8,,,0,0,1.309,0.736,,none
M04,dysarthric,Session2,0136,data/extracted/torgo/M04/Session2/pos/0136.pos,480,1|2|3|8,,,0,4,19.009,1.38,,none
M04,dysarthric,Session2,0137,data/extracted/torgo/M04/Session2/pos/0137.pos,452,1|2|3|8,,,0,0,2.631,1.003,,none
M04,dysarthric,Session2,0138,data/extracted/torgo/M04/Session2/pos/0138.pos,497,1|2|3|8,,6,1,1,22.239,1.533,large_position_step,medium
M04,dysarthric,Session2,0139,data/extracted/torgo/M04/Session2/pos/0139.pos,518,1|2|3|8,,,0,0,2.496,1.182,,none
M04,dysarthric,Session2,0140,data/extracted/torgo/M04/Session2/pos/0140.pos,737,1|2|3|8,,9,2,3,33.03,1.864,large_position_step,medium
M04,dysarthric,Session2,0141,data/extracted/torgo/M04/Session2/pos/0141.pos,567,1|2|3|8,,6|9,2,13,26.921,1.935,large_position_step,medium
M04,dysarthric,Session2,0142,data/extracted/torgo/M04/Session2/pos/0142.pos,536,1|2|3|8,,,0,2,15.822,1.385,,none
M04,dysarthric,Session2,0143,data/extracted/torgo/M04/Session2/pos/0143.pos,577,1|2|3|8,,,0,0,7.12,0.991,,none
M04,dysarthric,Session2,0144,data/extracted/torgo/M04/Session2/pos/0144.pos,577,1|2|3|8,,9,3,4,27.576,1.606,large_position_step,medium
M04,dysarthric,Session2,0145,data/extracted/torgo/M04/Session2/pos/0145.pos,572,1|2|3|8,,,0,0,2.746,1.107,,none
M04,dysarthric,Session2,0146,data/extracted/torgo/M04/Session2/pos/0146.pos,768,1|2|3|8,,6|7|9,3,7,36.045,1.643,large_position_step,medium
M04,dysarthric,Session2,0147,data/extracted/torgo/M04/Session2/pos/0147.pos,2415,1|2|3|8,,4|5|6|7|9|10|11|12,16,41,162.941,1.913,large_position_step,high
M04,dysarthric,Session2,0148,data/extracted/torgo/M04/Session2/pos/0148.pos,644,1|2|3|8,,9,8,29,36.311,2.844,large_position_step,medium
M04,dysarthric,Session2,0149,data/extracted/torgo/M04/Session2/pos/0149.pos,590,1|2|3|8,,,0,0,2.249,1.036,,none
M04,dysarthric,Session2,0150,data/extracted/torgo/M04/Session2/pos/0150.pos,726,1|2|3|8,,,0,4,18.325,1.457,,none
M04,dysarthric,Session2,0151,data/extracted/torgo/M04/Session2/pos/0151.pos,570,1|2|3|8,,,0,0,3.078,1.066,,none
M04,dysarthric,Session2,0152,data/extracted/torgo/M04/Session2/pos/0152.pos,617,1|2|3|8,,,0,0,2.162,0.921,,none
M04,dysarthric,Session2,0153,data/extracted/torgo/M04/Session2/pos/0153.pos,2395,1|2|3|8,,,0,6,16.773,1.043,,none
M04,dysarthric,Session2,0154,data/extracted/torgo/M04/Session2/pos/0154.pos,1183,1|2|3|8,,4|6|7|9|10,5,7,143.075,1.438,large_position_step,medium
M04,dysarthric,Session2,0155,data/extracted/torgo/M04/Session2/pos/0155.pos,1621,1|2|3|8,,4|6|7|9|10,139,180,174.778,9.589,large_position_step,high
M04,dysarthric,Session2,0156,data/extracted/torgo/M04/Session2/pos/0156.pos,1502,1|2|3|8,,9,1,1,21.476,1.226,large_position_step,medium
M04,dysarthric,Session2,0157,data/extracted/torgo/M04/Session2/pos/0157.pos,1367,1|2|3|8,,,0,2,13.095,0.927,,none
M04,dysarthric,Session2,0158,data/extracted/torgo/M04/Session2/pos/0158.pos,2166,1|2|3|8,,,0,0,4.746,1.008,,none
M04,dysarthric,Session2,0159,data/extracted/torgo/M04/Session2/pos/0159.pos,658,1|2|3|8,,,0,0,8.16,1.354,,none
M04,dysarthric,Session2,0160,data/extracted/torgo/M04/Session2/pos/0160.pos,2286,1|2|3|8,,4|6|7|9|10,12,19,162.921,1.447,large_position_step,high
M04,dysarthric,Session2,0161,data/extracted/torgo/M04/Session2/pos/0161.pos,577,1|2|3|8,,,0,0,3.627,1.909,,none
M04,dysarthric,Session2,0162,data/extracted/torgo/M04/Session2/pos/0162.pos,511,1|2|3|8,,,0,0,2.739,1.354,,none
M04,dysarthric,Session2,0163,data/extracted/torgo/M04/Session2/pos/0163.pos,508,1|2|3|8,,7,2,2,22.135,1.955,large_position_step,medium
M04,dysarthric,Session2,0164,data/extracted/torgo/M04/Session2/pos/0164.pos,513,1|2|3|8,,,0,1,14.048,1.202,,none
M04,dysarthric,Session2,0165,data/extracted/torgo/M04/Session2/pos/0165.pos,760,1|2|3|8,,,0,4,13.767,1.028,,none
M04,dysarthric,Session2,0166,data/extracted/torgo/M04/Session2/pos/0166.pos,565,1|2|3|8,,,0,0,1.545,0.749,,none
M04,dysarthric,Session2,0167,data/extracted/torgo/M04/Session2/pos/0167.pos,499,1|2|3|8,,,0,0,1.956,0.909,,none
M04,dysarthric,Session2,0168,data/extracted/torgo/M04/Session2/pos/0168.pos,2337,1|2|3|8,,9,2,7,32.577,1.246,large_position_step,medium
M04,dysarthric,Session2,0169,data/extracted/torgo/M04/Session2/pos/0169.pos,654,1|2|3|8,,,0,0,3.43,1.07,,none
M04,dysarthric,Session2,0170,data/extracted/torgo/M04/Session2/pos/0170.pos,613,1|2|3|8,,,0,1,18.817,1.295,,none
M04,dysarthric,Session2,0171,data/extracted/torgo/M04/Session2/pos/0171.pos,522,1|2|3|8,,,0,0,5.311,1.535,,none
M04,dysarthric,Session2,0172,data/extracted/torgo/M04/Session2/pos/0172.pos,2524,1|2|3|8,,10,2,5,22.514,0.939,large_position_step,medium
M04,dysarthric,Session2,0173,data/extracted/torgo/M04/Session2/pos/0173.pos,415,1|2|3|8,,,0,0,1.9,0.856,,none
M04,dysarthric,Session2,0174,data/extracted/torgo/M04/Session2/pos/0174.pos,1288,1|2|3|8,,10,1,4,25.148,1.286,large_position_step,medium
M04,dysarthric,Session2,0175,data/extracted/torgo/M04/Session2/pos/0175.pos,959,1|2|3|8,,,0,0,2.458,1.045,,none
M04,dysarthric,Session2,0176,data/extracted/torgo/M04/Session2/pos/0176.pos,795,1|2|3|8,,9,1,2,21.835,1.819,large_position_step,medium
M04,dysarthric,Session2,0177,data/extracted/torgo/M04/Session2/pos/0177.pos,472,1|2|3|8,,,0,0,8.371,1.738,,none
M04,dysarthric,Session2,0178,data/extracted/torgo/M04/Session2/pos/0178.pos,796,1|2|3|8,,9,1,3,35.611,1.785,large_position_step,medium
M04,dysarthric,Session2,0179,data/extracted/torgo/M04/Session2/pos/0179.pos,583,1|2|3|8,,,0,2,12.637,2.285,,none
M04,dysarthric,Session2,0180,data/extracted/torgo/M04/Session2/pos/0180.pos,475,1|2|3|8,,,0,0,4.888,1.757,,none
M04,dysarthric,Session2,0181,data/extracted/torgo/M04/Session2/pos/0181.pos,707,1|2|3|8,,,0,0,4.37,1.762,,none
M04,dysarthric,Session2,0182,data/extracted/torgo/M04/Session2/pos/0182.pos,1302,1|2|3|8,,,0,1,12.887,1.713,,none
M04,dysarthric,Session2,0183,data/extracted/torgo/M04/Session2/pos/0183.pos,1139,1|2|3|8,,7,1,7,21.936,1.573,large_position_step,medium
M04,dysarthric,Session2,0184,data/extracted/torgo/M04/Session2/pos/0184.pos,1355,1|2|3|8,,9,3,21,25.894,2.033,large_position_step,medium
M04,dysarthric,Session2,0185,data/extracted/torgo/M04/Session2/pos/0185.pos,1234,1|2|3|8,,4|6|7|9|10,10,13,154.287,1.606,large_position_step,high
M04,dysarthric,Session2,0186,data/extracted/torgo/M04/Session2/pos/0186.pos,1113,1|2|3|8,,7,1,1,32.811,1.229,large_position_step,medium
M04,dysarthric,Session2,0187,data/extracted/torgo/M04/Session2/pos/0187.pos,1572,1|2|3|8,,,0,2,13.128,0.742,,none
M04,dysarthric,Session2,0188,data/extracted/torgo/M04/Session2/pos/0188.pos,483,1|2|3|8,,,0,3,17.655,1.226,,none
M04,dysarthric,Session2,0189,data/extracted/torgo/M04/Session2/pos/0189.pos,1783,1|2|3|8,,7,1,6,25.261,1.355,large_position_step,medium
M04,dysarthric,Session2,0190,data/extracted/torgo/M04/Session2/pos/0190.pos,2055,1|2|3|8,,,0,2,16.62,1.058,,none
M04,dysarthric,Session2,0191,data/extracted/torgo/M04/Session2/pos/0191.pos,1323,1|2|3|8,,9,2,5,44.875,1.84,large_position_step,medium
M04,dysarthric,Session2,0192,data/extracted/torgo/M04/Session2/pos/0192.pos,533,1|2|3|8,,,0,0,5.634,1.549,,none
M04,dysarthric,Session2,0193,data/extracted/torgo/M04/Session2/pos/0193.pos,539,1|2|3|8,,7,2,3,31.176,1.762,large_position_step,medium
M04,dysarthric,Session2,0194,data/extracted/torgo/M04/Session2/pos/0194.pos,3238,1|2|3|8,,10,2,12,110.63,1.688,large_position_step,medium
M04,dysarthric,Session2,0195,data/extracted/torgo/M04/Session2/pos/0195.pos,552,1|2|3|8,,,0,1,12.468,1.375,,none
M04,dysarthric,Session2,0196,data/extracted/torgo/M04/Session2/pos/0196.pos,481,1|2|3|8,,,0,0,5.321,1.13,,none
M04,dysarthric,Session2,0197,data/extracted/torgo/M04/Session2/pos/0197.pos,508,1|2|3|8,,,0,0,3.23,1.201,,none
M04,dysarthric,Session2,0198,data/extracted/torgo/M04/Session2/pos/0198.pos,467,1|2|3|8,,,0,1,10.647,1.342,,none
M04,dysarthric,Session2,0199,data/extracted/torgo/M04/Session2/pos/0199.pos,560,1|2|3|8,,,0,0,6.443,1.154,,none
M04,dysarthric,Session2,0200,data/extracted/torgo/M04/Session2/pos/0200.pos,531,1|2|3|8,,,0,0,2.755,1.136,,none
M04,dysarthric,Session2,0201,data/extracted/torgo/M04/Session2/pos/0201.pos,500,1|2|3|8,,,0,0,5.475,1.047,,none
M04,dysarthric,Session2,0202,data/extracted/torgo/M04/Session2/pos/0202.pos,1588,1|2|3|8,,9,2,25,32.408,1.23,large_position_step,medium
M04,dysarthric,Session2,0203,data/extracted/torgo/M04/Session2/pos/0203.pos,585,1|2|3|8,,,0,0,9.101,1.143,,none
M04,dysarthric,Session2,0204,data/extracted/torgo/M04/Session2/pos/0204.pos,538,1|2|3|8,,10,1,1,26.378,1.615,large_position_step,medium
M04,dysarthric,Session2,0205,data/extracted/torgo/M04/Session2/pos/0205.pos,513,1|2|3|8,,10,1,1,36.288,1.162,large_position_step,medium
M04,dysarthric,Session2,0206,data/extracted/torgo/M04/Session2/pos/0206.pos,1233,1|2|3|8,,10,2,10,34.131,1.492,large_position_step,medium
M04,dysarthric,Session2,0207,data/extracted/torgo/M04/Session2/pos/0207.pos,483,1|2|3|8,,10,3,4,41.826,1.18,large_position_step,medium
M04,dysarthric,Session2,0208,data/extracted/torgo/M04/Session2/pos/0208.pos,1411,1|2|3|8,,7|10,3,7,34.504,1.17,large_position_step,medium
M04,dysarthric,Session2,0209,data/extracted/torgo/M04/Session2/pos/0209.pos,475,1|2|3|8,,10,3,4,33.498,1.405,large_position_step,medium
M04,dysarthric,Session2,0210,data/extracted/torgo/M04/Session2/pos/0210.pos,459,1|2|3|8,,,0,0,1.983,0.928,,none
M04,dysarthric,Session2,0211,data/extracted/torgo/M04/Session2/pos/0211.pos,553,1|2|3|8,,10,1,1,29.768,1.025,large_position_step,medium
M04,dysarthric,Session2,0212,data/extracted/torgo/M04/Session2/pos/0212.pos,504,1|2|3|8,,,0,0,1.954,1.088,,none
M04,dysarthric,Session2,0213,data/extracted/torgo/M04/Session2/pos/0213.pos,702,1|2|3|8,,,0,1,14.747,1.249,,none
M04,dysarthric,Session2,0214,data/extracted/torgo/M04/Session2/pos/0214.pos,522,1|2|3|8,,10,1,4,30.508,1.511,large_position_step,medium
M04,dysarthric,Session2,0215,data/extracted/torgo/M04/Session2/pos/0215.pos,431,1|2|3|8,,,0,0,2.908,1.236,,none
M04,dysarthric,Session2,0216,data/extracted/torgo/M04/Session2/pos/0216.pos,2482,1|2|3|8,,10,1,2,35.378,1.203,large_position_step,medium
M04,dysarthric,Session2,0217,data/extracted/torgo/M04/Session2/pos/0217.pos,1458,1|2|3|8,,10,4,13,37.433,1.566,large_position_step,medium
M04,dysarthric,Session2,0218,data/extracted/torgo/M04/Session2/pos/0218.pos,482,1|2|3|8,,,0,3,16.428,2.114,,none
M04,dysarthric,Session2,0219,data/extracted/torgo/M04/Session2/pos/0219.pos,2355,1|2|3|8,,9|10,5,17,31.181,1.931,large_position_step,medium
M04,dysarthric,Session2,0220,data/extracted/torgo/M04/Session2/pos/0220.pos,1964,1|2|3|8,,10,1,2,20.586,1.357,large_position_step,medium
M04,dysarthric,Session2,0221,data/extracted/torgo/M04/Session2/pos/0221.pos,515,1|2|3|8,,6,1,3,20.747,1.56,large_position_step,medium
M04,dysarthric,Session2,0222,data/extracted/torgo/M04/Session2/pos/0222.pos,547,1|2|3|8,,,0,5,19.763,2.147,,none
M04,dysarthric,Session2,0223,data/extracted/torgo/M04/Session2/pos/0223.pos,537,1|2|3|8,,,0,0,9.224,4.271,,none
M04,dysarthric,Session2,0224,data/extracted/torgo/M04/Session2/pos/0224.pos,564,1|2|3|8,,,0,0,1.198,0.762,,none
M04,dysarthric,Session2,0225,data/extracted/torgo/M04/Session2/pos/0225.pos,1965,1|2|3|8,,9|10,3,12,75.595,1.981,large_position_step,medium
M04,dysarthric,Session2,0226,data/extracted/torgo/M04/Session2/pos/0226.pos,2708,1|2|3|8,,6|9,5,24,40.518,2.338,large_position_step,medium
M04,dysarthric,Session2,0227,data/extracted/torgo/M04/Session2/pos/0227.pos,626,1|2|3|8,,,0,2,16.867,1.711,,none
M04,dysarthric,Session2,0228,data/extracted/torgo/M04/Session2/pos/0228.pos,639,1|2|3|8,,10,1,8,20.214,1.607,large_position_step,medium
M04,dysarthric,Session2,0229,data/extracted/torgo/M04/Session2/pos/0229.pos,528,1|2|3|8,,,0,1,11.548,1.268,,none
M04,dysarthric,Session2,0230,data/extracted/torgo/M04/Session2/pos/0230.pos,581,1|2|3|8,,,0,2,19.574,0.889,,none
M04,dysarthric,Session2,0231,data/extracted/torgo/M04/Session2/pos/0231.pos,1668,1|2|3|8,,10,2,3,30.747,0.759,large_position_step,medium
M04,dysarthric,Session2,0232,data/extracted/torgo/M04/Session2/pos/0232.pos,644,1|2|3|8,,,0,0,2.567,0.999,,none
M04,dysarthric,Session2,0233,data/extracted/torgo/M04/Session2/pos/0233.pos,484,1|2|3|8,,,0,0,2.583,1.348,,none
M04,dysarthric,Session2,0234,data/extracted/torgo/M04/Session2/pos/0234.pos,443,1|2|3|8,,,0,0,9.955,1.568,,none
M04,dysarthric,Session2,0235,data/extracted/torgo/M04/Session2/pos/0235.pos,616,1|2|3|8,,9,9,22,49.638,1.994,large_position_step,medium
M04,dysarthric,Session2,0236,data/extracted/torgo/M04/Session2/pos/0236.pos,1274,1|2|3|8,,,0,3,17.431,1.993,,none
M04,dysarthric,Session2,0237,data/extracted/torgo/M04/Session2/pos/0237.pos,1054,1|2|3|8,,,0,4,15.011,2.112,,none
M04,dysarthric,Session2,0238,data/extracted/torgo/M04/Session2/pos/0238.pos,494,1|2|3|8,,,0,0,4.228,1.97,,none
M04,dysarthric,Session2,0239,data/extracted/torgo/M04/Session2/pos/0239.pos,631,1|2|3|8,,9,2,6,21.398,2.574,large_position_step,medium
M04,dysarthric,Session2,0240,data/extracted/torgo/M04/Session2/pos/0240.pos,560,1|2|3|8,,9,1,7,22.916,2.445,large_position_step,medium
M04,dysarthric,Session2,0241,data/extracted/torgo/M04/Session2/pos/0241.pos,543,1|2|3|8,,,0,5,16.171,1.313,,none
M04,dysarthric,Session2,0242,data/extracted/torgo/M04/Session2/pos/0242.pos,1844,1|2|3|8,,4|6|7|9|10,6,13,138.516,1.246,large_position_step,medium
M04,dysarthric,Session2,0243,data/extracted/torgo/M04/Session2/pos/0243.pos,536,1|2|3|8,,9,2,6,22.078,2.246,large_position_step,medium
M04,dysarthric,Session2,0244,data/extracted/torgo/M04/Session2/pos/0244.pos,489,1|2|3|8,,,0,1,11.463,1.542,,none
M04,dysarthric,Session2,0245,data/extracted/torgo/M04/Session2/pos/0245.pos,587,1|2|3|8,,,0,0,7.966,1.745,,none
M04,dysarthric,Session2,0246,data/extracted/torgo/M04/Session2/pos/0246.pos,2093,1|2|3|8,,9,3,6,24.106,2.235,large_position_step,medium
M04,dysarthric,Session2,0247,data/extracted/torgo/M04/Session2/pos/0247.pos,903,1|2|3|8,,,0,4,14.193,1.36,,none
M04,dysarthric,Session2,0248,data/extracted/torgo/M04/Session2/pos/0248.pos,1743,1|2|3|8,,9,7,25,42.71,1.809,large_position_step,medium
M04,dysarthric,Session2,0249,data/extracted/torgo/M04/Session2/pos/0249.pos,487,1|2|3|8,,,0,0,4.342,1.013,,none
M04,dysarthric,Session2,0250,data/extracted/torgo/M04/Session2/pos/0250.pos,523,1|2|3|8,,,0,0,2.153,0.888,,none
M04,dysarthric,Session2,0251,data/extracted/torgo/M04/Session2/pos/0251.pos,560,1|2|3|8,,,0,0,4.122,1.013,,none
M04,dysarthric,Session2,0252,data/extracted/torgo/M04/Session2/pos/0252.pos,446,1|2|3|8,,,0,0,2.386,1.063,,none
M04,dysarthric,Session2,0253,data/extracted/torgo/M04/Session2/pos/0253.pos,1220,1|2|3|8,,,0,1,18.221,0.909,,none
M04,dysarthric,Session2,0254,data/extracted/torgo/M04/Session2/pos/0254.pos,537,1|2|3|8,,,0,0,1.502,0.794,,none
M04,dysarthric,Session2,0255,data/extracted/torgo/M04/Session2/pos/0255.pos,1878,1|2|3|8,,,0,0,3.268,0.897,,none
M04,dysarthric,Session2,0256,data/extracted/torgo/M04/Session2/pos/0256.pos,907,1|2|3|8,,,0,0,8.763,1.104,,none
M04,dysarthric,Session2,0257,data/extracted/torgo/M04/Session2/pos/0257.pos,430,1|2|3|8,,,0,0,6.686,1.253,,none
M04,dysarthric,Session2,0258,data/extracted/torgo/M04/Session2/pos/0258.pos,63,1|2|3|8,,,0,0,1.044,0.768,,none
M04,dysarthric,Session2,0259,data/extracted/torgo/M04/Session2/pos/0259.pos,503,1|2|3|8,,,0,0,1.361,0.757,,none
M04,dysarthric,Session2,0260,data/extracted/torgo/M04/Session2/pos/0260.pos,600,1|2|3|8,,,0,0,2.024,0.847,,none
M04,dysarthric,Session2,0261,data/extracted/torgo/M04/Session2/pos/0261.pos,588,1|2|3|8,,,0,0,2.729,1.106,,none
M04,dysarthric,Session2,0262,data/extracted/torgo/M04/Session2/pos/0262.pos,528,1|2|3|8,,,0,0,3.099,1.323,,none
M04,dysarthric,Session2,0263,data/extracted/torgo/M04/Session2/pos/0263.pos,494,1|2|3|8,,,0,0,4.026,1.183,,none
M04,dysarthric,Session2,0264,data/extracted/torgo/M04/Session2/pos/0264.pos,1719,1|2|3|8,,,0,0,9.462,0.984,,none
M04,dysarthric,Session2,0265,data/extracted/torgo/M04/Session2/pos/0265.pos,614,1|2|3|8,,,0,0,1.851,0.789,,none
M04,dysarthric,Session2,0266,data/extracted/torgo/M04/Session2/pos/0266.pos,530,1|2|3|8,,,0,0,3.522,0.936,,none
M04,dysarthric,Session2,0267,data/extracted/torgo/M04/Session2/pos/0267.pos,498,1|2|3|8,,,0,0,3.03,1.245,,none
M04,dysarthric,Session2,0268,data/extracted/torgo/M04/Session2/pos/0268.pos,555,1|2|3|8,,,0,0,2.952,1.282,,none
M04,dysarthric,Session2,0269,data/extracted/torgo/M04/Session2/pos/0269.pos,1041,1|2|3|8,,4|6|7|9|10,5,9,132.646,1.435,large_position_step,medium
M04,dysarthric,Session2,0270,data/extracted/torgo/M04/Session2/pos/0270.pos,670,1|2|3|8,,,0,1,12.679,0.927,,none
M04,dysarthric,Session2,0271,data/extracted/torgo/M04/Session2/pos/0271.pos,595,1|2|3|8,,,0,0,2.191,1.131,,none
M04,dysarthric,Session2,0272,data/extracted/torgo/M04/Session2/pos/0272.pos,496,1|2|3|8,,,0,0,8.149,0.947,,none
M04,dysarthric,Session2,0273,data/extracted/torgo/M04/Session2/pos/0273.pos,543,1|2|3|8,,6|10,20,25,88.199,2.067,large_position_step,high
M04,dysarthric,Session2,0274,data/extracted/torgo/M04/Session2/pos/0274.pos,2041,1|2|3|8,,,0,1,11.382,1.2,,none
M04,dysarthric,Session2,0275,data/extracted/torgo/M04/Session2/pos/0275.pos,578,1|2|3|8,,7,1,1,286.16,1.969,large_position_step,medium
M04,dysarthric,Session2,0276,data/extracted/torgo/M04/Session2/pos/0276.pos,710,1|2|3|8,,9,1,5,22.641,1.667,large_position_step,medium
M04,dysarthric,Session2,0277,data/extracted/torgo/M04/Session2/pos/0277.pos,688,1|2|3|8,,,0,3,17.133,1.812,,none
M04,dysarthric,Session2,0278,data/extracted/torgo/M04/Session2/pos/0278.pos,695,1|2|3|8,,,0,0,9.732,1.364,,none
M04,dysarthric,Session2,0279,data/extracted/torgo/M04/Session2/pos/0279.pos,497,1|2|3|8,,,0,1,11.278,1.704,,none
M04,dysarthric,Session2,0280,data/extracted/torgo/M04/Session2/pos/0280.pos,507,1|2|3|8,,,0,2,18.623,1.591,,none
M04,dysarthric,Session2,0281,data/extracted/torgo/M04/Session2/pos/0281.pos,2476,1|2|3|8,,,0,0,8.357,1.492,,none
M04,dysarthric,Session2,0282,data/extracted/torgo/M04/Session2/pos/0282.pos,4635,1|2|3|8,,9|10,4,17,31.904,1.585,large_position_step,medium
M04,dysarthric,Session2,0283,data/extracted/torgo/M04/Session2/pos/0283.pos,1505,1|2|3|8,,10,2,5,50.836,1.208,large_position_step,medium
M04,dysarthric,Session2,0284,data/extracted/torgo/M04/Session2/pos/0284.pos,711,1|2|3|8,,10,2,3,63.406,2.256,large_position_step,medium
M04,dysarthric,Session2,0285,data/extracted/torgo/M04/Session2/pos/0285.pos,3064,1|2|3|8,,9|10,5,18,31.453,1.593,large_position_step,medium
M04,dysarthric,Session2,0286,data/extracted/torgo/M04/Session2/pos/0286.pos,1839,1|2|3|8,,9,2,10,27.056,1.943,large_position_step,medium
M04,dysarthric,Session2,0287,data/extracted/torgo/M04/Session2/pos/0287.pos,771,1|2|3|8,,10,2,6,81.441,1.341,large_position_step,medium
M04,dysarthric,Session2,0288,data/extracted/torgo/M04/Session2/pos/0288.pos,2654,1|2|3|8,,4|5|9|10|12,7,26,117.485,1.478,large_position_step,medium
M04,dysarthric,Session2,0289,data/extracted/torgo/M04/Session2/pos/0289.pos,1409,1|2|3|8,,7|9|10,4,14,26.823,2.017,large_position_step,medium
M04,dysarthric,Session2,0290,data/extracted/torgo/M04/Session2/pos/0290.pos,887,1|2|3|8,,,0,1,10.72,1.24,,none
M04,dysarthric,Session2,0291,data/extracted/torgo/M04/Session2/pos/0291.pos,3482,1|2|3|8,,,0,5,19.314,1.665,,none
M04,dysarthric,Session2,0292,data/extracted/torgo/M04/Session2/pos/0292.pos,2520,1|2|3|8,,,0,1,15.441,1.656,,none
M04,dysarthric,Session2,0293,data/extracted/torgo/M04/Session2/pos/0293.pos,535,1|2|3|8,,,0,0,2.497,1.14,,none
M04,dysarthric,Session2,0294,data/extracted/torgo/M04/Session2/pos/0294.pos,552,1|2|3|8,,10,2,2,82.15,1.214,large_position_step,medium
M04,dysarthric,Session2,0295,data/extracted/torgo/M04/Session2/pos/0295.pos,1247,1|2|3|8,,7,1,1,33.83,1.226,large_position_step,medium
M04,dysarthric,Session2,0296,data/extracted/torgo/M04/Session2/pos/0296.pos,640,1|2|3|8,,,0,0,2.865,1.156,,none
M04,dysarthric,Session2,0297,data/extracted/torgo/M04/Session2/pos/0297.pos,443,1|2|3|8,,10,1,4,73.042,1.38,large_position_step,medium
M04,dysarthric,Session2,0298,data/extracted/torgo/M04/Session2/pos/0298.pos,2009,1|2|3|8,,10,1,2,41.381,1.066,large_position_step,medium
M05,dysarthric,Session1,0001,data/extracted/torgo/M05/Session1/pos/0001.pos,1553,1|2|3,,8,1,1,38.194,0.975,large_position_step,medium
M05,dysarthric,Session1,0002,data/extracted/torgo/M05/Session1/pos/0002.pos,1422,1|2|3,,4,1,2,32.14,1.087,large_position_step,medium
M05,dysarthric,Session1,0003,data/extracted/torgo/M05/Session1/pos/0003.pos,1067,1|2|3,,,0,0,1.369,0.661,,none
M05,dysarthric,Session1,0004,data/extracted/torgo/M05/Session1/pos/0004.pos,1417,1|2|3,,,0,1,17.235,1.276,,none
M05,dysarthric,Session1,0005,data/extracted/torgo/M05/Session1/pos/0005.pos,587,1|2|3,,,0,1,12.597,0.785,,none
M05,dysarthric,Session1,0006,data/extracted/torgo/M05/Session1/pos/0006.pos,510,1|2|3,,8,1,1,29.023,1.481,large_position_step,medium
M05,dysarthric,Session1,0007,data/extracted/torgo/M05/Session1/pos/0007.pos,258,1|2|3,,9,1,1,22.008,1.629,large_position_step,medium
M05,dysarthric,Session1,0008,data/extracted/torgo/M05/Session1/pos/0008.pos,523,1|2|3,,,0,1,12.448,1.724,,none
M05,dysarthric,Session1,0009,data/extracted/torgo/M05/Session1/pos/0009.pos,4170,1|2|3,,6,1,6,21.632,1.299,large_position_step,medium
M05,dysarthric,Session1,0010,data/extracted/torgo/M05/Session1/pos/0010.pos,3252,1|2|3,,7|9,4,12,88.598,1.363,large_position_step,medium
M05,dysarthric,Session1,0011,data/extracted/torgo/M05/Session1/pos/0011.pos,425,1|2|3,,,0,3,13.549,1.422,,none
M05,dysarthric,Session1,0012,data/extracted/torgo/M05/Session1/pos/0012.pos,588,1|2|3,,,0,1,10.071,2.058,,none
M05,dysarthric,Session1,0013,data/extracted/torgo/M05/Session1/pos/0013.pos,555,1|2|3,,7,1,1,62.63,1.424,large_position_step,medium
M05,dysarthric,Session1,0014,data/extracted/torgo/M05/Session1/pos/0014.pos,503,1|2|3,,4|6|7|8|9|10|11,15,20,143.332,1.378,large_position_step,high
M05,dysarthric,Session1,0015,data/extracted/torgo/M05/Session1/pos/0015.pos,2164,1|2|3,,8,1,2,67.435,1.264,large_position_step,medium
M05,dysarthric,Session1,0016,data/extracted/torgo/M05/Session1/pos/0016.pos,495,1|2|3,,8,2,2,31.245,1.115,large_position_step,medium
M05,dysarthric,Session1,0017,data/extracted/torgo/M05/Session1/pos/0017.pos,527,1|2|3,,,0,0,2.067,0.788,,none
M05,dysarthric,Session1,0018,data/extracted/torgo/M05/Session1/pos/0018.pos,572,1|2|3,,,0,0,2.248,1.108,,none
M05,dysarthric,Session1,0019,data/extracted/torgo/M05/Session1/pos/0019.pos,1800,1|2|3,,4,1,3,21.747,1.296,large_position_step,medium
M05,dysarthric,Session1,0020,data/extracted/torgo/M05/Session1/pos/0020.pos,3080,1|2|3,,4|8,5,16,213.98,1.504,large_position_step,medium
M05,dysarthric,Session1,0021,data/extracted/torgo/M05/Session1/pos/0021.pos,522,1|2|3,,,0,0,2.119,1.225,,none
M05,dysarthric,Session1,0022,data/extracted/torgo/M05/Session1/pos/0022.pos,696,1|2|3,,9,1,1,22.64,1.019,large_position_step,medium
M05,dysarthric,Session1,0023,data/extracted/torgo/M05/Session1/pos/0023.pos,787,1|2|3,,8,1,1,44.239,0.966,large_position_step,medium
M05,dysarthric,Session1,0024,data/extracted/torgo/M05/Session1/pos/0024.pos,615,1|2|3,,8,1,1,40.02,0.909,large_position_step,medium
M05,dysarthric,Session1,0025,data/extracted/torgo/M05/Session1/pos/0025.pos,729,1|2|3,,,0,0,2.035,0.92,,none
M05,dysarthric,Session1,0026,data/extracted/torgo/M05/Session1/pos/0026.pos,633,1|2|3,,,0,0,6.356,1.252,,none
M05,dysarthric,Session1,0027,data/extracted/torgo/M05/Session1/pos/0027.pos,2671,1|2|3,,,0,1,10.039,1.118,,none
M05,dysarthric,Session1,0028,data/extracted/torgo/M05/Session1/pos/0028.pos,5063,1|2|3,,4|7|8|9|10|12,54,325,99.677,7.271,large_position_step,high
M05,dysarthric,Session1,0029,data/extracted/torgo/M05/Session1/pos/0029.pos,479,1|2|3,,,0,0,1.831,0.701,,none
M05,dysarthric,Session1,0030,data/extracted/torgo/M05/Session1/pos/0030.pos,458,1|2|3,,,0,0,1.237,0.643,,none
M05,dysarthric,Session1,0031,data/extracted/torgo/M05/Session1/pos/0031.pos,606,1|2|3,,,0,0,1.578,0.781,,none
M05,dysarthric,Session1,0032,data/extracted/torgo/M05/Session1/pos/0032.pos,806,1|2|3,,4,1,1,31.199,1.152,large_position_step,medium
M05,dysarthric,Session1,0033,data/extracted/torgo/M05/Session1/pos/0033.pos,740,1|2|3,,,0,0,1.795,0.824,,none
M05,dysarthric,Session1,0034,data/extracted/torgo/M05/Session1/pos/0034.pos,536,1|2|3,,,0,0,6.567,0.872,,none
M05,dysarthric,Session1,0035,data/extracted/torgo/M05/Session1/pos/0035.pos,602,1|2|3,,,0,0,3.162,1.857,,none
M05,dysarthric,Session1,0036,data/extracted/torgo/M05/Session1/pos/0036.pos,668,1|2|3,,,0,1,19.341,1.063,,none
M05,dysarthric,Session1,0037,data/extracted/torgo/M05/Session1/pos/0037.pos,586,1|2|3,,,0,0,1.45,0.787,,none
M05,dysarthric,Session1,0038,data/extracted/torgo/M05/Session1/pos/0038.pos,562,1|2|3,,,0,0,1.463,0.701,,none
M05,dysarthric,Session1,0039,data/extracted/torgo/M05/Session1/pos/0039.pos,459,1|2|3,,,0,1,13.106,0.829,,none
M05,dysarthric,Session1,0040,data/extracted/torgo/M05/Session1/pos/0040.pos,527,1|2|3,,,0,0,1.746,0.903,,none
M05,dysarthric,Session1,0041,data/extracted/torgo/M05/Session1/pos/0041.pos,653,1|2|3,,9,1,1,34.924,0.827,large_position_step,medium
M05,dysarthric,Session1,0042,data/extracted/torgo/M05/Session1/pos/0042.pos,706,1|2|3,,,0,3,19.134,1.069,,none
M05,dysarthric,Session1,0043,data/extracted/torgo/M05/Session1/pos/0043.pos,535,1|2|3,,,0,0,0.992,0.607,,none
M05,dysarthric,Session1,0044,data/extracted/torgo/M05/Session1/pos/0044.pos,707,1|2|3,,,0,0,2.42,1.016,,none
M05,dysarthric,Session1,0045,data/extracted/torgo/M05/Session1/pos/0045.pos,1306,1|2|3,,,0,1,10.526,1.183,,none
M05,dysarthric,Session1,0046,data/extracted/torgo/M05/Session1/pos/0046.pos,910,1|2|3,,,0,0,6.448,1.016,,none
M05,dysarthric,Session1,0047,data/extracted/torgo/M05/Session1/pos/0047.pos,448,1|2|3,,4|5|6|7|8|9|10,14,15,199.385,4.667,large_position_step,high
M05,dysarthric,Session1,0048,data/extracted/torgo/M05/Session1/pos/0048.pos,525,1|2|3,,,0,0,2.818,0.914,,none
M05,dysarthric,Session1,0049,data/extracted/torgo/M05/Session1/pos/0049.pos,630,1|2|3,,,0,0,2.499,0.791,,none
M05,dysarthric,Session1,0050,data/extracted/torgo/M05/Session1/pos/0050.pos,520,1|2|3,,,0,0,2.078,0.871,,none
M05,dysarthric,Session1,0051,data/extracted/torgo/M05/Session1/pos/0051.pos,1490,1|2|3,,8,17,25,249.311,0.878,large_position_step,high
M05,dysarthric,Session1,0052,data/extracted/torgo/M05/Session1/pos/0052.pos,359,1|2|3,,,0,0,1.073,0.66,,none
M05,dysarthric,Session1,0053,data/extracted/torgo/M05/Session1/pos/0053.pos,573,1|2|3,,,0,2,14.036,0.974,,none
M05,dysarthric,Session1,0054,data/extracted/torgo/M05/Session1/pos/0054.pos,323,1|2|3,,,0,0,2.32,0.957,,none
M05,dysarthric,Session1,0055,data/extracted/torgo/M05/Session1/pos/0055.pos,481,1|2|3,,4|6|7|8|9|10|11,14,16,144.191,0.921,large_position_step,high
M05,dysarthric,Session1,0056,data/extracted/torgo/M05/Session1/pos/0056.pos,2467,1|2|3,,8,1,3,23.14,1.022,large_position_step,medium
M05,dysarthric,Session1,0057,data/extracted/torgo/M05/Session1/pos/0057.pos,2198,1|2|3,,4,1,4,50.201,1.098,large_position_step,medium
M05,dysarthric,Session1,0058,data/extracted/torgo/M05/Session1/pos/0058.pos,764,1|2|3,,5|6|7|8|9|10,6,8,29.138,0.862,large_position_step,medium
M05,dysarthric,Session1,0059,data/extracted/torgo/M05/Session1/pos/0059.pos,776,1|2|3,,,0,0,5.667,0.854,,none
M05,dysarthric,Session1,0060,data/extracted/torgo/M05/Session1/pos/0060.pos,726,1|2|3,,,0,0,1.084,0.637,,none
M05,dysarthric,Session1,0061,data/extracted/torgo/M05/Session1/pos/0061.pos,1441,1|2|3,,8,1,1,44.753,0.989,large_position_step,medium
M05,dysarthric,Session1,0062,data/extracted/torgo/M05/Session1/pos/0062.pos,2319,1|2|3,,6|8,2,4,32.559,0.794,large_position_step,medium
M05,dysarthric,Session1,0063,data/extracted/torgo/M05/Session1/pos/0063.pos,258,1|2|3,,,0,0,1.152,0.808,,none
M05,dysarthric,Session1,0064,data/extracted/torgo/M05/Session1/pos/0064.pos,557,1|2|3,,,0,0,3.424,1.023,,none
M05,dysarthric,Session1,0065,data/extracted/torgo/M05/Session1/pos/0065.pos,710,1|2|3,,4,1,3,23.157,1.101,large_position_step,medium
M05,dysarthric,Session1,0066,data/extracted/torgo/M05/Session1/pos/0066.pos,653,1|2|3,,,0,0,2.724,0.852,,none
M05,dysarthric,Session1,0067,data/extracted/torgo/M05/Session1/pos/0067.pos,535,1|2|3,,,0,0,1.532,0.743,,none
M05,dysarthric,Session1,0068,data/extracted/torgo/M05/Session1/pos/0068.pos,661,1|2|3,,,0,0,3.538,0.976,,none
M05,dysarthric,Session1,0069,data/extracted/torgo/M05/Session1/pos/0069.pos,417,1|2|3,,,0,0,3.528,0.951,,none
M05,dysarthric,Session1,0070,data/extracted/torgo/M05/Session1/pos/0070.pos,427,1|2|3,,,0,0,6.64,0.977,,none
M05,dysarthric,Session1,0071,data/extracted/torgo/M05/Session1/pos/0071.pos,384,1|2|3,,,0,0,1.885,0.788,,none
M05,dysarthric,Session1,0072,data/extracted/torgo/M05/Session1/pos/0072.pos,524,1|2|3,,,0,0,7.934,0.917,,none
M05,dysarthric,Session1,0073,data/extracted/torgo/M05/Session1/pos/0073.pos,573,1|2|3,,,0,0,7.242,1.167,,none
M05,dysarthric,Session1,0074,data/extracted/torgo/M05/Session1/pos/0074.pos,3200,1|2|3,,,0,1,12.755,1.011,,none
M05,dysarthric,Session1,0075,data/extracted/torgo/M05/Session1/pos/0075.pos,691,1|2|3,,4,1,2,34.431,1.284,large_position_step,medium
M05,dysarthric,Session1,0076,data/extracted/torgo/M05/Session1/pos/0076.pos,582,1|2|3,,,0,0,1.504,0.816,,none
M05,dysarthric,Session1,0077,data/extracted/torgo/M05/Session1/pos/0077.pos,2029,1|2|3,,4,1,2,22.204,1.06,large_position_step,medium
M05,dysarthric,Session1,0078,data/extracted/torgo/M05/Session1/pos/0078.pos,2221,1|2|3,,,0,2,14.208,1.077,,none
M05,dysarthric,Session1,0079,data/extracted/torgo/M05/Session1/pos/0079.pos,456,1|2|3,,,0,0,3.313,0.967,,none
M05,dysarthric,Session1,0080,data/extracted/torgo/M05/Session1/pos/0080.pos,465,1|2|3,,,0,0,6.836,0.969,,none
M05,dysarthric,Session1,0081,data/extracted/torgo/M05/Session1/pos/0081.pos,648,1|2|3,,,0,0,7.258,1.064,,none
M05,dysarthric,Session1,0082,data/extracted/torgo/M05/Session1/pos/0082.pos,624,1|2|3,,7,53,56,89.125,4.086,large_position_step,high
M05,dysarthric,Session1,0083,data/extracted/torgo/M05/Session1/pos/0083.pos,861,1|2|3,,8,2,3,48.796,1.31,large_position_step,medium
M05,dysarthric,Session1,0084,data/extracted/torgo/M05/Session1/pos/0084.pos,580,1|2|3,,,0,0,3.909,1.094,,none
M05,dysarthric,Session1,0085,data/extracted/torgo/M05/Session1/pos/0085.pos,611,1|2|3,,,0,0,7.404,0.936,,none
M05,dysarthric,Session1,0086,data/extracted/torgo/M05/Session1/pos/0086.pos,375,1|2|3,,,0,0,4.214,0.969,,none
M05,dysarthric,Session1,0087,data/extracted/torgo/M05/Session1/pos/0087.pos,2314,1|2|3,,,0,4,11.565,1.346,,none
M05,dysarthric,Session1,0088,data/extracted/torgo/M05/Session1/pos/0088.pos,518,1|2|3,,7,1,1,60.686,1.365,large_position_step,medium
M05,dysarthric,Session1,0089,data/extracted/torgo/M05/Session1/pos/0089.pos,2871,1|2|3,,8,1,2,48.507,0.888,large_position_step,medium
M05,dysarthric,Session1,0090,data/extracted/torgo/M05/Session1/pos/0090.pos,698,1|2|3,,,0,1,10.483,1.101,,none
M05,dysarthric,Session1,0091,data/extracted/torgo/M05/Session1/pos/0091.pos,2898,1|2|3,,6|7|10,4,6,136.884,1.04,large_position_step,medium
M05,dysarthric,Session1,0092,data/extracted/torgo/M05/Session1/pos/0092.pos,568,1|2|3,,,0,0,1.458,0.765,,none
M05,dysarthric,Session1,0093,data/extracted/torgo/M05/Session1/pos/0093.pos,487,1|2|3,,,0,0,7.405,1.109,,none
M05,dysarthric,Session1,0094,data/extracted/torgo/M05/Session1/pos/0094.pos,1629,1|2|3,,8,1,3,23.824,1.175,large_position_step,medium
M05,dysarthric,Session1,0095,data/extracted/torgo/M05/Session1/pos/0095.pos,747,1|2|3,,,0,0,2.318,0.86,,none
M05,dysarthric,Session1,0096,data/extracted/torgo/M05/Session1/pos/0096.pos,546,1|2|3,,8,1,2,61.818,1.152,large_position_step,medium
M05,dysarthric,Session1,0097,data/extracted/torgo/M05/Session1/pos/0097.pos,749,1|2|3,,,0,1,10.275,1.215,,none
M05,dysarthric,Session1,0098,data/extracted/torgo/M05/Session1/pos/0098.pos,616,1|2|3,,,0,0,1.629,0.928,,none
M05,dysarthric,Session1,0099,data/extracted/torgo/M05/Session1/pos/0099.pos,757,1|2|3,,7,1,3,100.185,1.075,large_position_step,medium
M05,dysarthric,Session1,0100,data/extracted/torgo/M05/Session1/pos/0100.pos,661,1|2|3,,,0,0,1.933,1.011,,none
M05,dysarthric,Session1,0101,data/extracted/torgo/M05/Session1/pos/0101.pos,2493,1|2|3,,7,1,6,54.544,1.206,large_position_step,medium
M05,dysarthric,Session1,0102,data/extracted/torgo/M05/Session1/pos/0102.pos,586,1|2|3,,9,1,1,30.377,0.665,large_position_step,medium
M05,dysarthric,Session1,0103,data/extracted/torgo/M05/Session1/pos/0103.pos,697,1|2|3,,,0,0,1.759,0.852,,none
M05,dysarthric,Session1,0104,data/extracted/torgo/M05/Session1/pos/0104.pos,2508,1|2|3,,,0,0,4.287,1.102,,none
M05,dysarthric,Session1,0105,data/extracted/torgo/M05/Session1/pos/0105.pos,615,1|2|3,,,0,0,9.245,1.26,,none
M05,dysarthric,Session1,0106,data/extracted/torgo/M05/Session1/pos/0106.pos,486,1|2|3,,,0,0,2.591,0.944,,none
M05,dysarthric,Session1,0107,data/extracted/torgo/M05/Session1/pos/0107.pos,639,1|2|3,,,0,0,5.589,0.982,,none
M05,dysarthric,Session1,0108,data/extracted/torgo/M05/Session1/pos/0108.pos,672,1|2|3,,7,1,2,30.452,0.955,large_position_step,medium
M05,dysarthric,Session1,0109,data/extracted/torgo/M05/Session1/pos/0109.pos,613,1|2|3,,7,1,1,69.333,1.24,large_position_step,medium
M05,dysarthric,Session1,0110,data/extracted/torgo/M05/Session1/pos/0110.pos,633,1|2|3,,,0,0,5.805,0.804,,none
M05,dysarthric,Session1,0111,data/extracted/torgo/M05/Session1/pos/0111.pos,794,1|2|3,,8,1,1,48.936,0.835,large_position_step,medium
M05,dysarthric,Session1,0112,data/extracted/torgo/M05/Session1/pos/0112.pos,571,1|2|3,,8,1,2,35.863,1.1,large_position_step,medium
M05,dysarthric,Session1,0113,data/extracted/torgo/M05/Session1/pos/0113.pos,572,1|2|3,,4,1,3,20.597,1.596,large_position_step,medium
M05,dysarthric,Session1,0114,data/extracted/torgo/M05/Session1/pos/0114.pos,452,1|2|3,,,0,0,1.214,0.69,,none
M05,dysarthric,Session1,0115,data/extracted/torgo/M05/Session1/pos/0115.pos,991,1|2|3,,,0,0,3.441,0.993,,none
M05,dysarthric,Session1,0116,data/extracted/torgo/M05/Session1/pos/0116.pos,654,1|2|3,,,0,0,2.459,0.876,,none
M05,dysarthric,Session1,0117,data/extracted/torgo/M05/Session1/pos/0117.pos,561,1|2|3,,8,1,2,32.382,0.799,large_position_step,medium
M05,dysarthric,Session1,0118,data/extracted/torgo/M05/Session1/pos/0118.pos,774,1|2|3,,6,1,1,48.63,1.314,large_position_step,medium
M05,dysarthric,Session1,0119,data/extracted/torgo/M05/Session1/pos/0119.pos,935,1|2|3,,8|9,2,4,31.156,1.323,large_position_step,medium
M05,dysarthric,Session1,0120,data/extracted/torgo/M05/Session1/pos/0120.pos,270,1|2|3,,8,1,1,38.951,1.368,large_position_step,medium
M05,dysarthric,Session1,0121,data/extracted/torgo/M05/Session1/pos/0121.pos,527,1|2|3,,8,1,1,40.754,0.902,large_position_step,medium
M05,dysarthric,Session1,0122,data/extracted/torgo/M05/Session1/pos/0122.pos,860,1|2|3,,6,2,11,56.662,1.747,large_position_step,medium
M05,dysarthric,Session1,0123,data/extracted/torgo/M05/Session1/pos/0123.pos,612,1|2|3,,,0,0,9.294,1.356,,none
M05,dysarthric,Session1,0124,data/extracted/torgo/M05/Session1/pos/0124.pos,678,1|2|3,,,0,0,2.957,0.941,,none
M05,dysarthric,Session1,0125,data/extracted/torgo/M05/Session1/pos/0125.pos,1613,1|2|3,,6,1,1,79.668,0.744,large_position_step,medium
M05,dysarthric,Session1,0126,data/extracted/torgo/M05/Session1/pos/0126.pos,513,1|2|3,,,0,0,2.394,1.079,,none
M05,dysarthric,Session1,0127,data/extracted/torgo/M05/Session1/pos/0127.pos,524,1|2|3,,,0,0,7.072,1.051,,none
M05,dysarthric,Session1,0128,data/extracted/torgo/M05/Session1/pos/0128.pos,504,1|2|3,,4|5|6|7|8|9|10|11,9,9,36.432,1.311,large_position_step,medium
M05,dysarthric,Session1,0129,data/extracted/torgo/M05/Session1/pos/0129.pos,550,1|2|3,,,0,0,6.219,1.006,,none
M05,dysarthric,Session1,0130,data/extracted/torgo/M05/Session1/pos/0130.pos,621,1|2|3,,6,1,1,38.427,1.291,large_position_step,medium
M05,dysarthric,Session2,0001,data/extracted/torgo/M05/Session2/pos/0001.pos,2151,1|3,,8,1,11,37.442,1.281,large_position_step,medium
M05,dysarthric,Session2,0002,data/extracted/torgo/M05/Session2/pos/0002.pos,1527,1|3,,,0,0,5.851,1.342,,none
M05,dysarthric,Session2,0003,data/extracted/torgo/M05/Session2/pos/0003.pos,391,1|3,,,0,0,6.677,1.085,,none
M05,dysarthric,Session2,0004,data/extracted/torgo/M05/Session2/pos/0004.pos,515,1|3,,6,1,1,20.59,0.911,large_position_step,medium
M05,dysarthric,Session2,0005,data/extracted/torgo/M05/Session2/pos/0005.pos,634,1|3,,,0,0,2.754,0.802,,none
M05,dysarthric,Session2,0006,data/extracted/torgo/M05/Session2/pos/0006.pos,478,1|3,,,0,0,1.22,0.718,,none
M05,dysarthric,Session2,0007,data/extracted/torgo/M05/Session2/pos/0007.pos,420,1|3,,,0,0,1.147,0.689,,none
M05,dysarthric,Session2,0008,data/extracted/torgo/M05/Session2/pos/0008.pos,1786,1|3,,,0,5,13.544,1.028,,none
M05,dysarthric,Session2,0009,data/extracted/torgo/M05/Session2/pos/0009.pos,494,1|3,,,0,1,19.699,0.861,,none
M05,dysarthric,Session2,0010,data/extracted/torgo/M05/Session2/pos/0010.pos,466,1|3,,,0,0,1.45,0.679,,none
M05,dysarthric,Session2,0011,data/extracted/torgo/M05/Session2/pos/0011.pos,468,1|3,,,0,0,1.046,0.68,,none
M05,dysarthric,Session2,0012,data/extracted/torgo/M05/Session2/pos/0012.pos,521,1|3,,,0,0,1.702,0.847,,none
M05,dysarthric,Session2,0013,data/extracted/torgo/M05/Session2/pos/0013.pos,1374,1|3,,6,1,1,79.152,0.794,large_position_step,medium
M05,dysarthric,Session2,0014,data/extracted/torgo/M05/Session2/pos/0014.pos,597,1|3,,11,1,2,26.009,1.346,large_position_step,medium
M05,dysarthric,Session2,0015,data/extracted/torgo/M05/Session2/pos/0015.pos,1748,1|3,,,0,1,11.264,0.798,,none
M05,dysarthric,Session2,0016,data/extracted/torgo/M05/Session2/pos/0016.pos,472,1|3,,,0,0,1.831,0.759,,none
M05,dysarthric,Session2,0017,data/extracted/torgo/M05/Session2/pos/0017.pos,624,1|3,,,0,0,1.309,0.795,,none
M05,dysarthric,Session2,0018,data/extracted/torgo/M05/Session2/pos/0018.pos,742,1|3,,,0,0,1.235,0.744,,none
M05,dysarthric,Session2,0019,data/extracted/torgo/M05/Session2/pos/0019.pos,1207,1|3,,,0,2,12.86,1.47,,none
M05,dysarthric,Session2,0020,data/extracted/torgo/M05/Session2/pos/0020.pos,474,1|3,,,0,1,18.543,0.997,,none
M05,dysarthric,Session2,0021,data/extracted/torgo/M05/Session2/pos/0021.pos,509,1|3,,,0,0,0.97,0.654,,none
M05,dysarthric,Session2,0022,data/extracted/torgo/M05/Session2/pos/0022.pos,485,1|3,,,0,0,1.86,0.676,,none
M05,dysarthric,Session2,0023,data/extracted/torgo/M05/Session2/pos/0023.pos,531,1|3,,,0,0,1.237,0.686,,none
M05,dysarthric,Session2,0024,data/extracted/torgo/M05/Session2/pos/0024.pos,581,1|3,,,0,0,2.058,0.722,,none
M05,dysarthric,Session2,0025,data/extracted/torgo/M05/Session2/pos/0025.pos,571,1|3,,,0,0,6.664,0.961,,none
M05,dysarthric,Session2,0026,data/extracted/torgo/M05/Session2/pos/0026.pos,1868,1|3,,,0,0,4.964,1.133,,none
M05,dysarthric,Session2,0027,data/extracted/torgo/M05/Session2/pos/0027.pos,2299,1|3,,,0,0,3.492,1.351,,none
M05,dysarthric,Session2,0028,data/extracted/torgo/M05/Session2/pos/0028.pos,1439,1|3,,,0,1,13.714,1.007,,none
M05,dysarthric,Session2,0029,data/extracted/torgo/M05/Session2/pos/0029.pos,555,1|3,,,0,0,2.666,1.081,,none
M05,dysarthric,Session2,0030,data/extracted/torgo/M05/Session2/pos/0030.pos,626,1|3,,9,1,1,35.339,0.843,large_position_step,medium
M05,dysarthric,Session2,0031,data/extracted/torgo/M05/Session2/pos/0031.pos,494,1|3,,6,1,1,23.197,0.953,large_position_step,medium
M05,dysarthric,Session2,0032,data/extracted/torgo/M05/Session2/pos/0032.pos,578,1|3,,,0,1,14.436,1.021,,none
M05,dysarthric,Session2,0033,data/extracted/torgo/M05/Session2/pos/0033.pos,471,1|3,,,0,2,17.962,1.237,,none
M05,dysarthric,Session2,0034,data/extracted/torgo/M05/Session2/pos/0034.pos,506,1|3,,,0,0,2.815,0.882,,none
M05,dysarthric,Session2,0035,data/extracted/torgo/M05/Session2/pos/0035.pos,492,1|3,,,0,0,1.514,0.921,,none
M05,dysarthric,Session2,0036,data/extracted/torgo/M05/Session2/pos/0036.pos,830,1|3,,,0,0,1.043,0.578,,none
M05,dysarthric,Session2,0037,data/extracted/torgo/M05/Session2/pos/0037.pos,435,1|3,,,0,0,1.504,0.897,,none
M05,dysarthric,Session2,0038,data/extracted/torgo/M05/Session2/pos/0038.pos,3173,1|3,,,0,1,14.874,0.793,,none
M05,dysarthric,Session2,0039,data/extracted/torgo/M05/Session2/pos/0039.pos,678,1|3,,,0,0,1.239,0.676,,none
M05,dysarthric,Session2,0040,data/extracted/torgo/M05/Session2/pos/0040.pos,602,1|3,,,0,0,1.1,0.642,,none
M05,dysarthric,Session2,0041,data/extracted/torgo/M05/Session2/pos/0041.pos,678,1|3,,,0,0,4.198,0.898,,none
M05,dysarthric,Session2,0042,data/extracted/torgo/M05/Session2/pos/0042.pos,2772,1|3,,,0,2,13.903,0.892,,none
M05,dysarthric,Session2,0043,data/extracted/torgo/M05/Session2/pos/0043.pos,1674,1|3,,11,1,4,21.978,0.953,large_position_step,medium
M05,dysarthric,Session2,0044,data/extracted/torgo/M05/Session2/pos/0044.pos,639,1|3,,,0,0,1.654,0.877,,none
M05,dysarthric,Session2,0045,data/extracted/torgo/M05/Session2/pos/0045.pos,641,1|3,,6,1,1,20.224,0.82,large_position_step,medium
M05,dysarthric,Session2,0046,data/extracted/torgo/M05/Session2/pos/0046.pos,591,1|3,,,0,0,0.993,0.689,,none
M05,dysarthric,Session2,0047,data/extracted/torgo/M05/Session2/pos/0047.pos,577,1|3,,,0,0,1.108,0.615,,none
M05,dysarthric,Session2,0048,data/extracted/torgo/M05/Session2/pos/0048.pos,517,1|3,,,0,0,1.081,0.571,,none
M05,dysarthric,Session2,0049,data/extracted/torgo/M05/Session2/pos/0049.pos,1777,1|3,,,0,1,17.907,0.782,,none
M05,dysarthric,Session2,0050,data/extracted/torgo/M05/Session2/pos/0050.pos,837,1|3,,6,1,1,69.349,0.821,large_position_step,medium
M05,dysarthric,Session2,0051,data/extracted/torgo/M05/Session2/pos/0051.pos,2288,1|3,,11,1,1,25.077,0.963,large_position_step,medium
M05,dysarthric,Session2,0052,data/extracted/torgo/M05/Session2/pos/0052.pos,377,1|3,,,0,0,2.043,1.015,,none
M05,dysarthric,Session2,0053,data/extracted/torgo/M05/Session2/pos/0053.pos,675,1|3,,,0,0,1.144,0.708,,none
M05,dysarthric,Session2,0054,data/extracted/torgo/M05/Session2/pos/0054.pos,511,1|3,,,0,0,3.801,0.812,,none
M05,dysarthric,Session2,0055,data/extracted/torgo/M05/Session2/pos/0055.pos,1812,1|3,,,0,0,1.242,0.735,,none
M05,dysarthric,Session2,0056,data/extracted/torgo/M05/Session2/pos/0056.pos,1843,1|3,,,0,0,2.827,0.796,,none
M05,dysarthric,Session2,0057,data/extracted/torgo/M05/Session2/pos/0057.pos,1576,1|3,,,0,0,1.572,0.813,,none
M05,dysarthric,Session2,0058,data/extracted/torgo/M05/Session2/pos/0058.pos,497,1|3,,,0,2,18.616,0.949,,none
M05,dysarthric,Session2,0059,data/extracted/torgo/M05/Session2/pos/0059.pos,462,1|3,,,0,0,1.162,0.74,,none
M05,dysarthric,Session2,0060,data/extracted/torgo/M05/Session2/pos/0060.pos,3365,1|3,,7|11,4,8,144.202,1.215,large_position_step,medium
M05,dysarthric,Session2,0061,data/extracted/torgo/M05/Session2/pos/0061.pos,459,1|3,,,0,1,11.634,1.191,,none
M05,dysarthric,Session2,0062,data/extracted/torgo/M05/Session2/pos/0062.pos,546,1|3,,9,1,10,52.288,3.159,large_position_step,medium
M05,dysarthric,Session2,0063,data/extracted/torgo/M05/Session2/pos/0063.pos,526,1|3,,,0,0,1.505,0.795,,none
M05,dysarthric,Session2,0064,data/extracted/torgo/M05/Session2/pos/0064.pos,533,1|3,,,0,0,2.545,1.349,,none
M05,dysarthric,Session2,0065,data/extracted/torgo/M05/Session2/pos/0065.pos,567,1|3,,,0,0,2.159,1.119,,none
M05,dysarthric,Session2,0066,data/extracted/torgo/M05/Session2/pos/0066.pos,2001,1|3,,6,2,2,28.11,1.03,large_position_step,medium
M05,dysarthric,Session2,0067,data/extracted/torgo/M05/Session2/pos/0067.pos,681,1|3,,,0,0,3.591,1.223,,none
M05,dysarthric,Session2,0068,data/extracted/torgo/M05/Session2/pos/0068.pos,1900,1|3,,,0,1,19.691,1.114,,none
M05,dysarthric,Session2,0069,data/extracted/torgo/M05/Session2/pos/0069.pos,798,1|3,,2|4|9,3,4,56.539,1.463,large_position_step,medium
M05,dysarthric,Session2,0070,data/extracted/torgo/M05/Session2/pos/0070.pos,533,1|3,,4|11,2,2,66.469,1.089,large_position_step,medium
M05,dysarthric,Session2,0071,data/extracted/torgo/M05/Session2/pos/0071.pos,626,1|3,,,0,0,1.42,0.776,,none
M05,dysarthric,Session2,0072,data/extracted/torgo/M05/Session2/pos/0072.pos,564,1|3,,,0,0,1.873,1.148,,none
M05,dysarthric,Session2,0073,data/extracted/torgo/M05/Session2/pos/0073.pos,655,1|3,,6,1,1,25.371,1.031,large_position_step,medium
M05,dysarthric,Session2,0074,data/extracted/torgo/M05/Session2/pos/0074.pos,721,1|3,,,0,0,1.597,0.926,,none
M05,dysarthric,Session2,0075,data/extracted/torgo/M05/Session2/pos/0075.pos,655,1|3,,,0,0,9.09,2.632,,none
M05,dysarthric,Session2,0076,data/extracted/torgo/M05/Session2/pos/0076.pos,1747,1|3,,,0,2,10.982,1.791,,none
M05,dysarthric,Session2,0077,data/extracted/torgo/M05/Session2/pos/0077.pos,515,1|3,,,0,0,1.608,0.886,,none
M05,dysarthric,Session2,0078,data/extracted/torgo/M05/Session2/pos/0078.pos,1854,1|3,,4,1,8,45.124,1.296,large_position_step,medium
M05,dysarthric,Session2,0079,data/extracted/torgo/M05/Session2/pos/0079.pos,697,1|3,,6|9,2,7,63.892,2.305,large_position_step,medium
M05,dysarthric,Session2,0080,data/extracted/torgo/M05/Session2/pos/0080.pos,719,1|3,,,0,0,5.748,1.249,,none
M05,dysarthric,Session2,0081,data/extracted/torgo/M05/Session2/pos/0081.pos,685,1|3,,6,1,2,28.364,2.045,large_position_step,medium
M05,dysarthric,Session2,0082,data/extracted/torgo/M05/Session2/pos/0082.pos,1445,1|3,,,0,0,2.461,0.93,,none
M05,dysarthric,Session2,0083,data/extracted/torgo/M05/Session2/pos/0083.pos,462,1|3,,,0,0,1.369,0.822,,none
M05,dysarthric,Session2,0084,data/extracted/torgo/M05/Session2/pos/0084.pos,508,1|3,,6|11,2,2,32.042,1.526,large_position_step,medium
M05,dysarthric,Session2,0085,data/extracted/torgo/M05/Session2/pos/0085.pos,2284,1|3,,2|4|6|7|8|9|10|11,8,18,121.218,1.131,large_position_step,medium
M05,dysarthric,Session2,0086,data/extracted/torgo/M05/Session2/pos/0086.pos,672,1|3,,9,1,2,87.985,1.004,large_position_step,medium
M05,dysarthric,Session2,0087,data/extracted/torgo/M05/Session2/pos/0087.pos,2445,1|3,,6,2,3,24.334,1.201,large_position_step,medium
M05,dysarthric,Session2,0088,data/extracted/torgo/M05/Session2/pos/0088.pos,1840,1|3,,,0,0,2.306,0.988,,none
M05,dysarthric,Session2,0089,data/extracted/torgo/M05/Session2/pos/0089.pos,656,1|3,,,0,0,1.446,0.868,,none
M05,dysarthric,Session2,0090,data/extracted/torgo/M05/Session2/pos/0090.pos,499,1|3,,,0,0,2.36,1.159,,none
M05,dysarthric,Session2,0091,data/extracted/torgo/M05/Session2/pos/0091.pos,2048,1|3,,9,1,12,44.225,1.712,large_position_step,medium
M05,dysarthric,Session2,0092,data/extracted/torgo/M05/Session2/pos/0092.pos,649,1|3,,,0,0,1.542,0.867,,none
M05,dysarthric,Session2,0093,data/extracted/torgo/M05/Session2/pos/0093.pos,63,1|3,,,0,0,1.375,0.937,,none
M05,dysarthric,Session2,0094,data/extracted/torgo/M05/Session2/pos/0094.pos,626,1|3,,,0,0,2.086,1.102,,none
M05,dysarthric,Session2,0095,data/extracted/torgo/M05/Session2/pos/0095.pos,430,1|3,,,0,0,1.499,0.951,,none
M05,dysarthric,Session2,0096,data/extracted/torgo/M05/Session2/pos/0096.pos,542,1|3,,,0,0,1.986,1.299,,none
M05,dysarthric,Session2,0097,data/extracted/torgo/M05/Session2/pos/0097.pos,639,1|3,,4,2,12,86.815,1.631,large_position_step,medium
M05,dysarthric,Session2,0098,data/extracted/torgo/M05/Session2/pos/0098.pos,627,1|3,,4|11,2,3,57.255,1.25,large_position_step,medium
M05,dysarthric,Session2,0099,data/extracted/torgo/M05/Session2/pos/0099.pos,708,1|3,,,0,7,16.253,1.748,,none
M05,dysarthric,Session2,0100,data/extracted/torgo/M05/Session2/pos/0100.pos,2039,1|3,,4,1,3,65.106,1.186,large_position_step,medium
M05,dysarthric,Session2,0101,data/extracted/torgo/M05/Session2/pos/0101.pos,1742,1|3,,2|4|6|7|8|9|10|11,57,60,376.837,2.066,large_position_step,high
M05,dysarthric,Session2,0102,data/extracted/torgo/M05/Session2/pos/0102.pos,2180,1|3,,,0,6,12.913,1.976,,none
M05,dysarthric,Session2,0103,data/extracted/torgo/M05/Session2/pos/0103.pos,761,1|3,,,0,0,3.248,1.001,,none
M05,dysarthric,Session2,0104,data/extracted/torgo/M05/Session2/pos/0104.pos,685,1|3,,6,1,1,22.759,0.881,large_position_step,medium
M05,dysarthric,Session2,0105,data/extracted/torgo/M05/Session2/pos/0105.pos,675,1|3,,,0,0,1.751,0.825,,none
M05,dysarthric,Session2,0106,data/extracted/torgo/M05/Session2/pos/0106.pos,539,1|3,,,0,0,1.577,1.007,,none
M05,dysarthric,Session2,0107,data/extracted/torgo/M05/Session2/pos/0107.pos,1946,1|3,,4,1,1,45.879,1.109,large_position_step,medium
M05,dysarthric,Session2,0108,data/extracted/torgo/M05/Session2/pos/0108.pos,543,1|3,,,0,0,2.087,1.088,,none
M05,dysarthric,Session2,0109,data/extracted/torgo/M05/Session2/pos/0109.pos,594,1|3,,9,9,12,189.059,1.506,large_position_step,medium
M05,dysarthric,Session2,0110,data/extracted/torgo/M05/Session2/pos/0110.pos,687,1|3,,4,1,1,73.009,1.084,large_position_step,medium
M05,dysarthric,Session2,0111,data/extracted/torgo/M05/Session2/pos/0111.pos,564,1|3,,,0,0,2.236,0.934,,none
M05,dysarthric,Session2,0112,data/extracted/torgo/M05/Session2/pos/0112.pos,670,1|3,,4,1,2,37.207,0.939,large_position_step,medium
M05,dysarthric,Session2,0113,data/extracted/torgo/M05/Session2/pos/0113.pos,964,1|3,,,0,0,1.604,0.851,,none
M05,dysarthric,Session2,0114,data/extracted/torgo/M05/Session2/pos/0114.pos,772,1|3,,4,1,1,107.303,1.264,large_position_step,medium
M05,dysarthric,Session2,0115,data/extracted/torgo/M05/Session2/pos/0115.pos,840,1|3,,4,1,3,23.946,1.944,large_position_step,medium
M05,dysarthric,Session2,0116,data/extracted/torgo/M05/Session2/pos/0116.pos,675,1|3,,2|6|7|8|9|10|11,8,10,35.312,1.62,large_position_step,medium
M05,dysarthric,Session2,0117,data/extracted/torgo/M05/Session2/pos/0117.pos,280,1|3,,2,1,10,20.654,1.516,large_position_step,medium
M05,dysarthric,Session2,0118,data/extracted/torgo/M05/Session2/pos/0118.pos,512,1|3,,,0,0,2.43,1.303,,none
M05,dysarthric,Session2,0119,data/extracted/torgo/M05/Session2/pos/0119.pos,410,1|3,,,0,0,1.376,0.927,,none
M05,dysarthric,Session2,0120,data/extracted/torgo/M05/Session2/pos/0120.pos,547,1|3,,,0,0,1.641,1.0,,none
M05,dysarthric,Session2,0121,data/extracted/torgo/M05/Session2/pos/0121.pos,713,1|3,,11,1,1,31.0,0.818,large_position_step,medium
M05,dysarthric,Session2,0122,data/extracted/torgo/M05/Session2/pos/0122.pos,1254,1|3,,,0,2,15.833,0.891,,none
M05,dysarthric,Session2,0123,data/extracted/torgo/M05/Session2/pos/0123.pos,511,1|3,,,0,9,17.386,1.869,,none
M05,dysarthric,Session2,0124,data/extracted/torgo/M05/Session2/pos/0124.pos,1234,1|3,,4,1,1,22.135,1.242,large_position_step,medium
M05,dysarthric,Session2,0125,data/extracted/torgo/M05/Session2/pos/0125.pos,700,1|3,,,0,1,10.441,0.952,,none
M05,dysarthric,Session2,0126,data/extracted/torgo/M05/Session2/pos/0126.pos,525,1|3,,,0,0,9.871,1.85,,none
M05,dysarthric,Session2,0127,data/extracted/torgo/M05/Session2/pos/0127.pos,565,1|3,,,0,0,3.908,1.451,,none
M05,dysarthric,Session2,0128,data/extracted/torgo/M05/Session2/pos/0128.pos,2273,1|3,,4,1,2,62.59,1.32,large_position_step,medium
M05,dysarthric,Session2,0129,data/extracted/torgo/M05/Session2/pos/0129.pos,613,1|3,,4,1,2,33.711,1.04,large_position_step,medium
M05,dysarthric,Session2,0130,data/extracted/torgo/M05/Session2/pos/0130.pos,1728,1|3,,4,1,1,68.563,0.94,large_position_step,medium
M05,dysarthric,Session2,0131,data/extracted/torgo/M05/Session2/pos/0131.pos,1908,1|3,,,0,0,3.049,1.18,,none
M05,dysarthric,Session2,0132,data/extracted/torgo/M05/Session2/pos/0132.pos,567,1|3,,4,1,2,51.678,1.268,large_position_step,medium
M05,dysarthric,Session2,0133,data/extracted/torgo/M05/Session2/pos/0133.pos,659,1|3,,,0,0,2.402,1.266,,none
M05,dysarthric,Session2,0134,data/extracted/torgo/M05/Session2/pos/0134.pos,684,1|3,,,0,1,14.978,1.475,,none
M05,dysarthric,Session2,0135,data/extracted/torgo/M05/Session2/pos/0135.pos,1643,1|3,,6,1,2,36.098,1.031,large_position_step,medium
M05,dysarthric,Session2,0136,data/extracted/torgo/M05/Session2/pos/0136.pos,456,1|3,,2|4|9,3,3,86.879,2.654,large_position_step,medium
M05,dysarthric,Session2,0137,data/extracted/torgo/M05/Session2/pos/0137.pos,567,1|3,,,0,0,1.555,0.728,,none
M05,dysarthric,Session2,0138,data/extracted/torgo/M05/Session2/pos/0138.pos,2114,1|3,,2|4|6|7|8|9|10|11,10,14,41.466,1.005,large_position_step,high
M05,dysarthric,Session2,0139,data/extracted/torgo/M05/Session2/pos/0139.pos,559,1|3,,4|9,2,2,94.478,1.5,large_position_step,medium
M05,dysarthric,Session2,0140,data/extracted/torgo/M05/Session2/pos/0140.pos,697,1|3,,,0,0,2.934,1.081,,none
M05,dysarthric,Session2,0141,data/extracted/torgo/M05/Session2/pos/0141.pos,1358,1|3,,4,1,1,20.564,1.067,large_position_step,medium
M05,dysarthric,Session2,0142,data/extracted/torgo/M05/Session2/pos/0142.pos,438,1|3,,,0,2,19.888,1.513,,none
M05,dysarthric,Session2,0143,data/extracted/torgo/M05/Session2/pos/0143.pos,712,1|3,,9,1,2,21.869,1.858,large_position_step,medium
M05,dysarthric,Session2,0144,data/extracted/torgo/M05/Session2/pos/0144.pos,504,1|3,,,0,0,2.59,1.542,,none
M05,dysarthric,Session2,0145,data/extracted/torgo/M05/Session2/pos/0145.pos,3472,1|3,,4,2,4,78.086,1.366,large_position_step,medium
M05,dysarthric,Session2,0146,data/extracted/torgo/M05/Session2/pos/0146.pos,3847,1|3,,4,1,2,24.122,1.433,large_position_step,medium
M05,dysarthric,Session2,0147,data/extracted/torgo/M05/Session2/pos/0147.pos,1250,1|3,,2,2,11,35.042,1.858,large_position_step,medium
M05,dysarthric,Session2,0148,data/extracted/torgo/M05/Session2/pos/0148.pos,575,1|3,,,0,0,6.828,3.069,,none
M05,dysarthric,Session2,0149,data/extracted/torgo/M05/Session2/pos/0149.pos,549,1|3,,11,1,1,34.637,2.825,large_position_step,medium
M05,dysarthric,Session2,0150,data/extracted/torgo/M05/Session2/pos/0150.pos,2498,1|3,,2|4|6|7|8|9|10|11,35,53,174.553,2.113,large_position_step,high
M05,dysarthric,Session2,0151,data/extracted/torgo/M05/Session2/pos/0151.pos,1497,1|3,,4|9,2,6,29.054,1.829,large_position_step,medium
M05,dysarthric,Session2,0152,data/extracted/torgo/M05/Session2/pos/0152.pos,1620,1|3,,6|7|9|11,7,17,25.061,2.334,large_position_step,medium
M05,dysarthric,Session2,0153,data/extracted/torgo/M05/Session2/pos/0153.pos,434,1|3,,4,1,2,53.726,2.298,large_position_step,medium
M05,dysarthric,Session2,0154,data/extracted/torgo/M05/Session2/pos/0154.pos,531,1|3,,9,1,1,36.076,1.106,large_position_step,medium
M05,dysarthric,Session2,0155,data/extracted/torgo/M05/Session2/pos/0155.pos,1916,1|3,,4,1,1,24.473,1.047,large_position_step,medium
M05,dysarthric,Session2,0156,data/extracted/torgo/M05/Session2/pos/0156.pos,579,1|3,,,0,3,12.748,2.251,,none
M05,dysarthric,Session2,0157,data/extracted/torgo/M05/Session2/pos/0157.pos,610,1|3,,,0,0,7.11,1.404,,none
M05,dysarthric,Session2,0158,data/extracted/torgo/M05/Session2/pos/0158.pos,504,1|3,,,0,0,1.572,0.998,,none
M05,dysarthric,Session2,0159,data/extracted/torgo/M05/Session2/pos/0159.pos,731,1|3,,,0,0,1.503,0.896,,none
M05,dysarthric,Session2,0160,data/extracted/torgo/M05/Session2/pos/0160.pos,650,1|3,,8,1,3,42.749,1.006,large_position_step,medium
M05,dysarthric,Session2,0161,data/extracted/torgo/M05/Session2/pos/0161.pos,660,1|3,,2|9,2,2,44.908,1.907,large_position_step,medium
M05,dysarthric,Session2,0162,data/extracted/torgo/M05/Session2/pos/0162.pos,572,1|3,,4,2,4,62.283,1.271,large_position_step,medium
M05,dysarthric,Session2,0163,data/extracted/torgo/M05/Session2/pos/0163.pos,1832,1|3,,4,1,1,33.654,1.203,large_position_step,medium
M05,dysarthric,Session2,0164,data/extracted/torgo/M05/Session2/pos/0164.pos,715,1|3,,11,1,1,27.306,0.898,large_position_step,medium
M05,dysarthric,Session2,0165,data/extracted/torgo/M05/Session2/pos/0165.pos,2340,1|3,,,0,0,2.611,1.078,,none
M05,dysarthric,Session2,0166,data/extracted/torgo/M05/Session2/pos/0166.pos,1054,1|3,,,0,0,2.135,0.919,,none
M05,dysarthric,Session2,0167,data/extracted/torgo/M05/Session2/pos/0167.pos,603,1|3,,,0,0,1.432,0.917,,none
M05,dysarthric,Session2,0168,data/extracted/torgo/M05/Session2/pos/0168.pos,702,1|3,,2|4|5|6|7|8|9|10|11,9,12,140.759,2.351,large_position_step,medium
M05,dysarthric,Session2,0169,data/extracted/torgo/M05/Session2/pos/0169.pos,557,1|3,,,0,0,1.909,0.876,,none
M05,dysarthric,Session2,0170,data/extracted/torgo/M05/Session2/pos/0170.pos,1993,1|3,,,0,0,9.587,0.996,,none
M05,dysarthric,Session2,0171,data/extracted/torgo/M05/Session2/pos/0171.pos,860,1|3,,2,2,2,76.711,1.036,large_position_step,medium
M05,dysarthric,Session2,0172,data/extracted/torgo/M05/Session2/pos/0172.pos,611,1|3,,,0,0,1.849,0.827,,none
M05,dysarthric,Session2,0173,data/extracted/torgo/M05/Session2/pos/0173.pos,449,1|3,,,0,0,2.167,1.055,,none
M05,dysarthric,Session2,0174,data/extracted/torgo/M05/Session2/pos/0174.pos,791,1|3,,,0,0,1.274,0.714,,none
M05,dysarthric,Session2,0175,data/extracted/torgo/M05/Session2/pos/0175.pos,573,1|3,,,0,0,3.877,1.004,,none
M05,dysarthric,Session2,0176,data/extracted/torgo/M05/Session2/pos/0176.pos,2361,1|3,,6,1,10,25.556,2.092,large_position_step,medium
M05,dysarthric,Session2,0177,data/extracted/torgo/M05/Session2/pos/0177.pos,666,1|3,,2,1,1,24.668,0.778,large_position_step,medium
M05,dysarthric,Session2,0178,data/extracted/torgo/M05/Session2/pos/0178.pos,582,1|3,,,0,8,14.482,3.344,,none
M05,dysarthric,Session2,0179,data/extracted/torgo/M05/Session2/pos/0179.pos,2070,1|3,,2|4|6|7|8|9|10|11,67,74,188.93,2.507,large_position_step,high
M05,dysarthric,Session2,0180,data/extracted/torgo/M05/Session2/pos/0180.pos,712,1|3,,11,1,1,32.511,1.514,large_position_step,medium
M05,dysarthric,Session2,0181,data/extracted/torgo/M05/Session2/pos/0181.pos,499,1|3,,9,1,2,24.174,1.017,large_position_step,medium
M05,dysarthric,Session2,0182,data/extracted/torgo/M05/Session2/pos/0182.pos,1667,1|3,,,0,0,2.755,1.111,,none
M05,dysarthric,Session2,0183,data/extracted/torgo/M05/Session2/pos/0183.pos,494,1|3,,,0,0,1.517,0.9,,none
M05,dysarthric,Session2,0184,data/extracted/torgo/M05/Session2/pos/0184.pos,719,1|3,,2|6|7|8|9|10|11,7,12,29.808,2.228,large_position_step,medium
M05,dysarthric,Session2,0185,data/extracted/torgo/M05/Session2/pos/0185.pos,566,1|3,,,0,0,1.528,0.833,,none
M05,dysarthric,Session2,0186,data/extracted/torgo/M05/Session2/pos/0186.pos,3638,1|3,,,0,0,3.574,0.936,,none
M05,dysarthric,Session2,0187,data/extracted/torgo/M05/Session2/pos/0187.pos,874,1|3,,,0,0,3.713,0.916,,none
M05,dysarthric,Session2,0188,data/extracted/torgo/M05/Session2/pos/0188.pos,722,1|3,,,0,0,1.539,0.748,,none
M05,dysarthric,Session2,0189,data/extracted/torgo/M05/Session2/pos/0189.pos,2667,1|3,,,0,0,6.961,1.018,,none
M05,dysarthric,Session2,0190,data/extracted/torgo/M05/Session2/pos/0190.pos,962,1|3,,,0,0,2.817,0.881,,none
M05,dysarthric,Session2,0191,data/extracted/torgo/M05/Session2/pos/0191.pos,689,1|3,,,0,0,1.59,0.842,,none
M05,dysarthric,Session2,0192,data/extracted/torgo/M05/Session2/pos/0192.pos,1713,1|3,,,0,0,1.525,0.781,,none
M05,dysarthric,Session2,0193,data/extracted/torgo/M05/Session2/pos/0193.pos,747,1|3,,,0,0,1.593,0.826,,none
M05,dysarthric,Session2,0194,data/extracted/torgo/M05/Session2/pos/0194.pos,545,1|3,,,0,0,2.867,1.231,,none
M05,dysarthric,Session2,0195,data/extracted/torgo/M05/Session2/pos/0195.pos,538,1|3,,,0,0,5.224,0.693,,none
M05,dysarthric,Session2,0196,data/extracted/torgo/M05/Session2/pos/0196.pos,730,1|3,,,0,0,1.119,0.704,,none
M05,dysarthric,Session2,0197,data/extracted/torgo/M05/Session2/pos/0197.pos,1517,1|3,,,0,1,18.752,0.728,,none
M05,dysarthric,Session2,0198,data/extracted/torgo/M05/Session2/pos/0198.pos,775,1|3,,,0,0,1.429,0.736,,none
M05,dysarthric,Session2,0199,data/extracted/torgo/M05/Session2/pos/0199.pos,1131,1|3,,,0,1,17.858,0.752,,none
M05,dysarthric,Session2,0200,data/extracted/torgo/M05/Session2/pos/0200.pos,550,1|3,,,0,0,1.612,0.959,,none
M05,dysarthric,Session2,0201,data/extracted/torgo/M05/Session2/pos/0201.pos,1136,1|3,,4,1,1,27.985,0.882,large_position_step,medium
M05,dysarthric,Session2,0202,data/extracted/torgo/M05/Session2/pos/0202.pos,432,1|3,,2|4|6|7|8|9|10|11,16,21,172.362,2.289,large_position_step,high
M05,dysarthric,Session2,0203,data/extracted/torgo/M05/Session2/pos/0203.pos,502,1|3,,,0,0,7.637,1.879,,none
M05,dysarthric,Session2,0204,data/extracted/torgo/M05/Session2/pos/0204.pos,1534,1|3,,,0,1,12.127,1.207,,none
M05,dysarthric,Session2,0205,data/extracted/torgo/M05/Session2/pos/0205.pos,641,1|3,,,0,0,2.863,0.944,,none
M05,dysarthric,Session2,0206,data/extracted/torgo/M05/Session2/pos/0206.pos,358,1|3,,,0,0,8.44,1.031,,none
M05,dysarthric,Session2,0207,data/extracted/torgo/M05/Session2/pos/0207.pos,1539,1|3,,,0,0,5.79,1.1,,none
M05,dysarthric,Session2,0208,data/extracted/torgo/M05/Session2/pos/0208.pos,609,1|3,,,0,0,1.239,0.775,,none
M05,dysarthric,Session2,0209,data/extracted/torgo/M05/Session2/pos/0209.pos,369,1|3,,9,1,2,45.292,0.782,large_position_step,medium
M05,dysarthric,Session2,0210,data/extracted/torgo/M05/Session2/pos/0210.pos,543,1|3,,,0,0,3.561,1.061,,none
M05,dysarthric,Session2,0211,data/extracted/torgo/M05/Session2/pos/0211.pos,534,1|3,,,0,0,3.081,1.087,,none
M05,dysarthric,Session2,0212,data/extracted/torgo/M05/Session2/pos/0212.pos,2217,1|3,,,0,0,6.462,2.294,,none
M05,dysarthric,Session2,0213,data/extracted/torgo/M05/Session2/pos/0213.pos,1473,1|3,,,0,3,11.572,1.577,,none
M05,dysarthric,Session2,0214,data/extracted/torgo/M05/Session2/pos/0214.pos,526,1|3,,,0,0,4.464,1.307,,none
M05,dysarthric,Session2,0215,data/extracted/torgo/M05/Session2/pos/0215.pos,2255,1|3,,,0,0,9.338,1.427,,none
M05,dysarthric,Session2,0216,data/extracted/torgo/M05/Session2/pos/0216.pos,1915,1|3,,,0,1,12.509,0.945,,none
M05,dysarthric,Session2,0217,data/extracted/torgo/M05/Session2/pos/0217.pos,698,1|3,,,0,0,4.659,2.101,,none
M05,dysarthric,Session2,0218,data/extracted/torgo/M05/Session2/pos/0218.pos,609,1|3,,,0,0,1.671,0.95,,none
M05,dysarthric,Session2,0219,data/extracted/torgo/M05/Session2/pos/0219.pos,2731,1|3,,,0,3,11.282,1.28,,none
M05,dysarthric,Session2,0220,data/extracted/torgo/M05/Session2/pos/0220.pos,649,1|3,,4|9,12,30,101.751,2.942,large_position_step,high
M05,dysarthric,Session2,0221,data/extracted/torgo/M05/Session2/pos/0221.pos,744,1|3,,,0,0,2.681,1.188,,none
M05,dysarthric,Session2,0222,data/extracted/torgo/M05/Session2/pos/0222.pos,633,1|3,,,0,1,16.534,1.226,,none
M05,dysarthric,Session2,0223,data/extracted/torgo/M05/Session2/pos/0223.pos,659,1|3,,,0,2,13.345,1.647,,none
M05,dysarthric,Session2,0224,data/extracted/torgo/M05/Session2/pos/0224.pos,646,1|3,,,0,0,2.468,1.311,,none
M05,dysarthric,Session2,0225,data/extracted/torgo/M05/Session2/pos/0225.pos,602,1|3,,,0,0,9.744,2.003,,none
M05,dysarthric,Session2,0226,data/extracted/torgo/M05/Session2/pos/0226.pos,459,1|3,,,0,0,3.599,1.498,,none
M05,dysarthric,Session2,0227,data/extracted/torgo/M05/Session2/pos/0227.pos,481,1|3,,,0,0,2.816,1.407,,none
M05,dysarthric,Session2,0228,data/extracted/torgo/M05/Session2/pos/0228.pos,556,1|3,,,0,0,1.926,1.099,,none
M05,dysarthric,Session2,0229,data/extracted/torgo/M05/Session2/pos/0229.pos,518,1|3,,4,1,1,20.88,1.011,large_position_step,medium
M05,dysarthric,Session2,0230,data/extracted/torgo/M05/Session2/pos/0230.pos,600,1|3,,,0,0,1.879,0.814,,none
M05,dysarthric,Session2,0231,data/extracted/torgo/M05/Session2/pos/0231.pos,642,1|3,,11,1,2,21.859,0.961,large_position_step,medium
M05,dysarthric,Session2,0232,data/extracted/torgo/M05/Session2/pos/0232.pos,556,1|3,,,0,0,1.93,0.962,,none
M05,dysarthric,Session2,0233,data/extracted/torgo/M05/Session2/pos/0233.pos,482,1|3,,11,1,1,27.224,1.149,large_position_step,medium
M05,dysarthric,Session2,0234,data/extracted/torgo/M05/Session2/pos/0234.pos,543,1|3,,,0,0,1.665,0.87,,none
M05,dysarthric,Session2,0235,data/extracted/torgo/M05/Session2/pos/0235.pos,641,1|3,,,0,0,1.331,0.792,,none
M05,dysarthric,Session2,0236,data/extracted/torgo/M05/Session2/pos/0236.pos,1897,1|3,,,0,0,1.915,1.093,,none
M05,dysarthric,Session2,0237,data/extracted/torgo/M05/Session2/pos/0237.pos,765,1|3,,,0,0,6.839,3.222,,none
M05,dysarthric,Session2,0238,data/extracted/torgo/M05/Session2/pos/0238.pos,1665,1|3,,,0,0,1.552,0.883,,none
M05,dysarthric,Session2,0239,data/extracted/torgo/M05/Session2/pos/0239.pos,2303,1|3,,,0,0,2.1,0.848,,none
M05,dysarthric,Session2,0240,data/extracted/torgo/M05/Session2/pos/0240.pos,622,1|3,,,0,0,0.912,0.671,,none
M05,dysarthric,Session2,0241,data/extracted/torgo/M05/Session2/pos/0241.pos,3336,1|3,,9,1,1,37.285,0.814,large_position_step,medium
M05,dysarthric,Session2,0242,data/extracted/torgo/M05/Session2/pos/0242.pos,3926,1|3,,,0,0,1.325,0.741,,none
M05,dysarthric,Session2,0243,data/extracted/torgo/M05/Session2/pos/0243.pos,2229,1|3,,,0,1,11.816,0.867,,none
M05,dysarthric,Session2,0244,data/extracted/torgo/M05/Session2/pos/0244.pos,546,1|3,,,0,0,1.752,0.799,,none
M05,dysarthric,Session2,0245,data/extracted/torgo/M05/Session2/pos/0245.pos,648,1|3,,,0,0,1.435,0.682,,none
M05,dysarthric,Session2,0246,data/extracted/torgo/M05/Session2/pos/0246.pos,2356,1|3,,,0,0,1.433,0.761,,none
M05,dysarthric,Session2,0247,data/extracted/torgo/M05/Session2/pos/0247.pos,619,1|3,,,0,0,1.139,0.737,,none
M05,dysarthric,Session2,0248,data/extracted/torgo/M05/Session2/pos/0248.pos,524,1|3,,,0,0,1.409,0.8,,none
M05,dysarthric,Session2,0249,data/extracted/torgo/M05/Session2/pos/0249.pos,556,1|3,,,0,0,1.313,0.836,,none
M05,dysarthric,Session2,0250,data/extracted/torgo/M05/Session2/pos/0250.pos,623,1|3,,,0,0,1.846,0.829,,none
M05,dysarthric,Session2,0251,data/extracted/torgo/M05/Session2/pos/0251.pos,622,1|3,,11,1,1,33.943,0.852,large_position_step,medium
M05,dysarthric,Session2,0252,data/extracted/torgo/M05/Session2/pos/0252.pos,624,1|3,,,0,0,1.448,0.733,,none
M05,dysarthric,Session2,0253,data/extracted/torgo/M05/Session2/pos/0253.pos,611,1|3,,,0,0,1.355,0.708,,none
M05,dysarthric,Session2,0254,data/extracted/torgo/M05/Session2/pos/0254.pos,629,1|3,,,0,0,3.682,1.196,,none
M05,dysarthric,Session2,0255,data/extracted/torgo/M05/Session2/pos/0255.pos,595,1|3,,,0,0,1.685,0.917,,none
M05,dysarthric,Session2,0256,data/extracted/torgo/M05/Session2/pos/0256.pos,2098,1|3,,6,1,2,38.657,1.019,large_position_step,medium
M05,dysarthric,Session2,0257,data/extracted/torgo/M05/Session2/pos/0257.pos,605,1|3,,,0,0,1.557,0.844,,none
M05,dysarthric,Session2,0258,data/extracted/torgo/M05/Session2/pos/0258.pos,664,1|3,,,0,0,2.734,1.219,,none
M05,dysarthric,Session2,0259,data/extracted/torgo/M05/Session2/pos/0259.pos,496,1|3,,,0,0,5.412,1.707,,none
M05,dysarthric,Session2,0260,data/extracted/torgo/M05/Session2/pos/0260.pos,2320,1|3,,,0,1,17.751,1.158,,none
M05,dysarthric,Session2,0261,data/extracted/torgo/M05/Session2/pos/0261.pos,799,1|3,,,0,0,1.533,0.672,,none
M05,dysarthric,Session2,0262,data/extracted/torgo/M05/Session2/pos/0262.pos,721,1|3,,,0,0,3.528,1.334,,none
M05,dysarthric,Session2,0263,data/extracted/torgo/M05/Session2/pos/0263.pos,639,1|3,,,0,0,1.354,0.841,,none
M05,dysarthric,Session2,0264,data/extracted/torgo/M05/Session2/pos/0264.pos,668,1|3,,,0,0,1.75,0.694,,none
M05,dysarthric,Session2,0265,data/extracted/torgo/M05/Session2/pos/0265.pos,1983,1|3,,6,1,2,20.027,0.849,large_position_step,medium
M05,dysarthric,Session2,0266,data/extracted/torgo/M05/Session2/pos/0266.pos,885,1|3,,9,1,2,21.932,2.984,large_position_step,medium
M05,dysarthric,Session2,0267,data/extracted/torgo/M05/Session2/pos/0267.pos,649,1|3,,,0,0,5.066,1.185,,none
M05,dysarthric,Session2,0268,data/extracted/torgo/M05/Session2/pos/0268.pos,463,1|3,,,0,1,16.708,1.329,,none
M05,dysarthric,Session2,0269,data/extracted/torgo/M05/Session2/pos/0269.pos,586,1|3,,4,3,6,49.533,1.383,large_position_step,medium
M05,dysarthric,Session2,0270,data/extracted/torgo/M05/Session2/pos/0270.pos,681,1|3,,,0,0,2.188,0.864,,none
M05,dysarthric,Session2,0271,data/extracted/torgo/M05/Session2/pos/0271.pos,550,1|3,,,0,0,2.936,0.727,,none
M05,dysarthric,Session2,0272,data/extracted/torgo/M05/Session2/pos/0272.pos,597,1|3,,,0,0,7.322,0.897,,none
M05,dysarthric,Session2,0273,data/extracted/torgo/M05/Session2/pos/0273.pos,482,1|3,,,0,0,1.974,1.051,,none
M05,dysarthric,Session2,0274,data/extracted/torgo/M05/Session2/pos/0274.pos,3466,1|3,,,0,0,2.67,0.918,,none
M05,dysarthric,Session2,0275,data/extracted/torgo/M05/Session2/pos/0275.pos,1521,1|3,,6,1,7,22.786,1.875,large_position_step,medium
M05,dysarthric,Session2,0276,data/extracted/torgo/M05/Session2/pos/0276.pos,1725,1|3,,4|6,2,5,31.208,2.255,large_position_step,medium
M05,dysarthric,Session2,0277,data/extracted/torgo/M05/Session2/pos/0277.pos,706,1|3,,,0,0,4.643,1.298,,none
M05,dysarthric,Session2,0278,data/extracted/torgo/M05/Session2/pos/0278.pos,729,1|3,,,0,0,5.437,1.579,,none
M05,dysarthric,Session2,0279,data/extracted/torgo/M05/Session2/pos/0279.pos,1677,1|3,,2|4|6|7|8|9|10|11,33,43,182.962,2.126,large_position_step,high
M05,dysarthric,Session2,0280,data/extracted/torgo/M05/Session2/pos/0280.pos,535,1|3,,,0,0,9.948,1.338,,none
M05,dysarthric,Session2,0281,data/extracted/torgo/M05/Session2/pos/0281.pos,527,1|3,,,0,0,1.821,0.839,,none
M05,dysarthric,Session2,0282,data/extracted/torgo/M05/Session2/pos/0282.pos,2284,1|3,,9,1,1,20.284,1.12,large_position_step,medium
M05,dysarthric,Session2,0283,data/extracted/torgo/M05/Session2/pos/0283.pos,581,1|3,,11,1,4,20.799,1.096,large_position_step,medium
M05,dysarthric,Session2,0284,data/extracted/torgo/M05/Session2/pos/0284.pos,414,1|3,,,0,0,2.788,1.327,,none
M05,dysarthric,Session2,0285,data/extracted/torgo/M05/Session2/pos/0285.pos,502,1|3,,,0,1,13.897,1.572,,none
M05,dysarthric,Session2,0286,data/extracted/torgo/M05/Session2/pos/0286.pos,2341,1|3,,6|11,2,3,52.786,1.324,large_position_step,medium
M05,dysarthric,Session2,0287,data/extracted/torgo/M05/Session2/pos/0287.pos,2052,1|3,,,0,0,2.159,0.98,,none
M05,dysarthric,Session2,0288,data/extracted/torgo/M05/Session2/pos/0288.pos,835,1|3,,,0,1,12.966,1.279,,none
M05,dysarthric,Session2,0289,data/extracted/torgo/M05/Session2/pos/0289.pos,655,1|3,,,0,0,3.671,1.812,,none
M05,dysarthric,Session2,0290,data/extracted/torgo/M05/Session2/pos/0290.pos,490,1|3,,,0,0,3.614,1.784,,none
M05,dysarthric,Session2,0291,data/extracted/torgo/M05/Session2/pos/0291.pos,2128,1|3,,2|4|6|7|8|9|10|11,32,33,194.932,1.408,large_position_step,high
M05,dysarthric,Session2,0292,data/extracted/torgo/M05/Session2/pos/0292.pos,1795,1|3,,,0,0,4.261,1.432,,none
M05,dysarthric,Session2,0293,data/extracted/torgo/M05/Session2/pos/0293.pos,533,1|3,,,0,0,1.677,0.902,,none
M05,dysarthric,Session2,0294,data/extracted/torgo/M05/Session2/pos/0294.pos,620,1|3,,,0,0,2.088,1.082,,none
M05,dysarthric,Session2,0295,data/extracted/torgo/M05/Session2/pos/0295.pos,590,1|3,,,0,0,2.583,1.014,,none
M05,dysarthric,Session2,0296,data/extracted/torgo/M05/Session2/pos/0296.pos,499,1|3,,,0,0,2.647,1.216,,none
M05,dysarthric,Session2,0297,data/extracted/torgo/M05/Session2/pos/0297.pos,645,1|3,,,0,0,2.663,0.971,,none
M05,dysarthric,Session2,0298,data/extracted/torgo/M05/Session2/pos/0298.pos,658,1|3,,,0,0,2.297,1.032,,none
M05,dysarthric,Session2,0299,data/extracted/torgo/M05/Session2/pos/0299.pos,695,1|3,,,0,0,1.931,1.018,,none
M05,dysarthric,Session2,0304,data/extracted/torgo/M05/Session2/pos/0304.pos,492,1|3,,,0,0,2.31,1.26,,none
M05,dysarthric,Session2,0306,data/extracted/torgo/M05/Session2/pos/0306.pos,521,1|3,,,0,8,19.346,1.922,,none
M05,dysarthric,Session2,0307,data/extracted/torgo/M05/Session2/pos/0307.pos,1138,1|3,,,0,1,15.009,1.345,,none
M05,dysarthric,Session2,0308,data/extracted/torgo/M05/Session2/pos/0308.pos,446,1|3,,,0,1,18.584,0.849,,none
M05,dysarthric,Session2,0309,data/extracted/torgo/M05/Session2/pos/0309.pos,562,1|3,,,0,0,1.941,1.121,,none
M05,dysarthric,Session2,0310,data/extracted/torgo/M05/Session2/pos/0310.pos,398,1|3,,,0,0,1.953,0.974,,none
M05,dysarthric,Session2,0311,data/extracted/torgo/M05/Session2/pos/0311.pos,483,1|3,,,0,0,3.546,1.359,,none
M05,dysarthric,Session2,0313,data/extracted/torgo/M05/Session2/pos/0313.pos,1909,1|3,,2|4|6|7|8|9|10|11,35,44,170.261,2.043,large_position_step,high
M05,dysarthric,Session2,0314,data/extracted/torgo/M05/Session2/pos/0314.pos,1708,1|3,,6|9,2,6,21.823,1.908,large_position_step,medium
M05,dysarthric,Session2,0315,data/extracted/torgo/M05/Session2/pos/0315.pos,976,1|3,,,0,0,6.257,1.454,,none
M05,dysarthric,Session2,0316,data/extracted/torgo/M05/Session2/pos/0316.pos,534,1|3,,,0,0,3.157,1.379,,none
M05,dysarthric,Session2,0317,data/extracted/torgo/M05/Session2/pos/0317.pos,528,1|3,,,0,0,4.577,1.889,,none
M05,dysarthric,Session2,0318,data/extracted/torgo/M05/Session2/pos/0318.pos,518,1|3,,,0,0,2.711,1.517,,none
M05,dysarthric,Session2,0319,data/extracted/torgo/M05/Session2/pos/0319.pos,523,1|3,,,0,0,2.126,0.967,,none
M05,dysarthric,Session2,0320,data/extracted/torgo/M05/Session2/pos/0320.pos,1220,1|3,,,0,2,15.215,0.958,,none
M05,dysarthric,Session2,0321,data/extracted/torgo/M05/Session2/pos/0321.pos,1927,1|3,,,0,0,5.211,1.407,,none
M05,dysarthric,Session2,0322,data/extracted/torgo/M05/Session2/pos/0322.pos,749,1|3,,,0,0,3.714,1.333,,none
M05,dysarthric,Session2,0323,data/extracted/torgo/M05/Session2/pos/0323.pos,641,1|3,,9,1,1,23.713,0.94,large_position_step,medium
M05,dysarthric,Session2,0324,data/extracted/torgo/M05/Session2/pos/0324.pos,911,1|3,,,0,0,3.198,1.07,,none
M05,dysarthric,Session2,0325,data/extracted/torgo/M05/Session2/pos/0325.pos,533,1|3,,,0,0,3.329,1.079,,none
M05,dysarthric,Session2,0326,data/extracted/torgo/M05/Session2/pos/0326.pos,684,1|3,,,0,0,3.125,1.014,,none
M05,dysarthric,Session2,0327,data/extracted/torgo/M05/Session2/pos/0327.pos,361,1|3,,,0,1,19.725,1.329,,none
M05,dysarthric,Session2,0328,data/extracted/torgo/M05/Session2/pos/0328.pos,539,1|3,,9,1,1,22.506,0.82,large_position_step,medium
M05,dysarthric,Session2,0362,data/extracted/torgo/M05/Session2/pos/0362.pos,463,1|3,,9,1,1,26.943,1.002,large_position_step,medium
M05,dysarthric,Session2,0363,data/extracted/torgo/M05/Session2/pos/0363.pos,521,1|3,,,0,0,2.256,0.956,,none
M05,dysarthric,Session2,0364,data/extracted/torgo/M05/Session2/pos/0364.pos,439,1|3,,,0,0,1.834,0.963,,none
M05,dysarthric,Session2,0365,data/extracted/torgo/M05/Session2/pos/0365.pos,2325,1|3,,9,1,3,36.892,0.886,large_position_step,medium
M05,dysarthric,Session2,0366,data/extracted/torgo/M05/Session2/pos/0366.pos,513,1|3,,9,1,1,20.989,0.966,large_position_step,medium
M05,dysarthric,Session2,0367,data/extracted/torgo/M05/Session2/pos/0367.pos,1470,1|3,,9,1,1,42.447,0.821,large_position_step,medium
M05,dysarthric,Session2,0368,data/extracted/torgo/M05/Session2/pos/0368.pos,1932,1|3,,2,1,1,57.878,1.244,large_position_step,medium
M05,dysarthric,Session2,0369,data/extracted/torgo/M05/Session2/pos/0369.pos,1783,1|3,,2|4|9,4,5,29.429,1.34,large_position_step,medium
M05,dysarthric,Session2,0370,data/extracted/torgo/M05/Session2/pos/0370.pos,1386,1|3,,,0,2,14.674,0.922,,none
M05,dysarthric,Session2,0371,data/extracted/torgo/M05/Session2/pos/0371.pos,427,1|3,,,0,0,2.548,1.102,,none
M05,dysarthric,Session2,0372,data/extracted/torgo/M05/Session2/pos/0372.pos,383,1|3,,,0,0,1.364,0.898,,none
M05,dysarthric,Session2,0373,data/extracted/torgo/M05/Session2/pos/0373.pos,777,1|3,,,0,0,2.349,1.223,,none
M05,dysarthric,Session2,0374,data/extracted/torgo/M05/Session2/pos/0374.pos,478,1|3,,,0,0,1.948,1.089,,none
M05,dysarthric,Session2,0375,data/extracted/torgo/M05/Session2/pos/0375.pos,449,1|3,,9,1,1,26.917,0.97,large_position_step,medium
M05,dysarthric,Session2,0376,data/extracted/torgo/M05/Session2/pos/0376.pos,631,1|3,,4|9,2,4,70.628,1.014,large_position_step,medium
M05,dysarthric,Session2,0377,data/extracted/torgo/M05/Session2/pos/0377.pos,63,1|3,,,0,0,1.128,0.806,,none
M05,dysarthric,Session2,0378,data/extracted/torgo/M05/Session2/pos/0378.pos,467,1|3,,,0,0,1.444,0.903,,none
M05,dysarthric,Session2,0379,data/extracted/torgo/M05/Session2/pos/0379.pos,495,1|3,,,0,0,2.0,1.104,,none
M05,dysarthric,Session2,0380,data/extracted/torgo/M05/Session2/pos/0380.pos,413,1|3,,9,1,2,24.528,0.806,large_position_step,medium
M05,dysarthric,Session2,0381,data/extracted/torgo/M05/Session2/pos/0381.pos,1623,1|3,,2|4|6|7|8|9|10|11,17,18,178.212,1.216,large_position_step,high
M05,dysarthric,Session2,0382,data/extracted/torgo/M05/Session2/pos/0382.pos,1598,1|3,,9,1,1,33.877,1.05,large_position_step,medium
M05,dysarthric,Session2,0383,data/extracted/torgo/M05/Session2/pos/0383.pos,1153,1|3,,9,1,1,23.548,0.976,large_position_step,medium
M05,dysarthric,Session2,0384,data/extracted/torgo/M05/Session2/pos/0384.pos,592,1|3,,9,1,2,28.814,1.463,large_position_step,medium
M05,dysarthric,Session2,0385,data/extracted/torgo/M05/Session2/pos/0385.pos,1871,1|3,,9,1,1,26.17,0.92,large_position_step,medium
M05,dysarthric,Session2,0386,data/extracted/torgo/M05/Session2/pos/0386.pos,572,1|3,,9,1,2,53.413,1.101,large_position_step,medium
M05,dysarthric,Session2,0387,data/extracted/torgo/M05/Session2/pos/0387.pos,1694,1|3,,,0,1,10.036,1.205,,none
M05,dysarthric,Session2,0388,data/extracted/torgo/M05/Session2/pos/0388.pos,596,1|3,,,0,0,1.844,1.002,,none
M05,dysarthric,Session2,0389,data/extracted/torgo/M05/Session2/pos/0389.pos,1033,1|3,,4,1,1,82.887,1.062,large_position_step,medium
M05,dysarthric,Session2,0390,data/extracted/torgo/M05/Session2/pos/0390.pos,1087,1|3,,,0,2,11.634,1.315,,none
M05,dysarthric,Session2,0391,data/extracted/torgo/M05/Session2/pos/0391.pos,585,1|3,,9,1,2,33.599,1.009,large_position_step,medium
M05,dysarthric,Session2,0392,data/extracted/torgo/M05/Session2/pos/0392.pos,730,1|3,,,0,1,17.911,1.042,,none
M05,dysarthric,Session2,0393,data/extracted/torgo/M05/Session2/pos/0393.pos,1088,1|3,,,0,1,11.696,1.143,,none
MC01,control,Session1,0001,data/extracted/torgo/MC01/Session1/pos/0001.pos,990,,,,0,0,1.282,0.815,,none
MC01,control,Session1,0002,data/extracted/torgo/MC01/Session1/pos/0002.pos,2467,,,,0,0,1.518,0.877,,none
MC01,control,Session1,0003,data/extracted/torgo/MC01/Session1/pos/0003.pos,2226,,,,0,1,10.756,0.944,,none
MC01,control,Session1,0004,data/extracted/torgo/MC01/Session1/pos/0004.pos,1553,,,,0,0,2.36,0.932,,none
MC01,control,Session1,0005,data/extracted/torgo/MC01/Session1/pos/0005.pos,593,,,,0,0,1.603,0.923,,none
MC01,control,Session1,0006,data/extracted/torgo/MC01/Session1/pos/0006.pos,538,,,,0,0,1.529,0.789,,none
MC01,control,Session1,0007,data/extracted/torgo/MC01/Session1/pos/0007.pos,559,,,,0,0,1.414,0.78,,none
MC01,control,Session1,0008,data/extracted/torgo/MC01/Session1/pos/0008.pos,582,,,,0,0,2.373,0.774,,none
MC01,control,Session1,0009,data/extracted/torgo/MC01/Session1/pos/0009.pos,567,,,,0,0,1.374,0.787,,none
MC01,control,Session1,0010,data/extracted/torgo/MC01/Session1/pos/0010.pos,587,,,,0,0,1.665,0.914,,none
MC01,control,Session1,0011,data/extracted/torgo/MC01/Session1/pos/0011.pos,565,,,,0,0,1.575,0.934,,none
MC01,control,Session1,0012,data/extracted/torgo/MC01/Session1/pos/0012.pos,584,,,,0,0,2.039,0.916,,none
MC01,control,Session1,0013,data/extracted/torgo/MC01/Session1/pos/0013.pos,582,,,,0,0,4.609,1.182,,none
MC01,control,Session1,0014,data/extracted/torgo/MC01/Session1/pos/0014.pos,653,,,,0,0,9.829,1.002,,none
MC01,control,Session1,0015,data/extracted/torgo/MC01/Session1/pos/0015.pos,932,,,,0,1,14.207,1.126,,none
MC01,control,Session1,0016,data/extracted/torgo/MC01/Session1/pos/0016.pos,891,,,,0,1,10.201,1.282,,none
MC01,control,Session1,0017,data/extracted/torgo/MC01/Session1/pos/0017.pos,630,,,,0,1,14.491,1.348,,none
MC01,control,Session1,0018,data/extracted/torgo/MC01/Session1/pos/0018.pos,547,,,,0,1,11.133,1.126,,none
MC01,control,Session1,0019,data/extracted/torgo/MC01/Session1/pos/0019.pos,946,,,,0,0,4.604,1.414,,none
MC01,control,Session1,0020,data/extracted/torgo/MC01/Session1/pos/0020.pos,868,,,,0,0,3.745,1.271,,none
MC01,control,Session1,0021,data/extracted/torgo/MC01/Session1/pos/0021.pos,638,,,,0,0,4.082,1.743,,none
MC01,control,Session1,0022,data/extracted/torgo/MC01/Session1/pos/0022.pos,629,,,,0,0,3.482,1.184,,none
MC01,control,Session1,0023,data/extracted/torgo/MC01/Session1/pos/0023.pos,584,,,,0,0,3.289,0.811,,none
MC01,control,Session1,0024,data/extracted/torgo/MC01/Session1/pos/0024.pos,590,,,,0,0,1.752,0.759,,none
MC01,control,Session1,0025,data/extracted/torgo/MC01/Session1/pos/0025.pos,582,,,,0,0,1.31,0.801,,none
MC01,control,Session1,0026,data/extracted/torgo/MC01/Session1/pos/0026.pos,756,,,,0,0,2.147,1.046,,none
MC01,control,Session1,0027,data/extracted/torgo/MC01/Session1/pos/0027.pos,1694,,,,0,0,5.504,1.309,,none
MC01,control,Session1,0028,data/extracted/torgo/MC01/Session1/pos/0028.pos,629,,,,0,0,3.628,1.489,,none
MC01,control,Session1,0029,data/extracted/torgo/MC01/Session1/pos/0029.pos,599,,,,0,0,3.581,1.364,,none
MC01,control,Session1,0030,data/extracted/torgo/MC01/Session1/pos/0030.pos,611,,,,0,0,4.507,1.405,,none
MC01,control,Session1,0031,data/extracted/torgo/MC01/Session1/pos/0031.pos,632,,,,0,0,3.946,1.345,,none
MC01,control,Session1,0032,data/extracted/torgo/MC01/Session1/pos/0032.pos,562,,,,0,0,1.888,0.913,,none
MC01,control,Session1,0033,data/extracted/torgo/MC01/Session1/pos/0033.pos,541,,,,0,1,13.154,2.381,,none
MC01,control,Session1,0034,data/extracted/torgo/MC01/Session1/pos/0034.pos,632,,,,0,0,3.664,1.632,,none
MC01,control,Session1,0035,data/extracted/torgo/MC01/Session1/pos/0035.pos,571,,,,0,0,2.854,1.201,,none
MC01,control,Session1,0036,data/extracted/torgo/MC01/Session1/pos/0036.pos,1895,,,,0,0,9.613,1.24,,none
MC01,control,Session1,0037,data/extracted/torgo/MC01/Session1/pos/0037.pos,1288,,,,0,0,8.981,1.799,,none
MC01,control,Session1,0038,data/extracted/torgo/MC01/Session1/pos/0038.pos,528,,,,0,0,9.021,1.452,,none
MC01,control,Session1,0039,data/extracted/torgo/MC01/Session1/pos/0039.pos,620,,,7,1,2,24.195,1.224,large_position_step,medium
MC01,control,Session1,0040,data/extracted/torgo/MC01/Session1/pos/0040.pos,660,,,,0,0,2.27,0.968,,none
MC01,control,Session1,0041,data/extracted/torgo/MC01/Session1/pos/0041.pos,641,,,,0,0,2.684,0.993,,none
MC01,control,Session1,0042,data/extracted/torgo/MC01/Session1/pos/0042.pos,638,,,,0,0,1.617,0.898,,none
MC01,control,Session1,0043,data/extracted/torgo/MC01/Session1/pos/0043.pos,975,,,,0,0,3.47,1.179,,none
MC01,control,Session1,0044,data/extracted/torgo/MC01/Session1/pos/0044.pos,533,,,,0,0,3.598,1.144,,none
MC01,control,Session1,0045,data/extracted/torgo/MC01/Session1/pos/0045.pos,613,,,,0,0,3.379,1.11,,none
MC01,control,Session1,0046,data/extracted/torgo/MC01/Session1/pos/0046.pos,579,,,,0,0,3.327,1.249,,none
MC01,control,Session1,0047,data/extracted/torgo/MC01/Session1/pos/0047.pos,594,,,,0,0,4.4,1.234,,none
MC01,control,Session1,0048,data/extracted/torgo/MC01/Session1/pos/0048.pos,519,,,,0,0,5.921,1.121,,none
MC01,control,Session1,0049,data/extracted/torgo/MC01/Session1/pos/0049.pos,603,,,,0,0,6.726,1.452,,none
MC01,control,Session1,0050,data/extracted/torgo/MC01/Session1/pos/0050.pos,569,,,,0,0,9.648,1.156,,none
MC01,control,Session1,0051,data/extracted/torgo/MC01/Session1/pos/0051.pos,575,,,,0,2,12.236,1.108,,none
MC01,control,Session1,0052,data/extracted/torgo/MC01/Session1/pos/0052.pos,572,,,,0,0,4.761,1.402,,none
MC01,control,Session1,0053,data/extracted/torgo/MC01/Session1/pos/0053.pos,1295,,,,0,0,3.66,1.175,,none
MC01,control,Session1,0054,data/extracted/torgo/MC01/Session1/pos/0054.pos,580,,,,0,0,3.399,0.992,,none
MC01,control,Session1,0055,data/extracted/torgo/MC01/Session1/pos/0055.pos,524,,,,0,0,1.379,0.781,,none
MC01,control,Session1,0056,data/extracted/torgo/MC01/Session1/pos/0056.pos,629,,,,0,0,1.387,0.791,,none
MC01,control,Session1,0057,data/extracted/torgo/MC01/Session1/pos/0057.pos,621,,,,0,0,1.516,0.902,,none
MC01,control,Session1,0058,data/extracted/torgo/MC01/Session1/pos/0058.pos,556,,,,0,0,1.735,0.93,,none
MC01,control,Session1,0059,data/extracted/torgo/MC01/Session1/pos/0059.pos,619,,,,0,0,2.158,0.928,,none
MC01,control,Session1,0060,data/extracted/torgo/MC01/Session1/pos/0060.pos,1010,,,,0,0,3.144,0.996,,none
MC01,control,Session1,0061,data/extracted/torgo/MC01/Session1/pos/0061.pos,1159,,,,0,0,4.228,1.267,,none
MC01,control,Session1,0062,data/extracted/torgo/MC01/Session1/pos/0062.pos,593,,,,0,0,1.703,0.802,,none
MC01,control,Session1,0063,data/extracted/torgo/MC01/Session1/pos/0063.pos,640,,,,0,0,3.996,0.732,,none
MC01,control,Session1,0064,data/extracted/torgo/MC01/Session1/pos/0064.pos,605,,,,0,0,3.255,0.846,,none
MC01,control,Session1,0065,data/extracted/torgo/MC01/Session1/pos/0065.pos,1596,,,,0,0,6.908,1.565,,none
MC01,control,Session1,0066,data/extracted/torgo/MC01/Session1/pos/0066.pos,618,,,,0,0,4.293,1.333,,none
MC01,control,Session1,0067,data/extracted/torgo/MC01/Session1/pos/0067.pos,660,,,,0,0,3.128,1.045,,none
MC01,control,Session1,0068,data/extracted/torgo/MC01/Session1/pos/0068.pos,569,,,,0,0,2.462,1.055,,none
MC01,control,Session1,0069,data/extracted/torgo/MC01/Session1/pos/0069.pos,621,,,,0,0,4.292,1.4,,none
MC01,control,Session1,0070,data/extracted/torgo/MC01/Session1/pos/0070.pos,559,,,,0,0,1.809,0.886,,none
MC01,control,Session1,0071,data/extracted/torgo/MC01/Session1/pos/0071.pos,616,,,,0,0,7.32,1.001,,none
MC01,control,Session1,0072,data/extracted/torgo/MC01/Session1/pos/0072.pos,1449,,,,0,0,2.64,0.945,,none
MC01,control,Session1,0073,data/extracted/torgo/MC01/Session1/pos/0073.pos,1191,,,,0,0,1.25,0.703,,none
MC01,control,Session1,0074,data/extracted/torgo/MC01/Session1/pos/0074.pos,583,,,,0,0,1.504,0.787,,none
MC01,control,Session1,0075,data/extracted/torgo/MC01/Session1/pos/0075.pos,617,,,,0,0,1.604,0.8,,none
MC01,control,Session1,0076,data/extracted/torgo/MC01/Session1/pos/0076.pos,558,,,,0,0,0.99,0.73,,none
MC01,control,Session1,0077,data/extracted/torgo/MC01/Session1/pos/0077.pos,1541,,,,0,0,9.993,1.036,,none
MC01,control,Session1,0078,data/extracted/torgo/MC01/Session1/pos/0078.pos,615,,,,0,0,1.291,0.734,,none
MC01,control,Session1,0079,data/extracted/torgo/MC01/Session1/pos/0079.pos,1325,,,,0,0,8.498,1.139,,none
MC01,control,Session1,0080,data/extracted/torgo/MC01/Session1/pos/0080.pos,647,,,,0,0,1.86,0.899,,none
MC01,control,Session1,0081,data/extracted/torgo/MC01/Session1/pos/0081.pos,578,,,,0,0,7.832,0.961,,none
MC01,control,Session1,0082,data/extracted/torgo/MC01/Session1/pos/0082.pos,575,,,,0,0,3.163,1.1,,none
MC01,control,Session1,0083,data/extracted/torgo/MC01/Session1/pos/0083.pos,644,,,,0,0,4.489,1.003,,none
MC01,control,Session1,0084,data/extracted/torgo/MC01/Session1/pos/0084.pos,621,,,,0,0,4.444,1.348,,none
MC01,control,Session1,0085,data/extracted/torgo/MC01/Session1/pos/0085.pos,558,,,,0,0,4.884,1.449,,none
MC01,control,Session1,0086,data/extracted/torgo/MC01/Session1/pos/0086.pos,1570,,,,0,0,3.036,1.027,,none
MC01,control,Session1,0087,data/extracted/torgo/MC01/Session1/pos/0087.pos,649,,,,0,0,1.937,0.95,,none
MC01,control,Session1,0088,data/extracted/torgo/MC01/Session1/pos/0088.pos,608,,,,0,0,6.097,1.282,,none
MC01,control,Session1,0089,data/extracted/torgo/MC01/Session1/pos/0089.pos,563,,,,0,0,2.841,1.188,,none
MC01,control,Session1,0090,data/extracted/torgo/MC01/Session1/pos/0090.pos,612,,,,0,0,2.158,0.988,,none
MC01,control,Session1,0091,data/extracted/torgo/MC01/Session1/pos/0091.pos,616,,,,0,0,1.866,0.94,,none
MC01,control,Session1,0092,data/extracted/torgo/MC01/Session1/pos/0092.pos,577,,,,0,0,5.381,1.411,,none
MC01,control,Session1,0093,data/extracted/torgo/MC01/Session1/pos/0093.pos,675,,,,0,0,8.358,1.204,,none
MC01,control,Session1,0094,data/extracted/torgo/MC01/Session1/pos/0094.pos,1345,,,,0,1,14.13,1.09,,none
MC01,control,Session1,0095,data/extracted/torgo/MC01/Session1/pos/0095.pos,1031,,,,0,1,10.477,1.28,,none
MC01,control,Session1,0096,data/extracted/torgo/MC01/Session1/pos/0096.pos,618,,,,0,0,5.508,1.147,,none
MC01,control,Session1,0097,data/extracted/torgo/MC01/Session1/pos/0097.pos,593,,,7,1,1,20.009,1.495,large_position_step,medium
MC01,control,Session1,0098,data/extracted/torgo/MC01/Session1/pos/0098.pos,594,,,,0,0,6.925,1.07,,none
MC01,control,Session1,0099,data/extracted/torgo/MC01/Session1/pos/0099.pos,614,,,,0,0,4.046,1.293,,none
MC01,control,Session1,0100,data/extracted/torgo/MC01/Session1/pos/0100.pos,611,,,,0,0,5.235,1.212,,none
MC01,control,Session1,0101,data/extracted/torgo/MC01/Session1/pos/0101.pos,1348,,,,0,0,1.943,0.992,,none
MC01,control,Session1,0102,data/extracted/torgo/MC01/Session1/pos/0102.pos,568,,,,0,0,3.63,1.092,,none
MC01,control,Session1,0103,data/extracted/torgo/MC01/Session1/pos/0103.pos,766,,,,0,0,3.698,1.251,,none
MC01,control,Session1,0104,data/extracted/torgo/MC01/Session1/pos/0104.pos,544,,,,0,1,16.919,1.327,,none
MC01,control,Session1,0105,data/extracted/torgo/MC01/Session1/pos/0105.pos,682,,,,0,0,6.435,1.508,,none
MC01,control,Session1,0106,data/extracted/torgo/MC01/Session1/pos/0106.pos,603,,,,0,0,4.62,1.081,,none
MC01,control,Session1,0107,data/extracted/torgo/MC01/Session1/pos/0107.pos,1180,,,,0,0,5.593,1.195,,none
MC01,control,Session1,0108,data/extracted/torgo/MC01/Session1/pos/0108.pos,650,,,,0,0,3.614,1.227,,none
MC01,control,Session1,0109,data/extracted/torgo/MC01/Session1/pos/0109.pos,1546,,,,0,0,5.624,1.051,,none
MC01,control,Session1,0110,data/extracted/torgo/MC01/Session1/pos/0110.pos,731,,,,0,0,3.445,0.989,,none
MC01,control,Session1,0111,data/extracted/torgo/MC01/Session1/pos/0111.pos,551,,,,0,0,1.742,0.994,,none
MC01,control,Session1,0112,data/extracted/torgo/MC01/Session1/pos/0112.pos,607,,,,0,1,12.566,1.071,,none
MC01,control,Session1,0113,data/extracted/torgo/MC01/Session1/pos/0113.pos,546,,,,0,0,1.958,1.055,,none
MC01,control,Session1,0114,data/extracted/torgo/MC01/Session1/pos/0114.pos,720,,,,0,0,3.412,0.976,,none
MC01,control,Session1,0115,data/extracted/torgo/MC01/Session1/pos/0115.pos,602,,,,0,0,2.229,1.021,,none
MC01,control,Session1,0116,data/extracted/torgo/MC01/Session1/pos/0116.pos,699,,,,0,0,9.3,1.134,,none
MC01,control,Session1,0117,data/extracted/torgo/MC01/Session1/pos/0117.pos,538,,,,0,1,12.614,1.006,,none
MC01,control,Session1,0118,data/extracted/torgo/MC01/Session1/pos/0118.pos,607,,,,0,0,6.896,1.158,,none
MC01,control,Session1,0119,data/extracted/torgo/MC01/Session1/pos/0119.pos,665,,,,0,0,3.716,1.323,,none
MC01,control,Session1,0120,data/extracted/torgo/MC01/Session1/pos/0120.pos,1351,,,7,1,2,26.368,1.345,large_position_step,medium
MC01,control,Session1,0121,data/extracted/torgo/MC01/Session1/pos/0121.pos,1191,,,,0,2,15.664,1.31,,none
MC01,control,Session1,0122,data/extracted/torgo/MC01/Session1/pos/0122.pos,534,,,,0,0,8.597,0.978,,none
MC01,control,Session1,0123,data/extracted/torgo/MC01/Session1/pos/0123.pos,1070,,,,0,2,12.549,1.393,,none
MC01,control,Session1,0124,data/extracted/torgo/MC01/Session1/pos/0124.pos,554,,,,0,1,19.222,0.882,,none
MC01,control,Session1,0125,data/extracted/torgo/MC01/Session1/pos/0125.pos,750,,,,0,3,17.412,1.06,,none
MC01,control,Session1,0126,data/extracted/torgo/MC01/Session1/pos/0126.pos,1411,,,,0,1,13.755,0.956,,none
MC01,control,Session1,0127,data/extracted/torgo/MC01/Session1/pos/0127.pos,586,,,,0,0,1.812,0.915,,none
MC01,control,Session1,0128,data/extracted/torgo/MC01/Session1/pos/0128.pos,533,,,,0,0,7.546,0.881,,none
MC01,control,Session1,0129,data/extracted/torgo/MC01/Session1/pos/0129.pos,847,,,,0,0,9.366,0.947,,none
MC01,control,Session1,0130,data/extracted/torgo/MC01/Session1/pos/0130.pos,791,,,,0,0,4.285,1.01,,none
MC01,control,Session1,0131,data/extracted/torgo/MC01/Session1/pos/0131.pos,589,,,,0,1,11.244,1.079,,none
MC01,control,Session1,0132,data/extracted/torgo/MC01/Session1/pos/0132.pos,510,,,,0,0,2.221,0.994,,none
MC01,control,Session1,0133,data/extracted/torgo/MC01/Session1/pos/0133.pos,646,,,,0,0,3.038,0.965,,none
MC01,control,Session1,0134,data/extracted/torgo/MC01/Session1/pos/0134.pos,666,,,,0,0,3.808,1.164,,none
MC01,control,Session1,0135,data/extracted/torgo/MC01/Session1/pos/0135.pos,631,,,,0,0,3.114,0.952,,none
MC01,control,Session1,0136,data/extracted/torgo/MC01/Session1/pos/0136.pos,651,,,,0,1,14.924,1.082,,none
MC01,control,Session1,0137,data/extracted/torgo/MC01/Session1/pos/0137.pos,714,,,,0,1,12.655,0.954,,none
MC01,control,Session1,0138,data/extracted/torgo/MC01/Session1/pos/0138.pos,675,,,,0,0,7.113,1.029,,none
MC01,control,Session1,0139,data/extracted/torgo/MC01/Session1/pos/0139.pos,810,,,3|7,2,3,33.753,1.355,large_position_step,medium
MC01,control,Session1,0140,data/extracted/torgo/MC01/Session1/pos/0140.pos,760,,,,0,1,11.069,1.181,,none
MC01,control,Session1,0141,data/extracted/torgo/MC01/Session1/pos/0141.pos,600,,,,0,1,13.768,0.927,,none
MC01,control,Session1,0142,data/extracted/torgo/MC01/Session1/pos/0142.pos,504,,,,0,0,4.28,1.197,,none
MC01,control,Session1,0143,data/extracted/torgo/MC01/Session1/pos/0143.pos,607,,,,0,0,8.204,1.093,,none
MC01,control,Session1,0144,data/extracted/torgo/MC01/Session1/pos/0144.pos,900,,,7,1,3,20.869,1.281,large_position_step,medium
MC01,control,Session1,0145,data/extracted/torgo/MC01/Session1/pos/0145.pos,929,,,,0,2,14.402,1.342,,none
MC01,control,Session1,0146,data/extracted/torgo/MC01/Session1/pos/0146.pos,903,,,,0,0,6.743,1.348,,none
MC01,control,Session1,0147,data/extracted/torgo/MC01/Session1/pos/0147.pos,554,,,,0,1,14.592,1.375,,none
MC01,control,Session1,0148,data/extracted/torgo/MC01/Session1/pos/0148.pos,619,,,7,1,1,21.971,1.361,large_position_step,medium
MC01,control,Session1,0149,data/extracted/torgo/MC01/Session1/pos/0149.pos,649,,,,0,2,12.5,1.428,,none
MC01,control,Session1,0150,data/extracted/torgo/MC01/Session1/pos/0150.pos,992,,,,0,3,18.953,1.446,,none
MC01,control,Session1,0151,data/extracted/torgo/MC01/Session1/pos/0151.pos,551,,,,0,0,8.736,1.283,,none
MC01,control,Session1,0152,data/extracted/torgo/MC01/Session1/pos/0152.pos,533,,,,0,0,6.774,1.288,,none
MC01,control,Session1,0153,data/extracted/torgo/MC01/Session1/pos/0153.pos,601,,,,0,1,15.639,1.392,,none
MC01,control,Session1,0154,data/extracted/torgo/MC01/Session1/pos/0154.pos,1438,,,,0,4,16.702,1.405,,none
MC01,control,Session1,0155,data/extracted/torgo/MC01/Session1/pos/0155.pos,634,,,,0,0,7.18,1.516,,none
MC01,control,Session1,0156,data/extracted/torgo/MC01/Session1/pos/0156.pos,635,,,,0,1,16.567,1.328,,none
MC01,control,Session1,0157,data/extracted/torgo/MC01/Session1/pos/0157.pos,546,,,,0,0,4.388,1.592,,none
MC01,control,Session1,0158,data/extracted/torgo/MC01/Session1/pos/0158.pos,569,,,,0,0,5.475,1.248,,none
MC01,control,Session1,0159,data/extracted/torgo/MC01/Session1/pos/0159.pos,584,,,,0,2,14.099,1.447,,none
MC01,control,Session1,0160,data/extracted/torgo/MC01/Session1/pos/0160.pos,609,,,,0,1,10.803,1.337,,none
MC01,control,Session1,0161,data/extracted/torgo/MC01/Session1/pos/0161.pos,847,,,,0,3,16.65,1.41,,none
MC01,control,Session1,0162,data/extracted/torgo/MC01/Session1/pos/0162.pos,970,,,3,1,1,20.586,1.291,large_position_step,medium
MC01,control,Session1,0163,data/extracted/torgo/MC01/Session1/pos/0163.pos,705,,,,0,1,11.31,1.214,,none
MC01,control,Session1,0164,data/extracted/torgo/MC01/Session1/pos/0164.pos,952,,,3,1,5,22.387,1.048,large_position_step,medium
MC01,control,Session1,0165,data/extracted/torgo/MC01/Session1/pos/0165.pos,589,,,,0,0,1.426,0.904,,none
MC01,control,Session1,0166,data/extracted/torgo/MC01/Session1/pos/0166.pos,550,,,,0,0,9.229,1.707,,none
MC01,control,Session1,0167,data/extracted/torgo/MC01/Session1/pos/0167.pos,971,,,,0,2,17.188,1.493,,none
MC01,control,Session1,0168,data/extracted/torgo/MC01/Session1/pos/0168.pos,590,,,,0,0,8.698,1.258,,none
MC01,control,Session1,0169,data/extracted/torgo/MC01/Session1/pos/0169.pos,555,,,7,1,1,24.777,1.173,large_position_step,medium
MC01,control,Session1,0170,data/extracted/torgo/MC01/Session1/pos/0170.pos,538,,,,0,0,6.43,1.12,,none
MC01,control,Session1,0171,data/extracted/torgo/MC01/Session1/pos/0171.pos,598,,,,0,1,10.093,1.184,,none
MC01,control,Session1,0172,data/extracted/torgo/MC01/Session1/pos/0172.pos,971,,,,0,2,14.555,1.532,,none
MC01,control,Session1,0173,data/extracted/torgo/MC01/Session1/pos/0173.pos,729,,,,0,0,9.08,1.149,,none
MC01,control,Session1,0174,data/extracted/torgo/MC01/Session1/pos/0174.pos,689,,,,0,1,13.993,1.207,,none
MC01,control,Session1,0175,data/extracted/torgo/MC01/Session1/pos/0175.pos,580,,,,0,1,13.104,1.333,,none
MC01,control,Session1,0176,data/extracted/torgo/MC01/Session1/pos/0176.pos,534,,,,0,0,3.354,1.214,,none
MC01,control,Session1,0177,data/extracted/torgo/MC01/Session1/pos/0177.pos,466,,,,0,1,13.731,1.327,,none
MC01,control,Session1,0178,data/extracted/torgo/MC01/Session1/pos/0178.pos,1279,,,,0,0,2.176,0.95,,none
MC01,control,Session1,0179,data/extracted/torgo/MC01/Session1/pos/0179.pos,608,,,,0,0,6.079,1.275,,none
MC01,control,Session1,0180,data/extracted/torgo/MC01/Session1/pos/0180.pos,923,,,,0,3,19.369,1.449,,none
MC01,control,Session1,0181,data/extracted/torgo/MC01/Session1/pos/0181.pos,688,,,,0,1,11.732,0.991,,none
MC01,control,Session1,0182,data/extracted/torgo/MC01/Session1/pos/0182.pos,952,,,,0,1,16.525,1.662,,none
MC01,control,Session1,0183,data/extracted/torgo/MC01/Session1/pos/0183.pos,673,,,,0,0,6.908,1.097,,none
MC01,control,Session1,0184,data/extracted/torgo/MC01/Session1/pos/0184.pos,957,,,,0,2,13.858,1.186,,none
MC01,control,Session1,0185,data/extracted/torgo/MC01/Session1/pos/0185.pos,952,,,,0,1,14.889,1.283,,none
MC01,control,Session1,0186,data/extracted/torgo/MC01/Session1/pos/0186.pos,482,,,,0,1,11.659,1.089,,none
MC01,control,Session1,0187,data/extracted/torgo/MC01/Session1/pos/0187.pos,634,,,,0,0,9.932,1.021,,none
MC01,control,Session1,0188,data/extracted/torgo/MC01/Session1/pos/0188.pos,486,,,,0,0,6.421,0.987,,none
MC01,control,Session1,0189,data/extracted/torgo/MC01/Session1/pos/0189.pos,499,,,7,1,1,20.05,1.311,large_position_step,medium
MC01,control,Session1,0190,data/extracted/torgo/MC01/Session1/pos/0190.pos,547,,,3,1,2,21.257,1.283,large_position_step,medium
MC01,control,Session1,0191,data/extracted/torgo/MC01/Session1/pos/0191.pos,570,,,,0,2,14.912,1.145,,none
MC01,control,Session1,0192,data/extracted/torgo/MC01/Session1/pos/0192.pos,494,,,,0,1,15.514,1.203,,none
MC01,control,Session1,0193,data/extracted/torgo/MC01/Session1/pos/0193.pos,487,,,,0,2,12.915,1.029,,none
MC01,control,Session1,0194,data/extracted/torgo/MC01/Session1/pos/0194.pos,952,,,3,1,4,21.369,1.358,large_position_step,medium
MC01,control,Session1,0195,data/extracted/torgo/MC01/Session1/pos/0195.pos,533,,,,0,0,5.359,0.964,,none
MC01,control,Session1,0196,data/extracted/torgo/MC01/Session1/pos/0196.pos,543,,,,0,2,14.134,1.078,,none
MC01,control,Session1,0197,data/extracted/torgo/MC01/Session1/pos/0197.pos,480,,,,0,0,2.952,1.042,,none
MC01,control,Session1,0198,data/extracted/torgo/MC01/Session1/pos/0198.pos,474,,,,0,0,4.186,1.358,,none
MC01,control,Session1,0199,data/extracted/torgo/MC01/Session1/pos/0199.pos,545,,,,0,1,15.291,1.263,,none
MC01,control,Session1,0200,data/extracted/torgo/MC01/Session1/pos/0200.pos,568,,,,0,1,14.398,1.24,,none
MC01,control,Session1,0201,data/extracted/torgo/MC01/Session1/pos/0201.pos,518,,,,0,0,7.484,1.179,,none
MC01,control,Session1,0202,data/extracted/torgo/MC01/Session1/pos/0202.pos,548,,,,0,2,18.345,1.143,,none
MC01,control,Session1,0203,data/extracted/torgo/MC01/Session1/pos/0203.pos,503,,,,0,0,8.206,1.157,,none
MC01,control,Session1,0204,data/extracted/torgo/MC01/Session1/pos/0204.pos,569,,,,0,0,8.589,1.33,,none
MC01,control,Session1,0205,data/extracted/torgo/MC01/Session1/pos/0205.pos,835,,,,0,5,17.089,1.467,,none
MC01,control,Session1,0206,data/extracted/torgo/MC01/Session1/pos/0206.pos,615,,,,0,2,11.134,1.573,,none
MC01,control,Session1,0207,data/extracted/torgo/MC01/Session1/pos/0207.pos,592,,,3,1,3,29.297,1.201,large_position_step,medium
MC01,control,Session1,0208,data/extracted/torgo/MC01/Session1/pos/0208.pos,488,,,3,1,1,23.964,1.27,large_position_step,medium
MC01,control,Session1,0209,data/extracted/torgo/MC01/Session1/pos/0209.pos,576,,,,0,1,11.047,1.119,,none
MC01,control,Session1,0210,data/extracted/torgo/MC01/Session1/pos/0210.pos,579,,,,0,0,4.542,1.484,,none
MC01,control,Session1,0211,data/extracted/torgo/MC01/Session1/pos/0211.pos,803,,,,0,4,19.451,1.386,,none
MC01,control,Session1,0212,data/extracted/torgo/MC01/Session1/pos/0212.pos,1044,,,,0,3,17.568,1.369,,none
MC01,control,Session1,0213,data/extracted/torgo/MC01/Session1/pos/0213.pos,545,,,,0,1,12.659,1.387,,none
MC01,control,Session1,0214,data/extracted/torgo/MC01/Session1/pos/0214.pos,1014,,,,0,0,8.802,1.356,,none
MC01,control,Session1,0215,data/extracted/torgo/MC01/Session1/pos/0215.pos,604,,,,0,2,15.882,1.17,,none
MC01,control,Session1,0216,data/extracted/torgo/MC01/Session1/pos/0216.pos,545,,,,0,0,8.654,1.407,,none
MC01,control,Session1,0217,data/extracted/torgo/MC01/Session1/pos/0217.pos,1065,,,,0,4,19.673,1.381,,none
MC01,control,Session1,0218,data/extracted/torgo/MC01/Session1/pos/0218.pos,709,,,,0,1,18.727,1.515,,none
MC01,control,Session1,0219,data/extracted/torgo/MC01/Session1/pos/0219.pos,634,,,,0,0,2.205,1.052,,none
MC01,control,Session1,0220,data/extracted/torgo/MC01/Session1/pos/0220.pos,605,,,,0,1,11.265,1.246,,none
MC01,control,Session1,0221,data/extracted/torgo/MC01/Session1/pos/0221.pos,900,,,3,1,3,26.862,1.394,large_position_step,medium
MC01,control,Session1,0222,data/extracted/torgo/MC01/Session1/pos/0222.pos,536,,,,0,0,9.081,1.463,,none
MC01,control,Session1,0223,data/extracted/torgo/MC01/Session1/pos/0223.pos,873,,,,0,3,12.694,1.5,,none
MC01,control,Session1,0224,data/extracted/torgo/MC01/Session1/pos/0224.pos,897,,,,0,2,18.852,1.491,,none
MC01,control,Session1,0225,data/extracted/torgo/MC01/Session1/pos/0225.pos,522,,,,0,0,7.44,1.451,,none
MC01,control,Session1,0226,data/extracted/torgo/MC01/Session1/pos/0226.pos,527,,,,0,0,8.514,1.321,,none
MC01,control,Session1,0227,data/extracted/torgo/MC01/Session1/pos/0227.pos,990,,,,0,2,18.841,1.537,,none
MC01,control,Session1,0228,data/extracted/torgo/MC01/Session1/pos/0228.pos,826,,,3,1,3,33.797,1.572,large_position_step,medium
MC01,control,Session1,0229,data/extracted/torgo/MC01/Session1/pos/0229.pos,652,,,,0,1,11.246,1.057,,none
MC01,control,Session1,0230,data/extracted/torgo/MC01/Session1/pos/0230.pos,524,,,,0,0,5.011,1.078,,none
MC01,control,Session1,0231,data/extracted/torgo/MC01/Session1/pos/0231.pos,577,,,3,1,2,25.204,1.333,large_position_step,medium
MC01,control,Session1,0232,data/extracted/torgo/MC01/Session1/pos/0232.pos,575,,,,0,0,9.573,1.19,,none
MC01,control,Session1,0233,data/extracted/torgo/MC01/Session1/pos/0233.pos,578,,,,0,0,9.14,1.087,,none
MC01,control,Session1,0234,data/extracted/torgo/MC01/Session1/pos/0234.pos,584,,,,0,0,1.829,0.872,,none
MC01,control,Session1,0235,data/extracted/torgo/MC01/Session1/pos/0235.pos,961,,,,0,1,10.142,1.244,,none
MC01,control,Session1,0236,data/extracted/torgo/MC01/Session1/pos/0236.pos,584,,,,0,0,2.387,1.059,,none
MC01,control,Session1,0237,data/extracted/torgo/MC01/Session1/pos/0237.pos,569,,,,0,0,2.635,1.083,,none
MC01,control,Session1,0238,data/extracted/torgo/MC01/Session1/pos/0238.pos,596,,,,0,0,9.821,1.026,,none
MC01,control,Session1,0239,data/extracted/torgo/MC01/Session1/pos/0239.pos,642,,,,0,0,7.765,1.022,,none
MC01,control,Session1,0240,data/extracted/torgo/MC01/Session1/pos/0240.pos,428,,,,0,1,17.243,1.132,,none
MC01,control,Session1,0241,data/extracted/torgo/MC01/Session1/pos/0241.pos,593,,,,0,1,11.691,1.035,,none
MC01,control,Session1,0242,data/extracted/torgo/MC01/Session1/pos/0242.pos,607,,,,0,0,3.832,1.07,,none
MC01,control,Session1,0243,data/extracted/torgo/MC01/Session1/pos/0243.pos,1050,,,3,1,3,23.208,1.208,large_position_step,medium
MC01,control,Session1,0244,data/extracted/torgo/MC01/Session1/pos/0244.pos,595,,,,0,3,13.247,1.037,,none
MC01,control,Session1,0245,data/extracted/torgo/MC01/Session1/pos/0245.pos,1193,,,3,1,2,21.795,1.361,large_position_step,medium
MC01,control,Session1,0246,data/extracted/torgo/MC01/Session1/pos/0246.pos,545,,,,0,0,4.233,1.117,,none
MC01,control,Session1,0247,data/extracted/torgo/MC01/Session1/pos/0247.pos,593,,,,0,1,11.288,1.047,,none
MC01,control,Session1,0248,data/extracted/torgo/MC01/Session1/pos/0248.pos,565,,,,0,0,2.144,1.015,,none
MC01,control,Session1,0249,data/extracted/torgo/MC01/Session1/pos/0249.pos,557,,,,0,0,1.691,1.036,,none
MC01,control,Session1,0250,data/extracted/torgo/MC01/Session1/pos/0250.pos,635,,,,0,2,14.585,1.17,,none
MC01,control,Session1,0251,data/extracted/torgo/MC01/Session1/pos/0251.pos,602,,,,0,1,16.214,1.484,,none
MC01,control,Session1,0252,data/extracted/torgo/MC01/Session1/pos/0252.pos,544,,,,0,2,15.495,1.371,,none
MC01,control,Session1,0253,data/extracted/torgo/MC01/Session1/pos/0253.pos,742,,,,0,1,15.137,1.968,,none
MC01,control,Session1,0254,data/extracted/torgo/MC01/Session1/pos/0254.pos,542,,,,0,0,6.654,1.217,,none
MC01,control,Session1,0255,data/extracted/torgo/MC01/Session1/pos/0255.pos,549,,,,0,3,11.558,1.47,,none
MC01,control,Session1,0256,data/extracted/torgo/MC01/Session1/pos/0256.pos,1025,,,3,1,1,43.442,1.477,large_position_step,medium
MC01,control,Session1,0257,data/extracted/torgo/MC01/Session1/pos/0257.pos,525,,,,0,0,6.493,1.14,,none
MC01,control,Session1,0258,data/extracted/torgo/MC01/Session1/pos/0258.pos,500,,,,0,0,3.91,0.955,,none
MC01,control,Session1,0259,data/extracted/torgo/MC01/Session1/pos/0259.pos,818,,,,0,0,9.57,1.334,,none
MC01,control,Session1,0260,data/extracted/torgo/MC01/Session1/pos/0260.pos,837,,,,0,3,16.146,1.292,,none
MC01,control,Session1,0261,data/extracted/torgo/MC01/Session1/pos/0261.pos,809,,,,0,1,11.696,1.196,,none
MC01,control,Session1,0262,data/extracted/torgo/MC01/Session1/pos/0262.pos,595,,,,0,0,4.615,1.438,,none
MC01,control,Session1,0263,data/extracted/torgo/MC01/Session1/pos/0263.pos,1046,,,,0,2,19.184,1.509,,none
MC01,control,Session1,0264,data/extracted/torgo/MC01/Session1/pos/0264.pos,631,,,3,1,2,25.547,1.237,large_position_step,medium
MC01,control,Session1,0265,data/extracted/torgo/MC01/Session1/pos/0265.pos,525,,,,0,1,14.313,1.369,,none
MC01,control,Session1,0266,data/extracted/torgo/MC01/Session1/pos/0266.pos,516,,,,0,0,4.736,1.238,,none
MC01,control,Session1,0267,data/extracted/torgo/MC01/Session1/pos/0267.pos,519,,,,0,0,9.626,1.543,,none
MC01,control,Session1,0268,data/extracted/torgo/MC01/Session1/pos/0268.pos,574,,,,0,2,19.692,1.338,,none
MC01,control,Session1,0269,data/extracted/torgo/MC01/Session1/pos/0269.pos,564,,,,0,0,5.574,1.88,,none
MC01,control,Session1,0270,data/extracted/torgo/MC01/Session1/pos/0270.pos,903,,,,0,0,9.698,1.548,,none
MC01,control,Session1,0271,data/extracted/torgo/MC01/Session1/pos/0271.pos,522,,,,0,0,1.921,1.071,,none
MC01,control,Session1,0272,data/extracted/torgo/MC01/Session1/pos/0272.pos,523,,,,0,0,3.845,1.798,,none
MC01,control,Session1,0273,data/extracted/torgo/MC01/Session1/pos/0273.pos,572,,,,0,0,8.273,1.123,,none
MC01,control,Session1,0274,data/extracted/torgo/MC01/Session1/pos/0274.pos,1122,,,3,1,5,32.812,1.286,large_position_step,medium
MC01,control,Session1,0275,data/extracted/torgo/MC01/Session1/pos/0275.pos,621,,,,0,2,17.529,1.465,,none
MC01,control,Session1,0276,data/extracted/torgo/MC01/Session1/pos/0276.pos,511,,,,0,1,14.937,1.579,,none
MC01,control,Session1,0277,data/extracted/torgo/MC01/Session1/pos/0277.pos,514,,,,0,1,13.538,1.128,,none
MC01,control,Session1,0278,data/extracted/torgo/MC01/Session1/pos/0278.pos,668,,,3,1,2,21.467,1.055,large_position_step,medium
MC01,control,Session1,0279,data/extracted/torgo/MC01/Session1/pos/0279.pos,1122,,,,0,2,19.183,1.39,,none
MC01,control,Session1,0280,data/extracted/torgo/MC01/Session1/pos/0280.pos,463,,,3,1,1,22.666,1.308,large_position_step,medium
MC01,control,Session1,0281,data/extracted/torgo/MC01/Session1/pos/0281.pos,516,,,,0,0,5.041,1.133,,none
MC01,control,Session1,0282,data/extracted/torgo/MC01/Session1/pos/0282.pos,624,,,,0,0,7.876,1.325,,none
MC01,control,Session1,0283,data/extracted/torgo/MC01/Session1/pos/0283.pos,529,,,,0,1,10.21,1.654,,none
MC01,control,Session1,0284,data/extracted/torgo/MC01/Session1/pos/0284.pos,540,,,,0,0,5.836,1.556,,none
MC01,control,Session1,0285,data/extracted/torgo/MC01/Session1/pos/0285.pos,523,,,3,1,1,23.625,1.258,large_position_step,medium
MC01,control,Session1,0286,data/extracted/torgo/MC01/Session1/pos/0286.pos,554,,,,0,1,10.301,1.391,,none
MC01,control,Session1,0287,data/extracted/torgo/MC01/Session1/pos/0287.pos,1220,,,,0,2,14.547,1.213,,none
MC01,control,Session1,0288,data/extracted/torgo/MC01/Session1/pos/0288.pos,875,,,,0,4,16.362,1.527,,none
MC01,control,Session1,0289,data/extracted/torgo/MC01/Session1/pos/0289.pos,1686,,,3,3,6,26.74,1.46,large_position_step,medium
MC01,control,Session1,0290,data/extracted/torgo/MC01/Session1/pos/0290.pos,784,,,,0,1,19.257,1.728,,none
MC01,control,Session1,0291,data/extracted/torgo/MC01/Session1/pos/0291.pos,656,,,3,1,2,20.644,1.853,large_position_step,medium
MC01,control,Session1,0292,data/extracted/torgo/MC01/Session1/pos/0292.pos,882,,,,0,0,9.145,1.146,,none
MC01,control,Session1,0293,data/extracted/torgo/MC01/Session1/pos/0293.pos,557,,,,0,0,6.302,1.093,,none
MC01,control,Session1,0294,data/extracted/torgo/MC01/Session1/pos/0294.pos,512,,,3,1,1,26.441,1.01,large_position_step,medium
MC01,control,Session1,0295,data/extracted/torgo/MC01/Session1/pos/0295.pos,567,,,,0,0,4.911,1.322,,none
MC01,control,Session1,0296,data/extracted/torgo/MC01/Session1/pos/0296.pos,898,,,,0,1,17.273,1.298,,none
MC01,control,Session1,0297,data/extracted/torgo/MC01/Session1/pos/0297.pos,569,,,,0,0,6.753,1.326,,none
MC01,control,Session1,0298,data/extracted/torgo/MC01/Session1/pos/0298.pos,560,,,3,2,2,37.045,1.591,large_position_step,medium
MC01,control,Session1,0299,data/extracted/torgo/MC01/Session1/pos/0299.pos,614,,,,0,0,3.367,1.087,,none
MC01,control,Session1,0300,data/extracted/torgo/MC01/Session1/pos/0300.pos,893,,,3,1,1,24.335,1.319,large_position_step,medium
MC01,control,Session1,0301,data/extracted/torgo/MC01/Session1/pos/0301.pos,507,,,,0,0,4.632,1.225,,none
MC01,control,Session1,0302,data/extracted/torgo/MC01/Session1/pos/0302.pos,567,,,,0,0,7.137,1.306,,none
MC01,control,Session1,0303,data/extracted/torgo/MC01/Session1/pos/0303.pos,544,,,,0,0,4.056,1.065,,none
MC01,control,Session1,0304,data/extracted/torgo/MC01/Session1/pos/0304.pos,550,,,,0,0,3.971,1.118,,none
MC01,control,Session1,0305,data/extracted/torgo/MC01/Session1/pos/0305.pos,500,,,,0,1,10.274,1.236,,none
MC01,control,Session1,0306,data/extracted/torgo/MC01/Session1/pos/0306.pos,624,,,,0,0,3.517,1.316,,none
MC01,control,Session1,0307,data/extracted/torgo/MC01/Session1/pos/0307.pos,627,,,,0,0,3.332,1.199,,none
MC01,control,Session1,0308,data/extracted/torgo/MC01/Session1/pos/0308.pos,649,,,,0,1,13.314,1.292,,none
MC01,control,Session1,0309,data/extracted/torgo/MC01/Session1/pos/0309.pos,1025,,,,0,3,18.066,1.373,,none
MC01,control,Session1,0310,data/extracted/torgo/MC01/Session1/pos/0310.pos,530,,,,0,1,11.967,1.153,,none
MC01,control,Session1,0311,data/extracted/torgo/MC01/Session1/pos/0311.pos,537,,,,0,0,3.872,1.331,,none
MC01,control,Session1,0312,data/extracted/torgo/MC01/Session1/pos/0312.pos,1601,,,3,1,3,25.031,1.504,large_position_step,medium
MC01,control,Session1,0313,data/extracted/torgo/MC01/Session1/pos/0313.pos,552,,,,0,0,5.632,1.258,,none
MC01,control,Session3,0001,data/extracted/torgo/MC01/Session3/pos/0001.pos,628,,,,0,0,7.022,1.259,,none
MC01,control,Session3,0002,data/extracted/torgo/MC01/Session3/pos/0002.pos,536,,,,0,2,12.585,1.345,,none
MC01,control,Session3,0003,data/extracted/torgo/MC01/Session3/pos/0003.pos,825,,,,0,0,2.26,1.247,,none
MC01,control,Session3,0004,data/extracted/torgo/MC01/Session3/pos/0004.pos,996,,,,0,0,7.833,1.637,,none
MC01,control,Session3,0005,data/extracted/torgo/MC01/Session3/pos/0005.pos,515,,,,0,0,2.303,1.325,,none
MC01,control,Session3,0006,data/extracted/torgo/MC01/Session3/pos/0006.pos,913,,,,0,0,9.502,1.4,,none
MC01,control,Session3,0007,data/extracted/torgo/MC01/Session3/pos/0007.pos,545,,,,0,0,6.575,1.353,,none
MC01,control,Session3,0008,data/extracted/torgo/MC01/Session3/pos/0008.pos,568,,,,0,1,11.065,1.309,,none
MC01,control,Session3,0009,data/extracted/torgo/MC01/Session3/pos/0009.pos,592,,,,0,0,2.446,1.243,,none
MC01,control,Session3,0010,data/extracted/torgo/MC01/Session3/pos/0010.pos,524,,,,0,0,1.949,1.202,,none
MC01,control,Session3,0011,data/extracted/torgo/MC01/Session3/pos/0011.pos,556,,,,0,0,2.078,1.188,,none
MC01,control,Session3,0012,data/extracted/torgo/MC01/Session3/pos/0012.pos,510,,,,0,0,8.097,1.313,,none
MC01,control,Session3,0013,data/extracted/torgo/MC01/Session3/pos/0013.pos,572,,,,0,0,8.295,1.401,,none
MC01,control,Session3,0014,data/extracted/torgo/MC01/Session3/pos/0014.pos,807,,,,0,0,5.63,1.335,,none
MC01,control,Session3,0015,data/extracted/torgo/MC01/Session3/pos/0015.pos,544,,,,0,0,7.988,1.305,,none
MC01,control,Session3,0016,data/extracted/torgo/MC01/Session3/pos/0016.pos,808,,,,0,0,4.428,1.345,,none
MC01,control,Session3,0017,data/extracted/torgo/MC01/Session3/pos/0017.pos,435,,,,0,0,2.219,1.362,,none
MC01,control,Session3,0018,data/extracted/torgo/MC01/Session3/pos/0018.pos,1421,,,,0,1,15.633,1.369,,none
MC01,control,Session3,0019,data/extracted/torgo/MC01/Session3/pos/0019.pos,1415,,,,0,1,17.996,1.3,,none
MC01,control,Session3,0020,data/extracted/torgo/MC01/Session3/pos/0020.pos,689,,,,0,0,3.037,1.325,,none
MC01,control,Session3,0021,data/extracted/torgo/MC01/Session3/pos/0021.pos,574,,,,0,0,7.19,1.381,,none
MC01,control,Session3,0022,data/extracted/torgo/MC01/Session3/pos/0022.pos,901,,,4,1,3,21.552,1.338,large_position_step,medium
MC01,control,Session3,0023,data/extracted/torgo/MC01/Session3/pos/0023.pos,1188,,,,0,2,16.894,1.256,,none
MC01,control,Session3,0024,data/extracted/torgo/MC01/Session3/pos/0024.pos,533,,,,0,1,10.053,1.284,,none
MC01,control,Session3,0025,data/extracted/torgo/MC01/Session3/pos/0025.pos,491,,,,0,0,2.394,1.334,,none
MC01,control,Session3,0026,data/extracted/torgo/MC01/Session3/pos/0026.pos,508,,,,0,0,7.498,1.426,,none
MC01,control,Session3,0027,data/extracted/torgo/MC01/Session3/pos/0027.pos,505,,,,0,0,8.48,1.344,,none
MC01,control,Session3,0028,data/extracted/torgo/MC01/Session3/pos/0028.pos,509,,,,0,0,2.1,1.259,,none
MC01,control,Session3,0029,data/extracted/torgo/MC01/Session3/pos/0029.pos,495,,,,0,0,6.221,1.318,,none
MC01,control,Session3,0030,data/extracted/torgo/MC01/Session3/pos/0030.pos,608,,,,0,0,3.901,1.316,,none
MC01,control,Session3,0031,data/extracted/torgo/MC01/Session3/pos/0031.pos,594,,,,0,2,13.401,1.352,,none
MC01,control,Session3,0032,data/extracted/torgo/MC01/Session3/pos/0032.pos,485,,,,0,0,9.812,1.238,,none
MC01,control,Session3,0033,data/extracted/torgo/MC01/Session3/pos/0033.pos,540,,,,0,1,10.039,1.245,,none
MC01,control,Session3,0034,data/extracted/torgo/MC01/Session3/pos/0034.pos,730,,,,0,3,13.687,1.344,,none
MC01,control,Session3,0035,data/extracted/torgo/MC01/Session3/pos/0035.pos,542,,,,0,0,9.112,1.346,,none
MC01,control,Session3,0036,data/extracted/torgo/MC01/Session3/pos/0036.pos,756,,,,0,3,16.797,1.345,,none
MC01,control,Session3,0037,data/extracted/torgo/MC01/Session3/pos/0037.pos,520,,,,0,0,2.749,1.33,,none
MC01,control,Session3,0038,data/extracted/torgo/MC01/Session3/pos/0038.pos,512,,,,0,1,17.068,1.457,,none
MC01,control,Session3,0039,data/extracted/torgo/MC01/Session3/pos/0039.pos,558,,,,0,1,12.084,1.244,,none
MC01,control,Session3,0040,data/extracted/torgo/MC01/Session3/pos/0040.pos,567,,,,0,0,5.554,1.345,,none
MC01,control,Session3,0041,data/extracted/torgo/MC01/Session3/pos/0041.pos,643,,,,0,0,2.3,1.333,,none
MC01,control,Session3,0042,data/extracted/torgo/MC01/Session3/pos/0042.pos,688,,,,0,0,1.951,1.209,,none
MC01,control,Session3,0043,data/extracted/torgo/MC01/Session3/pos/0043.pos,596,,,,0,0,9.798,1.289,,none
MC01,control,Session3,0044,data/extracted/torgo/MC01/Session3/pos/0044.pos,529,,,,0,0,2.306,1.304,,none
MC01,control,Session3,0045,data/extracted/torgo/MC01/Session3/pos/0045.pos,807,,,,0,1,19.949,1.433,,none
MC01,control,Session3,0046,data/extracted/torgo/MC01/Session3/pos/0046.pos,629,,,,0,0,9.371,1.302,,none
MC01,control,Session3,0047,data/extracted/torgo/MC01/Session3/pos/0047.pos,491,,,,0,1,13.826,1.411,,none
MC01,control,Session3,0048,data/extracted/torgo/MC01/Session3/pos/0048.pos,670,,,,0,1,11.22,1.301,,none
MC01,control,Session3,0049,data/extracted/torgo/MC01/Session3/pos/0049.pos,847,,,,0,1,11.817,1.414,,none
MC01,control,Session3,0050,data/extracted/torgo/MC01/Session3/pos/0050.pos,442,,,,0,0,2.824,1.212,,none
MC01,control,Session3,0051,data/extracted/torgo/MC01/Session3/pos/0051.pos,480,,,,0,1,13.308,1.333,,none
MC01,control,Session3,0052,data/extracted/torgo/MC01/Session3/pos/0052.pos,515,,,,0,0,2.212,1.292,,none
MC01,control,Session3,0053,data/extracted/torgo/MC01/Session3/pos/0053.pos,475,,,,0,2,11.069,1.351,,none
MC01,control,Session3,0054,data/extracted/torgo/MC01/Session3/pos/0054.pos,510,,,,0,0,2.886,1.343,,none
MC01,control,Session3,0055,data/extracted/torgo/MC01/Session3/pos/0055.pos,762,,,,0,1,13.139,1.4,,none
MC01,control,Session3,0056,data/extracted/torgo/MC01/Session3/pos/0056.pos,539,,,,0,0,7.681,1.299,,none
MC01,control,Session3,0057,data/extracted/torgo/MC01/Session3/pos/0057.pos,508,,,,0,0,2.427,1.316,,none
MC01,control,Session3,0058,data/extracted/torgo/MC01/Session3/pos/0058.pos,461,,,,0,0,2.447,1.417,,none
MC01,control,Session3,0059,data/extracted/torgo/MC01/Session3/pos/0059.pos,462,,,,0,0,8.337,1.331,,none
MC01,control,Session3,0060,data/extracted/torgo/MC01/Session3/pos/0060.pos,518,,,,0,1,12.5,1.279,,none
MC01,control,Session3,0061,data/extracted/torgo/MC01/Session3/pos/0061.pos,424,,,,0,0,5.527,1.411,,none
MC01,control,Session3,0062,data/extracted/torgo/MC01/Session3/pos/0062.pos,493,,,,0,0,9.035,1.331,,none
MC01,control,Session3,0063,data/extracted/torgo/MC01/Session3/pos/0063.pos,488,,,,0,0,8.704,1.267,,none
MC01,control,Session3,0064,data/extracted/torgo/MC01/Session3/pos/0064.pos,501,,,,0,0,2.155,1.27,,none
MC01,control,Session3,0065,data/extracted/torgo/MC01/Session3/pos/0065.pos,497,,,,0,0,2.122,1.258,,none
MC01,control,Session3,0066,data/extracted/torgo/MC01/Session3/pos/0066.pos,1132,,,,0,0,2.407,1.274,,none
MC01,control,Session3,0067,data/extracted/torgo/MC01/Session3/pos/0067.pos,425,,,,0,1,14.655,1.26,,none
MC01,control,Session3,0068,data/extracted/torgo/MC01/Session3/pos/0068.pos,453,,,,0,0,2.827,1.339,,none
MC01,control,Session3,0069,data/extracted/torgo/MC01/Session3/pos/0069.pos,940,,,,0,2,17.072,1.317,,none
MC01,control,Session3,0070,data/extracted/torgo/MC01/Session3/pos/0070.pos,781,,,,0,0,7.768,1.256,,none
MC01,control,Session3,0071,data/extracted/torgo/MC01/Session3/pos/0071.pos,508,,,,0,2,13.831,1.222,,none
MC01,control,Session3,0072,data/extracted/torgo/MC01/Session3/pos/0072.pos,1360,,,,0,0,9.193,1.402,,none
MC01,control,Session3,0073,data/extracted/torgo/MC01/Session3/pos/0073.pos,534,,,,0,2,12.711,1.285,,none
MC01,control,Session3,0074,data/extracted/torgo/MC01/Session3/pos/0074.pos,536,,,2,1,2,20.677,1.405,large_position_step,medium
MC01,control,Session3,0075,data/extracted/torgo/MC01/Session3/pos/0075.pos,457,,,,0,2,15.61,1.364,,none
MC01,control,Session3,0076,data/extracted/torgo/MC01/Session3/pos/0076.pos,506,,,,0,2,11.203,1.205,,none
MC01,control,Session3,0077,data/extracted/torgo/MC01/Session3/pos/0077.pos,437,,,,0,0,6.92,1.381,,none
MC01,control,Session3,0078,data/extracted/torgo/MC01/Session3/pos/0078.pos,459,,,,0,1,10.399,1.294,,none
MC01,control,Session3,0079,data/extracted/torgo/MC01/Session3/pos/0079.pos,548,,,,0,1,12.395,1.214,,none
MC01,control,Session3,0080,data/extracted/torgo/MC01/Session3/pos/0080.pos,655,,,,0,0,2.438,1.232,,none
MC01,control,Session3,0081,data/extracted/torgo/MC01/Session3/pos/0081.pos,1149,,,,0,1,14.177,1.268,,none
MC01,control,Session3,0082,data/extracted/torgo/MC01/Session3/pos/0082.pos,1538,,,,0,1,12.206,1.252,,none
MC01,control,Session3,0083,data/extracted/torgo/MC01/Session3/pos/0083.pos,1455,,,,0,0,6.779,1.301,,none
MC01,control,Session3,0084,data/extracted/torgo/MC01/Session3/pos/0084.pos,1209,,,,0,1,13.164,1.335,,none
MC01,control,Session3,0085,data/extracted/torgo/MC01/Session3/pos/0085.pos,589,,,,0,0,2.249,1.334,,none
MC01,control,Session3,0086,data/extracted/torgo/MC01/Session3/pos/0086.pos,516,,,,0,0,9.269,1.326,,none
MC01,control,Session3,0087,data/extracted/torgo/MC01/Session3/pos/0087.pos,411,,,,0,0,8.583,1.168,,none
MC01,control,Session3,0088,data/extracted/torgo/MC01/Session3/pos/0088.pos,516,,,,0,0,2.518,1.325,,none
MC01,control,Session3,0089,data/extracted/torgo/MC01/Session3/pos/0089.pos,523,,,4,1,1,31.323,1.403,large_position_step,medium
MC01,control,Session3,0090,data/extracted/torgo/MC01/Session3/pos/0090.pos,747,,,,0,1,15.554,1.352,,none
MC01,control,Session3,0091,data/extracted/torgo/MC01/Session3/pos/0091.pos,769,,,,0,1,12.184,1.252,,none
MC01,control,Session3,0092,data/extracted/torgo/MC01/Session3/pos/0092.pos,944,,,,0,1,14.223,1.272,,none
MC01,control,Session3,0093,data/extracted/torgo/MC01/Session3/pos/0093.pos,894,,,,0,1,13.911,1.314,,none
MC01,control,Session3,0094,data/extracted/torgo/MC01/Session3/pos/0094.pos,473,,,,0,0,2.13,1.167,,none
MC01,control,Session3,0095,data/extracted/torgo/MC01/Session3/pos/0095.pos,854,,,4,1,3,26.031,1.305,large_position_step,medium
MC01,control,Session3,0096,data/extracted/torgo/MC01/Session3/pos/0096.pos,458,,,4,1,1,38.946,1.328,large_position_step,medium
MC01,control,Session3,0097,data/extracted/torgo/MC01/Session3/pos/0097.pos,797,,,,0,0,2.734,1.299,,none
MC01,control,Session3,0098,data/extracted/torgo/MC01/Session3/pos/0098.pos,500,,,,0,0,2.257,1.349,,none
MC01,control,Session3,0099,data/extracted/torgo/MC01/Session3/pos/0099.pos,529,,,,0,0,3.404,1.35,,none
MC01,control,Session3,0100,data/extracted/torgo/MC01/Session3/pos/0100.pos,507,,,,0,0,2.278,1.212,,none
MC01,control,Session3,0101,data/extracted/torgo/MC01/Session3/pos/0101.pos,1519,,,,0,2,15.139,1.33,,none
MC01,control,Session3,0102,data/extracted/torgo/MC01/Session3/pos/0102.pos,627,,,,0,1,11.039,1.277,,none
MC01,control,Session3,0103,data/extracted/torgo/MC01/Session3/pos/0103.pos,440,,,,0,1,12.747,1.257,,none
MC01,control,Session3,0104,data/extracted/torgo/MC01/Session3/pos/0104.pos,469,,,,0,1,17.857,1.342,,none
MC01,control,Session3,0105,data/extracted/torgo/MC01/Session3/pos/0105.pos,434,,,,0,1,18.213,1.298,,none
MC01,control,Session3,0106,data/extracted/torgo/MC01/Session3/pos/0106.pos,1451,,,,0,0,2.278,1.301,,none
MC01,control,Session3,0107,data/extracted/torgo/MC01/Session3/pos/0107.pos,508,,,,0,0,2.147,1.221,,none
MC01,control,Session3,0108,data/extracted/torgo/MC01/Session3/pos/0108.pos,699,,,,0,2,16.714,1.305,,none
MC01,control,Session3,0109,data/extracted/torgo/MC01/Session3/pos/0109.pos,1039,,,,0,1,10.66,1.314,,none
MC01,control,Session3,0110,data/extracted/torgo/MC01/Session3/pos/0110.pos,484,,,,0,0,9.315,1.326,,none
MC01,control,Session3,0111,data/extracted/torgo/MC01/Session3/pos/0111.pos,802,,,,0,0,2.302,1.31,,none
MC01,control,Session3,0112,data/extracted/torgo/MC01/Session3/pos/0112.pos,472,,,,0,1,15.87,1.277,,none
MC01,control,Session3,0113,data/extracted/torgo/MC01/Session3/pos/0113.pos,601,,,,0,1,16.46,1.408,,none
MC01,control,Session3,0114,data/extracted/torgo/MC01/Session3/pos/0114.pos,456,,,,0,1,12.178,1.275,,none
MC01,control,Session3,0115,data/extracted/torgo/MC01/Session3/pos/0115.pos,447,,,,0,0,2.181,1.231,,none
MC01,control,Session3,0116,data/extracted/torgo/MC01/Session3/pos/0116.pos,531,,,,0,0,2.082,1.204,,none
MC01,control,Session3,0117,data/extracted/torgo/MC01/Session3/pos/0117.pos,493,,,,0,0,2.203,1.23,,none
MC01,control,Session3,0118,data/extracted/torgo/MC01/Session3/pos/0118.pos,596,,,,0,0,2.228,1.221,,none
MC01,control,Session3,0119,data/extracted/torgo/MC01/Session3/pos/0119.pos,520,,,,0,1,16.876,1.336,,none
MC01,control,Session3,0120,data/extracted/torgo/MC01/Session3/pos/0120.pos,532,,,,0,0,2.196,1.29,,none
MC01,control,Session3,0121,data/extracted/torgo/MC01/Session3/pos/0121.pos,486,,,,0,0,6.627,1.252,,none
MC01,control,Session3,0122,data/extracted/torgo/MC01/Session3/pos/0122.pos,472,,,,0,0,3.958,1.273,,none
MC01,control,Session3,0123,data/extracted/torgo/MC01/Session3/pos/0123.pos,435,,,,0,0,8.538,1.216,,none
MC01,control,Session3,0124,data/extracted/torgo/MC01/Session3/pos/0124.pos,454,,,,0,0,2.149,1.332,,none
MC01,control,Session3,0125,data/extracted/torgo/MC01/Session3/pos/0125.pos,408,,,,0,0,2.414,1.151,,none
MC01,control,Session3,0126,data/extracted/torgo/MC01/Session3/pos/0126.pos,519,,,,0,0,7.051,1.241,,none
MC01,control,Session3,0127,data/extracted/torgo/MC01/Session3/pos/0127.pos,697,,,,0,1,10.789,1.36,,none
MC01,control,Session3,0128,data/extracted/torgo/MC01/Session3/pos/0128.pos,807,,,1,2,6,243.219,1.76,large_position_step,medium
MC01,control,Session3,0129,data/extracted/torgo/MC01/Session3/pos/0129.pos,824,,,,0,2,14.389,1.481,,none
MC01,control,Session3,0130,data/extracted/torgo/MC01/Session3/pos/0130.pos,443,,,1,1,1,33.59,1.305,large_position_step,medium
MC01,control,Session3,0131,data/extracted/torgo/MC01/Session3/pos/0131.pos,537,,,1,1,1,25.13,1.396,large_position_step,medium
MC01,control,Session3,0132,data/extracted/torgo/MC01/Session3/pos/0132.pos,759,,,1|2,2,3,137.42,1.543,large_position_step,medium
MC01,control,Session3,0133,data/extracted/torgo/MC01/Session3/pos/0133.pos,563,,,,0,0,2.944,1.248,,none
MC01,control,Session3,0134,data/extracted/torgo/MC01/Session3/pos/0134.pos,517,,,,0,0,5.054,1.277,,none
MC01,control,Session3,0135,data/extracted/torgo/MC01/Session3/pos/0135.pos,602,,,,0,1,19.447,1.357,,none
MC01,control,Session3,0136,data/extracted/torgo/MC01/Session3/pos/0136.pos,536,,,,0,1,10.275,1.399,,none
MC01,control,Session3,0137,data/extracted/torgo/MC01/Session3/pos/0137.pos,737,,,,0,2,14.666,1.354,,none
MC01,control,Session3,0138,data/extracted/torgo/MC01/Session3/pos/0138.pos,603,,,,0,0,3.754,1.381,,none
MC01,control,Session3,0139,data/extracted/torgo/MC01/Session3/pos/0139.pos,484,,,,0,1,13.214,1.359,,none
MC01,control,Session3,0140,data/extracted/torgo/MC01/Session3/pos/0140.pos,441,,,,0,0,2.401,1.216,,none
MC01,control,Session3,0141,data/extracted/torgo/MC01/Session3/pos/0141.pos,585,,,,0,0,2.105,1.195,,none
MC01,control,Session3,0142,data/extracted/torgo/MC01/Session3/pos/0142.pos,469,,,,0,0,2.113,1.236,,none
MC01,control,Session3,0143,data/extracted/torgo/MC01/Session3/pos/0143.pos,481,,,,0,0,2.039,1.228,,none
MC01,control,Session3,0144,data/extracted/torgo/MC01/Session3/pos/0144.pos,436,,,,0,0,2.349,1.188,,none
MC01,control,Session3,0145,data/extracted/torgo/MC01/Session3/pos/0145.pos,502,,,,0,0,1.993,1.235,,none
MC01,control,Session3,0146,data/extracted/torgo/MC01/Session3/pos/0146.pos,485,,,,0,0,2.295,1.252,,none
MC01,control,Session3,0147,data/extracted/torgo/MC01/Session3/pos/0147.pos,839,,,,0,0,2.282,1.274,,none
MC01,control,Session3,0148,data/extracted/torgo/MC01/Session3/pos/0148.pos,893,,,,0,0,2.441,1.232,,none
MC01,control,Session3,0149,data/extracted/torgo/MC01/Session3/pos/0149.pos,502,,,,0,0,2.421,1.26,,none
MC01,control,Session3,0150,data/extracted/torgo/MC01/Session3/pos/0150.pos,571,,,,0,0,2.212,1.386,,none
MC01,control,Session3,0151,data/extracted/torgo/MC01/Session3/pos/0151.pos,526,,,,0,0,2.267,1.333,,none
MC01,control,Session3,0152,data/extracted/torgo/MC01/Session3/pos/0152.pos,975,,,,0,0,4.19,1.437,,none
MC01,control,Session3,0153,data/extracted/torgo/MC01/Session3/pos/0153.pos,496,,,,0,0,3.104,1.386,,none
MC01,control,Session3,0154,data/extracted/torgo/MC01/Session3/pos/0154.pos,533,,,,0,0,6.57,1.354,,none
MC01,control,Session3,0155,data/extracted/torgo/MC01/Session3/pos/0155.pos,505,,,,0,0,3.422,1.242,,none
MC01,control,Session3,0156,data/extracted/torgo/MC01/Session3/pos/0156.pos,975,,,,0,0,2.323,1.257,,none
MC01,control,Session3,0157,data/extracted/torgo/MC01/Session3/pos/0157.pos,578,,,,0,0,1.894,1.144,,none
MC01,control,Session3,0158,data/extracted/torgo/MC01/Session3/pos/0158.pos,490,,,,0,3,11.386,1.384,,none
MC01,control,Session3,0159,data/extracted/torgo/MC01/Session3/pos/0159.pos,558,,,,0,1,10.54,1.25,,none
MC01,control,Session3,0160,data/extracted/torgo/MC01/Session3/pos/0160.pos,536,,,,0,1,14.581,1.547,,none
MC01,control,Session3,0161,data/extracted/torgo/MC01/Session3/pos/0161.pos,533,,,,0,1,11.363,1.234,,none
MC01,control,Session3,0162,data/extracted/torgo/MC01/Session3/pos/0162.pos,493,,,,0,1,12.724,1.263,,none
MC01,control,Session3,0163,data/extracted/torgo/MC01/Session3/pos/0163.pos,737,,,,0,0,2.62,1.381,,none
MC01,control,Session3,0164,data/extracted/torgo/MC01/Session3/pos/0164.pos,418,,,,0,0,1.987,1.249,,none
MC01,control,Session3,0165,data/extracted/torgo/MC01/Session3/pos/0165.pos,915,,,,0,1,14.414,1.287,,none
MC01,control,Session3,0166,data/extracted/torgo/MC01/Session3/pos/0166.pos,1114,,,,0,1,16.5,1.295,,none
MC01,control,Session3,0167,data/extracted/torgo/MC01/Session3/pos/0167.pos,422,,,,0,0,1.985,1.243,,none
MC01,control,Session3,0168,data/extracted/torgo/MC01/Session3/pos/0168.pos,484,,,,0,0,2.54,1.305,,none
MC01,control,Session3,0169,data/extracted/torgo/MC01/Session3/pos/0169.pos,884,,,,0,0,2.441,1.344,,none
MC01,control,Session3,0170,data/extracted/torgo/MC01/Session3/pos/0170.pos,1170,,,,0,0,2.646,1.354,,none
MC01,control,Session3,0171,data/extracted/torgo/MC01/Session3/pos/0171.pos,611,,,4,1,1,25.274,1.569,large_position_step,medium
MC01,control,Session3,0172,data/extracted/torgo/MC01/Session3/pos/0172.pos,625,,,4,1,1,65.631,1.667,large_position_step,medium
MC01,control,Session3,0173,data/extracted/torgo/MC01/Session3/pos/0173.pos,607,,,,0,0,3.117,1.472,,none
MC01,control,Session3,0174,data/extracted/torgo/MC01/Session3/pos/0174.pos,530,,,,0,0,3.026,1.611,,none
MC01,control,Session3,0200,data/extracted/torgo/MC01/Session3/pos/0200.pos,421,,,,0,0,2.079,1.4,,none
MC01,control,Session3,0206,data/extracted/torgo/MC01/Session3/pos/0206.pos,472,,,,0,0,2.15,1.342,,none
MC01,control,Session3,0262,data/extracted/torgo/MC01/Session3/pos/0262.pos,455,,,,0,0,1.937,1.179,,none
MC01,control,Session3,0325,data/extracted/torgo/MC01/Session3/pos/0325.pos,418,,,,0,0,2.448,1.26,,none
MC01,control,Session3,0363,data/extracted/torgo/MC01/Session3/pos/0363.pos,453,,,,0,0,2.807,1.562,,none
MC01,control,Session3,0369,data/extracted/torgo/MC01/Session3/pos/0369.pos,433,,,,0,0,2.454,1.298,,none
MC01,control,Session3,0375,data/extracted/torgo/MC01/Session3/pos/0375.pos,430,,,,0,0,2.2,1.296,,none
MC01,control,Session3,0377,data/extracted/torgo/MC01/Session3/pos/0377.pos,433,,,,0,0,2.234,1.293,,none
MC01,control,Session3,0411,data/extracted/torgo/MC01/Session3/pos/0411.pos,411,,,,0,0,2.865,1.232,,none
MC02,control,Session1,0001,data/extracted/torgo/MC02/Session1/pos/0001.pos,2023,,,,0,0,1.219,0.693,,none
MC02,control,Session1,0002,data/extracted/torgo/MC02/Session1/pos/0002.pos,1744,,,,0,0,1.344,0.75,,none
MC02,control,Session1,0003,data/extracted/torgo/MC02/Session1/pos/0003.pos,1021,,,,0,0,0.824,0.555,,none
MC02,control,Session1,0004,data/extracted/torgo/MC02/Session1/pos/0004.pos,3136,,,,0,0,1.388,0.667,,none
MC02,control,Session1,0005,data/extracted/torgo/MC02/Session1/pos/0005.pos,1445,,,1|2|3|4|5|6|7|8|9|10|11|12,204,204,164.263,83.79,large_position_step,high
MC02,control,Session1,0006,data/extracted/torgo/MC02/Session1/pos/0006.pos,945,,,1|2|3|4|5|6|7|8|9|10|11|12,72,72,161.31,0.943,large_position_step,high
MC02,control,Session1,0007,data/extracted/torgo/MC02/Session1/pos/0007.pos,464,,,,0,0,1.536,0.712,,none
MC02,control,Session1,0008,data/extracted/torgo/MC02/Session1/pos/0008.pos,2557,,,,0,0,4.324,0.853,,none
MC02,control,Session1,0009,data/extracted/torgo/MC02/Session1/pos/0009.pos,439,,,,0,0,1.622,0.736,,none
MC02,control,Session1,0010,data/extracted/torgo/MC02/Session1/pos/0010.pos,509,,,,0,0,1.729,0.736,,none
MC02,control,Session1,0011,data/extracted/torgo/MC02/Session1/pos/0011.pos,469,,,,0,0,1.201,0.629,,none
MC02,control,Session1,0012,data/extracted/torgo/MC02/Session1/pos/0012.pos,516,,,,0,0,2.241,0.76,,none
MC02,control,Session1,0013,data/extracted/torgo/MC02/Session1/pos/0013.pos,544,,,,0,0,1.348,0.69,,none
MC02,control,Session1,0014,data/extracted/torgo/MC02/Session1/pos/0014.pos,612,,,,0,0,1.137,0.629,,none
MC02,control,Session1,0015,data/extracted/torgo/MC02/Session1/pos/0015.pos,530,,,,0,0,0.929,0.606,,none
MC02,control,Session1,0016,data/extracted/torgo/MC02/Session1/pos/0016.pos,499,,,,0,0,1.0,0.6,,none
MC02,control,Session1,0017,data/extracted/torgo/MC02/Session1/pos/0017.pos,509,,,,0,0,1.078,0.659,,none
MC02,control,Session1,0018,data/extracted/torgo/MC02/Session1/pos/0018.pos,966,,,,0,0,1.4,0.743,,none
MC02,control,Session1,0019,data/extracted/torgo/MC02/Session1/pos/0019.pos,475,,,,0,0,1.044,0.68,,none
MC02,control,Session1,0020,data/extracted/torgo/MC02/Session1/pos/0020.pos,493,,,,0,0,1.871,0.787,,none
MC02,control,Session1,0021,data/extracted/torgo/MC02/Session1/pos/0021.pos,466,,,,0,0,1.387,0.694,,none
MC02,control,Session1,0022,data/extracted/torgo/MC02/Session1/pos/0022.pos,953,,,,0,0,2.56,0.771,,none
MC02,control,Session1,0023,data/extracted/torgo/MC02/Session1/pos/0023.pos,484,,,,0,0,1.046,0.651,,none
MC02,control,Session1,0024,data/extracted/torgo/MC02/Session1/pos/0024.pos,511,,,,0,0,1.097,0.681,,none
MC02,control,Session1,0025,data/extracted/torgo/MC02/Session1/pos/0025.pos,545,,,,0,0,1.357,0.679,,none
MC02,control,Session1,0026,data/extracted/torgo/MC02/Session1/pos/0026.pos,479,,,,0,0,0.963,0.636,,none
MC02,control,Session1,0027,data/extracted/torgo/MC02/Session1/pos/0027.pos,529,,,,0,0,1.043,0.622,,none
MC02,control,Session1,0028,data/extracted/torgo/MC02/Session1/pos/0028.pos,584,,,,0,0,1.171,0.638,,none
MC02,control,Session1,0029,data/extracted/torgo/MC02/Session1/pos/0029.pos,554,,,,0,0,1.079,0.637,,none
MC02,control,Session1,0030,data/extracted/torgo/MC02/Session1/pos/0030.pos,913,,,,0,0,1.707,0.833,,none
MC02,control,Session1,0031,data/extracted/torgo/MC02/Session1/pos/0031.pos,1170,,,,0,0,1.567,0.801,,none
MC02,control,Session1,0032,data/extracted/torgo/MC02/Session1/pos/0032.pos,884,,,,0,0,1.606,0.879,,none
MC02,control,Session1,0033,data/extracted/torgo/MC02/Session1/pos/0033.pos,425,,,,0,0,2.12,0.842,,none
MC02,control,Session1,0034,data/extracted/torgo/MC02/Session1/pos/0034.pos,512,,,,0,0,1.095,0.679,,none
MC02,control,Session1,0035,data/extracted/torgo/MC02/Session1/pos/0035.pos,453,,,,0,0,1.056,0.68,,none
MC02,control,Session1,0036,data/extracted/torgo/MC02/Session1/pos/0036.pos,479,,,,0,0,1.319,0.657,,none
MC02,control,Session1,0037,data/extracted/torgo/MC02/Session1/pos/0037.pos,435,,,,0,0,1.255,0.578,,none
MC02,control,Session1,0038,data/extracted/torgo/MC02/Session1/pos/0038.pos,459,,,,0,0,1.017,0.69,,none
MC02,control,Session1,0039,data/extracted/torgo/MC02/Session1/pos/0039.pos,478,,,,0,0,1.602,0.799,,none
MC02,control,Session1,0040,data/extracted/torgo/MC02/Session1/pos/0040.pos,1263,,,,0,0,1.142,0.594,,none
MC02,control,Session1,0041,data/extracted/torgo/MC02/Session1/pos/0041.pos,468,,,,0,0,1.886,0.784,,none
MC02,control,Session1,0042,data/extracted/torgo/MC02/Session1/pos/0042.pos,459,,,,0,0,1.214,0.714,,none
MC02,control,Session1,0043,data/extracted/torgo/MC02/Session1/pos/0043.pos,477,,,,0,0,1.209,0.646,,none
MC02,control,Session1,0044,data/extracted/torgo/MC02/Session1/pos/0044.pos,538,,,,0,0,1.326,0.706,,none
MC02,control,Session1,0045,data/extracted/torgo/MC02/Session1/pos/0045.pos,1200,,,,0,0,1.46,0.654,,none
MC02,control,Session1,0046,data/extracted/torgo/MC02/Session1/pos/0046.pos,1077,,,,0,0,1.765,0.83,,none
MC02,control,Session1,0047,data/extracted/torgo/MC02/Session1/pos/0047.pos,493,,,,0,0,1.614,0.812,,none
MC02,control,Session1,0048,data/extracted/torgo/MC02/Session1/pos/0048.pos,615,,,,0,0,1.956,0.748,,none
MC02,control,Session1,0049,data/extracted/torgo/MC02/Session1/pos/0049.pos,542,,,,0,0,1.372,0.854,,none
MC02,control,Session1,0050,data/extracted/torgo/MC02/Session1/pos/0050.pos,508,,,,0,0,1.987,0.84,,none
MC02,control,Session1,0051,data/extracted/torgo/MC02/Session1/pos/0051.pos,608,,,,0,0,1.081,0.645,,none
MC02,control,Session1,0052,data/extracted/torgo/MC02/Session1/pos/0052.pos,1442,,,,0,0,1.792,0.796,,none
MC02,control,Session1,0053,data/extracted/torgo/MC02/Session1/pos/0053.pos,1021,,,,0,0,1.764,0.915,,none
MC02,control,Session1,0054,data/extracted/torgo/MC02/Session1/pos/0054.pos,537,,,,0,0,1.246,0.711,,none
MC02,control,Session1,0055,data/extracted/torgo/MC02/Session1/pos/0055.pos,511,,,,0,0,1.197,0.732,,none
MC02,control,Session1,0056,data/extracted/torgo/MC02/Session1/pos/0056.pos,519,,,,0,0,1.605,0.687,,none
MC02,control,Session1,0057,data/extracted/torgo/MC02/Session1/pos/0057.pos,604,,,,0,0,1.254,0.7,,none
MC02,control,Session1,0058,data/extracted/torgo/MC02/Session1/pos/0058.pos,417,,,,0,0,1.322,0.651,,none
MC02,control,Session1,0059,data/extracted/torgo/MC02/Session1/pos/0059.pos,569,,,,0,0,1.08,0.625,,none
MC02,control,Session1,0060,data/extracted/torgo/MC02/Session1/pos/0060.pos,592,,,,0,0,1.174,0.709,,none
MC02,control,Session1,0061,data/extracted/torgo/MC02/Session1/pos/0061.pos,506,,,,0,0,1.456,0.716,,none
MC02,control,Session1,0062,data/extracted/torgo/MC02/Session1/pos/0062.pos,893,,,,0,0,1.433,0.74,,none
MC02,control,Session1,0063,data/extracted/torgo/MC02/Session1/pos/0063.pos,535,,,,0,0,1.176,0.686,,none
MC02,control,Session1,0064,data/extracted/torgo/MC02/Session1/pos/0064.pos,521,,,,0,0,1.435,0.652,,none
MC02,control,Session1,0065,data/extracted/torgo/MC02/Session1/pos/0065.pos,469,,,,0,0,1.144,0.737,,none
MC02,control,Session1,0066,data/extracted/torgo/MC02/Session1/pos/0066.pos,545,,,,0,0,1.288,0.709,,none
MC02,control,Session1,0067,data/extracted/torgo/MC02/Session1/pos/0067.pos,1359,,,,0,0,1.035,0.624,,none
MC02,control,Session1,0068,data/extracted/torgo/MC02/Session1/pos/0068.pos,1053,,,,0,0,1.69,0.955,,none
MC02,control,Session1,0069,data/extracted/torgo/MC02/Session1/pos/0069.pos,562,,,,0,0,1.271,0.698,,none
MC02,control,Session1,0070,data/extracted/torgo/MC02/Session1/pos/0070.pos,528,,,,0,0,1.931,0.829,,none
MC02,control,Session1,0071,data/extracted/torgo/MC02/Session1/pos/0071.pos,783,,,,0,0,1.483,0.756,,none
MC02,control,Session1,0072,data/extracted/torgo/MC02/Session1/pos/0072.pos,535,,,,0,0,1.467,0.786,,none
MC02,control,Session1,0073,data/extracted/torgo/MC02/Session1/pos/0073.pos,543,,,,0,0,1.483,0.744,,none
MC02,control,Session1,0074,data/extracted/torgo/MC02/Session1/pos/0074.pos,1072,,,,0,0,1.574,0.751,,none
MC02,control,Session1,0075,data/extracted/torgo/MC02/Session1/pos/0075.pos,517,,,,0,0,1.412,0.732,,none
MC02,control,Session1,0076,data/extracted/torgo/MC02/Session1/pos/0076.pos,568,,,,0,0,1.422,0.683,,none
MC02,control,Session1,0077,data/extracted/torgo/MC02/Session1/pos/0077.pos,557,,,,0,0,2.396,0.922,,none
MC02,control,Session1,0078,data/extracted/torgo/MC02/Session1/pos/0078.pos,979,,,,0,0,1.327,0.682,,none
MC02,control,Session1,0079,data/extracted/torgo/MC02/Session1/pos/0079.pos,651,,,,0,0,1.17,0.647,,none
MC02,control,Session1,0080,data/extracted/torgo/MC02/Session1/pos/0080.pos,580,,,,0,0,1.394,0.676,,none
MC02,control,Session1,0081,data/extracted/torgo/MC02/Session1/pos/0081.pos,515,,,,0,0,1.848,0.79,,none
MC02,control,Session1,0082,data/extracted/torgo/MC02/Session1/pos/0082.pos,823,,,,0,0,1.583,0.834,,none
MC02,control,Session1,0083,data/extracted/torgo/MC02/Session1/pos/0083.pos,581,,,,0,0,2.017,0.766,,none
MC02,control,Session1,0084,data/extracted/torgo/MC02/Session1/pos/0084.pos,576,,,,0,0,1.417,0.805,,none
MC02,control,Session1,0085,data/extracted/torgo/MC02/Session1/pos/0085.pos,573,,,,0,0,1.696,0.773,,none
MC02,control,Session1,0086,data/extracted/torgo/MC02/Session1/pos/0086.pos,549,,,,0,0,1.9,0.771,,none
MC02,control,Session1,0087,data/extracted/torgo/MC02/Session1/pos/0087.pos,1250,,,,0,0,1.362,0.795,,none
MC02,control,Session1,0088,data/extracted/torgo/MC02/Session1/pos/0088.pos,858,,,,0,0,2.096,0.858,,none
MC02,control,Session1,0089,data/extracted/torgo/MC02/Session1/pos/0089.pos,614,,,,0,0,1.268,0.73,,none
MC02,control,Session1,0090,data/extracted/torgo/MC02/Session1/pos/0090.pos,512,,,,0,0,0.917,0.605,,none
MC02,control,Session1,0091,data/extracted/torgo/MC02/Session1/pos/0091.pos,677,,,,0,0,1.59,0.769,,none
MC02,control,Session1,0092,data/extracted/torgo/MC02/Session1/pos/0092.pos,649,,,,0,0,2.173,0.818,,none
MC02,control,Session1,0093,data/extracted/torgo/MC02/Session1/pos/0093.pos,566,,,,0,0,1.643,0.766,,none
MC02,control,Session1,0094,data/extracted/torgo/MC02/Session1/pos/0094.pos,576,,,,0,0,1.651,0.691,,none
MC02,control,Session1,0095,data/extracted/torgo/MC02/Session1/pos/0095.pos,570,,,,0,0,1.125,0.675,,none
MC02,control,Session1,0096,data/extracted/torgo/MC02/Session1/pos/0096.pos,1075,,,,0,0,1.574,0.884,,none
MC02,control,Session1,0097,data/extracted/torgo/MC02/Session1/pos/0097.pos,603,,,,0,0,1.361,0.666,,none
MC02,control,Session1,0098,data/extracted/torgo/MC02/Session1/pos/0098.pos,577,,,,0,0,1.306,0.675,,none
MC02,control,Session1,0099,data/extracted/torgo/MC02/Session1/pos/0099.pos,614,,,,0,0,1.243,0.637,,none
MC02,control,Session1,0100,data/extracted/torgo/MC02/Session1/pos/0100.pos,600,,,,0,0,1.053,0.595,,none
MC02,control,Session1,0101,data/extracted/torgo/MC02/Session1/pos/0101.pos,496,,,,0,0,1.781,0.774,,none
MC02,control,Session1,0102,data/extracted/torgo/MC02/Session1/pos/0102.pos,555,,,,0,0,1.675,0.768,,none
MC02,control,Session1,0103,data/extracted/torgo/MC02/Session1/pos/0103.pos,483,,,,0,0,1.634,0.688,,none
MC02,control,Session1,0104,data/extracted/torgo/MC02/Session1/pos/0104.pos,525,,,,0,0,1.001,0.623,,none
MC02,control,Session1,0105,data/extracted/torgo/MC02/Session1/pos/0105.pos,562,,,,0,0,1.276,0.676,,none
MC02,control,Session1,0106,data/extracted/torgo/MC02/Session1/pos/0106.pos,560,,,,0,0,1.276,0.685,,none
MC02,control,Session1,0107,data/extracted/torgo/MC02/Session1/pos/0107.pos,533,,,,0,1,14.754,1.014,,none
MC02,control,Session1,0108,data/extracted/torgo/MC02/Session1/pos/0108.pos,485,,,,0,0,1.824,0.666,,none
MC02,control,Session1,0109,data/extracted/torgo/MC02/Session1/pos/0109.pos,500,,,,0,0,1.523,0.729,,none
MC02,control,Session1,0110,data/extracted/torgo/MC02/Session1/pos/0110.pos,552,,,,0,0,1.31,0.72,,none
MC02,control,Session1,0111,data/extracted/torgo/MC02/Session1/pos/0111.pos,1491,,,,0,0,1.679,0.791,,none
MC02,control,Session1,0112,data/extracted/torgo/MC02/Session1/pos/0112.pos,1165,,,,0,0,1.474,0.834,,none
MC02,control,Session1,0113,data/extracted/torgo/MC02/Session1/pos/0113.pos,743,,,,0,0,1.213,0.733,,none
MC02,control,Session1,0114,data/extracted/torgo/MC02/Session1/pos/0114.pos,529,,,,0,0,1.423,0.758,,none
MC02,control,Session1,0115,data/extracted/torgo/MC02/Session1/pos/0115.pos,634,,,,0,0,1.5,0.794,,none
MC02,control,Session1,0116,data/extracted/torgo/MC02/Session1/pos/0116.pos,605,,,,0,0,1.402,0.691,,none
MC02,control,Session1,0117,data/extracted/torgo/MC02/Session1/pos/0117.pos,477,,,,0,0,1.513,0.757,,none
MC02,control,Session1,0118,data/extracted/torgo/MC02/Session1/pos/0118.pos,590,,,,0,0,1.534,0.803,,none
MC02,control,Session1,0119,data/extracted/torgo/MC02/Session1/pos/0119.pos,575,,,,0,0,1.187,0.665,,none
MC02,control,Session1,0120,data/extracted/torgo/MC02/Session1/pos/0120.pos,554,,,,0,0,2.263,0.867,,none
MC02,control,Session1,0121,data/extracted/torgo/MC02/Session1/pos/0121.pos,479,,,,0,0,1.688,0.889,,none
MC02,control,Session1,0122,data/extracted/torgo/MC02/Session1/pos/0122.pos,552,,,,0,0,1.566,0.876,,none
MC02,control,Session1,0123,data/extracted/torgo/MC02/Session1/pos/0123.pos,599,,,,0,0,4.581,0.964,,none
MC02,control,Session1,0124,data/extracted/torgo/MC02/Session1/pos/0124.pos,613,,,,0,0,1.434,0.758,,none
MC02,control,Session1,0125,data/extracted/torgo/MC02/Session1/pos/0125.pos,672,,,,0,0,1.268,0.745,,none
MC02,control,Session1,0126,data/extracted/torgo/MC02/Session1/pos/0126.pos,666,,,,0,0,1.388,0.724,,none
MC02,control,Session1,0127,data/extracted/torgo/MC02/Session1/pos/0127.pos,938,,,,0,0,1.396,0.757,,none
MC02,control,Session1,0128,data/extracted/torgo/MC02/Session1/pos/0128.pos,799,,,,0,0,1.313,0.782,,none
MC02,control,Session1,0129,data/extracted/torgo/MC02/Session1/pos/0129.pos,974,,,,0,0,2.459,0.897,,none
MC02,control,Session1,0130,data/extracted/torgo/MC02/Session1/pos/0130.pos,974,,,,0,0,1.385,0.878,,none
MC02,control,Session1,0131,data/extracted/torgo/MC02/Session1/pos/0131.pos,862,,,,0,0,1.47,0.824,,none
MC02,control,Session1,0132,data/extracted/torgo/MC02/Session1/pos/0132.pos,599,,,,0,0,1.203,0.645,,none
MC02,control,Session1,0133,data/extracted/torgo/MC02/Session1/pos/0133.pos,519,,,,0,0,1.172,0.65,,none
MC02,control,Session1,0134,data/extracted/torgo/MC02/Session1/pos/0134.pos,608,,,,0,0,1.46,0.791,,none
MC02,control,Session1,0135,data/extracted/torgo/MC02/Session1/pos/0135.pos,622,,,,0,0,1.017,0.661,,none
MC02,control,Session1,0136,data/extracted/torgo/MC02/Session1/pos/0136.pos,594,,,,0,0,1.187,0.672,,none
MC02,control,Session1,0137,data/extracted/torgo/MC02/Session1/pos/0137.pos,851,,,,0,0,1.567,0.856,,none
MC02,control,Session1,0138,data/extracted/torgo/MC02/Session1/pos/0138.pos,1265,,,,0,0,1.326,0.733,,none
MC02,control,Session1,0139,data/extracted/torgo/MC02/Session1/pos/0139.pos,531,,,,0,0,1.117,0.698,,none
MC02,control,Session1,0140,data/extracted/torgo/MC02/Session1/pos/0140.pos,581,,,,0,0,1.383,0.714,,none
MC02,control,Session1,0141,data/extracted/torgo/MC02/Session1/pos/0141.pos,864,,,,0,0,1.687,0.89,,none
MC02,control,Session1,0142,data/extracted/torgo/MC02/Session1/pos/0142.pos,573,,,,0,0,1.597,0.727,,none
MC02,control,Session1,0143,data/extracted/torgo/MC02/Session1/pos/0143.pos,533,,,,0,0,3.998,0.865,,none
MC02,control,Session1,0144,data/extracted/torgo/MC02/Session1/pos/0144.pos,585,,,,0,0,1.358,0.712,,none
MC02,control,Session1,0145,data/extracted/torgo/MC02/Session1/pos/0145.pos,832,,,,0,0,1.824,0.807,,none
MC02,control,Session1,0146,data/extracted/torgo/MC02/Session1/pos/0146.pos,773,,,,0,0,1.24,0.703,,none
MC02,control,Session1,0147,data/extracted/torgo/MC02/Session1/pos/0147.pos,563,,,,0,0,1.349,0.731,,none
MC02,control,Session1,0148,data/extracted/torgo/MC02/Session1/pos/0148.pos,642,,,,0,0,1.756,0.82,,none
MC02,control,Session1,0149,data/extracted/torgo/MC02/Session1/pos/0149.pos,537,,,,0,0,1.657,0.93,,none
MC02,control,Session1,0150,data/extracted/torgo/MC02/Session1/pos/0150.pos,603,,,,0,0,1.834,0.785,,none
MC02,control,Session1,0151,data/extracted/torgo/MC02/Session1/pos/0151.pos,615,,,10,28,45,113.178,2.616,large_position_step,high
MC02,control,Session1,0152,data/extracted/torgo/MC02/Session1/pos/0152.pos,578,,,,0,0,1.494,0.806,,none
MC02,control,Session1,0153,data/extracted/torgo/MC02/Session1/pos/0153.pos,599,,,,0,0,2.019,0.965,,none
MC02,control,Session1,0154,data/extracted/torgo/MC02/Session1/pos/0154.pos,593,,,,0,0,3.944,1.116,,none
MC02,control,Session1,0155,data/extracted/torgo/MC02/Session1/pos/0155.pos,573,,,,0,0,2.314,1.157,,none
MC02,control,Session1,0156,data/extracted/torgo/MC02/Session1/pos/0156.pos,611,,,,0,0,1.713,0.819,,none
MC02,control,Session1,0157,data/extracted/torgo/MC02/Session1/pos/0157.pos,1089,,,,0,0,2.576,1.073,,none
MC02,control,Session1,0158,data/extracted/torgo/MC02/Session1/pos/0158.pos,746,,,,0,0,2.501,0.997,,none
MC02,control,Session1,0159,data/extracted/torgo/MC02/Session1/pos/0159.pos,594,,,,0,0,1.756,0.937,,none
MC02,control,Session1,0160,data/extracted/torgo/MC02/Session1/pos/0160.pos,497,,,,0,0,1.718,0.819,,none
MC02,control,Session1,0161,data/extracted/torgo/MC02/Session1/pos/0161.pos,911,,,,0,1,11.63,1.059,,none
MC02,control,Session1,0162,data/extracted/torgo/MC02/Session1/pos/0162.pos,774,,,,0,0,2.075,0.861,,none
MC02,control,Session1,0163,data/extracted/torgo/MC02/Session1/pos/0163.pos,733,,,,0,0,2.059,0.86,,none
MC02,control,Session1,0164,data/extracted/torgo/MC02/Session1/pos/0164.pos,590,,,,0,0,1.209,0.715,,none
MC02,control,Session1,0165,data/extracted/torgo/MC02/Session1/pos/0165.pos,577,,,,0,0,1.52,0.727,,none
MC02,control,Session1,0166,data/extracted/torgo/MC02/Session1/pos/0166.pos,657,,,,0,0,2.215,1.0,,none
MC02,control,Session1,0167,data/extracted/torgo/MC02/Session1/pos/0167.pos,569,,,,0,0,2.031,1.033,,none
MC02,control,Session1,0168,data/extracted/torgo/MC02/Session1/pos/0168.pos,575,,,,0,0,1.316,0.648,,none
MC02,control,Session1,0169,data/extracted/torgo/MC02/Session1/pos/0169.pos,595,,,,0,0,2.025,0.843,,none
MC02,control,Session1,0170,data/extracted/torgo/MC02/Session1/pos/0170.pos,951,,,,0,0,2.341,1.012,,none
MC02,control,Session1,0171,data/extracted/torgo/MC02/Session1/pos/0171.pos,552,,,,0,0,2.602,1.03,,none
MC02,control,Session1,0172,data/extracted/torgo/MC02/Session1/pos/0172.pos,641,,,,0,0,2.012,1.109,,none
MC02,control,Session1,0173,data/extracted/torgo/MC02/Session1/pos/0173.pos,629,,,,0,0,2.266,0.9,,none
MC02,control,Session1,0174,data/extracted/torgo/MC02/Session1/pos/0174.pos,543,,,,0,0,3.622,0.94,,none
MC02,control,Session1,0175,data/extracted/torgo/MC02/Session1/pos/0175.pos,571,,,,0,0,1.639,0.791,,none
MC02,control,Session1,0176,data/extracted/torgo/MC02/Session1/pos/0176.pos,591,,,,0,0,2.192,1.019,,none
MC02,control,Session1,0177,data/extracted/torgo/MC02/Session1/pos/0177.pos,851,,,,0,0,2.49,1.012,,none
MC02,control,Session1,0178,data/extracted/torgo/MC02/Session1/pos/0178.pos,893,,,,0,0,5.834,1.1,,none
MC02,control,Session1,0179,data/extracted/torgo/MC02/Session1/pos/0179.pos,1028,,,,0,0,2.186,1.006,,none
MC02,control,Session1,0180,data/extracted/torgo/MC02/Session1/pos/0180.pos,604,,,,0,0,1.887,1.014,,none
MC02,control,Session1,0181,data/extracted/torgo/MC02/Session1/pos/0181.pos,665,,,,0,0,1.987,1.07,,none
MC02,control,Session1,0182,data/extracted/torgo/MC02/Session1/pos/0182.pos,542,,,,0,0,2.552,1.056,,none
MC02,control,Session1,0183,data/extracted/torgo/MC02/Session1/pos/0183.pos,722,,,,0,0,2.169,0.96,,none
MC02,control,Session1,0184,data/extracted/torgo/MC02/Session1/pos/0184.pos,586,,,,0,0,1.833,0.903,,none
MC02,control,Session1,0185,data/extracted/torgo/MC02/Session1/pos/0185.pos,652,,,,0,0,2.098,0.891,,none
MC02,control,Session1,0186,data/extracted/torgo/MC02/Session1/pos/0186.pos,560,,,,0,0,2.115,1.211,,none
MC02,control,Session1,0187,data/extracted/torgo/MC02/Session1/pos/0187.pos,546,,,,0,0,1.494,0.781,,none
MC02,control,Session1,0188,data/extracted/torgo/MC02/Session1/pos/0188.pos,584,,,,0,0,1.332,0.737,,none
MC02,control,Session1,0189,data/extracted/torgo/MC02/Session1/pos/0189.pos,575,,,,0,0,2.196,0.8,,none
MC02,control,Session1,0190,data/extracted/torgo/MC02/Session1/pos/0190.pos,557,,,,0,0,2.963,1.255,,none
MC02,control,Session1,0191,data/extracted/torgo/MC02/Session1/pos/0191.pos,614,,,,0,0,2.186,1.093,,none
MC02,control,Session1,0192,data/extracted/torgo/MC02/Session1/pos/0192.pos,529,,,,0,0,1.754,0.755,,none
MC02,control,Session1,0193,data/extracted/torgo/MC02/Session1/pos/0193.pos,587,,,,0,0,1.708,0.819,,none
MC02,control,Session1,0194,data/extracted/torgo/MC02/Session1/pos/0194.pos,636,,,,0,0,1.469,0.765,,none
MC02,control,Session1,0195,data/extracted/torgo/MC02/Session1/pos/0195.pos,955,,,,0,0,1.813,0.816,,none
MC02,control,Session1,0196,data/extracted/torgo/MC02/Session1/pos/0196.pos,550,,,,0,0,1.181,0.716,,none
MC02,control,Session1,0197,data/extracted/torgo/MC02/Session1/pos/0197.pos,623,,,,0,0,1.544,0.719,,none
MC02,control,Session1,0198,data/extracted/torgo/MC02/Session1/pos/0198.pos,575,,,,0,0,1.737,0.904,,none
MC02,control,Session1,0199,data/extracted/torgo/MC02/Session1/pos/0199.pos,700,,,,0,0,1.732,0.805,,none
MC02,control,Session1,0200,data/extracted/torgo/MC02/Session1/pos/0200.pos,594,,,,0,0,1.522,0.973,,none
MC02,control,Session1,0201,data/extracted/torgo/MC02/Session1/pos/0201.pos,570,,,,0,0,1.332,0.751,,none
MC02,control,Session1,0202,data/extracted/torgo/MC02/Session1/pos/0202.pos,646,,,,0,0,1.361,0.819,,none
MC02,control,Session1,0203,data/extracted/torgo/MC02/Session1/pos/0203.pos,484,,,,0,0,1.478,0.854,,none
MC02,control,Session1,0204,data/extracted/torgo/MC02/Session1/pos/0204.pos,469,,,,0,0,1.582,0.798,,none
MC02,control,Session1,0205,data/extracted/torgo/MC02/Session1/pos/0205.pos,542,,,,0,0,1.988,0.9,,none
MC02,control,Session1,0206,data/extracted/torgo/MC02/Session1/pos/0206.pos,576,,,,0,0,2.673,0.899,,none
MC02,control,Session1,0207,data/extracted/torgo/MC02/Session1/pos/0207.pos,513,,,,0,0,1.594,0.874,,none
MC02,control,Session1,0208,data/extracted/torgo/MC02/Session1/pos/0208.pos,542,,,,0,0,1.803,0.869,,none
MC02,control,Session1,0209,data/extracted/torgo/MC02/Session1/pos/0209.pos,749,,,,0,0,1.985,0.894,,none
MC02,control,Session1,0210,data/extracted/torgo/MC02/Session1/pos/0210.pos,728,,,2,2,4,21.696,1.015,large_position_step,medium
MC02,control,Session1,0211,data/extracted/torgo/MC02/Session1/pos/0211.pos,803,,,,0,0,1.483,0.76,,none
MC02,control,Session1,0212,data/extracted/torgo/MC02/Session1/pos/0212.pos,604,,,,0,0,9.983,0.938,,none
MC02,control,Session1,0213,data/extracted/torgo/MC02/Session1/pos/0213.pos,766,,,,0,0,1.997,0.861,,none
MC02,control,Session1,0214,data/extracted/torgo/MC02/Session1/pos/0214.pos,564,,,,0,0,2.0,0.876,,none
MC02,control,Session1,0215,data/extracted/torgo/MC02/Session1/pos/0215.pos,519,,,,0,0,1.89,0.884,,none
MC02,control,Session1,0216,data/extracted/torgo/MC02/Session1/pos/0216.pos,514,,,,0,0,1.7,0.991,,none
MC02,control,Session1,0217,data/extracted/torgo/MC02/Session1/pos/0217.pos,526,,,,0,0,1.675,0.973,,none
MC02,control,Session1,0218,data/extracted/torgo/MC02/Session1/pos/0218.pos,588,,,,0,0,1.715,0.88,,none
MC02,control,Session1,0219,data/extracted/torgo/MC02/Session1/pos/0219.pos,518,,,,0,0,2.054,0.881,,none
MC02,control,Session1,0220,data/extracted/torgo/MC02/Session1/pos/0220.pos,628,,,,0,0,1.477,0.834,,none
MC02,control,Session1,0221,data/extracted/torgo/MC02/Session1/pos/0221.pos,759,,,2,2,3,41.478,1.073,large_position_step,medium
MC02,control,Session1,0222,data/extracted/torgo/MC02/Session1/pos/0222.pos,587,,,,0,0,1.605,0.83,,none
MC02,control,Session1,0223,data/extracted/torgo/MC02/Session1/pos/0223.pos,629,,,,0,0,4.128,0.866,,none
MC02,control,Session1,0224,data/extracted/torgo/MC02/Session1/pos/0224.pos,557,,,,0,0,3.553,0.781,,none
MC02,control,Session1,0225,data/extracted/torgo/MC02/Session1/pos/0225.pos,1034,,,,0,0,4.563,0.915,,none
MC02,control,Session1,0226,data/extracted/torgo/MC02/Session1/pos/0226.pos,621,,,,0,0,1.336,0.708,,none
MC02,control,Session1,0227,data/extracted/torgo/MC02/Session1/pos/0227.pos,838,,,,0,3,18.198,0.913,,none
MC02,control,Session1,0228,data/extracted/torgo/MC02/Session1/pos/0228.pos,943,,,,0,0,1.761,0.862,,none
MC02,control,Session1,0229,data/extracted/torgo/MC02/Session1/pos/0229.pos,659,,,,0,0,1.27,0.735,,none
MC02,control,Session1,0230,data/extracted/torgo/MC02/Session1/pos/0230.pos,613,,,,0,1,11.004,0.889,,none
MC02,control,Session1,0231,data/extracted/torgo/MC02/Session1/pos/0231.pos,793,,,,0,1,18.485,1.06,,none
MC02,control,Session1,0232,data/extracted/torgo/MC02/Session1/pos/0232.pos,674,,,,0,0,1.327,0.765,,none
MC02,control,Session1,0233,data/extracted/torgo/MC02/Session1/pos/0233.pos,880,,,,0,0,2.218,0.845,,none
MC02,control,Session1,0234,data/extracted/torgo/MC02/Session1/pos/0234.pos,923,,,,0,0,1.514,0.763,,none
MC02,control,Session1,0235,data/extracted/torgo/MC02/Session1/pos/0235.pos,853,,,,0,1,10.941,0.955,,none
MC02,control,Session1,0236,data/extracted/torgo/MC02/Session1/pos/0236.pos,605,,,,0,0,1.426,0.724,,none
MC02,control,Session1,0237,data/extracted/torgo/MC02/Session1/pos/0237.pos,551,,,,0,0,1.684,0.8,,none
MC02,control,Session1,0238,data/extracted/torgo/MC02/Session1/pos/0238.pos,606,,,,0,0,1.223,0.758,,none
MC02,control,Session1,0239,data/extracted/torgo/MC02/Session1/pos/0239.pos,991,,,,0,0,1.506,0.851,,none
MC02,control,Session1,0240,data/extracted/torgo/MC02/Session1/pos/0240.pos,747,,,,0,0,2.024,0.975,,none
MC02,control,Session1,0241,data/extracted/torgo/MC02/Session1/pos/0241.pos,499,,,,0,0,1.413,0.872,,none
MC02,control,Session1,0242,data/extracted/torgo/MC02/Session1/pos/0242.pos,511,,,,0,0,2.167,0.887,,none
MC02,control,Session1,0243,data/extracted/torgo/MC02/Session1/pos/0243.pos,550,,,,0,0,1.265,0.719,,none
MC02,control,Session1,0244,data/extracted/torgo/MC02/Session1/pos/0244.pos,723,,,,0,0,2.318,0.861,,none
MC02,control,Session1,0245,data/extracted/torgo/MC02/Session1/pos/0245.pos,690,,,,0,0,1.984,0.767,,none
MC02,control,Session1,0246,data/extracted/torgo/MC02/Session1/pos/0246.pos,506,,,,0,0,1.625,0.847,,none
MC02,control,Session1,0247,data/extracted/torgo/MC02/Session1/pos/0247.pos,1388,,,,0,0,1.446,0.721,,none
MC02,control,Session1,0248,data/extracted/torgo/MC02/Session1/pos/0248.pos,577,,,,0,0,1.395,0.779,,none
MC02,control,Session1,0249,data/extracted/torgo/MC02/Session1/pos/0249.pos,639,,,,0,0,1.704,0.868,,none
MC02,control,Session1,0250,data/extracted/torgo/MC02/Session1/pos/0250.pos,877,,,,0,0,1.691,0.894,,none
MC02,control,Session1,0251,data/extracted/torgo/MC02/Session1/pos/0251.pos,937,,,,0,0,1.763,0.923,,none
MC02,control,Session1,0252,data/extracted/torgo/MC02/Session1/pos/0252.pos,1385,,,,0,1,10.084,0.883,,none
MC02,control,Session1,0253,data/extracted/torgo/MC02/Session1/pos/0253.pos,1320,,,2,1,3,25.365,1.03,large_position_step,medium
MC02,control,Session1,0254,data/extracted/torgo/MC02/Session1/pos/0254.pos,521,,,,0,0,2.051,0.925,,none
MC02,control,Session1,0255,data/extracted/torgo/MC02/Session1/pos/0255.pos,667,,,,0,0,1.995,0.839,,none
MC02,control,Session1,0256,data/extracted/torgo/MC02/Session1/pos/0256.pos,581,,,,0,0,1.782,0.84,,none
MC02,control,Session1,0257,data/extracted/torgo/MC02/Session1/pos/0257.pos,492,,,,0,0,2.01,0.905,,none
MC02,control,Session1,0258,data/extracted/torgo/MC02/Session1/pos/0258.pos,546,,,,0,0,1.984,0.889,,none
MC02,control,Session1,0259,data/extracted/torgo/MC02/Session1/pos/0259.pos,713,,,,0,1,13.351,0.895,,none
MC02,control,Session1,0260,data/extracted/torgo/MC02/Session1/pos/0260.pos,597,,,,0,0,1.959,0.896,,none
MC02,control,Session1,0261,data/extracted/torgo/MC02/Session1/pos/0261.pos,495,,,,0,0,1.511,0.823,,none
MC02,control,Session1,0262,data/extracted/torgo/MC02/Session1/pos/0262.pos,972,,,,0,0,3.145,0.99,,none
MC02,control,Session1,0263,data/extracted/torgo/MC02/Session1/pos/0263.pos,1321,,,,0,1,17.785,0.917,,none
MC02,control,Session1,0264,data/extracted/torgo/MC02/Session1/pos/0264.pos,762,,,,0,0,1.646,0.904,,none
MC02,control,Session1,0265,data/extracted/torgo/MC02/Session1/pos/0265.pos,630,,,,0,0,2.173,0.838,,none
MC02,control,Session1,0266,data/extracted/torgo/MC02/Session1/pos/0266.pos,818,,,3,1,2,32.693,0.938,large_position_step,medium
MC02,control,Session1,0267,data/extracted/torgo/MC02/Session1/pos/0267.pos,528,,,,0,0,1.59,0.864,,none
MC02,control,Session1,0268,data/extracted/torgo/MC02/Session1/pos/0268.pos,539,,,,0,0,1.608,0.766,,none
MC02,control,Session1,0269,data/extracted/torgo/MC02/Session1/pos/0269.pos,959,,,,0,0,8.712,0.87,,none
MC02,control,Session1,0270,data/extracted/torgo/MC02/Session1/pos/0270.pos,497,,,,0,1,10.505,0.85,,none
MC02,control,Session1,0271,data/extracted/torgo/MC02/Session1/pos/0271.pos,549,,,,0,0,1.327,0.806,,none
MC02,control,Session1,0272,data/extracted/torgo/MC02/Session1/pos/0272.pos,730,,,,0,0,3.474,0.911,,none
MC02,control,Session1,0273,data/extracted/torgo/MC02/Session1/pos/0273.pos,573,,,,0,0,2.393,0.891,,none
MC02,control,Session1,0274,data/extracted/torgo/MC02/Session1/pos/0274.pos,914,,,,0,0,4.388,0.877,,none
MC02,control,Session1,0275,data/extracted/torgo/MC02/Session1/pos/0275.pos,607,,,,0,0,1.233,0.723,,none
MC02,control,Session1,0276,data/extracted/torgo/MC02/Session1/pos/0276.pos,611,,,,0,0,1.287,0.702,,none
MC02,control,Session1,0277,data/extracted/torgo/MC02/Session1/pos/0277.pos,974,,,,0,0,1.82,0.782,,none
MC02,control,Session1,0278,data/extracted/torgo/MC02/Session1/pos/0278.pos,711,,,,0,1,11.383,0.859,,none
MC02,control,Session1,0279,data/extracted/torgo/MC02/Session1/pos/0279.pos,653,,,,0,0,7.51,0.744,,none
MC02,control,Session1,0280,data/extracted/torgo/MC02/Session1/pos/0280.pos,538,,,,0,0,1.144,0.715,,none
MC02,control,Session1,0281,data/extracted/torgo/MC02/Session1/pos/0281.pos,1003,,,,0,0,8.597,0.833,,none
MC02,control,Session1,0282,data/extracted/torgo/MC02/Session1/pos/0282.pos,496,,,,0,0,1.425,0.736,,none
MC02,control,Session1,0283,data/extracted/torgo/MC02/Session1/pos/0283.pos,570,,,,0,0,6.012,0.789,,none
MC02,control,Session1,0284,data/extracted/torgo/MC02/Session1/pos/0284.pos,561,,,,0,0,8.16,0.806,,none
MC02,control,Session1,0285,data/extracted/torgo/MC02/Session1/pos/0285.pos,964,,,,0,1,10.925,1.009,,none
MC02,control,Session1,0286,data/extracted/torgo/MC02/Session1/pos/0286.pos,1002,,,,0,0,1.797,0.914,,none
MC02,control,Session1,0287,data/extracted/torgo/MC02/Session1/pos/0287.pos,976,,,,0,1,13.318,0.994,,none
MC02,control,Session1,0288,data/extracted/torgo/MC02/Session1/pos/0288.pos,946,,,,0,1,19.319,0.97,,none
MC02,control,Session1,0289,data/extracted/torgo/MC02/Session1/pos/0289.pos,566,,,,0,0,6.201,0.92,,none
MC02,control,Session1,0290,data/extracted/torgo/MC02/Session1/pos/0290.pos,553,,,,0,0,1.54,0.782,,none
MC02,control,Session1,0291,data/extracted/torgo/MC02/Session1/pos/0291.pos,538,,,,0,0,5.48,0.891,,none
MC02,control,Session1,0292,data/extracted/torgo/MC02/Session1/pos/0292.pos,478,,,,0,0,2.394,0.953,,none
MC02,control,Session1,0293,data/extracted/torgo/MC02/Session1/pos/0293.pos,567,,,,0,0,1.702,0.969,,none
MC02,control,Session1,0294,data/extracted/torgo/MC02/Session1/pos/0294.pos,544,,,2,1,7,21.784,1.467,large_position_step,medium
MC02,control,Session1,0295,data/extracted/torgo/MC02/Session1/pos/0295.pos,505,,,,0,0,1.628,0.839,,none
MC02,control,Session1,0296,data/extracted/torgo/MC02/Session1/pos/0296.pos,514,,,,0,1,11.651,0.854,,none
MC02,control,Session1,0297,data/extracted/torgo/MC02/Session1/pos/0297.pos,620,,,,0,0,1.963,0.87,,none
MC02,control,Session1,0298,data/extracted/torgo/MC02/Session1/pos/0298.pos,558,,,,0,0,2.608,0.912,,none
MC02,control,Session1,0299,data/extracted/torgo/MC02/Session1/pos/0299.pos,592,,,,0,2,17.054,1.092,,none
MC02,control,Session1,0300,data/extracted/torgo/MC02/Session1/pos/0300.pos,533,,,,0,0,2.168,1.077,,none
MC02,control,Session1,0301,data/extracted/torgo/MC02/Session1/pos/0301.pos,533,,,,0,0,8.364,1.037,,none
MC02,control,Session1,0302,data/extracted/torgo/MC02/Session1/pos/0302.pos,866,,,2,1,4,34.74,0.956,large_position_step,medium
MC02,control,Session1,0303,data/extracted/torgo/MC02/Session1/pos/0303.pos,710,,,,0,0,1.604,0.844,,none
MC02,control,Session1,0304,data/extracted/torgo/MC02/Session1/pos/0304.pos,880,,,,0,2,12.615,0.973,,none
MC02,control,Session1,0305,data/extracted/torgo/MC02/Session1/pos/0305.pos,623,,,,0,2,14.28,0.927,,none
MC02,control,Session1,0306,data/extracted/torgo/MC02/Session1/pos/0306.pos,536,,,,0,1,13.667,0.939,,none
MC02,control,Session1,0307,data/extracted/torgo/MC02/Session1/pos/0307.pos,546,,,,0,0,1.542,0.838,,none
MC02,control,Session1,0308,data/extracted/torgo/MC02/Session1/pos/0308.pos,582,,,,0,0,7.13,0.784,,none
MC02,control,Session1,0309,data/extracted/torgo/MC02/Session1/pos/0309.pos,495,,,,0,0,1.673,0.851,,none
MC02,control,Session1,0310,data/extracted/torgo/MC02/Session1/pos/0310.pos,928,,,,0,0,8.396,0.814,,none
MC02,control,Session1,0311,data/extracted/torgo/MC02/Session1/pos/0311.pos,747,,,,0,2,13.64,0.875,,none
MC02,control,Session1,0312,data/extracted/torgo/MC02/Session1/pos/0312.pos,605,,,,0,0,1.981,0.821,,none
MC02,control,Session1,0313,data/extracted/torgo/MC02/Session1/pos/0313.pos,587,,,,0,0,2.057,0.89,,none
MC02,control,Session1,0314,data/extracted/torgo/MC02/Session1/pos/0314.pos,1632,,,,0,3,14.972,1.074,,none
MC02,control,Session1,0315,data/extracted/torgo/MC02/Session1/pos/0315.pos,1554,,,,0,2,11.768,1.195,,none
MC02,control,Session1,0316,data/extracted/torgo/MC02/Session1/pos/0316.pos,521,,,,0,0,2.043,0.979,,none
MC02,control,Session1,0317,data/extracted/torgo/MC02/Session1/pos/0317.pos,878,,,,0,2,19.588,0.881,,none
MC02,control,Session1,0318,data/extracted/torgo/MC02/Session1/pos/0318.pos,515,,,,0,0,1.903,0.822,,none
MC02,control,Session1,0319,data/extracted/torgo/MC02/Session1/pos/0319.pos,1196,,,,0,0,6.951,0.985,,none
MC02,control,Session1,0320,data/extracted/torgo/MC02/Session1/pos/0320.pos,931,,,,0,1,11.302,1.034,,none
MC02,control,Session1,0321,data/extracted/torgo/MC02/Session1/pos/0321.pos,522,,,,0,0,6.998,0.951,,none
MC02,control,Session1,0322,data/extracted/torgo/MC02/Session1/pos/0322.pos,532,,,,0,0,1.814,0.876,,none
MC02,control,Session1,0323,data/extracted/torgo/MC02/Session1/pos/0323.pos,541,,,,0,0,1.744,0.831,,none
MC02,control,Session1,0324,data/extracted/torgo/MC02/Session1/pos/0324.pos,606,,,,0,0,4.517,0.998,,none
MC02,control,Session1,0325,data/extracted/torgo/MC02/Session1/pos/0325.pos,627,,,,0,0,7.381,0.899,,none
MC02,control,Session1,0326,data/extracted/torgo/MC02/Session1/pos/0326.pos,650,,,,0,1,10.382,0.858,,none
MC02,control,Session1,0327,data/extracted/torgo/MC02/Session1/pos/0327.pos,538,,,,0,0,1.78,0.864,,none
MC02,control,Session1,0328,data/extracted/torgo/MC02/Session1/pos/0328.pos,526,,,,0,1,11.238,0.91,,none
MC02,control,Session1,0329,data/extracted/torgo/MC02/Session1/pos/0329.pos,572,,,,0,0,1.524,0.767,,none
MC02,control,Session1,0330,data/extracted/torgo/MC02/Session1/pos/0330.pos,569,,,,0,0,9.881,0.869,,none
MC02,control,Session1,0331,data/extracted/torgo/MC02/Session1/pos/0331.pos,742,,,,0,1,14.012,0.863,,none
MC02,control,Session1,0332,data/extracted/torgo/MC02/Session1/pos/0332.pos,755,,,,0,0,9.523,0.977,,none
MC02,control,Session1,0333,data/extracted/torgo/MC02/Session1/pos/0333.pos,818,,,,0,0,7.475,0.915,,none
MC02,control,Session1,0334,data/extracted/torgo/MC02/Session1/pos/0334.pos,536,,,,0,0,2.274,0.859,,none
MC02,control,Session1,0335,data/extracted/torgo/MC02/Session1/pos/0335.pos,541,,,,0,0,1.618,0.837,,none
MC02,control,Session1,0336,data/extracted/torgo/MC02/Session1/pos/0336.pos,523,,,,0,0,1.602,0.851,,none
MC02,control,Session1,0337,data/extracted/torgo/MC02/Session1/pos/0337.pos,564,,,,0,0,2.029,0.894,,none
MC02,control,Session1,0338,data/extracted/torgo/MC02/Session1/pos/0338.pos,587,,,,0,0,2.303,0.908,,none
MC02,control,Session1,0339,data/extracted/torgo/MC02/Session1/pos/0339.pos,795,,,,0,0,7.528,0.872,,none
MC02,control,Session1,0340,data/extracted/torgo/MC02/Session1/pos/0340.pos,487,,,,0,0,1.486,0.782,,none
MC02,control,Session1,0341,data/extracted/torgo/MC02/Session1/pos/0341.pos,528,,,,0,2,11.711,0.931,,none
MC02,control,Session1,0342,data/extracted/torgo/MC02/Session1/pos/0342.pos,647,,,2,2,3,44.693,1.186,large_position_step,medium
MC02,control,Session1,0343,data/extracted/torgo/MC02/Session1/pos/0343.pos,510,,,2,1,1,27.109,1.055,large_position_step,medium
MC02,control,Session1,0344,data/extracted/torgo/MC02/Session1/pos/0344.pos,504,,,,0,0,2.168,0.863,,none
MC02,control,Session1,0345,data/extracted/torgo/MC02/Session1/pos/0345.pos,595,,,,0,0,8.691,0.87,,none
MC02,control,Session1,0346,data/extracted/torgo/MC02/Session1/pos/0346.pos,484,,,,0,0,9.541,0.778,,none
MC02,control,Session1,0347,data/extracted/torgo/MC02/Session1/pos/0347.pos,562,,,,0,1,10.741,0.815,,none
MC02,control,Session1,0348,data/extracted/torgo/MC02/Session1/pos/0348.pos,582,,,,0,0,9.961,0.94,,none
MC02,control,Session1,0349,data/extracted/torgo/MC02/Session1/pos/0349.pos,497,,,,0,0,7.801,0.86,,none
MC02,control,Session1,0350,data/extracted/torgo/MC02/Session1/pos/0350.pos,502,,,,0,0,1.44,0.793,,none
MC02,control,Session1,0351,data/extracted/torgo/MC02/Session1/pos/0351.pos,456,,,,0,2,11.829,0.821,,none
MC02,control,Session1,0352,data/extracted/torgo/MC02/Session1/pos/0352.pos,436,,,,0,0,1.585,0.818,,none
MC02,control,Session1,0353,data/extracted/torgo/MC02/Session1/pos/0353.pos,504,,,,0,0,1.27,0.742,,none
MC02,control,Session1,0354,data/extracted/torgo/MC02/Session1/pos/0354.pos,499,,,,0,2,12.685,0.854,,none
MC02,control,Session1,0355,data/extracted/torgo/MC02/Session1/pos/0355.pos,545,,,,0,0,1.339,0.776,,none
MC02,control,Session1,0356,data/extracted/torgo/MC02/Session1/pos/0356.pos,672,,,,0,1,11.678,0.932,,none
MC02,control,Session1,0357,data/extracted/torgo/MC02/Session1/pos/0357.pos,494,,,,0,0,9.951,0.865,,none
MC02,control,Session1,0358,data/extracted/torgo/MC02/Session1/pos/0358.pos,488,,,,0,1,10.909,0.791,,none
MC02,control,Session1,0359,data/extracted/torgo/MC02/Session1/pos/0359.pos,1243,,,,0,1,11.045,0.972,,none
MC02,control,Session1,0360,data/extracted/torgo/MC02/Session1/pos/0360.pos,425,,,,0,0,1.367,0.849,,none
MC02,control,Session1,0361,data/extracted/torgo/MC02/Session1/pos/0361.pos,789,,,2,1,5,35.782,1.075,large_position_step,medium
MC02,control,Session1,0362,data/extracted/torgo/MC02/Session1/pos/0362.pos,920,,,,0,0,2.185,0.976,,none
MC02,control,Session1,0363,data/extracted/torgo/MC02/Session1/pos/0363.pos,558,,,2,1,3,55.333,1.129,large_position_step,medium
MC02,control,Session1,0364,data/extracted/torgo/MC02/Session1/pos/0364.pos,478,,,,0,0,1.885,0.831,,none
MC02,control,Session1,0365,data/extracted/torgo/MC02/Session1/pos/0365.pos,544,,,,0,0,2.853,0.868,,none
MC02,control,Session1,0366,data/extracted/torgo/MC02/Session1/pos/0366.pos,515,,,,0,0,7.478,0.886,,none
MC02,control,Session1,0367,data/extracted/torgo/MC02/Session1/pos/0367.pos,953,,,,0,3,12.426,0.964,,none
MC02,control,Session1,0368,data/extracted/torgo/MC02/Session1/pos/0368.pos,492,,,,0,1,10.128,0.88,,none
MC02,control,Session1,0369,data/extracted/torgo/MC02/Session1/pos/0369.pos,461,,,,0,0,1.212,0.791,,none
MC02,control,Session1,0370,data/extracted/torgo/MC02/Session1/pos/0370.pos,850,,,,0,6,14.947,0.912,,none
MC02,control,Session1,0371,data/extracted/torgo/MC02/Session1/pos/0371.pos,1237,,,,0,0,1.394,0.752,,none
MC02,control,Session1,0372,data/extracted/torgo/MC02/Session1/pos/0372.pos,663,,,,0,1,11.21,0.841,,none
MC02,control,Session1,0373,data/extracted/torgo/MC02/Session1/pos/0373.pos,616,,,,0,2,16.942,0.77,,none
MC02,control,Session1,0374,data/extracted/torgo/MC02/Session1/pos/0374.pos,525,,,,0,0,4.863,0.87,,none
MC02,control,Session1,0375,data/extracted/torgo/MC02/Session1/pos/0375.pos,553,,,,0,0,8.246,0.832,,none
MC02,control,Session1,0376,data/extracted/torgo/MC02/Session1/pos/0376.pos,940,,,3,1,5,43.474,1.179,large_position_step,medium
MC02,control,Session1,0377,data/extracted/torgo/MC02/Session1/pos/0377.pos,952,,,3,2,7,33.196,1.139,large_position_step,medium
MC02,control,Session1,0378,data/extracted/torgo/MC02/Session1/pos/0378.pos,842,,,2,1,4,21.031,1.12,large_position_step,medium
MC02,control,Session1,0379,data/extracted/torgo/MC02/Session1/pos/0379.pos,793,,,,0,3,11.969,1.148,,none
MC02,control,Session1,0380,data/extracted/torgo/MC02/Session1/pos/0380.pos,968,,,2,1,6,23.427,1.464,large_position_step,medium
MC02,control,Session1,0381,data/extracted/torgo/MC02/Session1/pos/0381.pos,721,,,2,1,1,22.697,0.951,large_position_step,medium
MC02,control,Session1,0382,data/extracted/torgo/MC02/Session1/pos/0382.pos,589,,,,0,3,13.453,0.913,,none
MC02,control,Session1,0383,data/extracted/torgo/MC02/Session1/pos/0383.pos,940,,,,0,1,18.082,0.914,,none
MC02,control,Session1,0384,data/extracted/torgo/MC02/Session1/pos/0384.pos,786,,,,0,2,16.267,1.11,,none
MC02,control,Session1,0385,data/extracted/torgo/MC02/Session1/pos/0385.pos,538,,,,0,0,2.125,1.017,,none
MC02,control,Session1,0386,data/extracted/torgo/MC02/Session1/pos/0386.pos,591,,,2,1,2,20.029,1.375,large_position_step,medium
MC02,control,Session1,0387,data/extracted/torgo/MC02/Session1/pos/0387.pos,493,,,,0,0,9.603,1.057,,none
MC02,control,Session1,0388,data/extracted/torgo/MC02/Session1/pos/0388.pos,544,,,,0,0,8.04,0.879,,none
MC02,control,Session2,0004,data/extracted/torgo/MC02/Session2/pos/0004.pos,543,,,,0,0,0.971,0.622,,none
MC02,control,Session2,0005,data/extracted/torgo/MC02/Session2/pos/0005.pos,500,,,,0,0,2.588,0.695,,none
MC02,control,Session2,0006,data/extracted/torgo/MC02/Session2/pos/0006.pos,603,,,,0,0,2.952,0.698,,none
MC02,control,Session2,0007,data/extracted/torgo/MC02/Session2/pos/0007.pos,959,,,,0,0,9.035,0.818,,none
MC02,control,Session2,0008,data/extracted/torgo/MC02/Session2/pos/0008.pos,526,,,,0,0,1.823,0.707,,none
MC02,control,Session2,0009,data/extracted/torgo/MC02/Session2/pos/0009.pos,842,,,,0,0,2.925,0.919,,none
MC02,control,Session2,0010,data/extracted/torgo/MC02/Session2/pos/0010.pos,884,,,,0,0,1.911,0.788,,none
MC02,control,Session2,0011,data/extracted/torgo/MC02/Session2/pos/0011.pos,1145,,,,0,0,7.781,0.875,,none
MC02,control,Session2,0012,data/extracted/torgo/MC02/Session2/pos/0012.pos,621,,,,0,0,1.023,0.626,,none
MC02,control,Session2,0013,data/extracted/torgo/MC02/Session2/pos/0013.pos,1122,,,,0,1,11.508,0.843,,none
MC02,control,Session2,0014,data/extracted/torgo/MC02/Session2/pos/0014.pos,612,,,,0,0,0.969,0.667,,none
MC02,control,Session2,0015,data/extracted/torgo/MC02/Session2/pos/0015.pos,698,,,,0,0,1.172,0.667,,none
MC02,control,Session2,0016,data/extracted/torgo/MC02/Session2/pos/0016.pos,640,,,,0,0,1.127,0.649,,none
MC02,control,Session2,0017,data/extracted/torgo/MC02/Session2/pos/0017.pos,970,,,,0,0,2.195,0.899,,none
MC02,control,Session2,0018,data/extracted/torgo/MC02/Session2/pos/0018.pos,1033,,,,0,0,1.401,0.733,,none
MC02,control,Session2,0019,data/extracted/torgo/MC02/Session2/pos/0019.pos,574,,,,0,1,13.85,0.77,,none
MC02,control,Session2,0020,data/extracted/torgo/MC02/Session2/pos/0020.pos,672,,,,0,0,1.816,0.672,,none
MC02,control,Session2,0021,data/extracted/torgo/MC02/Session2/pos/0021.pos,664,,,,0,0,1.331,0.688,,none
MC02,control,Session2,0022,data/extracted/torgo/MC02/Session2/pos/0022.pos,631,,,,0,0,1.338,0.764,,none
MC02,control,Session2,0023,data/extracted/torgo/MC02/Session2/pos/0023.pos,643,,,,0,1,18.666,0.687,,none
MC02,control,Session2,0024,data/extracted/torgo/MC02/Session2/pos/0024.pos,791,,,,0,0,1.474,0.679,,none
MC02,control,Session2,0025,data/extracted/torgo/MC02/Session2/pos/0025.pos,449,,,,0,0,1.144,0.651,,none
MC02,control,Session2,0026,data/extracted/torgo/MC02/Session2/pos/0026.pos,497,,,,0,0,1.165,0.625,,none
MC02,control,Session2,0027,data/extracted/torgo/MC02/Session2/pos/0027.pos,595,,,,0,0,3.632,0.652,,none
MC02,control,Session2,0028,data/extracted/torgo/MC02/Session2/pos/0028.pos,1034,,,,0,2,16.855,0.897,,none
MC02,control,Session2,0029,data/extracted/torgo/MC02/Session2/pos/0029.pos,555,,,,0,0,1.538,0.65,,none
MC02,control,Session2,0030,data/extracted/torgo/MC02/Session2/pos/0030.pos,481,,,,0,0,2.879,0.743,,none
MC02,control,Session2,0031,data/extracted/torgo/MC02/Session2/pos/0031.pos,578,,,,0,0,1.489,0.71,,none
MC02,control,Session2,0032,data/extracted/torgo/MC02/Session2/pos/0032.pos,607,,,,0,0,2.942,0.708,,none
MC02,control,Session2,0033,data/extracted/torgo/MC02/Session2/pos/0033.pos,552,,,,0,0,7.358,0.726,,none
MC02,control,Session2,0034,data/extracted/torgo/MC02/Session2/pos/0034.pos,611,,,,0,0,1.638,0.704,,none
MC02,control,Session2,0035,data/extracted/torgo/MC02/Session2/pos/0035.pos,919,,,,0,0,1.246,0.779,,none
MC02,control,Session2,0036,data/extracted/torgo/MC02/Session2/pos/0036.pos,534,,,,0,0,1.236,0.648,,none
MC02,control,Session2,0037,data/extracted/torgo/MC02/Session2/pos/0037.pos,537,,,,0,2,12.867,0.7,,none
MC02,control,Session2,0038,data/extracted/torgo/MC02/Session2/pos/0038.pos,575,,,,0,0,1.03,0.655,,none
MC02,control,Session2,0039,data/extracted/torgo/MC02/Session2/pos/0039.pos,577,,,,0,0,3.286,0.826,,none
MC02,control,Session2,0040,data/extracted/torgo/MC02/Session2/pos/0040.pos,792,,,1,1,2,20.772,0.896,large_position_step,medium
MC02,control,Session2,0041,data/extracted/torgo/MC02/Session2/pos/0041.pos,992,,,,0,0,2.607,0.811,,none
MC02,control,Session2,0042,data/extracted/torgo/MC02/Session2/pos/0042.pos,584,,,,0,0,3.185,0.648,,none
MC02,control,Session2,0043,data/extracted/torgo/MC02/Session2/pos/0043.pos,933,,,,0,0,3.747,0.863,,none
MC02,control,Session2,0044,data/extracted/torgo/MC02/Session2/pos/0044.pos,569,,,,0,0,1.409,0.695,,none
MC02,control,Session2,0045,data/extracted/torgo/MC02/Session2/pos/0045.pos,512,,,,0,0,1.101,0.658,,none
MC02,control,Session2,0046,data/extracted/torgo/MC02/Session2/pos/0046.pos,541,,,,0,0,2.169,0.799,,none
MC02,control,Session2,0047,data/extracted/torgo/MC02/Session2/pos/0047.pos,589,,,,0,0,1.349,0.689,,none
MC02,control,Session2,0048,data/extracted/torgo/MC02/Session2/pos/0048.pos,919,,,1,1,4,24.512,0.78,large_position_step,medium
MC02,control,Session2,0049,data/extracted/torgo/MC02/Session2/pos/0049.pos,835,,,,0,0,1.592,0.768,,none
MC02,control,Session2,0050,data/extracted/torgo/MC02/Session2/pos/0050.pos,564,,,,0,0,1.22,0.667,,none
MC02,control,Session2,0051,data/extracted/torgo/MC02/Session2/pos/0051.pos,894,,,,0,1,11.055,0.825,,none
MC02,control,Session2,0052,data/extracted/torgo/MC02/Session2/pos/0052.pos,584,,,,0,0,1.058,0.65,,none
MC02,control,Session2,0053,data/extracted/torgo/MC02/Session2/pos/0053.pos,661,,,,0,0,1.141,0.664,,none
MC02,control,Session2,0054,data/extracted/torgo/MC02/Session2/pos/0054.pos,585,,,,0,1,10.916,0.655,,none
MC02,control,Session2,0055,data/extracted/torgo/MC02/Session2/pos/0055.pos,1251,,,,0,0,2.029,0.893,,none
MC02,control,Session2,0056,data/extracted/torgo/MC02/Session2/pos/0056.pos,542,,,,0,0,9.017,0.727,,none
MC02,control,Session2,0057,data/extracted/torgo/MC02/Session2/pos/0057.pos,600,,,1,1,1,33.0,1.186,large_position_step,medium
MC02,control,Session2,0058,data/extracted/torgo/MC02/Session2/pos/0058.pos,714,,,,0,2,13.47,1.638,,none
MC02,control,Session2,0059,data/extracted/torgo/MC02/Session2/pos/0059.pos,1134,,,1,1,4,26.371,1.342,large_position_step,medium
MC02,control,Session2,0060,data/extracted/torgo/MC02/Session2/pos/0060.pos,605,,,1,1,2,44.056,0.822,large_position_step,medium
MC02,control,Session2,0061,data/extracted/torgo/MC02/Session2/pos/0061.pos,541,,,,0,0,1.281,0.72,,none
MC02,control,Session2,0062,data/extracted/torgo/MC02/Session2/pos/0062.pos,1325,,,,0,0,9.916,1.048,,none
MC02,control,Session2,0063,data/extracted/torgo/MC02/Session2/pos/0063.pos,613,,,,0,0,2.11,0.847,,none
MC02,control,Session2,0064,data/extracted/torgo/MC02/Session2/pos/0064.pos,571,,,,0,0,1.089,0.671,,none
MC02,control,Session2,0065,data/extracted/torgo/MC02/Session2/pos/0065.pos,567,,,,0,0,1.123,0.677,,none
MC02,control,Session2,0066,data/extracted/torgo/MC02/Session2/pos/0066.pos,626,,,,0,0,3.394,0.751,,none
MC02,control,Session2,0067,data/extracted/torgo/MC02/Session2/pos/0067.pos,583,,,,0,0,2.02,0.722,,none
MC02,control,Session2,0068,data/extracted/torgo/MC02/Session2/pos/0068.pos,588,,,,0,0,1.38,0.685,,none
MC02,control,Session2,0069,data/extracted/torgo/MC02/Session2/pos/0069.pos,858,,,,0,0,1.417,0.84,,none
MC02,control,Session2,0070,data/extracted/torgo/MC02/Session2/pos/0070.pos,488,,,,0,0,1.352,0.661,,none
MC02,control,Session2,0071,data/extracted/torgo/MC02/Session2/pos/0071.pos,556,,,,0,0,1.134,0.651,,none
MC02,control,Session2,0072,data/extracted/torgo/MC02/Session2/pos/0072.pos,522,,,,0,0,1.211,0.682,,none
MC02,control,Session2,0073,data/extracted/torgo/MC02/Session2/pos/0073.pos,577,,,,0,0,0.997,0.629,,none
MC02,control,Session2,0074,data/extracted/torgo/MC02/Session2/pos/0074.pos,532,,,,0,0,1.203,0.644,,none
MC02,control,Session2,0075,data/extracted/torgo/MC02/Session2/pos/0075.pos,547,,,,0,0,1.295,0.625,,none
MC02,control,Session2,0076,data/extracted/torgo/MC02/Session2/pos/0076.pos,607,,,,0,0,1.064,0.615,,none
MC02,control,Session2,0077,data/extracted/torgo/MC02/Session2/pos/0077.pos,698,,,,0,0,4.097,0.829,,none
MC02,control,Session2,0078,data/extracted/torgo/MC02/Session2/pos/0078.pos,599,,,,0,0,2.565,0.73,,none
MC02,control,Session2,0079,data/extracted/torgo/MC02/Session2/pos/0079.pos,634,,,,0,0,1.081,0.664,,none
MC03,control,Session1,0001,data/extracted/torgo/MC03/Session1/pos/0001.pos,1140,,,9,1,2,25.524,1.074,large_position_step,medium
MC03,control,Session1,0002,data/extracted/torgo/MC03/Session1/pos/0002.pos,1237,,,,0,0,3.579,1.142,,none
MC03,control,Session1,0003,data/extracted/torgo/MC03/Session1/pos/0003.pos,703,,,,0,0,3.769,1.665,,none
MC03,control,Session1,0004,data/extracted/torgo/MC03/Session1/pos/0004.pos,1192,,,,0,0,1.818,1.082,,none
MC03,control,Session1,0005,data/extracted/torgo/MC03/Session1/pos/0005.pos,1313,,,,0,0,7.003,0.86,,none
MC03,control,Session1,0006,data/extracted/torgo/MC03/Session1/pos/0006.pos,379,,,,0,0,0.86,0.629,,none
MC03,control,Session1,0007,data/extracted/torgo/MC03/Session1/pos/0007.pos,316,,,,0,0,0.915,0.583,,none
MC03,control,Session1,0008,data/extracted/torgo/MC03/Session1/pos/0008.pos,299,,,,0,0,0.81,0.588,,none
MC03,control,Session1,0009,data/extracted/torgo/MC03/Session1/pos/0009.pos,481,,,,0,0,1.043,0.621,,none
MC03,control,Session1,0010,data/extracted/torgo/MC03/Session1/pos/0010.pos,361,,,,0,0,1.131,0.597,,none
MC03,control,Session1,0011,data/extracted/torgo/MC03/Session1/pos/0011.pos,363,,,,0,0,1.113,0.606,,none
MC03,control,Session1,0012,data/extracted/torgo/MC03/Session1/pos/0012.pos,352,,,,0,0,1.306,0.623,,none
MC03,control,Session1,0013,data/extracted/torgo/MC03/Session1/pos/0013.pos,809,,,,0,0,1.516,0.732,,none
MC03,control,Session1,0014,data/extracted/torgo/MC03/Session1/pos/0014.pos,339,,,,0,0,1.076,0.594,,none
MC03,control,Session1,0015,data/extracted/torgo/MC03/Session1/pos/0015.pos,301,,,,0,0,1.277,0.694,,none
MC03,control,Session1,0016,data/extracted/torgo/MC03/Session1/pos/0016.pos,326,,,,0,0,1.065,0.615,,none
MC03,control,Session1,0017,data/extracted/torgo/MC03/Session1/pos/0017.pos,312,,,,0,0,1.268,0.661,,none
MC03,control,Session1,0018,data/extracted/torgo/MC03/Session1/pos/0018.pos,320,,,,0,0,0.865,0.553,,none
MC03,control,Session1,0019,data/extracted/torgo/MC03/Session1/pos/0019.pos,330,,,,0,0,1.182,0.607,,none
MC03,control,Session1,0020,data/extracted/torgo/MC03/Session1/pos/0020.pos,341,,,,0,0,0.815,0.593,,none
MC03,control,Session1,0021,data/extracted/torgo/MC03/Session1/pos/0021.pos,501,,,,0,0,0.861,0.545,,none
MC03,control,Session1,0022,data/extracted/torgo/MC03/Session1/pos/0022.pos,350,,,,0,0,1.252,0.658,,none
MC03,control,Session1,0023,data/extracted/torgo/MC03/Session1/pos/0023.pos,382,,,,0,0,0.976,0.637,,none
MC03,control,Session1,0024,data/extracted/torgo/MC03/Session1/pos/0024.pos,368,,,,0,0,1.269,0.662,,none
MC03,control,Session1,0025,data/extracted/torgo/MC03/Session1/pos/0025.pos,347,,,,0,0,1.309,0.644,,none
MC03,control,Session1,0026,data/extracted/torgo/MC03/Session1/pos/0026.pos,389,,,,0,0,1.277,0.616,,none
MC03,control,Session1,0027,data/extracted/torgo/MC03/Session1/pos/0027.pos,378,,,,0,0,0.791,0.598,,none
MC03,control,Session1,0028,data/extracted/torgo/MC03/Session1/pos/0028.pos,348,,,,0,0,0.807,0.545,,none
MC03,control,Session1,0029,data/extracted/torgo/MC03/Session1/pos/0029.pos,309,,,,0,0,1.251,0.691,,none
MC03,control,Session1,0030,data/extracted/torgo/MC03/Session1/pos/0030.pos,312,,,,0,0,1.385,0.608,,none
MC03,control,Session1,0031,data/extracted/torgo/MC03/Session1/pos/0031.pos,299,,,,0,0,1.204,0.632,,none
MC03,control,Session1,0032,data/extracted/torgo/MC03/Session1/pos/0032.pos,301,,,,0,0,1.099,0.594,,none
MC03,control,Session1,0033,data/extracted/torgo/MC03/Session1/pos/0033.pos,264,,,,0,0,1.264,0.643,,none
MC03,control,Session1,0034,data/extracted/torgo/MC03/Session1/pos/0034.pos,295,,,,0,0,0.971,0.601,,none
MC03,control,Session1,0035,data/extracted/torgo/MC03/Session1/pos/0035.pos,306,,,,0,0,0.97,0.649,,none
MC03,control,Session1,0036,data/extracted/torgo/MC03/Session1/pos/0036.pos,293,,,,0,0,1.087,0.642,,none
MC03,control,Session1,0037,data/extracted/torgo/MC03/Session1/pos/0037.pos,278,,,,0,0,0.656,0.511,,none
MC03,control,Session1,0038,data/extracted/torgo/MC03/Session1/pos/0038.pos,259,,,,0,0,1.637,0.748,,none
MC03,control,Session1,0039,data/extracted/torgo/MC03/Session1/pos/0039.pos,321,,,,0,0,1.251,0.644,,none
MC03,control,Session1,0040,data/extracted/torgo/MC03/Session1/pos/0040.pos,287,,,,0,0,0.983,0.614,,none
MC03,control,Session1,0041,data/extracted/torgo/MC03/Session1/pos/0041.pos,321,,,,0,0,1.018,0.595,,none
MC03,control,Session1,0042,data/extracted/torgo/MC03/Session1/pos/0042.pos,322,,,,0,0,1.038,0.659,,none
MC03,control,Session1,0043,data/extracted/torgo/MC03/Session1/pos/0043.pos,288,,,,0,0,0.796,0.54,,none
MC03,control,Session1,0044,data/extracted/torgo/MC03/Session1/pos/0044.pos,324,,,,0,0,0.789,0.565,,none
MC03,control,Session1,0045,data/extracted/torgo/MC03/Session1/pos/0045.pos,336,,,,0,0,0.877,0.594,,none
MC03,control,Session1,0046,data/extracted/torgo/MC03/Session1/pos/0046.pos,319,,,,0,0,0.84,0.563,,none
MC03,control,Session1,0047,data/extracted/torgo/MC03/Session1/pos/0047.pos,419,,,,0,0,0.945,0.526,,none
MC03,control,Session1,0048,data/extracted/torgo/MC03/Session1/pos/0048.pos,1245,,,,0,0,1.111,0.688,,none
MC03,control,Session1,0049,data/extracted/torgo/MC03/Session1/pos/0049.pos,352,,,,0,0,1.398,0.682,,none
MC03,control,Session1,0050,data/extracted/torgo/MC03/Session1/pos/0050.pos,1215,,,,0,0,1.333,0.754,,none
MC03,control,Session1,0051,data/extracted/torgo/MC03/Session1/pos/0051.pos,386,,,,0,0,1.492,0.702,,none
MC03,control,Session1,0052,data/extracted/torgo/MC03/Session1/pos/0052.pos,750,,,,0,0,1.57,0.758,,none
MC03,control,Session1,0053,data/extracted/torgo/MC03/Session1/pos/0053.pos,306,,,,0,0,0.951,0.709,,none
MC03,control,Session1,0054,data/extracted/torgo/MC03/Session1/pos/0054.pos,281,,,,0,0,1.451,0.61,,none
MC03,control,Session1,0055,data/extracted/torgo/MC03/Session1/pos/0055.pos,294,,,,0,0,1.326,0.674,,none
MC03,control,Session1,0056,data/extracted/torgo/MC03/Session1/pos/0056.pos,301,,,,0,0,0.918,0.584,,none
MC03,control,Session1,0057,data/extracted/torgo/MC03/Session1/pos/0057.pos,792,,,,0,0,1.192,0.678,,none
MC03,control,Session1,0058,data/extracted/torgo/MC03/Session1/pos/0058.pos,372,,,,0,0,0.835,0.583,,none
MC03,control,Session1,0059,data/extracted/torgo/MC03/Session1/pos/0059.pos,315,,,,0,0,0.957,0.59,,none
MC03,control,Session1,0060,data/extracted/torgo/MC03/Session1/pos/0060.pos,811,,,,0,0,1.598,0.789,,none
MC03,control,Session1,0061,data/extracted/torgo/MC03/Session1/pos/0061.pos,744,,,,0,0,1.883,0.705,,none
MC03,control,Session1,0062,data/extracted/torgo/MC03/Session1/pos/0062.pos,63,,,,0,0,0.648,0.509,,none
MC03,control,Session1,0063,data/extracted/torgo/MC03/Session1/pos/0063.pos,500,,,,0,0,1.138,0.744,,none
MC03,control,Session1,0064,data/extracted/torgo/MC03/Session1/pos/0064.pos,697,,,,0,0,1.653,0.819,,none
MC03,control,Session1,0065,data/extracted/torgo/MC03/Session1/pos/0065.pos,340,,,,0,0,1.481,0.677,,none
MC03,control,Session1,0066,data/extracted/torgo/MC03/Session1/pos/0066.pos,816,,,,0,0,1.617,0.864,,none
MC03,control,Session1,0067,data/extracted/torgo/MC03/Session1/pos/0067.pos,331,,,,0,0,1.08,0.672,,none
MC03,control,Session1,0068,data/extracted/torgo/MC03/Session1/pos/0068.pos,316,,,,0,0,0.992,0.653,,none
MC03,control,Session1,0069,data/extracted/torgo/MC03/Session1/pos/0069.pos,317,,,,0,0,0.972,0.598,,none
MC03,control,Session1,0070,data/extracted/torgo/MC03/Session1/pos/0070.pos,447,,,,0,0,1.087,0.694,,none
MC03,control,Session1,0071,data/extracted/torgo/MC03/Session1/pos/0071.pos,359,,,,0,0,1.45,0.623,,none
MC03,control,Session1,0072,data/extracted/torgo/MC03/Session1/pos/0072.pos,356,,,,0,0,1.632,0.618,,none
MC03,control,Session1,0073,data/extracted/torgo/MC03/Session1/pos/0073.pos,343,,,,0,0,1.517,0.632,,none
MC03,control,Session1,0074,data/extracted/torgo/MC03/Session1/pos/0074.pos,314,,,,0,0,1.179,0.664,,none
MC03,control,Session1,0075,data/extracted/torgo/MC03/Session1/pos/0075.pos,374,,,,0,0,1.286,0.681,,none
MC03,control,Session1,0076,data/extracted/torgo/MC03/Session1/pos/0076.pos,1011,,,,0,0,1.604,0.751,,none
MC03,control,Session1,0077,data/extracted/torgo/MC03/Session1/pos/0077.pos,920,,,,0,0,1.347,0.757,,none
MC03,control,Session1,0078,data/extracted/torgo/MC03/Session1/pos/0078.pos,455,,,,0,0,1.276,0.721,,none
MC03,control,Session1,0079,data/extracted/torgo/MC03/Session1/pos/0079.pos,312,,,,0,0,0.981,0.602,,none
MC03,control,Session1,0080,data/extracted/torgo/MC03/Session1/pos/0080.pos,332,,,,0,0,1.061,0.61,,none
MC03,control,Session1,0081,data/extracted/torgo/MC03/Session1/pos/0081.pos,327,,,,0,0,0.999,0.586,,none
MC03,control,Session1,0082,data/extracted/torgo/MC03/Session1/pos/0082.pos,1005,,,,0,0,1.452,0.776,,none
MC03,control,Session1,0083,data/extracted/torgo/MC03/Session1/pos/0083.pos,1163,,,,0,0,1.426,0.768,,none
MC03,control,Session1,0084,data/extracted/torgo/MC03/Session1/pos/0084.pos,258,,,,0,0,0.826,0.627,,none
MC03,control,Session1,0085,data/extracted/torgo/MC03/Session1/pos/0085.pos,321,,,,0,0,1.104,0.691,,none
MC03,control,Session1,0086,data/extracted/torgo/MC03/Session1/pos/0086.pos,1042,,,,0,0,1.109,0.591,,none
MC03,control,Session1,0087,data/extracted/torgo/MC03/Session1/pos/0087.pos,324,,,,0,0,1.176,0.624,,none
MC03,control,Session1,0088,data/extracted/torgo/MC03/Session1/pos/0088.pos,320,,,,0,0,0.993,0.592,,none
MC03,control,Session1,0089,data/extracted/torgo/MC03/Session1/pos/0089.pos,850,,,,0,0,1.88,0.951,,none
MC03,control,Session1,0090,data/extracted/torgo/MC03/Session1/pos/0090.pos,332,,,,0,0,1.426,0.626,,none
MC03,control,Session1,0091,data/extracted/torgo/MC03/Session1/pos/0091.pos,339,,,,0,0,1.153,0.653,,none
MC03,control,Session1,0092,data/extracted/torgo/MC03/Session1/pos/0092.pos,906,,,,0,0,1.471,0.831,,none
MC03,control,Session1,0093,data/extracted/torgo/MC03/Session1/pos/0093.pos,306,,,,0,0,1.231,0.707,,none
MC03,control,Session1,0094,data/extracted/torgo/MC03/Session1/pos/0094.pos,325,,,,0,0,0.885,0.579,,none
MC03,control,Session1,0095,data/extracted/torgo/MC03/Session1/pos/0095.pos,312,,,,0,0,0.954,0.637,,none
MC03,control,Session1,0096,data/extracted/torgo/MC03/Session1/pos/0096.pos,798,,,,0,0,1.574,0.965,,none
MC03,control,Session1,0097,data/extracted/torgo/MC03/Session1/pos/0097.pos,313,,,,0,0,0.861,0.606,,none
MC03,control,Session1,0098,data/extracted/torgo/MC03/Session1/pos/0098.pos,315,,,,0,0,1.292,0.612,,none
MC03,control,Session1,0099,data/extracted/torgo/MC03/Session1/pos/0099.pos,353,,,,0,0,1.063,0.686,,none
MC03,control,Session1,0100,data/extracted/torgo/MC03/Session1/pos/0100.pos,304,,,,0,0,1.684,0.696,,none
MC03,control,Session1,0101,data/extracted/torgo/MC03/Session1/pos/0101.pos,330,,,,0,0,0.991,0.705,,none
MC03,control,Session1,0102,data/extracted/torgo/MC03/Session1/pos/0102.pos,303,,,,0,0,1.406,0.731,,none
MC03,control,Session1,0103,data/extracted/torgo/MC03/Session1/pos/0103.pos,274,,,,0,0,1.084,0.658,,none
MC03,control,Session1,0104,data/extracted/torgo/MC03/Session1/pos/0104.pos,313,,,,0,0,1.199,0.734,,none
MC03,control,Session1,0105,data/extracted/torgo/MC03/Session1/pos/0105.pos,302,,,,0,0,1.112,0.718,,none
MC03,control,Session1,0106,data/extracted/torgo/MC03/Session1/pos/0106.pos,335,,,,0,0,0.998,0.657,,none
MC03,control,Session1,0107,data/extracted/torgo/MC03/Session1/pos/0107.pos,291,,,,0,0,1.205,0.741,,none
MC03,control,Session1,0108,data/extracted/torgo/MC03/Session1/pos/0108.pos,298,,,,0,0,0.965,0.629,,none
MC03,control,Session1,0109,data/extracted/torgo/MC03/Session1/pos/0109.pos,365,,,,0,0,0.954,0.59,,none
MC03,control,Session1,0110,data/extracted/torgo/MC03/Session1/pos/0110.pos,1135,,,,0,0,0.946,0.538,,none
MC03,control,Session1,0111,data/extracted/torgo/MC03/Session1/pos/0111.pos,345,,,,0,0,0.946,0.645,,none
MC03,control,Session1,0112,data/extracted/torgo/MC03/Session1/pos/0112.pos,824,,,,0,0,1.514,0.851,,none
MC03,control,Session1,0113,data/extracted/torgo/MC03/Session1/pos/0113.pos,1085,,,,0,0,1.198,0.641,,none
MC03,control,Session1,0114,data/extracted/torgo/MC03/Session1/pos/0114.pos,298,,,,0,0,1.276,0.712,,none
MC03,control,Session1,0115,data/extracted/torgo/MC03/Session1/pos/0115.pos,307,,,,0,0,1.576,0.707,,none
MC03,control,Session1,0116,data/extracted/torgo/MC03/Session1/pos/0116.pos,291,,,,0,0,0.991,0.633,,none
MC03,control,Session1,0117,data/extracted/torgo/MC03/Session1/pos/0117.pos,303,,,,0,0,0.856,0.572,,none
MC03,control,Session1,0118,data/extracted/torgo/MC03/Session1/pos/0118.pos,1016,,,,0,0,1.403,0.795,,none
MC03,control,Session1,0119,data/extracted/torgo/MC03/Session1/pos/0119.pos,63,,,,0,0,0.833,0.593,,none
MC03,control,Session1,0120,data/extracted/torgo/MC03/Session1/pos/0120.pos,389,,,,0,0,2.032,0.737,,none
MC03,control,Session1,0121,data/extracted/torgo/MC03/Session1/pos/0121.pos,331,,,,0,0,1.193,0.805,,none
MC03,control,Session1,0122,data/extracted/torgo/MC03/Session1/pos/0122.pos,333,,,,0,0,1.166,0.739,,none
MC03,control,Session1,0123,data/extracted/torgo/MC03/Session1/pos/0123.pos,326,,,,0,0,1.26,0.776,,none
MC03,control,Session1,0124,data/extracted/torgo/MC03/Session1/pos/0124.pos,346,,,,0,0,1.261,0.694,,none
MC03,control,Session1,0125,data/extracted/torgo/MC03/Session1/pos/0125.pos,739,,,,0,0,1.534,0.825,,none
MC03,control,Session1,0126,data/extracted/torgo/MC03/Session1/pos/0126.pos,410,,,,0,0,1.292,0.728,,none
MC03,control,Session1,0127,data/extracted/torgo/MC03/Session1/pos/0127.pos,305,,,,0,0,1.532,0.802,,none
MC03,control,Session1,0128,data/extracted/torgo/MC03/Session1/pos/0128.pos,849,,,,0,0,1.659,0.786,,none
MC03,control,Session1,0129,data/extracted/torgo/MC03/Session1/pos/0129.pos,632,,,,0,0,1.46,0.765,,none
MC03,control,Session1,0130,data/extracted/torgo/MC03/Session1/pos/0130.pos,306,,,,0,0,1.483,0.73,,none
MC03,control,Session1,0131,data/extracted/torgo/MC03/Session1/pos/0131.pos,415,,,,0,0,1.448,0.65,,none
MC03,control,Session1,0132,data/extracted/torgo/MC03/Session1/pos/0132.pos,653,,,,0,0,1.755,0.958,,none
MC03,control,Session1,0133,data/extracted/torgo/MC03/Session1/pos/0133.pos,298,,,,0,0,0.969,0.672,,none
MC03,control,Session1,0134,data/extracted/torgo/MC03/Session1/pos/0134.pos,294,,,,0,0,1.358,0.711,,none
MC03,control,Session1,0135,data/extracted/torgo/MC03/Session1/pos/0135.pos,316,,,,0,0,1.305,0.69,,none
MC03,control,Session1,0136,data/extracted/torgo/MC03/Session1/pos/0136.pos,619,,,,0,0,1.49,0.886,,none
MC03,control,Session1,0137,data/extracted/torgo/MC03/Session1/pos/0137.pos,311,,,,0,0,1.025,0.635,,none
MC03,control,Session1,0138,data/extracted/torgo/MC03/Session1/pos/0138.pos,329,,,,0,0,1.962,0.719,,none
MC03,control,Session1,0139,data/extracted/torgo/MC03/Session1/pos/0139.pos,772,,,,0,0,1.42,0.766,,none
MC03,control,Session1,0140,data/extracted/torgo/MC03/Session1/pos/0140.pos,312,,,,0,0,1.264,0.673,,none
MC03,control,Session1,0141,data/extracted/torgo/MC03/Session1/pos/0141.pos,538,,,,0,0,1.499,0.752,,none
MC03,control,Session1,0142,data/extracted/torgo/MC03/Session1/pos/0142.pos,313,,,,0,0,0.986,0.671,,none
MC03,control,Session1,0143,data/extracted/torgo/MC03/Session1/pos/0143.pos,710,,,,0,0,1.459,0.777,,none
MC03,control,Session1,0144,data/extracted/torgo/MC03/Session1/pos/0144.pos,306,,,,0,0,1.103,0.694,,none
MC03,control,Session1,0145,data/extracted/torgo/MC03/Session1/pos/0145.pos,278,,,,0,0,1.811,0.727,,none
MC03,control,Session1,0146,data/extracted/torgo/MC03/Session1/pos/0146.pos,304,,,,0,0,1.178,0.636,,none
MC03,control,Session1,0147,data/extracted/torgo/MC03/Session1/pos/0147.pos,347,,,,0,0,0.996,0.635,,none
MC03,control,Session1,0148,data/extracted/torgo/MC03/Session1/pos/0148.pos,281,,,,0,0,1.34,0.75,,none
MC03,control,Session1,0149,data/extracted/torgo/MC03/Session1/pos/0149.pos,560,,,,0,0,1.306,0.754,,none
MC03,control,Session1,0150,data/extracted/torgo/MC03/Session1/pos/0150.pos,305,,,,0,0,1.225,0.674,,none
MC03,control,Session1,0151,data/extracted/torgo/MC03/Session1/pos/0151.pos,391,,,,0,0,1.128,0.668,,none
MC03,control,Session1,0152,data/extracted/torgo/MC03/Session1/pos/0152.pos,783,,,,0,0,1.993,0.808,,none
MC03,control,Session1,0153,data/extracted/torgo/MC03/Session1/pos/0153.pos,347,,,,0,0,1.133,0.575,,none
MC03,control,Session1,0154,data/extracted/torgo/MC03/Session1/pos/0154.pos,1116,,,,0,0,1.514,0.741,,none
MC03,control,Session1,0155,data/extracted/torgo/MC03/Session1/pos/0155.pos,279,,,,0,0,0.923,0.659,,none
MC03,control,Session1,0156,data/extracted/torgo/MC03/Session1/pos/0156.pos,274,,,,0,0,1.314,0.712,,none
MC03,control,Session1,0157,data/extracted/torgo/MC03/Session1/pos/0157.pos,663,,,,0,0,1.312,0.742,,none
MC03,control,Session1,0158,data/extracted/torgo/MC03/Session1/pos/0158.pos,311,,,,0,0,1.419,0.693,,none
MC03,control,Session1,0159,data/extracted/torgo/MC03/Session1/pos/0159.pos,309,,,,0,0,1.198,0.635,,none
MC03,control,Session1,0160,data/extracted/torgo/MC03/Session1/pos/0160.pos,351,,,,0,0,0.835,0.63,,none
MC03,control,Session1,0161,data/extracted/torgo/MC03/Session1/pos/0161.pos,1404,,,,0,0,1.382,0.712,,none
MC03,control,Session1,0162,data/extracted/torgo/MC03/Session1/pos/0162.pos,416,,,,0,0,0.868,0.574,,none
MC03,control,Session1,0163,data/extracted/torgo/MC03/Session1/pos/0163.pos,326,,,,0,0,2.468,0.762,,none
MC03,control,Session1,0164,data/extracted/torgo/MC03/Session1/pos/0164.pos,307,,,,0,0,1.02,0.615,,none
MC03,control,Session1,0165,data/extracted/torgo/MC03/Session1/pos/0165.pos,264,,,,0,0,0.995,0.585,,none
MC03,control,Session1,0166,data/extracted/torgo/MC03/Session1/pos/0166.pos,284,,,,0,0,0.91,0.622,,none
MC03,control,Session1,0167,data/extracted/torgo/MC03/Session1/pos/0167.pos,660,,,,0,0,1.999,0.823,,none
MC03,control,Session1,0168,data/extracted/torgo/MC03/Session1/pos/0168.pos,681,,,,0,0,1.366,0.769,,none
MC03,control,Session1,0169,data/extracted/torgo/MC03/Session1/pos/0169.pos,320,,,,0,0,1.541,0.783,,none
MC03,control,Session1,0170,data/extracted/torgo/MC03/Session1/pos/0170.pos,663,,,,0,0,1.443,0.875,,none
MC03,control,Session1,0171,data/extracted/torgo/MC03/Session1/pos/0171.pos,318,,,,0,0,1.294,0.69,,none
MC03,control,Session1,0172,data/extracted/torgo/MC03/Session1/pos/0172.pos,273,,,,0,0,1.111,0.672,,none
MC03,control,Session1,0173,data/extracted/torgo/MC03/Session1/pos/0173.pos,317,,,,0,0,1.347,0.753,,none
MC03,control,Session1,0174,data/extracted/torgo/MC03/Session1/pos/0174.pos,310,,,,0,0,1.519,0.654,,none
MC03,control,Session1,0175,data/extracted/torgo/MC03/Session1/pos/0175.pos,304,,,,0,0,1.732,0.723,,none
MC03,control,Session1,0176,data/extracted/torgo/MC03/Session1/pos/0176.pos,578,,,,0,0,1.478,0.754,,none
MC03,control,Session1,0177,data/extracted/torgo/MC03/Session1/pos/0177.pos,302,,,,0,0,1.53,0.763,,none
MC03,control,Session1,0178,data/extracted/torgo/MC03/Session1/pos/0178.pos,374,,,,0,0,1.418,0.627,,none
MC03,control,Session1,0179,data/extracted/torgo/MC03/Session1/pos/0179.pos,296,,,,0,0,0.996,0.767,,none
MC03,control,Session1,0180,data/extracted/torgo/MC03/Session1/pos/0180.pos,733,,,,0,0,1.433,0.72,,none
MC03,control,Session1,0181,data/extracted/torgo/MC03/Session1/pos/0181.pos,159,,,,0,0,0.883,0.618,,none
MC03,control,Session1,0182,data/extracted/torgo/MC03/Session1/pos/0182.pos,646,,,,0,0,1.441,0.734,,none
MC03,control,Session1,0183,data/extracted/torgo/MC03/Session1/pos/0183.pos,558,,,,0,0,1.732,0.9,,none
MC03,control,Session1,0184,data/extracted/torgo/MC03/Session1/pos/0184.pos,308,,,,0,0,1.396,0.789,,none
MC03,control,Session1,0185,data/extracted/torgo/MC03/Session1/pos/0185.pos,276,,,,0,0,0.943,0.593,,none
MC03,control,Session1,0186,data/extracted/torgo/MC03/Session1/pos/0186.pos,315,,,,0,0,1.179,0.677,,none
MC03,control,Session1,0187,data/extracted/torgo/MC03/Session1/pos/0187.pos,282,,,,0,0,1.151,0.664,,none
MC03,control,Session1,0188,data/extracted/torgo/MC03/Session1/pos/0188.pos,319,,,,0,0,0.931,0.622,,none
MC03,control,Session1,0189,data/extracted/torgo/MC03/Session1/pos/0189.pos,304,,,,0,0,1.104,0.637,,none
MC03,control,Session1,0190,data/extracted/torgo/MC03/Session1/pos/0190.pos,662,,,,0,0,1.438,0.759,,none
MC03,control,Session1,0191,data/extracted/torgo/MC03/Session1/pos/0191.pos,369,,,,0,0,0.902,0.63,,none
MC03,control,Session1,0192,data/extracted/torgo/MC03/Session1/pos/0192.pos,289,,,,0,0,1.206,0.755,,none
MC03,control,Session1,0193,data/extracted/torgo/MC03/Session1/pos/0193.pos,281,,,,0,0,1.188,0.623,,none
MC03,control,Session1,0194,data/extracted/torgo/MC03/Session1/pos/0194.pos,319,,,,0,0,0.779,0.618,,none
MC03,control,Session1,0195,data/extracted/torgo/MC03/Session1/pos/0195.pos,339,,,,0,0,0.808,0.592,,none
MC03,control,Session1,0196,data/extracted/torgo/MC03/Session1/pos/0196.pos,313,,,,0,0,1.004,0.633,,none
MC03,control,Session1,0197,data/extracted/torgo/MC03/Session1/pos/0197.pos,345,,,,0,0,1.016,0.686,,none
MC03,control,Session1,0198,data/extracted/torgo/MC03/Session1/pos/0198.pos,940,,,,0,0,1.446,0.762,,none
MC03,control,Session1,0199,data/extracted/torgo/MC03/Session1/pos/0199.pos,546,,,,0,0,1.257,0.723,,none
MC03,control,Session1,0200,data/extracted/torgo/MC03/Session1/pos/0200.pos,636,,,,0,0,1.506,0.758,,none
MC03,control,Session1,0201,data/extracted/torgo/MC03/Session1/pos/0201.pos,384,,,,0,0,1.272,0.685,,none
MC03,control,Session1,0202,data/extracted/torgo/MC03/Session1/pos/0202.pos,545,,,,0,0,1.14,0.695,,none
MC03,control,Session1,0203,data/extracted/torgo/MC03/Session1/pos/0203.pos,340,,,,0,0,1.068,0.664,,none
MC03,control,Session1,0204,data/extracted/torgo/MC03/Session1/pos/0204.pos,304,,,,0,0,1.52,0.732,,none
MC03,control,Session1,0205,data/extracted/torgo/MC03/Session1/pos/0205.pos,687,,,,0,0,1.462,0.801,,none
MC03,control,Session1,0206,data/extracted/torgo/MC03/Session1/pos/0206.pos,797,,,,0,0,1.198,0.714,,none
MC03,control,Session1,0207,data/extracted/torgo/MC03/Session1/pos/0207.pos,300,,,,0,0,1.238,0.711,,none
MC03,control,Session1,0208,data/extracted/torgo/MC03/Session1/pos/0208.pos,268,,,,0,0,1.06,0.617,,none
MC03,control,Session1,0209,data/extracted/torgo/MC03/Session1/pos/0209.pos,268,,,,0,0,1.182,0.649,,none
MC03,control,Session1,0210,data/extracted/torgo/MC03/Session1/pos/0210.pos,291,,,,0,0,0.98,0.69,,none
MC03,control,Session1,0211,data/extracted/torgo/MC03/Session1/pos/0211.pos,787,,,,0,0,1.295,0.794,,none
MC03,control,Session1,0212,data/extracted/torgo/MC03/Session1/pos/0212.pos,339,,,,0,0,0.968,0.698,,none
MC03,control,Session1,0213,data/extracted/torgo/MC03/Session1/pos/0213.pos,281,,,,0,0,1.113,0.699,,none
MC03,control,Session1,0214,data/extracted/torgo/MC03/Session1/pos/0214.pos,328,,,,0,0,1.145,0.657,,none
MC03,control,Session1,0215,data/extracted/torgo/MC03/Session1/pos/0215.pos,745,,,,0,0,1.518,0.856,,none
MC03,control,Session1,0216,data/extracted/torgo/MC03/Session1/pos/0216.pos,750,,,,0,0,1.254,0.737,,none
MC03,control,Session1,0217,data/extracted/torgo/MC03/Session1/pos/0217.pos,392,,,,0,0,1.136,0.71,,none
MC03,control,Session1,0218,data/extracted/torgo/MC03/Session1/pos/0218.pos,445,,,,0,0,1.223,0.61,,none
MC03,control,Session1,0219,data/extracted/torgo/MC03/Session1/pos/0219.pos,307,,,,0,0,1.05,0.68,,none
MC03,control,Session1,0220,data/extracted/torgo/MC03/Session1/pos/0220.pos,302,,,,0,0,0.876,0.629,,none
MC03,control,Session1,0221,data/extracted/torgo/MC03/Session1/pos/0221.pos,535,,,,0,0,1.186,0.623,,none
MC03,control,Session1,0222,data/extracted/torgo/MC03/Session1/pos/0222.pos,760,,,,0,0,1.739,0.864,,none
MC03,control,Session1,0223,data/extracted/torgo/MC03/Session1/pos/0223.pos,307,,,,0,0,1.064,0.591,,none
MC03,control,Session1,0224,data/extracted/torgo/MC03/Session1/pos/0224.pos,323,,,,0,0,1.531,0.731,,none
MC03,control,Session1,0225,data/extracted/torgo/MC03/Session1/pos/0225.pos,326,,,,0,0,0.875,0.628,,none
MC03,control,Session1,0226,data/extracted/torgo/MC03/Session1/pos/0226.pos,691,,,,0,0,1.813,0.767,,none
MC03,control,Session1,0227,data/extracted/torgo/MC03/Session1/pos/0227.pos,349,,,,0,0,1.079,0.654,,none
MC03,control,Session1,0228,data/extracted/torgo/MC03/Session1/pos/0228.pos,274,,,,0,0,1.282,0.653,,none
MC03,control,Session1,0229,data/extracted/torgo/MC03/Session1/pos/0229.pos,345,,,,0,0,1.341,0.727,,none
MC03,control,Session1,0230,data/extracted/torgo/MC03/Session1/pos/0230.pos,317,,,,0,0,1.23,0.648,,none
MC03,control,Session1,0231,data/extracted/torgo/MC03/Session1/pos/0231.pos,367,,,,0,0,0.801,0.566,,none
MC03,control,Session1,0232,data/extracted/torgo/MC03/Session1/pos/0232.pos,315,,,,0,0,1.073,0.631,,none
MC03,control,Session1,0233,data/extracted/torgo/MC03/Session1/pos/0233.pos,325,,,,0,0,1.305,0.649,,none
MC03,control,Session1,0234,data/extracted/torgo/MC03/Session1/pos/0234.pos,293,,,,0,0,1.427,0.709,,none
MC03,control,Session1,0235,data/extracted/torgo/MC03/Session1/pos/0235.pos,303,,,,0,0,0.897,0.599,,none
MC03,control,Session1,0236,data/extracted/torgo/MC03/Session1/pos/0236.pos,289,,,,0,0,1.251,0.652,,none
MC03,control,Session1,0237,data/extracted/torgo/MC03/Session1/pos/0237.pos,294,,,,0,0,0.915,0.608,,none
MC03,control,Session1,0238,data/extracted/torgo/MC03/Session1/pos/0238.pos,699,,,,0,0,1.31,0.679,,none
MC03,control,Session1,0239,data/extracted/torgo/MC03/Session1/pos/0239.pos,300,,,,0,0,1.432,0.749,,none
MC03,control,Session1,0240,data/extracted/torgo/MC03/Session1/pos/0240.pos,248,,,,0,0,0.886,0.623,,none
MC03,control,Session1,0241,data/extracted/torgo/MC03/Session1/pos/0241.pos,346,,,,0,0,1.6,0.761,,none
MC03,control,Session1,0242,data/extracted/torgo/MC03/Session1/pos/0242.pos,289,,,,0,0,0.788,0.585,,none
MC03,control,Session1,0243,data/extracted/torgo/MC03/Session1/pos/0243.pos,315,,,,0,0,0.933,0.619,,none
MC03,control,Session1,0244,data/extracted/torgo/MC03/Session1/pos/0244.pos,307,,,,0,0,0.923,0.668,,none
MC03,control,Session1,0245,data/extracted/torgo/MC03/Session1/pos/0245.pos,295,,,,0,0,1.115,0.647,,none
MC03,control,Session1,0246,data/extracted/torgo/MC03/Session1/pos/0246.pos,638,,,,0,0,1.989,0.761,,none
MC03,control,Session1,0247,data/extracted/torgo/MC03/Session1/pos/0247.pos,347,,,,0,0,1.413,0.702,,none
MC03,control,Session1,0248,data/extracted/torgo/MC03/Session1/pos/0248.pos,292,,,,0,0,1.03,0.659,,none
MC03,control,Session1,0249,data/extracted/torgo/MC03/Session1/pos/0249.pos,362,,,,0,0,1.444,0.745,,none
MC03,control,Session1,0250,data/extracted/torgo/MC03/Session1/pos/0250.pos,324,,,,0,0,1.077,0.658,,none
MC03,control,Session1,0251,data/extracted/torgo/MC03/Session1/pos/0251.pos,279,,,,0,0,1.298,0.773,,none
MC03,control,Session1,0252,data/extracted/torgo/MC03/Session1/pos/0252.pos,479,,,,0,0,0.852,0.647,,none
MC03,control,Session1,0253,data/extracted/torgo/MC03/Session1/pos/0253.pos,342,,,,0,0,0.961,0.662,,none
MC03,control,Session1,0254,data/extracted/torgo/MC03/Session1/pos/0254.pos,308,,,,0,0,0.989,0.648,,none
MC03,control,Session1,0255,data/extracted/torgo/MC03/Session1/pos/0255.pos,692,,,,0,0,1.657,0.881,,none
MC03,control,Session1,0256,data/extracted/torgo/MC03/Session1/pos/0256.pos,269,,,,0,0,1.076,0.67,,none
MC03,control,Session1,0257,data/extracted/torgo/MC03/Session1/pos/0257.pos,320,,,,0,0,1.315,0.784,,none
MC03,control,Session1,0258,data/extracted/torgo/MC03/Session1/pos/0258.pos,315,,,,0,0,1.059,0.658,,none
MC03,control,Session1,0259,data/extracted/torgo/MC03/Session1/pos/0259.pos,359,,,,0,0,1.16,0.664,,none
MC03,control,Session1,0260,data/extracted/torgo/MC03/Session1/pos/0260.pos,306,,,,0,0,1.203,0.613,,none
MC03,control,Session1,0261,data/extracted/torgo/MC03/Session1/pos/0261.pos,318,,,,0,0,1.0,0.642,,none
MC03,control,Session1,0262,data/extracted/torgo/MC03/Session1/pos/0262.pos,603,,,,0,0,1.38,0.794,,none
MC03,control,Session1,0263,data/extracted/torgo/MC03/Session1/pos/0263.pos,1268,,,,0,0,2.82,0.868,,none
MC03,control,Session1,0264,data/extracted/torgo/MC03/Session1/pos/0264.pos,442,,,,0,0,1.291,0.714,,none
MC03,control,Session1,0265,data/extracted/torgo/MC03/Session1/pos/0265.pos,346,,,,0,0,0.999,0.679,,none
MC03,control,Session1,0266,data/extracted/torgo/MC03/Session1/pos/0266.pos,311,,,,0,0,1.198,0.711,,none
MC03,control,Session1,0267,data/extracted/torgo/MC03/Session1/pos/0267.pos,338,,,,0,0,0.969,0.674,,none
MC03,control,Session1,0268,data/extracted/torgo/MC03/Session1/pos/0268.pos,297,,,,0,0,1.257,0.652,,none
MC03,control,Session1,0269,data/extracted/torgo/MC03/Session1/pos/0269.pos,265,,,,0,0,1.393,0.676,,none
MC03,control,Session1,0270,data/extracted/torgo/MC03/Session1/pos/0270.pos,315,,,,0,0,1.194,0.643,,none
MC03,control,Session1,0271,data/extracted/torgo/MC03/Session1/pos/0271.pos,295,,,,0,0,1.509,0.729,,none
MC03,control,Session1,0272,data/extracted/torgo/MC03/Session1/pos/0272.pos,303,,,,0,0,1.119,0.645,,none
MC03,control,Session1,0273,data/extracted/torgo/MC03/Session1/pos/0273.pos,627,,,,0,0,1.859,0.955,,none
MC03,control,Session1,0274,data/extracted/torgo/MC03/Session1/pos/0274.pos,734,,,,0,0,1.542,0.803,,none
MC03,control,Session1,0275,data/extracted/torgo/MC03/Session1/pos/0275.pos,312,,,,0,0,1.213,0.67,,none
MC03,control,Session1,0276,data/extracted/torgo/MC03/Session1/pos/0276.pos,318,,,,0,0,1.208,0.64,,none
MC03,control,Session1,0277,data/extracted/torgo/MC03/Session1/pos/0277.pos,630,,,,0,0,1.704,0.804,,none
MC03,control,Session1,0278,data/extracted/torgo/MC03/Session1/pos/0278.pos,308,,,,0,0,1.191,0.7,,none
MC03,control,Session1,0279,data/extracted/torgo/MC03/Session1/pos/0279.pos,323,,,,0,0,1.283,0.682,,none
MC03,control,Session1,0280,data/extracted/torgo/MC03/Session1/pos/0280.pos,638,,,,0,0,1.069,0.67,,none
MC03,control,Session1,0281,data/extracted/torgo/MC03/Session1/pos/0281.pos,642,,,,0,0,1.345,0.766,,none
MC03,control,Session1,0282,data/extracted/torgo/MC03/Session1/pos/0282.pos,665,,,,0,0,1.425,0.786,,none
MC03,control,Session1,0283,data/extracted/torgo/MC03/Session1/pos/0283.pos,325,,,,0,0,1.124,0.71,,none
MC03,control,Session1,0284,data/extracted/torgo/MC03/Session1/pos/0284.pos,317,,,,0,0,1.211,0.698,,none
MC03,control,Session1,0285,data/extracted/torgo/MC03/Session1/pos/0285.pos,313,,,,0,0,1.014,0.651,,none
MC03,control,Session1,0286,data/extracted/torgo/MC03/Session1/pos/0286.pos,288,,,,0,0,1.8,0.748,,none
MC03,control,Session1,0287,data/extracted/torgo/MC03/Session1/pos/0287.pos,318,,,,0,0,1.301,0.638,,none
MC03,control,Session1,0288,data/extracted/torgo/MC03/Session1/pos/0288.pos,300,,,,0,0,1.026,0.686,,none
MC03,control,Session1,0289,data/extracted/torgo/MC03/Session1/pos/0289.pos,713,,,,0,0,1.518,0.759,,none
MC03,control,Session1,0290,data/extracted/torgo/MC03/Session1/pos/0290.pos,743,,,,0,0,1.295,0.676,,none
MC03,control,Session1,0291,data/extracted/torgo/MC03/Session1/pos/0291.pos,372,,,,0,0,1.082,0.685,,none
MC03,control,Session1,0292,data/extracted/torgo/MC03/Session1/pos/0292.pos,337,,,,0,0,1.278,0.736,,none
MC03,control,Session1,0293,data/extracted/torgo/MC03/Session1/pos/0293.pos,290,,,,0,0,1.022,0.648,,none
MC03,control,Session1,0294,data/extracted/torgo/MC03/Session1/pos/0294.pos,336,,,,0,0,1.143,0.621,,none
MC03,control,Session1,0295,data/extracted/torgo/MC03/Session1/pos/0295.pos,339,,,,0,0,1.043,0.66,,none
MC03,control,Session1,0296,data/extracted/torgo/MC03/Session1/pos/0296.pos,336,,,,0,0,1.068,0.642,,none
MC03,control,Session1,0297,data/extracted/torgo/MC03/Session1/pos/0297.pos,314,,,,0,0,1.05,0.651,,none
MC03,control,Session1,0298,data/extracted/torgo/MC03/Session1/pos/0298.pos,298,,,,0,0,1.39,0.653,,none
MC03,control,Session1,0299,data/extracted/torgo/MC03/Session1/pos/0299.pos,1291,,,,0,0,1.893,0.747,,none
MC03,control,Session1,0300,data/extracted/torgo/MC03/Session1/pos/0300.pos,327,,,,0,0,1.262,0.677,,none
MC03,control,Session1,0301,data/extracted/torgo/MC03/Session1/pos/0301.pos,323,,,,0,0,1.243,0.652,,none
MC03,control,Session1,0302,data/extracted/torgo/MC03/Session1/pos/0302.pos,584,,,,0,0,1.596,0.725,,none
MC03,control,Session1,0303,data/extracted/torgo/MC03/Session1/pos/0303.pos,291,,,,0,0,1.171,0.659,,none
MC03,control,Session1,0304,data/extracted/torgo/MC03/Session1/pos/0304.pos,779,,,,0,0,1.148,0.691,,none
MC03,control,Session1,0305,data/extracted/torgo/MC03/Session1/pos/0305.pos,685,,,,0,0,1.356,0.8,,none
MC03,control,Session1,0306,data/extracted/torgo/MC03/Session1/pos/0306.pos,364,,,,0,0,1.608,0.703,,none
MC03,control,Session1,0307,data/extracted/torgo/MC03/Session1/pos/0307.pos,321,,,,0,0,1.275,0.71,,none
MC03,control,Session1,0308,data/extracted/torgo/MC03/Session1/pos/0308.pos,657,,,,0,0,1.622,0.699,,none
MC03,control,Session1,0309,data/extracted/torgo/MC03/Session1/pos/0309.pos,667,,,,0,0,1.621,0.817,,none
MC03,control,Session1,0310,data/extracted/torgo/MC03/Session1/pos/0310.pos,793,,,,0,0,2.912,0.847,,none
MC03,control,Session1,0311,data/extracted/torgo/MC03/Session1/pos/0311.pos,582,,,,0,0,1.434,0.824,,none
MC03,control,Session1,0312,data/extracted/torgo/MC03/Session1/pos/0312.pos,977,,,,0,0,1.257,0.72,,none
MC03,control,Session1,0313,data/extracted/torgo/MC03/Session1/pos/0313.pos,353,,,,0,0,1.78,0.733,,none
MC03,control,Session1,0314,data/extracted/torgo/MC03/Session1/pos/0314.pos,298,,,,0,0,1.446,0.721,,none
MC03,control,Session1,0315,data/extracted/torgo/MC03/Session1/pos/0315.pos,309,,,,0,0,1.255,0.733,,none
MC03,control,Session1,0316,data/extracted/torgo/MC03/Session1/pos/0316.pos,892,,,,0,0,1.747,0.79,,none
MC03,control,Session1,0317,data/extracted/torgo/MC03/Session1/pos/0317.pos,359,,,,0,0,1.734,0.716,,none
MC03,control,Session1,0318,data/extracted/torgo/MC03/Session1/pos/0318.pos,307,,,,0,0,1.053,0.674,,none
MC03,control,Session1,0319,data/extracted/torgo/MC03/Session1/pos/0319.pos,633,,,,0,0,1.484,0.873,,none
MC03,control,Session1,0320,data/extracted/torgo/MC03/Session1/pos/0320.pos,311,,,,0,0,1.959,0.749,,none
MC03,control,Session1,0321,data/extracted/torgo/MC03/Session1/pos/0321.pos,607,,,,0,0,1.044,0.645,,none
MC03,control,Session1,0322,data/extracted/torgo/MC03/Session1/pos/0322.pos,398,,,,0,0,1.64,0.739,,none
MC03,control,Session1,0323,data/extracted/torgo/MC03/Session1/pos/0323.pos,286,,,,0,0,1.56,0.754,,none
MC03,control,Session1,0324,data/extracted/torgo/MC03/Session1/pos/0324.pos,284,,,,0,0,1.167,0.819,,none
MC03,control,Session1,0325,data/extracted/torgo/MC03/Session1/pos/0325.pos,313,,,,0,0,1.794,0.766,,none
MC03,control,Session1,0326,data/extracted/torgo/MC03/Session1/pos/0326.pos,288,,,,0,0,1.457,0.707,,none
MC03,control,Session1,0327,data/extracted/torgo/MC03/Session1/pos/0327.pos,274,,,,0,0,0.984,0.662,,none
MC03,control,Session1,0328,data/extracted/torgo/MC03/Session1/pos/0328.pos,282,,,,0,0,1.453,0.694,,none
MC03,control,Session1,0329,data/extracted/torgo/MC03/Session1/pos/0329.pos,414,,,,0,0,1.316,0.708,,none
MC03,control,Session1,0330,data/extracted/torgo/MC03/Session1/pos/0330.pos,301,,,,0,0,1.34,0.688,,none
MC03,control,Session1,0331,data/extracted/torgo/MC03/Session1/pos/0331.pos,1015,,,,0,0,1.686,0.824,,none
MC03,control,Session1,0332,data/extracted/torgo/MC03/Session1/pos/0332.pos,330,,,,0,0,1.245,0.655,,none
MC03,control,Session1,0333,data/extracted/torgo/MC03/Session1/pos/0333.pos,761,,,,0,0,1.614,0.788,,none
MC03,control,Session1,0334,data/extracted/torgo/MC03/Session1/pos/0334.pos,357,,,,0,0,1.471,0.685,,none
MC03,control,Session1,0335,data/extracted/torgo/MC03/Session1/pos/0335.pos,353,,,,0,0,2.157,0.744,,none
MC03,control,Session1,0336,data/extracted/torgo/MC03/Session1/pos/0336.pos,298,,,,0,0,1.01,0.642,,none
MC03,control,Session1,0337,data/extracted/torgo/MC03/Session1/pos/0337.pos,792,,,,0,0,1.76,0.772,,none
MC03,control,Session1,0338,data/extracted/torgo/MC03/Session1/pos/0338.pos,328,,,,0,0,1.081,0.655,,none
MC03,control,Session1,0339,data/extracted/torgo/MC03/Session1/pos/0339.pos,601,,,,0,0,1.255,0.711,,none
MC03,control,Session1,0340,data/extracted/torgo/MC03/Session1/pos/0340.pos,790,,,,0,0,1.674,0.892,,none
MC03,control,Session1,0341,data/extracted/torgo/MC03/Session1/pos/0341.pos,749,,,,0,0,1.537,0.73,,none
MC03,control,Session1,0342,data/extracted/torgo/MC03/Session1/pos/0342.pos,721,,,,0,0,1.782,0.757,,none
MC03,control,Session1,0343,data/extracted/torgo/MC03/Session1/pos/0343.pos,348,,,,0,0,1.003,0.631,,none
MC03,control,Session1,0344,data/extracted/torgo/MC03/Session1/pos/0344.pos,252,,,,0,0,0.896,0.604,,none
MC03,control,Session1,0345,data/extracted/torgo/MC03/Session1/pos/0345.pos,308,,,,0,0,1.141,0.67,,none
MC03,control,Session1,0346,data/extracted/torgo/MC03/Session1/pos/0346.pos,342,,,,0,0,1.383,0.669,,none
MC03,control,Session1,0347,data/extracted/torgo/MC03/Session1/pos/0347.pos,326,,,,0,0,0.94,0.605,,none
MC03,control,Session1,0348,data/extracted/torgo/MC03/Session1/pos/0348.pos,301,,,,0,0,1.163,0.623,,none
MC03,control,Session1,0349,data/extracted/torgo/MC03/Session1/pos/0349.pos,359,,,,0,0,1.771,0.659,,none
MC03,control,Session1,0350,data/extracted/torgo/MC03/Session1/pos/0350.pos,328,,,,0,0,1.298,0.648,,none
MC03,control,Session1,0351,data/extracted/torgo/MC03/Session1/pos/0351.pos,300,,,,0,0,1.339,0.658,,none
MC03,control,Session1,0352,data/extracted/torgo/MC03/Session1/pos/0352.pos,614,,,,0,0,1.297,0.734,,none
MC03,control,Session1,0353,data/extracted/torgo/MC03/Session1/pos/0353.pos,361,,,,0,0,1.049,0.627,,none
MC03,control,Session1,0354,data/extracted/torgo/MC03/Session1/pos/0354.pos,281,,,,0,0,1.401,0.659,,none
MC03,control,Session1,0355,data/extracted/torgo/MC03/Session1/pos/0355.pos,811,,,,0,0,1.507,0.838,,none
MC03,control,Session1,0356,data/extracted/torgo/MC03/Session1/pos/0356.pos,307,,,,0,0,1.125,0.687,,none
MC03,control,Session1,0357,data/extracted/torgo/MC03/Session1/pos/0357.pos,1244,,,,0,0,1.485,0.79,,none
MC03,control,Session1,0358,data/extracted/torgo/MC03/Session1/pos/0358.pos,568,,,,0,0,1.147,0.71,,none
MC03,control,Session1,0359,data/extracted/torgo/MC03/Session1/pos/0359.pos,416,,,,0,0,1.268,0.719,,none
MC03,control,Session1,0360,data/extracted/torgo/MC03/Session1/pos/0360.pos,437,,,,0,0,1.125,0.664,,none
MC03,control,Session1,0361,data/extracted/torgo/MC03/Session1/pos/0361.pos,617,,,,0,0,1.215,0.759,,none
MC03,control,Session1,0362,data/extracted/torgo/MC03/Session1/pos/0362.pos,327,,,,0,0,1.52,0.703,,none
MC03,control,Session1,0363,data/extracted/torgo/MC03/Session1/pos/0363.pos,307,,,,0,0,0.879,0.612,,none
MC03,control,Session1,0364,data/extracted/torgo/MC03/Session1/pos/0364.pos,801,,,,0,0,1.197,0.783,,none
MC03,control,Session1,0365,data/extracted/torgo/MC03/Session1/pos/0365.pos,293,,,,0,0,1.516,0.678,,none
MC03,control,Session1,0366,data/extracted/torgo/MC03/Session1/pos/0366.pos,275,,,,0,0,0.872,0.605,,none
MC03,control,Session1,0367,data/extracted/torgo/MC03/Session1/pos/0367.pos,278,,,,0,0,1.461,0.687,,none
MC03,control,Session1,0368,data/extracted/torgo/MC03/Session1/pos/0368.pos,305,,,,0,0,1.22,0.655,,none
MC03,control,Session1,0369,data/extracted/torgo/MC03/Session1/pos/0369.pos,308,,,,0,0,1.045,0.663,,none
MC03,control,Session1,0370,data/extracted/torgo/MC03/Session1/pos/0370.pos,331,,,,0,0,1.214,0.622,,none
MC03,control,Session1,0371,data/extracted/torgo/MC03/Session1/pos/0371.pos,785,,,,0,0,1.273,0.716,,none
MC03,control,Session1,0372,data/extracted/torgo/MC03/Session1/pos/0372.pos,595,,,,0,0,1.312,0.642,,none
MC03,control,Session1,0373,data/extracted/torgo/MC03/Session1/pos/0373.pos,545,,,,0,0,0.972,0.672,,none
MC03,control,Session1,0374,data/extracted/torgo/MC03/Session1/pos/0374.pos,332,,,,0,0,1.818,0.68,,none
MC03,control,Session1,0375,data/extracted/torgo/MC03/Session1/pos/0375.pos,288,,,,0,0,0.9,0.62,,none
MC03,control,Session1,0376,data/extracted/torgo/MC03/Session1/pos/0376.pos,371,,,,0,0,0.823,0.565,,none
MC03,control,Session1,0377,data/extracted/torgo/MC03/Session1/pos/0377.pos,369,,,,0,0,1.113,0.598,,none
MC03,control,Session1,0378,data/extracted/torgo/MC03/Session1/pos/0378.pos,282,,,,0,0,1.04,0.605,,none
MC03,control,Session1,0379,data/extracted/torgo/MC03/Session1/pos/0379.pos,288,,,,0,0,1.104,0.64,,none
MC03,control,Session1,0380,data/extracted/torgo/MC03/Session1/pos/0380.pos,285,,,,0,0,0.863,0.592,,none
MC03,control,Session1,0381,data/extracted/torgo/MC03/Session1/pos/0381.pos,289,,,,0,0,0.945,0.619,,none
MC03,control,Session1,0382,data/extracted/torgo/MC03/Session1/pos/0382.pos,331,,,,0,0,1.198,0.662,,none
MC03,control,Session1,0383,data/extracted/torgo/MC03/Session1/pos/0383.pos,298,,,,0,0,1.306,0.635,,none
MC03,control,Session1,0384,data/extracted/torgo/MC03/Session1/pos/0384.pos,294,,,,0,0,1.114,0.643,,none
MC03,control,Session1,0385,data/extracted/torgo/MC03/Session1/pos/0385.pos,306,,,,0,0,0.992,0.662,,none
MC03,control,Session1,0386,data/extracted/torgo/MC03/Session1/pos/0386.pos,370,,,,0,0,1.902,0.72,,none
MC03,control,Session1,0387,data/extracted/torgo/MC03/Session1/pos/0387.pos,292,,,,0,0,0.914,0.621,,none
MC03,control,Session1,0388,data/extracted/torgo/MC03/Session1/pos/0388.pos,284,,,,0,0,1.135,0.631,,none
MC03,control,Session1,0389,data/extracted/torgo/MC03/Session1/pos/0389.pos,414,,,,0,0,1.098,0.69,,none
MC03,control,Session1,0390,data/extracted/torgo/MC03/Session1/pos/0390.pos,611,,,,0,0,1.528,0.752,,none
MC03,control,Session1,0391,data/extracted/torgo/MC03/Session1/pos/0391.pos,332,,,,0,0,1.339,0.681,,none
MC03,control,Session1,0392,data/extracted/torgo/MC03/Session1/pos/0392.pos,321,,,,0,0,0.88,0.581,,none
MC03,control,Session1,0393,data/extracted/torgo/MC03/Session1/pos/0393.pos,309,,,,0,0,1.173,0.629,,none
MC03,control,Session1,0394,data/extracted/torgo/MC03/Session1/pos/0394.pos,421,,,,0,0,1.069,0.627,,none
MC03,control,Session1,0395,data/extracted/torgo/MC03/Session1/pos/0395.pos,282,,,,0,0,1.323,0.615,,none
MC03,control,Session1,0396,data/extracted/torgo/MC03/Session1/pos/0396.pos,371,,,,0,0,1.641,0.725,,none
MC03,control,Session1,0397,data/extracted/torgo/MC03/Session1/pos/0397.pos,322,,,,0,0,1.38,0.714,,none
MC03,control,Session1,0398,data/extracted/torgo/MC03/Session1/pos/0398.pos,362,,,,0,0,0.977,0.675,,none
MC03,control,Session1,0399,data/extracted/torgo/MC03/Session1/pos/0399.pos,306,,,,0,0,1.171,0.661,,none
MC03,control,Session1,0400,data/extracted/torgo/MC03/Session1/pos/0400.pos,335,,,,0,0,1.414,0.798,,none
MC03,control,Session1,0401,data/extracted/torgo/MC03/Session1/pos/0401.pos,377,,,,0,0,1.022,0.65,,none
MC03,control,Session1,0402,data/extracted/torgo/MC03/Session1/pos/0402.pos,263,,,,0,0,1.013,0.653,,none
MC03,control,Session1,0403,data/extracted/torgo/MC03/Session1/pos/0403.pos,249,,,,0,0,0.79,0.6,,none
MC03,control,Session1,0404,data/extracted/torgo/MC03/Session1/pos/0404.pos,282,,,,0,0,0.978,0.661,,none
MC03,control,Session1,0405,data/extracted/torgo/MC03/Session1/pos/0405.pos,666,,,,0,0,1.185,0.676,,none
MC03,control,Session1,0406,data/extracted/torgo/MC03/Session1/pos/0406.pos,743,,,,0,0,1.717,0.881,,none
MC03,control,Session1,0407,data/extracted/torgo/MC03/Session1/pos/0407.pos,344,,,,0,0,1.681,0.724,,none
MC03,control,Session1,0408,data/extracted/torgo/MC03/Session1/pos/0408.pos,305,,,,0,0,1.144,0.66,,none
MC03,control,Session1,0409,data/extracted/torgo/MC03/Session1/pos/0409.pos,328,,,,0,0,0.914,0.59,,none
MC03,control,Session1,0410,data/extracted/torgo/MC03/Session1/pos/0410.pos,272,,,,0,0,0.783,0.575,,none
MC03,control,Session1,0411,data/extracted/torgo/MC03/Session1/pos/0411.pos,691,,,,0,0,1.553,0.789,,none
MC03,control,Session1,0412,data/extracted/torgo/MC03/Session1/pos/0412.pos,333,,,,0,0,0.928,0.621,,none
MC03,control,Session1,0413,data/extracted/torgo/MC03/Session1/pos/0413.pos,236,,,,0,0,0.884,0.603,,none
MC03,control,Session1,0414,data/extracted/torgo/MC03/Session1/pos/0414.pos,369,,,,0,0,1.002,0.636,,none
MC03,control,Session1,0415,data/extracted/torgo/MC03/Session1/pos/0415.pos,316,,,,0,0,0.998,0.582,,none
MC03,control,Session1,0416,data/extracted/torgo/MC03/Session1/pos/0416.pos,301,,,,0,0,1.723,0.64,,none
MC03,control,Session1,0417,data/extracted/torgo/MC03/Session1/pos/0417.pos,363,,,,0,0,0.994,0.647,,none
MC03,control,Session1,0418,data/extracted/torgo/MC03/Session1/pos/0418.pos,314,,,,0,0,1.111,0.618,,none
MC03,control,Session1,0419,data/extracted/torgo/MC03/Session1/pos/0419.pos,372,,,,0,0,1.153,0.692,,none
MC03,control,Session1,0420,data/extracted/torgo/MC03/Session1/pos/0420.pos,715,,,,0,0,1.262,0.697,,none
MC03,control,Session1,0421,data/extracted/torgo/MC03/Session1/pos/0421.pos,582,,,,0,0,1.654,0.777,,none
MC03,control,Session1,0422,data/extracted/torgo/MC03/Session1/pos/0422.pos,421,,,,0,0,0.906,0.586,,none
MC03,control,Session1,0423,data/extracted/torgo/MC03/Session1/pos/0423.pos,290,,,,0,0,1.111,0.649,,none
MC03,control,Session1,0424,data/extracted/torgo/MC03/Session1/pos/0424.pos,788,,,,0,0,1.447,0.707,,none
MC03,control,Session1,0425,data/extracted/torgo/MC03/Session1/pos/0425.pos,545,,,,0,0,1.525,0.815,,none
MC03,control,Session1,0426,data/extracted/torgo/MC03/Session1/pos/0426.pos,323,,,,0,0,1.245,0.749,,none
MC03,control,Session1,0427,data/extracted/torgo/MC03/Session1/pos/0427.pos,685,,,,0,0,1.459,0.745,,none
MC03,control,Session1,0428,data/extracted/torgo/MC03/Session1/pos/0428.pos,705,,,,0,0,1.93,0.763,,none
MC03,control,Session1,0429,data/extracted/torgo/MC03/Session1/pos/0429.pos,317,,,,0,0,1.001,0.638,,none
MC03,control,Session1,0430,data/extracted/torgo/MC03/Session1/pos/0430.pos,379,,,,0,0,0.847,0.623,,none
MC03,control,Session1,0431,data/extracted/torgo/MC03/Session1/pos/0431.pos,691,,,,0,0,1.821,0.856,,none
MC03,control,Session1,0432,data/extracted/torgo/MC03/Session1/pos/0432.pos,525,,,,0,0,1.263,0.734,,none
MC03,control,Session1,0433,data/extracted/torgo/MC03/Session1/pos/0433.pos,320,,,,0,0,1.27,0.683,,none
MC03,control,Session1,0434,data/extracted/torgo/MC03/Session1/pos/0434.pos,305,,,,0,0,1.08,0.774,,none
MC03,control,Session1,0435,data/extracted/torgo/MC03/Session1/pos/0435.pos,666,,,,0,0,1.536,0.974,,none
MC03,control,Session1,0436,data/extracted/torgo/MC03/Session1/pos/0436.pos,438,,,,0,0,1.364,0.721,,none
MC03,control,Session1,0437,data/extracted/torgo/MC03/Session1/pos/0437.pos,571,,,,0,0,1.273,0.773,,none
MC03,control,Session1,0438,data/extracted/torgo/MC03/Session1/pos/0438.pos,363,,,,0,0,1.075,0.689,,none
MC03,control,Session1,0439,data/extracted/torgo/MC03/Session1/pos/0439.pos,424,,,,0,0,1.106,0.659,,none
MC03,control,Session1,0440,data/extracted/torgo/MC03/Session1/pos/0440.pos,310,,,,0,0,1.04,0.671,,none
MC03,control,Session1,0441,data/extracted/torgo/MC03/Session1/pos/0441.pos,308,,,,0,0,1.111,0.696,,none
MC03,control,Session1,0442,data/extracted/torgo/MC03/Session1/pos/0442.pos,394,,,,0,0,1.013,0.736,,none
MC03,control,Session1,0443,data/extracted/torgo/MC03/Session1/pos/0443.pos,366,,,,0,0,1.015,0.636,,none
MC03,control,Session1,0444,data/extracted/torgo/MC03/Session1/pos/0444.pos,741,,,,0,0,1.671,0.746,,none
MC03,control,Session1,0445,data/extracted/torgo/MC03/Session1/pos/0445.pos,752,,,,0,0,1.652,0.868,,none
MC03,control,Session1,0446,data/extracted/torgo/MC03/Session1/pos/0446.pos,366,,,,0,0,1.275,0.717,,none
MC03,control,Session1,0447,data/extracted/torgo/MC03/Session1/pos/0447.pos,324,,,,0,0,0.964,0.631,,none
MC03,control,Session1,0448,data/extracted/torgo/MC03/Session1/pos/0448.pos,341,,,,0,0,1.495,0.744,,none
MC03,control,Session1,0449,data/extracted/torgo/MC03/Session1/pos/0449.pos,347,,,,0,0,1.156,0.707,,none
MC03,control,Session1,0450,data/extracted/torgo/MC03/Session1/pos/0450.pos,609,,,,0,0,1.989,0.913,,none
MC03,control,Session1,0451,data/extracted/torgo/MC03/Session1/pos/0451.pos,515,,,,0,0,1.361,0.793,,none
MC03,control,Session1,0452,data/extracted/torgo/MC03/Session1/pos/0452.pos,310,,,,0,0,1.524,0.695,,none
MC03,control,Session1,0453,data/extracted/torgo/MC03/Session1/pos/0453.pos,326,,,,0,0,0.938,0.625,,none
MC03,control,Session1,0454,data/extracted/torgo/MC03/Session1/pos/0454.pos,755,,,,0,0,1.426,0.707,,none
MC03,control,Session1,0455,data/extracted/torgo/MC03/Session1/pos/0455.pos,348,,,,0,0,1.651,0.762,,none
MC03,control,Session1,0456,data/extracted/torgo/MC03/Session1/pos/0456.pos,1002,,,,0,0,1.615,0.804,,none
MC03,control,Session1,0457,data/extracted/torgo/MC03/Session1/pos/0457.pos,759,,,,0,0,1.574,0.904,,none
MC03,control,Session1,0458,data/extracted/torgo/MC03/Session1/pos/0458.pos,554,,,,0,0,1.895,0.857,,none
MC03,control,Session1,0459,data/extracted/torgo/MC03/Session1/pos/0459.pos,558,,,,0,0,1.407,0.758,,none
MC03,control,Session1,0460,data/extracted/torgo/MC03/Session1/pos/0460.pos,304,,,,0,0,1.432,0.724,,none
MC03,control,Session1,0461,data/extracted/torgo/MC03/Session1/pos/0461.pos,295,,,,0,0,1.023,0.673,,none
MC03,control,Session1,0462,data/extracted/torgo/MC03/Session1/pos/0462.pos,322,,,,0,0,0.879,0.652,,none
MC03,control,Session1,0463,data/extracted/torgo/MC03/Session1/pos/0463.pos,304,,,,0,0,1.688,0.771,,none
MC03,control,Session1,0464,data/extracted/torgo/MC03/Session1/pos/0464.pos,327,,,,0,0,1.302,0.808,,none
MC03,control,Session1,0465,data/extracted/torgo/MC03/Session1/pos/0465.pos,269,,,,0,0,1.657,0.841,,none
MC03,control,Session1,0466,data/extracted/torgo/MC03/Session1/pos/0466.pos,308,,,,0,0,1.21,0.709,,none
MC03,control,Session1,0467,data/extracted/torgo/MC03/Session1/pos/0467.pos,702,,,,0,0,1.973,0.841,,none
MC03,control,Session1,0468,data/extracted/torgo/MC03/Session1/pos/0468.pos,416,,,,0,0,1.127,0.687,,none
MC03,control,Session1,0469,data/extracted/torgo/MC03/Session1/pos/0469.pos,884,,,,0,0,1.817,0.779,,none
MC03,control,Session1,0470,data/extracted/torgo/MC03/Session1/pos/0470.pos,346,,,,0,0,1.11,0.636,,none
MC03,control,Session1,0471,data/extracted/torgo/MC03/Session1/pos/0471.pos,511,,,,0,0,1.24,0.642,,none
MC03,control,Session1,0472,data/extracted/torgo/MC03/Session1/pos/0472.pos,505,,,,0,0,0.894,0.566,,none
MC03,control,Session1,0473,data/extracted/torgo/MC03/Session1/pos/0473.pos,344,,,,0,0,1.068,0.695,,none
MC03,control,Session1,0474,data/extracted/torgo/MC03/Session1/pos/0474.pos,621,,,,0,0,1.356,0.742,,none
MC03,control,Session1,0475,data/extracted/torgo/MC03/Session1/pos/0475.pos,313,,,,0,0,1.317,0.742,,none
MC03,control,Session1,0476,data/extracted/torgo/MC03/Session1/pos/0476.pos,680,,,,0,0,1.656,0.836,,none
MC03,control,Session1,0477,data/extracted/torgo/MC03/Session1/pos/0477.pos,349,,,,0,0,1.152,0.619,,none
MC03,control,Session1,0478,data/extracted/torgo/MC03/Session1/pos/0478.pos,715,,,,0,0,1.439,0.776,,none
MC03,control,Session1,0479,data/extracted/torgo/MC03/Session1/pos/0479.pos,361,,,,0,0,1.115,0.638,,none
MC03,control,Session1,0480,data/extracted/torgo/MC03/Session1/pos/0480.pos,326,,,,0,0,1.121,0.68,,none
MC03,control,Session1,0481,data/extracted/torgo/MC03/Session1/pos/0481.pos,327,,,,0,0,0.891,0.615,,none
MC03,control,Session1,0482,data/extracted/torgo/MC03/Session1/pos/0482.pos,375,,,,0,0,1.117,0.693,,none
MC03,control,Session1,0483,data/extracted/torgo/MC03/Session1/pos/0483.pos,1036,,,,0,0,1.565,0.852,,none
MC03,control,Session1,0484,data/extracted/torgo/MC03/Session1/pos/0484.pos,329,,,,0,0,1.109,0.7,,none
MC03,control,Session1,0485,data/extracted/torgo/MC03/Session1/pos/0485.pos,848,,,,0,0,1.458,0.769,,none
MC03,control,Session1,0486,data/extracted/torgo/MC03/Session1/pos/0486.pos,330,,,,0,0,1.145,0.707,,none
MC03,control,Session1,0487,data/extracted/torgo/MC03/Session1/pos/0487.pos,298,,,,0,0,1.158,0.652,,none
MC03,control,Session1,0488,data/extracted/torgo/MC03/Session1/pos/0488.pos,342,,,,0,0,1.025,0.637,,none
MC03,control,Session1,0489,data/extracted/torgo/MC03/Session1/pos/0489.pos,295,,,,0,0,1.174,0.63,,none
MC03,control,Session1,0490,data/extracted/torgo/MC03/Session1/pos/0490.pos,331,,,,0,0,1.483,0.676,,none
MC03,control,Session1,0491,data/extracted/torgo/MC03/Session1/pos/0491.pos,348,,,,0,0,1.288,0.659,,none
MC03,control,Session1,0492,data/extracted/torgo/MC03/Session1/pos/0492.pos,358,,,,0,0,1.36,0.689,,none
MC03,control,Session1,0493,data/extracted/torgo/MC03/Session1/pos/0493.pos,389,,,,0,0,0.999,0.624,,none
MC03,control,Session1,0494,data/extracted/torgo/MC03/Session1/pos/0494.pos,323,,,,0,0,1.205,0.648,,none
MC03,control,Session1,0495,data/extracted/torgo/MC03/Session1/pos/0495.pos,369,,,,0,0,0.907,0.62,,none
MC03,control,Session1,0496,data/extracted/torgo/MC03/Session1/pos/0496.pos,340,,,,0,0,1.196,0.627,,none
MC03,control,Session1,0497,data/extracted/torgo/MC03/Session1/pos/0497.pos,311,,,,0,0,1.108,0.63,,none
MC03,control,Session1,0498,data/extracted/torgo/MC03/Session1/pos/0498.pos,674,,,,0,0,2.128,0.805,,none
MC03,control,Session1,0499,data/extracted/torgo/MC03/Session1/pos/0499.pos,722,,,,0,0,1.482,0.784,,none
MC03,control,Session1,0500,data/extracted/torgo/MC03/Session1/pos/0500.pos,353,,,,0,0,0.955,0.61,,none
MC03,control,Session1,0501,data/extracted/torgo/MC03/Session1/pos/0501.pos,305,,,,0,0,1.144,0.653,,none
MC03,control,Session1,0502,data/extracted/torgo/MC03/Session1/pos/0502.pos,308,,,,0,0,1.207,0.587,,none
MC03,control,Session1,0503,data/extracted/torgo/MC03/Session1/pos/0503.pos,685,,,,0,0,1.349,0.768,,none
MC03,control,Session1,0504,data/extracted/torgo/MC03/Session1/pos/0504.pos,314,,,,0,0,0.841,0.577,,none
MC03,control,Session1,0505,data/extracted/torgo/MC03/Session1/pos/0505.pos,315,,,,0,0,1.306,0.644,,none
MC03,control,Session1,0506,data/extracted/torgo/MC03/Session1/pos/0506.pos,921,,,,0,0,1.509,0.819,,none
MC03,control,Session1,0507,data/extracted/torgo/MC03/Session1/pos/0507.pos,323,,,,0,0,1.048,0.653,,none
MC03,control,Session1,0508,data/extracted/torgo/MC03/Session1/pos/0508.pos,314,,,,0,0,0.73,0.561,,none
MC03,control,Session1,0509,data/extracted/torgo/MC03/Session1/pos/0509.pos,313,,,,0,0,0.828,0.578,,none
MC03,control,Session1,0510,data/extracted/torgo/MC03/Session1/pos/0510.pos,677,,,,0,0,1.551,0.78,,none
MC03,control,Session1,0511,data/extracted/torgo/MC03/Session1/pos/0511.pos,347,,,,0,0,1.316,0.691,,none
MC03,control,Session1,0512,data/extracted/torgo/MC03/Session1/pos/0512.pos,299,,,,0,0,0.912,0.59,,none
MC03,control,Session1,0513,data/extracted/torgo/MC03/Session1/pos/0513.pos,355,,,,0,0,1.52,0.649,,none
MC03,control,Session1,0514,data/extracted/torgo/MC03/Session1/pos/0514.pos,359,,,,0,0,1.111,0.677,,none
MC03,control,Session1,0515,data/extracted/torgo/MC03/Session1/pos/0515.pos,330,,,,0,0,0.877,0.594,,none
MC03,control,Session1,0516,data/extracted/torgo/MC03/Session1/pos/0516.pos,335,,,,0,0,0.867,0.59,,none
MC03,control,Session1,0517,data/extracted/torgo/MC03/Session1/pos/0517.pos,356,,,,0,0,0.964,0.563,,none
MC03,control,Session1,0518,data/extracted/torgo/MC03/Session1/pos/0518.pos,307,,,,0,0,0.894,0.615,,none
MC03,control,Session1,0519,data/extracted/torgo/MC03/Session1/pos/0519.pos,326,,,,0,0,1.281,0.628,,none
MC03,control,Session1,0520,data/extracted/torgo/MC03/Session1/pos/0520.pos,300,,,,0,0,1.368,0.627,,none
MC03,control,Session1,0521,data/extracted/torgo/MC03/Session1/pos/0521.pos,300,,,,0,0,1.053,0.677,,none
MC03,control,Session1,0522,data/extracted/torgo/MC03/Session1/pos/0522.pos,513,,,,0,0,1.604,0.765,,none
MC03,control,Session1,0523,data/extracted/torgo/MC03/Session1/pos/0523.pos,288,,,,0,0,0.866,0.584,,none
MC03,control,Session1,0524,data/extracted/torgo/MC03/Session1/pos/0524.pos,284,,,,0,0,1.259,0.721,,none
MC03,control,Session1,0525,data/extracted/torgo/MC03/Session1/pos/0525.pos,290,,,,0,0,1.33,0.655,,none
MC03,control,Session1,0526,data/extracted/torgo/MC03/Session1/pos/0526.pos,321,,,,0,0,0.961,0.622,,none
MC03,control,Session1,0527,data/extracted/torgo/MC03/Session1/pos/0527.pos,826,,,,0,0,1.576,0.784,,none
MC03,control,Session1,0528,data/extracted/torgo/MC03/Session1/pos/0528.pos,312,,,,0,0,1.082,0.64,,none
MC03,control,Session1,0529,data/extracted/torgo/MC03/Session1/pos/0529.pos,269,,,,0,0,1.167,0.701,,none
MC03,control,Session1,0530,data/extracted/torgo/MC03/Session1/pos/0530.pos,329,,,,0,0,1.154,0.678,,none
MC03,control,Session1,0531,data/extracted/torgo/MC03/Session1/pos/0531.pos,640,,,,0,0,1.577,0.87,,none
MC03,control,Session1,0532,data/extracted/torgo/MC03/Session1/pos/0532.pos,353,,,,0,0,0.981,0.599,,none
MC03,control,Session1,0533,data/extracted/torgo/MC03/Session1/pos/0533.pos,351,,,,0,0,0.997,0.582,,none
MC03,control,Session1,0534,data/extracted/torgo/MC03/Session1/pos/0534.pos,346,,,,0,0,1.319,0.724,,none
MC03,control,Session1,0535,data/extracted/torgo/MC03/Session1/pos/0535.pos,680,,,,0,0,1.705,0.821,,none
MC03,control,Session1,0536,data/extracted/torgo/MC03/Session1/pos/0536.pos,333,,,,0,0,0.971,0.59,,none
MC03,control,Session1,0537,data/extracted/torgo/MC03/Session1/pos/0537.pos,850,,,,0,0,1.26,0.743,,none
MC03,control,Session1,0538,data/extracted/torgo/MC03/Session1/pos/0538.pos,352,,,,0,0,0.967,0.647,,none
MC03,control,Session1,0539,data/extracted/torgo/MC03/Session1/pos/0539.pos,364,,,,0,0,0.931,0.593,,none
MC03,control,Session1,0540,data/extracted/torgo/MC03/Session1/pos/0540.pos,352,,,,0,0,1.238,0.747,,none
MC03,control,Session1,0541,data/extracted/torgo/MC03/Session1/pos/0541.pos,310,,,,0,0,1.076,0.579,,none
MC03,control,Session1,0542,data/extracted/torgo/MC03/Session1/pos/0542.pos,356,,,,0,0,1.224,0.581,,none
MC03,control,Session1,0543,data/extracted/torgo/MC03/Session1/pos/0543.pos,328,,,,0,0,0.891,0.539,,none
MC03,control,Session1,0544,data/extracted/torgo/MC03/Session1/pos/0544.pos,353,,,9,2,2,31.375,0.635,large_position_step,medium
MC03,control,Session1,0545,data/extracted/torgo/MC03/Session1/pos/0545.pos,319,,,,0,0,9.882,0.889,,none
MC03,control,Session1,0546,data/extracted/torgo/MC03/Session1/pos/0546.pos,336,,,,0,0,1.294,0.601,,none
MC03,control,Session1,0547,data/extracted/torgo/MC03/Session1/pos/0547.pos,411,,,,0,0,1.521,0.591,,none
MC03,control,Session1,0548,data/extracted/torgo/MC03/Session1/pos/0548.pos,395,,,9,4,4,40.419,1.022,large_position_step,medium
MC03,control,Session1,0549,data/extracted/torgo/MC03/Session1/pos/0549.pos,678,,,,0,0,1.456,0.695,,none
MC03,control,Session1,0550,data/extracted/torgo/MC03/Session1/pos/0550.pos,482,,,9,1,1,42.714,0.981,large_position_step,medium
MC03,control,Session1,0551,data/extracted/torgo/MC03/Session1/pos/0551.pos,374,,,9,1,3,25.202,0.89,large_position_step,medium
MC03,control,Session1,0552,data/extracted/torgo/MC03/Session1/pos/0552.pos,666,,,,0,0,0.812,0.503,,none
MC03,control,Session1,0553,data/extracted/torgo/MC03/Session1/pos/0553.pos,413,,,,0,0,1.188,0.604,,none
MC03,control,Session1,0554,data/extracted/torgo/MC03/Session1/pos/0554.pos,349,,,,0,0,1.05,0.546,,none
MC03,control,Session1,0555,data/extracted/torgo/MC03/Session1/pos/0555.pos,600,,,,0,0,1.526,0.682,,none
MC03,control,Session1,0556,data/extracted/torgo/MC03/Session1/pos/0556.pos,340,,,,0,0,0.93,0.524,,none
MC03,control,Session1,0557,data/extracted/torgo/MC03/Session1/pos/0557.pos,301,,,,0,0,0.883,0.583,,none
MC03,control,Session1,0558,data/extracted/torgo/MC03/Session1/pos/0558.pos,647,,,,0,0,1.494,0.806,,none
MC03,control,Session1,0559,data/extracted/torgo/MC03/Session1/pos/0559.pos,320,,,,0,0,1.412,0.839,,none
MC03,control,Session1,0560,data/extracted/torgo/MC03/Session1/pos/0560.pos,802,,,,0,0,1.785,0.804,,none
MC03,control,Session1,0561,data/extracted/torgo/MC03/Session1/pos/0561.pos,373,,,,0,0,1.139,0.659,,none
MC03,control,Session1,0562,data/extracted/torgo/MC03/Session1/pos/0562.pos,654,,,,0,0,1.539,0.811,,none
MC03,control,Session1,0563,data/extracted/torgo/MC03/Session1/pos/0563.pos,320,,,,0,0,2.286,0.839,,none
MC03,control,Session1,0564,data/extracted/torgo/MC03/Session1/pos/0564.pos,313,,,,0,0,1.009,0.634,,none
MC03,control,Session1,0565,data/extracted/torgo/MC03/Session1/pos/0565.pos,310,,,,0,0,1.355,0.713,,none
MC03,control,Session1,0566,data/extracted/torgo/MC03/Session1/pos/0566.pos,253,,,,0,0,1.039,0.7,,none
MC03,control,Session1,0567,data/extracted/torgo/MC03/Session1/pos/0567.pos,309,,,,0,0,1.099,0.604,,none
MC03,control,Session1,0568,data/extracted/torgo/MC03/Session1/pos/0568.pos,374,,,,0,0,0.88,0.619,,none
MC03,control,Session1,0569,data/extracted/torgo/MC03/Session1/pos/0569.pos,1291,,,,0,0,1.482,0.701,,none
MC03,control,Session1,0570,data/extracted/torgo/MC03/Session1/pos/0570.pos,444,,,,0,0,1.033,0.574,,none
MC03,control,Session1,0571,data/extracted/torgo/MC03/Session1/pos/0571.pos,292,,,,0,0,0.79,0.569,,none
MC03,control,Session1,0572,data/extracted/torgo/MC03/Session1/pos/0572.pos,819,,,,0,0,1.454,0.738,,none
MC03,control,Session1,0573,data/extracted/torgo/MC03/Session1/pos/0573.pos,303,,,,0,0,1.218,0.62,,none
MC03,control,Session1,0574,data/extracted/torgo/MC03/Session1/pos/0574.pos,368,,,,0,0,0.918,0.553,,none
MC03,control,Session1,0575,data/extracted/torgo/MC03/Session1/pos/0575.pos,378,,,,0,0,0.893,0.58,,none
MC03,control,Session1,0576,data/extracted/torgo/MC03/Session1/pos/0576.pos,639,,,,0,0,1.211,0.673,,none
MC03,control,Session1,0577,data/extracted/torgo/MC03/Session1/pos/0577.pos,382,,,,0,0,1.18,0.682,,none
MC03,control,Session1,0578,data/extracted/torgo/MC03/Session1/pos/0578.pos,377,,,,0,0,1.15,0.628,,none
MC03,control,Session1,0579,data/extracted/torgo/MC03/Session1/pos/0579.pos,756,,,,0,0,1.579,0.713,,none
MC03,control,Session1,0580,data/extracted/torgo/MC03/Session1/pos/0580.pos,300,,,,0,0,0.903,0.586,,none
MC03,control,Session1,0581,data/extracted/torgo/MC03/Session1/pos/0581.pos,321,,,,0,0,1.116,0.655,,none
MC03,control,Session1,0582,data/extracted/torgo/MC03/Session1/pos/0582.pos,327,,,,0,0,1.008,0.63,,none
MC03,control,Session1,0583,data/extracted/torgo/MC03/Session1/pos/0583.pos,958,,,,0,0,1.336,0.771,,none
MC03,control,Session1,0584,data/extracted/torgo/MC03/Session1/pos/0584.pos,377,,,,0,0,0.95,0.554,,none
MC03,control,Session1,0585,data/extracted/torgo/MC03/Session1/pos/0585.pos,365,,,,0,0,1.485,0.646,,none
MC03,control,Session1,0586,data/extracted/torgo/MC03/Session1/pos/0586.pos,326,,,,0,0,0.96,0.616,,none
MC03,control,Session1,0587,data/extracted/torgo/MC03/Session1/pos/0587.pos,308,,,,0,0,1.166,0.574,,none
MC03,control,Session1,0588,data/extracted/torgo/MC03/Session1/pos/0588.pos,382,,,,0,0,0.92,0.566,,none
MC03,control,Session1,0589,data/extracted/torgo/MC03/Session1/pos/0589.pos,335,,,,0,0,1.17,0.641,,none
MC03,control,Session1,0590,data/extracted/torgo/MC03/Session1/pos/0590.pos,1271,,,,0,0,1.194,0.683,,none
MC03,control,Session1,0591,data/extracted/torgo/MC03/Session1/pos/0591.pos,398,,,,0,0,1.113,0.583,,none
MC03,control,Session1,0592,data/extracted/torgo/MC03/Session1/pos/0592.pos,379,,,,0,0,1.281,0.698,,none
MC03,control,Session1,0593,data/extracted/torgo/MC03/Session1/pos/0593.pos,701,,,,0,0,1.589,0.878,,none
MC03,control,Session1,0594,data/extracted/torgo/MC03/Session1/pos/0594.pos,366,,,,0,0,1.034,0.532,,none
MC03,control,Session1,0595,data/extracted/torgo/MC03/Session1/pos/0595.pos,353,,,,0,0,0.903,0.638,,none
MC03,control,Session1,0596,data/extracted/torgo/MC03/Session1/pos/0596.pos,352,,,,0,0,1.266,0.576,,none
MC03,control,Session1,0597,data/extracted/torgo/MC03/Session1/pos/0597.pos,679,,,,0,0,1.492,0.647,,none
MC03,control,Session1,0598,data/extracted/torgo/MC03/Session1/pos/0598.pos,371,,,,0,0,1.11,0.609,,none
MC03,control,Session1,0599,data/extracted/torgo/MC03/Session1/pos/0599.pos,417,,,,0,0,1.135,0.583,,none
MC03,control,Session1,0600,data/extracted/torgo/MC03/Session1/pos/0600.pos,499,,,,0,0,1.169,0.619,,none
MC04,control,Session1,0001,data/extracted/torgo/MC04/Session1/pos/0001.pos,1137,,,,0,0,2.293,0.943,,none
MC04,control,Session1,0002,data/extracted/torgo/MC04/Session1/pos/0002.pos,714,,,,0,0,1.663,0.81,,none
MC04,control,Session1,0003,data/extracted/torgo/MC04/Session1/pos/0003.pos,1159,,,,0,0,1.429,0.964,,none
MC04,control,Session1,0004,data/extracted/torgo/MC04/Session1/pos/0004.pos,985,,,,0,0,1.557,1.149,,none
MC04,control,Session1,0005,data/extracted/torgo/MC04/Session1/pos/0005.pos,433,,,,0,0,2.435,1.079,,none
MC04,control,Session1,0006,data/extracted/torgo/MC04/Session1/pos/0006.pos,425,,,2,1,1,33.588,1.112,large_position_step,medium
MC04,control,Session1,0007,data/extracted/torgo/MC04/Session1/pos/0007.pos,392,,,,0,1,16.066,0.991,,none
MC04,control,Session1,0008,data/extracted/torgo/MC04/Session1/pos/0008.pos,417,,,,0,2,15.163,1.375,,none
MC04,control,Session1,0009,data/extracted/torgo/MC04/Session1/pos/0009.pos,1250,,,,0,0,1.514,0.808,,none
MC04,control,Session1,0010,data/extracted/torgo/MC04/Session1/pos/0010.pos,356,,,,0,0,2.071,0.919,,none
MC04,control,Session1,0011,data/extracted/torgo/MC04/Session1/pos/0011.pos,383,,,,0,0,1.517,0.844,,none
MC04,control,Session1,0012,data/extracted/torgo/MC04/Session1/pos/0012.pos,824,,,,0,1,15.477,1.299,,none
MC04,control,Session1,0013,data/extracted/torgo/MC04/Session1/pos/0013.pos,468,,,,0,0,2.366,0.886,,none
MC04,control,Session1,0014,data/extracted/torgo/MC04/Session1/pos/0014.pos,415,,,,0,0,1.332,0.711,,none
MC04,control,Session1,0015,data/extracted/torgo/MC04/Session1/pos/0015.pos,433,,,,0,0,2.602,0.937,,none
MC04,control,Session1,0016,data/extracted/torgo/MC04/Session1/pos/0016.pos,828,,,,0,0,1.727,1.076,,none
MC04,control,Session1,0017,data/extracted/torgo/MC04/Session1/pos/0017.pos,356,,,,0,0,1.949,0.942,,none
MC04,control,Session1,0018,data/extracted/torgo/MC04/Session1/pos/0018.pos,399,,,,0,0,1.959,0.876,,none
MC04,control,Session1,0019,data/extracted/torgo/MC04/Session1/pos/0019.pos,368,,,,0,0,5.022,1.082,,none
MC04,control,Session1,0020,data/extracted/torgo/MC04/Session1/pos/0020.pos,406,,,,0,0,3.603,0.919,,none
MC04,control,Session1,0021,data/extracted/torgo/MC04/Session1/pos/0021.pos,383,,,,0,1,16.534,1.354,,none
MC04,control,Session1,0022,data/extracted/torgo/MC04/Session1/pos/0022.pos,500,,,,0,1,10.727,0.882,,none
MC04,control,Session1,0023,data/extracted/torgo/MC04/Session1/pos/0023.pos,991,,,1|10,3,3,45.839,1.423,large_position_step,medium
MC04,control,Session1,0024,data/extracted/torgo/MC04/Session1/pos/0024.pos,399,,,,0,0,2.185,1.111,,none
MC04,control,Session1,0025,data/extracted/torgo/MC04/Session1/pos/0025.pos,420,,,,0,0,1.992,0.897,,none
MC04,control,Session1,0026,data/extracted/torgo/MC04/Session1/pos/0026.pos,1141,,,1,1,2,35.503,1.152,large_position_step,medium
MC04,control,Session1,0027,data/extracted/torgo/MC04/Session1/pos/0027.pos,1092,,,,0,0,1.681,1.112,,none
MC04,control,Session1,0028,data/extracted/torgo/MC04/Session1/pos/0028.pos,386,,,,0,0,1.496,0.839,,none
MC04,control,Session1,0029,data/extracted/torgo/MC04/Session1/pos/0029.pos,393,,,,0,0,1.226,0.68,,none
MC04,control,Session1,0030,data/extracted/torgo/MC04/Session1/pos/0030.pos,794,,,,0,0,2.315,1.115,,none
MC04,control,Session1,0031,data/extracted/torgo/MC04/Session1/pos/0031.pos,1006,,,,0,0,3.458,1.204,,none
MC04,control,Session1,0032,data/extracted/torgo/MC04/Session1/pos/0032.pos,371,,,,0,0,1.838,1.01,,none
MC04,control,Session1,0033,data/extracted/torgo/MC04/Session1/pos/0033.pos,882,,,,0,1,11.243,1.217,,none
MC04,control,Session1,0034,data/extracted/torgo/MC04/Session1/pos/0034.pos,420,,,,0,0,2.125,0.961,,none
MC04,control,Session1,0035,data/extracted/torgo/MC04/Session1/pos/0035.pos,321,,,,0,0,1.242,0.698,,none
MC04,control,Session1,0036,data/extracted/torgo/MC04/Session1/pos/0036.pos,929,,,,0,0,3.194,1.149,,none
MC04,control,Session1,0037,data/extracted/torgo/MC04/Session1/pos/0037.pos,365,,,,0,0,1.648,0.801,,none
MC04,control,Session1,0038,data/extracted/torgo/MC04/Session1/pos/0038.pos,321,,,,0,0,1.447,0.942,,none
MC04,control,Session1,0039,data/extracted/torgo/MC04/Session1/pos/0039.pos,363,,,,0,0,2.022,1.009,,none
MC04,control,Session1,0040,data/extracted/torgo/MC04/Session1/pos/0040.pos,348,,,,0,0,2.291,0.933,,none
MC04,control,Session1,0041,data/extracted/torgo/MC04/Session1/pos/0041.pos,319,,,,0,0,2.134,0.908,,none
MC04,control,Session1,0042,data/extracted/torgo/MC04/Session1/pos/0042.pos,369,,,,0,0,2.159,0.765,,none
MC04,control,Session1,0043,data/extracted/torgo/MC04/Session1/pos/0043.pos,323,,,,0,0,1.239,0.757,,none
MC04,control,Session1,0044,data/extracted/torgo/MC04/Session1/pos/0044.pos,395,,,,0,0,1.185,0.648,,none
MC04,control,Session1,0045,data/extracted/torgo/MC04/Session1/pos/0045.pos,402,,,,0,0,1.622,0.81,,none
MC04,control,Session1,0046,data/extracted/torgo/MC04/Session1/pos/0046.pos,434,,,,0,0,2.326,0.945,,none
MC04,control,Session1,0047,data/extracted/torgo/MC04/Session1/pos/0047.pos,383,,,,0,0,1.284,0.823,,none
MC04,control,Session1,0048,data/extracted/torgo/MC04/Session1/pos/0048.pos,360,,,,0,0,1.289,0.821,,none
MC04,control,Session1,0049,data/extracted/torgo/MC04/Session1/pos/0049.pos,408,,,,0,0,1.465,0.825,,none
MC04,control,Session1,0050,data/extracted/torgo/MC04/Session1/pos/0050.pos,2967,,,,0,2,12.821,1.035,,none
MC04,control,Session1,0051,data/extracted/torgo/MC04/Session1/pos/0051.pos,480,,,,0,0,1.763,0.852,,none
MC04,control,Session1,0052,data/extracted/torgo/MC04/Session1/pos/0052.pos,426,,,,0,0,1.61,0.963,,none
MC04,control,Session1,0053,data/extracted/torgo/MC04/Session1/pos/0053.pos,345,,,,0,0,1.365,0.808,,none
MC04,control,Session1,0054,data/extracted/torgo/MC04/Session1/pos/0054.pos,391,,,,0,0,2.4,0.89,,none
MC04,control,Session1,0055,data/extracted/torgo/MC04/Session1/pos/0055.pos,381,,,,0,0,1.399,0.851,,none
MC04,control,Session1,0056,data/extracted/torgo/MC04/Session1/pos/0056.pos,349,,,,0,0,1.825,0.866,,none
MC04,control,Session1,0057,data/extracted/torgo/MC04/Session1/pos/0057.pos,349,,,,0,0,2.037,1.347,,none
MC04,control,Session1,0058,data/extracted/torgo/MC04/Session1/pos/0058.pos,331,,,,0,0,1.999,0.825,,none
MC04,control,Session1,0059,data/extracted/torgo/MC04/Session1/pos/0059.pos,313,,,,0,0,1.365,0.697,,none
MC04,control,Session1,0060,data/extracted/torgo/MC04/Session1/pos/0060.pos,340,,,,0,0,1.344,0.774,,none
MC04,control,Session1,0061,data/extracted/torgo/MC04/Session1/pos/0061.pos,3153,,,,0,0,3.409,1.014,,none
MC04,control,Session1,0062,data/extracted/torgo/MC04/Session1/pos/0062.pos,332,,,,0,0,1.604,0.888,,none
MC04,control,Session1,0063,data/extracted/torgo/MC04/Session1/pos/0063.pos,364,,,,0,0,1.741,0.813,,none
MC04,control,Session1,0064,data/extracted/torgo/MC04/Session1/pos/0064.pos,280,,,,0,0,1.159,0.793,,none
MC04,control,Session1,0065,data/extracted/torgo/MC04/Session1/pos/0065.pos,333,,,,0,0,1.871,0.826,,none
MC04,control,Session1,0066,data/extracted/torgo/MC04/Session1/pos/0066.pos,319,,,,0,0,1.292,0.768,,none
MC04,control,Session1,0067,data/extracted/torgo/MC04/Session1/pos/0067.pos,331,,,,0,0,1.493,0.888,,none
MC04,control,Session1,0068,data/extracted/torgo/MC04/Session1/pos/0068.pos,326,,,,0,0,1.575,0.69,,none
MC04,control,Session1,0069,data/extracted/torgo/MC04/Session1/pos/0069.pos,276,,,,0,0,1.348,0.81,,none
MC04,control,Session1,0070,data/extracted/torgo/MC04/Session1/pos/0070.pos,404,,,,0,0,1.964,0.779,,none
MC04,control,Session1,0071,data/extracted/torgo/MC04/Session1/pos/0071.pos,401,,,,0,0,2.076,0.904,,none
MC04,control,Session1,0072,data/extracted/torgo/MC04/Session1/pos/0072.pos,911,,,,0,0,2.621,1.069,,none
MC04,control,Session1,0073,data/extracted/torgo/MC04/Session1/pos/0073.pos,794,,,,0,0,1.834,0.999,,none
MC04,control,Session1,0074,data/extracted/torgo/MC04/Session1/pos/0074.pos,334,,,,0,0,7.534,0.931,,none
MC04,control,Session1,0075,data/extracted/torgo/MC04/Session1/pos/0075.pos,354,,,,0,0,3.027,1.105,,none
MC04,control,Session1,0076,data/extracted/torgo/MC04/Session1/pos/0076.pos,361,,,,0,0,1.888,0.965,,none
MC04,control,Session1,0077,data/extracted/torgo/MC04/Session1/pos/0077.pos,377,,,,0,0,1.786,0.748,,none
MC04,control,Session1,0078,data/extracted/torgo/MC04/Session1/pos/0078.pos,372,,,,0,0,2.477,0.941,,none
MC04,control,Session1,0079,data/extracted/torgo/MC04/Session1/pos/0079.pos,377,,,,0,0,1.61,0.763,,none
MC04,control,Session1,0080,data/extracted/torgo/MC04/Session1/pos/0080.pos,315,,,,0,0,2.083,1.096,,none
MC04,control,Session1,0081,data/extracted/torgo/MC04/Session1/pos/0081.pos,359,,,,0,0,1.986,0.921,,none
MC04,control,Session1,0082,data/extracted/torgo/MC04/Session1/pos/0082.pos,294,,,,0,0,1.398,0.843,,none
MC04,control,Session1,0083,data/extracted/torgo/MC04/Session1/pos/0083.pos,664,,,,0,0,4.45,1.054,,none
MC04,control,Session1,0084,data/extracted/torgo/MC04/Session1/pos/0084.pos,748,,,,0,0,5.65,1.049,,none
MC04,control,Session1,0085,data/extracted/torgo/MC04/Session1/pos/0085.pos,364,,,,0,0,2.519,0.984,,none
MC04,control,Session1,0086,data/extracted/torgo/MC04/Session1/pos/0086.pos,309,,,,0,0,1.335,0.616,,none
MC04,control,Session1,0087,data/extracted/torgo/MC04/Session1/pos/0087.pos,287,,,,0,0,1.435,0.878,,none
MC04,control,Session1,0088,data/extracted/torgo/MC04/Session1/pos/0088.pos,329,,,,0,0,1.136,0.75,,none
MC04,control,Session1,0089,data/extracted/torgo/MC04/Session1/pos/0089.pos,357,,,,0,0,1.558,0.862,,none
MC04,control,Session1,0090,data/extracted/torgo/MC04/Session1/pos/0090.pos,355,,,,0,0,1.599,1.009,,none
MC04,control,Session1,0091,data/extracted/torgo/MC04/Session1/pos/0091.pos,367,,,,0,0,1.251,0.865,,none
MC04,control,Session1,0092,data/extracted/torgo/MC04/Session1/pos/0092.pos,305,,,,0,0,1.292,0.963,,none
MC04,control,Session1,0093,data/extracted/torgo/MC04/Session1/pos/0093.pos,291,,,,0,0,2.01,0.871,,none
MC04,control,Session1,0094,data/extracted/torgo/MC04/Session1/pos/0094.pos,907,,,,0,0,2.681,1.062,,none
MC04,control,Session1,0095,data/extracted/torgo/MC04/Session1/pos/0095.pos,288,,,,0,0,1.651,0.793,,none
MC04,control,Session1,0096,data/extracted/torgo/MC04/Session1/pos/0096.pos,324,,,,0,0,1.304,0.848,,none
MC04,control,Session1,0097,data/extracted/torgo/MC04/Session1/pos/0097.pos,334,,,,0,0,1.161,0.699,,none
MC04,control,Session1,0098,data/extracted/torgo/MC04/Session1/pos/0098.pos,1173,,,2,1,1,24.645,1.046,large_position_step,medium
MC04,control,Session1,0099,data/extracted/torgo/MC04/Session1/pos/0099.pos,379,,,,0,0,1.512,0.717,,none
MC04,control,Session1,0100,data/extracted/torgo/MC04/Session1/pos/0100.pos,343,,,,0,0,1.825,0.796,,none
MC04,control,Session1,0101,data/extracted/torgo/MC04/Session1/pos/0101.pos,347,,,,0,0,1.716,0.768,,none
MC04,control,Session1,0102,data/extracted/torgo/MC04/Session1/pos/0102.pos,287,,,,0,0,1.309,0.729,,none
MC04,control,Session1,0103,data/extracted/torgo/MC04/Session1/pos/0103.pos,286,,,,0,0,1.88,0.844,,none
MC04,control,Session1,0104,data/extracted/torgo/MC04/Session1/pos/0104.pos,293,,,,0,0,1.355,0.737,,none
MC04,control,Session1,0105,data/extracted/torgo/MC04/Session1/pos/0105.pos,816,,,,0,1,14.589,0.975,,none
MC04,control,Session1,0106,data/extracted/torgo/MC04/Session1/pos/0106.pos,385,,,,0,0,2.808,1.138,,none
MC04,control,Session1,0107,data/extracted/torgo/MC04/Session1/pos/0107.pos,341,,,,0,0,1.306,0.84,,none
MC04,control,Session1,0108,data/extracted/torgo/MC04/Session1/pos/0108.pos,361,,,,0,0,1.433,0.725,,none
MC04,control,Session1,0109,data/extracted/torgo/MC04/Session1/pos/0109.pos,748,,,,0,0,1.589,0.909,,none
MC04,control,Session1,0110,data/extracted/torgo/MC04/Session1/pos/0110.pos,373,,,,0,0,1.098,0.635,,none
MC04,control,Session1,0111,data/extracted/torgo/MC04/Session1/pos/0111.pos,346,,,,0,0,1.08,0.703,,none
MC04,control,Session1,0112,data/extracted/torgo/MC04/Session1/pos/0112.pos,337,,,,0,0,2.012,1.116,,none
MC04,control,Session1,0113,data/extracted/torgo/MC04/Session1/pos/0113.pos,329,,,,0,0,1.32,0.721,,none
MC04,control,Session1,0114,data/extracted/torgo/MC04/Session1/pos/0114.pos,276,,,,0,0,1.465,0.724,,none
MC04,control,Session1,0115,data/extracted/torgo/MC04/Session1/pos/0115.pos,686,,,,0,0,1.374,0.715,,none
MC04,control,Session1,0116,data/extracted/torgo/MC04/Session1/pos/0116.pos,1193,,,,0,0,2.144,1.083,,none
MC04,control,Session1,0117,data/extracted/torgo/MC04/Session1/pos/0117.pos,1155,,,,0,0,2.145,0.964,,none
MC04,control,Session1,0118,data/extracted/torgo/MC04/Session1/pos/0118.pos,308,,,,0,0,1.556,0.939,,none
MC04,control,Session1,0119,data/extracted/torgo/MC04/Session1/pos/0119.pos,1065,,,,0,0,1.875,0.799,,none
MC04,control,Session1,0120,data/extracted/torgo/MC04/Session1/pos/0120.pos,373,,,,0,0,1.722,0.913,,none
MC04,control,Session1,0121,data/extracted/torgo/MC04/Session1/pos/0121.pos,318,,,,0,0,3.46,1.105,,none
MC04,control,Session1,0122,data/extracted/torgo/MC04/Session1/pos/0122.pos,395,,,1,1,2,104.721,1.437,large_position_step,medium
MC04,control,Session1,0123,data/extracted/torgo/MC04/Session1/pos/0123.pos,379,,,,0,0,1.471,0.871,,none
MC04,control,Session1,0124,data/extracted/torgo/MC04/Session1/pos/0124.pos,360,,,,0,0,3.353,0.987,,none
MC04,control,Session1,0125,data/extracted/torgo/MC04/Session1/pos/0125.pos,626,,,,0,0,2.086,1.114,,none
MC04,control,Session1,0126,data/extracted/torgo/MC04/Session1/pos/0126.pos,780,,,,0,0,3.983,1.025,,none
MC04,control,Session1,0127,data/extracted/torgo/MC04/Session1/pos/0127.pos,820,,,,0,1,16.993,1.093,,none
MC04,control,Session1,0128,data/extracted/torgo/MC04/Session1/pos/0128.pos,351,,,,0,0,1.542,0.878,,none
MC04,control,Session1,0129,data/extracted/torgo/MC04/Session1/pos/0129.pos,579,,,,0,0,1.984,1.029,,none
MC04,control,Session1,0130,data/extracted/torgo/MC04/Session1/pos/0130.pos,774,,,,0,0,2.207,1.348,,none
MC04,control,Session1,0131,data/extracted/torgo/MC04/Session1/pos/0131.pos,347,,,,0,0,1.761,0.995,,none
MC04,control,Session1,0132,data/extracted/torgo/MC04/Session1/pos/0132.pos,1556,,,,0,0,3.526,1.09,,none
MC04,control,Session1,0133,data/extracted/torgo/MC04/Session1/pos/0133.pos,427,,,2,1,1,22.604,1.277,large_position_step,medium
MC04,control,Session1,0134,data/extracted/torgo/MC04/Session1/pos/0134.pos,329,,,,0,0,1.494,0.943,,none
MC04,control,Session1,0135,data/extracted/torgo/MC04/Session1/pos/0135.pos,310,,,,0,0,1.798,1.064,,none
MC04,control,Session1,0136,data/extracted/torgo/MC04/Session1/pos/0136.pos,284,,,,0,0,1.33,0.771,,none
MC04,control,Session1,0137,data/extracted/torgo/MC04/Session1/pos/0137.pos,313,,,,0,0,1.422,0.789,,none
MC04,control,Session1,0138,data/extracted/torgo/MC04/Session1/pos/0138.pos,280,,,,0,0,1.902,0.928,,none
MC04,control,Session1,0139,data/extracted/torgo/MC04/Session1/pos/0139.pos,290,,,,0,0,2.575,0.936,,none
MC04,control,Session1,0140,data/extracted/torgo/MC04/Session1/pos/0140.pos,290,,,,0,0,2.441,1.052,,none
MC04,control,Session1,0141,data/extracted/torgo/MC04/Session1/pos/0141.pos,297,,,,0,0,1.403,0.937,,none
MC04,control,Session1,0142,data/extracted/torgo/MC04/Session1/pos/0142.pos,274,,,,0,0,1.176,0.829,,none
MC04,control,Session1,0143,data/extracted/torgo/MC04/Session1/pos/0143.pos,306,,,,0,0,1.455,0.789,,none
MC04,control,Session1,0144,data/extracted/torgo/MC04/Session1/pos/0144.pos,471,,,,0,0,2.077,0.888,,none
MC04,control,Session1,0145,data/extracted/torgo/MC04/Session1/pos/0145.pos,343,,,,0,0,1.532,0.745,,none
MC04,control,Session1,0146,data/extracted/torgo/MC04/Session1/pos/0146.pos,308,,,,0,0,2.158,0.945,,none
MC04,control,Session1,0147,data/extracted/torgo/MC04/Session1/pos/0147.pos,284,,,,0,0,1.216,0.743,,none
MC04,control,Session1,0148,data/extracted/torgo/MC04/Session1/pos/0148.pos,584,,,,0,0,3.582,1.295,,none
MC04,control,Session1,0149,data/extracted/torgo/MC04/Session1/pos/0149.pos,684,,,,0,0,1.671,1.075,,none
MC04,control,Session1,0150,data/extracted/torgo/MC04/Session1/pos/0150.pos,328,,,,0,0,1.593,0.865,,none
MC04,control,Session1,0151,data/extracted/torgo/MC04/Session1/pos/0151.pos,360,,,,0,1,17.763,1.265,,none
MC04,control,Session1,0152,data/extracted/torgo/MC04/Session1/pos/0152.pos,647,,,,0,0,1.69,1.075,,none
MC04,control,Session1,0153,data/extracted/torgo/MC04/Session1/pos/0153.pos,418,,,,0,0,1.893,0.958,,none
MC04,control,Session1,0154,data/extracted/torgo/MC04/Session1/pos/0154.pos,715,,,,0,0,1.798,1.113,,none
MC04,control,Session1,0155,data/extracted/torgo/MC04/Session1/pos/0155.pos,694,,,,0,0,2.061,1.11,,none
MC04,control,Session1,0156,data/extracted/torgo/MC04/Session1/pos/0156.pos,344,,,,0,0,1.933,1.104,,none
MC04,control,Session1,0157,data/extracted/torgo/MC04/Session1/pos/0157.pos,284,,,,0,0,1.589,0.917,,none
MC04,control,Session1,0158,data/extracted/torgo/MC04/Session1/pos/0158.pos,333,,,,0,0,1.483,0.908,,none
MC04,control,Session1,0159,data/extracted/torgo/MC04/Session1/pos/0159.pos,338,,,,0,0,1.535,0.834,,none
MC04,control,Session1,0160,data/extracted/torgo/MC04/Session1/pos/0160.pos,363,,,,0,0,1.185,0.82,,none
MC04,control,Session1,0161,data/extracted/torgo/MC04/Session1/pos/0161.pos,336,,,,0,0,1.25,0.909,,none
MC04,control,Session1,0162,data/extracted/torgo/MC04/Session1/pos/0162.pos,342,,,,0,0,1.511,0.927,,none
MC04,control,Session1,0163,data/extracted/torgo/MC04/Session1/pos/0163.pos,332,,,,0,0,1.809,0.821,,none
MC04,control,Session1,0164,data/extracted/torgo/MC04/Session1/pos/0164.pos,484,,,,0,0,1.553,0.799,,none
MC04,control,Session1,0165,data/extracted/torgo/MC04/Session1/pos/0165.pos,356,,,,0,0,1.292,0.866,,none
MC04,control,Session1,0166,data/extracted/torgo/MC04/Session1/pos/0166.pos,359,,,,0,0,2.021,0.729,,none
MC04,control,Session1,0167,data/extracted/torgo/MC04/Session1/pos/0167.pos,765,,,,0,0,1.632,0.993,,none
MC04,control,Session1,0168,data/extracted/torgo/MC04/Session1/pos/0168.pos,327,,,,0,0,8.42,0.992,,none
MC04,control,Session1,0169,data/extracted/torgo/MC04/Session1/pos/0169.pos,365,,,,0,0,1.152,0.708,,none
MC04,control,Session1,0170,data/extracted/torgo/MC04/Session1/pos/0170.pos,629,,,,0,0,2.284,1.158,,none
MC04,control,Session1,0171,data/extracted/torgo/MC04/Session1/pos/0171.pos,386,,,,0,0,3.464,0.966,,none
MC04,control,Session1,0172,data/extracted/torgo/MC04/Session1/pos/0172.pos,317,,,,0,0,1.558,0.865,,none
MC04,control,Session1,0173,data/extracted/torgo/MC04/Session1/pos/0173.pos,342,,,,0,0,1.49,0.994,,none
MC04,control,Session1,0174,data/extracted/torgo/MC04/Session1/pos/0174.pos,315,,,,0,0,1.624,0.775,,none
MC04,control,Session1,0175,data/extracted/torgo/MC04/Session1/pos/0175.pos,401,,,,0,0,1.348,0.794,,none
MC04,control,Session1,0176,data/extracted/torgo/MC04/Session1/pos/0176.pos,270,,,,0,0,1.19,0.702,,none
MC04,control,Session1,0177,data/extracted/torgo/MC04/Session1/pos/0177.pos,348,,,,0,0,1.258,0.78,,none
MC04,control,Session1,0178,data/extracted/torgo/MC04/Session1/pos/0178.pos,801,,,,0,0,2.608,1.162,,none
MC04,control,Session1,0179,data/extracted/torgo/MC04/Session1/pos/0179.pos,781,,,,0,0,3.002,1.19,,none
MC04,control,Session1,0180,data/extracted/torgo/MC04/Session1/pos/0180.pos,681,,,,0,0,1.574,0.982,,none
MC04,control,Session1,0181,data/extracted/torgo/MC04/Session1/pos/0181.pos,400,,,,0,0,3.266,0.901,,none
MC04,control,Session1,0182,data/extracted/torgo/MC04/Session1/pos/0182.pos,308,,,,0,0,1.896,0.955,,none
MC04,control,Session1,0183,data/extracted/torgo/MC04/Session1/pos/0183.pos,339,,,,0,0,1.182,0.715,,none
MC04,control,Session1,0184,data/extracted/torgo/MC04/Session1/pos/0184.pos,323,,,,0,0,1.679,0.839,,none
MC04,control,Session1,0185,data/extracted/torgo/MC04/Session1/pos/0185.pos,320,,,,0,0,1.821,0.78,,none
MC04,control,Session1,0186,data/extracted/torgo/MC04/Session1/pos/0186.pos,351,,,,0,0,1.238,0.817,,none
MC04,control,Session1,0187,data/extracted/torgo/MC04/Session1/pos/0187.pos,350,,,,0,1,17.891,0.822,,none
MC04,control,Session1,0188,data/extracted/torgo/MC04/Session1/pos/0188.pos,63,,,,0,0,1.198,0.802,,none
MC04,control,Session1,0189,data/extracted/torgo/MC04/Session1/pos/0189.pos,310,,,,0,0,1.139,0.685,,none
MC04,control,Session1,0190,data/extracted/torgo/MC04/Session1/pos/0190.pos,455,,,,0,0,1.774,0.762,,none
MC04,control,Session1,0191,data/extracted/torgo/MC04/Session1/pos/0191.pos,345,,,,0,0,1.138,0.75,,none
MC04,control,Session1,0192,data/extracted/torgo/MC04/Session1/pos/0192.pos,328,,,,0,0,1.471,0.782,,none
MC04,control,Session1,0193,data/extracted/torgo/MC04/Session1/pos/0193.pos,362,,,,0,0,6.001,1.085,,none
MC04,control,Session1,0194,data/extracted/torgo/MC04/Session1/pos/0194.pos,324,,,,0,0,1.465,0.757,,none
MC04,control,Session1,0195,data/extracted/torgo/MC04/Session1/pos/0195.pos,258,,,,0,0,1.371,0.907,,none
MC04,control,Session1,0196,data/extracted/torgo/MC04/Session1/pos/0196.pos,756,,,,0,0,1.926,1.058,,none
MC04,control,Session1,0197,data/extracted/torgo/MC04/Session1/pos/0197.pos,328,,,,0,0,2.234,1.005,,none
MC04,control,Session1,0198,data/extracted/torgo/MC04/Session1/pos/0198.pos,359,,,,0,0,1.532,0.819,,none
MC04,control,Session1,0199,data/extracted/torgo/MC04/Session1/pos/0199.pos,349,,,,0,1,15.545,1.172,,none
MC04,control,Session1,0200,data/extracted/torgo/MC04/Session1/pos/0200.pos,771,,,,0,0,2.629,1.176,,none
MC04,control,Session1,0201,data/extracted/torgo/MC04/Session1/pos/0201.pos,368,,,,0,0,4.343,0.945,,none
MC04,control,Session1,0202,data/extracted/torgo/MC04/Session1/pos/0202.pos,290,,,,0,0,1.42,0.756,,none
MC04,control,Session1,0203,data/extracted/torgo/MC04/Session1/pos/0203.pos,329,,,,0,0,1.218,0.927,,none
MC04,control,Session1,0204,data/extracted/torgo/MC04/Session1/pos/0204.pos,334,,,,0,0,1.616,0.903,,none
MC04,control,Session1,0205,data/extracted/torgo/MC04/Session1/pos/0205.pos,326,,,,0,0,1.318,0.757,,none
MC04,control,Session1,0206,data/extracted/torgo/MC04/Session1/pos/0206.pos,350,,,,0,0,1.539,0.839,,none
MC04,control,Session1,0207,data/extracted/torgo/MC04/Session1/pos/0207.pos,373,,,,0,0,9.991,0.966,,none
MC04,control,Session1,0208,data/extracted/torgo/MC04/Session1/pos/0208.pos,353,,,,0,0,1.696,0.851,,none
MC04,control,Session1,0209,data/extracted/torgo/MC04/Session1/pos/0209.pos,349,,,,0,0,2.277,0.89,,none
MC04,control,Session1,0210,data/extracted/torgo/MC04/Session1/pos/0210.pos,2003,,,,0,1,14.91,1.105,,none
MC04,control,Session1,0211,data/extracted/torgo/MC04/Session1/pos/0211.pos,618,,,,0,0,3.964,1.205,,none
MC04,control,Session1,0212,data/extracted/torgo/MC04/Session1/pos/0212.pos,352,,,,0,0,1.861,0.911,,none
MC04,control,Session1,0213,data/extracted/torgo/MC04/Session1/pos/0213.pos,329,,,,0,0,1.948,0.931,,none
MC04,control,Session1,0214,data/extracted/torgo/MC04/Session1/pos/0214.pos,336,,,,0,0,6.583,1.01,,none
MC04,control,Session1,0215,data/extracted/torgo/MC04/Session1/pos/0215.pos,318,,,,0,0,2.28,0.947,,none
MC04,control,Session1,0216,data/extracted/torgo/MC04/Session1/pos/0216.pos,751,,,,0,0,2.192,1.21,,none
MC04,control,Session1,0217,data/extracted/torgo/MC04/Session1/pos/0217.pos,363,,,,0,0,2.699,0.947,,none
MC04,control,Session1,0218,data/extracted/torgo/MC04/Session1/pos/0218.pos,667,,,,0,0,1.391,0.868,,none
MC04,control,Session1,0219,data/extracted/torgo/MC04/Session1/pos/0219.pos,1104,,,,0,0,1.388,0.676,,none
MC04,control,Session1,0220,data/extracted/torgo/MC04/Session1/pos/0220.pos,733,,,,0,0,5.939,1.197,,none
MC04,control,Session1,0221,data/extracted/torgo/MC04/Session1/pos/0221.pos,363,,,,0,0,1.584,0.798,,none
MC04,control,Session1,0222,data/extracted/torgo/MC04/Session1/pos/0222.pos,350,,,,0,0,1.424,0.73,,none
MC04,control,Session1,0223,data/extracted/torgo/MC04/Session1/pos/0223.pos,353,,,,0,0,1.602,0.963,,none
MC04,control,Session1,0224,data/extracted/torgo/MC04/Session1/pos/0224.pos,322,,,,0,0,1.125,0.742,,none
MC04,control,Session1,0225,data/extracted/torgo/MC04/Session1/pos/0225.pos,777,,,,0,0,1.962,1.105,,none
MC04,control,Session1,0226,data/extracted/torgo/MC04/Session1/pos/0226.pos,348,,,,0,0,1.773,0.794,,none
MC04,control,Session1,0227,data/extracted/torgo/MC04/Session1/pos/0227.pos,531,,,,0,0,2.235,1.075,,none
MC04,control,Session1,0228,data/extracted/torgo/MC04/Session1/pos/0228.pos,602,,,,0,0,1.935,1.086,,none
MC04,control,Session1,0229,data/extracted/torgo/MC04/Session1/pos/0229.pos,587,,,,0,2,19.626,1.176,,none
MC04,control,Session1,0230,data/extracted/torgo/MC04/Session1/pos/0230.pos,490,,,,0,1,15.586,1.02,,none
MC04,control,Session1,0231,data/extracted/torgo/MC04/Session1/pos/0231.pos,384,,,,0,0,3.446,1.108,,none
MC04,control,Session1,0232,data/extracted/torgo/MC04/Session1/pos/0232.pos,387,,,,0,0,1.24,0.824,,none
MC04,control,Session1,0233,data/extracted/torgo/MC04/Session1/pos/0233.pos,372,,,,0,0,1.438,0.866,,none
MC04,control,Session1,0234,data/extracted/torgo/MC04/Session1/pos/0234.pos,372,,,,0,0,1.262,0.747,,none
MC04,control,Session1,0235,data/extracted/torgo/MC04/Session1/pos/0235.pos,384,,,,0,0,1.26,0.766,,none
MC04,control,Session1,0236,data/extracted/torgo/MC04/Session1/pos/0236.pos,720,,,,0,0,2.168,0.975,,none
MC04,control,Session1,0237,data/extracted/torgo/MC04/Session1/pos/0237.pos,294,,,,0,0,1.174,0.724,,none
MC04,control,Session1,0238,data/extracted/torgo/MC04/Session1/pos/0238.pos,276,,,,0,0,1.325,0.721,,none
MC04,control,Session1,0239,data/extracted/torgo/MC04/Session1/pos/0239.pos,493,,,,0,0,1.335,0.758,,none
MC04,control,Session1,0240,data/extracted/torgo/MC04/Session1/pos/0240.pos,662,,,10,1,2,48.584,0.982,large_position_step,medium
MC04,control,Session1,0241,data/extracted/torgo/MC04/Session1/pos/0241.pos,343,,,,0,0,1.177,0.674,,none
MC04,control,Session1,0242,data/extracted/torgo/MC04/Session1/pos/0242.pos,334,,,,0,0,1.438,0.836,,none
MC04,control,Session1,0243,data/extracted/torgo/MC04/Session1/pos/0243.pos,311,,,,0,0,1.218,0.745,,none
MC04,control,Session1,0244,data/extracted/torgo/MC04/Session1/pos/0244.pos,594,,,,0,0,1.722,1.152,,none
MC04,control,Session1,0245,data/extracted/torgo/MC04/Session1/pos/0245.pos,636,,,,0,0,1.92,1.033,,none
MC04,control,Session1,0246,data/extracted/torgo/MC04/Session1/pos/0246.pos,562,,,,0,0,1.865,1.245,,none
MC04,control,Session1,0247,data/extracted/torgo/MC04/Session1/pos/0247.pos,290,,,,0,0,1.155,0.691,,none
MC04,control,Session1,0248,data/extracted/torgo/MC04/Session1/pos/0248.pos,305,,,,0,0,1.416,0.907,,none
MC04,control,Session1,0249,data/extracted/torgo/MC04/Session1/pos/0249.pos,1144,,,,0,0,2.056,1.016,,none
MC04,control,Session1,0250,data/extracted/torgo/MC04/Session1/pos/0250.pos,294,,,,0,0,1.218,0.707,,none
MC04,control,Session1,0251,data/extracted/torgo/MC04/Session1/pos/0251.pos,660,,,,0,0,1.653,0.984,,none
MC04,control,Session1,0252,data/extracted/torgo/MC04/Session1/pos/0252.pos,325,,,,0,0,1.431,0.943,,none
MC04,control,Session1,0253,data/extracted/torgo/MC04/Session1/pos/0253.pos,580,,,,0,0,1.779,1.154,,none
MC04,control,Session1,0254,data/extracted/torgo/MC04/Session1/pos/0254.pos,346,,,,0,0,1.034,0.78,,none
MC04,control,Session1,0255,data/extracted/torgo/MC04/Session1/pos/0255.pos,528,,,,0,0,2.143,1.055,,none
MC04,control,Session1,0256,data/extracted/torgo/MC04/Session1/pos/0256.pos,355,,,,0,0,1.547,0.925,,none
MC04,control,Session1,0257,data/extracted/torgo/MC04/Session1/pos/0257.pos,928,,,,0,0,1.809,1.027,,none
MC04,control,Session1,0258,data/extracted/torgo/MC04/Session1/pos/0258.pos,552,,,,0,0,1.541,0.976,,none
MC04,control,Session1,0259,data/extracted/torgo/MC04/Session1/pos/0259.pos,294,,,,0,0,1.071,0.656,,none
MC04,control,Session1,0260,data/extracted/torgo/MC04/Session1/pos/0260.pos,242,,,,0,0,1.242,0.68,,none
MC04,control,Session1,0261,data/extracted/torgo/MC04/Session1/pos/0261.pos,325,,,,0,0,1.135,0.653,,none
MC04,control,Session1,0262,data/extracted/torgo/MC04/Session1/pos/0262.pos,619,,,,0,0,2.279,1.011,,none
MC04,control,Session1,0263,data/extracted/torgo/MC04/Session1/pos/0263.pos,671,,,,0,0,1.882,0.899,,none
MC04,control,Session1,0264,data/extracted/torgo/MC04/Session1/pos/0264.pos,305,,,,0,0,1.579,0.784,,none
MC04,control,Session1,0265,data/extracted/torgo/MC04/Session1/pos/0265.pos,740,,,,0,0,2.457,1.159,,none
MC04,control,Session1,0266,data/extracted/torgo/MC04/Session1/pos/0266.pos,332,,,,0,0,1.447,0.77,,none
MC04,control,Session1,0267,data/extracted/torgo/MC04/Session1/pos/0267.pos,266,,,,0,0,1.213,0.812,,none
MC04,control,Session1,0268,data/extracted/torgo/MC04/Session1/pos/0268.pos,908,,,,0,0,3.23,1.374,,none
MC04,control,Session1,0269,data/extracted/torgo/MC04/Session1/pos/0269.pos,272,,,,0,0,1.051,0.711,,none
MC04,control,Session1,0270,data/extracted/torgo/MC04/Session1/pos/0270.pos,314,,,,0,0,1.018,0.607,,none
MC04,control,Session1,0271,data/extracted/torgo/MC04/Session1/pos/0271.pos,263,,,,0,0,1.154,0.689,,none
MC04,control,Session1,0272,data/extracted/torgo/MC04/Session1/pos/0272.pos,368,,,,0,0,1.427,0.713,,none
MC04,control,Session1,0273,data/extracted/torgo/MC04/Session1/pos/0273.pos,343,,,,0,0,1.819,0.992,,none
MC04,control,Session1,0274,data/extracted/torgo/MC04/Session1/pos/0274.pos,331,,,,0,0,1.163,0.658,,none
MC04,control,Session1,0275,data/extracted/torgo/MC04/Session1/pos/0275.pos,385,,,,0,0,1.86,0.947,,none
MC04,control,Session1,0276,data/extracted/torgo/MC04/Session1/pos/0276.pos,326,,,,0,0,1.103,0.66,,none
MC04,control,Session1,0277,data/extracted/torgo/MC04/Session1/pos/0277.pos,318,,,,0,0,1.097,0.686,,none
MC04,control,Session1,0278,data/extracted/torgo/MC04/Session1/pos/0278.pos,636,,,,0,0,1.741,1.096,,none
MC04,control,Session1,0279,data/extracted/torgo/MC04/Session1/pos/0279.pos,272,,,,0,0,4.52,1.534,,none
MC04,control,Session1,0280,data/extracted/torgo/MC04/Session1/pos/0280.pos,301,,,,0,0,1.09,0.622,,none
MC04,control,Session1,0281,data/extracted/torgo/MC04/Session1/pos/0281.pos,569,,,,0,0,1.523,1.06,,none
MC04,control,Session1,0282,data/extracted/torgo/MC04/Session1/pos/0282.pos,384,,,,0,0,1.324,0.764,,none
MC04,control,Session1,0283,data/extracted/torgo/MC04/Session1/pos/0283.pos,690,,,,0,0,2.354,0.974,,none
MC04,control,Session1,0284,data/extracted/torgo/MC04/Session1/pos/0284.pos,300,,,,0,0,1.078,0.627,,none
MC04,control,Session1,0285,data/extracted/torgo/MC04/Session1/pos/0285.pos,350,,,,0,0,1.238,0.915,,none
MC04,control,Session1,0286,data/extracted/torgo/MC04/Session1/pos/0286.pos,292,,,,0,0,1.331,0.802,,none
MC04,control,Session1,0287,data/extracted/torgo/MC04/Session1/pos/0287.pos,291,,,,0,0,1.169,0.638,,none
MC04,control,Session1,0288,data/extracted/torgo/MC04/Session1/pos/0288.pos,63,,,,0,0,1.051,0.617,,none
MC04,control,Session1,0289,data/extracted/torgo/MC04/Session1/pos/0289.pos,326,,,,0,0,1.035,0.628,,none
MC04,control,Session1,0290,data/extracted/torgo/MC04/Session1/pos/0290.pos,359,,,,0,0,1.636,0.797,,none
MC04,control,Session1,0291,data/extracted/torgo/MC04/Session1/pos/0291.pos,599,,,,0,0,1.611,1.002,,none
MC04,control,Session1,0292,data/extracted/torgo/MC04/Session1/pos/0292.pos,286,,,,0,0,1.297,0.785,,none
MC04,control,Session1,0293,data/extracted/torgo/MC04/Session1/pos/0293.pos,318,,,,0,0,1.186,0.772,,none
MC04,control,Session1,0294,data/extracted/torgo/MC04/Session1/pos/0294.pos,271,,,,0,0,1.158,0.752,,none
MC04,control,Session1,0295,data/extracted/torgo/MC04/Session1/pos/0295.pos,324,,,,0,0,1.226,0.767,,none
MC04,control,Session1,0296,data/extracted/torgo/MC04/Session1/pos/0296.pos,357,,,,0,0,1.151,0.689,,none
MC04,control,Session1,0297,data/extracted/torgo/MC04/Session1/pos/0297.pos,322,,,,0,0,1.004,0.677,,none
MC04,control,Session1,0298,data/extracted/torgo/MC04/Session1/pos/0298.pos,342,,,,0,0,1.871,1.032,,none
MC04,control,Session1,0299,data/extracted/torgo/MC04/Session1/pos/0299.pos,1181,,,,0,1,11.19,1.165,,none
MC04,control,Session1,0300,data/extracted/torgo/MC04/Session1/pos/0300.pos,368,,,,0,0,1.262,0.667,,none
MC04,control,Session1,0301,data/extracted/torgo/MC04/Session1/pos/0301.pos,327,,,,0,0,1.457,0.892,,none
MC04,control,Session1,0302,data/extracted/torgo/MC04/Session1/pos/0302.pos,302,,,,0,0,1.206,0.736,,none
MC04,control,Session1,0303,data/extracted/torgo/MC04/Session1/pos/0303.pos,313,,,,0,0,1.409,0.801,,none
MC04,control,Session1,0304,data/extracted/torgo/MC04/Session1/pos/0304.pos,311,,,,0,0,1.555,0.838,,none
MC04,control,Session1,0305,data/extracted/torgo/MC04/Session1/pos/0305.pos,329,,,,0,0,3.245,0.944,,none
MC04,control,Session1,0306,data/extracted/torgo/MC04/Session1/pos/0306.pos,336,,,,0,0,1.498,0.834,,none
MC04,control,Session1,0307,data/extracted/torgo/MC04/Session1/pos/0307.pos,342,,,,0,0,1.235,0.666,,none
MC04,control,Session1,0308,data/extracted/torgo/MC04/Session1/pos/0308.pos,782,,,,0,0,1.936,0.854,,none
MC04,control,Session1,0309,data/extracted/torgo/MC04/Session1/pos/0309.pos,336,,,,0,0,1.597,0.873,,none
MC04,control,Session1,0310,data/extracted/torgo/MC04/Session1/pos/0310.pos,726,,,,0,0,1.542,0.884,,none
MC04,control,Session1,0311,data/extracted/torgo/MC04/Session1/pos/0311.pos,985,,,,0,0,1.272,0.589,,none
MC04,control,Session1,0312,data/extracted/torgo/MC04/Session1/pos/0312.pos,409,,,,0,0,1.847,0.723,,none
MC04,control,Session1,0313,data/extracted/torgo/MC04/Session1/pos/0313.pos,315,,,,0,0,1.335,0.661,,none
MC04,control,Session1,0314,data/extracted/torgo/MC04/Session1/pos/0314.pos,330,,,,0,0,1.886,0.985,,none
MC04,control,Session1,0315,data/extracted/torgo/MC04/Session1/pos/0315.pos,305,,,,0,0,1.879,1.039,,none
MC04,control,Session1,0316,data/extracted/torgo/MC04/Session1/pos/0316.pos,396,,,,0,0,1.72,0.992,,none
MC04,control,Session1,0317,data/extracted/torgo/MC04/Session1/pos/0317.pos,555,,,,0,0,7.122,1.104,,none
MC04,control,Session1,0318,data/extracted/torgo/MC04/Session1/pos/0318.pos,807,,,,0,0,2.011,1.114,,none
MC04,control,Session1,0319,data/extracted/torgo/MC04/Session1/pos/0319.pos,336,,,,0,0,1.173,0.701,,none
MC04,control,Session1,0320,data/extracted/torgo/MC04/Session1/pos/0320.pos,315,,,,0,0,1.233,0.681,,none
MC04,control,Session1,0321,data/extracted/torgo/MC04/Session1/pos/0321.pos,700,,,,0,0,2.078,1.004,,none
MC04,control,Session1,0322,data/extracted/torgo/MC04/Session1/pos/0322.pos,857,,,,0,1,12.012,1.121,,none
MC04,control,Session1,0323,data/extracted/torgo/MC04/Session1/pos/0323.pos,297,,,,0,0,1.451,0.952,,none
MC04,control,Session1,0324,data/extracted/torgo/MC04/Session1/pos/0324.pos,278,,,,0,0,1.743,0.974,,none
MC04,control,Session1,0325,data/extracted/torgo/MC04/Session1/pos/0325.pos,637,,,,0,0,2.16,1.107,,none
MC04,control,Session1,0326,data/extracted/torgo/MC04/Session1/pos/0326.pos,767,,,,0,0,2.042,0.951,,none
MC04,control,Session1,0327,data/extracted/torgo/MC04/Session1/pos/0327.pos,723,,,,0,0,1.957,0.982,,none
MC04,control,Session1,0328,data/extracted/torgo/MC04/Session1/pos/0328.pos,286,,,,0,0,1.853,1.004,,none
MC04,control,Session1,0329,data/extracted/torgo/MC04/Session1/pos/0329.pos,319,,,,0,0,2.119,0.926,,none
MC04,control,Session1,0330,data/extracted/torgo/MC04/Session1/pos/0330.pos,306,,,,0,0,1.732,0.739,,none
MC04,control,Session1,0331,data/extracted/torgo/MC04/Session1/pos/0331.pos,294,,,,0,0,1.227,0.664,,none
MC04,control,Session1,0332,data/extracted/torgo/MC04/Session1/pos/0332.pos,274,,,,0,0,1.289,0.799,,none
MC04,control,Session1,0333,data/extracted/torgo/MC04/Session1/pos/0333.pos,560,,,,0,0,1.418,0.974,,none
MC04,control,Session1,0334,data/extracted/torgo/MC04/Session1/pos/0334.pos,301,,,,0,0,1.339,0.861,,none
MC04,control,Session1,0335,data/extracted/torgo/MC04/Session1/pos/0335.pos,1171,,,,0,0,9.814,1.16,,none
MC04,control,Session1,0336,data/extracted/torgo/MC04/Session1/pos/0336.pos,332,,,,0,0,1.477,0.77,,none
MC04,control,Session1,0337,data/extracted/torgo/MC04/Session1/pos/0337.pos,273,,,,0,0,1.746,1.064,,none
MC04,control,Session1,0338,data/extracted/torgo/MC04/Session1/pos/0338.pos,557,,,,0,0,1.671,1.109,,none
MC04,control,Session1,0339,data/extracted/torgo/MC04/Session1/pos/0339.pos,282,,,,0,0,1.324,0.735,,none
MC04,control,Session1,0340,data/extracted/torgo/MC04/Session1/pos/0340.pos,691,,,,0,0,1.676,1.082,,none
MC04,control,Session1,0341,data/extracted/torgo/MC04/Session1/pos/0341.pos,328,,,,0,0,1.47,0.825,,none
MC04,control,Session1,0342,data/extracted/torgo/MC04/Session1/pos/0342.pos,364,,,,0,0,1.258,0.645,,none
MC04,control,Session1,0343,data/extracted/torgo/MC04/Session1/pos/0343.pos,235,,,,0,0,1.156,0.771,,none
MC04,control,Session1,0344,data/extracted/torgo/MC04/Session1/pos/0344.pos,596,,,,0,0,1.864,1.071,,none
MC04,control,Session1,0345,data/extracted/torgo/MC04/Session1/pos/0345.pos,342,,,,0,0,1.189,0.651,,none
MC04,control,Session1,0346,data/extracted/torgo/MC04/Session1/pos/0346.pos,565,,,,0,0,2.445,0.998,,none
MC04,control,Session1,0347,data/extracted/torgo/MC04/Session1/pos/0347.pos,649,,,,0,0,2.564,1.096,,none
MC04,control,Session1,0348,data/extracted/torgo/MC04/Session1/pos/0348.pos,362,,,,0,0,1.539,0.738,,none
MC04,control,Session1,0349,data/extracted/torgo/MC04/Session1/pos/0349.pos,317,,,,0,0,1.571,0.955,,none
MC04,control,Session1,0350,data/extracted/torgo/MC04/Session1/pos/0350.pos,339,,,,0,0,1.365,0.952,,none
MC04,control,Session1,0351,data/extracted/torgo/MC04/Session1/pos/0351.pos,305,,,,0,0,1.623,0.963,,none
MC04,control,Session1,0352,data/extracted/torgo/MC04/Session1/pos/0352.pos,301,,,,0,0,1.52,0.938,,none
MC04,control,Session1,0353,data/extracted/torgo/MC04/Session1/pos/0353.pos,349,,,,0,0,1.377,0.825,,none
MC04,control,Session1,0354,data/extracted/torgo/MC04/Session1/pos/0354.pos,329,,,,0,0,1.317,0.822,,none
MC04,control,Session1,0355,data/extracted/torgo/MC04/Session1/pos/0355.pos,285,,,,0,0,1.842,1.09,,none
MC04,control,Session1,0356,data/extracted/torgo/MC04/Session1/pos/0356.pos,412,,,,0,0,1.653,0.746,,none
MC04,control,Session1,0357,data/extracted/torgo/MC04/Session1/pos/0357.pos,636,,,,0,0,2.274,1.096,,none
MC04,control,Session1,0358,data/extracted/torgo/MC04/Session1/pos/0358.pos,347,,,,0,0,2.04,0.908,,none
MC04,control,Session1,0359,data/extracted/torgo/MC04/Session1/pos/0359.pos,324,,,,0,0,2.251,0.867,,none
MC04,control,Session1,0360,data/extracted/torgo/MC04/Session1/pos/0360.pos,303,,,,0,0,1.991,1.078,,none
MC04,control,Session1,0361,data/extracted/torgo/MC04/Session1/pos/0361.pos,269,,,,0,0,1.706,0.694,,none
MC04,control,Session1,0362,data/extracted/torgo/MC04/Session1/pos/0362.pos,295,,,,0,0,1.232,0.658,,none
MC04,control,Session1,0363,data/extracted/torgo/MC04/Session1/pos/0363.pos,248,,,,0,0,1.294,0.79,,none
MC04,control,Session1,0364,data/extracted/torgo/MC04/Session1/pos/0364.pos,350,,,,0,0,1.188,0.697,,none
MC04,control,Session1,0365,data/extracted/torgo/MC04/Session1/pos/0365.pos,590,,,,0,0,1.519,1.032,,none
MC04,control,Session1,0366,data/extracted/torgo/MC04/Session1/pos/0366.pos,321,,,,0,0,1.343,0.882,,none
MC04,control,Session1,0367,data/extracted/torgo/MC04/Session1/pos/0367.pos,258,,,,0,0,1.426,0.758,,none
MC04,control,Session1,0368,data/extracted/torgo/MC04/Session1/pos/0368.pos,310,,,,0,1,15.261,1.002,,none
MC04,control,Session1,0369,data/extracted/torgo/MC04/Session1/pos/0369.pos,301,,,,0,0,1.496,0.924,,none
MC04,control,Session1,0370,data/extracted/torgo/MC04/Session1/pos/0370.pos,554,,,,0,0,1.94,1.035,,none
MC04,control,Session1,0371,data/extracted/torgo/MC04/Session1/pos/0371.pos,254,,,,0,0,1.259,0.701,,none
MC04,control,Session1,0372,data/extracted/torgo/MC04/Session1/pos/0372.pos,274,,,,0,0,1.515,0.831,,none
MC04,control,Session1,0373,data/extracted/torgo/MC04/Session1/pos/0373.pos,291,,,,0,0,1.626,1.08,,none
MC04,control,Session1,0374,data/extracted/torgo/MC04/Session1/pos/0374.pos,258,,,,0,0,1.168,0.667,,none
MC04,control,Session1,0375,data/extracted/torgo/MC04/Session1/pos/0375.pos,313,,,,0,0,1.601,0.987,,none
MC04,control,Session1,0376,data/extracted/torgo/MC04/Session1/pos/0376.pos,293,,,,0,0,1.295,0.717,,none
MC04,control,Session1,0377,data/extracted/torgo/MC04/Session1/pos/0377.pos,619,,,,0,0,1.659,1.07,,none
MC04,control,Session1,0378,data/extracted/torgo/MC04/Session1/pos/0378.pos,622,,,,0,0,1.811,0.971,,none
MC04,control,Session1,0379,data/extracted/torgo/MC04/Session1/pos/0379.pos,313,,,,0,0,1.542,0.824,,none
MC04,control,Session1,0380,data/extracted/torgo/MC04/Session1/pos/0380.pos,1899,,,,0,0,1.651,0.966,,none
MC04,control,Session1,0381,data/extracted/torgo/MC04/Session1/pos/0381.pos,587,,,,0,0,4.497,1.148,,none
MC04,control,Session1,0382,data/extracted/torgo/MC04/Session1/pos/0382.pos,331,,,,0,0,1.225,0.682,,none
MC04,control,Session1,0383,data/extracted/torgo/MC04/Session1/pos/0383.pos,810,,,,0,0,2.153,1.05,,none
MC04,control,Session1,0384,data/extracted/torgo/MC04/Session1/pos/0384.pos,367,,,,0,0,1.934,1.235,,none
MC04,control,Session1,0385,data/extracted/torgo/MC04/Session1/pos/0385.pos,232,,,,0,0,1.544,0.826,,none
MC04,control,Session1,0386,data/extracted/torgo/MC04/Session1/pos/0386.pos,311,,,,0,0,0.974,0.686,,none
MC04,control,Session1,0387,data/extracted/torgo/MC04/Session1/pos/0387.pos,280,,,,0,0,1.455,0.871,,none
MC04,control,Session1,0388,data/extracted/torgo/MC04/Session1/pos/0388.pos,349,,,,0,0,1.201,0.699,,none
MC04,control,Session1,0389,data/extracted/torgo/MC04/Session1/pos/0389.pos,392,,,,0,0,1.475,0.718,,none
MC04,control,Session1,0390,data/extracted/torgo/MC04/Session1/pos/0390.pos,399,,,,0,0,1.448,0.741,,none
MC04,control,Session1,0391,data/extracted/torgo/MC04/Session1/pos/0391.pos,522,,,,0,0,1.726,1.086,,none
MC04,control,Session1,0392,data/extracted/torgo/MC04/Session1/pos/0392.pos,339,,,,0,0,1.532,0.81,,none
MC04,control,Session1,0393,data/extracted/torgo/MC04/Session1/pos/0393.pos,310,,,,0,0,1.586,0.735,,none
MC04,control,Session1,0394,data/extracted/torgo/MC04/Session1/pos/0394.pos,357,,,,0,0,1.33,0.697,,none
MC04,control,Session1,0395,data/extracted/torgo/MC04/Session1/pos/0395.pos,349,,,,0,0,3.699,0.979,,none
MC04,control,Session1,0396,data/extracted/torgo/MC04/Session1/pos/0396.pos,501,,,,0,0,1.761,0.986,,none
MC04,control,Session1,0397,data/extracted/torgo/MC04/Session1/pos/0397.pos,381,,,,0,0,1.3,0.847,,none
MC04,control,Session1,0398,data/extracted/torgo/MC04/Session1/pos/0398.pos,292,,,,0,0,2.05,1.0,,none
MC04,control,Session1,0399,data/extracted/torgo/MC04/Session1/pos/0399.pos,320,,,,0,0,1.809,0.761,,none
MC04,control,Session1,0400,data/extracted/torgo/MC04/Session1/pos/0400.pos,592,,,,0,0,1.323,0.794,,none
MC04,control,Session1,0401,data/extracted/torgo/MC04/Session1/pos/0401.pos,349,,,,0,2,14.101,0.936,,none
MC04,control,Session1,0402,data/extracted/torgo/MC04/Session1/pos/0402.pos,755,,,,0,0,2.253,1.057,,none
MC04,control,Session1,0403,data/extracted/torgo/MC04/Session1/pos/0403.pos,377,,,,0,0,1.49,0.824,,none
MC04,control,Session1,0404,data/extracted/torgo/MC04/Session1/pos/0404.pos,322,,,,0,0,1.578,0.838,,none
MC04,control,Session1,0405,data/extracted/torgo/MC04/Session1/pos/0405.pos,683,,,,0,0,1.845,1.081,,none
MC04,control,Session1,0406,data/extracted/torgo/MC04/Session1/pos/0406.pos,359,,,,0,0,2.591,1.135,,none
MC04,control,Session1,0407,data/extracted/torgo/MC04/Session1/pos/0407.pos,366,,,,0,0,1.45,0.7,,none
MC04,control,Session1,0408,data/extracted/torgo/MC04/Session1/pos/0408.pos,346,,,,0,0,1.25,0.746,,none
MC04,control,Session1,0409,data/extracted/torgo/MC04/Session1/pos/0409.pos,358,,,,0,0,1.513,0.83,,none
MC04,control,Session1,0410,data/extracted/torgo/MC04/Session1/pos/0410.pos,336,,,,0,0,1.378,0.743,,none
MC04,control,Session1,0411,data/extracted/torgo/MC04/Session1/pos/0411.pos,309,,,,0,0,1.01,0.586,,none
MC04,control,Session1,0412,data/extracted/torgo/MC04/Session1/pos/0412.pos,346,,,,0,0,1.295,0.745,,none
MC04,control,Session1,0413,data/extracted/torgo/MC04/Session1/pos/0413.pos,342,,,,0,0,1.406,0.763,,none
MC04,control,Session1,0414,data/extracted/torgo/MC04/Session1/pos/0414.pos,391,,,,0,0,1.651,0.849,,none
MC04,control,Session1,0415,data/extracted/torgo/MC04/Session1/pos/0415.pos,770,,,,0,0,1.745,0.917,,none
MC04,control,Session1,0416,data/extracted/torgo/MC04/Session1/pos/0416.pos,295,,,,0,0,1.651,0.754,,none
MC04,control,Session1,0417,data/extracted/torgo/MC04/Session1/pos/0417.pos,936,,,,0,0,2.389,1.054,,none
MC04,control,Session1,0418,data/extracted/torgo/MC04/Session1/pos/0418.pos,523,,,,0,0,2.132,1.19,,none
MC04,control,Session1,0419,data/extracted/torgo/MC04/Session1/pos/0419.pos,315,,,,0,0,1.3,0.735,,none
MC04,control,Session1,0420,data/extracted/torgo/MC04/Session1/pos/0420.pos,340,,,,0,0,1.287,0.885,,none
MC04,control,Session1,0421,data/extracted/torgo/MC04/Session1/pos/0421.pos,846,,,,0,0,1.979,1.097,,none
MC04,control,Session1,0422,data/extracted/torgo/MC04/Session1/pos/0422.pos,320,,,,0,0,1.671,0.84,,none
MC04,control,Session1,0423,data/extracted/torgo/MC04/Session1/pos/0423.pos,315,,,,0,0,0.953,0.665,,none
MC04,control,Session1,0424,data/extracted/torgo/MC04/Session1/pos/0424.pos,578,,,,0,0,1.755,1.007,,none
MC04,control,Session1,0425,data/extracted/torgo/MC04/Session1/pos/0425.pos,396,,,,0,0,1.081,0.818,,none
MC04,control,Session1,0426,data/extracted/torgo/MC04/Session1/pos/0426.pos,353,,,,0,1,13.931,0.847,,none
MC04,control,Session1,0427,data/extracted/torgo/MC04/Session1/pos/0427.pos,437,,,,0,0,1.339,0.765,,none
MC04,control,Session1,0428,data/extracted/torgo/MC04/Session1/pos/0428.pos,321,,,,0,0,1.659,0.744,,none
MC04,control,Session1,0429,data/extracted/torgo/MC04/Session1/pos/0429.pos,697,,,,0,1,17.007,1.039,,none
MC04,control,Session1,0430,data/extracted/torgo/MC04/Session1/pos/0430.pos,319,,,,0,0,2.242,0.977,,none
MC04,control,Session1,0431,data/extracted/torgo/MC04/Session1/pos/0431.pos,314,,,,0,0,1.161,0.746,,none
MC04,control,Session1,0432,data/extracted/torgo/MC04/Session1/pos/0432.pos,370,,,,0,0,1.883,0.662,,none
MC04,control,Session1,0433,data/extracted/torgo/MC04/Session1/pos/0433.pos,424,,,,0,0,1.253,0.617,,none
MC04,control,Session1,0434,data/extracted/torgo/MC04/Session1/pos/0434.pos,330,,,,0,0,1.477,0.808,,none
MC04,control,Session1,0435,data/extracted/torgo/MC04/Session1/pos/0435.pos,340,,,,0,0,1.441,0.692,,none
MC04,control,Session1,0436,data/extracted/torgo/MC04/Session1/pos/0436.pos,757,,,,0,0,1.506,0.926,,none
MC04,control,Session1,0437,data/extracted/torgo/MC04/Session1/pos/0437.pos,318,,,,0,0,1.603,0.979,,none
MC04,control,Session1,0438,data/extracted/torgo/MC04/Session1/pos/0438.pos,338,,,,0,0,1.871,0.927,,none
MC04,control,Session1,0439,data/extracted/torgo/MC04/Session1/pos/0439.pos,1047,,,,0,0,7.625,1.192,,none
MC04,control,Session1,0440,data/extracted/torgo/MC04/Session1/pos/0440.pos,648,,,,0,0,1.918,0.975,,none
MC04,control,Session1,0441,data/extracted/torgo/MC04/Session1/pos/0441.pos,598,,,,0,0,1.656,0.976,,none
MC04,control,Session1,0442,data/extracted/torgo/MC04/Session1/pos/0442.pos,315,,,,0,0,1.49,0.86,,none
MC04,control,Session1,0443,data/extracted/torgo/MC04/Session1/pos/0443.pos,298,,,,0,0,1.591,0.82,,none
MC04,control,Session1,0444,data/extracted/torgo/MC04/Session1/pos/0444.pos,581,,,,0,0,1.45,0.915,,none
MC04,control,Session1,0445,data/extracted/torgo/MC04/Session1/pos/0445.pos,682,,,,0,0,1.721,0.914,,none
MC04,control,Session1,0446,data/extracted/torgo/MC04/Session1/pos/0446.pos,649,,,,0,0,2.143,0.977,,none
MC04,control,Session1,0447,data/extracted/torgo/MC04/Session1/pos/0447.pos,307,,,,0,0,1.761,0.94,,none
MC04,control,Session1,0448,data/extracted/torgo/MC04/Session1/pos/0448.pos,349,,,,0,0,1.701,1.069,,none
MC04,control,Session1,0449,data/extracted/torgo/MC04/Session1/pos/0449.pos,293,,,,0,0,1.577,1.025,,none
MC04,control,Session1,0450,data/extracted/torgo/MC04/Session1/pos/0450.pos,335,,,,0,1,17.476,1.046,,none
MC04,control,Session1,0451,data/extracted/torgo/MC04/Session1/pos/0451.pos,383,,,,0,0,1.832,0.907,,none
MC04,control,Session1,0452,data/extracted/torgo/MC04/Session1/pos/0452.pos,516,,,,0,0,2.242,0.899,,none
MC04,control,Session1,0453,data/extracted/torgo/MC04/Session1/pos/0453.pos,566,,,,0,1,19.18,1.166,,none
MC04,control,Session1,0454,data/extracted/torgo/MC04/Session1/pos/0454.pos,339,,,,0,0,1.207,0.75,,none
MC04,control,Session1,0455,data/extracted/torgo/MC04/Session1/pos/0455.pos,777,,,,0,0,6.307,1.366,,none
MC04,control,Session1,0456,data/extracted/torgo/MC04/Session1/pos/0456.pos,379,,,,0,0,2.285,0.765,,none
MC04,control,Session1,0457,data/extracted/torgo/MC04/Session1/pos/0457.pos,233,,,,0,0,1.31,0.752,,none
MC04,control,Session1,0458,data/extracted/torgo/MC04/Session1/pos/0458.pos,324,,,,0,0,7.739,0.892,,none
MC04,control,Session1,0459,data/extracted/torgo/MC04/Session1/pos/0459.pos,316,,,,0,0,1.653,1.058,,none
MC04,control,Session1,0460,data/extracted/torgo/MC04/Session1/pos/0460.pos,308,,,,0,0,1.201,0.677,,none
MC04,control,Session1,0461,data/extracted/torgo/MC04/Session1/pos/0461.pos,311,,,,0,0,2.257,0.962,,none
MC04,control,Session1,0462,data/extracted/torgo/MC04/Session1/pos/0462.pos,342,,,,0,0,1.355,0.815,,none
MC04,control,Session1,0463,data/extracted/torgo/MC04/Session1/pos/0463.pos,348,,,,0,0,1.273,0.689,,none
MC04,control,Session1,0464,data/extracted/torgo/MC04/Session1/pos/0464.pos,358,,,,0,0,1.671,1.046,,none
MC04,control,Session1,0465,data/extracted/torgo/MC04/Session1/pos/0465.pos,289,,,,0,0,1.765,0.794,,none
MC04,control,Session1,0466,data/extracted/torgo/MC04/Session1/pos/0466.pos,871,,,,0,0,2.485,1.126,,none
MC04,control,Session1,0467,data/extracted/torgo/MC04/Session1/pos/0467.pos,776,,,,0,0,2.12,1.19,,none
MC04,control,Session1,0468,data/extracted/torgo/MC04/Session1/pos/0468.pos,634,,,,0,0,2.528,1.38,,none
MC04,control,Session1,0469,data/extracted/torgo/MC04/Session1/pos/0469.pos,395,,,,0,0,1.111,0.739,,none
MC04,control,Session1,0470,data/extracted/torgo/MC04/Session1/pos/0470.pos,624,,,,0,0,2.07,0.925,,none
MC04,control,Session1,0471,data/extracted/torgo/MC04/Session1/pos/0471.pos,727,,,,0,0,7.973,1.291,,none
MC04,control,Session1,0472,data/extracted/torgo/MC04/Session1/pos/0472.pos,711,,,,0,0,1.831,0.9,,none
MC04,control,Session1,0473,data/extracted/torgo/MC04/Session1/pos/0473.pos,378,,,,0,0,1.862,0.794,,none
MC04,control,Session1,0474,data/extracted/torgo/MC04/Session1/pos/0474.pos,304,,,,0,0,1.42,0.927,,none
MC04,control,Session1,0475,data/extracted/torgo/MC04/Session1/pos/0475.pos,283,,,,0,0,1.438,0.739,,none
MC04,control,Session1,0476,data/extracted/torgo/MC04/Session1/pos/0476.pos,306,,,,0,1,11.797,1.007,,none
MC04,control,Session1,0477,data/extracted/torgo/MC04/Session1/pos/0477.pos,307,,,,0,0,1.822,0.666,,none
MC04,control,Session1,0478,data/extracted/torgo/MC04/Session1/pos/0478.pos,833,,,,0,0,1.72,0.706,,none
MC04,control,Session1,0479,data/extracted/torgo/MC04/Session1/pos/0479.pos,331,,,,0,0,2.109,0.888,,none
MC04,control,Session1,0480,data/extracted/torgo/MC04/Session1/pos/0480.pos,255,,,,0,0,1.39,0.808,,none
MC04,control,Session1,0481,data/extracted/torgo/MC04/Session1/pos/0481.pos,342,,,,0,0,1.361,0.809,,none
MC04,control,Session1,0482,data/extracted/torgo/MC04/Session1/pos/0482.pos,312,,,2,1,1,22.808,0.928,large_position_step,medium
MC04,control,Session1,0483,data/extracted/torgo/MC04/Session1/pos/0483.pos,338,,,,0,0,1.533,0.945,,none
MC04,control,Session1,0484,data/extracted/torgo/MC04/Session1/pos/0484.pos,321,,,,0,0,1.504,0.921,,none
MC04,control,Session1,0485,data/extracted/torgo/MC04/Session1/pos/0485.pos,759,,,,0,0,2.49,1.247,,none
MC04,control,Session1,0486,data/extracted/torgo/MC04/Session1/pos/0486.pos,807,,,,0,0,3.204,1.088,,none
MC04,control,Session1,0487,data/extracted/torgo/MC04/Session1/pos/0487.pos,320,,,,0,0,1.65,0.857,,none
MC04,control,Session1,0488,data/extracted/torgo/MC04/Session1/pos/0488.pos,294,,,,0,0,3.744,1.257,,none
MC04,control,Session1,0489,data/extracted/torgo/MC04/Session1/pos/0489.pos,307,,,,0,0,1.751,1.016,,none
MC04,control,Session1,0490,data/extracted/torgo/MC04/Session1/pos/0490.pos,289,,,,0,0,1.335,0.715,,none
MC04,control,Session1,0491,data/extracted/torgo/MC04/Session1/pos/0491.pos,754,,,,0,0,2.261,1.126,,none
MC04,control,Session1,0492,data/extracted/torgo/MC04/Session1/pos/0492.pos,365,,,,0,0,2.376,0.925,,none
MC04,control,Session1,0493,data/extracted/torgo/MC04/Session1/pos/0493.pos,609,,,,0,0,8.232,1.205,,none
MC04,control,Session1,0494,data/extracted/torgo/MC04/Session1/pos/0494.pos,584,,,1,1,3,56.346,1.302,large_position_step,medium
MC04,control,Session1,0495,data/extracted/torgo/MC04/Session1/pos/0495.pos,338,,,1,3,13,22.826,3.963,large_position_step,medium
MC04,control,Session1,0496,data/extracted/torgo/MC04/Session1/pos/0496.pos,336,,,,0,0,1.319,0.821,,none
MC04,control,Session1,0497,data/extracted/torgo/MC04/Session1/pos/0497.pos,321,,,,0,0,1.291,0.692,,none
MC04,control,Session1,0498,data/extracted/torgo/MC04/Session1/pos/0498.pos,617,,,,0,0,1.427,0.97,,none
MC04,control,Session1,0499,data/extracted/torgo/MC04/Session1/pos/0499.pos,342,,,,0,0,3.495,1.341,,none
MC04,control,Session1,0500,data/extracted/torgo/MC04/Session1/pos/0500.pos,299,,,,0,0,0.92,0.652,,none
MC04,control,Session1,0501,data/extracted/torgo/MC04/Session1/pos/0501.pos,317,,,,0,0,2.989,0.828,,none
MC04,control,Session1,0502,data/extracted/torgo/MC04/Session1/pos/0502.pos,299,,,,0,0,1.191,0.746,,none
MC04,control,Session1,0503,data/extracted/torgo/MC04/Session1/pos/0503.pos,586,,,,0,0,1.899,1.009,,none
MC04,control,Session1,0504,data/extracted/torgo/MC04/Session1/pos/0504.pos,327,,,,0,0,1.173,0.647,,none
MC04,control,Session1,0505,data/extracted/torgo/MC04/Session1/pos/0505.pos,728,,,,0,0,1.864,1.103,,none
MC04,control,Session1,0506,data/extracted/torgo/MC04/Session1/pos/0506.pos,318,,,,0,0,1.264,0.691,,none
MC04,control,Session1,0507,data/extracted/torgo/MC04/Session1/pos/0507.pos,1609,,,,0,0,2.044,1.011,,none
MC04,control,Session1,0508,data/extracted/torgo/MC04/Session1/pos/0508.pos,307,,,,0,0,1.607,1.055,,none
MC04,control,Session1,0509,data/extracted/torgo/MC04/Session1/pos/0509.pos,286,,,,0,0,1.231,0.69,,none
MC04,control,Session1,0510,data/extracted/torgo/MC04/Session1/pos/0510.pos,579,,,2,1,3,20.911,1.466,large_position_step,medium
MC04,control,Session1,0511,data/extracted/torgo/MC04/Session1/pos/0511.pos,275,,,,0,0,1.531,0.86,,none
MC04,control,Session1,0512,data/extracted/torgo/MC04/Session1/pos/0512.pos,287,,,,0,0,1.397,0.754,,none
MC04,control,Session1,0513,data/extracted/torgo/MC04/Session1/pos/0513.pos,294,,,,0,1,10.916,0.949,,none
MC04,control,Session1,0514,data/extracted/torgo/MC04/Session1/pos/0514.pos,267,,,,0,0,1.335,0.84,,none
MC04,control,Session1,0515,data/extracted/torgo/MC04/Session1/pos/0515.pos,1300,,,,0,0,2.277,1.016,,none
MC04,control,Session1,0516,data/extracted/torgo/MC04/Session1/pos/0516.pos,332,,,1|2,2,3,80.527,1.925,large_position_step,medium
MC04,control,Session1,0517,data/extracted/torgo/MC04/Session1/pos/0517.pos,294,,,,0,0,1.555,0.793,,none
MC04,control,Session1,0518,data/extracted/torgo/MC04/Session1/pos/0518.pos,546,,,,0,0,1.668,1.031,,none
MC04,control,Session1,0519,data/extracted/torgo/MC04/Session1/pos/0519.pos,333,,,,0,0,2.216,1.437,,none
MC04,control,Session1,0520,data/extracted/torgo/MC04/Session1/pos/0520.pos,277,,,,0,0,1.771,0.873,,none
MC04,control,Session1,0521,data/extracted/torgo/MC04/Session1/pos/0521.pos,294,,,,0,0,1.924,0.808,,none
MC04,control,Session1,0522,data/extracted/torgo/MC04/Session1/pos/0522.pos,300,,,,0,0,2.227,1.128,,none
MC04,control,Session1,0523,data/extracted/torgo/MC04/Session1/pos/0523.pos,919,,,,0,0,1.147,0.59,,none
MC04,control,Session1,0524,data/extracted/torgo/MC04/Session1/pos/0524.pos,355,,,2,1,2,20.6,1.226,large_position_step,medium
MC04,control,Session1,0525,data/extracted/torgo/MC04/Session1/pos/0525.pos,317,,,,0,0,1.069,0.662,,none
MC04,control,Session1,0526,data/extracted/torgo/MC04/Session1/pos/0526.pos,280,,,,0,0,1.157,0.692,,none
MC04,control,Session1,0527,data/extracted/torgo/MC04/Session1/pos/0527.pos,265,,,,0,2,13.608,1.033,,none
MC04,control,Session1,0528,data/extracted/torgo/MC04/Session1/pos/0528.pos,292,,,,0,0,1.209,0.615,,none
MC04,control,Session1,0529,data/extracted/torgo/MC04/Session1/pos/0529.pos,276,,,,0,0,1.687,0.903,,none
MC04,control,Session1,0530,data/extracted/torgo/MC04/Session1/pos/0530.pos,272,,,,0,0,1.777,0.854,,none
MC04,control,Session1,0531,data/extracted/torgo/MC04/Session1/pos/0531.pos,282,,,,0,0,2.089,0.979,,none
MC04,control,Session1,0532,data/extracted/torgo/MC04/Session1/pos/0532.pos,280,,,,0,0,2.899,0.989,,none
MC04,control,Session1,0533,data/extracted/torgo/MC04/Session1/pos/0533.pos,292,,,,0,0,1.111,0.725,,none
MC04,control,Session1,0534,data/extracted/torgo/MC04/Session1/pos/0534.pos,879,,,,0,0,1.88,1.048,,none
MC04,control,Session1,0535,data/extracted/torgo/MC04/Session1/pos/0535.pos,345,,,,0,0,2.592,0.927,,none
MC04,control,Session1,0536,data/extracted/torgo/MC04/Session1/pos/0536.pos,263,,,,0,0,1.495,0.926,,none
MC04,control,Session1,0537,data/extracted/torgo/MC04/Session1/pos/0537.pos,245,,,,0,0,1.326,0.755,,none
MC04,control,Session1,0538,data/extracted/torgo/MC04/Session1/pos/0538.pos,279,,,,0,0,1.394,0.708,,none
MC04,control,Session1,0539,data/extracted/torgo/MC04/Session1/pos/0539.pos,754,,,,0,0,2.071,0.937,,none
MC04,control,Session1,0540,data/extracted/torgo/MC04/Session1/pos/0540.pos,605,,,,0,0,5.298,1.176,,none
MC04,control,Session1,0541,data/extracted/torgo/MC04/Session1/pos/0541.pos,367,,,,0,0,1.53,0.991,,none
MC04,control,Session1,0542,data/extracted/torgo/MC04/Session1/pos/0542.pos,281,,,,0,0,1.197,0.748,,none
MC04,control,Session1,0543,data/extracted/torgo/MC04/Session1/pos/0543.pos,649,,,,0,0,3.897,1.182,,none
MC04,control,Session1,0544,data/extracted/torgo/MC04/Session1/pos/0544.pos,684,,,,0,0,1.678,1.1,,none
MC04,control,Session1,0545,data/extracted/torgo/MC04/Session1/pos/0545.pos,311,,,,0,0,1.368,0.843,,none
MC04,control,Session1,0546,data/extracted/torgo/MC04/Session1/pos/0546.pos,248,,,,0,0,1.185,0.721,,none
MC04,control,Session1,0547,data/extracted/torgo/MC04/Session1/pos/0547.pos,309,,,,0,0,1.129,0.703,,none
MC04,control,Session1,0548,data/extracted/torgo/MC04/Session1/pos/0548.pos,374,,,,0,0,1.93,0.927,,none
MC04,control,Session1,0549,data/extracted/torgo/MC04/Session1/pos/0549.pos,779,,,,0,0,6.15,1.093,,none
MC04,control,Session1,0550,data/extracted/torgo/MC04/Session1/pos/0550.pos,372,,,,0,0,1.679,0.832,,none
MC04,control,Session1,0551,data/extracted/torgo/MC04/Session1/pos/0551.pos,307,,,,0,1,11.086,0.849,,none
MC04,control,Session1,0552,data/extracted/torgo/MC04/Session1/pos/0552.pos,867,,,,0,0,1.703,1.226,,none
MC04,control,Session1,0553,data/extracted/torgo/MC04/Session1/pos/0553.pos,353,,,1,1,1,40.056,1.085,large_position_step,medium
MC04,control,Session1,0554,data/extracted/torgo/MC04/Session1/pos/0554.pos,282,,,,0,0,1.717,0.929,,none
MC04,control,Session1,0555,data/extracted/torgo/MC04/Session1/pos/0555.pos,314,,,,0,0,5.696,0.968,,none
MC04,control,Session1,0556,data/extracted/torgo/MC04/Session1/pos/0556.pos,291,,,,0,0,1.809,1.107,,none
MC04,control,Session1,0557,data/extracted/torgo/MC04/Session1/pos/0557.pos,292,,,,0,0,1.602,0.906,,none
MC04,control,Session1,0558,data/extracted/torgo/MC04/Session1/pos/0558.pos,320,,,,0,0,1.086,0.696,,none
MC04,control,Session1,0559,data/extracted/torgo/MC04/Session1/pos/0559.pos,331,,,,0,0,1.773,0.942,,none
MC04,control,Session1,0560,data/extracted/torgo/MC04/Session1/pos/0560.pos,316,,,,0,0,1.62,0.833,,none
MC04,control,Session1,0561,data/extracted/torgo/MC04/Session1/pos/0561.pos,352,,,,0,0,1.791,0.796,,none
MC04,control,Session1,0562,data/extracted/torgo/MC04/Session1/pos/0562.pos,277,,,,0,0,1.646,0.811,,none
MC04,control,Session1,0563,data/extracted/torgo/MC04/Session1/pos/0563.pos,290,,,,0,0,2.027,1.038,,none
MC04,control,Session1,0564,data/extracted/torgo/MC04/Session1/pos/0564.pos,630,,,,0,0,2.102,1.148,,none
MC04,control,Session1,0565,data/extracted/torgo/MC04/Session1/pos/0565.pos,315,,,,0,0,1.459,0.787,,none
MC04,control,Session1,0566,data/extracted/torgo/MC04/Session1/pos/0566.pos,299,,,,0,0,8.334,1.328,,none
MC04,control,Session1,0567,data/extracted/torgo/MC04/Session1/pos/0567.pos,319,,,,0,0,1.288,0.767,,none
MC04,control,Session1,0568,data/extracted/torgo/MC04/Session1/pos/0568.pos,337,,,,0,0,1.672,0.904,,none
MC04,control,Session1,0569,data/extracted/torgo/MC04/Session1/pos/0569.pos,301,,,,0,0,1.646,0.968,,none
MC04,control,Session1,0570,data/extracted/torgo/MC04/Session1/pos/0570.pos,644,,,,0,0,2.32,1.186,,none
MC04,control,Session1,0571,data/extracted/torgo/MC04/Session1/pos/0571.pos,296,,,,0,0,1.356,0.88,,none
MC04,control,Session1,0572,data/extracted/torgo/MC04/Session1/pos/0572.pos,263,,,,0,0,1.351,0.886,,none
MC04,control,Session1,0573,data/extracted/torgo/MC04/Session1/pos/0573.pos,753,,,,0,1,14.322,1.266,,none
MC04,control,Session1,0574,data/extracted/torgo/MC04/Session1/pos/0574.pos,356,,,,0,0,5.178,0.973,,none
MC04,control,Session1,0575,data/extracted/torgo/MC04/Session1/pos/0575.pos,655,,,,0,0,1.726,1.186,,none
MC04,control,Session1,0576,data/extracted/torgo/MC04/Session1/pos/0576.pos,323,,,,0,0,1.657,1.054,,none
MC04,control,Session1,0577,data/extracted/torgo/MC04/Session1/pos/0577.pos,316,,,,0,0,3.392,0.944,,none
MC04,control,Session1,0578,data/extracted/torgo/MC04/Session1/pos/0578.pos,635,,,,0,0,1.808,1.146,,none
MC04,control,Session1,0579,data/extracted/torgo/MC04/Session1/pos/0579.pos,372,,,,0,0,1.63,0.678,,none
MC04,control,Session1,0580,data/extracted/torgo/MC04/Session1/pos/0580.pos,280,,,,0,0,1.663,0.829,,none
MC04,control,Session1,0581,data/extracted/torgo/MC04/Session1/pos/0581.pos,326,,,,0,0,1.222,0.72,,none
MC04,control,Session1,0582,data/extracted/torgo/MC04/Session1/pos/0582.pos,651,,,,0,0,7.242,1.169,,none
MC04,control,Session1,0583,data/extracted/torgo/MC04/Session1/pos/0583.pos,368,,,,0,0,1.081,0.703,,none
MC04,control,Session1,0584,data/extracted/torgo/MC04/Session1/pos/0584.pos,297,,,,0,0,1.4,0.787,,none
MC04,control,Session1,0585,data/extracted/torgo/MC04/Session1/pos/0585.pos,405,,,,0,0,2.085,1.348,,none
MC04,control,Session1,0586,data/extracted/torgo/MC04/Session1/pos/0586.pos,547,,,,0,0,1.76,1.128,,none
MC04,control,Session1,0587,data/extracted/torgo/MC04/Session1/pos/0587.pos,324,,,,0,0,1.417,0.77,,none
MC04,control,Session1,0588,data/extracted/torgo/MC04/Session1/pos/0588.pos,297,,,,0,0,1.615,0.805,,none
MC04,control,Session1,0589,data/extracted/torgo/MC04/Session1/pos/0589.pos,573,,,1,1,1,34.327,1.471,large_position_step,medium
MC04,control,Session1,0590,data/extracted/torgo/MC04/Session1/pos/0590.pos,590,,,,0,0,2.653,1.25,,none
MC04,control,Session1,0591,data/extracted/torgo/MC04/Session1/pos/0591.pos,342,,,,0,0,1.474,0.763,,none
MC04,control,Session1,0592,data/extracted/torgo/MC04/Session1/pos/0592.pos,270,,,,0,0,1.114,0.812,,none
MC04,control,Session1,0593,data/extracted/torgo/MC04/Session1/pos/0593.pos,302,,,,0,0,1.476,0.822,,none
MC04,control,Session1,0594,data/extracted/torgo/MC04/Session1/pos/0594.pos,273,,,,0,0,1.329,0.856,,none
MC04,control,Session1,0595,data/extracted/torgo/MC04/Session1/pos/0595.pos,319,,,,0,0,3.656,1.145,,none
MC04,control,Session1,0596,data/extracted/torgo/MC04/Session1/pos/0596.pos,226,,,2,1,1,21.398,1.409,large_position_step,medium
MC04,control,Session1,0597,data/extracted/torgo/MC04/Session1/pos/0597.pos,308,,,,0,0,1.34,0.796,,none
MC04,control,Session1,0598,data/extracted/torgo/MC04/Session1/pos/0598.pos,309,,,,0,0,1.662,0.718,,none
MC04,control,Session1,0599,data/extracted/torgo/MC04/Session1/pos/0599.pos,778,,,,0,0,1.983,0.999,,none
MC04,control,Session1,0600,data/extracted/torgo/MC04/Session1/pos/0600.pos,562,,,,0,0,1.763,0.981,,none
MC04,control,Session1,0601,data/extracted/torgo/MC04/Session1/pos/0601.pos,423,,,,0,1,14.976,1.052,,none
MC04,control,Session1,0602,data/extracted/torgo/MC04/Session1/pos/0602.pos,639,,,,0,0,2.836,1.159,,none
MC04,control,Session1,0603,data/extracted/torgo/MC04/Session1/pos/0603.pos,754,,,,0,0,4.413,1.097,,none
MC04,control,Session1,0604,data/extracted/torgo/MC04/Session1/pos/0604.pos,375,,,,0,0,1.792,0.888,,none
MC04,control,Session1,0605,data/extracted/torgo/MC04/Session1/pos/0605.pos,346,,,,0,0,1.92,0.912,,none
MC04,control,Session1,0606,data/extracted/torgo/MC04/Session1/pos/0606.pos,293,,,,0,0,1.1,0.661,,none
MC04,control,Session1,0607,data/extracted/torgo/MC04/Session1/pos/0607.pos,362,,,,0,0,1.986,0.965,,none
MC04,control,Session1,0608,data/extracted/torgo/MC04/Session1/pos/0608.pos,666,,,,0,0,2.422,1.403,,none
MC04,control,Session1,0609,data/extracted/torgo/MC04/Session1/pos/0609.pos,319,,,,0,0,1.225,0.682,,none
MC04,control,Session1,0610,data/extracted/torgo/MC04/Session1/pos/0610.pos,297,,,,0,0,1.412,0.745,,none
MC04,control,Session1,0611,data/extracted/torgo/MC04/Session1/pos/0611.pos,617,,,,0,0,2.001,1.175,,none
MC04,control,Session1,0612,data/extracted/torgo/MC04/Session1/pos/0612.pos,569,,,,0,0,3.83,1.058,,none
MC04,control,Session1,0613,data/extracted/torgo/MC04/Session1/pos/0613.pos,350,,,,0,0,3.959,0.891,,none
MC04,control,Session1,0614,data/extracted/torgo/MC04/Session1/pos/0614.pos,304,,,,0,0,1.468,0.768,,none
MC04,control,Session1,0615,data/extracted/torgo/MC04/Session1/pos/0615.pos,306,,,,0,0,1.272,0.604,,none
MC04,control,Session1,0616,data/extracted/torgo/MC04/Session1/pos/0616.pos,284,,,,0,0,1.142,0.731,,none
MC04,control,Session1,0617,data/extracted/torgo/MC04/Session1/pos/0617.pos,299,,,,0,0,1.922,1.003,,none
MC04,control,Session1,0618,data/extracted/torgo/MC04/Session1/pos/0618.pos,339,,,,0,0,1.348,0.641,,none
MC04,control,Session1,0619,data/extracted/torgo/MC04/Session1/pos/0619.pos,286,,,,0,0,1.326,0.881,,none
MC04,control,Session1,0620,data/extracted/torgo/MC04/Session1/pos/0620.pos,294,,,,0,0,1.659,0.949,,none
MC04,control,Session1,0621,data/extracted/torgo/MC04/Session1/pos/0621.pos,806,,,,0,0,2.018,0.985,,none
MC04,control,Session1,0622,data/extracted/torgo/MC04/Session1/pos/0622.pos,337,,,,0,0,1.309,0.884,,none
MC04,control,Session1,0623,data/extracted/torgo/MC04/Session1/pos/0623.pos,263,,,,0,0,1.283,0.727,,none
MC04,control,Session1,0624,data/extracted/torgo/MC04/Session1/pos/0624.pos,299,,,,0,0,5.566,0.799,,none
MC04,control,Session1,0625,data/extracted/torgo/MC04/Session1/pos/0625.pos,901,,,1,1,2,40.865,1.244,large_position_step,medium
MC04,control,Session1,0626,data/extracted/torgo/MC04/Session1/pos/0626.pos,279,,,,0,0,1.05,0.624,,none
MC04,control,Session1,0627,data/extracted/torgo/MC04/Session1/pos/0627.pos,325,,,,0,0,1.6,0.779,,none
MC04,control,Session1,0628,data/extracted/torgo/MC04/Session1/pos/0628.pos,338,,,,0,0,1.408,0.887,,none
MC04,control,Session1,0629,data/extracted/torgo/MC04/Session1/pos/0629.pos,312,,,,0,0,1.177,0.725,,none
MC04,control,Session1,0630,data/extracted/torgo/MC04/Session1/pos/0630.pos,331,,,,0,0,1.108,0.725,,none
MC04,control,Session1,0631,data/extracted/torgo/MC04/Session1/pos/0631.pos,697,,,,0,2,16.65,1.093,,none
MC04,control,Session1,0632,data/extracted/torgo/MC04/Session1/pos/0632.pos,587,,,,0,0,3.023,1.014,,none
MC04,control,Session1,0633,data/extracted/torgo/MC04/Session1/pos/0633.pos,321,,,,0,0,1.41,0.703,,none
MC04,control,Session1,0634,data/extracted/torgo/MC04/Session1/pos/0634.pos,311,,,,0,0,1.448,0.748,,none
MC04,control,Session1,0635,data/extracted/torgo/MC04/Session1/pos/0635.pos,817,,,,0,0,2.072,1.05,,none
MC04,control,Session1,0636,data/extracted/torgo/MC04/Session1/pos/0636.pos,652,,,2,1,1,28.598,1.269,large_position_step,medium
MC04,control,Session1,0637,data/extracted/torgo/MC04/Session1/pos/0637.pos,302,,,,0,0,1.253,0.719,,none
MC04,control,Session1,0638,data/extracted/torgo/MC04/Session1/pos/0638.pos,565,,,,0,1,10.453,1.433,,none
MC04,control,Session1,0639,data/extracted/torgo/MC04/Session1/pos/0639.pos,309,,,,0,0,5.23,1.016,,none
MC04,control,Session1,0640,data/extracted/torgo/MC04/Session1/pos/0640.pos,353,,,,0,0,1.416,0.711,,none
MC04,control,Session1,0641,data/extracted/torgo/MC04/Session1/pos/0641.pos,301,,,,0,0,1.778,0.749,,none
MC04,control,Session1,0642,data/extracted/torgo/MC04/Session1/pos/0642.pos,813,,,,0,0,1.538,1.014,,none
MC04,control,Session1,0643,data/extracted/torgo/MC04/Session1/pos/0643.pos,316,,,,0,0,1.129,0.687,,none
MC04,control,Session1,0644,data/extracted/torgo/MC04/Session1/pos/0644.pos,386,,,,0,0,3.129,0.834,,none
MC04,control,Session1,0645,data/extracted/torgo/MC04/Session1/pos/0645.pos,318,,,,0,0,1.233,0.729,,none
MC04,control,Session1,0646,data/extracted/torgo/MC04/Session1/pos/0646.pos,2120,,,,0,0,2.393,1.105,,none
MC04,control,Session1,0647,data/extracted/torgo/MC04/Session1/pos/0647.pos,400,,,,0,0,2.069,0.935,,none
MC04,control,Session1,0648,data/extracted/torgo/MC04/Session1/pos/0648.pos,308,,,,0,1,12.553,1.008,,none
MC04,control,Session1,0649,data/extracted/torgo/MC04/Session1/pos/0649.pos,315,,,,0,0,1.714,0.914,,none
MC04,control,Session1,0650,data/extracted/torgo/MC04/Session1/pos/0650.pos,384,,,,0,0,1.622,0.799,,none
MC04,control,Session1,0651,data/extracted/torgo/MC04/Session1/pos/0651.pos,687,,,,0,0,1.918,1.088,,none
MC04,control,Session1,0652,data/extracted/torgo/MC04/Session1/pos/0652.pos,316,,,,0,0,1.732,0.851,,none
MC04,control,Session1,0653,data/extracted/torgo/MC04/Session1/pos/0653.pos,295,,,,0,0,1.777,0.922,,none
MC04,control,Session1,0654,data/extracted/torgo/MC04/Session1/pos/0654.pos,342,,,,0,0,1.467,0.906,,none
