speaker,condition,session,utterance_id,pos_path,frames,flat_sensors,normally_active_flat_sensors,large_step_sensors,steps_over_20,steps_over_10,max_step_units,p99_step_units,review_flag,review_priority
M02,dysarthric,Session2,0202,data/extracted/torgo/M02/Session2/pos/0202.pos,3183,1,,2|3|4|5|6|7|8|9|10|11|12,1735,3863,118.18,45.664,large_position_step,high
M02,dysarthric,Session2,0098,data/extracted/torgo/M02/Session2/pos/0098.pos,1903,1,,2|3|4|5|6|7|8|9|10|11|12,426,534,100.076,36.161,large_position_step,high
M01,dysarthric,Session1,0079,data/extracted/torgo/M01/Session1/pos/0079.pos,606,,,6,271,375,203.724,52.473,large_position_step,high
M01,dysarthric,Session1,0077,data/extracted/torgo/M01/Session1/pos/0077.pos,1827,,,6|10,262,351,223.376,25.431,large_position_step,high
M01,dysarthric,Session1,0040,data/extracted/torgo/M01/Session1/pos/0040.pos,1521,,,1|2|3|4|6|7|8|9|10,256,294,301.205,103.376,large_position_step,high
M01,dysarthric,Session1,0043,data/extracted/torgo/M01/Session1/pos/0043.pos,1368,,,2|10,245,246,250.317,249.636,large_position_step,high
M01,dysarthric,Session1,0034,data/extracted/torgo/M01/Session1/pos/0034.pos,685,,,1|2,223,223,250.466,249.871,large_position_step,high
MC02,control,Session1,0005,data/extracted/torgo/MC02/Session1/pos/0005.pos,1445,,,1|2|3|4|5|6|7|8|9|10|11|12,204,204,164.263,83.79,large_position_step,high
M02,dysarthric,Session2,0186,data/extracted/torgo/M02/Session2/pos/0186.pos,1964,1,,2|3|4|5|6|7|8|9|10|11|12,190,291,154.838,12.249,large_position_step,high
M01,dysarthric,Session1,0073,data/extracted/torgo/M01/Session1/pos/0073.pos,657,,,2,185,318,67.439,43.773,large_position_step,high
M01,dysarthric,Session1,0029,data/extracted/torgo/M01/Session1/pos/0029.pos,578,,,1|2|3|4|5|6|7|8|9|10|11,180,201,324.762,249.682,large_position_step,high
M01,dysarthric,Session1,0032,data/extracted/torgo/M01/Session1/pos/0032.pos,809,,,1|2|3|4|6|7|8|9|10,180,189,324.784,159.678,large_position_step,high
M02,dysarthric,Session2,0163,data/extracted/torgo/M02/Session2/pos/0163.pos,1950,1,,2|3|4|5|6|7|8|9|10|11|12,177,318,194.604,14.699,large_position_step,high
M01,dysarthric,Session1,0098,data/extracted/torgo/M01/Session1/pos/0098.pos,587,,,1|2|3|4|6|7|8|9|10|11|12,167,202,530.104,155.456,large_position_step,high
F03,dysarthric,Session3,0191,data/extracted/torgo/F03/Session3/pos/0191.pos,1077,,,1|2|3|4|6|7|8|9|10|11,159,239,132.594,28.196,large_position_step,high
M01,dysarthric,Session1,0011,data/extracted/torgo/M01/Session1/pos/0011.pos,1892,,,1,148,148,250.25,1.785,large_position_step,high
M04,dysarthric,Session2,0155,data/extracted/torgo/M04/Session2/pos/0155.pos,1621,1|2|3|8,,4|6|7|9|10,139,180,174.778,9.589,large_position_step,high
M01,dysarthric,Session1,0038,data/extracted/torgo/M01/Session1/pos/0038.pos,943,,,1|2|3|9,137,139,270.868,249.556,large_position_step,high
M02,dysarthric,Session2,0117,data/extracted/torgo/M02/Session2/pos/0117.pos,1503,1,,2|3|4|5|6|7|8|9|10|11|12,131,180,220.583,9.973,large_position_step,high
M02,dysarthric,Session2,0195,data/extracted/torgo/M02/Session2/pos/0195.pos,2064,1,,2|3|4|5|6|7|8|9|10|11|12,130,240,151.118,9.755,large_position_step,high
M01,dysarthric,Session1,0033,data/extracted/torgo/M01/Session1/pos/0033.pos,706,,,1|2,128,128,250.615,249.709,large_position_step,high
M02,dysarthric,Session2,0236,data/extracted/torgo/M02/Session2/pos/0236.pos,871,1,,2|3|4|5|6|7|8|9|10|11|12,106,138,126.167,20.583,large_position_step,high
M01,dysarthric,Session1,0041,data/extracted/torgo/M01/Session1/pos/0041.pos,1433,,,1|2,104,104,249.987,2.252,large_position_step,high
M01,dysarthric,Session1,0030,data/extracted/torgo/M01/Session1/pos/0030.pos,766,,,1|2|3,100,117,250.266,26.324,large_position_step,high
M04,dysarthric,Session2,0064,data/extracted/torgo/M04/Session2/pos/0064.pos,1050,1|2|3|8,,4|6|7|9|10|12,94,128,140.354,10.406,large_position_step,high
M01,dysarthric,Session1,0097,data/extracted/torgo/M01/Session1/pos/0097.pos,708,,,1|2|3|4|6|7|8|9|10,90,128,498.811,26.393,large_position_step,high
M01,dysarthric,Session1,0035,data/extracted/torgo/M01/Session1/pos/0035.pos,681,,,1|2|3|4|6|7|8|9|10,86,86,270.628,89.787,large_position_step,high
F03,dysarthric,Session3,0029,data/extracted/torgo/F03/Session3/pos/0029.pos,1104,,,9,85,89,237.934,1.65,large_position_step,high
M01,dysarthric,Session1,0044,data/extracted/torgo/M01/Session1/pos/0044.pos,1811,,,1|2|3,80,105,250.351,3.476,large_position_step,high
M02,dysarthric,Session2,0128,data/extracted/torgo/M02/Session2/pos/0128.pos,2307,1,,2|3|4|5|6|7|8|9|10|11|12,80,109,149.563,4.969,large_position_step,high
M01,dysarthric,Session1,0036,data/extracted/torgo/M01/Session1/pos/0036.pos,660,2,2,1|10,78,80,259.255,9.998,normally_active_channel_flat|large_position_step,high
M01,dysarthric,Session1,0042,data/extracted/torgo/M01/Session1/pos/0042.pos,2057,,,1|2|3|4|6|7|8|9|10,78,85,255.729,2.644,large_position_step,high
M01,dysarthric,Session1,0078,data/extracted/torgo/M01/Session1/pos/0078.pos,814,,,3|6,78,131,252.954,16.305,large_position_step,high
M01,dysarthric,Session1,0037,data/extracted/torgo/M01/Session1/pos/0037.pos,766,,,1|2|10,72,79,250.19,2.578,large_position_step,high
MC02,control,Session1,0006,data/extracted/torgo/MC02/Session1/pos/0006.pos,945,,,1|2|3|4|5|6|7|8|9|10|11|12,72,72,161.31,0.943,large_position_step,high
F04,dysarthric,Session2,0043,data/extracted/torgo/F04/Session2/pos/0043.pos,454,,,10,68,93,71.415,25.226,large_position_step,high
M05,dysarthric,Session2,0179,data/extracted/torgo/M05/Session2/pos/0179.pos,2070,1|3,,2|4|6|7|8|9|10|11,67,74,188.93,2.507,large_position_step,high
M02,dysarthric,Session2,0188,data/extracted/torgo/M02/Session2/pos/0188.pos,1469,1,,2|3|4|5|6|7|8|9|10|11|12,63,266,123.742,12.017,large_position_step,high
M01,dysarthric,Session1,0100,data/extracted/torgo/M01/Session1/pos/0100.pos,577,,,1|2|3|4|6|7|8|9|10,59,70,473.436,10.016,large_position_step,high
M01,dysarthric,Session1,0026,data/extracted/torgo/M01/Session1/pos/0026.pos,1888,,,1|2|3|4|6|7|8|9|10,57,71,352.604,2.774,large_position_step,high
M05,dysarthric,Session2,0101,data/extracted/torgo/M05/Session2/pos/0101.pos,1742,1|3,,2|4|6|7|8|9|10|11,57,60,376.837,2.066,large_position_step,high
M02,dysarthric,Session2,0228,data/extracted/torgo/M02/Session2/pos/0228.pos,1401,1,,2|3|4|5|6|7|8|9|10|11|12,55,126,148.948,8.064,large_position_step,high
M01,dysarthric,Session1,0006,data/extracted/torgo/M01/Session1/pos/0006.pos,572,,,10,54,65,167.186,7.757,large_position_step,high
M05,dysarthric,Session1,0028,data/extracted/torgo/M05/Session1/pos/0028.pos,5063,1|2|3,,4|7|8|9|10|12,54,325,99.677,7.271,large_position_step,high
M05,dysarthric,Session1,0082,data/extracted/torgo/M05/Session1/pos/0082.pos,624,1|2|3,,7,53,56,89.125,4.086,large_position_step,high
M04,dysarthric,Session2,0046,data/extracted/torgo/M04/Session2/pos/0046.pos,2229,1|2|3|8,,4|6|7|9|10,52,60,139.272,1.296,large_position_step,high
F04,dysarthric,Session2,0117,data/extracted/torgo/F04/Session2/pos/0117.pos,415,,,10,51,87,72.648,20.682,large_position_step,high
M02,dysarthric,Session2,0193,data/extracted/torgo/M02/Session2/pos/0193.pos,1370,1,,2|3|4|5|6|7|8|9|10|11|12,50,76,148.408,5.508,large_position_step,high
F04,dysarthric,Session2,0231,data/extracted/torgo/F04/Session2/pos/0231.pos,459,,,10,49,63,145.865,14.014,large_position_step,high
F03,dysarthric,Session3,0214,data/extracted/torgo/F03/Session3/pos/0214.pos,550,,,3|9|10,48,96,97.087,15.007,large_position_step,high
M01,dysarthric,Session1,0072,data/extracted/torgo/M01/Session1/pos/0072.pos,2057,,,6|7,48,70,223.012,1.962,large_position_step,high
M02,dysarthric,Session2,0235,data/extracted/torgo/M02/Session2/pos/0235.pos,1689,1,,2|3|4|5|6|7|8|9|10|11|12,48,63,141.402,4.682,large_position_step,high
F03,dysarthric,Session3,0152,data/extracted/torgo/F03/Session3/pos/0152.pos,305,,,7|9,46,78,102.102,26.623,large_position_step,high
F04,dysarthric,Session2,0114,data/extracted/torgo/F04/Session2/pos/0114.pos,435,,,10,45,65,136.179,16.202,large_position_step,high
M04,dysarthric,Session2,0050,data/extracted/torgo/M04/Session2/pos/0050.pos,497,1|2|3|8,,4|6|7|9|10,45,46,137.215,5.162,large_position_step,high
M02,dysarthric,Session2,0088,data/extracted/torgo/M02/Session2/pos/0088.pos,1715,1,,2|3|4|5|6|7|8|9|10|11|12,39,90,149.508,7.102,large_position_step,high
M03,dysarthric,Session2,0027,data/extracted/torgo/M03/Session2/pos/0027.pos,8631,,,3|7|8|10,38,60,70.261,1.43,large_position_step,high
F04,dysarthric,Session2,0233,data/extracted/torgo/F04/Session2/pos/0233.pos,639,,,2|7,36,69,68.929,8.722,large_position_step,high
F03,dysarthric,Session3,0213,data/extracted/torgo/F03/Session3/pos/0213.pos,1510,,,6|7|8|10,35,62,305.398,2.897,large_position_step,high
FC03,control,Session2,0254,data/extracted/torgo/FC03/Session2/pos/0254.pos,360,,,10,35,63,131.603,17.59,large_position_step,high
M01,dysarthric,Session1,0099,data/extracted/torgo/M01/Session1/pos/0099.pos,639,,,1|2|3|4|5|6|7|8|9|10|11|12,35,36,517.361,3.149,large_position_step,high
M02,dysarthric,Session2,0086,data/extracted/torgo/M02/Session2/pos/0086.pos,1316,1,,2|3|4|5|6|7|8|9|10|11|12,35,114,136.464,8.277,large_position_step,high
M05,dysarthric,Session2,0150,data/extracted/torgo/M05/Session2/pos/0150.pos,2498,1|3,,2|4|6|7|8|9|10|11,35,53,174.553,2.113,large_position_step,high
M05,dysarthric,Session2,0313,data/extracted/torgo/M05/Session2/pos/0313.pos,1909,1|3,,2|4|6|7|8|9|10|11,35,44,170.261,2.043,large_position_step,high
M05,dysarthric,Session2,0279,data/extracted/torgo/M05/Session2/pos/0279.pos,1677,1|3,,2|4|6|7|8|9|10|11,33,43,182.962,2.126,large_position_step,high
M02,dysarthric,Session2,0184,data/extracted/torgo/M02/Session2/pos/0184.pos,577,1,,2|3|4|5|6|7|8|9|10|11|12,32,67,70.188,9.623,large_position_step,high
M05,dysarthric,Session2,0291,data/extracted/torgo/M05/Session2/pos/0291.pos,2128,1|3,,2|4|6|7|8|9|10|11,32,33,194.932,1.408,large_position_step,high
M02,dysarthric,Session2,0091,data/extracted/torgo/M02/Session2/pos/0091.pos,688,1,,2|3|4|5|6|7|8|9|10|11|12,31,43,56.367,5.029,large_position_step,high
M02,dysarthric,Session2,0187,data/extracted/torgo/M02/Session2/pos/0187.pos,1579,1,,2|3|4|5|6|7|8|9|10|11|12,31,131,111.226,8.595,large_position_step,high
M02,dysarthric,Session2,0240,data/extracted/torgo/M02/Session2/pos/0240.pos,385,1,,2|3|4|5|6|7|8|9|10|11|12,31,68,111.853,12.204,large_position_step,high
M01,dysarthric,Session1,0031,data/extracted/torgo/M01/Session1/pos/0031.pos,568,,,1|2,30,30,249.996,3.729,large_position_step,high
MC02,control,Session1,0151,data/extracted/torgo/MC02/Session1/pos/0151.pos,615,,,10,28,45,113.178,2.616,large_position_step,high
F04,dysarthric,Session2,0126,data/extracted/torgo/F04/Session2/pos/0126.pos,893,,,10,27,45,91.136,1.621,large_position_step,high
M02,dysarthric,Session2,0134,data/extracted/torgo/M02/Session2/pos/0134.pos,3495,1,,2|3|4|5|6|7|8|9|10|11|12,27,36,80.365,2.942,large_position_step,high
M02,dysarthric,Session2,0162,data/extracted/torgo/M02/Session2/pos/0162.pos,852,1,,2|3|4|5|6|7|8|9|10|11|12,27,47,146.353,6.346,large_position_step,high
M02,dysarthric,Session2,0081,data/extracted/torgo/M02/Session2/pos/0081.pos,705,1,,2|3|4|5|6|7|8|9|10|11|12,26,42,56.716,4.762,large_position_step,high
M04,dysarthric,Session2,0014,data/extracted/torgo/M04/Session2/pos/0014.pos,2564,1|2|3|8,,4|5|6|7|9|10|11|12,26,64,120.136,1.639,large_position_step,high
M02,dysarthric,Session2,0222,data/extracted/torgo/M02/Session2/pos/0222.pos,1614,1,,2|3|4|5|6|7|8|9|10|11|12,25,50,147.041,3.639,large_position_step,high
M04,dysarthric,Session2,0032,data/extracted/torgo/M04/Session2/pos/0032.pos,2068,1|2|3|8,,4|5|6|7|9|10|12,25,96,54.789,2.964,large_position_step,high
M02,dysarthric,Session2,0237,data/extracted/torgo/M02/Session2/pos/0237.pos,1250,1,,2|3|4|5|6|7|8|9|10|11|12,22,23,146.08,5.046,large_position_step,high
M04,dysarthric,Session2,0048,data/extracted/torgo/M04/Session2/pos/0048.pos,2817,1|2|3|8,,4|6|7|9|10,22,32,146.214,1.311,large_position_step,high
M04,dysarthric,Session2,0072,data/extracted/torgo/M04/Session2/pos/0072.pos,602,1|2|3|8,,4|5|6|7|9|10|11|12,22,42,116.756,5.82,large_position_step,high
F03,dysarthric,Session3,0134,data/extracted/torgo/F03/Session3/pos/0134.pos,1194,,,7|9,21,46,264.456,2.084,large_position_step,high
F04,dysarthric,Session2,0104,data/extracted/torgo/F04/Session2/pos/0104.pos,875,,,10,21,36,240.484,1.686,large_position_step,high
F04,dysarthric,Session2,0119,data/extracted/torgo/F04/Session2/pos/0119.pos,1448,,,10,21,27,144.864,1.17,large_position_step,high
M02,dysarthric,Session2,0177,data/extracted/torgo/M02/Session2/pos/0177.pos,654,1,,2|3|4|5|6|7|8|9|10|11|12,21,49,82.191,7.971,large_position_step,high
M02,dysarthric,Session2,0209,data/extracted/torgo/M02/Session2/pos/0209.pos,1515,1,,2|3|4|5|6|7|8|9|10|11|12,21,59,478.815,5.458,large_position_step,high
M02,dysarthric,Session2,0212,data/extracted/torgo/M02/Session2/pos/0212.pos,1302,1,,2|3|4|6|7|8|9|10|11|12,21,52,166.184,5.365,large_position_step,high
M02,dysarthric,Session2,0232,data/extracted/torgo/M02/Session2/pos/0232.pos,1744,1,,2|3|7|8|9|10,21,146,242.329,8.499,large_position_step,high
M04,dysarthric,Session2,0033,data/extracted/torgo/M04/Session2/pos/0033.pos,3451,1|2|3|8,,4|5|6|10|12,20,58,109.246,2.335,large_position_step,high
M04,dysarthric,Session2,0052,data/extracted/torgo/M04/Session2/pos/0052.pos,1367,1|2|3|8,,4|6|7|9|10,20,27,140.942,1.957,large_position_step,high
M04,dysarthric,Session2,0101,data/extracted/torgo/M04/Session2/pos/0101.pos,653,1|2|3|8,,4|6|7|9|10,20,29,153.568,1.257,large_position_step,high
M04,dysarthric,Session2,0273,data/extracted/torgo/M04/Session2/pos/0273.pos,543,1|2|3|8,,6|10,20,25,88.199,2.067,large_position_step,high
M01,dysarthric,Session1,0045,data/extracted/torgo/M01/Session1/pos/0045.pos,829,,,6,19,20,313.015,1.691,large_position_step,high
M02,dysarthric,Session2,0078,data/extracted/torgo/M02/Session2/pos/0078.pos,1211,1,,2|3|4|5|6|7|8|9|10|12,19,75,57.373,7.283,large_position_step,high
M02,dysarthric,Session2,0103,data/extracted/torgo/M02/Session2/pos/0103.pos,785,1,,2|3|4|5|6|7|8|9|10|11,19,32,168.486,5.556,large_position_step,high
M02,dysarthric,Session2,0154,data/extracted/torgo/M02/Session2/pos/0154.pos,1535,1,,2|3|4|5|6|7|8|9|10|11|12,19,29,62.381,4.415,large_position_step,high
M01,dysarthric,Session1,0008,data/extracted/torgo/M01/Session1/pos/0008.pos,812,,,1,18,18,249.952,1.545,large_position_step,high
M02,dysarthric,Session2,0097,data/extracted/torgo/M02/Session2/pos/0097.pos,504,1,,2|3|4|5|6|7|8|9|10|12,18,21,57.918,3.282,large_position_step,high
M02,dysarthric,Session2,0205,data/extracted/torgo/M02/Session2/pos/0205.pos,597,1,,2|3|4|5|6|7|8|9|10|11|12,17,54,115.378,6.883,large_position_step,high
M04,dysarthric,Session2,0003,data/extracted/torgo/M04/Session2/pos/0003.pos,988,1|2|3|8,,4|6|10,17,80,40.409,6.489,large_position_step,high
M05,dysarthric,Session1,0051,data/extracted/torgo/M05/Session1/pos/0051.pos,1490,1|2|3,,8,17,25,249.311,0.878,large_position_step,high
M05,dysarthric,Session2,0381,data/extracted/torgo/M05/Session2/pos/0381.pos,1623,1|3,,2|4|6|7|8|9|10|11,17,18,178.212,1.216,large_position_step,high
M01,dysarthric,Session1,0087,data/extracted/torgo/M01/Session1/pos/0087.pos,610,,,3|7,16,36,250.24,4.183,large_position_step,high
M02,dysarthric,Session2,0125,data/extracted/torgo/M02/Session2/pos/0125.pos,539,1,,2|3|4|5|6|7|8|9|10|11|12,16,20,70.429,2.978,large_position_step,high
M02,dysarthric,Session2,0167,data/extracted/torgo/M02/Session2/pos/0167.pos,587,1,,2|3|4|5|6|7|8|9|10|11|12,16,44,101.586,8.271,large_position_step,high
M02,dysarthric,Session2,0191,data/extracted/torgo/M02/Session2/pos/0191.pos,1820,1,,2|3|4|6|7|8|9|10,16,111,38.021,7.276,large_position_step,high
M02,dysarthric,Session2,0238,data/extracted/torgo/M02/Session2/pos/0238.pos,424,1,,2|3|4|5|6|7|8|9|10|11|12,16,31,88.523,7.269,large_position_step,high
M04,dysarthric,Session2,0147,data/extracted/torgo/M04/Session2/pos/0147.pos,2415,1|2|3|8,,4|5|6|7|9|10|11|12,16,41,162.941,1.913,large_position_step,high
M05,dysarthric,Session2,0202,data/extracted/torgo/M05/Session2/pos/0202.pos,432,1|3,,2|4|6|7|8|9|10|11,16,21,172.362,2.289,large_position_step,high
F04,dysarthric,Session2,0143,data/extracted/torgo/F04/Session2/pos/0143.pos,1480,,,6,15,92,39.097,3.822,large_position_step,high
M02,dysarthric,Session2,0096,data/extracted/torgo/M02/Session2/pos/0096.pos,1520,1,,2|3|4|5|6|7|8|9|10|11|12,15,45,107.834,4.317,large_position_step,high
M04,dysarthric,Session2,0099,data/extracted/torgo/M04/Session2/pos/0099.pos,607,1|2|3|8,,4|6|7|9|10,15,19,132.005,1.763,large_position_step,high
M05,dysarthric,Session1,0014,data/extracted/torgo/M05/Session1/pos/0014.pos,503,1|2|3,,4|6|7|8|9|10|11,15,20,143.332,1.378,large_position_step,high
M01,dysarthric,Session1,0001,data/extracted/torgo/M01/Session1/pos/0001.pos,1904,,,10,14,23,112.523,1.616,large_position_step,high
M04,dysarthric,Session2,0015,data/extracted/torgo/M04/Session2/pos/0015.pos,549,1|2|3|8,,4|5|6|7|9|10|11|12,14,16,133.228,1.931,large_position_step,high
M04,dysarthric,Session2,0068,data/extracted/torgo/M04/Session2/pos/0068.pos,487,1|2|3|8,,9,14,80,36.611,12.206,large_position_step,high
M05,dysarthric,Session1,0047,data/extracted/torgo/M05/Session1/pos/0047.pos,448,1|2|3,,4|5|6|7|8|9|10,14,15,199.385,4.667,large_position_step,high
M05,dysarthric,Session1,0055,data/extracted/torgo/M05/Session1/pos/0055.pos,481,1|2|3,,4|6|7|8|9|10|11,14,16,144.191,0.921,large_position_step,high
F03,dysarthric,Session3,0192,data/extracted/torgo/F03/Session3/pos/0192.pos,890,,,7,13,16,126.125,2.95,large_position_step,high
M02,dysarthric,Session2,0093,data/extracted/torgo/M02/Session2/pos/0093.pos,1289,1,,2|3|4|6|7|8|9|10|11|12,13,34,38.281,3.117,large_position_step,high
F03,dysarthric,Session3,0150,data/extracted/torgo/F03/Session3/pos/0150.pos,3089,,,6|7,12,95,306.784,1.667,large_position_step,high
M02,dysarthric,Session2,0077,data/extracted/torgo/M02/Session2/pos/0077.pos,374,1,,4|6|7|8|9|10,12,38,29.194,8.667,large_position_step,high
M02,dysarthric,Session2,0089,data/extracted/torgo/M02/Session2/pos/0089.pos,678,1,,2|3|4|6|7|8|9|10|12,12,20,58.99,4.523,large_position_step,high
M02,dysarthric,Session2,0151,data/extracted/torgo/M02/Session2/pos/0151.pos,778,1,,2|3|4|7|8|9|10,12,22,31.584,4.079,large_position_step,high
M02,dysarthric,Session2,0213,data/extracted/torgo/M02/Session2/pos/0213.pos,1580,1,,2|3|4|5|6|7|8|9|10|11|12,12,25,80.632,3.204,large_position_step,high
M04,dysarthric,Session2,0160,data/extracted/torgo/M04/Session2/pos/0160.pos,2286,1|2|3|8,,4|6|7|9|10,12,19,162.921,1.447,large_position_step,high
M05,dysarthric,Session2,0220,data/extracted/torgo/M05/Session2/pos/0220.pos,649,1|3,,4|9,12,30,101.751,2.942,large_position_step,high
F03,dysarthric,Session3,0081,data/extracted/torgo/F03/Session3/pos/0081.pos,402,,,9,11,15,61.987,2.287,large_position_step,high
F03,dysarthric,Session3,0135,data/extracted/torgo/F03/Session3/pos/0135.pos,1083,,,7|9,11,25,73.861,1.759,large_position_step,high
M01,dysarthric,Session1,0051,data/extracted/torgo/M01/Session1/pos/0051.pos,614,,,7|10,11,16,248.72,2.915,large_position_step,high
M02,dysarthric,Session2,0104,data/extracted/torgo/M02/Session2/pos/0104.pos,1329,1,,2|3|4|6|7|8|9|10,11,50,68.768,5.537,large_position_step,high
M02,dysarthric,Session2,0144,data/extracted/torgo/M02/Session2/pos/0144.pos,429,1,,2|3|4|5|6|7|8|9|10|11|12,11,25,181.448,7.958,large_position_step,high
M02,dysarthric,Session2,0215,data/extracted/torgo/M02/Session2/pos/0215.pos,671,1,,2|3|4|5|6|7|8|9|10|11|12,11,39,145.87,7.316,large_position_step,high
M02,dysarthric,Session2,0239,data/extracted/torgo/M02/Session2/pos/0239.pos,534,1,,2|3|4|6|7|8|9|10,11,20,38.284,4.29,large_position_step,high
M04,dysarthric,Session2,0029,data/extracted/torgo/M04/Session2/pos/0029.pos,3909,1|2|3|8,,4|6|7|9|10,11,12,138.41,1.696,large_position_step,high
FC01,control,Session1,0164,data/extracted/torgo/FC01/Session1/pos/0164.pos,572,,,10,10,33,62.247,3.97,large_position_step,high
FC03,control,Session1,0319,data/extracted/torgo/FC03/Session1/pos/0319.pos,1008,,,1|2|4|6|7,10,27,87.249,3.192,large_position_step,high
M01,dysarthric,Session1,0024,data/extracted/torgo/M01/Session1/pos/0024.pos,644,2,2,10,10,15,90.019,2.062,normally_active_channel_flat|large_position_step,high
M02,dysarthric,Session2,0115,data/extracted/torgo/M02/Session2/pos/0115.pos,798,1,,2|3|4|5|6|7|8|9|10|12,10,10,66.397,2.026,large_position_step,high
M02,dysarthric,Session2,0123,data/extracted/torgo/M02/Session2/pos/0123.pos,556,1,,2|3|4|5|6|7|8|9|10|12,10,18,83.47,3.217,large_position_step,high
M02,dysarthric,Session2,0130,data/extracted/torgo/M02/Session2/pos/0130.pos,538,1,,2|3|4|6|7|8|9|10,10,15,52.458,4.777,large_position_step,high
M02,dysarthric,Session2,0197,data/extracted/torgo/M02/Session2/pos/0197.pos,412,1,,2|3|4|6|7|8|9|10|11|12,10,36,54.256,8.887,large_position_step,high
M02,dysarthric,Session2,0203,data/extracted/torgo/M02/Session2/pos/0203.pos,715,1,,2|3|4|6|7|8|9|10,10,43,39.57,6.085,large_position_step,high
M04,dysarthric,Session2,0088,data/extracted/torgo/M04/Session2/pos/0088.pos,1353,1|2|3|8,,9|10,10,52,45.52,3.662,large_position_step,high
M04,dysarthric,Session2,0128,data/extracted/torgo/M04/Session2/pos/0128.pos,762,1|2|3|8,,4|6|7|9|10,10,10,145.024,0.922,large_position_step,high
M04,dysarthric,Session2,0185,data/extracted/torgo/M04/Session2/pos/0185.pos,1234,1|2|3|8,,4|6|7|9|10,10,13,154.287,1.606,large_position_step,high
M05,dysarthric,Session2,0138,data/extracted/torgo/M05/Session2/pos/0138.pos,2114,1|3,,2|4|6|7|8|9|10|11,10,14,41.466,1.005,large_position_step,high
M01,dysarthric,Session1,0089,data/extracted/torgo/M01/Session1/pos/0089.pos,909,2,2,3,2,58,23.045,6.847,normally_active_channel_flat|large_position_step,high
M01,dysarthric,Session1,0017,data/extracted/torgo/M01/Session1/pos/0017.pos,590,6,6,,0,0,1.891,1.192,normally_active_channel_flat,high
M01,dysarthric,Session1,0020,data/extracted/torgo/M01/Session1/pos/0020.pos,702,2,2,,0,0,2.867,1.839,normally_active_channel_flat,high
M01,dysarthric,Session1,0039,data/extracted/torgo/M01/Session1/pos/0039.pos,753,1|2|3,1|2|3,,0,0,2.924,1.112,normally_active_channel_flat,high
M01,dysarthric,Session1,0046,data/extracted/torgo/M01/Session1/pos/0046.pos,797,2,2,,0,0,3.323,1.872,normally_active_channel_flat,high
M01,dysarthric,Session1,0047,data/extracted/torgo/M01/Session1/pos/0047.pos,577,2,2,,0,0,3.966,1.963,normally_active_channel_flat,high
M01,dysarthric,Session1,0048,data/extracted/torgo/M01/Session1/pos/0048.pos,750,2,2,,0,0,3.542,1.894,normally_active_channel_flat,high
M01,dysarthric,Session1,0049,data/extracted/torgo/M01/Session1/pos/0049.pos,673,2,2,,0,0,3.993,1.938,normally_active_channel_flat,high
M01,dysarthric,Session1,0058,data/extracted/torgo/M01/Session1/pos/0058.pos,858,6,6,,0,0,2.909,1.749,normally_active_channel_flat,high
M01,dysarthric,Session1,0063,data/extracted/torgo/M01/Session1/pos/0063.pos,1347,6,6,,0,0,2.788,1.558,normally_active_channel_flat,high
M01,dysarthric,Session1,0090,data/extracted/torgo/M01/Session1/pos/0090.pos,806,2,2,,0,0,3.808,1.827,normally_active_channel_flat,high
F03,dysarthric,Session3,0055,data/extracted/torgo/F03/Session3/pos/0055.pos,740,,,9,9,17,70.056,2.091,large_position_step,medium
F04,dysarthric,Session2,0237,data/extracted/torgo/F04/Session2/pos/0237.pos,480,,,4|10,9,20,59.215,4.092,large_position_step,medium
FC03,control,Session1,0002,data/extracted/torgo/FC03/Session1/pos/0002.pos,2624,,,3|9,9,38,106.678,2.241,large_position_step,medium
M01,dysarthric,Session1,0075,data/extracted/torgo/M01/Session1/pos/0075.pos,625,,,6,9,9,83.528,2.142,large_position_step,medium
M02,dysarthric,Session2,0084,data/extracted/torgo/M02/Session2/pos/0084.pos,498,1,,2|3|4|6|7|8|9|10,9,11,40.264,3.032,large_position_step,medium
M02,dysarthric,Session2,0135,data/extracted/torgo/M02/Session2/pos/0135.pos,516,1,,2|3|4|5|6|7|8|9|10,9,11,54.832,2.745,large_position_step,medium
M02,dysarthric,Session2,0173,data/extracted/torgo/M02/Session2/pos/0173.pos,585,1,,3|4|7|8|9|10,9,18,27.298,4.107,large_position_step,medium
M04,dysarthric,Session2,0133,data/extracted/torgo/M04/Session2/pos/0133.pos,1660,1|2|3|8,,9|10,9,35,45.901,1.93,large_position_step,medium
M04,dysarthric,Session2,0235,data/extracted/torgo/M04/Session2/pos/0235.pos,616,1|2|3|8,,9,9,22,49.638,1.994,large_position_step,medium
M05,dysarthric,Session1,0128,data/extracted/torgo/M05/Session1/pos/0128.pos,504,1|2|3,,4|5|6|7|8|9|10|11,9,9,36.432,1.311,large_position_step,medium
M05,dysarthric,Session2,0109,data/extracted/torgo/M05/Session2/pos/0109.pos,594,1|3,,9,9,12,189.059,1.506,large_position_step,medium
M05,dysarthric,Session2,0168,data/extracted/torgo/M05/Session2/pos/0168.pos,702,1|3,,2|4|5|6|7|8|9|10|11,9,12,140.759,2.351,large_position_step,medium
F03,dysarthric,Session3,0048,data/extracted/torgo/F03/Session3/pos/0048.pos,863,,,4|9,8,14,242.37,2.913,large_position_step,medium
F03,dysarthric,Session3,0090,data/extracted/torgo/F03/Session3/pos/0090.pos,833,,,7,8,15,298.835,1.368,large_position_step,medium
F03,dysarthric,Session3,0189,data/extracted/torgo/F03/Session3/pos/0189.pos,295,,,9,8,11,63.879,2.728,large_position_step,medium
F04,dysarthric,Session2,0147,data/extracted/torgo/F04/Session2/pos/0147.pos,1212,,,1|2,8,23,50.888,2.046,large_position_step,medium
F04,dysarthric,Session2,0232,data/extracted/torgo/F04/Session2/pos/0232.pos,772,,,2|6|10,8,13,153.841,2.072,large_position_step,medium
FC03,control,Session1,0026,data/extracted/torgo/FC03/Session1/pos/0026.pos,1125,,,1|3|9,8,13,219.662,2.281,large_position_step,medium
M01,dysarthric,Session1,0050,data/extracted/torgo/M01/Session1/pos/0050.pos,788,,,6,8,13,40.31,3.513,large_position_step,medium
M02,dysarthric,Session2,0076,data/extracted/torgo/M02/Session2/pos/0076.pos,556,1,,2|3|4|6|7|8|9|10,8,11,37.803,4.809,large_position_step,medium
M02,dysarthric,Session2,0079,data/extracted/torgo/M02/Session2/pos/0079.pos,343,1,,4|10,8,31,397.405,8.655,large_position_step,medium
M02,dysarthric,Session2,0080,data/extracted/torgo/M02/Session2/pos/0080.pos,624,1,,2|3|4|6|7|8|9|10,8,10,43.358,1.929,large_position_step,medium
M02,dysarthric,Session2,0085,data/extracted/torgo/M02/Session2/pos/0085.pos,484,1,,2|3|6|7|8|9|10,8,11,35.074,3.351,large_position_step,medium
M02,dysarthric,Session2,0102,data/extracted/torgo/M02/Session2/pos/0102.pos,458,1,,2|3|4|6|7|8|9|10,8,26,42.205,5.522,large_position_step,medium
M02,dysarthric,Session2,0112,data/extracted/torgo/M02/Session2/pos/0112.pos,389,1,,2|3|4|6|7|8|9|10,8,10,47.45,5.0,large_position_step,medium
M02,dysarthric,Session2,0149,data/extracted/torgo/M02/Session2/pos/0149.pos,915,1,,2|3|4|6|7|8|9|10,8,11,39.294,3.76,large_position_step,medium
M02,dysarthric,Session2,0169,data/extracted/torgo/M02/Session2/pos/0169.pos,455,1,,2|3|4|6|7|8|9|10,8,12,42.871,2.834,large_position_step,medium
M02,dysarthric,Session2,0192,data/extracted/torgo/M02/Session2/pos/0192.pos,604,1,,2|3|4|6|7|8|9|10,8,9,48.634,3.779,large_position_step,medium
M02,dysarthric,Session2,0204,data/extracted/torgo/M02/Session2/pos/0204.pos,1891,1,,7|9|10,8,159,132.443,8.233,large_position_step,medium
M02,dysarthric,Session2,0226,data/extracted/torgo/M02/Session2/pos/0226.pos,570,1,,2|3|4|6|7|8|9|10,8,29,61.075,5.707,large_position_step,medium
M02,dysarthric,Session2,0230,data/extracted/torgo/M02/Session2/pos/0230.pos,895,1,,2|3|4|6|7|8|9|10,8,14,36.704,2.576,large_position_step,medium
M02,dysarthric,Session2,0241,data/extracted/torgo/M02/Session2/pos/0241.pos,393,1,,2|3|4|6|7|8|9|10,8,36,40.469,9.19,large_position_step,medium
M04,dysarthric,Session2,0148,data/extracted/torgo/M04/Session2/pos/0148.pos,644,1|2|3|8,,9,8,29,36.311,2.844,large_position_step,medium
M05,dysarthric,Session2,0085,data/extracted/torgo/M05/Session2/pos/0085.pos,2284,1|3,,2|4|6|7|8|9|10|11,8,18,121.218,1.131,large_position_step,medium
M05,dysarthric,Session2,0116,data/extracted/torgo/M05/Session2/pos/0116.pos,675,1|3,,2|6|7|8|9|10|11,8,10,35.312,1.62,large_position_step,medium
F03,dysarthric,Session3,0026,data/extracted/torgo/F03/Session3/pos/0026.pos,464,,,7,7,24,32.598,4.164,large_position_step,medium
F03,dysarthric,Session3,0183,data/extracted/torgo/F03/Session3/pos/0183.pos,591,,,3|9,7,9,258.83,1.911,large_position_step,medium
FC02,control,Session3,0844,data/extracted/torgo/FC02/Session3/pos/0844.pos,440,,,3,7,11,97.981,1.575,large_position_step,medium
M01,dysarthric,Session1,0057,data/extracted/torgo/M01/Session1/pos/0057.pos,782,,,10,7,12,219.373,2.324,large_position_step,medium
M01,dysarthric,Session1,0064,data/extracted/torgo/M01/Session1/pos/0064.pos,819,,,7|10,7,10,250.073,2.362,large_position_step,medium
M01,dysarthric,Session1,0076,data/extracted/torgo/M01/Session1/pos/0076.pos,598,,,7,7,7,250.102,2.394,large_position_step,medium
M02,dysarthric,Session2,0138,data/extracted/torgo/M02/Session2/pos/0138.pos,519,1,,2|3|6|7|8|9|10,7,10,38.502,2.938,large_position_step,medium
M02,dysarthric,Session2,0155,data/extracted/torgo/M02/Session2/pos/0155.pos,270,1,,2|3|6|7|8|9|10,7,12,43.592,3.716,large_position_step,medium
M02,dysarthric,Session2,0170,data/extracted/torgo/M02/Session2/pos/0170.pos,600,1,,2|3|6|7|8|9|10,7,14,31.103,3.02,large_position_step,medium
M02,dysarthric,Session2,0218,data/extracted/torgo/M02/Session2/pos/0218.pos,561,1,,2|3|6|7|8|9|10,7,9,34.672,5.111,large_position_step,medium
M02,dysarthric,Session2,0220,data/extracted/torgo/M02/Session2/pos/0220.pos,553,1,,2|3|6|7|8|9|10,7,17,40.948,2.717,large_position_step,medium
M02,dysarthric,Session2,0229,data/extracted/torgo/M02/Session2/pos/0229.pos,715,1,,2|3|4|6|7|8|10,7,9,34.451,5.002,large_position_step,medium
M04,dysarthric,Session2,0076,data/extracted/torgo/M04/Session2/pos/0076.pos,679,1|2|3|8,,4|6|7|9|10|11|12,7,8,44.736,0.921,large_position_step,medium
M04,dysarthric,Session2,0248,data/extracted/torgo/M04/Session2/pos/0248.pos,1743,1|2|3|8,,9,7,25,42.71,1.809,large_position_step,medium
M04,dysarthric,Session2,0288,data/extracted/torgo/M04/Session2/pos/0288.pos,2654,1|2|3|8,,4|5|9|10|12,7,26,117.485,1.478,large_position_step,medium
M05,dysarthric,Session2,0152,data/extracted/torgo/M05/Session2/pos/0152.pos,1620,1|3,,6|7|9|11,7,17,25.061,2.334,large_position_step,medium
M05,dysarthric,Session2,0184,data/extracted/torgo/M05/Session2/pos/0184.pos,719,1|3,,2|6|7|8|9|10|11,7,12,29.808,2.228,large_position_step,medium
F03,dysarthric,Session3,0060,data/extracted/torgo/F03/Session3/pos/0060.pos,349,,,7,6,8,57.982,1.668,large_position_step,medium
F03,dysarthric,Session3,0068,data/extracted/torgo/F03/Session3/pos/0068.pos,229,,,7,6,15,25.013,3.443,large_position_step,medium
F04,dysarthric,Session2,0089,data/extracted/torgo/F04/Session2/pos/0089.pos,394,,,10,6,19,30.319,6.7,large_position_step,medium
M01,dysarthric,Session1,0028,data/extracted/torgo/M01/Session1/pos/0028.pos,970,,,10,6,10,148.587,2.028,large_position_step,medium
M02,dysarthric,Session2,0146,data/extracted/torgo/M02/Session2/pos/0146.pos,623,1,,2|3|6|7|8|10,6,9,29.577,5.512,large_position_step,medium
M02,dysarthric,Session2,0157,data/extracted/torgo/M02/Session2/pos/0157.pos,618,1,,2|3|6|7|8|10,6,10,31.186,2.339,large_position_step,medium
M02,dysarthric,Session2,0165,data/extracted/torgo/M02/Session2/pos/0165.pos,601,1,,3|7|8|9|10,6,11,27.211,2.536,large_position_step,medium
M02,dysarthric,Session2,0176,data/extracted/torgo/M02/Session2/pos/0176.pos,1757,1,,3|6|7|8|9|10,6,72,30.422,6.918,large_position_step,medium
M02,dysarthric,Session2,0216,data/extracted/torgo/M02/Session2/pos/0216.pos,588,1,,3|6|7|8|9|10,6,9,30.48,3.852,large_position_step,medium
M04,dysarthric,Session2,0001,data/extracted/torgo/M04/Session2/pos/0001.pos,1112,1|2|3|8,,9,6,10,79.78,1.314,large_position_step,medium
M04,dysarthric,Session2,0028,data/extracted/torgo/M04/Session2/pos/0028.pos,507,1|2|3|8,,4|5|6|10|12,6,14,32.294,5.333,large_position_step,medium
M04,dysarthric,Session2,0069,data/extracted/torgo/M04/Session2/pos/0069.pos,602,1|2|3|8,,9,6,33,32.801,5.542,large_position_step,medium
M04,dysarthric,Session2,0242,data/extracted/torgo/M04/Session2/pos/0242.pos,1844,1|2|3|8,,4|6|7|9|10,6,13,138.516,1.246,large_position_step,medium
M05,dysarthric,Session1,0058,data/extracted/torgo/M05/Session1/pos/0058.pos,764,1|2|3,,5|6|7|8|9|10,6,8,29.138,0.862,large_position_step,medium
F03,dysarthric,Session3,0030,data/extracted/torgo/F03/Session3/pos/0030.pos,853,,,7,5,12,67.134,1.624,large_position_step,medium
F03,dysarthric,Session3,0089,data/extracted/torgo/F03/Session3/pos/0089.pos,344,,,7,5,6,47.54,1.646,large_position_step,medium
F04,dysarthric,Session2,0028,data/extracted/torgo/F04/Session2/pos/0028.pos,914,,,2|10,5,7,87.581,1.771,large_position_step,medium
F04,dysarthric,Session2,0118,data/extracted/torgo/F04/Session2/pos/0118.pos,840,,,3|10,5,6,183.345,1.338,large_position_step,medium
F04,dysarthric,Session2,0144,data/extracted/torgo/F04/Session2/pos/0144.pos,1294,,,1|2,5,9,31.059,1.743,large_position_step,medium
F04,dysarthric,Session2,0146,data/extracted/torgo/F04/Session2/pos/0146.pos,589,,,10,5,7,279.479,2.048,large_position_step,medium
F04,dysarthric,Session2,0157,data/extracted/torgo/F04/Session2/pos/0157.pos,1433,,,1|2,5,7,27.987,1.256,large_position_step,medium
F04,dysarthric,Session2,0166,data/extracted/torgo/F04/Session2/pos/0166.pos,714,,,2,5,7,102.711,2.048,large_position_step,medium
F04,dysarthric,Session2,0207,data/extracted/torgo/F04/Session2/pos/0207.pos,950,,,10,5,16,62.134,1.616,large_position_step,medium
F04,dysarthric,Session2,0227,data/extracted/torgo/F04/Session2/pos/0227.pos,1468,,,2|3|6,5,9,101.059,2.213,large_position_step,medium
F04,dysarthric,Session2,0236,data/extracted/torgo/F04/Session2/pos/0236.pos,567,,,4,5,8,36.031,3.77,large_position_step,medium
FC02,control,Session3,0815,data/extracted/torgo/FC02/Session3/pos/0815.pos,796,,,3,5,8,191.916,1.65,large_position_step,medium
FC02,control,Session3,0876,data/extracted/torgo/FC02/Session3/pos/0876.pos,906,,,2,5,8,27.921,2.081,large_position_step,medium
FC02,control,Session3,0885,data/extracted/torgo/FC02/Session3/pos/0885.pos,1335,,,2,5,13,33.588,2.159,large_position_step,medium
FC03,control,Session1,0345,data/extracted/torgo/FC03/Session1/pos/0345.pos,1618,,,1,5,7,242.201,1.712,large_position_step,medium
M01,dysarthric,Session1,0084,data/extracted/torgo/M01/Session1/pos/0084.pos,3006,,,3|7|9,5,21,250.005,2.853,large_position_step,medium
M02,dysarthric,Session2,0105,data/extracted/torgo/M02/Session2/pos/0105.pos,487,1,,2|3|7|8|10,5,17,29.694,5.263,large_position_step,medium
M02,dysarthric,Session2,0161,data/extracted/torgo/M02/Session2/pos/0161.pos,2325,1,,3|7|8|10,5,106,26.979,6.548,large_position_step,medium
M02,dysarthric,Session2,0219,data/extracted/torgo/M02/Session2/pos/0219.pos,505,1,,2,5,7,209.937,5.202,large_position_step,medium
M04,dysarthric,Session2,0027,data/extracted/torgo/M04/Session2/pos/0027.pos,2326,1|2|3|8,,6|10,5,13,47.164,2.827,large_position_step,medium
M04,dysarthric,Session2,0057,data/extracted/torgo/M04/Session2/pos/0057.pos,510,1|2|3|8,,6|9,5,12,26.326,1.709,large_position_step,medium
M04,dysarthric,Session2,0154,data/extracted/torgo/M04/Session2/pos/0154.pos,1183,1|2|3|8,,4|6|7|9|10,5,7,143.075,1.438,large_position_step,medium
M04,dysarthric,Session2,0219,data/extracted/torgo/M04/Session2/pos/0219.pos,2355,1|2|3|8,,9|10,5,17,31.181,1.931,large_position_step,medium
M04,dysarthric,Session2,0226,data/extracted/torgo/M04/Session2/pos/0226.pos,2708,1|2|3|8,,6|9,5,24,40.518,2.338,large_position_step,medium
M04,dysarthric,Session2,0269,data/extracted/torgo/M04/Session2/pos/0269.pos,1041,1|2|3|8,,4|6|7|9|10,5,9,132.646,1.435,large_position_step,medium
M04,dysarthric,Session2,0285,data/extracted/torgo/M04/Session2/pos/0285.pos,3064,1|2|3|8,,9|10,5,18,31.453,1.593,large_position_step,medium
M05,dysarthric,Session1,0020,data/extracted/torgo/M05/Session1/pos/0020.pos,3080,1|2|3,,4|8,5,16,213.98,1.504,large_position_step,medium
F03,dysarthric,Session3,0200,data/extracted/torgo/F03/Session3/pos/0200.pos,264,,,3|7,4,5,211.25,1.896,large_position_step,medium
F04,dysarthric,Session2,0009,data/extracted/torgo/F04/Session2/pos/0009.pos,1053,,,2|10,4,4,104.198,1.899,large_position_step,medium
F04,dysarthric,Session2,0053,data/extracted/torgo/F04/Session2/pos/0053.pos,1288,,,1,4,10,45.459,1.742,large_position_step,medium
F04,dysarthric,Session2,0122,data/extracted/torgo/F04/Session2/pos/0122.pos,664,,,10,4,10,46.97,1.245,large_position_step,medium
F04,dysarthric,Session2,0196,data/extracted/torgo/F04/Session2/pos/0196.pos,637,,,10,4,24,26.883,1.632,large_position_step,medium
FC01,control,Session1,0128,data/extracted/torgo/FC01/Session1/pos/0128.pos,663,,,10,4,5,32.719,0.993,large_position_step,medium
FC02,control,Session3,0822,data/extracted/torgo/FC02/Session3/pos/0822.pos,705,,,3,4,5,158.606,1.681,large_position_step,medium
FC02,control,Session3,0894,data/extracted/torgo/FC02/Session3/pos/0894.pos,831,,,2,4,7,26.65,2.129,large_position_step,medium
FC02,control,Session3,0904,data/extracted/torgo/FC02/Session3/pos/0904.pos,1300,,,2,4,8,74.028,2.057,large_position_step,medium
FC02,control,Session3,0923,data/extracted/torgo/FC02/Session3/pos/0923.pos,762,,,1|2,4,7,34.741,2.055,large_position_step,medium
FC02,control,Session3,0929,data/extracted/torgo/FC02/Session3/pos/0929.pos,841,,,2,4,6,32.589,1.737,large_position_step,medium
FC03,control,Session1,0304,data/extracted/torgo/FC03/Session1/pos/0304.pos,946,,,1,4,5,258.578,1.139,large_position_step,medium
M01,dysarthric,Session1,0025,data/extracted/torgo/M01/Session1/pos/0025.pos,625,,,2,4,4,249.812,2.06,large_position_step,medium
M01,dysarthric,Session1,0059,data/extracted/torgo/M01/Session1/pos/0059.pos,617,,,10,4,4,372.995,1.843,large_position_step,medium
M02,dysarthric,Session2,0206,data/extracted/torgo/M02/Session2/pos/0206.pos,428,1,,4|7|10,4,38,38.505,8.043,large_position_step,medium
M02,dysarthric,Session2,0207,data/extracted/torgo/M02/Session2/pos/0207.pos,2029,1,,3|7|8|10,4,16,29.903,3.562,large_position_step,medium
M03,dysarthric,Session2,0073,data/extracted/torgo/M03/Session2/pos/0073.pos,8362,,,1|7,4,10,39.598,1.721,large_position_step,medium
M04,dysarthric,Session2,0017,data/extracted/torgo/M04/Session2/pos/0017.pos,626,1|2|3|8,,10,4,15,30.847,2.159,large_position_step,medium
M04,dysarthric,Session2,0066,data/extracted/torgo/M04/Session2/pos/0066.pos,498,1|2|3|8,,4|9|10,4,13,41.395,3.567,large_position_step,medium
M04,dysarthric,Session2,0081,data/extracted/torgo/M04/Session2/pos/0081.pos,564,1|2|3|8,,6|7|9|11,4,8,27.607,1.536,large_position_step,medium
M04,dysarthric,Session2,0083,data/extracted/torgo/M04/Session2/pos/0083.pos,2905,1|2|3|8,,9|10,4,26,30.432,1.657,large_position_step,medium
M04,dysarthric,Session2,0217,data/extracted/torgo/M04/Session2/pos/0217.pos,1458,1|2|3|8,,10,4,13,37.433,1.566,large_position_step,medium
M04,dysarthric,Session2,0282,data/extracted/torgo/M04/Session2/pos/0282.pos,4635,1|2|3|8,,9|10,4,17,31.904,1.585,large_position_step,medium
M04,dysarthric,Session2,0289,data/extracted/torgo/M04/Session2/pos/0289.pos,1409,1|2|3|8,,7|9|10,4,14,26.823,2.017,large_position_step,medium
M05,dysarthric,Session1,0010,data/extracted/torgo/M05/Session1/pos/0010.pos,3252,1|2|3,,7|9,4,12,88.598,1.363,large_position_step,medium
M05,dysarthric,Session1,0091,data/extracted/torgo/M05/Session1/pos/0091.pos,2898,1|2|3,,6|7|10,4,6,136.884,1.04,large_position_step,medium
M05,dysarthric,Session2,0060,data/extracted/torgo/M05/Session2/pos/0060.pos,3365,1|3,,7|11,4,8,144.202,1.215,large_position_step,medium
M05,dysarthric,Session2,0369,data/extracted/torgo/M05/Session2/pos/0369.pos,1783,1|3,,2|4|9,4,5,29.429,1.34,large_position_step,medium
MC03,control,Session1,0548,data/extracted/torgo/MC03/Session1/pos/0548.pos,395,,,9,4,4,40.419,1.022,large_position_step,medium
F03,dysarthric,Session3,0023,data/extracted/torgo/F03/Session3/pos/0023.pos,870,,,9,3,4,71.135,1.279,large_position_step,medium
F03,dysarthric,Session3,0028,data/extracted/torgo/F03/Session3/pos/0028.pos,407,,,7|9,3,3,49.442,1.232,large_position_step,medium
F03,dysarthric,Session3,0080,data/extracted/torgo/F03/Session3/pos/0080.pos,493,,,9,3,4,166.33,1.66,large_position_step,medium
F03,dysarthric,Session3,0082,data/extracted/torgo/F03/Session3/pos/0082.pos,913,,,9,3,4,302.59,2.177,large_position_step,medium
F03,dysarthric,Session3,0096,data/extracted/torgo/F03/Session3/pos/0096.pos,349,,,3|7,3,7,58.416,2.19,large_position_step,medium
F03,dysarthric,Session3,0176,data/extracted/torgo/F03/Session3/pos/0176.pos,325,,,9,3,4,281.044,1.529,large_position_step,medium
F04,dysarthric,Session2,0058,data/extracted/torgo/F04/Session2/pos/0058.pos,1381,,,2|3,3,7,36.115,1.054,large_position_step,medium
F04,dysarthric,Session2,0129,data/extracted/torgo/F04/Session2/pos/0129.pos,2109,,,2|10,3,5,41.241,1.041,large_position_step,medium
F04,dysarthric,Session2,0177,data/extracted/torgo/F04/Session2/pos/0177.pos,1613,,,10,3,5,183.156,1.283,large_position_step,medium
F04,dysarthric,Session2,0200,data/extracted/torgo/F04/Session2/pos/0200.pos,930,,,10,3,14,36.584,1.847,large_position_step,medium
FC02,control,Session3,0821,data/extracted/torgo/FC02/Session3/pos/0821.pos,630,,,2|3,3,6,224.788,1.744,large_position_step,medium
FC02,control,Session3,0887,data/extracted/torgo/FC02/Session3/pos/0887.pos,601,,,2,3,9,25.429,2.12,large_position_step,medium
FC02,control,Session3,0930,data/extracted/torgo/FC02/Session3/pos/0930.pos,476,,,1|2,3,6,35.437,1.98,large_position_step,medium
FC03,control,Session1,0001,data/extracted/torgo/FC03/Session1/pos/0001.pos,2347,,,3|9,3,31,27.479,2.742,large_position_step,medium
FC03,control,Session1,0054,data/extracted/torgo/FC03/Session1/pos/0054.pos,1245,,,9,3,4,80.295,1.068,large_position_step,medium
FC03,control,Session1,0281,data/extracted/torgo/FC03/Session1/pos/0281.pos,387,,,1,3,3,121.103,0.967,large_position_step,medium
FC03,control,Session1,0286,data/extracted/torgo/FC03/Session1/pos/0286.pos,634,,,1,3,5,246.451,1.158,large_position_step,medium
FC03,control,Session1,0368,data/extracted/torgo/FC03/Session1/pos/0368.pos,418,,,1,3,4,119.779,1.266,large_position_step,medium
FC03,control,Session2,0028,data/extracted/torgo/FC03/Session2/pos/0028.pos,985,,,9,3,5,53.337,1.17,large_position_step,medium
M01,dysarthric,Session1,0066,data/extracted/torgo/M01/Session1/pos/0066.pos,1573,,,10,3,3,249.766,2.085,large_position_step,medium
M01,dysarthric,Session1,0086,data/extracted/torgo/M01/Session1/pos/0086.pos,734,,,7|9,3,3,250.059,2.435,large_position_step,medium
M01,dysarthric,Session1,0092,data/extracted/torgo/M01/Session1/pos/0092.pos,2039,,,3|7,3,11,248.795,2.77,large_position_step,medium
M02,dysarthric,Session2,0178,data/extracted/torgo/M02/Session2/pos/0178.pos,1376,1,,7|9|10,3,53,29.937,6.445,large_position_step,medium
M02,dysarthric,Session2,0181,data/extracted/torgo/M02/Session2/pos/0181.pos,640,1,,7|8|10,3,17,23.416,6.182,large_position_step,medium
M02,dysarthric,Session2,0194,data/extracted/torgo/M02/Session2/pos/0194.pos,1208,1,,7|8|10,3,65,24.749,8.141,large_position_step,medium
M02,dysarthric,Session2,0233,data/extracted/torgo/M02/Session2/pos/0233.pos,706,1,,2|9,3,3,42.995,2.454,large_position_step,medium
M03,dysarthric,Session2,0109,data/extracted/torgo/M03/Session2/pos/0109.pos,555,,,1,3,4,48.677,1.703,large_position_step,medium
M04,dysarthric,Session2,0031,data/extracted/torgo/M04/Session2/pos/0031.pos,572,1|2|3|8,,6,3,5,240.913,2.122,large_position_step,medium
M04,dysarthric,Session2,0039,data/extracted/torgo/M04/Session2/pos/0039.pos,1375,1|2|3|8,,9|11|12,3,7,28.028,1.116,large_position_step,medium
M04,dysarthric,Session2,0045,data/extracted/torgo/M04/Session2/pos/0045.pos,2979,1|2|3|8,,10,3,5,78.531,1.208,large_position_step,medium
M04,dysarthric,Session2,0060,data/extracted/torgo/M04/Session2/pos/0060.pos,2720,1|2|3|8,,9|10,3,5,27.404,1.054,large_position_step,medium
M04,dysarthric,Session2,0094,data/extracted/torgo/M04/Session2/pos/0094.pos,527,1|2|3|8,,10,3,9,26.48,1.41,large_position_step,medium
M04,dysarthric,Session2,0127,data/extracted/torgo/M04/Session2/pos/0127.pos,605,1|2|3|8,,9|10,3,8,55.337,2.197,large_position_step,medium
M04,dysarthric,Session2,0144,data/extracted/torgo/M04/Session2/pos/0144.pos,577,1|2|3|8,,9,3,4,27.576,1.606,large_position_step,medium
M04,dysarthric,Session2,0146,data/extracted/torgo/M04/Session2/pos/0146.pos,768,1|2|3|8,,6|7|9,3,7,36.045,1.643,large_position_step,medium
M04,dysarthric,Session2,0184,data/extracted/torgo/M04/Session2/pos/0184.pos,1355,1|2|3|8,,9,3,21,25.894,2.033,large_position_step,medium
M04,dysarthric,Session2,0207,data/extracted/torgo/M04/Session2/pos/0207.pos,483,1|2|3|8,,10,3,4,41.826,1.18,large_position_step,medium
M04,dysarthric,Session2,0208,data/extracted/torgo/M04/Session2/pos/0208.pos,1411,1|2|3|8,,7|10,3,7,34.504,1.17,large_position_step,medium
M04,dysarthric,Session2,0209,data/extracted/torgo/M04/Session2/pos/0209.pos,475,1|2|3|8,,10,3,4,33.498,1.405,large_position_step,medium
M04,dysarthric,Session2,0225,data/extracted/torgo/M04/Session2/pos/0225.pos,1965,1|2|3|8,,9|10,3,12,75.595,1.981,large_position_step,medium
M04,dysarthric,Session2,0246,data/extracted/torgo/M04/Session2/pos/0246.pos,2093,1|2|3|8,,9,3,6,24.106,2.235,large_position_step,medium
M05,dysarthric,Session2,0069,data/extracted/torgo/M05/Session2/pos/0069.pos,798,1|3,,2|4|9,3,4,56.539,1.463,large_position_step,medium
M05,dysarthric,Session2,0136,data/extracted/torgo/M05/Session2/pos/0136.pos,456,1|3,,2|4|9,3,3,86.879,2.654,large_position_step,medium
M05,dysarthric,Session2,0269,data/extracted/torgo/M05/Session2/pos/0269.pos,586,1|3,,4,3,6,49.533,1.383,large_position_step,medium
MC01,control,Session1,0289,data/extracted/torgo/MC01/Session1/pos/0289.pos,1686,,,3,3,6,26.74,1.46,large_position_step,medium
MC04,control,Session1,0023,data/extracted/torgo/MC04/Session1/pos/0023.pos,991,,,1|10,3,3,45.839,1.423,large_position_step,medium
MC04,control,Session1,0495,data/extracted/torgo/MC04/Session1/pos/0495.pos,338,,,1,3,13,22.826,3.963,large_position_step,medium
F03,dysarthric,Session2,0037,data/extracted/torgo/F03/Session2/pos/0037.pos,1355,,,2,2,3,33.756,1.147,large_position_step,medium
F03,dysarthric,Session3,0047,data/extracted/torgo/F03/Session3/pos/0047.pos,1480,,,9,2,9,329.849,1.99,large_position_step,medium
F03,dysarthric,Session3,0056,data/extracted/torgo/F03/Session3/pos/0056.pos,717,,,7,2,2,146.996,1.762,large_position_step,medium
F03,dysarthric,Session3,0092,data/extracted/torgo/F03/Session3/pos/0092.pos,340,,,7,2,2,40.539,1.678,large_position_step,medium
F03,dysarthric,Session3,0127,data/extracted/torgo/F03/Session3/pos/0127.pos,847,,,7,2,2,285.155,1.551,large_position_step,medium
F03,dysarthric,Session3,0197,data/extracted/torgo/F03/Session3/pos/0197.pos,603,,,9,2,3,348.747,1.785,large_position_step,medium
F03,dysarthric,Session3,0199,data/extracted/torgo/F03/Session3/pos/0199.pos,897,,,7,2,2,72.374,1.991,large_position_step,medium
F03,dysarthric,Session3,0212,data/extracted/torgo/F03/Session3/pos/0212.pos,129,,,3,2,3,219.498,2.718,large_position_step,medium
F04,dysarthric,Session2,0007,data/extracted/torgo/F04/Session2/pos/0007.pos,350,,,10,2,2,76.027,1.326,large_position_step,medium
F04,dysarthric,Session2,0008,data/extracted/torgo/F04/Session2/pos/0008.pos,657,,,10,2,3,179.24,1.497,large_position_step,medium
F04,dysarthric,Session2,0020,data/extracted/torgo/F04/Session2/pos/0020.pos,628,,,2,2,2,70.484,0.987,large_position_step,medium
F04,dysarthric,Session2,0031,data/extracted/torgo/F04/Session2/pos/0031.pos,555,,,10,2,6,83.742,1.176,large_position_step,medium
F04,dysarthric,Session2,0052,data/extracted/torgo/F04/Session2/pos/0052.pos,927,,,1|3,2,6,29.562,1.76,large_position_step,medium
F04,dysarthric,Session2,0065,data/extracted/torgo/F04/Session2/pos/0065.pos,499,,,3,2,10,54.337,3.415,large_position_step,medium
F04,dysarthric,Session2,0067,data/extracted/torgo/F04/Session2/pos/0067.pos,560,,,2,2,2,35.43,1.433,large_position_step,medium
F04,dysarthric,Session2,0083,data/extracted/torgo/F04/Session2/pos/0083.pos,1050,,,10,2,2,224.08,0.939,large_position_step,medium
F04,dysarthric,Session2,0090,data/extracted/torgo/F04/Session2/pos/0090.pos,673,,,10,2,2,94.733,1.093,large_position_step,medium
F04,dysarthric,Session2,0120,data/extracted/torgo/F04/Session2/pos/0120.pos,1070,,,10,2,2,98.985,1.022,large_position_step,medium
F04,dysarthric,Session2,0133,data/extracted/torgo/F04/Session2/pos/0133.pos,703,,,10,2,2,67.191,0.986,large_position_step,medium
F04,dysarthric,Session2,0140,data/extracted/torgo/F04/Session2/pos/0140.pos,946,,,1|2,2,4,34.575,1.896,large_position_step,medium
F04,dysarthric,Session2,0161,data/extracted/torgo/F04/Session2/pos/0161.pos,635,,,10,2,2,59.471,1.26,large_position_step,medium
F04,dysarthric,Session2,0163,data/extracted/torgo/F04/Session2/pos/0163.pos,919,,,10,2,2,64.589,0.834,large_position_step,medium
F04,dysarthric,Session2,0170,data/extracted/torgo/F04/Session2/pos/0170.pos,1487,,,2,2,5,100.835,1.159,large_position_step,medium
F04,dysarthric,Session2,0181,data/extracted/torgo/F04/Session2/pos/0181.pos,517,,,10,2,2,78.718,1.448,large_position_step,medium
F04,dysarthric,Session2,0182,data/extracted/torgo/F04/Session2/pos/0182.pos,653,,,2,2,2,25.166,1.163,large_position_step,medium
F04,dysarthric,Session2,0184,data/extracted/torgo/F04/Session2/pos/0184.pos,418,,,10,2,3,114.54,1.336,large_position_step,medium
F04,dysarthric,Session2,0208,data/extracted/torgo/F04/Session2/pos/0208.pos,647,,,10,2,8,24.081,1.367,large_position_step,medium
F04,dysarthric,Session2,0209,data/extracted/torgo/F04/Session2/pos/0209.pos,358,,,10,2,8,95.858,2.367,large_position_step,medium
F04,dysarthric,Session2,0212,data/extracted/torgo/F04/Session2/pos/0212.pos,390,,,10,2,6,69.58,2.335,large_position_step,medium
F04,dysarthric,Session2,0217,data/extracted/torgo/F04/Session2/pos/0217.pos,686,,,10,2,2,61.063,2.015,large_position_step,medium
F04,dysarthric,Session2,0226,data/extracted/torgo/F04/Session2/pos/0226.pos,446,,,1|2,2,5,27.597,1.951,large_position_step,medium
F04,dysarthric,Session2,0239,data/extracted/torgo/F04/Session2/pos/0239.pos,503,,,4,2,2,24.133,2.686,large_position_step,medium
F04,dysarthric,Session2,0244,data/extracted/torgo/F04/Session2/pos/0244.pos,764,,,10,2,5,51.067,1.17,large_position_step,medium
F04,dysarthric,Session2,0245,data/extracted/torgo/F04/Session2/pos/0245.pos,523,,,10,2,2,46.032,1.161,large_position_step,medium
F04,dysarthric,Session2,0247,data/extracted/torgo/F04/Session2/pos/0247.pos,850,,,10,2,2,55.517,1.042,large_position_step,medium
FC01,control,Session1,0117,data/extracted/torgo/FC01/Session1/pos/0117.pos,672,,,10,2,2,39.721,0.929,large_position_step,medium
FC01,control,Session1,0151,data/extracted/torgo/FC01/Session1/pos/0151.pos,536,,,9,2,3,42.4,0.964,large_position_step,medium
FC01,control,Session1,0156,data/extracted/torgo/FC01/Session1/pos/0156.pos,529,,,10,2,4,43.722,1.168,large_position_step,medium
FC01,control,Session1,0163,data/extracted/torgo/FC01/Session1/pos/0163.pos,547,,,10,2,18,28.034,2.343,large_position_step,medium
FC02,control,Session3,0041,data/extracted/torgo/FC02/Session3/pos/0041.pos,437,,,3,2,4,38.738,1.352,large_position_step,medium
FC02,control,Session3,0643,data/extracted/torgo/FC02/Session3/pos/0643.pos,410,,,3,2,6,72.114,3.843,large_position_step,medium
FC02,control,Session3,0684,data/extracted/torgo/FC02/Session3/pos/0684.pos,393,,,3,2,4,89.616,1.284,large_position_step,medium
FC02,control,Session3,0699,data/extracted/torgo/FC02/Session3/pos/0699.pos,751,,,3,2,2,48.47,1.135,large_position_step,medium
FC02,control,Session3,0704,data/extracted/torgo/FC02/Session3/pos/0704.pos,403,,,3,2,2,45.078,1.164,large_position_step,medium
FC02,control,Session3,0707,data/extracted/torgo/FC02/Session3/pos/0707.pos,444,,,3,2,2,56.344,1.246,large_position_step,medium
FC02,control,Session3,0724,data/extracted/torgo/FC02/Session3/pos/0724.pos,779,,,3,2,2,26.947,1.199,large_position_step,medium
FC02,control,Session3,0747,data/extracted/torgo/FC02/Session3/pos/0747.pos,378,,,3,2,3,77.463,1.484,large_position_step,medium
FC02,control,Session3,0758,data/extracted/torgo/FC02/Session3/pos/0758.pos,358,,,3,2,4,44.166,1.688,large_position_step,medium
FC02,control,Session3,0759,data/extracted/torgo/FC02/Session3/pos/0759.pos,871,,,3,2,2,66.183,1.325,large_position_step,medium
FC02,control,Session3,0760,data/extracted/torgo/FC02/Session3/pos/0760.pos,421,,,3,2,3,65.186,1.369,large_position_step,medium
FC02,control,Session3,0773,data/extracted/torgo/FC02/Session3/pos/0773.pos,442,,,3,2,2,28.287,1.378,large_position_step,medium
FC02,control,Session3,0777,data/extracted/torgo/FC02/Session3/pos/0777.pos,423,,,3,2,2,32.535,1.262,large_position_step,medium
FC02,control,Session3,0839,data/extracted/torgo/FC02/Session3/pos/0839.pos,374,,,3,2,3,79.089,1.321,large_position_step,medium
FC02,control,Session3,0848,data/extracted/torgo/FC02/Session3/pos/0848.pos,821,,,3,2,2,92.059,1.217,large_position_step,medium
FC02,control,Session3,0852,data/extracted/torgo/FC02/Session3/pos/0852.pos,392,,,3,2,3,72.252,1.339,large_position_step,medium
FC02,control,Session3,0855,data/extracted/torgo/FC02/Session3/pos/0855.pos,669,,,3,2,4,45.108,1.268,large_position_step,medium
FC02,control,Session3,0856,data/extracted/torgo/FC02/Session3/pos/0856.pos,362,,,3,2,2,33.94,1.157,large_position_step,medium
FC02,control,Session3,0862,data/extracted/torgo/FC02/Session3/pos/0862.pos,413,,,3,2,5,60.18,2.132,large_position_step,medium
FC02,control,Session3,0868,data/extracted/torgo/FC02/Session3/pos/0868.pos,422,,,3,2,4,214.315,1.421,large_position_step,medium
FC02,control,Session3,0883,data/extracted/torgo/FC02/Session3/pos/0883.pos,728,,,2,2,6,30.192,1.825,large_position_step,medium
FC02,control,Session3,0884,data/extracted/torgo/FC02/Session3/pos/0884.pos,1288,,,2,2,12,22.195,1.838,large_position_step,medium
FC02,control,Session3,0892,data/extracted/torgo/FC02/Session3/pos/0892.pos,701,,,2,2,7,23.377,2.168,large_position_step,medium
FC02,control,Session3,0903,data/extracted/torgo/FC02/Session3/pos/0903.pos,349,,,2,2,3,26.557,1.936,large_position_step,medium
FC02,control,Session3,0910,data/extracted/torgo/FC02/Session3/pos/0910.pos,1126,,,2,2,9,29.386,2.026,large_position_step,medium
FC02,control,Session3,0915,data/extracted/torgo/FC02/Session3/pos/0915.pos,396,,,2,2,4,29.849,2.26,large_position_step,medium
FC02,control,Session3,0916,data/extracted/torgo/FC02/Session3/pos/0916.pos,800,,,2,2,4,24.59,2.161,large_position_step,medium
FC02,control,Session3,0924,data/extracted/torgo/FC02/Session3/pos/0924.pos,379,,,2,2,4,85.243,2.104,large_position_step,medium
FC02,control,Session3,0939,data/extracted/torgo/FC02/Session3/pos/0939.pos,595,,,2,2,5,26.633,2.073,large_position_step,medium
FC02,control,Session3,0955,data/extracted/torgo/FC02/Session3/pos/0955.pos,467,,,2,2,2,47.482,1.818,large_position_step,medium
FC02,control,Session3,0959,data/extracted/torgo/FC02/Session3/pos/0959.pos,1482,,,2,2,3,23.345,1.812,large_position_step,medium
FC02,control,Session3,0968,data/extracted/torgo/FC02/Session3/pos/0968.pos,658,,,2,2,2,40.479,1.732,large_position_step,medium
FC02,control,Session3,0993,data/extracted/torgo/FC02/Session3/pos/0993.pos,379,,,2,2,2,35.245,1.435,large_position_step,medium
FC03,control,Session1,0007,data/extracted/torgo/FC03/Session1/pos/0007.pos,311,,,1,2,2,238.161,2.669,large_position_step,medium
FC03,control,Session1,0050,data/extracted/torgo/FC03/Session1/pos/0050.pos,474,,,9,2,3,21.605,1.496,large_position_step,medium
FC03,control,Session1,0383,data/extracted/torgo/FC03/Session1/pos/0383.pos,714,,,1,2,6,41.17,1.729,large_position_step,medium
FC03,control,Session2,0011,data/extracted/torgo/FC03/Session2/pos/0011.pos,881,,,9,2,4,21.734,1.271,large_position_step,medium
FC03,control,Session2,0142,data/extracted/torgo/FC03/Session2/pos/0142.pos,497,,,9,2,2,29.709,1.371,large_position_step,medium
FC03,control,Session2,0168,data/extracted/torgo/FC03/Session2/pos/0168.pos,1139,,,9,2,2,76.411,1.096,large_position_step,medium
M01,dysarthric,Session1,0054,data/extracted/torgo/M01/Session1/pos/0054.pos,619,,,9,2,2,94.177,1.797,large_position_step,medium
M02,dysarthric,Session2,0092,data/extracted/torgo/M02/Session2/pos/0092.pos,487,1,,4|10,2,18,61.297,4.192,large_position_step,medium
M02,dysarthric,Session2,0113,data/extracted/torgo/M02/Session2/pos/0113.pos,510,1,,4|10,2,15,22.363,2.939,large_position_step,medium
M02,dysarthric,Session2,0127,data/extracted/torgo/M02/Session2/pos/0127.pos,373,1,,10,2,17,29.482,3.126,large_position_step,medium
M02,dysarthric,Session2,0140,data/extracted/torgo/M02/Session2/pos/0140.pos,244,1,,9,2,33,63.797,10.66,large_position_step,medium
M02,dysarthric,Session2,0189,data/extracted/torgo/M02/Session2/pos/0189.pos,598,1,,9|10,2,19,40.885,4.429,large_position_step,medium
M02,dysarthric,Session2,0234,data/extracted/torgo/M02/Session2/pos/0234.pos,394,1,,7|10,2,30,26.704,8.717,large_position_step,medium
M04,dysarthric,Session2,0007,data/extracted/torgo/M04/Session2/pos/0007.pos,2088,1|2|3|8,,6,2,31,27.358,1.9,large_position_step,medium
M04,dysarthric,Session2,0044,data/extracted/torgo/M04/Session2/pos/0044.pos,2029,1|2|3|8,,7,2,29,30.958,1.631,large_position_step,medium
M04,dysarthric,Session2,0082,data/extracted/torgo/M04/Session2/pos/0082.pos,482,1|2|3|8,,10,2,2,38.613,0.902,large_position_step,medium
M04,dysarthric,Session2,0098,data/extracted/torgo/M04/Session2/pos/0098.pos,1671,1|2|3|8,,9,2,8,26.872,1.18,large_position_step,medium
M04,dysarthric,Session2,0114,data/extracted/torgo/M04/Session2/pos/0114.pos,677,1|2|3|8,,9,2,21,38.033,1.732,large_position_step,medium
M04,dysarthric,Session2,0126,data/extracted/torgo/M04/Session2/pos/0126.pos,548,1|2|3|8,,9,2,7,23.143,1.2,large_position_step,medium
M04,dysarthric,Session2,0132,data/extracted/torgo/M04/Session2/pos/0132.pos,697,1|2|3|8,,10,2,2,60.547,0.876,large_position_step,medium
M04,dysarthric,Session2,0140,data/extracted/torgo/M04/Session2/pos/0140.pos,737,1|2|3|8,,9,2,3,33.03,1.864,large_position_step,medium
M04,dysarthric,Session2,0141,data/extracted/torgo/M04/Session2/pos/0141.pos,567,1|2|3|8,,6|9,2,13,26.921,1.935,large_position_step,medium
M04,dysarthric,Session2,0163,data/extracted/torgo/M04/Session2/pos/0163.pos,508,1|2|3|8,,7,2,2,22.135,1.955,large_position_step,medium
M04,dysarthric,Session2,0168,data/extracted/torgo/M04/Session2/pos/0168.pos,2337,1|2|3|8,,9,2,7,32.577,1.246,large_position_step,medium
M04,dysarthric,Session2,0172,data/extracted/torgo/M04/Session2/pos/0172.pos,2524,1|2|3|8,,10,2,5,22.514,0.939,large_position_step,medium
M04,dysarthric,Session2,0191,data/extracted/torgo/M04/Session2/pos/0191.pos,1323,1|2|3|8,,9,2,5,44.875,1.84,large_position_step,medium
M04,dysarthric,Session2,0193,data/extracted/torgo/M04/Session2/pos/0193.pos,539,1|2|3|8,,7,2,3,31.176,1.762,large_position_step,medium
M04,dysarthric,Session2,0194,data/extracted/torgo/M04/Session2/pos/0194.pos,3238,1|2|3|8,,10,2,12,110.63,1.688,large_position_step,medium
M04,dysarthric,Session2,0202,data/extracted/torgo/M04/Session2/pos/0202.pos,1588,1|2|3|8,,9,2,25,32.408,1.23,large_position_step,medium
M04,dysarthric,Session2,0206,data/extracted/torgo/M04/Session2/pos/0206.pos,1233,1|2|3|8,,10,2,10,34.131,1.492,large_position_step,medium
M04,dysarthric,Session2,0231,data/extracted/torgo/M04/Session2/pos/0231.pos,1668,1|2|3|8,,10,2,3,30.747,0.759,large_position_step,medium
M04,dysarthric,Session2,0239,data/extracted/torgo/M04/Session2/pos/0239.pos,631,1|2|3|8,,9,2,6,21.398,2.574,large_position_step,medium
M04,dysarthric,Session2,0243,data/extracted/torgo/M04/Session2/pos/0243.pos,536,1|2|3|8,,9,2,6,22.078,2.246,large_position_step,medium
M04,dysarthric,Session2,0283,data/extracted/torgo/M04/Session2/pos/0283.pos,1505,1|2|3|8,,10,2,5,50.836,1.208,large_position_step,medium
M04,dysarthric,Session2,0284,data/extracted/torgo/M04/Session2/pos/0284.pos,711,1|2|3|8,,10,2,3,63.406,2.256,large_position_step,medium
M04,dysarthric,Session2,0286,data/extracted/torgo/M04/Session2/pos/0286.pos,1839,1|2|3|8,,9,2,10,27.056,1.943,large_position_step,medium
M04,dysarthric,Session2,0287,data/extracted/torgo/M04/Session2/pos/0287.pos,771,1|2|3|8,,10,2,6,81.441,1.341,large_position_step,medium
M04,dysarthric,Session2,0294,data/extracted/torgo/M04/Session2/pos/0294.pos,552,1|2|3|8,,10,2,2,82.15,1.214,large_position_step,medium
M05,dysarthric,Session1,0016,data/extracted/torgo/M05/Session1/pos/0016.pos,495,1|2|3,,8,2,2,31.245,1.115,large_position_step,medium
M05,dysarthric,Session1,0062,data/extracted/torgo/M05/Session1/pos/0062.pos,2319,1|2|3,,6|8,2,4,32.559,0.794,large_position_step,medium
M05,dysarthric,Session1,0083,data/extracted/torgo/M05/Session1/pos/0083.pos,861,1|2|3,,8,2,3,48.796,1.31,large_position_step,medium
M05,dysarthric,Session1,0119,data/extracted/torgo/M05/Session1/pos/0119.pos,935,1|2|3,,8|9,2,4,31.156,1.323,large_position_step,medium
M05,dysarthric,Session1,0122,data/extracted/torgo/M05/Session1/pos/0122.pos,860,1|2|3,,6,2,11,56.662,1.747,large_position_step,medium
M05,dysarthric,Session2,0066,data/extracted/torgo/M05/Session2/pos/0066.pos,2001,1|3,,6,2,2,28.11,1.03,large_position_step,medium
M05,dysarthric,Session2,0070,data/extracted/torgo/M05/Session2/pos/0070.pos,533,1|3,,4|11,2,2,66.469,1.089,large_position_step,medium
M05,dysarthric,Session2,0079,data/extracted/torgo/M05/Session2/pos/0079.pos,697,1|3,,6|9,2,7,63.892,2.305,large_position_step,medium
M05,dysarthric,Session2,0084,data/extracted/torgo/M05/Session2/pos/0084.pos,508,1|3,,6|11,2,2,32.042,1.526,large_position_step,medium
M05,dysarthric,Session2,0087,data/extracted/torgo/M05/Session2/pos/0087.pos,2445,1|3,,6,2,3,24.334,1.201,large_position_step,medium
M05,dysarthric,Session2,0097,data/extracted/torgo/M05/Session2/pos/0097.pos,639,1|3,,4,2,12,86.815,1.631,large_position_step,medium
M05,dysarthric,Session2,0098,data/extracted/torgo/M05/Session2/pos/0098.pos,627,1|3,,4|11,2,3,57.255,1.25,large_position_step,medium
M05,dysarthric,Session2,0139,data/extracted/torgo/M05/Session2/pos/0139.pos,559,1|3,,4|9,2,2,94.478,1.5,large_position_step,medium
M05,dysarthric,Session2,0145,data/extracted/torgo/M05/Session2/pos/0145.pos,3472,1|3,,4,2,4,78.086,1.366,large_position_step,medium
M05,dysarthric,Session2,0147,data/extracted/torgo/M05/Session2/pos/0147.pos,1250,1|3,,2,2,11,35.042,1.858,large_position_step,medium
M05,dysarthric,Session2,0151,data/extracted/torgo/M05/Session2/pos/0151.pos,1497,1|3,,4|9,2,6,29.054,1.829,large_position_step,medium
M05,dysarthric,Session2,0161,data/extracted/torgo/M05/Session2/pos/0161.pos,660,1|3,,2|9,2,2,44.908,1.907,large_position_step,medium
M05,dysarthric,Session2,0162,data/extracted/torgo/M05/Session2/pos/0162.pos,572,1|3,,4,2,4,62.283,1.271,large_position_step,medium
M05,dysarthric,Session2,0171,data/extracted/torgo/M05/Session2/pos/0171.pos,860,1|3,,2,2,2,76.711,1.036,large_position_step,medium
M05,dysarthric,Session2,0276,data/extracted/torgo/M05/Session2/pos/0276.pos,1725,1|3,,4|6,2,5,31.208,2.255,large_position_step,medium
M05,dysarthric,Session2,0286,data/extracted/torgo/M05/Session2/pos/0286.pos,2341,1|3,,6|11,2,3,52.786,1.324,large_position_step,medium
M05,dysarthric,Session2,0314,data/extracted/torgo/M05/Session2/pos/0314.pos,1708,1|3,,6|9,2,6,21.823,1.908,large_position_step,medium
M05,dysarthric,Session2,0376,data/extracted/torgo/M05/Session2/pos/0376.pos,631,1|3,,4|9,2,4,70.628,1.014,large_position_step,medium
MC01,control,Session1,0139,data/extracted/torgo/MC01/Session1/pos/0139.pos,810,,,3|7,2,3,33.753,1.355,large_position_step,medium
MC01,control,Session1,0298,data/extracted/torgo/MC01/Session1/pos/0298.pos,560,,,3,2,2,37.045,1.591,large_position_step,medium
MC01,control,Session3,0128,data/extracted/torgo/MC01/Session3/pos/0128.pos,807,,,1,2,6,243.219,1.76,large_position_step,medium
MC01,control,Session3,0132,data/extracted/torgo/MC01/Session3/pos/0132.pos,759,,,1|2,2,3,137.42,1.543,large_position_step,medium
MC02,control,Session1,0210,data/extracted/torgo/MC02/Session1/pos/0210.pos,728,,,2,2,4,21.696,1.015,large_position_step,medium
MC02,control,Session1,0221,data/extracted/torgo/MC02/Session1/pos/0221.pos,759,,,2,2,3,41.478,1.073,large_position_step,medium
MC02,control,Session1,0342,data/extracted/torgo/MC02/Session1/pos/0342.pos,647,,,2,2,3,44.693,1.186,large_position_step,medium
MC02,control,Session1,0377,data/extracted/torgo/MC02/Session1/pos/0377.pos,952,,,3,2,7,33.196,1.139,large_position_step,medium
MC03,control,Session1,0544,data/extracted/torgo/MC03/Session1/pos/0544.pos,353,,,9,2,2,31.375,0.635,large_position_step,medium
MC04,control,Session1,0516,data/extracted/torgo/MC04/Session1/pos/0516.pos,332,,,1|2,2,3,80.527,1.925,large_position_step,medium
F03,dysarthric,Session2,0001,data/extracted/torgo/F03/Session2/pos/0001.pos,690,,,4,1,1,39.256,1.025,large_position_step,medium
F03,dysarthric,Session2,0008,data/extracted/torgo/F03/Session2/pos/0008.pos,1096,,,12,1,1,34.023,1.396,large_position_step,medium
F03,dysarthric,Session2,0010,data/extracted/torgo/F03/Session2/pos/0010.pos,1861,,,12,1,1,20.718,1.869,large_position_step,medium
F03,dysarthric,Session2,0038,data/extracted/torgo/F03/Session2/pos/0038.pos,479,,,2,1,1,21.572,1.393,large_position_step,medium
F03,dysarthric,Session2,0040,data/extracted/torgo/F03/Session2/pos/0040.pos,347,,,2,1,1,22.197,1.052,large_position_step,medium
F03,dysarthric,Session2,0044,data/extracted/torgo/F03/Session2/pos/0044.pos,1006,,,1,1,2,43.619,2.328,large_position_step,medium
F03,dysarthric,Session2,0058,data/extracted/torgo/F03/Session2/pos/0058.pos,953,,,2,1,3,32.653,1.142,large_position_step,medium
F03,dysarthric,Session2,0080,data/extracted/torgo/F03/Session2/pos/0080.pos,1054,,,4,1,1,32.745,0.933,large_position_step,medium
F03,dysarthric,Session2,0110,data/extracted/torgo/F03/Session2/pos/0110.pos,1189,,,3,1,5,69.917,2.94,large_position_step,medium
F03,dysarthric,Session2,0132,data/extracted/torgo/F03/Session2/pos/0132.pos,1552,,,12,1,6,24.989,2.572,large_position_step,medium
F03,dysarthric,Session2,0141,data/extracted/torgo/F03/Session2/pos/0141.pos,889,,,12,1,1,21.349,2.489,large_position_step,medium
F03,dysarthric,Session2,0151,data/extracted/torgo/F03/Session2/pos/0151.pos,242,,,12,1,1,21.054,2.097,large_position_step,medium
F03,dysarthric,Session2,0157,data/extracted/torgo/F03/Session2/pos/0157.pos,357,,,12,1,1,23.29,2.031,large_position_step,medium
F03,dysarthric,Session3,0042,data/extracted/torgo/F03/Session3/pos/0042.pos,383,,,9,1,5,118.169,2.235,large_position_step,medium
F03,dysarthric,Session3,0049,data/extracted/torgo/F03/Session3/pos/0049.pos,315,,,9,1,1,23.481,1.772,large_position_step,medium
F03,dysarthric,Session3,0058,data/extracted/torgo/F03/Session3/pos/0058.pos,550,,,7,1,2,61.239,1.688,large_position_step,medium
F03,dysarthric,Session3,0064,data/extracted/torgo/F03/Session3/pos/0064.pos,307,,,7,1,18,20.521,7.827,large_position_step,medium
F03,dysarthric,Session3,0067,data/extracted/torgo/F03/Session3/pos/0067.pos,541,,,7,1,1,57.368,1.301,large_position_step,medium
F03,dysarthric,Session3,0074,data/extracted/torgo/F03/Session3/pos/0074.pos,268,,,4,1,2,20.783,2.443,large_position_step,medium
F03,dysarthric,Session3,0083,data/extracted/torgo/F03/Session3/pos/0083.pos,491,,,9,1,1,25.514,1.918,large_position_step,medium
F03,dysarthric,Session3,0084,data/extracted/torgo/F03/Session3/pos/0084.pos,946,,,9,1,1,25.312,2.498,large_position_step,medium
F03,dysarthric,Session3,0091,data/extracted/torgo/F03/Session3/pos/0091.pos,225,,,7,1,1,43.77,1.816,large_position_step,medium
F03,dysarthric,Session3,0093,data/extracted/torgo/F03/Session3/pos/0093.pos,260,,,7,1,4,31.316,1.933,large_position_step,medium
F03,dysarthric,Session3,0120,data/extracted/torgo/F03/Session3/pos/0120.pos,268,,,3,1,2,44.689,1.586,large_position_step,medium
F03,dysarthric,Session3,0124,data/extracted/torgo/F03/Session3/pos/0124.pos,268,,,10,1,1,90.567,1.734,large_position_step,medium
F03,dysarthric,Session3,0125,data/extracted/torgo/F03/Session3/pos/0125.pos,413,,,3,1,1,68.461,1.709,large_position_step,medium
F03,dysarthric,Session3,0131,data/extracted/torgo/F03/Session3/pos/0131.pos,223,,,3,1,2,97.644,2.222,large_position_step,medium
F03,dysarthric,Session3,0142,data/extracted/torgo/F03/Session3/pos/0142.pos,283,,,7,1,2,105.162,2.257,large_position_step,medium
F03,dysarthric,Session3,0153,data/extracted/torgo/F03/Session3/pos/0153.pos,1409,,,7,1,1,28.61,1.348,large_position_step,medium
F03,dysarthric,Session3,0164,data/extracted/torgo/F03/Session3/pos/0164.pos,296,,,7,1,1,98.855,1.035,large_position_step,medium
F03,dysarthric,Session3,0180,data/extracted/torgo/F03/Session3/pos/0180.pos,271,,,9,1,3,192.861,1.285,large_position_step,medium
F03,dysarthric,Session3,0201,data/extracted/torgo/F03/Session3/pos/0201.pos,308,,,3,1,2,68.11,3.231,large_position_step,medium
F03,dysarthric,Session3,0209,data/extracted/torgo/F03/Session3/pos/0209.pos,1410,,,3,1,4,52.821,1.536,large_position_step,medium
F03,dysarthric,Session3,0211,data/extracted/torgo/F03/Session3/pos/0211.pos,306,,,7,1,1,30.995,1.425,large_position_step,medium
F04,dysarthric,Session2,0014,data/extracted/torgo/F04/Session2/pos/0014.pos,633,,,10,1,1,34.024,1.425,large_position_step,medium
F04,dysarthric,Session2,0032,data/extracted/torgo/F04/Session2/pos/0032.pos,891,,,10,1,1,54.99,1.196,large_position_step,medium
F04,dysarthric,Session2,0037,data/extracted/torgo/F04/Session2/pos/0037.pos,414,,,1,1,2,79.401,1.327,large_position_step,medium
F04,dysarthric,Session2,0045,data/extracted/torgo/F04/Session2/pos/0045.pos,474,,,1,1,1,40.535,1.011,large_position_step,medium
F04,dysarthric,Session2,0047,data/extracted/torgo/F04/Session2/pos/0047.pos,1108,,,3,1,2,25.937,1.173,large_position_step,medium
F04,dysarthric,Session2,0054,data/extracted/torgo/F04/Session2/pos/0054.pos,763,,,3,1,2,22.424,0.962,large_position_step,medium
F04,dysarthric,Session2,0062,data/extracted/torgo/F04/Session2/pos/0062.pos,1251,,,3,1,11,20.49,1.773,large_position_step,medium
F04,dysarthric,Session2,0066,data/extracted/torgo/F04/Session2/pos/0066.pos,892,,,3,1,2,21.692,1.235,large_position_step,medium
F04,dysarthric,Session2,0072,data/extracted/torgo/F04/Session2/pos/0072.pos,1265,,,7,1,1,31.729,1.104,large_position_step,medium
F04,dysarthric,Session2,0079,data/extracted/torgo/F04/Session2/pos/0079.pos,943,,,10,1,1,48.313,1.01,large_position_step,medium
F04,dysarthric,Session2,0080,data/extracted/torgo/F04/Session2/pos/0080.pos,437,,,10,1,1,59.728,1.014,large_position_step,medium
F04,dysarthric,Session2,0081,data/extracted/torgo/F04/Session2/pos/0081.pos,480,,,10,1,4,67.065,0.928,large_position_step,medium
F04,dysarthric,Session2,0084,data/extracted/torgo/F04/Session2/pos/0084.pos,470,,,10,1,1,47.66,0.922,large_position_step,medium
F04,dysarthric,Session2,0087,data/extracted/torgo/F04/Session2/pos/0087.pos,353,,,10,1,1,42.956,0.9,large_position_step,medium
F04,dysarthric,Session2,0088,data/extracted/torgo/F04/Session2/pos/0088.pos,887,,,10,1,2,54.655,1.466,large_position_step,medium
F04,dysarthric,Session2,0092,data/extracted/torgo/F04/Session2/pos/0092.pos,465,,,7,1,1,25.345,1.652,large_position_step,medium
F04,dysarthric,Session2,0093,data/extracted/torgo/F04/Session2/pos/0093.pos,610,,,7,1,1,39.935,1.274,large_position_step,medium
F04,dysarthric,Session2,0095,data/extracted/torgo/F04/Session2/pos/0095.pos,502,,,10,1,1,64.458,1.254,large_position_step,medium
F04,dysarthric,Session2,0124,data/extracted/torgo/F04/Session2/pos/0124.pos,416,,,10,1,6,21.308,1.711,large_position_step,medium
F04,dysarthric,Session2,0131,data/extracted/torgo/F04/Session2/pos/0131.pos,554,,,10,1,2,34.598,1.373,large_position_step,medium
F04,dysarthric,Session2,0134,data/extracted/torgo/F04/Session2/pos/0134.pos,665,,,2,1,2,30.773,1.021,large_position_step,medium
F04,dysarthric,Session2,0135,data/extracted/torgo/F04/Session2/pos/0135.pos,693,,,10,1,1,20.161,1.259,large_position_step,medium
F04,dysarthric,Session2,0136,data/extracted/torgo/F04/Session2/pos/0136.pos,703,,,10,1,1,41.967,1.025,large_position_step,medium
F04,dysarthric,Session2,0137,data/extracted/torgo/F04/Session2/pos/0137.pos,443,,,10,1,2,33.337,1.199,large_position_step,medium
F04,dysarthric,Session2,0138,data/extracted/torgo/F04/Session2/pos/0138.pos,1017,,,10,1,2,70.526,0.874,large_position_step,medium
F04,dysarthric,Session2,0139,data/extracted/torgo/F04/Session2/pos/0139.pos,916,,,3,1,1,53.584,2.187,large_position_step,medium
F04,dysarthric,Session2,0141,data/extracted/torgo/F04/Session2/pos/0141.pos,696,,,3,1,2,31.292,1.471,large_position_step,medium
F04,dysarthric,Session2,0148,data/extracted/torgo/F04/Session2/pos/0148.pos,1030,,,3,1,1,52.671,1.567,large_position_step,medium
F04,dysarthric,Session2,0164,data/extracted/torgo/F04/Session2/pos/0164.pos,451,,,10,1,1,47.694,1.256,large_position_step,medium
F04,dysarthric,Session2,0167,data/extracted/torgo/F04/Session2/pos/0167.pos,470,,,7,1,1,31.009,1.254,large_position_step,medium
F04,dysarthric,Session2,0171,data/extracted/torgo/F04/Session2/pos/0171.pos,574,,,10,1,2,23.49,1.147,large_position_step,medium
F04,dysarthric,Session2,0173,data/extracted/torgo/F04/Session2/pos/0173.pos,476,,,2,1,2,28.162,1.263,large_position_step,medium
F04,dysarthric,Session2,0180,data/extracted/torgo/F04/Session2/pos/0180.pos,638,,,10,1,5,109.584,1.159,large_position_step,medium
F04,dysarthric,Session2,0183,data/extracted/torgo/F04/Session2/pos/0183.pos,1990,,,10,1,2,89.412,0.94,large_position_step,medium
F04,dysarthric,Session2,0187,data/extracted/torgo/F04/Session2/pos/0187.pos,676,,,10,1,1,63.537,1.048,large_position_step,medium
F04,dysarthric,Session2,0188,data/extracted/torgo/F04/Session2/pos/0188.pos,467,,,10,1,3,34.972,1.195,large_position_step,medium
F04,dysarthric,Session2,0192,data/extracted/torgo/F04/Session2/pos/0192.pos,435,,,10,1,1,90.035,2.25,large_position_step,medium
F04,dysarthric,Session2,0193,data/extracted/torgo/F04/Session2/pos/0193.pos,904,,,10,1,5,27.992,1.072,large_position_step,medium
F04,dysarthric,Session2,0194,data/extracted/torgo/F04/Session2/pos/0194.pos,573,,,10,1,2,65.636,1.268,large_position_step,medium
F04,dysarthric,Session2,0202,data/extracted/torgo/F04/Session2/pos/0202.pos,521,,,10,1,2,68.556,1.013,large_position_step,medium
F04,dysarthric,Session2,0204,data/extracted/torgo/F04/Session2/pos/0204.pos,1078,,,10,1,5,20.396,0.947,large_position_step,medium
F04,dysarthric,Session2,0215,data/extracted/torgo/F04/Session2/pos/0215.pos,941,,,10,1,2,35.102,1.239,large_position_step,medium
F04,dysarthric,Session2,0218,data/extracted/torgo/F04/Session2/pos/0218.pos,1027,,,10,1,1,49.271,0.827,large_position_step,medium
F04,dysarthric,Session2,0223,data/extracted/torgo/F04/Session2/pos/0223.pos,1643,,,10,1,2,45.639,0.989,large_position_step,medium
F04,dysarthric,Session2,0224,data/extracted/torgo/F04/Session2/pos/0224.pos,676,,,7,1,2,23.303,1.202,large_position_step,medium
F04,dysarthric,Session2,0225,data/extracted/torgo/F04/Session2/pos/0225.pos,549,,,1,1,2,24.736,2.268,large_position_step,medium
F04,dysarthric,Session2,0238,data/extracted/torgo/F04/Session2/pos/0238.pos,552,,,1,1,4,31.422,4.05,large_position_step,medium
F04,dysarthric,Session2,0249,data/extracted/torgo/F04/Session2/pos/0249.pos,488,,,10,1,1,29.522,1.219,large_position_step,medium
FC01,control,Session1,0006,data/extracted/torgo/FC01/Session1/pos/0006.pos,525,,,10,1,1,27.312,0.691,large_position_step,medium
FC01,control,Session1,0009,data/extracted/torgo/FC01/Session1/pos/0009.pos,530,,,10,1,2,53.038,0.585,large_position_step,medium
FC01,control,Session1,0013,data/extracted/torgo/FC01/Session1/pos/0013.pos,641,,,10,1,1,46.729,0.612,large_position_step,medium
FC01,control,Session1,0018,data/extracted/torgo/FC01/Session1/pos/0018.pos,664,,,10,1,1,33.652,0.71,large_position_step,medium
FC01,control,Session1,0022,data/extracted/torgo/FC01/Session1/pos/0022.pos,629,,,10,1,1,36.786,0.643,large_position_step,medium
FC01,control,Session1,0032,data/extracted/torgo/FC01/Session1/pos/0032.pos,654,,,10,1,1,34.607,0.719,large_position_step,medium
FC01,control,Session1,0035,data/extracted/torgo/FC01/Session1/pos/0035.pos,588,,,10,1,1,31.509,0.824,large_position_step,medium
FC01,control,Session1,0036,data/extracted/torgo/FC01/Session1/pos/0036.pos,944,,,10,1,1,30.884,0.751,large_position_step,medium
FC01,control,Session1,0040,data/extracted/torgo/FC01/Session1/pos/0040.pos,1108,,,10,1,2,27.478,0.757,large_position_step,medium
FC01,control,Session1,0042,data/extracted/torgo/FC01/Session1/pos/0042.pos,684,,,10,1,1,27.678,0.655,large_position_step,medium
FC01,control,Session1,0045,data/extracted/torgo/FC01/Session1/pos/0045.pos,686,,,10,1,1,37.487,0.695,large_position_step,medium
FC01,control,Session1,0050,data/extracted/torgo/FC01/Session1/pos/0050.pos,639,,,10,1,1,27.967,0.663,large_position_step,medium
FC01,control,Session1,0053,data/extracted/torgo/FC01/Session1/pos/0053.pos,642,,,10,1,1,23.992,0.647,large_position_step,medium
FC01,control,Session1,0057,data/extracted/torgo/FC01/Session1/pos/0057.pos,721,,,10,1,1,37.303,0.619,large_position_step,medium
FC01,control,Session1,0061,data/extracted/torgo/FC01/Session1/pos/0061.pos,1371,,,10,1,1,24.513,0.86,large_position_step,medium
FC01,control,Session1,0063,data/extracted/torgo/FC01/Session1/pos/0063.pos,665,,,10,1,2,24.71,0.7,large_position_step,medium
FC01,control,Session1,0064,data/extracted/torgo/FC01/Session1/pos/0064.pos,705,,,10,1,1,24.021,0.678,large_position_step,medium
FC01,control,Session1,0066,data/extracted/torgo/FC01/Session1/pos/0066.pos,636,,,10,1,2,24.772,0.658,large_position_step,medium
FC01,control,Session1,0067,data/extracted/torgo/FC01/Session1/pos/0067.pos,598,,,10,1,1,21.581,0.754,large_position_step,medium
FC01,control,Session1,0068,data/extracted/torgo/FC01/Session1/pos/0068.pos,681,,,10,1,1,29.062,0.698,large_position_step,medium
FC01,control,Session1,0069,data/extracted/torgo/FC01/Session1/pos/0069.pos,576,,,10,1,1,25.443,0.698,large_position_step,medium
FC01,control,Session1,0070,data/extracted/torgo/FC01/Session1/pos/0070.pos,623,,,10,1,1,21.773,0.695,large_position_step,medium
FC01,control,Session1,0071,data/extracted/torgo/FC01/Session1/pos/0071.pos,639,,,10,1,1,23.38,0.675,large_position_step,medium
FC01,control,Session1,0072,data/extracted/torgo/FC01/Session1/pos/0072.pos,1317,,,10,1,1,35.122,0.72,large_position_step,medium
FC01,control,Session1,0073,data/extracted/torgo/FC01/Session1/pos/0073.pos,605,,,10,1,1,24.944,0.718,large_position_step,medium
FC01,control,Session1,0074,data/extracted/torgo/FC01/Session1/pos/0074.pos,726,,,10,1,1,38.155,0.713,large_position_step,medium
FC01,control,Session1,0075,data/extracted/torgo/FC01/Session1/pos/0075.pos,1052,,,10,1,2,25.31,0.776,large_position_step,medium
FC01,control,Session1,0083,data/extracted/torgo/FC01/Session1/pos/0083.pos,581,,,10,1,1,26.035,0.684,large_position_step,medium
FC01,control,Session1,0084,data/extracted/torgo/FC01/Session1/pos/0084.pos,846,,,10,1,1,26.404,0.789,large_position_step,medium
FC01,control,Session1,0085,data/extracted/torgo/FC01/Session1/pos/0085.pos,824,,,10,1,1,26.842,0.84,large_position_step,medium
FC01,control,Session1,0086,data/extracted/torgo/FC01/Session1/pos/0086.pos,698,,,10,1,1,24.349,0.779,large_position_step,medium
FC01,control,Session1,0088,data/extracted/torgo/FC01/Session1/pos/0088.pos,586,,,10,1,1,25.593,0.753,large_position_step,medium
FC01,control,Session1,0089,data/extracted/torgo/FC01/Session1/pos/0089.pos,626,,,10,1,1,37.266,0.629,large_position_step,medium
FC01,control,Session1,0092,data/extracted/torgo/FC01/Session1/pos/0092.pos,620,,,10,1,1,27.655,0.741,large_position_step,medium
FC01,control,Session1,0094,data/extracted/torgo/FC01/Session1/pos/0094.pos,642,,,10,1,1,23.227,0.722,large_position_step,medium
FC01,control,Session1,0095,data/extracted/torgo/FC01/Session1/pos/0095.pos,681,,,10,1,1,26.326,0.761,large_position_step,medium
FC01,control,Session1,0096,data/extracted/torgo/FC01/Session1/pos/0096.pos,674,,,10,1,1,40.881,0.621,large_position_step,medium
FC01,control,Session1,0097,data/extracted/torgo/FC01/Session1/pos/0097.pos,672,,,10,1,1,37.538,0.771,large_position_step,medium
FC01,control,Session1,0099,data/extracted/torgo/FC01/Session1/pos/0099.pos,744,,,10,1,2,34.762,0.682,large_position_step,medium
FC01,control,Session1,0102,data/extracted/torgo/FC01/Session1/pos/0102.pos,1160,,,10,1,1,22.791,1.055,large_position_step,medium
FC01,control,Session1,0103,data/extracted/torgo/FC01/Session1/pos/0103.pos,1212,,,9,1,3,49.786,1.495,large_position_step,medium
FC01,control,Session1,0109,data/extracted/torgo/FC01/Session1/pos/0109.pos,596,,,10,1,1,20.518,0.991,large_position_step,medium
FC01,control,Session1,0113,data/extracted/torgo/FC01/Session1/pos/0113.pos,1051,,,10,1,8,31.929,1.213,large_position_step,medium
FC01,control,Session1,0120,data/extracted/torgo/FC01/Session1/pos/0120.pos,631,,,10,1,1,27.76,1.117,large_position_step,medium
FC01,control,Session1,0122,data/extracted/torgo/FC01/Session1/pos/0122.pos,618,,,10,1,1,20.121,0.873,large_position_step,medium
FC01,control,Session1,0124,data/extracted/torgo/FC01/Session1/pos/0124.pos,664,,,10,1,2,33.026,0.823,large_position_step,medium
FC01,control,Session1,0125,data/extracted/torgo/FC01/Session1/pos/0125.pos,679,,,10,1,1,22.93,0.761,large_position_step,medium
FC01,control,Session1,0126,data/extracted/torgo/FC01/Session1/pos/0126.pos,567,,,10,1,2,25.777,0.961,large_position_step,medium
FC01,control,Session1,0127,data/extracted/torgo/FC01/Session1/pos/0127.pos,656,,,10,1,1,23.027,0.844,large_position_step,medium
FC01,control,Session1,0129,data/extracted/torgo/FC01/Session1/pos/0129.pos,668,,,10,1,1,22.498,1.028,large_position_step,medium
FC01,control,Session1,0134,data/extracted/torgo/FC01/Session1/pos/0134.pos,683,,,10,1,1,23.452,0.992,large_position_step,medium
FC01,control,Session1,0136,data/extracted/torgo/FC01/Session1/pos/0136.pos,572,,,10,1,1,21.957,0.758,large_position_step,medium
FC01,control,Session1,0138,data/extracted/torgo/FC01/Session1/pos/0138.pos,606,,,10,1,3,29.913,0.89,large_position_step,medium
FC01,control,Session1,0142,data/extracted/torgo/FC01/Session1/pos/0142.pos,558,,,10,1,2,20.651,0.878,large_position_step,medium
FC01,control,Session1,0146,data/extracted/torgo/FC01/Session1/pos/0146.pos,618,,,10,1,3,21.117,1.117,large_position_step,medium
FC01,control,Session1,0150,data/extracted/torgo/FC01/Session1/pos/0150.pos,801,,,10,1,13,26.345,1.268,large_position_step,medium
FC01,control,Session1,0154,data/extracted/torgo/FC01/Session1/pos/0154.pos,586,,,10,1,3,20.536,1.119,large_position_step,medium
FC01,control,Session1,0162,data/extracted/torgo/FC01/Session1/pos/0162.pos,555,,,10,1,4,34.397,1.674,large_position_step,medium
FC02,control,Session3,0073,data/extracted/torgo/FC02/Session3/pos/0073.pos,511,,,4,1,1,21.616,1.239,large_position_step,medium
FC02,control,Session3,0163,data/extracted/torgo/FC02/Session3/pos/0163.pos,438,,,1,1,2,52.731,1.248,large_position_step,medium
FC02,control,Session3,0175,data/extracted/torgo/FC02/Session3/pos/0175.pos,454,,,1,1,2,41.546,1.367,large_position_step,medium
FC02,control,Session3,0216,data/extracted/torgo/FC02/Session3/pos/0216.pos,518,,,4,1,1,20.286,1.216,large_position_step,medium
FC02,control,Session3,0236,data/extracted/torgo/FC02/Session3/pos/0236.pos,376,,,1,1,1,46.977,1.334,large_position_step,medium
FC02,control,Session3,0258,data/extracted/torgo/FC02/Session3/pos/0258.pos,381,,,1,1,1,49.558,1.347,large_position_step,medium
FC02,control,Session3,0273,data/extracted/torgo/FC02/Session3/pos/0273.pos,445,,,1,1,2,52.54,1.245,large_position_step,medium
FC02,control,Session3,0281,data/extracted/torgo/FC02/Session3/pos/0281.pos,1033,,,3,1,1,58.136,1.273,large_position_step,medium
FC02,control,Session3,0317,data/extracted/torgo/FC02/Session3/pos/0317.pos,1911,,,1,1,2,61.758,1.355,large_position_step,medium
FC02,control,Session3,0477,data/extracted/torgo/FC02/Session3/pos/0477.pos,825,,,1,1,2,30.447,1.572,large_position_step,medium
FC02,control,Session3,0481,data/extracted/torgo/FC02/Session3/pos/0481.pos,903,,,1,1,2,32.487,1.78,large_position_step,medium
FC02,control,Session3,0499,data/extracted/torgo/FC02/Session3/pos/0499.pos,754,,,1,1,2,24.947,1.615,large_position_step,medium
FC02,control,Session3,0512,data/extracted/torgo/FC02/Session3/pos/0512.pos,795,,,1,1,1,26.319,2.306,large_position_step,medium
FC02,control,Session3,0528,data/extracted/torgo/FC02/Session3/pos/0528.pos,406,,,1,1,1,25.698,1.822,large_position_step,medium
FC02,control,Session3,0535,data/extracted/torgo/FC02/Session3/pos/0535.pos,408,,,1,1,1,26.495,1.823,large_position_step,medium
FC02,control,Session3,0541,data/extracted/torgo/FC02/Session3/pos/0541.pos,393,,,1,1,1,27.968,2.024,large_position_step,medium
FC02,control,Session3,0544,data/extracted/torgo/FC02/Session3/pos/0544.pos,1086,,,1,1,1,28.784,2.079,large_position_step,medium
FC02,control,Session3,0545,data/extracted/torgo/FC02/Session3/pos/0545.pos,1091,,,1,1,1,31.034,2.088,large_position_step,medium
FC02,control,Session3,0573,data/extracted/torgo/FC02/Session3/pos/0573.pos,792,,,1,1,4,28.459,2.201,large_position_step,medium
FC02,control,Session3,0576,data/extracted/torgo/FC02/Session3/pos/0576.pos,380,,,1,1,1,25.547,1.887,large_position_step,medium
FC02,control,Session3,0584,data/extracted/torgo/FC02/Session3/pos/0584.pos,389,,,1,1,2,26.081,2.248,large_position_step,medium
FC02,control,Session3,0588,data/extracted/torgo/FC02/Session3/pos/0588.pos,405,,,2,1,1,24.686,2.306,large_position_step,medium
FC02,control,Session3,0632,data/extracted/torgo/FC02/Session3/pos/0632.pos,410,,,3,1,1,48.877,1.176,large_position_step,medium
FC02,control,Session3,0655,data/extracted/torgo/FC02/Session3/pos/0655.pos,425,,,3,1,1,38.436,1.154,large_position_step,medium
FC02,control,Session3,0689,data/extracted/torgo/FC02/Session3/pos/0689.pos,603,,,3,1,1,53.187,1.206,large_position_step,medium
FC02,control,Session3,0690,data/extracted/torgo/FC02/Session3/pos/0690.pos,404,,,3,1,1,77.938,1.197,large_position_step,medium
FC02,control,Session3,0691,data/extracted/torgo/FC02/Session3/pos/0691.pos,386,,,3,1,1,54.688,1.194,large_position_step,medium
FC02,control,Session3,0696,data/extracted/torgo/FC02/Session3/pos/0696.pos,432,,,3,1,1,69.673,1.162,large_position_step,medium
FC02,control,Session3,0697,data/extracted/torgo/FC02/Session3/pos/0697.pos,379,,,3,1,2,85.169,1.305,large_position_step,medium
FC02,control,Session3,0702,data/extracted/torgo/FC02/Session3/pos/0702.pos,405,,,3,1,1,50.778,1.18,large_position_step,medium
FC02,control,Session3,0709,data/extracted/torgo/FC02/Session3/pos/0709.pos,344,,,3,1,2,37.565,1.073,large_position_step,medium
FC02,control,Session3,0717,data/extracted/torgo/FC02/Session3/pos/0717.pos,416,,,3,1,1,55.781,1.164,large_position_step,medium
FC02,control,Session3,0720,data/extracted/torgo/FC02/Session3/pos/0720.pos,359,,,3,1,1,62.567,1.111,large_position_step,medium
FC02,control,Session3,0722,data/extracted/torgo/FC02/Session3/pos/0722.pos,564,,,3,1,2,88.818,1.146,large_position_step,medium
FC02,control,Session3,0727,data/extracted/torgo/FC02/Session3/pos/0727.pos,376,,,3,1,1,48.573,1.146,large_position_step,medium
FC02,control,Session3,0729,data/extracted/torgo/FC02/Session3/pos/0729.pos,448,,,3,1,1,40.952,1.097,large_position_step,medium
FC02,control,Session3,0730,data/extracted/torgo/FC02/Session3/pos/0730.pos,372,,,3,1,2,73.541,1.228,large_position_step,medium
FC02,control,Session3,0735,data/extracted/torgo/FC02/Session3/pos/0735.pos,371,,,3,1,1,56.305,1.118,large_position_step,medium
FC02,control,Session3,0740,data/extracted/torgo/FC02/Session3/pos/0740.pos,413,,,3,1,2,28.939,1.109,large_position_step,medium
FC02,control,Session3,0745,data/extracted/torgo/FC02/Session3/pos/0745.pos,339,,,3,1,2,37.418,1.256,large_position_step,medium
FC02,control,Session3,0749,data/extracted/torgo/FC02/Session3/pos/0749.pos,379,,,3,1,1,34.517,1.236,large_position_step,medium
FC02,control,Session3,0750,data/extracted/torgo/FC02/Session3/pos/0750.pos,379,,,3,1,1,30.166,1.285,large_position_step,medium
FC02,control,Session3,0751,data/extracted/torgo/FC02/Session3/pos/0751.pos,411,,,3,1,2,45.528,1.341,large_position_step,medium
FC02,control,Session3,0752,data/extracted/torgo/FC02/Session3/pos/0752.pos,828,,,3,1,1,34.581,1.241,large_position_step,medium
FC02,control,Session3,0754,data/extracted/torgo/FC02/Session3/pos/0754.pos,438,,,3,1,2,36.979,1.222,large_position_step,medium
FC02,control,Session3,0762,data/extracted/torgo/FC02/Session3/pos/0762.pos,386,,,3,1,2,41.016,1.354,large_position_step,medium
FC02,control,Session3,0763,data/extracted/torgo/FC02/Session3/pos/0763.pos,693,,,3,1,1,42.008,1.334,large_position_step,medium
FC02,control,Session3,0767,data/extracted/torgo/FC02/Session3/pos/0767.pos,365,,,3,1,1,39.76,1.265,large_position_step,medium
FC02,control,Session3,0770,data/extracted/torgo/FC02/Session3/pos/0770.pos,397,,,3,1,1,98.103,1.545,large_position_step,medium
FC02,control,Session3,0771,data/extracted/torgo/FC02/Session3/pos/0771.pos,406,,,3,1,1,31.879,1.281,large_position_step,medium
FC02,control,Session3,0774,data/extracted/torgo/FC02/Session3/pos/0774.pos,359,,,3,1,2,28.838,1.328,large_position_step,medium
FC02,control,Session3,0776,data/extracted/torgo/FC02/Session3/pos/0776.pos,832,,,3,1,2,63.377,1.364,large_position_step,medium
FC02,control,Session3,0778,data/extracted/torgo/FC02/Session3/pos/0778.pos,386,,,3,1,1,36.817,1.274,large_position_step,medium
FC02,control,Session3,0780,data/extracted/torgo/FC02/Session3/pos/0780.pos,359,,,3,1,2,57.646,1.355,large_position_step,medium
FC02,control,Session3,0781,data/extracted/torgo/FC02/Session3/pos/0781.pos,403,,,3,1,2,37.266,1.387,large_position_step,medium
FC02,control,Session3,0783,data/extracted/torgo/FC02/Session3/pos/0783.pos,705,,,3,1,2,25.283,1.198,large_position_step,medium
FC02,control,Session3,0787,data/extracted/torgo/FC02/Session3/pos/0787.pos,546,,,2,1,3,26.866,2.006,large_position_step,medium
FC02,control,Session3,0789,data/extracted/torgo/FC02/Session3/pos/0789.pos,364,,,2,1,1,41.016,2.027,large_position_step,medium
FC02,control,Session3,0794,data/extracted/torgo/FC02/Session3/pos/0794.pos,376,,,3,1,13,215.065,2.963,large_position_step,medium
FC02,control,Session3,0818,data/extracted/torgo/FC02/Session3/pos/0818.pos,335,,,5,1,10,20.092,1.971,large_position_step,medium
FC02,control,Session3,0834,data/extracted/torgo/FC02/Session3/pos/0834.pos,371,,,3,1,1,40.517,1.123,large_position_step,medium
FC02,control,Session3,0835,data/extracted/torgo/FC02/Session3/pos/0835.pos,373,,,3,1,1,50.411,1.742,large_position_step,medium
FC02,control,Session3,0836,data/extracted/torgo/FC02/Session3/pos/0836.pos,632,,,3,1,1,72.51,1.174,large_position_step,medium
FC02,control,Session3,0838,data/extracted/torgo/FC02/Session3/pos/0838.pos,404,,,3,1,1,55.664,1.193,large_position_step,medium
FC02,control,Session3,0840,data/extracted/torgo/FC02/Session3/pos/0840.pos,561,,,3,1,1,48.21,1.21,large_position_step,medium
FC02,control,Session3,0841,data/extracted/torgo/FC02/Session3/pos/0841.pos,910,,,3,1,1,32.892,1.196,large_position_step,medium
FC02,control,Session3,0842,data/extracted/torgo/FC02/Session3/pos/0842.pos,1315,,,3,1,2,67.011,1.341,large_position_step,medium
FC02,control,Session3,0845,data/extracted/torgo/FC02/Session3/pos/0845.pos,456,,,3,1,1,37.548,1.16,large_position_step,medium
FC02,control,Session3,0847,data/extracted/torgo/FC02/Session3/pos/0847.pos,840,,,3,1,1,48.999,1.241,large_position_step,medium
FC02,control,Session3,0849,data/extracted/torgo/FC02/Session3/pos/0849.pos,439,,,3,1,1,47.975,1.247,large_position_step,medium
FC02,control,Session3,0853,data/extracted/torgo/FC02/Session3/pos/0853.pos,443,,,3,1,2,29.753,1.213,large_position_step,medium
FC02,control,Session3,0854,data/extracted/torgo/FC02/Session3/pos/0854.pos,352,,,3,1,1,42.233,1.172,large_position_step,medium
FC02,control,Session3,0857,data/extracted/torgo/FC02/Session3/pos/0857.pos,349,,,3,1,1,50.105,1.258,large_position_step,medium
FC02,control,Session3,0859,data/extracted/torgo/FC02/Session3/pos/0859.pos,402,,,3,1,2,66.645,1.365,large_position_step,medium
FC02,control,Session3,0861,data/extracted/torgo/FC02/Session3/pos/0861.pos,515,,,3,1,1,77.602,1.214,large_position_step,medium
FC02,control,Session3,0864,data/extracted/torgo/FC02/Session3/pos/0864.pos,387,,,3,1,2,66.063,1.206,large_position_step,medium
FC02,control,Session3,0865,data/extracted/torgo/FC02/Session3/pos/0865.pos,410,,,3,1,1,40.536,1.115,large_position_step,medium
FC02,control,Session3,0866,data/extracted/torgo/FC02/Session3/pos/0866.pos,363,,,3,1,2,81.616,1.287,large_position_step,medium
FC02,control,Session3,0877,data/extracted/torgo/FC02/Session3/pos/0877.pos,412,,,2,1,1,27.913,1.817,large_position_step,medium
FC02,control,Session3,0881,data/extracted/torgo/FC02/Session3/pos/0881.pos,697,,,2,1,2,21.669,2.01,large_position_step,medium
FC02,control,Session3,0882,data/extracted/torgo/FC02/Session3/pos/0882.pos,861,,,2,1,12,25.074,1.954,large_position_step,medium
FC02,control,Session3,0886,data/extracted/torgo/FC02/Session3/pos/0886.pos,460,,,2,1,2,20.324,1.772,large_position_step,medium
FC02,control,Session3,0889,data/extracted/torgo/FC02/Session3/pos/0889.pos,396,,,2,1,1,37.81,1.703,large_position_step,medium
FC02,control,Session3,0891,data/extracted/torgo/FC02/Session3/pos/0891.pos,845,,,2,1,4,33.837,1.991,large_position_step,medium
FC02,control,Session3,0896,data/extracted/torgo/FC02/Session3/pos/0896.pos,426,,,2,1,2,24.28,1.987,large_position_step,medium
FC02,control,Session3,0897,data/extracted/torgo/FC02/Session3/pos/0897.pos,446,,,2,1,1,22.699,2.131,large_position_step,medium
FC02,control,Session3,0901,data/extracted/torgo/FC02/Session3/pos/0901.pos,357,,,2,1,1,20.97,1.941,large_position_step,medium
FC02,control,Session3,0905,data/extracted/torgo/FC02/Session3/pos/0905.pos,489,,,2,1,1,23.035,1.67,large_position_step,medium
FC02,control,Session3,0907,data/extracted/torgo/FC02/Session3/pos/0907.pos,469,,,2,1,1,27.319,1.652,large_position_step,medium
FC02,control,Session3,0908,data/extracted/torgo/FC02/Session3/pos/0908.pos,721,,,2,1,4,22.336,2.012,large_position_step,medium
FC02,control,Session3,0911,data/extracted/torgo/FC02/Session3/pos/0911.pos,687,,,2,1,3,24.666,2.041,large_position_step,medium
FC02,control,Session3,0919,data/extracted/torgo/FC02/Session3/pos/0919.pos,401,,,2,1,3,20.657,2.015,large_position_step,medium
FC02,control,Session3,0920,data/extracted/torgo/FC02/Session3/pos/0920.pos,357,,,2,1,2,21.112,1.763,large_position_step,medium
FC02,control,Session3,0925,data/extracted/torgo/FC02/Session3/pos/0925.pos,366,,,2,1,1,20.174,1.775,large_position_step,medium
FC02,control,Session3,0934,data/extracted/torgo/FC02/Session3/pos/0934.pos,408,,,2,1,1,28.076,2.73,large_position_step,medium
FC02,control,Session3,0938,data/extracted/torgo/FC02/Session3/pos/0938.pos,407,,,2,1,2,20.48,2.035,large_position_step,medium
FC02,control,Session3,0948,data/extracted/torgo/FC02/Session3/pos/0948.pos,382,,,2,1,1,25.443,1.761,large_position_step,medium
FC02,control,Session3,0949,data/extracted/torgo/FC02/Session3/pos/0949.pos,388,,,2,1,2,22.493,1.826,large_position_step,medium
FC02,control,Session3,0950,data/extracted/torgo/FC02/Session3/pos/0950.pos,1275,,,2,1,1,36.005,1.774,large_position_step,medium
FC02,control,Session3,0952,data/extracted/torgo/FC02/Session3/pos/0952.pos,461,,,2,1,2,20.792,1.805,large_position_step,medium
FC02,control,Session3,0958,data/extracted/torgo/FC02/Session3/pos/0958.pos,467,,,2,1,2,28.34,1.612,large_position_step,medium
FC02,control,Session3,0960,data/extracted/torgo/FC02/Session3/pos/0960.pos,994,,,2,1,3,25.345,2.047,large_position_step,medium
FC02,control,Session3,0975,data/extracted/torgo/FC02/Session3/pos/0975.pos,384,,,2,1,1,31.69,1.839,large_position_step,medium
FC02,control,Session3,0983,data/extracted/torgo/FC02/Session3/pos/0983.pos,595,,,2,1,1,28.089,1.434,large_position_step,medium
FC02,control,Session3,0987,data/extracted/torgo/FC02/Session3/pos/0987.pos,832,,,2,1,4,25.71,1.439,large_position_step,medium
FC02,control,Session3,0994,data/extracted/torgo/FC02/Session3/pos/0994.pos,416,,,2,1,2,29.113,1.901,large_position_step,medium
FC02,control,Session3,0995,data/extracted/torgo/FC02/Session3/pos/0995.pos,455,,,2,1,2,21.348,2.056,large_position_step,medium
FC02,control,Session3,0998,data/extracted/torgo/FC02/Session3/pos/0998.pos,458,,,10,1,10,20.043,1.546,large_position_step,medium
FC03,control,Session1,0003,data/extracted/torgo/FC03/Session1/pos/0003.pos,2513,,,9,1,19,28.625,2.088,large_position_step,medium
FC03,control,Session1,0005,data/extracted/torgo/FC03/Session1/pos/0005.pos,342,,,9,1,1,20.849,1.851,large_position_step,medium
FC03,control,Session1,0015,data/extracted/torgo/FC03/Session1/pos/0015.pos,367,,,3,1,3,27.407,2.447,large_position_step,medium
FC03,control,Session1,0017,data/extracted/torgo/FC03/Session1/pos/0017.pos,351,,,3,1,3,30.525,2.2,large_position_step,medium
FC03,control,Session1,0019,data/extracted/torgo/FC03/Session1/pos/0019.pos,465,,,9,1,4,24.447,1.923,large_position_step,medium
FC03,control,Session1,0021,data/extracted/torgo/FC03/Session1/pos/0021.pos,374,,,9,1,8,24.85,3.08,large_position_step,medium
FC03,control,Session1,0024,data/extracted/torgo/FC03/Session1/pos/0024.pos,481,,,9,1,3,28.255,1.849,large_position_step,medium
FC03,control,Session1,0027,data/extracted/torgo/FC03/Session1/pos/0027.pos,437,,,3,1,1,23.416,2.277,large_position_step,medium
FC03,control,Session1,0028,data/extracted/torgo/FC03/Session1/pos/0028.pos,445,,,9,1,4,22.066,2.182,large_position_step,medium
FC03,control,Session1,0041,data/extracted/torgo/FC03/Session1/pos/0041.pos,430,,,9,1,2,27.573,1.141,large_position_step,medium
FC03,control,Session1,0053,data/extracted/torgo/FC03/Session1/pos/0053.pos,881,,,9,1,2,21.191,0.904,large_position_step,medium
FC03,control,Session1,0068,data/extracted/torgo/FC03/Session1/pos/0068.pos,434,,,1,1,1,24.919,1.065,large_position_step,medium
FC03,control,Session1,0130,data/extracted/torgo/FC03/Session1/pos/0130.pos,354,,,3,1,1,21.098,1.591,large_position_step,medium
FC03,control,Session1,0148,data/extracted/torgo/FC03/Session1/pos/0148.pos,426,,,3,1,1,24.452,1.78,large_position_step,medium
FC03,control,Session1,0156,data/extracted/torgo/FC03/Session1/pos/0156.pos,487,,,4,1,1,24.507,1.793,large_position_step,medium
FC03,control,Session1,0162,data/extracted/torgo/FC03/Session1/pos/0162.pos,1007,,,3,1,1,22.626,1.731,large_position_step,medium
FC03,control,Session1,0208,data/extracted/torgo/FC03/Session1/pos/0208.pos,788,,,1,1,2,82.881,1.794,large_position_step,medium
FC03,control,Session1,0317,data/extracted/torgo/FC03/Session1/pos/0317.pos,455,,,10,1,1,26.309,0.972,large_position_step,medium
FC03,control,Session1,0361,data/extracted/torgo/FC03/Session1/pos/0361.pos,489,,,10,1,3,31.418,1.007,large_position_step,medium
FC03,control,Session1,0369,data/extracted/torgo/FC03/Session1/pos/0369.pos,686,,,1,1,3,156.072,1.306,large_position_step,medium
FC03,control,Session2,0010,data/extracted/torgo/FC03/Session2/pos/0010.pos,389,,,9,1,2,38.087,1.279,large_position_step,medium
FC03,control,Session2,0012,data/extracted/torgo/FC03/Session2/pos/0012.pos,375,,,9,1,1,49.831,0.687,large_position_step,medium
FC03,control,Session2,0015,data/extracted/torgo/FC03/Session2/pos/0015.pos,739,,,9,1,2,20.083,1.026,large_position_step,medium
FC03,control,Session2,0039,data/extracted/torgo/FC03/Session2/pos/0039.pos,442,,,9,1,2,21.344,1.087,large_position_step,medium
FC03,control,Session2,0040,data/extracted/torgo/FC03/Session2/pos/0040.pos,483,,,9,1,1,22.581,1.19,large_position_step,medium
FC03,control,Session2,0043,data/extracted/torgo/FC03/Session2/pos/0043.pos,415,,,9,1,1,28.033,0.949,large_position_step,medium
FC03,control,Session2,0045,data/extracted/torgo/FC03/Session2/pos/0045.pos,685,,,9,1,1,26.803,1.099,large_position_step,medium
FC03,control,Session2,0046,data/extracted/torgo/FC03/Session2/pos/0046.pos,366,,,9,1,1,23.747,1.311,large_position_step,medium
FC03,control,Session2,0047,data/extracted/torgo/FC03/Session2/pos/0047.pos,339,,,9,1,1,21.945,1.067,large_position_step,medium
FC03,control,Session2,0053,data/extracted/torgo/FC03/Session2/pos/0053.pos,312,,,9,1,1,24.39,1.165,large_position_step,medium
FC03,control,Session2,0055,data/extracted/torgo/FC03/Session2/pos/0055.pos,760,,,9,1,2,32.759,1.001,large_position_step,medium
FC03,control,Session2,0060,data/extracted/torgo/FC03/Session2/pos/0060.pos,909,,,9,1,3,22.874,1.177,large_position_step,medium
FC03,control,Session2,0107,data/extracted/torgo/FC03/Session2/pos/0107.pos,764,,,1,1,2,54.751,1.04,large_position_step,medium
FC03,control,Session2,0117,data/extracted/torgo/FC03/Session2/pos/0117.pos,402,,,9,1,1,51.218,0.684,large_position_step,medium
FC03,control,Session2,0134,data/extracted/torgo/FC03/Session2/pos/0134.pos,807,,,9,1,1,20.78,1.156,large_position_step,medium
FC03,control,Session2,0179,data/extracted/torgo/FC03/Session2/pos/0179.pos,327,,,9,1,2,83.825,1.059,large_position_step,medium
FC03,control,Session2,0181,data/extracted/torgo/FC03/Session2/pos/0181.pos,807,,,9,1,2,23.77,1.141,large_position_step,medium
FC03,control,Session2,0190,data/extracted/torgo/FC03/Session2/pos/0190.pos,903,,,9,1,4,38.056,1.145,large_position_step,medium
FC03,control,Session2,0296,data/extracted/torgo/FC03/Session2/pos/0296.pos,1447,,,9,1,3,20.986,1.195,large_position_step,medium
FC03,control,Session2,0302,data/extracted/torgo/FC03/Session2/pos/0302.pos,767,,,9,1,2,72.622,1.154,large_position_step,medium
FC03,control,Session2,0303,data/extracted/torgo/FC03/Session2/pos/0303.pos,897,,,9,1,5,46.082,1.697,large_position_step,medium
FC03,control,Session2,0312,data/extracted/torgo/FC03/Session2/pos/0312.pos,673,,,9,1,1,32.806,1.02,large_position_step,medium
FC03,control,Session2,0314,data/extracted/torgo/FC03/Session2/pos/0314.pos,351,,,9,1,1,33.353,0.937,large_position_step,medium
FC03,control,Session2,0327,data/extracted/torgo/FC03/Session2/pos/0327.pos,765,,,9,1,2,26.72,1.325,large_position_step,medium
M01,dysarthric,Session1,0012,data/extracted/torgo/M01/Session1/pos/0012.pos,2045,,,9,1,1,38.463,1.351,large_position_step,medium
M01,dysarthric,Session1,0013,data/extracted/torgo/M01/Session1/pos/0013.pos,1583,,,6,1,1,142.633,1.119,large_position_step,medium
M01,dysarthric,Session1,0014,data/extracted/torgo/M01/Session1/pos/0014.pos,552,,,6,1,1,165.943,1.114,large_position_step,medium
M01,dysarthric,Session1,0015,data/extracted/torgo/M01/Session1/pos/0015.pos,757,,,6,1,1,162.702,1.346,large_position_step,medium
M01,dysarthric,Session1,0016,data/extracted/torgo/M01/Session1/pos/0016.pos,707,,,6,1,1,171.334,1.118,large_position_step,medium
M01,dysarthric,Session1,0018,data/extracted/torgo/M01/Session1/pos/0018.pos,1817,,,6,1,1,165.049,1.184,large_position_step,medium
M01,dysarthric,Session1,0019,data/extracted/torgo/M01/Session1/pos/0019.pos,2478,,,6,1,1,142.223,1.143,large_position_step,medium
M01,dysarthric,Session1,0061,data/extracted/torgo/M01/Session1/pos/0061.pos,976,,,7,1,1,30.301,1.836,large_position_step,medium
M01,dysarthric,Session1,0083,data/extracted/torgo/M01/Session1/pos/0083.pos,770,,,7,1,4,355.967,2.781,large_position_step,medium
M01,dysarthric,Session1,0085,data/extracted/torgo/M01/Session1/pos/0085.pos,638,,,8,1,1,209.71,2.341,large_position_step,medium
M02,dysarthric,Session2,0100,data/extracted/torgo/M02/Session2/pos/0100.pos,614,1,,9,1,4,26.105,2.789,large_position_step,medium
M02,dysarthric,Session2,0101,data/extracted/torgo/M02/Session2/pos/0101.pos,694,1,,10,1,23,28.444,5.445,large_position_step,medium
M02,dysarthric,Session2,0107,data/extracted/torgo/M02/Session2/pos/0107.pos,379,1,,10,1,17,26.832,5.672,large_position_step,medium
M02,dysarthric,Session2,0119,data/extracted/torgo/M02/Session2/pos/0119.pos,1640,1,,4,1,37,39.103,6.183,large_position_step,medium
M02,dysarthric,Session2,0126,data/extracted/torgo/M02/Session2/pos/0126.pos,515,1,,4,1,10,44.627,5.023,large_position_step,medium
M02,dysarthric,Session2,0131,data/extracted/torgo/M02/Session2/pos/0131.pos,1415,1,,9,1,32,88.62,5.128,large_position_step,medium
M02,dysarthric,Session2,0139,data/extracted/torgo/M02/Session2/pos/0139.pos,1623,1,,9,1,6,44.542,4.188,large_position_step,medium
M02,dysarthric,Session2,0147,data/extracted/torgo/M02/Session2/pos/0147.pos,444,1,,4,1,6,20.426,2.631,large_position_step,medium
M02,dysarthric,Session2,0156,data/extracted/torgo/M02/Session2/pos/0156.pos,787,1,,9,1,2,43.682,2.216,large_position_step,medium
M02,dysarthric,Session2,0158,data/extracted/torgo/M02/Session2/pos/0158.pos,678,1,,9,1,1,32.737,2.544,large_position_step,medium
M02,dysarthric,Session2,0160,data/extracted/torgo/M02/Session2/pos/0160.pos,1487,1,,9,1,19,71.145,4.382,large_position_step,medium
M02,dysarthric,Session2,0168,data/extracted/torgo/M02/Session2/pos/0168.pos,591,1,,10,1,9,22.789,4.422,large_position_step,medium
M02,dysarthric,Session2,0174,data/extracted/torgo/M02/Session2/pos/0174.pos,504,1,,9,1,1,21.515,3.4,large_position_step,medium
M02,dysarthric,Session2,0185,data/extracted/torgo/M02/Session2/pos/0185.pos,514,1,,10,1,25,23.181,6.719,large_position_step,medium
M02,dysarthric,Session2,0198,data/extracted/torgo/M02/Session2/pos/0198.pos,509,1,,9,1,1,40.098,3.208,large_position_step,medium
M02,dysarthric,Session2,0200,data/extracted/torgo/M02/Session2/pos/0200.pos,1245,1,,9,1,18,32.476,5.699,large_position_step,medium
M02,dysarthric,Session2,0208,data/extracted/torgo/M02/Session2/pos/0208.pos,2757,1,,9,1,47,27.569,6.869,large_position_step,medium
M02,dysarthric,Session2,0211,data/extracted/torgo/M02/Session2/pos/0211.pos,540,1,,9,1,2,28.35,3.389,large_position_step,medium
M02,dysarthric,Session2,0217,data/extracted/torgo/M02/Session2/pos/0217.pos,610,1,,9,1,19,21.962,6.966,large_position_step,medium
M02,dysarthric,Session2,0223,data/extracted/torgo/M02/Session2/pos/0223.pos,744,1,,9,1,2,50.908,3.944,large_position_step,medium
M02,dysarthric,Session2,0225,data/extracted/torgo/M02/Session2/pos/0225.pos,351,1,,9,1,1,57.675,2.271,large_position_step,medium
M02,dysarthric,Session2,0227,data/extracted/torgo/M02/Session2/pos/0227.pos,664,1,,9,1,1,59.646,3.446,large_position_step,medium
M02,dysarthric,Session2,0242,data/extracted/torgo/M02/Session2/pos/0242.pos,570,1,,10,1,25,20.941,4.564,large_position_step,medium
M03,dysarthric,Session2,0138,data/extracted/torgo/M03/Session2/pos/0138.pos,837,,,1,1,1,25.768,0.852,large_position_step,medium
M03,dysarthric,Session2,0247,data/extracted/torgo/M03/Session2/pos/0247.pos,417,,,9,1,1,20.088,1.055,large_position_step,medium
M03,dysarthric,Session2,0373,data/extracted/torgo/M03/Session2/pos/0373.pos,737,,,9,1,1,22.844,1.31,large_position_step,medium
M03,dysarthric,Session2,0374,data/extracted/torgo/M03/Session2/pos/0374.pos,778,,,9,1,3,22.225,1.126,large_position_step,medium
M04,dysarthric,Session2,0011,data/extracted/torgo/M04/Session2/pos/0011.pos,473,1|2|3|8,,10,1,2,82.006,1.255,large_position_step,medium
M04,dysarthric,Session2,0012,data/extracted/torgo/M04/Session2/pos/0012.pos,515,1|2|3|8,,9,1,13,27.777,2.07,large_position_step,medium
M04,dysarthric,Session2,0018,data/extracted/torgo/M04/Session2/pos/0018.pos,545,1|2|3|8,,10,1,8,23.665,1.343,large_position_step,medium
M04,dysarthric,Session2,0049,data/extracted/torgo/M04/Session2/pos/0049.pos,437,1|2|3|8,,10,1,2,45.644,1.461,large_position_step,medium
M04,dysarthric,Session2,0051,data/extracted/torgo/M04/Session2/pos/0051.pos,522,1|2|3|8,,10,1,2,25.043,1.082,large_position_step,medium
M04,dysarthric,Session2,0056,data/extracted/torgo/M04/Session2/pos/0056.pos,444,1|2|3|8,,10,1,2,65.057,1.592,large_position_step,medium
M04,dysarthric,Session2,0058,data/extracted/torgo/M04/Session2/pos/0058.pos,577,1|2|3|8,,6,1,1,20.692,1.312,large_position_step,medium
M04,dysarthric,Session2,0065,data/extracted/torgo/M04/Session2/pos/0065.pos,565,1|2|3|8,,7,1,1,23.856,1.263,large_position_step,medium
M04,dysarthric,Session2,0074,data/extracted/torgo/M04/Session2/pos/0074.pos,585,1|2|3|8,,10,1,1,26.218,1.373,large_position_step,medium
M04,dysarthric,Session2,0077,data/extracted/torgo/M04/Session2/pos/0077.pos,2376,1|2|3|8,,10,1,3,24.496,0.951,large_position_step,medium
M04,dysarthric,Session2,0087,data/extracted/torgo/M04/Session2/pos/0087.pos,511,1|2|3|8,,10,1,1,24.93,1.101,large_position_step,medium
M04,dysarthric,Session2,0093,data/extracted/torgo/M04/Session2/pos/0093.pos,1863,1|2|3|8,,9,1,27,23.045,1.608,large_position_step,medium
M04,dysarthric,Session2,0100,data/extracted/torgo/M04/Session2/pos/0100.pos,3689,1|2|3|8,,9,1,8,23.118,1.436,large_position_step,medium
M04,dysarthric,Session2,0105,data/extracted/torgo/M04/Session2/pos/0105.pos,572,1|2|3|8,,6,1,1,22.234,1.211,large_position_step,medium
M04,dysarthric,Session2,0106,data/extracted/torgo/M04/Session2/pos/0106.pos,588,1|2|3|8,,6,1,1,41.957,1.39,large_position_step,medium
M04,dysarthric,Session2,0108,data/extracted/torgo/M04/Session2/pos/0108.pos,1441,1|2|3|8,,7,1,1,20.643,0.96,large_position_step,medium
M04,dysarthric,Session2,0109,data/extracted/torgo/M04/Session2/pos/0109.pos,4718,1|2|3|8,,9,1,3,52.796,1.056,large_position_step,medium
M04,dysarthric,Session2,0118,data/extracted/torgo/M04/Session2/pos/0118.pos,941,1|2|3|8,,10,1,1,25.162,1.367,large_position_step,medium
M04,dysarthric,Session2,0119,data/extracted/torgo/M04/Session2/pos/0119.pos,612,1|2|3|8,,10,1,4,21.968,1.515,large_position_step,medium
M04,dysarthric,Session2,0138,data/extracted/torgo/M04/Session2/pos/0138.pos,497,1|2|3|8,,6,1,1,22.239,1.533,large_position_step,medium
M04,dysarthric,Session2,0156,data/extracted/torgo/M04/Session2/pos/0156.pos,1502,1|2|3|8,,9,1,1,21.476,1.226,large_position_step,medium
M04,dysarthric,Session2,0174,data/extracted/torgo/M04/Session2/pos/0174.pos,1288,1|2|3|8,,10,1,4,25.148,1.286,large_position_step,medium
M04,dysarthric,Session2,0176,data/extracted/torgo/M04/Session2/pos/0176.pos,795,1|2|3|8,,9,1,2,21.835,1.819,large_position_step,medium
M04,dysarthric,Session2,0178,data/extracted/torgo/M04/Session2/pos/0178.pos,796,1|2|3|8,,9,1,3,35.611,1.785,large_position_step,medium
M04,dysarthric,Session2,0183,data/extracted/torgo/M04/Session2/pos/0183.pos,1139,1|2|3|8,,7,1,7,21.936,1.573,large_position_step,medium
M04,dysarthric,Session2,0186,data/extracted/torgo/M04/Session2/pos/0186.pos,1113,1|2|3|8,,7,1,1,32.811,1.229,large_position_step,medium
M04,dysarthric,Session2,0189,data/extracted/torgo/M04/Session2/pos/0189.pos,1783,1|2|3|8,,7,1,6,25.261,1.355,large_position_step,medium
M04,dysarthric,Session2,0204,data/extracted/torgo/M04/Session2/pos/0204.pos,538,1|2|3|8,,10,1,1,26.378,1.615,large_position_step,medium
M04,dysarthric,Session2,0205,data/extracted/torgo/M04/Session2/pos/0205.pos,513,1|2|3|8,,10,1,1,36.288,1.162,large_position_step,medium
M04,dysarthric,Session2,0211,data/extracted/torgo/M04/Session2/pos/0211.pos,553,1|2|3|8,,10,1,1,29.768,1.025,large_position_step,medium
M04,dysarthric,Session2,0214,data/extracted/torgo/M04/Session2/pos/0214.pos,522,1|2|3|8,,10,1,4,30.508,1.511,large_position_step,medium
M04,dysarthric,Session2,0216,data/extracted/torgo/M04/Session2/pos/0216.pos,2482,1|2|3|8,,10,1,2,35.378,1.203,large_position_step,medium
M04,dysarthric,Session2,0220,data/extracted/torgo/M04/Session2/pos/0220.pos,1964,1|2|3|8,,10,1,2,20.586,1.357,large_position_step,medium
M04,dysarthric,Session2,0221,data/extracted/torgo/M04/Session2/pos/0221.pos,515,1|2|3|8,,6,1,3,20.747,1.56,large_position_step,medium
M04,dysarthric,Session2,0228,data/extracted/torgo/M04/Session2/pos/0228.pos,639,1|2|3|8,,10,1,8,20.214,1.607,large_position_step,medium
M04,dysarthric,Session2,0240,data/extracted/torgo/M04/Session2/pos/0240.pos,560,1|2|3|8,,9,1,7,22.916,2.445,large_position_step,medium
M04,dysarthric,Session2,0275,data/extracted/torgo/M04/Session2/pos/0275.pos,578,1|2|3|8,,7,1,1,286.16,1.969,large_position_step,medium
M04,dysarthric,Session2,0276,data/extracted/torgo/M04/Session2/pos/0276.pos,710,1|2|3|8,,9,1,5,22.641,1.667,large_position_step,medium
M04,dysarthric,Session2,0295,data/extracted/torgo/M04/Session2/pos/0295.pos,1247,1|2|3|8,,7,1,1,33.83,1.226,large_position_step,medium
M04,dysarthric,Session2,0297,data/extracted/torgo/M04/Session2/pos/0297.pos,443,1|2|3|8,,10,1,4,73.042,1.38,large_position_step,medium
M04,dysarthric,Session2,0298,data/extracted/torgo/M04/Session2/pos/0298.pos,2009,1|2|3|8,,10,1,2,41.381,1.066,large_position_step,medium
M05,dysarthric,Session1,0001,data/extracted/torgo/M05/Session1/pos/0001.pos,1553,1|2|3,,8,1,1,38.194,0.975,large_position_step,medium
M05,dysarthric,Session1,0002,data/extracted/torgo/M05/Session1/pos/0002.pos,1422,1|2|3,,4,1,2,32.14,1.087,large_position_step,medium
M05,dysarthric,Session1,0006,data/extracted/torgo/M05/Session1/pos/0006.pos,510,1|2|3,,8,1,1,29.023,1.481,large_position_step,medium
M05,dysarthric,Session1,0007,data/extracted/torgo/M05/Session1/pos/0007.pos,258,1|2|3,,9,1,1,22.008,1.629,large_position_step,medium
M05,dysarthric,Session1,0009,data/extracted/torgo/M05/Session1/pos/0009.pos,4170,1|2|3,,6,1,6,21.632,1.299,large_position_step,medium
M05,dysarthric,Session1,0013,data/extracted/torgo/M05/Session1/pos/0013.pos,555,1|2|3,,7,1,1,62.63,1.424,large_position_step,medium
M05,dysarthric,Session1,0015,data/extracted/torgo/M05/Session1/pos/0015.pos,2164,1|2|3,,8,1,2,67.435,1.264,large_position_step,medium
M05,dysarthric,Session1,0019,data/extracted/torgo/M05/Session1/pos/0019.pos,1800,1|2|3,,4,1,3,21.747,1.296,large_position_step,medium
M05,dysarthric,Session1,0022,data/extracted/torgo/M05/Session1/pos/0022.pos,696,1|2|3,,9,1,1,22.64,1.019,large_position_step,medium
M05,dysarthric,Session1,0023,data/extracted/torgo/M05/Session1/pos/0023.pos,787,1|2|3,,8,1,1,44.239,0.966,large_position_step,medium
M05,dysarthric,Session1,0024,data/extracted/torgo/M05/Session1/pos/0024.pos,615,1|2|3,,8,1,1,40.02,0.909,large_position_step,medium
M05,dysarthric,Session1,0032,data/extracted/torgo/M05/Session1/pos/0032.pos,806,1|2|3,,4,1,1,31.199,1.152,large_position_step,medium
M05,dysarthric,Session1,0041,data/extracted/torgo/M05/Session1/pos/0041.pos,653,1|2|3,,9,1,1,34.924,0.827,large_position_step,medium
M05,dysarthric,Session1,0056,data/extracted/torgo/M05/Session1/pos/0056.pos,2467,1|2|3,,8,1,3,23.14,1.022,large_position_step,medium
M05,dysarthric,Session1,0057,data/extracted/torgo/M05/Session1/pos/0057.pos,2198,1|2|3,,4,1,4,50.201,1.098,large_position_step,medium
M05,dysarthric,Session1,0061,data/extracted/torgo/M05/Session1/pos/0061.pos,1441,1|2|3,,8,1,1,44.753,0.989,large_position_step,medium
M05,dysarthric,Session1,0065,data/extracted/torgo/M05/Session1/pos/0065.pos,710,1|2|3,,4,1,3,23.157,1.101,large_position_step,medium
M05,dysarthric,Session1,0075,data/extracted/torgo/M05/Session1/pos/0075.pos,691,1|2|3,,4,1,2,34.431,1.284,large_position_step,medium
M05,dysarthric,Session1,0077,data/extracted/torgo/M05/Session1/pos/0077.pos,2029,1|2|3,,4,1,2,22.204,1.06,large_position_step,medium
M05,dysarthric,Session1,0088,data/extracted/torgo/M05/Session1/pos/0088.pos,518,1|2|3,,7,1,1,60.686,1.365,large_position_step,medium
M05,dysarthric,Session1,0089,data/extracted/torgo/M05/Session1/pos/0089.pos,2871,1|2|3,,8,1,2,48.507,0.888,large_position_step,medium
M05,dysarthric,Session1,0094,data/extracted/torgo/M05/Session1/pos/0094.pos,1629,1|2|3,,8,1,3,23.824,1.175,large_position_step,medium
M05,dysarthric,Session1,0096,data/extracted/torgo/M05/Session1/pos/0096.pos,546,1|2|3,,8,1,2,61.818,1.152,large_position_step,medium
M05,dysarthric,Session1,0099,data/extracted/torgo/M05/Session1/pos/0099.pos,757,1|2|3,,7,1,3,100.185,1.075,large_position_step,medium
M05,dysarthric,Session1,0101,data/extracted/torgo/M05/Session1/pos/0101.pos,2493,1|2|3,,7,1,6,54.544,1.206,large_position_step,medium
M05,dysarthric,Session1,0102,data/extracted/torgo/M05/Session1/pos/0102.pos,586,1|2|3,,9,1,1,30.377,0.665,large_position_step,medium
M05,dysarthric,Session1,0108,data/extracted/torgo/M05/Session1/pos/0108.pos,672,1|2|3,,7,1,2,30.452,0.955,large_position_step,medium
M05,dysarthric,Session1,0109,data/extracted/torgo/M05/Session1/pos/0109.pos,613,1|2|3,,7,1,1,69.333,1.24,large_position_step,medium
M05,dysarthric,Session1,0111,data/extracted/torgo/M05/Session1/pos/0111.pos,794,1|2|3,,8,1,1,48.936,0.835,large_position_step,medium
M05,dysarthric,Session1,0112,data/extracted/torgo/M05/Session1/pos/0112.pos,571,1|2|3,,8,1,2,35.863,1.1,large_position_step,medium
M05,dysarthric,Session1,0113,data/extracted/torgo/M05/Session1/pos/0113.pos,572,1|2|3,,4,1,3,20.597,1.596,large_position_step,medium
M05,dysarthric,Session1,0117,data/extracted/torgo/M05/Session1/pos/0117.pos,561,1|2|3,,8,1,2,32.382,0.799,large_position_step,medium
M05,dysarthric,Session1,0118,data/extracted/torgo/M05/Session1/pos/0118.pos,774,1|2|3,,6,1,1,48.63,1.314,large_position_step,medium
M05,dysarthric,Session1,0120,data/extracted/torgo/M05/Session1/pos/0120.pos,270,1|2|3,,8,1,1,38.951,1.368,large_position_step,medium
M05,dysarthric,Session1,0121,data/extracted/torgo/M05/Session1/pos/0121.pos,527,1|2|3,,8,1,1,40.754,0.902,large_position_step,medium
M05,dysarthric,Session1,0125,data/extracted/torgo/M05/Session1/pos/0125.pos,1613,1|2|3,,6,1,1,79.668,0.744,large_position_step,medium
M05,dysarthric,Session1,0130,data/extracted/torgo/M05/Session1/pos/0130.pos,621,1|2|3,,6,1,1,38.427,1.291,large_position_step,medium
M05,dysarthric,Session2,0001,data/extracted/torgo/M05/Session2/pos/0001.pos,2151,1|3,,8,1,11,37.442,1.281,large_position_step,medium
M05,dysarthric,Session2,0004,data/extracted/torgo/M05/Session2/pos/0004.pos,515,1|3,,6,1,1,20.59,0.911,large_position_step,medium
M05,dysarthric,Session2,0013,data/extracted/torgo/M05/Session2/pos/0013.pos,1374,1|3,,6,1,1,79.152,0.794,large_position_step,medium
M05,dysarthric,Session2,0014,data/extracted/torgo/M05/Session2/pos/0014.pos,597,1|3,,11,1,2,26.009,1.346,large_position_step,medium
M05,dysarthric,Session2,0030,data/extracted/torgo/M05/Session2/pos/0030.pos,626,1|3,,9,1,1,35.339,0.843,large_position_step,medium
M05,dysarthric,Session2,0031,data/extracted/torgo/M05/Session2/pos/0031.pos,494,1|3,,6,1,1,23.197,0.953,large_position_step,medium
M05,dysarthric,Session2,0043,data/extracted/torgo/M05/Session2/pos/0043.pos,1674,1|3,,11,1,4,21.978,0.953,large_position_step,medium
M05,dysarthric,Session2,0045,data/extracted/torgo/M05/Session2/pos/0045.pos,641,1|3,,6,1,1,20.224,0.82,large_position_step,medium
M05,dysarthric,Session2,0050,data/extracted/torgo/M05/Session2/pos/0050.pos,837,1|3,,6,1,1,69.349,0.821,large_position_step,medium
M05,dysarthric,Session2,0051,data/extracted/torgo/M05/Session2/pos/0051.pos,2288,1|3,,11,1,1,25.077,0.963,large_position_step,medium
M05,dysarthric,Session2,0062,data/extracted/torgo/M05/Session2/pos/0062.pos,546,1|3,,9,1,10,52.288,3.159,large_position_step,medium
M05,dysarthric,Session2,0073,data/extracted/torgo/M05/Session2/pos/0073.pos,655,1|3,,6,1,1,25.371,1.031,large_position_step,medium
M05,dysarthric,Session2,0078,data/extracted/torgo/M05/Session2/pos/0078.pos,1854,1|3,,4,1,8,45.124,1.296,large_position_step,medium
M05,dysarthric,Session2,0081,data/extracted/torgo/M05/Session2/pos/0081.pos,685,1|3,,6,1,2,28.364,2.045,large_position_step,medium
M05,dysarthric,Session2,0086,data/extracted/torgo/M05/Session2/pos/0086.pos,672,1|3,,9,1,2,87.985,1.004,large_position_step,medium
M05,dysarthric,Session2,0091,data/extracted/torgo/M05/Session2/pos/0091.pos,2048,1|3,,9,1,12,44.225,1.712,large_position_step,medium
M05,dysarthric,Session2,0100,data/extracted/torgo/M05/Session2/pos/0100.pos,2039,1|3,,4,1,3,65.106,1.186,large_position_step,medium
M05,dysarthric,Session2,0104,data/extracted/torgo/M05/Session2/pos/0104.pos,685,1|3,,6,1,1,22.759,0.881,large_position_step,medium
M05,dysarthric,Session2,0107,data/extracted/torgo/M05/Session2/pos/0107.pos,1946,1|3,,4,1,1,45.879,1.109,large_position_step,medium
M05,dysarthric,Session2,0110,data/extracted/torgo/M05/Session2/pos/0110.pos,687,1|3,,4,1,1,73.009,1.084,large_position_step,medium
M05,dysarthric,Session2,0112,data/extracted/torgo/M05/Session2/pos/0112.pos,670,1|3,,4,1,2,37.207,0.939,large_position_step,medium
M05,dysarthric,Session2,0114,data/extracted/torgo/M05/Session2/pos/0114.pos,772,1|3,,4,1,1,107.303,1.264,large_position_step,medium
M05,dysarthric,Session2,0115,data/extracted/torgo/M05/Session2/pos/0115.pos,840,1|3,,4,1,3,23.946,1.944,large_position_step,medium
M05,dysarthric,Session2,0117,data/extracted/torgo/M05/Session2/pos/0117.pos,280,1|3,,2,1,10,20.654,1.516,large_position_step,medium
M05,dysarthric,Session2,0121,data/extracted/torgo/M05/Session2/pos/0121.pos,713,1|3,,11,1,1,31.0,0.818,large_position_step,medium
M05,dysarthric,Session2,0124,data/extracted/torgo/M05/Session2/pos/0124.pos,1234,1|3,,4,1,1,22.135,1.242,large_position_step,medium
M05,dysarthric,Session2,0128,data/extracted/torgo/M05/Session2/pos/0128.pos,2273,1|3,,4,1,2,62.59,1.32,large_position_step,medium
M05,dysarthric,Session2,0129,data/extracted/torgo/M05/Session2/pos/0129.pos,613,1|3,,4,1,2,33.711,1.04,large_position_step,medium
M05,dysarthric,Session2,0130,data/extracted/torgo/M05/Session2/pos/0130.pos,1728,1|3,,4,1,1,68.563,0.94,large_position_step,medium
M05,dysarthric,Session2,0132,data/extracted/torgo/M05/Session2/pos/0132.pos,567,1|3,,4,1,2,51.678,1.268,large_position_step,medium
M05,dysarthric,Session2,0135,data/extracted/torgo/M05/Session2/pos/0135.pos,1643,1|3,,6,1,2,36.098,1.031,large_position_step,medium
M05,dysarthric,Session2,0141,data/extracted/torgo/M05/Session2/pos/0141.pos,1358,1|3,,4,1,1,20.564,1.067,large_position_step,medium
M05,dysarthric,Session2,0143,data/extracted/torgo/M05/Session2/pos/0143.pos,712,1|3,,9,1,2,21.869,1.858,large_position_step,medium
M05,dysarthric,Session2,0146,data/extracted/torgo/M05/Session2/pos/0146.pos,3847,1|3,,4,1,2,24.122,1.433,large_position_step,medium
M05,dysarthric,Session2,0149,data/extracted/torgo/M05/Session2/pos/0149.pos,549,1|3,,11,1,1,34.637,2.825,large_position_step,medium
M05,dysarthric,Session2,0153,data/extracted/torgo/M05/Session2/pos/0153.pos,434,1|3,,4,1,2,53.726,2.298,large_position_step,medium
M05,dysarthric,Session2,0154,data/extracted/torgo/M05/Session2/pos/0154.pos,531,1|3,,9,1,1,36.076,1.106,large_position_step,medium
M05,dysarthric,Session2,0155,data/extracted/torgo/M05/Session2/pos/0155.pos,1916,1|3,,4,1,1,24.473,1.047,large_position_step,medium
M05,dysarthric,Session2,0160,data/extracted/torgo/M05/Session2/pos/0160.pos,650,1|3,,8,1,3,42.749,1.006,large_position_step,medium
M05,dysarthric,Session2,0163,data/extracted/torgo/M05/Session2/pos/0163.pos,1832,1|3,,4,1,1,33.654,1.203,large_position_step,medium
M05,dysarthric,Session2,0164,data/extracted/torgo/M05/Session2/pos/0164.pos,715,1|3,,11,1,1,27.306,0.898,large_position_step,medium
M05,dysarthric,Session2,0176,data/extracted/torgo/M05/Session2/pos/0176.pos,2361,1|3,,6,1,10,25.556,2.092,large_position_step,medium
M05,dysarthric,Session2,0177,data/extracted/torgo/M05/Session2/pos/0177.pos,666,1|3,,2,1,1,24.668,0.778,large_position_step,medium
M05,dysarthric,Session2,0180,data/extracted/torgo/M05/Session2/pos/0180.pos,712,1|3,,11,1,1,32.511,1.514,large_position_step,medium
M05,dysarthric,Session2,0181,data/extracted/torgo/M05/Session2/pos/0181.pos,499,1|3,,9,1,2,24.174,1.017,large_position_step,medium
M05,dysarthric,Session2,0201,data/extracted/torgo/M05/Session2/pos/0201.pos,1136,1|3,,4,1,1,27.985,0.882,large_position_step,medium
M05,dysarthric,Session2,0209,data/extracted/torgo/M05/Session2/pos/0209.pos,369,1|3,,9,1,2,45.292,0.782,large_position_step,medium
M05,dysarthric,Session2,0229,data/extracted/torgo/M05/Session2/pos/0229.pos,518,1|3,,4,1,1,20.88,1.011,large_position_step,medium
M05,dysarthric,Session2,0231,data/extracted/torgo/M05/Session2/pos/0231.pos,642,1|3,,11,1,2,21.859,0.961,large_position_step,medium
M05,dysarthric,Session2,0233,data/extracted/torgo/M05/Session2/pos/0233.pos,482,1|3,,11,1,1,27.224,1.149,large_position_step,medium
M05,dysarthric,Session2,0241,data/extracted/torgo/M05/Session2/pos/0241.pos,3336,1|3,,9,1,1,37.285,0.814,large_position_step,medium
M05,dysarthric,Session2,0251,data/extracted/torgo/M05/Session2/pos/0251.pos,622,1|3,,11,1,1,33.943,0.852,large_position_step,medium
M05,dysarthric,Session2,0256,data/extracted/torgo/M05/Session2/pos/0256.pos,2098,1|3,,6,1,2,38.657,1.019,large_position_step,medium
M05,dysarthric,Session2,0265,data/extracted/torgo/M05/Session2/pos/0265.pos,1983,1|3,,6,1,2,20.027,0.849,large_position_step,medium
M05,dysarthric,Session2,0266,data/extracted/torgo/M05/Session2/pos/0266.pos,885,1|3,,9,1,2,21.932,2.984,large_position_step,medium
M05,dysarthric,Session2,0275,data/extracted/torgo/M05/Session2/pos/0275.pos,1521,1|3,,6,1,7,22.786,1.875,large_position_step,medium
M05,dysarthric,Session2,0282,data/extracted/torgo/M05/Session2/pos/0282.pos,2284,1|3,,9,1,1,20.284,1.12,large_position_step,medium
M05,dysarthric,Session2,0283,data/extracted/torgo/M05/Session2/pos/0283.pos,581,1|3,,11,1,4,20.799,1.096,large_position_step,medium
M05,dysarthric,Session2,0323,data/extracted/torgo/M05/Session2/pos/0323.pos,641,1|3,,9,1,1,23.713,0.94,large_position_step,medium
M05,dysarthric,Session2,0328,data/extracted/torgo/M05/Session2/pos/0328.pos,539,1|3,,9,1,1,22.506,0.82,large_position_step,medium
M05,dysarthric,Session2,0362,data/extracted/torgo/M05/Session2/pos/0362.pos,463,1|3,,9,1,1,26.943,1.002,large_position_step,medium
M05,dysarthric,Session2,0365,data/extracted/torgo/M05/Session2/pos/0365.pos,2325,1|3,,9,1,3,36.892,0.886,large_position_step,medium
M05,dysarthric,Session2,0366,data/extracted/torgo/M05/Session2/pos/0366.pos,513,1|3,,9,1,1,20.989,0.966,large_position_step,medium
M05,dysarthric,Session2,0367,data/extracted/torgo/M05/Session2/pos/0367.pos,1470,1|3,,9,1,1,42.447,0.821,large_position_step,medium
M05,dysarthric,Session2,0368,data/extracted/torgo/M05/Session2/pos/0368.pos,1932,1|3,,2,1,1,57.878,1.244,large_position_step,medium
M05,dysarthric,Session2,0375,data/extracted/torgo/M05/Session2/pos/0375.pos,449,1|3,,9,1,1,26.917,0.97,large_position_step,medium
M05,dysarthric,Session2,0380,data/extracted/torgo/M05/Session2/pos/0380.pos,413,1|3,,9,1,2,24.528,0.806,large_position_step,medium
M05,dysarthric,Session2,0382,data/extracted/torgo/M05/Session2/pos/0382.pos,1598,1|3,,9,1,1,33.877,1.05,large_position_step,medium
M05,dysarthric,Session2,0383,data/extracted/torgo/M05/Session2/pos/0383.pos,1153,1|3,,9,1,1,23.548,0.976,large_position_step,medium
M05,dysarthric,Session2,0384,data/extracted/torgo/M05/Session2/pos/0384.pos,592,1|3,,9,1,2,28.814,1.463,large_position_step,medium
M05,dysarthric,Session2,0385,data/extracted/torgo/M05/Session2/pos/0385.pos,1871,1|3,,9,1,1,26.17,0.92,large_position_step,medium
M05,dysarthric,Session2,0386,data/extracted/torgo/M05/Session2/pos/0386.pos,572,1|3,,9,1,2,53.413,1.101,large_position_step,medium
M05,dysarthric,Session2,0389,data/extracted/torgo/M05/Session2/pos/0389.pos,1033,1|3,,4,1,1,82.887,1.062,large_position_step,medium
M05,dysarthric,Session2,0391,data/extracted/torgo/M05/Session2/pos/0391.pos,585,1|3,,9,1,2,33.599,1.009,large_position_step,medium
MC01,control,Session1,0039,data/extracted/torgo/MC01/Session1/pos/0039.pos,620,,,7,1,2,24.195,1.224,large_position_step,medium
MC01,control,Session1,0097,data/extracted/torgo/MC01/Session1/pos/0097.pos,593,,,7,1,1,20.009,1.495,large_position_step,medium
MC01,control,Session1,0120,data/extracted/torgo/MC01/Session1/pos/0120.pos,1351,,,7,1,2,26.368,1.345,large_position_step,medium
MC01,control,Session1,0144,data/extracted/torgo/MC01/Session1/pos/0144.pos,900,,,7,1,3,20.869,1.281,large_position_step,medium
MC01,control,Session1,0148,data/extracted/torgo/MC01/Session1/pos/0148.pos,619,,,7,1,1,21.971,1.361,large_position_step,medium
MC01,control,Session1,0162,data/extracted/torgo/MC01/Session1/pos/0162.pos,970,,,3,1,1,20.586,1.291,large_position_step,medium
MC01,control,Session1,0164,data/extracted/torgo/MC01/Session1/pos/0164.pos,952,,,3,1,5,22.387,1.048,large_position_step,medium
MC01,control,Session1,0169,data/extracted/torgo/MC01/Session1/pos/0169.pos,555,,,7,1,1,24.777,1.173,large_position_step,medium
MC01,control,Session1,0189,data/extracted/torgo/MC01/Session1/pos/0189.pos,499,,,7,1,1,20.05,1.311,large_position_step,medium
MC01,control,Session1,0190,data/extracted/torgo/MC01/Session1/pos/0190.pos,547,,,3,1,2,21.257,1.283,large_position_step,medium
MC01,control,Session1,0194,data/extracted/torgo/MC01/Session1/pos/0194.pos,952,,,3,1,4,21.369,1.358,large_position_step,medium
MC01,control,Session1,0207,data/extracted/torgo/MC01/Session1/pos/0207.pos,592,,,3,1,3,29.297,1.201,large_position_step,medium
MC01,control,Session1,0208,data/extracted/torgo/MC01/Session1/pos/0208.pos,488,,,3,1,1,23.964,1.27,large_position_step,medium
MC01,control,Session1,0221,data/extracted/torgo/MC01/Session1/pos/0221.pos,900,,,3,1,3,26.862,1.394,large_position_step,medium
MC01,control,Session1,0228,data/extracted/torgo/MC01/Session1/pos/0228.pos,826,,,3,1,3,33.797,1.572,large_position_step,medium
MC01,control,Session1,0231,data/extracted/torgo/MC01/Session1/pos/0231.pos,577,,,3,1,2,25.204,1.333,large_position_step,medium
MC01,control,Session1,0243,data/extracted/torgo/MC01/Session1/pos/0243.pos,1050,,,3,1,3,23.208,1.208,large_position_step,medium
MC01,control,Session1,0245,data/extracted/torgo/MC01/Session1/pos/0245.pos,1193,,,3,1,2,21.795,1.361,large_position_step,medium
MC01,control,Session1,0256,data/extracted/torgo/MC01/Session1/pos/0256.pos,1025,,,3,1,1,43.442,1.477,large_position_step,medium
MC01,control,Session1,0264,data/extracted/torgo/MC01/Session1/pos/0264.pos,631,,,3,1,2,25.547,1.237,large_position_step,medium
MC01,control,Session1,0274,data/extracted/torgo/MC01/Session1/pos/0274.pos,1122,,,3,1,5,32.812,1.286,large_position_step,medium
MC01,control,Session1,0278,data/extracted/torgo/MC01/Session1/pos/0278.pos,668,,,3,1,2,21.467,1.055,large_position_step,medium
MC01,control,Session1,0280,data/extracted/torgo/MC01/Session1/pos/0280.pos,463,,,3,1,1,22.666,1.308,large_position_step,medium
MC01,control,Session1,0285,data/extracted/torgo/MC01/Session1/pos/0285.pos,523,,,3,1,1,23.625,1.258,large_position_step,medium
MC01,control,Session1,0291,data/extracted/torgo/MC01/Session1/pos/0291.pos,656,,,3,1,2,20.644,1.853,large_position_step,medium
MC01,control,Session1,0294,data/extracted/torgo/MC01/Session1/pos/0294.pos,512,,,3,1,1,26.441,1.01,large_position_step,medium
MC01,control,Session1,0300,data/extracted/torgo/MC01/Session1/pos/0300.pos,893,,,3,1,1,24.335,1.319,large_position_step,medium
MC01,control,Session1,0312,data/extracted/torgo/MC01/Session1/pos/0312.pos,1601,,,3,1,3,25.031,1.504,large_position_step,medium
MC01,control,Session3,0022,data/extracted/torgo/MC01/Session3/pos/0022.pos,901,,,4,1,3,21.552,1.338,large_position_step,medium
MC01,control,Session3,0074,data/extracted/torgo/MC01/Session3/pos/0074.pos,536,,,2,1,2,20.677,1.405,large_position_step,medium
MC01,control,Session3,0089,data/extracted/torgo/MC01/Session3/pos/0089.pos,523,,,4,1,1,31.323,1.403,large_position_step,medium
MC01,control,Session3,0095,data/extracted/torgo/MC01/Session3/pos/0095.pos,854,,,4,1,3,26.031,1.305,large_position_step,medium
MC01,control,Session3,0096,data/extracted/torgo/MC01/Session3/pos/0096.pos,458,,,4,1,1,38.946,1.328,large_position_step,medium
MC01,control,Session3,0130,data/extracted/torgo/MC01/Session3/pos/0130.pos,443,,,1,1,1,33.59,1.305,large_position_step,medium
MC01,control,Session3,0131,data/extracted/torgo/MC01/Session3/pos/0131.pos,537,,,1,1,1,25.13,1.396,large_position_step,medium
MC01,control,Session3,0171,data/extracted/torgo/MC01/Session3/pos/0171.pos,611,,,4,1,1,25.274,1.569,large_position_step,medium
MC01,control,Session3,0172,data/extracted/torgo/MC01/Session3/pos/0172.pos,625,,,4,1,1,65.631,1.667,large_position_step,medium
MC02,control,Session1,0253,data/extracted/torgo/MC02/Session1/pos/0253.pos,1320,,,2,1,3,25.365,1.03,large_position_step,medium
MC02,control,Session1,0266,data/extracted/torgo/MC02/Session1/pos/0266.pos,818,,,3,1,2,32.693,0.938,large_position_step,medium
MC02,control,Session1,0294,data/extracted/torgo/MC02/Session1/pos/0294.pos,544,,,2,1,7,21.784,1.467,large_position_step,medium
MC02,control,Session1,0302,data/extracted/torgo/MC02/Session1/pos/0302.pos,866,,,2,1,4,34.74,0.956,large_position_step,medium
MC02,control,Session1,0343,data/extracted/torgo/MC02/Session1/pos/0343.pos,510,,,2,1,1,27.109,1.055,large_position_step,medium
MC02,control,Session1,0361,data/extracted/torgo/MC02/Session1/pos/0361.pos,789,,,2,1,5,35.782,1.075,large_position_step,medium
MC02,control,Session1,0363,data/extracted/torgo/MC02/Session1/pos/0363.pos,558,,,2,1,3,55.333,1.129,large_position_step,medium
MC02,control,Session1,0376,data/extracted/torgo/MC02/Session1/pos/0376.pos,940,,,3,1,5,43.474,1.179,large_position_step,medium
MC02,control,Session1,0378,data/extracted/torgo/MC02/Session1/pos/0378.pos,842,,,2,1,4,21.031,1.12,large_position_step,medium
MC02,control,Session1,0380,data/extracted/torgo/MC02/Session1/pos/0380.pos,968,,,2,1,6,23.427,1.464,large_position_step,medium
MC02,control,Session1,0381,data/extracted/torgo/MC02/Session1/pos/0381.pos,721,,,2,1,1,22.697,0.951,large_position_step,medium
MC02,control,Session1,0386,data/extracted/torgo/MC02/Session1/pos/0386.pos,591,,,2,1,2,20.029,1.375,large_position_step,medium
MC02,control,Session2,0040,data/extracted/torgo/MC02/Session2/pos/0040.pos,792,,,1,1,2,20.772,0.896,large_position_step,medium
MC02,control,Session2,0048,data/extracted/torgo/MC02/Session2/pos/0048.pos,919,,,1,1,4,24.512,0.78,large_position_step,medium
MC02,control,Session2,0057,data/extracted/torgo/MC02/Session2/pos/0057.pos,600,,,1,1,1,33.0,1.186,large_position_step,medium
MC02,control,Session2,0059,data/extracted/torgo/MC02/Session2/pos/0059.pos,1134,,,1,1,4,26.371,1.342,large_position_step,medium
MC02,control,Session2,0060,data/extracted/torgo/MC02/Session2/pos/0060.pos,605,,,1,1,2,44.056,0.822,large_position_step,medium
MC03,control,Session1,0001,data/extracted/torgo/MC03/Session1/pos/0001.pos,1140,,,9,1,2,25.524,1.074,large_position_step,medium
MC03,control,Session1,0550,data/extracted/torgo/MC03/Session1/pos/0550.pos,482,,,9,1,1,42.714,0.981,large_position_step,medium
MC03,control,Session1,0551,data/extracted/torgo/MC03/Session1/pos/0551.pos,374,,,9,1,3,25.202,0.89,large_position_step,medium
MC04,control,Session1,0006,data/extracted/torgo/MC04/Session1/pos/0006.pos,425,,,2,1,1,33.588,1.112,large_position_step,medium
MC04,control,Session1,0026,data/extracted/torgo/MC04/Session1/pos/0026.pos,1141,,,1,1,2,35.503,1.152,large_position_step,medium
MC04,control,Session1,0098,data/extracted/torgo/MC04/Session1/pos/0098.pos,1173,,,2,1,1,24.645,1.046,large_position_step,medium
MC04,control,Session1,0122,data/extracted/torgo/MC04/Session1/pos/0122.pos,395,,,1,1,2,104.721,1.437,large_position_step,medium
MC04,control,Session1,0133,data/extracted/torgo/MC04/Session1/pos/0133.pos,427,,,2,1,1,22.604,1.277,large_position_step,medium
MC04,control,Session1,0240,data/extracted/torgo/MC04/Session1/pos/0240.pos,662,,,10,1,2,48.584,0.982,large_position_step,medium
MC04,control,Session1,0482,data/extracted/torgo/MC04/Session1/pos/0482.pos,312,,,2,1,1,22.808,0.928,large_position_step,medium
MC04,control,Session1,0494,data/extracted/torgo/MC04/Session1/pos/0494.pos,584,,,1,1,3,56.346,1.302,large_position_step,medium
MC04,control,Session1,0510,data/extracted/torgo/MC04/Session1/pos/0510.pos,579,,,2,1,3,20.911,1.466,large_position_step,medium
MC04,control,Session1,0524,data/extracted/torgo/MC04/Session1/pos/0524.pos,355,,,2,1,2,20.6,1.226,large_position_step,medium
MC04,control,Session1,0553,data/extracted/torgo/MC04/Session1/pos/0553.pos,353,,,1,1,1,40.056,1.085,large_position_step,medium
MC04,control,Session1,0589,data/extracted/torgo/MC04/Session1/pos/0589.pos,573,,,1,1,1,34.327,1.471,large_position_step,medium
MC04,control,Session1,0596,data/extracted/torgo/MC04/Session1/pos/0596.pos,226,,,2,1,1,21.398,1.409,large_position_step,medium
MC04,control,Session1,0625,data/extracted/torgo/MC04/Session1/pos/0625.pos,901,,,1,1,2,40.865,1.244,large_position_step,medium
MC04,control,Session1,0636,data/extracted/torgo/MC04/Session1/pos/0636.pos,652,,,2,1,1,28.598,1.269,large_position_step,medium
