speaker,utterance_id,role,audio_path,ema_path,decoded_path,audio_samples,sample_rate_hz,audio_duration_seconds,ema_frames,ema_duration_seconds,duration_gap_seconds,present_fraction,nonfinite_coordinate_fraction,preprocessing_flags
fsew0,001,train,data/extracted/mocha_timit/fsew0_v1.1/fsew0_001.wav,data/extracted/mocha_timit/fsew0_v1.1/fsew0_001.ema,data/processed/mocha_aai_decoded/fsew0/001.npz,35495,16000,2.21844,966,1.93,0.28844,1.0,0.0,
fsew0,002,train,data/extracted/mocha_timit/fsew0_v1.1/fsew0_002.wav,data/extracted/mocha_timit/fsew0_v1.1/fsew0_002.ema,data/processed/mocha_aai_decoded/fsew0/002.npz,43408,16000,2.713,1115,2.228,0.485,1.0,0.0,
fsew0,003,train,data/extracted/mocha_timit/fsew0_v1.1/fsew0_003.wav,data/extracted/mocha_timit/fsew0_v1.1/fsew0_003.ema,data/processed/mocha_aai_decoded/fsew0/003.npz,51498,16000,3.21862,1453,2.904,0.31462,1.0,0.0,
fsew0,004,train,data/extracted/mocha_timit/fsew0_v1.1/fsew0_004.wav,data/extracted/mocha_timit/fsew0_v1.1/fsew0_004.ema,data/processed/mocha_aai_decoded/fsew0/004.npz,55503,16000,3.46894,1479,2.956,0.51294,1.0,0.0,audio_ema_duration_gap_gt_0_5s
fsew0,005,train,data/extracted/mocha_timit/fsew0_v1.1/fsew0_005.wav,data/extracted/mocha_timit/fsew0_v1.1/fsew0_005.ema,data/processed/mocha_aai_decoded/fsew0/005.npz,40504,16000,2.5315,1081,2.16,0.3715,1.0,0.0,
fsew0,006,train,data/extracted/mocha_timit/fsew0_v1.1/fsew0_006.wav,data/extracted/mocha_timit/fsew0_v1.1/fsew0_006.ema,data/processed/mocha_aai_decoded/fsew0/006.npz,51499,16000,3.21869,1414,2.826,0.39269,1.0,0.0,
fsew0,007,train,data/extracted/mocha_timit/fsew0_v1.1/fsew0_007.wav,data/extracted/mocha_timit/fsew0_v1.1/fsew0_007.ema,data/processed/mocha_aai_decoded/fsew0/007.npz,59494,16000,3.71837,1623,3.244,0.47437,1.0,0.0,
fsew0,008,train,data/extracted/mocha_timit/fsew0_v1.1/fsew0_008.wav,data/extracted/mocha_timit/fsew0_v1.1/fsew0_008.ema,data/processed/mocha_aai_decoded/fsew0/008.npz,59477,16000,3.71731,1642,3.282,0.43531,1.0,0.0,
fsew0,009,validation,data/extracted/mocha_timit/fsew0_v1.1/fsew0_009.wav,data/extracted/mocha_timit/fsew0_v1.1/fsew0_009.ema,data/processed/mocha_aai_decoded/fsew0/009.npz,51492,16000,3.21825,1371,2.74,0.47825,1.0,0.0,
fsew0,010,train,data/extracted/mocha_timit/fsew0_v1.1/fsew0_010.wav,data/extracted/mocha_timit/fsew0_v1.1/fsew0_010.ema,data/processed/mocha_aai_decoded/fsew0/010.npz,59498,16000,3.71862,1709,3.416,0.30262,1.0,0.0,
fsew0,011,train,data/extracted/mocha_timit/fsew0_v1.1/fsew0_011.wav,data/extracted/mocha_timit/fsew0_v1.1/fsew0_011.ema,data/processed/mocha_aai_decoded/fsew0/011.npz,43495,16000,2.71844,1152,2.302,0.41644,1.0,0.0,
fsew0,012,test,data/extracted/mocha_timit/fsew0_v1.1/fsew0_012.wav,data/extracted/mocha_timit/fsew0_v1.1/fsew0_012.ema,data/processed/mocha_aai_decoded/fsew0/012.npz,43504,16000,2.719,1190,2.378,0.341,1.0,0.0,
fsew0,013,test,data/extracted/mocha_timit/fsew0_v1.1/fsew0_013.wav,data/extracted/mocha_timit/fsew0_v1.1/fsew0_013.ema,data/processed/mocha_aai_decoded/fsew0/013.npz,47398,16000,2.96238,1277,2.552,0.41037,1.0,0.0,
fsew0,014,train,data/extracted/mocha_timit/fsew0_v1.1/fsew0_014.wav,data/extracted/mocha_timit/fsew0_v1.1/fsew0_014.ema,data/processed/mocha_aai_decoded/fsew0/014.npz,63494,16000,3.96837,1744,3.486,0.48237,1.0,0.0,
fsew0,015,train,data/extracted/mocha_timit/fsew0_v1.1/fsew0_015.wav,data/extracted/mocha_timit/fsew0_v1.1/fsew0_015.ema,data/processed/mocha_aai_decoded/fsew0/015.npz,59501,16000,3.71881,1666,3.33,0.38881,1.0,0.0,
fsew0,016,train,data/extracted/mocha_timit/fsew0_v1.1/fsew0_016.wav,data/extracted/mocha_timit/fsew0_v1.1/fsew0_016.ema,data/processed/mocha_aai_decoded/fsew0/016.npz,51504,16000,3.219,1459,2.916,0.303,1.0,0.0,
fsew0,017,train,data/extracted/mocha_timit/fsew0_v1.1/fsew0_017.wav,data/extracted/mocha_timit/fsew0_v1.1/fsew0_017.ema,data/processed/mocha_aai_decoded/fsew0/017.npz,51486,16000,3.21787,1369,2.736,0.48187,1.0,0.0,
fsew0,018,validation,data/extracted/mocha_timit/fsew0_v1.1/fsew0_018.wav,data/extracted/mocha_timit/fsew0_v1.1/fsew0_018.ema,data/processed/mocha_aai_decoded/fsew0/018.npz,59498,16000,3.71862,1624,3.246,0.47262,1.0,0.0,
fsew0,019,train,data/extracted/mocha_timit/fsew0_v1.1/fsew0_019.wav,data/extracted/mocha_timit/fsew0_v1.1/fsew0_019.ema,data/processed/mocha_aai_decoded/fsew0/019.npz,63478,16000,3.96738,1754,3.506,0.46137,1.0,0.0,
fsew0,020,train,data/extracted/mocha_timit/fsew0_v1.1/fsew0_020.wav,data/extracted/mocha_timit/fsew0_v1.1/fsew0_020.ema,data/processed/mocha_aai_decoded/fsew0/020.npz,63494,16000,3.96837,1768,3.534,0.43437,1.0,0.0,
fsew0,021,train,data/extracted/mocha_timit/fsew0_v1.1/fsew0_021.wav,data/extracted/mocha_timit/fsew0_v1.1/fsew0_021.ema,data/processed/mocha_aai_decoded/fsew0/021.npz,51496,16000,3.2185,1419,2.836,0.3825,1.0,0.0,
fsew0,022,test,data/extracted/mocha_timit/fsew0_v1.1/fsew0_022.wav,data/extracted/mocha_timit/fsew0_v1.1/fsew0_022.ema,data/processed/mocha_aai_decoded/fsew0/022.npz,55442,16000,3.46513,1540,3.078,0.38712,1.0,0.0,
fsew0,023,train,data/extracted/mocha_timit/fsew0_v1.1/fsew0_023.wav,data/extracted/mocha_timit/fsew0_v1.1/fsew0_023.ema,data/processed/mocha_aai_decoded/fsew0/023.npz,55490,16000,3.46813,1590,3.178,0.29012,1.0,0.0,
fsew0,024,validation,data/extracted/mocha_timit/fsew0_v1.1/fsew0_024.wav,data/extracted/mocha_timit/fsew0_v1.1/fsew0_024.ema,data/processed/mocha_aai_decoded/fsew0/024.npz,55490,16000,3.46813,1591,3.18,0.28812,1.0,0.0,
fsew0,025,train,data/extracted/mocha_timit/fsew0_v1.1/fsew0_025.wav,data/extracted/mocha_timit/fsew0_v1.1/fsew0_025.ema,data/processed/mocha_aai_decoded/fsew0/025.npz,55291,16000,3.45569,1509,3.016,0.43969,1.0,0.0,
fsew0,026,train,data/extracted/mocha_timit/fsew0_v1.1/fsew0_026.wav,data/extracted/mocha_timit/fsew0_v1.1/fsew0_026.ema,data/processed/mocha_aai_decoded/fsew0/026.npz,63501,16000,3.96881,1727,3.452,0.51681,1.0,0.0,audio_ema_duration_gap_gt_0_5s
fsew0,027,train,data/extracted/mocha_timit/fsew0_v1.1/fsew0_027.wav,data/extracted/mocha_timit/fsew0_v1.1/fsew0_027.ema,data/processed/mocha_aai_decoded/fsew0/027.npz,51477,16000,3.21731,1427,2.852,0.36531,1.0,0.0,
fsew0,028,train,data/extracted/mocha_timit/fsew0_v1.1/fsew0_028.wav,data/extracted/mocha_timit/fsew0_v1.1/fsew0_028.ema,data/processed/mocha_aai_decoded/fsew0/028.npz,63473,16000,3.96706,1774,3.546,0.42106,1.0,0.0,
fsew0,029,train,data/extracted/mocha_timit/fsew0_v1.1/fsew0_029.wav,data/extracted/mocha_timit/fsew0_v1.1/fsew0_029.ema,data/processed/mocha_aai_decoded/fsew0/029.npz,63498,16000,3.96862,1752,3.502,0.46662,1.0,0.0,
fsew0,030,train,data/extracted/mocha_timit/fsew0_v1.1/fsew0_030.wav,data/extracted/mocha_timit/fsew0_v1.1/fsew0_030.ema,data/processed/mocha_aai_decoded/fsew0/030.npz,63490,16000,3.96813,1784,3.566,0.40212,1.0,0.0,
fsew0,031,train,data/extracted/mocha_timit/fsew0_v1.1/fsew0_031.wav,data/extracted/mocha_timit/fsew0_v1.1/fsew0_031.ema,data/processed/mocha_aai_decoded/fsew0/031.npz,47494,16000,2.96837,1302,2.602,0.36637,1.0,0.0,
fsew0,032,train,data/extracted/mocha_timit/fsew0_v1.1/fsew0_032.wav,data/extracted/mocha_timit/fsew0_v1.1/fsew0_032.ema,data/processed/mocha_aai_decoded/fsew0/032.npz,43492,16000,2.71825,1123,2.244,0.47425,1.0,0.0,
fsew0,033,train,data/extracted/mocha_timit/fsew0_v1.1/fsew0_033.wav,data/extracted/mocha_timit/fsew0_v1.1/fsew0_033.ema,data/processed/mocha_aai_decoded/fsew0/033.npz,59496,16000,3.7185,1723,3.444,0.2745,1.0,0.0,
fsew0,034,train,data/extracted/mocha_timit/fsew0_v1.1/fsew0_034.wav,data/extracted/mocha_timit/fsew0_v1.1/fsew0_034.ema,data/processed/mocha_aai_decoded/fsew0/034.npz,51494,16000,3.21837,1401,2.8,0.41837,1.0,0.0,
fsew0,035,train,data/extracted/mocha_timit/fsew0_v1.1/fsew0_035.wav,data/extracted/mocha_timit/fsew0_v1.1/fsew0_035.ema,data/processed/mocha_aai_decoded/fsew0/035.npz,51491,16000,3.21819,1360,2.718,0.50019,1.0,0.0,audio_ema_duration_gap_gt_0_5s
fsew0,036,train,data/extracted/mocha_timit/fsew0_v1.1/fsew0_036.wav,data/extracted/mocha_timit/fsew0_v1.1/fsew0_036.ema,data/processed/mocha_aai_decoded/fsew0/036.npz,71494,16000,4.46837,2030,4.058,0.41037,1.0,0.0,
fsew0,037,train,data/extracted/mocha_timit/fsew0_v1.1/fsew0_037.wav,data/extracted/mocha_timit/fsew0_v1.1/fsew0_037.ema,data/processed/mocha_aai_decoded/fsew0/037.npz,59504,16000,3.719,1601,3.2,0.519,1.0,0.0,audio_ema_duration_gap_gt_0_5s
fsew0,038,train,data/extracted/mocha_timit/fsew0_v1.1/fsew0_038.wav,data/extracted/mocha_timit/fsew0_v1.1/fsew0_038.ema,data/processed/mocha_aai_decoded/fsew0/038.npz,67552,16000,4.222,1930,3.858,0.364,1.0,0.0,
fsew0,039,train,data/extracted/mocha_timit/fsew0_v1.1/fsew0_039.wav,data/extracted/mocha_timit/fsew0_v1.1/fsew0_039.ema,data/processed/mocha_aai_decoded/fsew0/039.npz,67501,16000,4.21881,1895,3.788,0.43081,1.0,0.0,
fsew0,040,train,data/extracted/mocha_timit/fsew0_v1.1/fsew0_040.wav,data/extracted/mocha_timit/fsew0_v1.1/fsew0_040.ema,data/processed/mocha_aai_decoded/fsew0/040.npz,67460,16000,4.21625,1954,3.906,0.31025,1.0,0.0,
fsew0,041,train,data/extracted/mocha_timit/fsew0_v1.1/fsew0_041.wav,data/extracted/mocha_timit/fsew0_v1.1/fsew0_041.ema,data/processed/mocha_aai_decoded/fsew0/041.npz,71499,16000,4.46869,2071,4.14,0.32869,1.0,0.0,
fsew0,042,train,data/extracted/mocha_timit/fsew0_v1.1/fsew0_042.wav,data/extracted/mocha_timit/fsew0_v1.1/fsew0_042.ema,data/processed/mocha_aai_decoded/fsew0/042.npz,59490,16000,3.71813,1640,3.278,0.44012,1.0,0.0,
fsew0,043,train,data/extracted/mocha_timit/fsew0_v1.1/fsew0_043.wav,data/extracted/mocha_timit/fsew0_v1.1/fsew0_043.ema,data/processed/mocha_aai_decoded/fsew0/043.npz,67499,16000,4.21869,1864,3.726,0.49269,1.0,0.0,
fsew0,044,train,data/extracted/mocha_timit/fsew0_v1.1/fsew0_044.wav,data/extracted/mocha_timit/fsew0_v1.1/fsew0_044.ema,data/processed/mocha_aai_decoded/fsew0/044.npz,59495,16000,3.71844,1680,3.358,0.36044,1.0,0.0,
fsew0,045,test,data/extracted/mocha_timit/fsew0_v1.1/fsew0_045.wav,data/extracted/mocha_timit/fsew0_v1.1/fsew0_045.ema,data/processed/mocha_aai_decoded/fsew0/045.npz,67499,16000,4.21869,1944,3.886,0.33269,1.0,0.0,
fsew0,046,train,data/extracted/mocha_timit/fsew0_v1.1/fsew0_046.wav,data/extracted/mocha_timit/fsew0_v1.1/fsew0_046.ema,data/processed/mocha_aai_decoded/fsew0/046.npz,59491,16000,3.71819,1623,3.244,0.47419,1.0,0.0,
fsew0,047,train,data/extracted/mocha_timit/fsew0_v1.1/fsew0_047.wav,data/extracted/mocha_timit/fsew0_v1.1/fsew0_047.ema,data/processed/mocha_aai_decoded/fsew0/047.npz,59476,16000,3.71725,1610,3.218,0.49925,1.0,0.0,
fsew0,048,train,data/extracted/mocha_timit/fsew0_v1.1/fsew0_048.wav,data/extracted/mocha_timit/fsew0_v1.1/fsew0_048.ema,data/processed/mocha_aai_decoded/fsew0/048.npz,63490,16000,3.96813,1840,3.678,0.29012,1.0,0.0,
fsew0,049,train,data/extracted/mocha_timit/fsew0_v1.1/fsew0_049.wav,data/extracted/mocha_timit/fsew0_v1.1/fsew0_049.ema,data/processed/mocha_aai_decoded/fsew0/049.npz,63494,16000,3.96837,1842,3.682,0.28637,1.0,0.0,
fsew0,050,train,data/extracted/mocha_timit/fsew0_v1.1/fsew0_050.wav,data/extracted/mocha_timit/fsew0_v1.1/fsew0_050.ema,data/processed/mocha_aai_decoded/fsew0/050.npz,71501,16000,4.46881,2057,4.112,0.35681,1.0,0.0,
fsew0,051,train,data/extracted/mocha_timit/fsew0_v1.1/fsew0_051.wav,data/extracted/mocha_timit/fsew0_v1.1/fsew0_051.ema,data/processed/mocha_aai_decoded/fsew0/051.npz,63254,16000,3.95337,1826,3.65,0.30337,1.0,0.0,
fsew0,052,test,data/extracted/mocha_timit/fsew0_v1.1/fsew0_052.wav,data/extracted/mocha_timit/fsew0_v1.1/fsew0_052.ema,data/processed/mocha_aai_decoded/fsew0/052.npz,63421,16000,3.96381,1774,3.546,0.41781,1.0,0.0,
fsew0,053,train,data/extracted/mocha_timit/fsew0_v1.1/fsew0_053.wav,data/extracted/mocha_timit/fsew0_v1.1/fsew0_053.ema,data/processed/mocha_aai_decoded/fsew0/053.npz,64491,16000,4.03069,1801,3.6,0.43069,1.0,0.0,
fsew0,054,train,data/extracted/mocha_timit/fsew0_v1.1/fsew0_054.wav,data/extracted/mocha_timit/fsew0_v1.1/fsew0_054.ema,data/processed/mocha_aai_decoded/fsew0/054.npz,71477,16000,4.46731,2090,4.178,0.28931,1.0,0.0,
fsew0,055,train,data/extracted/mocha_timit/fsew0_v1.1/fsew0_055.wav,data/extracted/mocha_timit/fsew0_v1.1/fsew0_055.ema,data/processed/mocha_aai_decoded/fsew0/055.npz,68490,16000,4.28062,1898,3.794,0.48662,1.0,0.0,
fsew0,056,test,data/extracted/mocha_timit/fsew0_v1.1/fsew0_056.wav,data/extracted/mocha_timit/fsew0_v1.1/fsew0_056.ema,data/processed/mocha_aai_decoded/fsew0/056.npz,67498,16000,4.21863,1941,3.88,0.33862,1.0,0.0,
fsew0,057,train,data/extracted/mocha_timit/fsew0_v1.1/fsew0_057.wav,data/extracted/mocha_timit/fsew0_v1.1/fsew0_057.ema,data/processed/mocha_aai_decoded/fsew0/057.npz,60490,16000,3.78063,1692,3.382,0.39862,1.0,0.0,
fsew0,058,train,data/extracted/mocha_timit/fsew0_v1.1/fsew0_058.wav,data/extracted/mocha_timit/fsew0_v1.1/fsew0_058.ema,data/processed/mocha_aai_decoded/fsew0/058.npz,79434,16000,4.96462,2285,4.568,0.39662,1.0,0.0,
fsew0,059,train,data/extracted/mocha_timit/fsew0_v1.1/fsew0_059.wav,data/extracted/mocha_timit/fsew0_v1.1/fsew0_059.ema,data/processed/mocha_aai_decoded/fsew0/059.npz,59490,16000,3.71813,1706,3.41,0.30812,1.0,0.0,
fsew0,060,train,data/extracted/mocha_timit/fsew0_v1.1/fsew0_060.wav,data/extracted/mocha_timit/fsew0_v1.1/fsew0_060.ema,data/processed/mocha_aai_decoded/fsew0/060.npz,75494,16000,4.71837,2208,4.414,0.30437,1.0,0.0,
fsew0,061,train,data/extracted/mocha_timit/fsew0_v1.1/fsew0_061.wav,data/extracted/mocha_timit/fsew0_v1.1/fsew0_061.ema,data/processed/mocha_aai_decoded/fsew0/061.npz,71492,16000,4.46825,2021,4.04,0.42825,1.0,0.0,
fsew0,062,train,data/extracted/mocha_timit/fsew0_v1.1/fsew0_062.wav,data/extracted/mocha_timit/fsew0_v1.1/fsew0_062.ema,data/processed/mocha_aai_decoded/fsew0/062.npz,63499,16000,3.96869,1768,3.534,0.43469,1.0,0.0,
fsew0,063,train,data/extracted/mocha_timit/fsew0_v1.1/fsew0_063.wav,data/extracted/mocha_timit/fsew0_v1.1/fsew0_063.ema,data/processed/mocha_aai_decoded/fsew0/063.npz,59477,16000,3.71731,1660,3.318,0.39931,1.0,0.0,
fsew0,064,train,data/extracted/mocha_timit/fsew0_v1.1/fsew0_064.wav,data/extracted/mocha_timit/fsew0_v1.1/fsew0_064.ema,data/processed/mocha_aai_decoded/fsew0/064.npz,59448,16000,3.7155,1699,3.396,0.3195,1.0,0.0,
fsew0,065,train,data/extracted/mocha_timit/fsew0_v1.1/fsew0_065.wav,data/extracted/mocha_timit/fsew0_v1.1/fsew0_065.ema,data/processed/mocha_aai_decoded/fsew0/065.npz,63502,16000,3.96888,1730,3.458,0.51087,1.0,0.0,audio_ema_duration_gap_gt_0_5s
fsew0,066,train,data/extracted/mocha_timit/fsew0_v1.1/fsew0_066.wav,data/extracted/mocha_timit/fsew0_v1.1/fsew0_066.ema,data/processed/mocha_aai_decoded/fsew0/066.npz,63490,16000,3.96813,1763,3.524,0.44412,1.0,0.0,
fsew0,067,train,data/extracted/mocha_timit/fsew0_v1.1/fsew0_067.wav,data/extracted/mocha_timit/fsew0_v1.1/fsew0_067.ema,data/processed/mocha_aai_decoded/fsew0/067.npz,79431,16000,4.96444,2234,4.466,0.49844,1.0,0.0,
fsew0,068,test,data/extracted/mocha_timit/fsew0_v1.1/fsew0_068.wav,data/extracted/mocha_timit/fsew0_v1.1/fsew0_068.ema,data/processed/mocha_aai_decoded/fsew0/068.npz,71498,16000,4.46863,1989,3.976,0.49262,1.0,0.0,
fsew0,069,train,data/extracted/mocha_timit/fsew0_v1.1/fsew0_069.wav,data/extracted/mocha_timit/fsew0_v1.1/fsew0_069.ema,data/processed/mocha_aai_decoded/fsew0/069.npz,67486,16000,4.21788,1933,3.864,0.35387,1.0,0.0,
fsew0,070,train,data/extracted/mocha_timit/fsew0_v1.1/fsew0_070.wav,data/extracted/mocha_timit/fsew0_v1.1/fsew0_070.ema,data/processed/mocha_aai_decoded/fsew0/070.npz,43491,16000,2.71819,1176,2.35,0.36819,1.0,0.0,
fsew0,071,train,data/extracted/mocha_timit/fsew0_v1.1/fsew0_071.wav,data/extracted/mocha_timit/fsew0_v1.1/fsew0_071.ema,data/processed/mocha_aai_decoded/fsew0/071.npz,63503,16000,3.96894,1782,3.562,0.40694,1.0,0.0,
fsew0,072,train,data/extracted/mocha_timit/fsew0_v1.1/fsew0_072.wav,data/extracted/mocha_timit/fsew0_v1.1/fsew0_072.ema,data/processed/mocha_aai_decoded/fsew0/072.npz,51314,16000,3.20713,1371,2.74,0.46712,1.0,0.0,
fsew0,073,train,data/extracted/mocha_timit/fsew0_v1.1/fsew0_073.wav,data/extracted/mocha_timit/fsew0_v1.1/fsew0_073.ema,data/processed/mocha_aai_decoded/fsew0/073.npz,67490,16000,4.21812,1923,3.844,0.37412,1.0,0.0,
fsew0,074,train,data/extracted/mocha_timit/fsew0_v1.1/fsew0_074.wav,data/extracted/mocha_timit/fsew0_v1.1/fsew0_074.ema,data/processed/mocha_aai_decoded/fsew0/074.npz,55488,16000,3.468,1563,3.124,0.344,1.0,0.0,
fsew0,075,train,data/extracted/mocha_timit/fsew0_v1.1/fsew0_075.wav,data/extracted/mocha_timit/fsew0_v1.1/fsew0_075.ema,data/processed/mocha_aai_decoded/fsew0/075.npz,59484,16000,3.71775,1653,3.304,0.41375,1.0,0.0,
fsew0,076,train,data/extracted/mocha_timit/fsew0_v1.1/fsew0_076.wav,data/extracted/mocha_timit/fsew0_v1.1/fsew0_076.ema,data/processed/mocha_aai_decoded/fsew0/076.npz,71494,16000,4.46837,2029,4.056,0.41237,1.0,0.0,
fsew0,077,train,data/extracted/mocha_timit/fsew0_v1.1/fsew0_077.wav,data/extracted/mocha_timit/fsew0_v1.1/fsew0_077.ema,data/processed/mocha_aai_decoded/fsew0/077.npz,63494,16000,3.96837,1760,3.518,0.45037,1.0,0.0,
fsew0,078,validation,data/extracted/mocha_timit/fsew0_v1.1/fsew0_078.wav,data/extracted/mocha_timit/fsew0_v1.1/fsew0_078.ema,data/processed/mocha_aai_decoded/fsew0/078.npz,56490,16000,3.53063,1634,3.266,0.26462,1.0,0.0,
fsew0,079,train,data/extracted/mocha_timit/fsew0_v1.1/fsew0_079.wav,data/extracted/mocha_timit/fsew0_v1.1/fsew0_079.ema,data/processed/mocha_aai_decoded/fsew0/079.npz,63490,16000,3.96813,1735,3.468,0.50012,1.0,0.0,audio_ema_duration_gap_gt_0_5s
fsew0,080,train,data/extracted/mocha_timit/fsew0_v1.1/fsew0_080.wav,data/extracted/mocha_timit/fsew0_v1.1/fsew0_080.ema,data/processed/mocha_aai_decoded/fsew0/080.npz,55490,16000,3.46813,1486,2.97,0.49812,1.0,0.0,
fsew0,081,train,data/extracted/mocha_timit/fsew0_v1.1/fsew0_081.wav,data/extracted/mocha_timit/fsew0_v1.1/fsew0_081.ema,data/processed/mocha_aai_decoded/fsew0/081.npz,55499,16000,3.46869,1596,3.19,0.27869,1.0,0.0,
fsew0,082,train,data/extracted/mocha_timit/fsew0_v1.1/fsew0_082.wav,data/extracted/mocha_timit/fsew0_v1.1/fsew0_082.ema,data/processed/mocha_aai_decoded/fsew0/082.npz,60494,16000,3.78087,1743,3.484,0.29687,1.0,0.0,
fsew0,083,train,data/extracted/mocha_timit/fsew0_v1.1/fsew0_083.wav,data/extracted/mocha_timit/fsew0_v1.1/fsew0_083.ema,data/processed/mocha_aai_decoded/fsew0/083.npz,55393,16000,3.46206,1551,3.1,0.36206,1.0,0.0,
fsew0,084,train,data/extracted/mocha_timit/fsew0_v1.1/fsew0_084.wav,data/extracted/mocha_timit/fsew0_v1.1/fsew0_084.ema,data/processed/mocha_aai_decoded/fsew0/084.npz,79296,16000,4.956,2230,4.458,0.498,1.0,0.0,
fsew0,085,train,data/extracted/mocha_timit/fsew0_v1.1/fsew0_085.wav,data/extracted/mocha_timit/fsew0_v1.1/fsew0_085.ema,data/processed/mocha_aai_decoded/fsew0/085.npz,55487,16000,3.46794,1539,3.076,0.39194,1.0,0.0,
fsew0,086,train,data/extracted/mocha_timit/fsew0_v1.1/fsew0_086.wav,data/extracted/mocha_timit/fsew0_v1.1/fsew0_086.ema,data/processed/mocha_aai_decoded/fsew0/086.npz,63389,16000,3.96181,1771,3.54,0.42181,1.0,0.0,
fsew0,087,validation,data/extracted/mocha_timit/fsew0_v1.1/fsew0_087.wav,data/extracted/mocha_timit/fsew0_v1.1/fsew0_087.ema,data/processed/mocha_aai_decoded/fsew0/087.npz,59446,16000,3.71537,1691,3.38,0.33537,1.0,0.0,
fsew0,088,train,data/extracted/mocha_timit/fsew0_v1.1/fsew0_088.wav,data/extracted/mocha_timit/fsew0_v1.1/fsew0_088.ema,data/processed/mocha_aai_decoded/fsew0/088.npz,75477,16000,4.71731,2163,4.324,0.39331,1.0,0.0,
fsew0,089,train,data/extracted/mocha_timit/fsew0_v1.1/fsew0_089.wav,data/extracted/mocha_timit/fsew0_v1.1/fsew0_089.ema,data/processed/mocha_aai_decoded/fsew0/089.npz,63490,16000,3.96813,1815,3.628,0.34012,1.0,0.0,
fsew0,090,train,data/extracted/mocha_timit/fsew0_v1.1/fsew0_090.wav,data/extracted/mocha_timit/fsew0_v1.1/fsew0_090.ema,data/processed/mocha_aai_decoded/fsew0/090.npz,59492,16000,3.71825,1609,3.216,0.50225,1.0,0.0,audio_ema_duration_gap_gt_0_5s
fsew0,091,train,data/extracted/mocha_timit/fsew0_v1.1/fsew0_091.wav,data/extracted/mocha_timit/fsew0_v1.1/fsew0_091.ema,data/processed/mocha_aai_decoded/fsew0/091.npz,63492,16000,3.96825,1832,3.662,0.30625,1.0,0.0,
fsew0,092,train,data/extracted/mocha_timit/fsew0_v1.1/fsew0_092.wav,data/extracted/mocha_timit/fsew0_v1.1/fsew0_092.ema,data/processed/mocha_aai_decoded/fsew0/092.npz,59490,16000,3.71813,1724,3.446,0.27212,1.0,0.0,
fsew0,093,train,data/extracted/mocha_timit/fsew0_v1.1/fsew0_093.wav,data/extracted/mocha_timit/fsew0_v1.1/fsew0_093.ema,data/processed/mocha_aai_decoded/fsew0/093.npz,51472,16000,3.217,1436,2.87,0.347,1.0,0.0,
fsew0,094,train,data/extracted/mocha_timit/fsew0_v1.1/fsew0_094.wav,data/extracted/mocha_timit/fsew0_v1.1/fsew0_094.ema,data/processed/mocha_aai_decoded/fsew0/094.npz,63487,16000,3.96794,1775,3.548,0.41994,1.0,0.0,
fsew0,095,train,data/extracted/mocha_timit/fsew0_v1.1/fsew0_095.wav,data/extracted/mocha_timit/fsew0_v1.1/fsew0_095.ema,data/processed/mocha_aai_decoded/fsew0/095.npz,71494,16000,4.46837,2017,4.032,0.43637,1.0,0.0,
fsew0,096,train,data/extracted/mocha_timit/fsew0_v1.1/fsew0_096.wav,data/extracted/mocha_timit/fsew0_v1.1/fsew0_096.ema,data/processed/mocha_aai_decoded/fsew0/096.npz,67425,16000,4.21406,1903,3.804,0.41006,1.0,0.0,
fsew0,097,train,data/extracted/mocha_timit/fsew0_v1.1/fsew0_097.wav,data/extracted/mocha_timit/fsew0_v1.1/fsew0_097.ema,data/processed/mocha_aai_decoded/fsew0/097.npz,79488,16000,4.968,2311,4.62,0.348,1.0,0.0,
fsew0,098,train,data/extracted/mocha_timit/fsew0_v1.1/fsew0_098.wav,data/extracted/mocha_timit/fsew0_v1.1/fsew0_098.ema,data/processed/mocha_aai_decoded/fsew0/098.npz,55488,16000,3.468,1530,3.058,0.41,1.0,0.0,
fsew0,099,train,data/extracted/mocha_timit/fsew0_v1.1/fsew0_099.wav,data/extracted/mocha_timit/fsew0_v1.1/fsew0_099.ema,data/processed/mocha_aai_decoded/fsew0/099.npz,47499,16000,2.96869,1298,2.594,0.37469,1.0,0.0,
fsew0,100,train,data/extracted/mocha_timit/fsew0_v1.1/fsew0_100.wav,data/extracted/mocha_timit/fsew0_v1.1/fsew0_100.ema,data/processed/mocha_aai_decoded/fsew0/100.npz,67492,16000,4.21825,1924,3.846,0.37225,1.0,0.0,
fsew0,101,train,data/extracted/mocha_timit/fsew0_v1.1/fsew0_101.wav,data/extracted/mocha_timit/fsew0_v1.1/fsew0_101.ema,data/processed/mocha_aai_decoded/fsew0/101.npz,67427,16000,4.21419,1914,3.826,0.38819,1.0,0.0,
fsew0,102,train,data/extracted/mocha_timit/fsew0_v1.1/fsew0_102.wav,data/extracted/mocha_timit/fsew0_v1.1/fsew0_102.ema,data/processed/mocha_aai_decoded/fsew0/102.npz,79494,16000,4.96837,2249,4.496,0.47237,1.0,0.0,
fsew0,103,train,data/extracted/mocha_timit/fsew0_v1.1/fsew0_103.wav,data/extracted/mocha_timit/fsew0_v1.1/fsew0_103.ema,data/processed/mocha_aai_decoded/fsew0/103.npz,87494,16000,5.46837,2515,5.028,0.44037,1.0,0.0,
fsew0,104,test,data/extracted/mocha_timit/fsew0_v1.1/fsew0_104.wav,data/extracted/mocha_timit/fsew0_v1.1/fsew0_104.ema,data/processed/mocha_aai_decoded/fsew0/104.npz,55499,16000,3.46869,1580,3.158,0.31069,1.0,0.0,
fsew0,105,train,data/extracted/mocha_timit/fsew0_v1.1/fsew0_105.wav,data/extracted/mocha_timit/fsew0_v1.1/fsew0_105.ema,data/processed/mocha_aai_decoded/fsew0/105.npz,43492,16000,2.71825,1219,2.436,0.28225,1.0,0.0,
fsew0,106,train,data/extracted/mocha_timit/fsew0_v1.1/fsew0_106.wav,data/extracted/mocha_timit/fsew0_v1.1/fsew0_106.ema,data/processed/mocha_aai_decoded/fsew0/106.npz,55498,16000,3.46862,1530,3.058,0.41062,1.0,0.0,
fsew0,107,train,data/extracted/mocha_timit/fsew0_v1.1/fsew0_107.wav,data/extracted/mocha_timit/fsew0_v1.1/fsew0_107.ema,data/processed/mocha_aai_decoded/fsew0/107.npz,55491,16000,3.46819,1507,3.012,0.45619,1.0,0.0,
fsew0,108,train,data/extracted/mocha_timit/fsew0_v1.1/fsew0_108.wav,data/extracted/mocha_timit/fsew0_v1.1/fsew0_108.ema,data/processed/mocha_aai_decoded/fsew0/108.npz,55342,16000,3.45887,1584,3.166,0.29287,1.0,0.0,
fsew0,109,validation,data/extracted/mocha_timit/fsew0_v1.1/fsew0_109.wav,data/extracted/mocha_timit/fsew0_v1.1/fsew0_109.ema,data/processed/mocha_aai_decoded/fsew0/109.npz,67501,16000,4.21881,1929,3.856,0.36281,1.0,0.0,
fsew0,110,train,data/extracted/mocha_timit/fsew0_v1.1/fsew0_110.wav,data/extracted/mocha_timit/fsew0_v1.1/fsew0_110.ema,data/processed/mocha_aai_decoded/fsew0/110.npz,67495,16000,4.21844,1957,3.912,0.30644,1.0,0.0,
fsew0,111,train,data/extracted/mocha_timit/fsew0_v1.1/fsew0_111.wav,data/extracted/mocha_timit/fsew0_v1.1/fsew0_111.ema,data/processed/mocha_aai_decoded/fsew0/111.npz,71495,16000,4.46844,2067,4.132,0.33644,1.0,0.0,
fsew0,112,train,data/extracted/mocha_timit/fsew0_v1.1/fsew0_112.wav,data/extracted/mocha_timit/fsew0_v1.1/fsew0_112.ema,data/processed/mocha_aai_decoded/fsew0/112.npz,71444,16000,4.46525,2037,4.072,0.39325,1.0,0.0,
fsew0,113,train,data/extracted/mocha_timit/fsew0_v1.1/fsew0_113.wav,data/extracted/mocha_timit/fsew0_v1.1/fsew0_113.ema,data/processed/mocha_aai_decoded/fsew0/113.npz,59328,16000,3.708,1637,3.272,0.436,1.0,0.0,
fsew0,114,train,data/extracted/mocha_timit/fsew0_v1.1/fsew0_114.wav,data/extracted/mocha_timit/fsew0_v1.1/fsew0_114.ema,data/processed/mocha_aai_decoded/fsew0/114.npz,63491,16000,3.96819,1784,3.566,0.40219,1.0,0.0,
fsew0,115,train,data/extracted/mocha_timit/fsew0_v1.1/fsew0_115.wav,data/extracted/mocha_timit/fsew0_v1.1/fsew0_115.ema,data/processed/mocha_aai_decoded/fsew0/115.npz,59470,16000,3.71687,1705,3.408,0.30887,1.0,0.0,
fsew0,116,train,data/extracted/mocha_timit/fsew0_v1.1/fsew0_116.wav,data/extracted/mocha_timit/fsew0_v1.1/fsew0_116.ema,data/processed/mocha_aai_decoded/fsew0/116.npz,59495,16000,3.71844,1717,3.432,0.28644,1.0,0.0,
fsew0,117,train,data/extracted/mocha_timit/fsew0_v1.1/fsew0_117.wav,data/extracted/mocha_timit/fsew0_v1.1/fsew0_117.ema,data/processed/mocha_aai_decoded/fsew0/117.npz,55496,16000,3.4685,1583,3.164,0.3045,1.0,0.0,
fsew0,118,train,data/extracted/mocha_timit/fsew0_v1.1/fsew0_118.wav,data/extracted/mocha_timit/fsew0_v1.1/fsew0_118.ema,data/processed/mocha_aai_decoded/fsew0/118.npz,75470,16000,4.71687,2194,4.386,0.33087,1.0,0.0,
fsew0,119,train,data/extracted/mocha_timit/fsew0_v1.1/fsew0_119.wav,data/extracted/mocha_timit/fsew0_v1.1/fsew0_119.ema,data/processed/mocha_aai_decoded/fsew0/119.npz,55492,16000,3.46825,1479,2.956,0.51225,1.0,0.0,audio_ema_duration_gap_gt_0_5s
fsew0,120,train,data/extracted/mocha_timit/fsew0_v1.1/fsew0_120.wav,data/extracted/mocha_timit/fsew0_v1.1/fsew0_120.ema,data/processed/mocha_aai_decoded/fsew0/120.npz,59495,16000,3.71844,1690,3.378,0.34044,1.0,0.0,
fsew0,121,train,data/extracted/mocha_timit/fsew0_v1.1/fsew0_121.wav,data/extracted/mocha_timit/fsew0_v1.1/fsew0_121.ema,data/processed/mocha_aai_decoded/fsew0/121.npz,59498,16000,3.71862,1691,3.38,0.33862,1.0,0.0,
fsew0,122,train,data/extracted/mocha_timit/fsew0_v1.1/fsew0_122.wav,data/extracted/mocha_timit/fsew0_v1.1/fsew0_122.ema,data/processed/mocha_aai_decoded/fsew0/122.npz,71480,16000,4.4675,2021,4.04,0.4275,1.0,0.0,
fsew0,123,train,data/extracted/mocha_timit/fsew0_v1.1/fsew0_123.wav,data/extracted/mocha_timit/fsew0_v1.1/fsew0_123.ema,data/processed/mocha_aai_decoded/fsew0/123.npz,67492,16000,4.21825,1882,3.762,0.45625,1.0,0.0,
fsew0,124,train,data/extracted/mocha_timit/fsew0_v1.1/fsew0_124.wav,data/extracted/mocha_timit/fsew0_v1.1/fsew0_124.ema,data/processed/mocha_aai_decoded/fsew0/124.npz,71474,16000,4.46713,2038,4.074,0.39312,1.0,0.0,
fsew0,125,train,data/extracted/mocha_timit/fsew0_v1.1/fsew0_125.wav,data/extracted/mocha_timit/fsew0_v1.1/fsew0_125.ema,data/processed/mocha_aai_decoded/fsew0/125.npz,71495,16000,4.46844,2067,4.132,0.33644,1.0,0.0,
fsew0,126,train,data/extracted/mocha_timit/fsew0_v1.1/fsew0_126.wav,data/extracted/mocha_timit/fsew0_v1.1/fsew0_126.ema,data/processed/mocha_aai_decoded/fsew0/126.npz,55494,16000,3.46837,1479,2.956,0.51237,1.0,0.0,audio_ema_duration_gap_gt_0_5s
fsew0,127,test,data/extracted/mocha_timit/fsew0_v1.1/fsew0_127.wav,data/extracted/mocha_timit/fsew0_v1.1/fsew0_127.ema,data/processed/mocha_aai_decoded/fsew0/127.npz,63495,16000,3.96844,1735,3.468,0.50044,1.0,0.0,audio_ema_duration_gap_gt_0_5s
fsew0,128,test,data/extracted/mocha_timit/fsew0_v1.1/fsew0_128.wav,data/extracted/mocha_timit/fsew0_v1.1/fsew0_128.ema,data/processed/mocha_aai_decoded/fsew0/128.npz,59488,16000,3.718,1651,3.3,0.418,1.0,0.0,
fsew0,129,train,data/extracted/mocha_timit/fsew0_v1.1/fsew0_129.wav,data/extracted/mocha_timit/fsew0_v1.1/fsew0_129.ema,data/processed/mocha_aai_decoded/fsew0/129.npz,51498,16000,3.21862,1415,2.828,0.39062,1.0,0.0,
fsew0,130,train,data/extracted/mocha_timit/fsew0_v1.1/fsew0_130.wav,data/extracted/mocha_timit/fsew0_v1.1/fsew0_130.ema,data/processed/mocha_aai_decoded/fsew0/130.npz,59496,16000,3.7185,1656,3.31,0.4085,1.0,0.0,
fsew0,131,train,data/extracted/mocha_timit/fsew0_v1.1/fsew0_131.wav,data/extracted/mocha_timit/fsew0_v1.1/fsew0_131.ema,data/processed/mocha_aai_decoded/fsew0/131.npz,68503,16000,4.28144,1977,3.952,0.32944,1.0,0.0,
fsew0,132,train,data/extracted/mocha_timit/fsew0_v1.1/fsew0_132.wav,data/extracted/mocha_timit/fsew0_v1.1/fsew0_132.ema,data/processed/mocha_aai_decoded/fsew0/132.npz,55480,16000,3.4675,1585,3.168,0.2995,1.0,0.0,
fsew0,133,train,data/extracted/mocha_timit/fsew0_v1.1/fsew0_133.wav,data/extracted/mocha_timit/fsew0_v1.1/fsew0_133.ema,data/processed/mocha_aai_decoded/fsew0/133.npz,55484,16000,3.46775,1552,3.102,0.36575,1.0,0.0,
fsew0,134,train,data/extracted/mocha_timit/fsew0_v1.1/fsew0_134.wav,data/extracted/mocha_timit/fsew0_v1.1/fsew0_134.ema,data/processed/mocha_aai_decoded/fsew0/134.npz,67496,16000,4.2185,1928,3.854,0.3645,1.0,0.0,
fsew0,135,train,data/extracted/mocha_timit/fsew0_v1.1/fsew0_135.wav,data/extracted/mocha_timit/fsew0_v1.1/fsew0_135.ema,data/processed/mocha_aai_decoded/fsew0/135.npz,59444,16000,3.71525,1665,3.328,0.38725,1.0,0.0,
fsew0,136,train,data/extracted/mocha_timit/fsew0_v1.1/fsew0_136.wav,data/extracted/mocha_timit/fsew0_v1.1/fsew0_136.ema,data/processed/mocha_aai_decoded/fsew0/136.npz,72504,16000,4.5315,2081,4.16,0.3715,1.0,0.0,
fsew0,137,train,data/extracted/mocha_timit/fsew0_v1.1/fsew0_137.wav,data/extracted/mocha_timit/fsew0_v1.1/fsew0_137.ema,data/processed/mocha_aai_decoded/fsew0/137.npz,71441,16000,4.46506,1991,3.98,0.48506,1.0,0.0,
fsew0,138,train,data/extracted/mocha_timit/fsew0_v1.1/fsew0_138.wav,data/extracted/mocha_timit/fsew0_v1.1/fsew0_138.ema,data/processed/mocha_aai_decoded/fsew0/138.npz,75492,16000,4.71825,2177,4.352,0.36625,1.0,0.0,
fsew0,139,train,data/extracted/mocha_timit/fsew0_v1.1/fsew0_139.wav,data/extracted/mocha_timit/fsew0_v1.1/fsew0_139.ema,data/processed/mocha_aai_decoded/fsew0/139.npz,71494,16000,4.46837,2076,4.15,0.31837,1.0,0.0,
fsew0,140,train,data/extracted/mocha_timit/fsew0_v1.1/fsew0_140.wav,data/extracted/mocha_timit/fsew0_v1.1/fsew0_140.ema,data/processed/mocha_aai_decoded/fsew0/140.npz,67494,16000,4.21837,1924,3.846,0.37237,1.0,0.0,
fsew0,141,validation,data/extracted/mocha_timit/fsew0_v1.1/fsew0_141.wav,data/extracted/mocha_timit/fsew0_v1.1/fsew0_141.ema,data/processed/mocha_aai_decoded/fsew0/141.npz,59459,16000,3.71619,1673,3.344,0.37219,1.0,0.0,
fsew0,142,train,data/extracted/mocha_timit/fsew0_v1.1/fsew0_142.wav,data/extracted/mocha_timit/fsew0_v1.1/fsew0_142.ema,data/processed/mocha_aai_decoded/fsew0/142.npz,67492,16000,4.21825,1895,3.788,0.43025,1.0,0.0,
fsew0,143,validation,data/extracted/mocha_timit/fsew0_v1.1/fsew0_143.wav,data/extracted/mocha_timit/fsew0_v1.1/fsew0_143.ema,data/processed/mocha_aai_decoded/fsew0/143.npz,71413,16000,4.46331,2060,4.118,0.34531,1.0,0.0,
fsew0,144,train,data/extracted/mocha_timit/fsew0_v1.1/fsew0_144.wav,data/extracted/mocha_timit/fsew0_v1.1/fsew0_144.ema,data/processed/mocha_aai_decoded/fsew0/144.npz,71498,16000,4.46863,2003,4.004,0.46462,1.0,0.0,
fsew0,145,train,data/extracted/mocha_timit/fsew0_v1.1/fsew0_145.wav,data/extracted/mocha_timit/fsew0_v1.1/fsew0_145.ema,data/processed/mocha_aai_decoded/fsew0/145.npz,67407,16000,4.21294,1922,3.842,0.37094,1.0,0.0,
fsew0,146,train,data/extracted/mocha_timit/fsew0_v1.1/fsew0_146.wav,data/extracted/mocha_timit/fsew0_v1.1/fsew0_146.ema,data/processed/mocha_aai_decoded/fsew0/146.npz,59495,16000,3.71844,1727,3.452,0.26644,1.0,0.0,
fsew0,147,train,data/extracted/mocha_timit/fsew0_v1.1/fsew0_147.wav,data/extracted/mocha_timit/fsew0_v1.1/fsew0_147.ema,data/processed/mocha_aai_decoded/fsew0/147.npz,59342,16000,3.70887,1708,3.414,0.29487,1.0,0.0,
fsew0,148,train,data/extracted/mocha_timit/fsew0_v1.1/fsew0_148.wav,data/extracted/mocha_timit/fsew0_v1.1/fsew0_148.ema,data/processed/mocha_aai_decoded/fsew0/148.npz,59498,16000,3.71862,1713,3.424,0.29462,1.0,0.0,
fsew0,149,train,data/extracted/mocha_timit/fsew0_v1.1/fsew0_149.wav,data/extracted/mocha_timit/fsew0_v1.1/fsew0_149.ema,data/processed/mocha_aai_decoded/fsew0/149.npz,71491,16000,4.46819,2003,4.004,0.46419,1.0,0.0,
fsew0,150,train,data/extracted/mocha_timit/fsew0_v1.1/fsew0_150.wav,data/extracted/mocha_timit/fsew0_v1.1/fsew0_150.ema,data/processed/mocha_aai_decoded/fsew0/150.npz,67490,16000,4.21812,1876,3.75,0.46812,1.0,0.0,
fsew0,151,train,data/extracted/mocha_timit/fsew0_v1.1/fsew0_151.wav,data/extracted/mocha_timit/fsew0_v1.1/fsew0_151.ema,data/processed/mocha_aai_decoded/fsew0/151.npz,79490,16000,4.96812,2233,4.464,0.50412,1.0,0.0,audio_ema_duration_gap_gt_0_5s
fsew0,152,train,data/extracted/mocha_timit/fsew0_v1.1/fsew0_152.wav,data/extracted/mocha_timit/fsew0_v1.1/fsew0_152.ema,data/processed/mocha_aai_decoded/fsew0/152.npz,59494,16000,3.71837,1652,3.302,0.41637,1.0,0.0,
fsew0,153,train,data/extracted/mocha_timit/fsew0_v1.1/fsew0_153.wav,data/extracted/mocha_timit/fsew0_v1.1/fsew0_153.ema,data/processed/mocha_aai_decoded/fsew0/153.npz,71494,16000,4.46837,2042,4.082,0.38637,1.0,0.0,
fsew0,154,train,data/extracted/mocha_timit/fsew0_v1.1/fsew0_154.wav,data/extracted/mocha_timit/fsew0_v1.1/fsew0_154.ema,data/processed/mocha_aai_decoded/fsew0/154.npz,71365,16000,4.46031,2062,4.122,0.33831,1.0,0.0,
fsew0,155,train,data/extracted/mocha_timit/fsew0_v1.1/fsew0_155.wav,data/extracted/mocha_timit/fsew0_v1.1/fsew0_155.ema,data/processed/mocha_aai_decoded/fsew0/155.npz,83494,16000,5.21837,2414,4.826,0.39237,1.0,0.0,
fsew0,156,train,data/extracted/mocha_timit/fsew0_v1.1/fsew0_156.wav,data/extracted/mocha_timit/fsew0_v1.1/fsew0_156.ema,data/processed/mocha_aai_decoded/fsew0/156.npz,63360,16000,3.96,1765,3.528,0.432,1.0,0.0,
fsew0,157,train,data/extracted/mocha_timit/fsew0_v1.1/fsew0_157.wav,data/extracted/mocha_timit/fsew0_v1.1/fsew0_157.ema,data/processed/mocha_aai_decoded/fsew0/157.npz,79494,16000,4.96837,2267,4.532,0.43637,1.0,0.0,
fsew0,158,validation,data/extracted/mocha_timit/fsew0_v1.1/fsew0_158.wav,data/extracted/mocha_timit/fsew0_v1.1/fsew0_158.ema,data/processed/mocha_aai_decoded/fsew0/158.npz,67480,16000,4.2175,1925,3.848,0.3695,1.0,0.0,
fsew0,159,train,data/extracted/mocha_timit/fsew0_v1.1/fsew0_159.wav,data/extracted/mocha_timit/fsew0_v1.1/fsew0_159.ema,data/processed/mocha_aai_decoded/fsew0/159.npz,55403,16000,3.46269,1599,3.196,0.26669,1.0,0.0,
fsew0,160,train,data/extracted/mocha_timit/fsew0_v1.1/fsew0_160.wav,data/extracted/mocha_timit/fsew0_v1.1/fsew0_160.ema,data/processed/mocha_aai_decoded/fsew0/160.npz,59431,16000,3.71444,1642,3.282,0.43244,1.0,0.0,
fsew0,161,train,data/extracted/mocha_timit/fsew0_v1.1/fsew0_161.wav,data/extracted/mocha_timit/fsew0_v1.1/fsew0_161.ema,data/processed/mocha_aai_decoded/fsew0/161.npz,71504,16000,4.469,2036,4.07,0.399,1.0,0.0,
fsew0,162,train,data/extracted/mocha_timit/fsew0_v1.1/fsew0_162.wav,data/extracted/mocha_timit/fsew0_v1.1/fsew0_162.ema,data/processed/mocha_aai_decoded/fsew0/162.npz,75491,16000,4.71819,2152,4.302,0.41619,1.0,0.0,
fsew0,163,train,data/extracted/mocha_timit/fsew0_v1.1/fsew0_163.wav,data/extracted/mocha_timit/fsew0_v1.1/fsew0_163.ema,data/processed/mocha_aai_decoded/fsew0/163.npz,87498,16000,5.46863,2548,5.094,0.37462,1.0,0.0,
fsew0,164,train,data/extracted/mocha_timit/fsew0_v1.1/fsew0_164.wav,data/extracted/mocha_timit/fsew0_v1.1/fsew0_164.ema,data/processed/mocha_aai_decoded/fsew0/164.npz,67494,16000,4.21837,1855,3.708,0.51037,1.0,0.0,audio_ema_duration_gap_gt_0_5s
fsew0,165,train,data/extracted/mocha_timit/fsew0_v1.1/fsew0_165.wav,data/extracted/mocha_timit/fsew0_v1.1/fsew0_165.ema,data/processed/mocha_aai_decoded/fsew0/165.npz,67495,16000,4.21844,1918,3.834,0.38444,1.0,0.0,
fsew0,166,train,data/extracted/mocha_timit/fsew0_v1.1/fsew0_166.wav,data/extracted/mocha_timit/fsew0_v1.1/fsew0_166.ema,data/processed/mocha_aai_decoded/fsew0/166.npz,67481,16000,4.21756,1901,3.8,0.41756,1.0,0.0,
fsew0,167,train,data/extracted/mocha_timit/fsew0_v1.1/fsew0_167.wav,data/extracted/mocha_timit/fsew0_v1.1/fsew0_167.ema,data/processed/mocha_aai_decoded/fsew0/167.npz,71183,16000,4.44894,2018,4.034,0.41494,1.0,0.0,
fsew0,168,train,data/extracted/mocha_timit/fsew0_v1.1/fsew0_168.wav,data/extracted/mocha_timit/fsew0_v1.1/fsew0_168.ema,data/processed/mocha_aai_decoded/fsew0/168.npz,91496,16000,5.7185,2624,5.246,0.4725,1.0,0.0,
fsew0,169,validation,data/extracted/mocha_timit/fsew0_v1.1/fsew0_169.wav,data/extracted/mocha_timit/fsew0_v1.1/fsew0_169.ema,data/processed/mocha_aai_decoded/fsew0/169.npz,79490,16000,4.96812,2291,4.58,0.38812,1.0,0.0,
fsew0,170,train,data/extracted/mocha_timit/fsew0_v1.1/fsew0_170.wav,data/extracted/mocha_timit/fsew0_v1.1/fsew0_170.ema,data/processed/mocha_aai_decoded/fsew0/170.npz,47501,16000,2.96881,1332,2.662,0.30681,1.0,0.0,
fsew0,171,train,data/extracted/mocha_timit/fsew0_v1.1/fsew0_171.wav,data/extracted/mocha_timit/fsew0_v1.1/fsew0_171.ema,data/processed/mocha_aai_decoded/fsew0/171.npz,59490,16000,3.71813,1702,3.402,0.31613,1.0,0.0,
fsew0,172,train,data/extracted/mocha_timit/fsew0_v1.1/fsew0_172.wav,data/extracted/mocha_timit/fsew0_v1.1/fsew0_172.ema,data/processed/mocha_aai_decoded/fsew0/172.npz,91494,16000,5.71837,2608,5.214,0.50437,1.0,0.0,audio_ema_duration_gap_gt_0_5s
fsew0,173,validation,data/extracted/mocha_timit/fsew0_v1.1/fsew0_173.wav,data/extracted/mocha_timit/fsew0_v1.1/fsew0_173.ema,data/processed/mocha_aai_decoded/fsew0/173.npz,87330,16000,5.45812,2520,5.038,0.42012,1.0,0.0,
fsew0,174,train,data/extracted/mocha_timit/fsew0_v1.1/fsew0_174.wav,data/extracted/mocha_timit/fsew0_v1.1/fsew0_174.ema,data/processed/mocha_aai_decoded/fsew0/174.npz,79487,16000,4.96794,2253,4.504,0.46394,1.0,0.0,
fsew0,175,train,data/extracted/mocha_timit/fsew0_v1.1/fsew0_175.wav,data/extracted/mocha_timit/fsew0_v1.1/fsew0_175.ema,data/processed/mocha_aai_decoded/fsew0/175.npz,67490,16000,4.21812,1972,3.942,0.27612,1.0,0.0,
fsew0,176,train,data/extracted/mocha_timit/fsew0_v1.1/fsew0_176.wav,data/extracted/mocha_timit/fsew0_v1.1/fsew0_176.ema,data/processed/mocha_aai_decoded/fsew0/176.npz,71494,16000,4.46837,2055,4.108,0.36037,1.0,0.0,
fsew0,177,train,data/extracted/mocha_timit/fsew0_v1.1/fsew0_177.wav,data/extracted/mocha_timit/fsew0_v1.1/fsew0_177.ema,data/processed/mocha_aai_decoded/fsew0/177.npz,87427,16000,5.46419,2578,5.154,0.31019,1.0,0.0,
fsew0,178,train,data/extracted/mocha_timit/fsew0_v1.1/fsew0_178.wav,data/extracted/mocha_timit/fsew0_v1.1/fsew0_178.ema,data/processed/mocha_aai_decoded/fsew0/178.npz,83504,16000,5.219,2418,4.834,0.385,1.0,0.0,
fsew0,179,train,data/extracted/mocha_timit/fsew0_v1.1/fsew0_179.wav,data/extracted/mocha_timit/fsew0_v1.1/fsew0_179.ema,data/processed/mocha_aai_decoded/fsew0/179.npz,75499,16000,4.71869,2199,4.396,0.32269,1.0,0.0,
fsew0,180,validation,data/extracted/mocha_timit/fsew0_v1.1/fsew0_180.wav,data/extracted/mocha_timit/fsew0_v1.1/fsew0_180.ema,data/processed/mocha_aai_decoded/fsew0/180.npz,51482,16000,3.21762,1453,2.904,0.31362,1.0,0.0,
fsew0,181,train,data/extracted/mocha_timit/fsew0_v1.1/fsew0_181.wav,data/extracted/mocha_timit/fsew0_v1.1/fsew0_181.ema,data/processed/mocha_aai_decoded/fsew0/181.npz,75484,16000,4.71775,2164,4.326,0.39175,1.0,0.0,
fsew0,182,train,data/extracted/mocha_timit/fsew0_v1.1/fsew0_182.wav,data/extracted/mocha_timit/fsew0_v1.1/fsew0_182.ema,data/processed/mocha_aai_decoded/fsew0/182.npz,63328,16000,3.958,1818,3.634,0.324,1.0,0.0,
fsew0,183,train,data/extracted/mocha_timit/fsew0_v1.1/fsew0_183.wav,data/extracted/mocha_timit/fsew0_v1.1/fsew0_183.ema,data/processed/mocha_aai_decoded/fsew0/183.npz,63430,16000,3.96437,1804,3.606,0.35837,1.0,0.0,
fsew0,184,train,data/extracted/mocha_timit/fsew0_v1.1/fsew0_184.wav,data/extracted/mocha_timit/fsew0_v1.1/fsew0_184.ema,data/processed/mocha_aai_decoded/fsew0/184.npz,75496,16000,4.7185,2172,4.342,0.3765,1.0,0.0,
fsew0,185,train,data/extracted/mocha_timit/fsew0_v1.1/fsew0_185.wav,data/extracted/mocha_timit/fsew0_v1.1/fsew0_185.ema,data/processed/mocha_aai_decoded/fsew0/185.npz,59476,16000,3.71725,1636,3.27,0.44725,1.0,0.0,
fsew0,186,train,data/extracted/mocha_timit/fsew0_v1.1/fsew0_186.wav,data/extracted/mocha_timit/fsew0_v1.1/fsew0_186.ema,data/processed/mocha_aai_decoded/fsew0/186.npz,52504,16000,3.2815,1458,2.914,0.3675,1.0,0.0,
fsew0,187,train,data/extracted/mocha_timit/fsew0_v1.1/fsew0_187.wav,data/extracted/mocha_timit/fsew0_v1.1/fsew0_187.ema,data/processed/mocha_aai_decoded/fsew0/187.npz,59415,16000,3.71344,1686,3.37,0.34344,1.0,0.0,
fsew0,188,train,data/extracted/mocha_timit/fsew0_v1.1/fsew0_188.wav,data/extracted/mocha_timit/fsew0_v1.1/fsew0_188.ema,data/processed/mocha_aai_decoded/fsew0/188.npz,59492,16000,3.71825,1700,3.398,0.32025,1.0,0.0,
fsew0,189,train,data/extracted/mocha_timit/fsew0_v1.1/fsew0_189.wav,data/extracted/mocha_timit/fsew0_v1.1/fsew0_189.ema,data/processed/mocha_aai_decoded/fsew0/189.npz,47499,16000,2.96869,1329,2.656,0.31269,1.0,0.0,
fsew0,190,validation,data/extracted/mocha_timit/fsew0_v1.1/fsew0_190.wav,data/extracted/mocha_timit/fsew0_v1.1/fsew0_190.ema,data/processed/mocha_aai_decoded/fsew0/190.npz,51494,16000,3.21837,1422,2.842,0.37637,1.0,0.0,
fsew0,191,train,data/extracted/mocha_timit/fsew0_v1.1/fsew0_191.wav,data/extracted/mocha_timit/fsew0_v1.1/fsew0_191.ema,data/processed/mocha_aai_decoded/fsew0/191.npz,43498,16000,2.71862,1194,2.386,0.33263,1.0,0.0,
fsew0,192,train,data/extracted/mocha_timit/fsew0_v1.1/fsew0_192.wav,data/extracted/mocha_timit/fsew0_v1.1/fsew0_192.ema,data/processed/mocha_aai_decoded/fsew0/192.npz,59494,16000,3.71837,1635,3.268,0.45037,1.0,0.0,
fsew0,193,train,data/extracted/mocha_timit/fsew0_v1.1/fsew0_193.wav,data/extracted/mocha_timit/fsew0_v1.1/fsew0_193.ema,data/processed/mocha_aai_decoded/fsew0/193.npz,67501,16000,4.21881,1892,3.782,0.43681,1.0,0.0,
fsew0,194,train,data/extracted/mocha_timit/fsew0_v1.1/fsew0_194.wav,data/extracted/mocha_timit/fsew0_v1.1/fsew0_194.ema,data/processed/mocha_aai_decoded/fsew0/194.npz,59495,16000,3.71844,1682,3.362,0.35644,1.0,0.0,
fsew0,195,train,data/extracted/mocha_timit/fsew0_v1.1/fsew0_195.wav,data/extracted/mocha_timit/fsew0_v1.1/fsew0_195.ema,data/processed/mocha_aai_decoded/fsew0/195.npz,63499,16000,3.96869,1817,3.632,0.33669,1.0,0.0,
fsew0,196,train,data/extracted/mocha_timit/fsew0_v1.1/fsew0_196.wav,data/extracted/mocha_timit/fsew0_v1.1/fsew0_196.ema,data/processed/mocha_aai_decoded/fsew0/196.npz,55434,16000,3.46462,1518,3.034,0.43062,1.0,0.0,
fsew0,197,train,data/extracted/mocha_timit/fsew0_v1.1/fsew0_197.wav,data/extracted/mocha_timit/fsew0_v1.1/fsew0_197.ema,data/processed/mocha_aai_decoded/fsew0/197.npz,55422,16000,3.46387,1511,3.02,0.44388,1.0,0.0,
fsew0,198,train,data/extracted/mocha_timit/fsew0_v1.1/fsew0_198.wav,data/extracted/mocha_timit/fsew0_v1.1/fsew0_198.ema,data/processed/mocha_aai_decoded/fsew0/198.npz,51372,16000,3.21075,1394,2.786,0.42475,1.0,0.0,
fsew0,199,train,data/extracted/mocha_timit/fsew0_v1.1/fsew0_199.wav,data/extracted/mocha_timit/fsew0_v1.1/fsew0_199.ema,data/processed/mocha_aai_decoded/fsew0/199.npz,55501,16000,3.46881,1511,3.02,0.44881,1.0,0.0,
fsew0,200,train,data/extracted/mocha_timit/fsew0_v1.1/fsew0_200.wav,data/extracted/mocha_timit/fsew0_v1.1/fsew0_200.ema,data/processed/mocha_aai_decoded/fsew0/200.npz,47491,16000,2.96819,1337,2.672,0.29619,1.0,0.0,
fsew0,201,train,data/extracted/mocha_timit/fsew0_v1.1/fsew0_201.wav,data/extracted/mocha_timit/fsew0_v1.1/fsew0_201.ema,data/processed/mocha_aai_decoded/fsew0/201.npz,51492,16000,3.21825,1465,2.928,0.29025,1.0,0.0,
fsew0,202,train,data/extracted/mocha_timit/fsew0_v1.1/fsew0_202.wav,data/extracted/mocha_timit/fsew0_v1.1/fsew0_202.ema,data/processed/mocha_aai_decoded/fsew0/202.npz,55496,16000,3.4685,1558,3.114,0.3545,1.0,0.0,
fsew0,203,train,data/extracted/mocha_timit/fsew0_v1.1/fsew0_203.wav,data/extracted/mocha_timit/fsew0_v1.1/fsew0_203.ema,data/processed/mocha_aai_decoded/fsew0/203.npz,75495,16000,4.71844,2101,4.2,0.51844,1.0,0.0,audio_ema_duration_gap_gt_0_5s
fsew0,204,validation,data/extracted/mocha_timit/fsew0_v1.1/fsew0_204.wav,data/extracted/mocha_timit/fsew0_v1.1/fsew0_204.ema,data/processed/mocha_aai_decoded/fsew0/204.npz,59498,16000,3.71862,1684,3.366,0.35262,1.0,0.0,
fsew0,205,test,data/extracted/mocha_timit/fsew0_v1.1/fsew0_205.wav,data/extracted/mocha_timit/fsew0_v1.1/fsew0_205.ema,data/processed/mocha_aai_decoded/fsew0/205.npz,59480,16000,3.7175,1713,3.424,0.2935,1.0,0.0,
fsew0,206,train,data/extracted/mocha_timit/fsew0_v1.1/fsew0_206.wav,data/extracted/mocha_timit/fsew0_v1.1/fsew0_206.ema,data/processed/mocha_aai_decoded/fsew0/206.npz,47438,16000,2.96488,1235,2.468,0.49688,1.0,0.0,
fsew0,207,train,data/extracted/mocha_timit/fsew0_v1.1/fsew0_207.wav,data/extracted/mocha_timit/fsew0_v1.1/fsew0_207.ema,data/processed/mocha_aai_decoded/fsew0/207.npz,52503,16000,3.28144,1489,2.976,0.30544,1.0,0.0,
fsew0,208,train,data/extracted/mocha_timit/fsew0_v1.1/fsew0_208.wav,data/extracted/mocha_timit/fsew0_v1.1/fsew0_208.ema,data/processed/mocha_aai_decoded/fsew0/208.npz,51346,16000,3.20912,1450,2.898,0.31112,1.0,0.0,
fsew0,209,train,data/extracted/mocha_timit/fsew0_v1.1/fsew0_209.wav,data/extracted/mocha_timit/fsew0_v1.1/fsew0_209.ema,data/processed/mocha_aai_decoded/fsew0/209.npz,75505,16000,4.71906,2129,4.256,0.46306,1.0,0.0,
fsew0,210,train,data/extracted/mocha_timit/fsew0_v1.1/fsew0_210.wav,data/extracted/mocha_timit/fsew0_v1.1/fsew0_210.ema,data/processed/mocha_aai_decoded/fsew0/210.npz,67491,16000,4.21819,1890,3.778,0.44019,1.0,0.0,
fsew0,211,train,data/extracted/mocha_timit/fsew0_v1.1/fsew0_211.wav,data/extracted/mocha_timit/fsew0_v1.1/fsew0_211.ema,data/processed/mocha_aai_decoded/fsew0/211.npz,47495,16000,2.96844,1241,2.48,0.48844,1.0,0.0,
fsew0,212,train,data/extracted/mocha_timit/fsew0_v1.1/fsew0_212.wav,data/extracted/mocha_timit/fsew0_v1.1/fsew0_212.ema,data/processed/mocha_aai_decoded/fsew0/212.npz,63494,16000,3.96837,1847,3.692,0.27637,1.0,0.0,
fsew0,213,train,data/extracted/mocha_timit/fsew0_v1.1/fsew0_213.wav,data/extracted/mocha_timit/fsew0_v1.1/fsew0_213.ema,data/processed/mocha_aai_decoded/fsew0/213.npz,63496,16000,3.9685,1774,3.546,0.4225,1.0,0.0,
fsew0,214,train,data/extracted/mocha_timit/fsew0_v1.1/fsew0_214.wav,data/extracted/mocha_timit/fsew0_v1.1/fsew0_214.ema,data/processed/mocha_aai_decoded/fsew0/214.npz,55491,16000,3.46819,1584,3.166,0.30219,1.0,0.0,
fsew0,215,train,data/extracted/mocha_timit/fsew0_v1.1/fsew0_215.wav,data/extracted/mocha_timit/fsew0_v1.1/fsew0_215.ema,data/processed/mocha_aai_decoded/fsew0/215.npz,68495,16000,4.28094,1908,3.814,0.46694,1.0,0.0,
fsew0,216,train,data/extracted/mocha_timit/fsew0_v1.1/fsew0_216.wav,data/extracted/mocha_timit/fsew0_v1.1/fsew0_216.ema,data/processed/mocha_aai_decoded/fsew0/216.npz,71491,16000,4.46819,2063,4.124,0.34419,1.0,0.0,
fsew0,217,train,data/extracted/mocha_timit/fsew0_v1.1/fsew0_217.wav,data/extracted/mocha_timit/fsew0_v1.1/fsew0_217.ema,data/processed/mocha_aai_decoded/fsew0/217.npz,63350,16000,3.95938,1723,3.444,0.51537,1.0,0.0,audio_ema_duration_gap_gt_0_5s
fsew0,218,train,data/extracted/mocha_timit/fsew0_v1.1/fsew0_218.wav,data/extracted/mocha_timit/fsew0_v1.1/fsew0_218.ema,data/processed/mocha_aai_decoded/fsew0/218.npz,71490,16000,4.46812,1984,3.966,0.50212,1.0,0.0,audio_ema_duration_gap_gt_0_5s
fsew0,219,validation,data/extracted/mocha_timit/fsew0_v1.1/fsew0_219.wav,data/extracted/mocha_timit/fsew0_v1.1/fsew0_219.ema,data/processed/mocha_aai_decoded/fsew0/219.npz,71494,16000,4.46837,2055,4.108,0.36037,1.0,0.0,
fsew0,220,validation,data/extracted/mocha_timit/fsew0_v1.1/fsew0_220.wav,data/extracted/mocha_timit/fsew0_v1.1/fsew0_220.ema,data/processed/mocha_aai_decoded/fsew0/220.npz,55438,16000,3.46488,1523,3.044,0.42087,1.0,0.0,
fsew0,221,train,data/extracted/mocha_timit/fsew0_v1.1/fsew0_221.wav,data/extracted/mocha_timit/fsew0_v1.1/fsew0_221.ema,data/processed/mocha_aai_decoded/fsew0/221.npz,51494,16000,3.21837,1404,2.806,0.41238,1.0,0.0,
fsew0,222,train,data/extracted/mocha_timit/fsew0_v1.1/fsew0_222.wav,data/extracted/mocha_timit/fsew0_v1.1/fsew0_222.ema,data/processed/mocha_aai_decoded/fsew0/222.npz,67490,16000,4.21812,1896,3.79,0.42812,1.0,0.0,
fsew0,223,train,data/extracted/mocha_timit/fsew0_v1.1/fsew0_223.wav,data/extracted/mocha_timit/fsew0_v1.1/fsew0_223.ema,data/processed/mocha_aai_decoded/fsew0/223.npz,67490,16000,4.21812,1985,3.968,0.25012,1.0,0.0,
fsew0,224,train,data/extracted/mocha_timit/fsew0_v1.1/fsew0_224.wav,data/extracted/mocha_timit/fsew0_v1.1/fsew0_224.ema,data/processed/mocha_aai_decoded/fsew0/224.npz,71505,16000,4.46906,2049,4.096,0.37306,1.0,0.0,
fsew0,225,validation,data/extracted/mocha_timit/fsew0_v1.1/fsew0_225.wav,data/extracted/mocha_timit/fsew0_v1.1/fsew0_225.ema,data/processed/mocha_aai_decoded/fsew0/225.npz,67496,16000,4.2185,1865,3.728,0.4905,1.0,0.0,
fsew0,226,train,data/extracted/mocha_timit/fsew0_v1.1/fsew0_226.wav,data/extracted/mocha_timit/fsew0_v1.1/fsew0_226.ema,data/processed/mocha_aai_decoded/fsew0/226.npz,59494,16000,3.71837,1649,3.296,0.42237,1.0,0.0,
fsew0,227,train,data/extracted/mocha_timit/fsew0_v1.1/fsew0_227.wav,data/extracted/mocha_timit/fsew0_v1.1/fsew0_227.ema,data/processed/mocha_aai_decoded/fsew0/227.npz,59495,16000,3.71844,1630,3.258,0.46044,1.0,0.0,
fsew0,228,train,data/extracted/mocha_timit/fsew0_v1.1/fsew0_228.wav,data/extracted/mocha_timit/fsew0_v1.1/fsew0_228.ema,data/processed/mocha_aai_decoded/fsew0/228.npz,43498,16000,2.71862,1171,2.34,0.37863,1.0,0.0,
fsew0,229,validation,data/extracted/mocha_timit/fsew0_v1.1/fsew0_229.wav,data/extracted/mocha_timit/fsew0_v1.1/fsew0_229.ema,data/processed/mocha_aai_decoded/fsew0/229.npz,47487,16000,2.96794,1343,2.684,0.28394,1.0,0.0,
fsew0,230,train,data/extracted/mocha_timit/fsew0_v1.1/fsew0_230.wav,data/extracted/mocha_timit/fsew0_v1.1/fsew0_230.ema,data/processed/mocha_aai_decoded/fsew0/230.npz,71490,16000,4.46812,2009,4.016,0.45212,1.0,0.0,
fsew0,231,test,data/extracted/mocha_timit/fsew0_v1.1/fsew0_231.wav,data/extracted/mocha_timit/fsew0_v1.1/fsew0_231.ema,data/processed/mocha_aai_decoded/fsew0/231.npz,51494,16000,3.21837,1426,2.85,0.36837,1.0,0.0,
fsew0,232,train,data/extracted/mocha_timit/fsew0_v1.1/fsew0_232.wav,data/extracted/mocha_timit/fsew0_v1.1/fsew0_232.ema,data/processed/mocha_aai_decoded/fsew0/232.npz,55498,16000,3.46862,1515,3.028,0.44062,1.0,0.0,
fsew0,233,train,data/extracted/mocha_timit/fsew0_v1.1/fsew0_233.wav,data/extracted/mocha_timit/fsew0_v1.1/fsew0_233.ema,data/processed/mocha_aai_decoded/fsew0/233.npz,43502,16000,2.71888,1134,2.266,0.45287,1.0,0.0,
fsew0,234,train,data/extracted/mocha_timit/fsew0_v1.1/fsew0_234.wav,data/extracted/mocha_timit/fsew0_v1.1/fsew0_234.ema,data/processed/mocha_aai_decoded/fsew0/234.npz,39494,16000,2.46837,1037,2.072,0.39637,1.0,0.0,
fsew0,235,train,data/extracted/mocha_timit/fsew0_v1.1/fsew0_235.wav,data/extracted/mocha_timit/fsew0_v1.1/fsew0_235.ema,data/processed/mocha_aai_decoded/fsew0/235.npz,35494,16000,2.21837,946,1.89,0.32837,1.0,0.0,
fsew0,236,train,data/extracted/mocha_timit/fsew0_v1.1/fsew0_236.wav,data/extracted/mocha_timit/fsew0_v1.1/fsew0_236.ema,data/processed/mocha_aai_decoded/fsew0/236.npz,75501,16000,4.71881,2202,4.402,0.31681,1.0,0.0,
fsew0,237,validation,data/extracted/mocha_timit/fsew0_v1.1/fsew0_237.wav,data/extracted/mocha_timit/fsew0_v1.1/fsew0_237.ema,data/processed/mocha_aai_decoded/fsew0/237.npz,47496,16000,2.9685,1269,2.536,0.4325,1.0,0.0,
fsew0,238,train,data/extracted/mocha_timit/fsew0_v1.1/fsew0_238.wav,data/extracted/mocha_timit/fsew0_v1.1/fsew0_238.ema,data/processed/mocha_aai_decoded/fsew0/238.npz,55504,16000,3.469,1534,3.066,0.403,1.0,0.0,
fsew0,239,train,data/extracted/mocha_timit/fsew0_v1.1/fsew0_239.wav,data/extracted/mocha_timit/fsew0_v1.1/fsew0_239.ema,data/processed/mocha_aai_decoded/fsew0/239.npz,67303,16000,4.20644,1918,3.834,0.37244,1.0,0.0,
fsew0,240,train,data/extracted/mocha_timit/fsew0_v1.1/fsew0_240.wav,data/extracted/mocha_timit/fsew0_v1.1/fsew0_240.ema,data/processed/mocha_aai_decoded/fsew0/240.npz,63490,16000,3.96813,1812,3.622,0.34613,1.0,0.0,
fsew0,241,test,data/extracted/mocha_timit/fsew0_v1.1/fsew0_241.wav,data/extracted/mocha_timit/fsew0_v1.1/fsew0_241.ema,data/processed/mocha_aai_decoded/fsew0/241.npz,51251,16000,3.20319,1441,2.88,0.32319,1.0,0.0,
fsew0,242,train,data/extracted/mocha_timit/fsew0_v1.1/fsew0_242.wav,data/extracted/mocha_timit/fsew0_v1.1/fsew0_242.ema,data/processed/mocha_aai_decoded/fsew0/242.npz,39494,16000,2.46837,1103,2.204,0.26438,1.0,0.0,
fsew0,243,test,data/extracted/mocha_timit/fsew0_v1.1/fsew0_243.wav,data/extracted/mocha_timit/fsew0_v1.1/fsew0_243.ema,data/processed/mocha_aai_decoded/fsew0/243.npz,55491,16000,3.46819,1591,3.18,0.28819,1.0,0.0,
fsew0,244,train,data/extracted/mocha_timit/fsew0_v1.1/fsew0_244.wav,data/extracted/mocha_timit/fsew0_v1.1/fsew0_244.ema,data/processed/mocha_aai_decoded/fsew0/244.npz,63498,16000,3.96862,1752,3.502,0.46662,1.0,0.0,
fsew0,245,train,data/extracted/mocha_timit/fsew0_v1.1/fsew0_245.wav,data/extracted/mocha_timit/fsew0_v1.1/fsew0_245.ema,data/processed/mocha_aai_decoded/fsew0/245.npz,71438,16000,4.46488,2025,4.048,0.41687,1.0,0.0,
fsew0,246,train,data/extracted/mocha_timit/fsew0_v1.1/fsew0_246.wav,data/extracted/mocha_timit/fsew0_v1.1/fsew0_246.ema,data/processed/mocha_aai_decoded/fsew0/246.npz,63499,16000,3.96869,1754,3.506,0.46269,1.0,0.0,
fsew0,247,train,data/extracted/mocha_timit/fsew0_v1.1/fsew0_247.wav,data/extracted/mocha_timit/fsew0_v1.1/fsew0_247.ema,data/processed/mocha_aai_decoded/fsew0/247.npz,55496,16000,3.4685,1482,2.962,0.5065,1.0,0.0,audio_ema_duration_gap_gt_0_5s
fsew0,248,train,data/extracted/mocha_timit/fsew0_v1.1/fsew0_248.wav,data/extracted/mocha_timit/fsew0_v1.1/fsew0_248.ema,data/processed/mocha_aai_decoded/fsew0/248.npz,71482,16000,4.46762,1984,3.966,0.50162,1.0,0.0,audio_ema_duration_gap_gt_0_5s
fsew0,249,train,data/extracted/mocha_timit/fsew0_v1.1/fsew0_249.wav,data/extracted/mocha_timit/fsew0_v1.1/fsew0_249.ema,data/processed/mocha_aai_decoded/fsew0/249.npz,67498,16000,4.21863,1949,3.896,0.32262,1.0,0.0,
fsew0,250,train,data/extracted/mocha_timit/fsew0_v1.1/fsew0_250.wav,data/extracted/mocha_timit/fsew0_v1.1/fsew0_250.ema,data/processed/mocha_aai_decoded/fsew0/250.npz,59279,16000,3.70494,1597,3.192,0.51294,1.0,0.0,audio_ema_duration_gap_gt_0_5s
fsew0,251,train,data/extracted/mocha_timit/fsew0_v1.1/fsew0_251.wav,data/extracted/mocha_timit/fsew0_v1.1/fsew0_251.ema,data/processed/mocha_aai_decoded/fsew0/251.npz,55494,16000,3.46837,1515,3.028,0.44037,1.0,0.0,
fsew0,252,train,data/extracted/mocha_timit/fsew0_v1.1/fsew0_252.wav,data/extracted/mocha_timit/fsew0_v1.1/fsew0_252.ema,data/processed/mocha_aai_decoded/fsew0/252.npz,75495,16000,4.71844,2156,4.31,0.40844,1.0,0.0,
fsew0,253,validation,data/extracted/mocha_timit/fsew0_v1.1/fsew0_253.wav,data/extracted/mocha_timit/fsew0_v1.1/fsew0_253.ema,data/processed/mocha_aai_decoded/fsew0/253.npz,51490,16000,3.21813,1473,2.944,0.27412,1.0,0.0,
fsew0,254,train,data/extracted/mocha_timit/fsew0_v1.1/fsew0_254.wav,data/extracted/mocha_timit/fsew0_v1.1/fsew0_254.ema,data/processed/mocha_aai_decoded/fsew0/254.npz,55444,16000,3.46525,1573,3.144,0.32125,1.0,0.0,
fsew0,255,train,data/extracted/mocha_timit/fsew0_v1.1/fsew0_255.wav,data/extracted/mocha_timit/fsew0_v1.1/fsew0_255.ema,data/processed/mocha_aai_decoded/fsew0/255.npz,63494,16000,3.96837,1751,3.5,0.46837,1.0,0.0,
fsew0,256,train,data/extracted/mocha_timit/fsew0_v1.1/fsew0_256.wav,data/extracted/mocha_timit/fsew0_v1.1/fsew0_256.ema,data/processed/mocha_aai_decoded/fsew0/256.npz,71448,16000,4.4655,2095,4.188,0.2775,1.0,0.0,
fsew0,257,train,data/extracted/mocha_timit/fsew0_v1.1/fsew0_257.wav,data/extracted/mocha_timit/fsew0_v1.1/fsew0_257.ema,data/processed/mocha_aai_decoded/fsew0/257.npz,63495,16000,3.96844,1750,3.498,0.47044,1.0,0.0,
fsew0,258,train,data/extracted/mocha_timit/fsew0_v1.1/fsew0_258.wav,data/extracted/mocha_timit/fsew0_v1.1/fsew0_258.ema,data/processed/mocha_aai_decoded/fsew0/258.npz,59495,16000,3.71844,1612,3.222,0.49644,1.0,0.0,
fsew0,259,test,data/extracted/mocha_timit/fsew0_v1.1/fsew0_259.wav,data/extracted/mocha_timit/fsew0_v1.1/fsew0_259.ema,data/processed/mocha_aai_decoded/fsew0/259.npz,59496,16000,3.7185,1691,3.38,0.3385,1.0,0.0,
fsew0,260,test,data/extracted/mocha_timit/fsew0_v1.1/fsew0_260.wav,data/extracted/mocha_timit/fsew0_v1.1/fsew0_260.ema,data/processed/mocha_aai_decoded/fsew0/260.npz,63305,16000,3.95656,1829,3.656,0.30056,1.0,0.0,
fsew0,261,train,data/extracted/mocha_timit/fsew0_v1.1/fsew0_261.wav,data/extracted/mocha_timit/fsew0_v1.1/fsew0_261.ema,data/processed/mocha_aai_decoded/fsew0/261.npz,59494,16000,3.71837,1677,3.352,0.36638,1.0,0.0,
fsew0,262,train,data/extracted/mocha_timit/fsew0_v1.1/fsew0_262.wav,data/extracted/mocha_timit/fsew0_v1.1/fsew0_262.ema,data/processed/mocha_aai_decoded/fsew0/262.npz,55504,16000,3.469,1579,3.156,0.313,1.0,0.0,
fsew0,263,train,data/extracted/mocha_timit/fsew0_v1.1/fsew0_263.wav,data/extracted/mocha_timit/fsew0_v1.1/fsew0_263.ema,data/processed/mocha_aai_decoded/fsew0/263.npz,71503,16000,4.46894,2031,4.06,0.40894,1.0,0.0,
fsew0,264,train,data/extracted/mocha_timit/fsew0_v1.1/fsew0_264.wav,data/extracted/mocha_timit/fsew0_v1.1/fsew0_264.ema,data/processed/mocha_aai_decoded/fsew0/264.npz,63504,16000,3.969,1731,3.46,0.509,1.0,0.0,audio_ema_duration_gap_gt_0_5s
fsew0,265,train,data/extracted/mocha_timit/fsew0_v1.1/fsew0_265.wav,data/extracted/mocha_timit/fsew0_v1.1/fsew0_265.ema,data/processed/mocha_aai_decoded/fsew0/265.npz,71487,16000,4.46794,2028,4.054,0.41394,1.0,0.0,
fsew0,266,train,data/extracted/mocha_timit/fsew0_v1.1/fsew0_266.wav,data/extracted/mocha_timit/fsew0_v1.1/fsew0_266.ema,data/processed/mocha_aai_decoded/fsew0/266.npz,47486,16000,2.96787,1350,2.698,0.26988,1.0,0.0,
fsew0,267,train,data/extracted/mocha_timit/fsew0_v1.1/fsew0_267.wav,data/extracted/mocha_timit/fsew0_v1.1/fsew0_267.ema,data/processed/mocha_aai_decoded/fsew0/267.npz,67491,16000,4.21819,1899,3.796,0.42219,1.0,0.0,
fsew0,268,train,data/extracted/mocha_timit/fsew0_v1.1/fsew0_268.wav,data/extracted/mocha_timit/fsew0_v1.1/fsew0_268.ema,data/processed/mocha_aai_decoded/fsew0/268.npz,55504,16000,3.469,1509,3.016,0.453,1.0,0.0,
fsew0,269,test,data/extracted/mocha_timit/fsew0_v1.1/fsew0_269.wav,data/extracted/mocha_timit/fsew0_v1.1/fsew0_269.ema,data/processed/mocha_aai_decoded/fsew0/269.npz,67495,16000,4.21844,1860,3.718,0.50044,1.0,0.0,audio_ema_duration_gap_gt_0_5s
fsew0,270,test,data/extracted/mocha_timit/fsew0_v1.1/fsew0_270.wav,data/extracted/mocha_timit/fsew0_v1.1/fsew0_270.ema,data/processed/mocha_aai_decoded/fsew0/270.npz,63480,16000,3.9675,1788,3.574,0.3935,1.0,0.0,
fsew0,271,train,data/extracted/mocha_timit/fsew0_v1.1/fsew0_271.wav,data/extracted/mocha_timit/fsew0_v1.1/fsew0_271.ema,data/processed/mocha_aai_decoded/fsew0/271.npz,60507,16000,3.78169,1724,3.446,0.33569,1.0,0.0,
fsew0,272,train,data/extracted/mocha_timit/fsew0_v1.1/fsew0_272.wav,data/extracted/mocha_timit/fsew0_v1.1/fsew0_272.ema,data/processed/mocha_aai_decoded/fsew0/272.npz,75494,16000,4.71837,2192,4.382,0.33637,1.0,0.0,
fsew0,273,train,data/extracted/mocha_timit/fsew0_v1.1/fsew0_273.wav,data/extracted/mocha_timit/fsew0_v1.1/fsew0_273.ema,data/processed/mocha_aai_decoded/fsew0/273.npz,72495,16000,4.53094,2061,4.12,0.41094,1.0,0.0,
fsew0,274,train,data/extracted/mocha_timit/fsew0_v1.1/fsew0_274.wav,data/extracted/mocha_timit/fsew0_v1.1/fsew0_274.ema,data/processed/mocha_aai_decoded/fsew0/274.npz,55499,16000,3.46869,1595,3.188,0.28069,1.0,0.0,
fsew0,275,train,data/extracted/mocha_timit/fsew0_v1.1/fsew0_275.wav,data/extracted/mocha_timit/fsew0_v1.1/fsew0_275.ema,data/processed/mocha_aai_decoded/fsew0/275.npz,55488,16000,3.468,1566,3.13,0.338,1.0,0.0,
fsew0,276,train,data/extracted/mocha_timit/fsew0_v1.1/fsew0_276.wav,data/extracted/mocha_timit/fsew0_v1.1/fsew0_276.ema,data/processed/mocha_aai_decoded/fsew0/276.npz,63495,16000,3.96844,1784,3.566,0.40244,1.0,0.0,
fsew0,277,train,data/extracted/mocha_timit/fsew0_v1.1/fsew0_277.wav,data/extracted/mocha_timit/fsew0_v1.1/fsew0_277.ema,data/processed/mocha_aai_decoded/fsew0/277.npz,55434,16000,3.46462,1583,3.164,0.30062,1.0,0.0,
fsew0,278,train,data/extracted/mocha_timit/fsew0_v1.1/fsew0_278.wav,data/extracted/mocha_timit/fsew0_v1.1/fsew0_278.ema,data/processed/mocha_aai_decoded/fsew0/278.npz,64499,16000,4.03119,1831,3.66,0.37119,1.0,0.0,
fsew0,279,train,data/extracted/mocha_timit/fsew0_v1.1/fsew0_279.wav,data/extracted/mocha_timit/fsew0_v1.1/fsew0_279.ema,data/processed/mocha_aai_decoded/fsew0/279.npz,76473,16000,4.77956,2150,4.298,0.48156,1.0,0.0,
fsew0,280,train,data/extracted/mocha_timit/fsew0_v1.1/fsew0_280.wav,data/extracted/mocha_timit/fsew0_v1.1/fsew0_280.ema,data/processed/mocha_aai_decoded/fsew0/280.npz,59490,16000,3.71813,1701,3.4,0.31812,1.0,0.0,
fsew0,281,train,data/extracted/mocha_timit/fsew0_v1.1/fsew0_281.wav,data/extracted/mocha_timit/fsew0_v1.1/fsew0_281.ema,data/processed/mocha_aai_decoded/fsew0/281.npz,63491,16000,3.96819,1828,3.654,0.31419,1.0,0.0,
fsew0,282,train,data/extracted/mocha_timit/fsew0_v1.1/fsew0_282.wav,data/extracted/mocha_timit/fsew0_v1.1/fsew0_282.ema,data/processed/mocha_aai_decoded/fsew0/282.npz,51491,16000,3.21819,1459,2.916,0.30219,1.0,0.0,
fsew0,283,train,data/extracted/mocha_timit/fsew0_v1.1/fsew0_283.wav,data/extracted/mocha_timit/fsew0_v1.1/fsew0_283.ema,data/processed/mocha_aai_decoded/fsew0/283.npz,79484,16000,4.96775,2308,4.614,0.35375,1.0,0.0,
fsew0,284,train,data/extracted/mocha_timit/fsew0_v1.1/fsew0_284.wav,data/extracted/mocha_timit/fsew0_v1.1/fsew0_284.ema,data/processed/mocha_aai_decoded/fsew0/284.npz,83495,16000,5.21844,2414,4.826,0.39244,1.0,0.0,
fsew0,285,train,data/extracted/mocha_timit/fsew0_v1.1/fsew0_285.wav,data/extracted/mocha_timit/fsew0_v1.1/fsew0_285.ema,data/processed/mocha_aai_decoded/fsew0/285.npz,47496,16000,2.9685,1309,2.616,0.3525,1.0,0.0,
fsew0,286,train,data/extracted/mocha_timit/fsew0_v1.1/fsew0_286.wav,data/extracted/mocha_timit/fsew0_v1.1/fsew0_286.ema,data/processed/mocha_aai_decoded/fsew0/286.npz,71501,16000,4.46881,2072,4.142,0.32681,1.0,0.0,
fsew0,287,train,data/extracted/mocha_timit/fsew0_v1.1/fsew0_287.wav,data/extracted/mocha_timit/fsew0_v1.1/fsew0_287.ema,data/processed/mocha_aai_decoded/fsew0/287.npz,79491,16000,4.96819,2234,4.466,0.50219,1.0,0.0,audio_ema_duration_gap_gt_0_5s
fsew0,288,train,data/extracted/mocha_timit/fsew0_v1.1/fsew0_288.wav,data/extracted/mocha_timit/fsew0_v1.1/fsew0_288.ema,data/processed/mocha_aai_decoded/fsew0/288.npz,67490,16000,4.21812,1967,3.932,0.28612,1.0,0.0,
fsew0,289,train,data/extracted/mocha_timit/fsew0_v1.1/fsew0_289.wav,data/extracted/mocha_timit/fsew0_v1.1/fsew0_289.ema,data/processed/mocha_aai_decoded/fsew0/289.npz,71498,16000,4.46863,1989,3.976,0.49262,1.0,0.0,
fsew0,290,train,data/extracted/mocha_timit/fsew0_v1.1/fsew0_290.wav,data/extracted/mocha_timit/fsew0_v1.1/fsew0_290.ema,data/processed/mocha_aai_decoded/fsew0/290.npz,71498,16000,4.46863,1998,3.994,0.47462,1.0,0.0,
fsew0,291,train,data/extracted/mocha_timit/fsew0_v1.1/fsew0_291.wav,data/extracted/mocha_timit/fsew0_v1.1/fsew0_291.ema,data/processed/mocha_aai_decoded/fsew0/291.npz,75379,16000,4.71119,2164,4.326,0.38519,1.0,0.0,
fsew0,292,train,data/extracted/mocha_timit/fsew0_v1.1/fsew0_292.wav,data/extracted/mocha_timit/fsew0_v1.1/fsew0_292.ema,data/processed/mocha_aai_decoded/fsew0/292.npz,67486,16000,4.21788,1950,3.898,0.31987,1.0,0.0,
fsew0,293,validation,data/extracted/mocha_timit/fsew0_v1.1/fsew0_293.wav,data/extracted/mocha_timit/fsew0_v1.1/fsew0_293.ema,data/processed/mocha_aai_decoded/fsew0/293.npz,67494,16000,4.21837,1948,3.894,0.32437,1.0,0.0,
fsew0,294,train,data/extracted/mocha_timit/fsew0_v1.1/fsew0_294.wav,data/extracted/mocha_timit/fsew0_v1.1/fsew0_294.ema,data/processed/mocha_aai_decoded/fsew0/294.npz,67498,16000,4.21863,1917,3.832,0.38662,1.0,0.0,
fsew0,295,test,data/extracted/mocha_timit/fsew0_v1.1/fsew0_295.wav,data/extracted/mocha_timit/fsew0_v1.1/fsew0_295.ema,data/processed/mocha_aai_decoded/fsew0/295.npz,79424,16000,4.964,2230,4.458,0.506,1.0,0.0,audio_ema_duration_gap_gt_0_5s
fsew0,296,train,data/extracted/mocha_timit/fsew0_v1.1/fsew0_296.wav,data/extracted/mocha_timit/fsew0_v1.1/fsew0_296.ema,data/processed/mocha_aai_decoded/fsew0/296.npz,63488,16000,3.968,1818,3.634,0.334,1.0,0.0,
fsew0,297,train,data/extracted/mocha_timit/fsew0_v1.1/fsew0_297.wav,data/extracted/mocha_timit/fsew0_v1.1/fsew0_297.ema,data/processed/mocha_aai_decoded/fsew0/297.npz,83495,16000,5.21844,2381,4.76,0.45844,1.0,0.0,
fsew0,298,train,data/extracted/mocha_timit/fsew0_v1.1/fsew0_298.wav,data/extracted/mocha_timit/fsew0_v1.1/fsew0_298.ema,data/processed/mocha_aai_decoded/fsew0/298.npz,75504,16000,4.719,2200,4.398,0.321,1.0,0.0,
fsew0,299,train,data/extracted/mocha_timit/fsew0_v1.1/fsew0_299.wav,data/extracted/mocha_timit/fsew0_v1.1/fsew0_299.ema,data/processed/mocha_aai_decoded/fsew0/299.npz,55492,16000,3.46825,1522,3.042,0.42625,1.0,0.0,
fsew0,300,train,data/extracted/mocha_timit/fsew0_v1.1/fsew0_300.wav,data/extracted/mocha_timit/fsew0_v1.1/fsew0_300.ema,data/processed/mocha_aai_decoded/fsew0/300.npz,76504,16000,4.7815,2139,4.276,0.5055,1.0,0.0,audio_ema_duration_gap_gt_0_5s
fsew0,301,train,data/extracted/mocha_timit/fsew0_v1.1/fsew0_301.wav,data/extracted/mocha_timit/fsew0_v1.1/fsew0_301.ema,data/processed/mocha_aai_decoded/fsew0/301.npz,63490,16000,3.96813,1739,3.476,0.49212,1.0,0.0,
fsew0,302,train,data/extracted/mocha_timit/fsew0_v1.1/fsew0_302.wav,data/extracted/mocha_timit/fsew0_v1.1/fsew0_302.ema,data/processed/mocha_aai_decoded/fsew0/302.npz,51495,16000,3.21844,1496,2.99,0.22844,1.0,0.0,
fsew0,303,train,data/extracted/mocha_timit/fsew0_v1.1/fsew0_303.wav,data/extracted/mocha_timit/fsew0_v1.1/fsew0_303.ema,data/processed/mocha_aai_decoded/fsew0/303.npz,75450,16000,4.71563,2136,4.27,0.44563,1.0,0.0,
fsew0,304,train,data/extracted/mocha_timit/fsew0_v1.1/fsew0_304.wav,data/extracted/mocha_timit/fsew0_v1.1/fsew0_304.ema,data/processed/mocha_aai_decoded/fsew0/304.npz,59259,16000,3.70369,1643,3.284,0.41969,1.0,0.0,
fsew0,305,train,data/extracted/mocha_timit/fsew0_v1.1/fsew0_305.wav,data/extracted/mocha_timit/fsew0_v1.1/fsew0_305.ema,data/processed/mocha_aai_decoded/fsew0/305.npz,51494,16000,3.21837,1422,2.842,0.37637,1.0,0.0,
fsew0,306,train,data/extracted/mocha_timit/fsew0_v1.1/fsew0_306.wav,data/extracted/mocha_timit/fsew0_v1.1/fsew0_306.ema,data/processed/mocha_aai_decoded/fsew0/306.npz,67494,16000,4.21837,1876,3.75,0.46837,1.0,0.0,
fsew0,307,train,data/extracted/mocha_timit/fsew0_v1.1/fsew0_307.wav,data/extracted/mocha_timit/fsew0_v1.1/fsew0_307.ema,data/processed/mocha_aai_decoded/fsew0/307.npz,59488,16000,3.718,1706,3.41,0.308,1.0,0.0,
fsew0,308,train,data/extracted/mocha_timit/fsew0_v1.1/fsew0_308.wav,data/extracted/mocha_timit/fsew0_v1.1/fsew0_308.ema,data/processed/mocha_aai_decoded/fsew0/308.npz,55277,16000,3.45481,1540,3.078,0.37681,1.0,0.0,
fsew0,309,train,data/extracted/mocha_timit/fsew0_v1.1/fsew0_309.wav,data/extracted/mocha_timit/fsew0_v1.1/fsew0_309.ema,data/processed/mocha_aai_decoded/fsew0/309.npz,71494,16000,4.46837,2059,4.116,0.35237,1.0,0.0,
fsew0,310,train,data/extracted/mocha_timit/fsew0_v1.1/fsew0_310.wav,data/extracted/mocha_timit/fsew0_v1.1/fsew0_310.ema,data/processed/mocha_aai_decoded/fsew0/310.npz,59494,16000,3.71837,1639,3.276,0.44237,1.0,0.0,
fsew0,311,validation,data/extracted/mocha_timit/fsew0_v1.1/fsew0_311.wav,data/extracted/mocha_timit/fsew0_v1.1/fsew0_311.ema,data/processed/mocha_aai_decoded/fsew0/311.npz,59494,16000,3.71837,1713,3.424,0.29437,1.0,0.0,
fsew0,312,train,data/extracted/mocha_timit/fsew0_v1.1/fsew0_312.wav,data/extracted/mocha_timit/fsew0_v1.1/fsew0_312.ema,data/processed/mocha_aai_decoded/fsew0/312.npz,51499,16000,3.21869,1437,2.872,0.34669,1.0,0.0,
fsew0,313,train,data/extracted/mocha_timit/fsew0_v1.1/fsew0_313.wav,data/extracted/mocha_timit/fsew0_v1.1/fsew0_313.ema,data/processed/mocha_aai_decoded/fsew0/313.npz,63495,16000,3.96844,1730,3.458,0.51044,1.0,0.0,audio_ema_duration_gap_gt_0_5s
fsew0,314,train,data/extracted/mocha_timit/fsew0_v1.1/fsew0_314.wav,data/extracted/mocha_timit/fsew0_v1.1/fsew0_314.ema,data/processed/mocha_aai_decoded/fsew0/314.npz,68503,16000,4.28144,1936,3.87,0.41144,1.0,0.0,
fsew0,315,train,data/extracted/mocha_timit/fsew0_v1.1/fsew0_315.wav,data/extracted/mocha_timit/fsew0_v1.1/fsew0_315.ema,data/processed/mocha_aai_decoded/fsew0/315.npz,63216,16000,3.951,1720,3.438,0.513,1.0,0.0,audio_ema_duration_gap_gt_0_5s
fsew0,316,train,data/extracted/mocha_timit/fsew0_v1.1/fsew0_316.wav,data/extracted/mocha_timit/fsew0_v1.1/fsew0_316.ema,data/processed/mocha_aai_decoded/fsew0/316.npz,83503,16000,5.21894,2394,4.786,0.43294,1.0,0.0,
fsew0,317,train,data/extracted/mocha_timit/fsew0_v1.1/fsew0_317.wav,data/extracted/mocha_timit/fsew0_v1.1/fsew0_317.ema,data/processed/mocha_aai_decoded/fsew0/317.npz,79491,16000,4.96819,2314,4.626,0.34219,1.0,0.0,
fsew0,318,train,data/extracted/mocha_timit/fsew0_v1.1/fsew0_318.wav,data/extracted/mocha_timit/fsew0_v1.1/fsew0_318.ema,data/processed/mocha_aai_decoded/fsew0/318.npz,59487,16000,3.71794,1715,3.428,0.28994,1.0,0.0,
fsew0,319,train,data/extracted/mocha_timit/fsew0_v1.1/fsew0_319.wav,data/extracted/mocha_timit/fsew0_v1.1/fsew0_319.ema,data/processed/mocha_aai_decoded/fsew0/319.npz,67503,16000,4.21894,1891,3.78,0.43894,1.0,0.0,
fsew0,320,train,data/extracted/mocha_timit/fsew0_v1.1/fsew0_320.wav,data/extracted/mocha_timit/fsew0_v1.1/fsew0_320.ema,data/processed/mocha_aai_decoded/fsew0/320.npz,59420,16000,3.71375,1730,3.458,0.25575,1.0,0.0,
fsew0,321,train,data/extracted/mocha_timit/fsew0_v1.1/fsew0_321.wav,data/extracted/mocha_timit/fsew0_v1.1/fsew0_321.ema,data/processed/mocha_aai_decoded/fsew0/321.npz,55490,16000,3.46813,1549,3.096,0.37212,1.0,0.0,
fsew0,322,train,data/extracted/mocha_timit/fsew0_v1.1/fsew0_322.wav,data/extracted/mocha_timit/fsew0_v1.1/fsew0_322.ema,data/processed/mocha_aai_decoded/fsew0/322.npz,59494,16000,3.71837,1638,3.274,0.44437,1.0,0.0,
fsew0,323,train,data/extracted/mocha_timit/fsew0_v1.1/fsew0_323.wav,data/extracted/mocha_timit/fsew0_v1.1/fsew0_323.ema,data/processed/mocha_aai_decoded/fsew0/323.npz,59486,16000,3.71787,1678,3.354,0.36387,1.0,0.0,
fsew0,324,train,data/extracted/mocha_timit/fsew0_v1.1/fsew0_324.wav,data/extracted/mocha_timit/fsew0_v1.1/fsew0_324.ema,data/processed/mocha_aai_decoded/fsew0/324.npz,64499,16000,4.03119,1847,3.692,0.33919,1.0,0.0,
fsew0,325,train,data/extracted/mocha_timit/fsew0_v1.1/fsew0_325.wav,data/extracted/mocha_timit/fsew0_v1.1/fsew0_325.ema,data/processed/mocha_aai_decoded/fsew0/325.npz,71503,16000,4.46894,2068,4.134,0.33494,1.0,0.0,
fsew0,326,train,data/extracted/mocha_timit/fsew0_v1.1/fsew0_326.wav,data/extracted/mocha_timit/fsew0_v1.1/fsew0_326.ema,data/processed/mocha_aai_decoded/fsew0/326.npz,75496,16000,4.7185,2148,4.294,0.4245,1.0,0.0,
fsew0,327,validation,data/extracted/mocha_timit/fsew0_v1.1/fsew0_327.wav,data/extracted/mocha_timit/fsew0_v1.1/fsew0_327.ema,data/processed/mocha_aai_decoded/fsew0/327.npz,51430,16000,3.21437,1469,2.936,0.27837,1.0,0.0,
fsew0,328,train,data/extracted/mocha_timit/fsew0_v1.1/fsew0_328.wav,data/extracted/mocha_timit/fsew0_v1.1/fsew0_328.ema,data/processed/mocha_aai_decoded/fsew0/328.npz,55496,16000,3.4685,1537,3.072,0.3965,1.0,0.0,
fsew0,329,train,data/extracted/mocha_timit/fsew0_v1.1/fsew0_329.wav,data/extracted/mocha_timit/fsew0_v1.1/fsew0_329.ema,data/processed/mocha_aai_decoded/fsew0/329.npz,84494,16000,5.28087,2476,4.95,0.33087,1.0,0.0,
fsew0,330,train,data/extracted/mocha_timit/fsew0_v1.1/fsew0_330.wav,data/extracted/mocha_timit/fsew0_v1.1/fsew0_330.ema,data/processed/mocha_aai_decoded/fsew0/330.npz,55492,16000,3.46825,1510,3.018,0.45025,1.0,0.0,
fsew0,331,train,data/extracted/mocha_timit/fsew0_v1.1/fsew0_331.wav,data/extracted/mocha_timit/fsew0_v1.1/fsew0_331.ema,data/processed/mocha_aai_decoded/fsew0/331.npz,60491,16000,3.78069,1713,3.424,0.35669,1.0,0.0,
fsew0,332,train,data/extracted/mocha_timit/fsew0_v1.1/fsew0_332.wav,data/extracted/mocha_timit/fsew0_v1.1/fsew0_332.ema,data/processed/mocha_aai_decoded/fsew0/332.npz,83502,16000,5.21887,2445,4.888,0.33087,1.0,0.0,
fsew0,333,train,data/extracted/mocha_timit/fsew0_v1.1/fsew0_333.wav,data/extracted/mocha_timit/fsew0_v1.1/fsew0_333.ema,data/processed/mocha_aai_decoded/fsew0/333.npz,76308,16000,4.76925,2149,4.296,0.47325,1.0,0.0,
fsew0,334,train,data/extracted/mocha_timit/fsew0_v1.1/fsew0_334.wav,data/extracted/mocha_timit/fsew0_v1.1/fsew0_334.ema,data/processed/mocha_aai_decoded/fsew0/334.npz,79436,16000,4.96475,2248,4.494,0.47075,1.0,0.0,
fsew0,335,train,data/extracted/mocha_timit/fsew0_v1.1/fsew0_335.wav,data/extracted/mocha_timit/fsew0_v1.1/fsew0_335.ema,data/processed/mocha_aai_decoded/fsew0/335.npz,67498,16000,4.21863,1928,3.854,0.36462,1.0,0.0,
fsew0,336,train,data/extracted/mocha_timit/fsew0_v1.1/fsew0_336.wav,data/extracted/mocha_timit/fsew0_v1.1/fsew0_336.ema,data/processed/mocha_aai_decoded/fsew0/336.npz,67490,16000,4.21812,1863,3.724,0.49412,1.0,0.0,
fsew0,337,train,data/extracted/mocha_timit/fsew0_v1.1/fsew0_337.wav,data/extracted/mocha_timit/fsew0_v1.1/fsew0_337.ema,data/processed/mocha_aai_decoded/fsew0/337.npz,87328,16000,5.458,2505,5.008,0.45,1.0,0.0,
fsew0,338,train,data/extracted/mocha_timit/fsew0_v1.1/fsew0_338.wav,data/extracted/mocha_timit/fsew0_v1.1/fsew0_338.ema,data/processed/mocha_aai_decoded/fsew0/338.npz,91273,16000,5.70456,2609,5.216,0.48856,1.0,0.0,
fsew0,339,train,data/extracted/mocha_timit/fsew0_v1.1/fsew0_339.wav,data/extracted/mocha_timit/fsew0_v1.1/fsew0_339.ema,data/processed/mocha_aai_decoded/fsew0/339.npz,55491,16000,3.46819,1602,3.202,0.26619,1.0,0.0,
fsew0,340,train,data/extracted/mocha_timit/fsew0_v1.1/fsew0_340.wav,data/extracted/mocha_timit/fsew0_v1.1/fsew0_340.ema,data/processed/mocha_aai_decoded/fsew0/340.npz,83502,16000,5.21887,2469,4.936,0.28287,1.0,0.0,
fsew0,341,validation,data/extracted/mocha_timit/fsew0_v1.1/fsew0_341.wav,data/extracted/mocha_timit/fsew0_v1.1/fsew0_341.ema,data/processed/mocha_aai_decoded/fsew0/341.npz,71486,16000,4.46788,2096,4.19,0.27787,1.0,0.0,
fsew0,342,train,data/extracted/mocha_timit/fsew0_v1.1/fsew0_342.wav,data/extracted/mocha_timit/fsew0_v1.1/fsew0_342.ema,data/processed/mocha_aai_decoded/fsew0/342.npz,59346,16000,3.70912,1695,3.388,0.32112,1.0,0.0,
fsew0,343,train,data/extracted/mocha_timit/fsew0_v1.1/fsew0_343.wav,data/extracted/mocha_timit/fsew0_v1.1/fsew0_343.ema,data/processed/mocha_aai_decoded/fsew0/343.npz,63498,16000,3.96862,1850,3.698,0.27062,1.0,0.0,
fsew0,344,train,data/extracted/mocha_timit/fsew0_v1.1/fsew0_344.wav,data/extracted/mocha_timit/fsew0_v1.1/fsew0_344.ema,data/processed/mocha_aai_decoded/fsew0/344.npz,55430,16000,3.46437,1587,3.172,0.29237,1.0,0.0,
fsew0,345,validation,data/extracted/mocha_timit/fsew0_v1.1/fsew0_345.wav,data/extracted/mocha_timit/fsew0_v1.1/fsew0_345.ema,data/processed/mocha_aai_decoded/fsew0/345.npz,63476,16000,3.96725,1734,3.466,0.50125,1.0,0.0,audio_ema_duration_gap_gt_0_5s
fsew0,346,train,data/extracted/mocha_timit/fsew0_v1.1/fsew0_346.wav,data/extracted/mocha_timit/fsew0_v1.1/fsew0_346.ema,data/processed/mocha_aai_decoded/fsew0/346.npz,63499,16000,3.96869,1778,3.554,0.41469,1.0,0.0,
fsew0,347,train,data/extracted/mocha_timit/fsew0_v1.1/fsew0_347.wav,data/extracted/mocha_timit/fsew0_v1.1/fsew0_347.ema,data/processed/mocha_aai_decoded/fsew0/347.npz,75482,16000,4.71762,2223,4.444,0.27362,1.0,0.0,
fsew0,348,train,data/extracted/mocha_timit/fsew0_v1.1/fsew0_348.wav,data/extracted/mocha_timit/fsew0_v1.1/fsew0_348.ema,data/processed/mocha_aai_decoded/fsew0/348.npz,67449,16000,4.21556,1882,3.762,0.45356,1.0,0.0,
fsew0,349,validation,data/extracted/mocha_timit/fsew0_v1.1/fsew0_349.wav,data/extracted/mocha_timit/fsew0_v1.1/fsew0_349.ema,data/processed/mocha_aai_decoded/fsew0/349.npz,51460,16000,3.21625,1389,2.776,0.44025,1.0,0.0,
fsew0,350,train,data/extracted/mocha_timit/fsew0_v1.1/fsew0_350.wav,data/extracted/mocha_timit/fsew0_v1.1/fsew0_350.ema,data/processed/mocha_aai_decoded/fsew0/350.npz,64505,16000,4.03156,1866,3.73,0.30156,1.0,0.0,
fsew0,351,train,data/extracted/mocha_timit/fsew0_v1.1/fsew0_351.wav,data/extracted/mocha_timit/fsew0_v1.1/fsew0_351.ema,data/processed/mocha_aai_decoded/fsew0/351.npz,76494,16000,4.78087,2164,4.326,0.45487,1.0,0.0,
fsew0,352,train,data/extracted/mocha_timit/fsew0_v1.1/fsew0_352.wav,data/extracted/mocha_timit/fsew0_v1.1/fsew0_352.ema,data/processed/mocha_aai_decoded/fsew0/352.npz,83494,16000,5.21837,2396,4.79,0.42837,1.0,0.0,
fsew0,353,train,data/extracted/mocha_timit/fsew0_v1.1/fsew0_353.wav,data/extracted/mocha_timit/fsew0_v1.1/fsew0_353.ema,data/processed/mocha_aai_decoded/fsew0/353.npz,71499,16000,4.46869,2086,4.17,0.29869,1.0,0.0,
fsew0,354,train,data/extracted/mocha_timit/fsew0_v1.1/fsew0_354.wav,data/extracted/mocha_timit/fsew0_v1.1/fsew0_354.ema,data/processed/mocha_aai_decoded/fsew0/354.npz,87494,16000,5.46837,2515,5.028,0.44037,1.0,0.0,
fsew0,355,train,data/extracted/mocha_timit/fsew0_v1.1/fsew0_355.wav,data/extracted/mocha_timit/fsew0_v1.1/fsew0_355.ema,data/processed/mocha_aai_decoded/fsew0/355.npz,83494,16000,5.21837,2425,4.848,0.37037,1.0,0.0,
fsew0,356,train,data/extracted/mocha_timit/fsew0_v1.1/fsew0_356.wav,data/extracted/mocha_timit/fsew0_v1.1/fsew0_356.ema,data/processed/mocha_aai_decoded/fsew0/356.npz,83490,16000,5.21812,2381,4.76,0.45812,1.0,0.0,
fsew0,357,train,data/extracted/mocha_timit/fsew0_v1.1/fsew0_357.wav,data/extracted/mocha_timit/fsew0_v1.1/fsew0_357.ema,data/processed/mocha_aai_decoded/fsew0/357.npz,87301,16000,5.45631,2550,5.098,0.35831,1.0,0.0,
fsew0,358,train,data/extracted/mocha_timit/fsew0_v1.1/fsew0_358.wav,data/extracted/mocha_timit/fsew0_v1.1/fsew0_358.ema,data/processed/mocha_aai_decoded/fsew0/358.npz,67504,16000,4.219,1912,3.822,0.397,1.0,0.0,
fsew0,359,train,data/extracted/mocha_timit/fsew0_v1.1/fsew0_359.wav,data/extracted/mocha_timit/fsew0_v1.1/fsew0_359.ema,data/processed/mocha_aai_decoded/fsew0/359.npz,71432,16000,4.4645,2002,4.002,0.4625,1.0,0.0,
fsew0,360,train,data/extracted/mocha_timit/fsew0_v1.1/fsew0_360.wav,data/extracted/mocha_timit/fsew0_v1.1/fsew0_360.ema,data/processed/mocha_aai_decoded/fsew0/360.npz,71490,16000,4.46812,1978,3.954,0.51412,1.0,0.0,audio_ema_duration_gap_gt_0_5s
fsew0,361,train,data/extracted/mocha_timit/fsew0_v1.1/fsew0_361.wav,data/extracted/mocha_timit/fsew0_v1.1/fsew0_361.ema,data/processed/mocha_aai_decoded/fsew0/361.npz,75422,16000,4.71387,2109,4.216,0.49787,1.0,0.0,
fsew0,362,train,data/extracted/mocha_timit/fsew0_v1.1/fsew0_362.wav,data/extracted/mocha_timit/fsew0_v1.1/fsew0_362.ema,data/processed/mocha_aai_decoded/fsew0/362.npz,75440,16000,4.715,2152,4.302,0.413,1.0,0.0,
fsew0,363,train,data/extracted/mocha_timit/fsew0_v1.1/fsew0_363.wav,data/extracted/mocha_timit/fsew0_v1.1/fsew0_363.ema,data/processed/mocha_aai_decoded/fsew0/363.npz,59478,16000,3.71738,1709,3.416,0.30137,1.0,0.0,
fsew0,364,train,data/extracted/mocha_timit/fsew0_v1.1/fsew0_364.wav,data/extracted/mocha_timit/fsew0_v1.1/fsew0_364.ema,data/processed/mocha_aai_decoded/fsew0/364.npz,75490,16000,4.71812,2210,4.418,0.30012,1.0,0.0,
fsew0,365,train,data/extracted/mocha_timit/fsew0_v1.1/fsew0_365.wav,data/extracted/mocha_timit/fsew0_v1.1/fsew0_365.ema,data/processed/mocha_aai_decoded/fsew0/365.npz,63496,16000,3.9685,1769,3.536,0.4325,1.0,0.0,
fsew0,366,train,data/extracted/mocha_timit/fsew0_v1.1/fsew0_366.wav,data/extracted/mocha_timit/fsew0_v1.1/fsew0_366.ema,data/processed/mocha_aai_decoded/fsew0/366.npz,63494,16000,3.96837,1770,3.538,0.43037,1.0,0.0,
fsew0,367,test,data/extracted/mocha_timit/fsew0_v1.1/fsew0_367.wav,data/extracted/mocha_timit/fsew0_v1.1/fsew0_367.ema,data/processed/mocha_aai_decoded/fsew0/367.npz,71248,16000,4.453,2063,4.124,0.329,1.0,0.0,
fsew0,368,train,data/extracted/mocha_timit/fsew0_v1.1/fsew0_368.wav,data/extracted/mocha_timit/fsew0_v1.1/fsew0_368.ema,data/processed/mocha_aai_decoded/fsew0/368.npz,63555,16000,3.97219,1765,3.528,0.44419,1.0,0.0,
fsew0,369,train,data/extracted/mocha_timit/fsew0_v1.1/fsew0_369.wav,data/extracted/mocha_timit/fsew0_v1.1/fsew0_369.ema,data/processed/mocha_aai_decoded/fsew0/369.npz,107503,16000,6.71894,3210,6.418,0.30094,1.0,0.0,
fsew0,370,train,data/extracted/mocha_timit/fsew0_v1.1/fsew0_370.wav,data/extracted/mocha_timit/fsew0_v1.1/fsew0_370.ema,data/processed/mocha_aai_decoded/fsew0/370.npz,75486,16000,4.71788,2121,4.24,0.47787,1.0,0.0,
fsew0,371,train,data/extracted/mocha_timit/fsew0_v1.1/fsew0_371.wav,data/extracted/mocha_timit/fsew0_v1.1/fsew0_371.ema,data/processed/mocha_aai_decoded/fsew0/371.npz,79476,16000,4.96725,2230,4.458,0.50925,1.0,0.0,audio_ema_duration_gap_gt_0_5s
fsew0,372,train,data/extracted/mocha_timit/fsew0_v1.1/fsew0_372.wav,data/extracted/mocha_timit/fsew0_v1.1/fsew0_372.ema,data/processed/mocha_aai_decoded/fsew0/372.npz,59491,16000,3.71819,1653,3.304,0.41419,1.0,0.0,
fsew0,373,train,data/extracted/mocha_timit/fsew0_v1.1/fsew0_373.wav,data/extracted/mocha_timit/fsew0_v1.1/fsew0_373.ema,data/processed/mocha_aai_decoded/fsew0/373.npz,75504,16000,4.719,2111,4.22,0.499,1.0,0.0,
fsew0,374,train,data/extracted/mocha_timit/fsew0_v1.1/fsew0_374.wav,data/extracted/mocha_timit/fsew0_v1.1/fsew0_374.ema,data/processed/mocha_aai_decoded/fsew0/374.npz,59498,16000,3.71862,1698,3.394,0.32462,1.0,0.0,
fsew0,375,train,data/extracted/mocha_timit/fsew0_v1.1/fsew0_375.wav,data/extracted/mocha_timit/fsew0_v1.1/fsew0_375.ema,data/processed/mocha_aai_decoded/fsew0/375.npz,67498,16000,4.21863,1890,3.778,0.44062,1.0,0.0,
fsew0,376,train,data/extracted/mocha_timit/fsew0_v1.1/fsew0_376.wav,data/extracted/mocha_timit/fsew0_v1.1/fsew0_376.ema,data/processed/mocha_aai_decoded/fsew0/376.npz,75473,16000,4.71706,2140,4.278,0.43906,1.0,0.0,
fsew0,377,train,data/extracted/mocha_timit/fsew0_v1.1/fsew0_377.wav,data/extracted/mocha_timit/fsew0_v1.1/fsew0_377.ema,data/processed/mocha_aai_decoded/fsew0/377.npz,75503,16000,4.71894,2116,4.23,0.48894,1.0,0.0,
fsew0,378,train,data/extracted/mocha_timit/fsew0_v1.1/fsew0_378.wav,data/extracted/mocha_timit/fsew0_v1.1/fsew0_378.ema,data/processed/mocha_aai_decoded/fsew0/378.npz,79504,16000,4.969,2345,4.688,0.281,1.0,0.0,
fsew0,379,train,data/extracted/mocha_timit/fsew0_v1.1/fsew0_379.wav,data/extracted/mocha_timit/fsew0_v1.1/fsew0_379.ema,data/processed/mocha_aai_decoded/fsew0/379.npz,63242,16000,3.95262,1778,3.554,0.39862,1.0,0.0,
fsew0,380,train,data/extracted/mocha_timit/fsew0_v1.1/fsew0_380.wav,data/extracted/mocha_timit/fsew0_v1.1/fsew0_380.ema,data/processed/mocha_aai_decoded/fsew0/380.npz,51301,16000,3.20631,1451,2.9,0.30631,1.0,0.0,
fsew0,381,train,data/extracted/mocha_timit/fsew0_v1.1/fsew0_381.wav,data/extracted/mocha_timit/fsew0_v1.1/fsew0_381.ema,data/processed/mocha_aai_decoded/fsew0/381.npz,67490,16000,4.21812,1895,3.788,0.43012,1.0,0.0,
fsew0,382,train,data/extracted/mocha_timit/fsew0_v1.1/fsew0_382.wav,data/extracted/mocha_timit/fsew0_v1.1/fsew0_382.ema,data/processed/mocha_aai_decoded/fsew0/382.npz,59525,16000,3.72031,1686,3.37,0.35031,1.0,0.0,
fsew0,383,train,data/extracted/mocha_timit/fsew0_v1.1/fsew0_383.wav,data/extracted/mocha_timit/fsew0_v1.1/fsew0_383.ema,data/processed/mocha_aai_decoded/fsew0/383.npz,63503,16000,3.96894,1802,3.602,0.36694,1.0,0.0,
fsew0,384,train,data/extracted/mocha_timit/fsew0_v1.1/fsew0_384.wav,data/extracted/mocha_timit/fsew0_v1.1/fsew0_384.ema,data/processed/mocha_aai_decoded/fsew0/384.npz,79494,16000,4.96837,2262,4.522,0.44637,1.0,0.0,
fsew0,385,train,data/extracted/mocha_timit/fsew0_v1.1/fsew0_385.wav,data/extracted/mocha_timit/fsew0_v1.1/fsew0_385.ema,data/processed/mocha_aai_decoded/fsew0/385.npz,63430,16000,3.96437,1840,3.678,0.28637,1.0,0.0,
fsew0,386,train,data/extracted/mocha_timit/fsew0_v1.1/fsew0_386.wav,data/extracted/mocha_timit/fsew0_v1.1/fsew0_386.ema,data/processed/mocha_aai_decoded/fsew0/386.npz,55490,16000,3.46813,1535,3.068,0.40012,1.0,0.0,
fsew0,387,train,data/extracted/mocha_timit/fsew0_v1.1/fsew0_387.wav,data/extracted/mocha_timit/fsew0_v1.1/fsew0_387.ema,data/processed/mocha_aai_decoded/fsew0/387.npz,59490,16000,3.71813,1670,3.338,0.38012,1.0,0.0,
fsew0,388,train,data/extracted/mocha_timit/fsew0_v1.1/fsew0_388.wav,data/extracted/mocha_timit/fsew0_v1.1/fsew0_388.ema,data/processed/mocha_aai_decoded/fsew0/388.npz,71377,16000,4.46106,2015,4.028,0.43306,1.0,0.0,
fsew0,389,train,data/extracted/mocha_timit/fsew0_v1.1/fsew0_389.wav,data/extracted/mocha_timit/fsew0_v1.1/fsew0_389.ema,data/processed/mocha_aai_decoded/fsew0/389.npz,63436,16000,3.96475,1763,3.524,0.44075,1.0,0.0,
fsew0,390,train,data/extracted/mocha_timit/fsew0_v1.1/fsew0_390.wav,data/extracted/mocha_timit/fsew0_v1.1/fsew0_390.ema,data/processed/mocha_aai_decoded/fsew0/390.npz,47495,16000,2.96844,1354,2.706,0.26244,1.0,0.0,
fsew0,391,train,data/extracted/mocha_timit/fsew0_v1.1/fsew0_391.wav,data/extracted/mocha_timit/fsew0_v1.1/fsew0_391.ema,data/processed/mocha_aai_decoded/fsew0/391.npz,55503,16000,3.46894,1548,3.094,0.37494,1.0,0.0,
fsew0,392,train,data/extracted/mocha_timit/fsew0_v1.1/fsew0_392.wav,data/extracted/mocha_timit/fsew0_v1.1/fsew0_392.ema,data/processed/mocha_aai_decoded/fsew0/392.npz,63496,16000,3.9685,1803,3.604,0.3645,1.0,0.0,
fsew0,393,test,data/extracted/mocha_timit/fsew0_v1.1/fsew0_393.wav,data/extracted/mocha_timit/fsew0_v1.1/fsew0_393.ema,data/processed/mocha_aai_decoded/fsew0/393.npz,67494,16000,4.21837,1938,3.874,0.34437,1.0,0.0,
fsew0,394,train,data/extracted/mocha_timit/fsew0_v1.1/fsew0_394.wav,data/extracted/mocha_timit/fsew0_v1.1/fsew0_394.ema,data/processed/mocha_aai_decoded/fsew0/394.npz,43486,16000,2.71787,1191,2.38,0.33787,1.0,0.0,
fsew0,395,validation,data/extracted/mocha_timit/fsew0_v1.1/fsew0_395.wav,data/extracted/mocha_timit/fsew0_v1.1/fsew0_395.ema,data/processed/mocha_aai_decoded/fsew0/395.npz,75502,16000,4.71887,2103,4.204,0.51488,1.0,0.0,audio_ema_duration_gap_gt_0_5s
fsew0,396,train,data/extracted/mocha_timit/fsew0_v1.1/fsew0_396.wav,data/extracted/mocha_timit/fsew0_v1.1/fsew0_396.ema,data/processed/mocha_aai_decoded/fsew0/396.npz,55494,16000,3.46837,1547,3.092,0.37637,1.0,0.0,
fsew0,397,train,data/extracted/mocha_timit/fsew0_v1.1/fsew0_397.wav,data/extracted/mocha_timit/fsew0_v1.1/fsew0_397.ema,data/processed/mocha_aai_decoded/fsew0/397.npz,55494,16000,3.46837,1534,3.066,0.40237,1.0,0.0,
fsew0,398,train,data/extracted/mocha_timit/fsew0_v1.1/fsew0_398.wav,data/extracted/mocha_timit/fsew0_v1.1/fsew0_398.ema,data/processed/mocha_aai_decoded/fsew0/398.npz,47499,16000,2.96869,1329,2.656,0.31269,1.0,0.0,
fsew0,399,train,data/extracted/mocha_timit/fsew0_v1.1/fsew0_399.wav,data/extracted/mocha_timit/fsew0_v1.1/fsew0_399.ema,data/processed/mocha_aai_decoded/fsew0/399.npz,59494,16000,3.71837,1708,3.414,0.30437,1.0,0.0,
fsew0,400,train,data/extracted/mocha_timit/fsew0_v1.1/fsew0_400.wav,data/extracted/mocha_timit/fsew0_v1.1/fsew0_400.ema,data/processed/mocha_aai_decoded/fsew0/400.npz,51498,16000,3.21862,1471,2.94,0.27862,1.0,0.0,
fsew0,401,train,data/extracted/mocha_timit/fsew0_v1.1/fsew0_401.wav,data/extracted/mocha_timit/fsew0_v1.1/fsew0_401.ema,data/processed/mocha_aai_decoded/fsew0/401.npz,56502,16000,3.53138,1540,3.078,0.45337,1.0,0.0,
fsew0,402,train,data/extracted/mocha_timit/fsew0_v1.1/fsew0_402.wav,data/extracted/mocha_timit/fsew0_v1.1/fsew0_402.ema,data/processed/mocha_aai_decoded/fsew0/402.npz,39491,16000,2.46819,1096,2.19,0.27819,1.0,0.0,
fsew0,403,train,data/extracted/mocha_timit/fsew0_v1.1/fsew0_403.wav,data/extracted/mocha_timit/fsew0_v1.1/fsew0_403.ema,data/processed/mocha_aai_decoded/fsew0/403.npz,71496,16000,4.4685,2076,4.15,0.3185,1.0,0.0,
fsew0,404,test,data/extracted/mocha_timit/fsew0_v1.1/fsew0_404.wav,data/extracted/mocha_timit/fsew0_v1.1/fsew0_404.ema,data/processed/mocha_aai_decoded/fsew0/404.npz,63472,16000,3.967,1742,3.482,0.485,1.0,0.0,
fsew0,405,train,data/extracted/mocha_timit/fsew0_v1.1/fsew0_405.wav,data/extracted/mocha_timit/fsew0_v1.1/fsew0_405.ema,data/processed/mocha_aai_decoded/fsew0/405.npz,67499,16000,4.21869,1929,3.856,0.36269,1.0,0.0,
fsew0,406,validation,data/extracted/mocha_timit/fsew0_v1.1/fsew0_406.wav,data/extracted/mocha_timit/fsew0_v1.1/fsew0_406.ema,data/processed/mocha_aai_decoded/fsew0/406.npz,59502,16000,3.71888,1701,3.4,0.31887,1.0,0.0,
fsew0,407,train,data/extracted/mocha_timit/fsew0_v1.1/fsew0_407.wav,data/extracted/mocha_timit/fsew0_v1.1/fsew0_407.ema,data/processed/mocha_aai_decoded/fsew0/407.npz,63413,16000,3.96331,1766,3.53,0.43331,1.0,0.0,
fsew0,408,train,data/extracted/mocha_timit/fsew0_v1.1/fsew0_408.wav,data/extracted/mocha_timit/fsew0_v1.1/fsew0_408.ema,data/processed/mocha_aai_decoded/fsew0/408.npz,67496,16000,4.2185,1890,3.778,0.4405,1.0,0.0,
fsew0,409,train,data/extracted/mocha_timit/fsew0_v1.1/fsew0_409.wav,data/extracted/mocha_timit/fsew0_v1.1/fsew0_409.ema,data/processed/mocha_aai_decoded/fsew0/409.npz,67417,16000,4.21356,1971,3.94,0.27356,1.0,0.0,
fsew0,410,train,data/extracted/mocha_timit/fsew0_v1.1/fsew0_410.wav,data/extracted/mocha_timit/fsew0_v1.1/fsew0_410.ema,data/processed/mocha_aai_decoded/fsew0/410.npz,67490,16000,4.21812,1938,3.874,0.34412,1.0,0.0,
fsew0,411,train,data/extracted/mocha_timit/fsew0_v1.1/fsew0_411.wav,data/extracted/mocha_timit/fsew0_v1.1/fsew0_411.ema,data/processed/mocha_aai_decoded/fsew0/411.npz,63492,16000,3.96825,1826,3.65,0.31825,1.0,0.0,
fsew0,412,train,data/extracted/mocha_timit/fsew0_v1.1/fsew0_412.wav,data/extracted/mocha_timit/fsew0_v1.1/fsew0_412.ema,data/processed/mocha_aai_decoded/fsew0/412.npz,55492,16000,3.46825,1521,3.04,0.42825,1.0,0.0,
fsew0,413,train,data/extracted/mocha_timit/fsew0_v1.1/fsew0_413.wav,data/extracted/mocha_timit/fsew0_v1.1/fsew0_413.ema,data/processed/mocha_aai_decoded/fsew0/413.npz,71507,16000,4.46919,2086,4.17,0.29919,1.0,0.0,
fsew0,414,train,data/extracted/mocha_timit/fsew0_v1.1/fsew0_414.wav,data/extracted/mocha_timit/fsew0_v1.1/fsew0_414.ema,data/processed/mocha_aai_decoded/fsew0/414.npz,67494,16000,4.21837,1925,3.848,0.37037,1.0,0.0,
fsew0,415,train,data/extracted/mocha_timit/fsew0_v1.1/fsew0_415.wav,data/extracted/mocha_timit/fsew0_v1.1/fsew0_415.ema,data/processed/mocha_aai_decoded/fsew0/415.npz,55494,16000,3.46837,1520,3.038,0.43037,1.0,0.0,
fsew0,416,test,data/extracted/mocha_timit/fsew0_v1.1/fsew0_416.wav,data/extracted/mocha_timit/fsew0_v1.1/fsew0_416.ema,data/processed/mocha_aai_decoded/fsew0/416.npz,67492,16000,4.21825,1940,3.878,0.34025,1.0,0.0,
fsew0,417,train,data/extracted/mocha_timit/fsew0_v1.1/fsew0_417.wav,data/extracted/mocha_timit/fsew0_v1.1/fsew0_417.ema,data/processed/mocha_aai_decoded/fsew0/417.npz,51501,16000,3.21881,1474,2.946,0.27281,1.0,0.0,
fsew0,418,train,data/extracted/mocha_timit/fsew0_v1.1/fsew0_418.wav,data/extracted/mocha_timit/fsew0_v1.1/fsew0_418.ema,data/processed/mocha_aai_decoded/fsew0/418.npz,63495,16000,3.96844,1775,3.548,0.42044,1.0,0.0,
fsew0,419,train,data/extracted/mocha_timit/fsew0_v1.1/fsew0_419.wav,data/extracted/mocha_timit/fsew0_v1.1/fsew0_419.ema,data/processed/mocha_aai_decoded/fsew0/419.npz,63492,16000,3.96825,1850,3.698,0.27025,1.0,0.0,
fsew0,420,train,data/extracted/mocha_timit/fsew0_v1.1/fsew0_420.wav,data/extracted/mocha_timit/fsew0_v1.1/fsew0_420.ema,data/processed/mocha_aai_decoded/fsew0/420.npz,67390,16000,4.21188,1951,3.9,0.31187,1.0,0.0,
fsew0,421,train,data/extracted/mocha_timit/fsew0_v1.1/fsew0_421.wav,data/extracted/mocha_timit/fsew0_v1.1/fsew0_421.ema,data/processed/mocha_aai_decoded/fsew0/421.npz,63365,16000,3.96031,1764,3.526,0.43431,1.0,0.0,
fsew0,422,test,data/extracted/mocha_timit/fsew0_v1.1/fsew0_422.wav,data/extracted/mocha_timit/fsew0_v1.1/fsew0_422.ema,data/processed/mocha_aai_decoded/fsew0/422.npz,59506,16000,3.71913,1719,3.436,0.28312,1.0,0.0,
fsew0,423,test,data/extracted/mocha_timit/fsew0_v1.1/fsew0_423.wav,data/extracted/mocha_timit/fsew0_v1.1/fsew0_423.ema,data/processed/mocha_aai_decoded/fsew0/423.npz,55481,16000,3.46756,1503,3.004,0.46356,1.0,0.0,
fsew0,424,validation,data/extracted/mocha_timit/fsew0_v1.1/fsew0_424.wav,data/extracted/mocha_timit/fsew0_v1.1/fsew0_424.ema,data/processed/mocha_aai_decoded/fsew0/424.npz,67507,16000,4.21919,1912,3.822,0.39719,1.0,0.0,
fsew0,425,test,data/extracted/mocha_timit/fsew0_v1.1/fsew0_425.wav,data/extracted/mocha_timit/fsew0_v1.1/fsew0_425.ema,data/processed/mocha_aai_decoded/fsew0/425.npz,71492,16000,4.46825,2004,4.006,0.46225,1.0,0.0,
fsew0,426,train,data/extracted/mocha_timit/fsew0_v1.1/fsew0_426.wav,data/extracted/mocha_timit/fsew0_v1.1/fsew0_426.ema,data/processed/mocha_aai_decoded/fsew0/426.npz,71480,16000,4.4675,2046,4.09,0.3775,1.0,0.0,
fsew0,427,train,data/extracted/mocha_timit/fsew0_v1.1/fsew0_427.wav,data/extracted/mocha_timit/fsew0_v1.1/fsew0_427.ema,data/processed/mocha_aai_decoded/fsew0/427.npz,75494,16000,4.71837,2191,4.38,0.33837,1.0,0.0,
fsew0,428,train,data/extracted/mocha_timit/fsew0_v1.1/fsew0_428.wav,data/extracted/mocha_timit/fsew0_v1.1/fsew0_428.ema,data/processed/mocha_aai_decoded/fsew0/428.npz,67428,16000,4.21425,1907,3.812,0.40225,1.0,0.0,
fsew0,429,train,data/extracted/mocha_timit/fsew0_v1.1/fsew0_429.wav,data/extracted/mocha_timit/fsew0_v1.1/fsew0_429.ema,data/processed/mocha_aai_decoded/fsew0/429.npz,67425,16000,4.21406,1954,3.906,0.30806,1.0,0.0,
fsew0,430,train,data/extracted/mocha_timit/fsew0_v1.1/fsew0_430.wav,data/extracted/mocha_timit/fsew0_v1.1/fsew0_430.ema,data/processed/mocha_aai_decoded/fsew0/430.npz,75492,16000,4.71825,2137,4.272,0.44625,1.0,0.0,
fsew0,431,train,data/extracted/mocha_timit/fsew0_v1.1/fsew0_431.wav,data/extracted/mocha_timit/fsew0_v1.1/fsew0_431.ema,data/processed/mocha_aai_decoded/fsew0/431.npz,59503,16000,3.71894,1642,3.282,0.43694,1.0,0.0,
fsew0,432,train,data/extracted/mocha_timit/fsew0_v1.1/fsew0_432.wav,data/extracted/mocha_timit/fsew0_v1.1/fsew0_432.ema,data/processed/mocha_aai_decoded/fsew0/432.npz,47488,16000,2.968,1260,2.518,0.45,1.0,0.0,
fsew0,433,train,data/extracted/mocha_timit/fsew0_v1.1/fsew0_433.wav,data/extracted/mocha_timit/fsew0_v1.1/fsew0_433.ema,data/processed/mocha_aai_decoded/fsew0/433.npz,68503,16000,4.28144,1997,3.992,0.28944,1.0,0.0,
fsew0,434,train,data/extracted/mocha_timit/fsew0_v1.1/fsew0_434.wav,data/extracted/mocha_timit/fsew0_v1.1/fsew0_434.ema,data/processed/mocha_aai_decoded/fsew0/434.npz,51432,16000,3.2145,1439,2.876,0.3385,1.0,0.0,
fsew0,435,train,data/extracted/mocha_timit/fsew0_v1.1/fsew0_435.wav,data/extracted/mocha_timit/fsew0_v1.1/fsew0_435.ema,data/processed/mocha_aai_decoded/fsew0/435.npz,71502,16000,4.46887,2082,4.162,0.30687,1.0,0.0,
fsew0,436,train,data/extracted/mocha_timit/fsew0_v1.1/fsew0_436.wav,data/extracted/mocha_timit/fsew0_v1.1/fsew0_436.ema,data/processed/mocha_aai_decoded/fsew0/436.npz,59309,16000,3.70681,1660,3.318,0.38881,1.0,0.0,
fsew0,437,train,data/extracted/mocha_timit/fsew0_v1.1/fsew0_437.wav,data/extracted/mocha_timit/fsew0_v1.1/fsew0_437.ema,data/processed/mocha_aai_decoded/fsew0/437.npz,83502,16000,5.21887,2451,4.9,0.31887,1.0,0.0,
fsew0,438,train,data/extracted/mocha_timit/fsew0_v1.1/fsew0_438.wav,data/extracted/mocha_timit/fsew0_v1.1/fsew0_438.ema,data/processed/mocha_aai_decoded/fsew0/438.npz,63502,16000,3.96888,1813,3.624,0.34487,1.0,0.0,
fsew0,439,test,data/extracted/mocha_timit/fsew0_v1.1/fsew0_439.wav,data/extracted/mocha_timit/fsew0_v1.1/fsew0_439.ema,data/processed/mocha_aai_decoded/fsew0/439.npz,83313,16000,5.20706,2425,4.848,0.35906,1.0,0.0,
fsew0,440,train,data/extracted/mocha_timit/fsew0_v1.1/fsew0_440.wav,data/extracted/mocha_timit/fsew0_v1.1/fsew0_440.ema,data/processed/mocha_aai_decoded/fsew0/440.npz,75494,16000,4.71837,2218,4.434,0.28437,1.0,0.0,
fsew0,441,train,data/extracted/mocha_timit/fsew0_v1.1/fsew0_441.wav,data/extracted/mocha_timit/fsew0_v1.1/fsew0_441.ema,data/processed/mocha_aai_decoded/fsew0/441.npz,59234,16000,3.70213,1664,3.326,0.37612,1.0,0.0,
fsew0,442,train,data/extracted/mocha_timit/fsew0_v1.1/fsew0_442.wav,data/extracted/mocha_timit/fsew0_v1.1/fsew0_442.ema,data/processed/mocha_aai_decoded/fsew0/442.npz,92494,16000,5.78087,2670,5.338,0.44287,1.0,0.0,
fsew0,443,test,data/extracted/mocha_timit/fsew0_v1.1/fsew0_443.wav,data/extracted/mocha_timit/fsew0_v1.1/fsew0_443.ema,data/processed/mocha_aai_decoded/fsew0/443.npz,51350,16000,3.20938,1456,2.91,0.29937,1.0,0.0,
fsew0,444,train,data/extracted/mocha_timit/fsew0_v1.1/fsew0_444.wav,data/extracted/mocha_timit/fsew0_v1.1/fsew0_444.ema,data/processed/mocha_aai_decoded/fsew0/444.npz,80494,16000,5.03087,2363,4.724,0.30687,1.0,0.0,
fsew0,445,train,data/extracted/mocha_timit/fsew0_v1.1/fsew0_445.wav,data/extracted/mocha_timit/fsew0_v1.1/fsew0_445.ema,data/processed/mocha_aai_decoded/fsew0/445.npz,87488,16000,5.468,2514,5.026,0.442,1.0,0.0,
fsew0,446,train,data/extracted/mocha_timit/fsew0_v1.1/fsew0_446.wav,data/extracted/mocha_timit/fsew0_v1.1/fsew0_446.ema,data/processed/mocha_aai_decoded/fsew0/446.npz,71491,16000,4.46819,2054,4.106,0.36219,1.0,0.0,
fsew0,447,train,data/extracted/mocha_timit/fsew0_v1.1/fsew0_447.wav,data/extracted/mocha_timit/fsew0_v1.1/fsew0_447.ema,data/processed/mocha_aai_decoded/fsew0/447.npz,83498,16000,5.21863,2438,4.874,0.34462,1.0,0.0,
fsew0,448,train,data/extracted/mocha_timit/fsew0_v1.1/fsew0_448.wav,data/extracted/mocha_timit/fsew0_v1.1/fsew0_448.ema,data/processed/mocha_aai_decoded/fsew0/448.npz,59490,16000,3.71813,1698,3.394,0.32412,1.0,0.0,
fsew0,449,train,data/extracted/mocha_timit/fsew0_v1.1/fsew0_449.wav,data/extracted/mocha_timit/fsew0_v1.1/fsew0_449.ema,data/processed/mocha_aai_decoded/fsew0/449.npz,83496,16000,5.2185,2405,4.808,0.4105,1.0,0.0,
fsew0,450,validation,data/extracted/mocha_timit/fsew0_v1.1/fsew0_450.wav,data/extracted/mocha_timit/fsew0_v1.1/fsew0_450.ema,data/processed/mocha_aai_decoded/fsew0/450.npz,63490,16000,3.96813,1843,3.684,0.28412,1.0,0.0,
fsew0,451,train,data/extracted/mocha_timit/fsew0_v1.1/fsew0_451.wav,data/extracted/mocha_timit/fsew0_v1.1/fsew0_451.ema,data/processed/mocha_aai_decoded/fsew0/451.npz,63494,16000,3.96837,1850,3.698,0.27037,1.0,0.0,
fsew0,452,test,data/extracted/mocha_timit/fsew0_v1.1/fsew0_452.wav,data/extracted/mocha_timit/fsew0_v1.1/fsew0_452.ema,data/processed/mocha_aai_decoded/fsew0/452.npz,55495,16000,3.46844,1563,3.124,0.34444,1.0,0.0,
fsew0,453,train,data/extracted/mocha_timit/fsew0_v1.1/fsew0_453.wav,data/extracted/mocha_timit/fsew0_v1.1/fsew0_453.ema,data/processed/mocha_aai_decoded/fsew0/453.npz,75490,16000,4.71812,2124,4.246,0.47212,1.0,0.0,
fsew0,454,train,data/extracted/mocha_timit/fsew0_v1.1/fsew0_454.wav,data/extracted/mocha_timit/fsew0_v1.1/fsew0_454.ema,data/processed/mocha_aai_decoded/fsew0/454.npz,55484,16000,3.46775,1599,3.196,0.27175,1.0,0.0,
fsew0,455,train,data/extracted/mocha_timit/fsew0_v1.1/fsew0_455.wav,data/extracted/mocha_timit/fsew0_v1.1/fsew0_455.ema,data/processed/mocha_aai_decoded/fsew0/455.npz,51463,16000,3.21644,1443,2.884,0.33244,1.0,0.0,
fsew0,456,test,data/extracted/mocha_timit/fsew0_v1.1/fsew0_456.wav,data/extracted/mocha_timit/fsew0_v1.1/fsew0_456.ema,data/processed/mocha_aai_decoded/fsew0/456.npz,79499,16000,4.96869,2331,4.66,0.30869,1.0,0.0,
fsew0,457,train,data/extracted/mocha_timit/fsew0_v1.1/fsew0_457.wav,data/extracted/mocha_timit/fsew0_v1.1/fsew0_457.ema,data/processed/mocha_aai_decoded/fsew0/457.npz,79490,16000,4.96812,2278,4.554,0.41412,1.0,0.0,
fsew0,458,train,data/extracted/mocha_timit/fsew0_v1.1/fsew0_458.wav,data/extracted/mocha_timit/fsew0_v1.1/fsew0_458.ema,data/processed/mocha_aai_decoded/fsew0/458.npz,79502,16000,4.96887,2307,4.612,0.35688,1.0,0.0,
fsew0,459,train,data/extracted/mocha_timit/fsew0_v1.1/fsew0_459.wav,data/extracted/mocha_timit/fsew0_v1.1/fsew0_459.ema,data/processed/mocha_aai_decoded/fsew0/459.npz,67494,16000,4.21837,1916,3.83,0.38837,1.0,0.0,
fsew0,460,train,data/extracted/mocha_timit/fsew0_v1.1/fsew0_460.wav,data/extracted/mocha_timit/fsew0_v1.1/fsew0_460.ema,data/processed/mocha_aai_decoded/fsew0/460.npz,47470,16000,2.96687,1350,2.698,0.26887,1.0,0.0,
msak0,001,train,data/extracted/mocha_timit/msak0_v1.1/msak0_001.wav,data/extracted/mocha_timit/msak0_v1.1/msak0_001.ema,data/processed/mocha_aai_decoded/msak0/001.npz,43486,16000,2.71787,1184,2.366,0.35187,1.0,0.0,
msak0,002,train,data/extracted/mocha_timit/msak0_v1.1/msak0_002.wav,data/extracted/mocha_timit/msak0_v1.1/msak0_002.ema,data/processed/mocha_aai_decoded/msak0/002.npz,47498,16000,2.96862,1352,2.702,0.26662,1.0,0.0,
msak0,003,train,data/extracted/mocha_timit/msak0_v1.1/msak0_003.wav,data/extracted/mocha_timit/msak0_v1.1/msak0_003.ema,data/processed/mocha_aai_decoded/msak0/003.npz,59498,16000,3.71862,1651,3.3,0.41862,1.0,0.0,
msak0,004,train,data/extracted/mocha_timit/msak0_v1.1/msak0_004.wav,data/extracted/mocha_timit/msak0_v1.1/msak0_004.ema,data/processed/mocha_aai_decoded/msak0/004.npz,59490,16000,3.71813,1715,3.428,0.29012,1.0,0.0,
msak0,005,train,data/extracted/mocha_timit/msak0_v1.1/msak0_005.wav,data/extracted/mocha_timit/msak0_v1.1/msak0_005.ema,data/processed/mocha_aai_decoded/msak0/005.npz,43430,16000,2.71437,1183,2.364,0.35037,1.0,0.0,
msak0,006,train,data/extracted/mocha_timit/msak0_v1.1/msak0_006.wav,data/extracted/mocha_timit/msak0_v1.1/msak0_006.ema,data/processed/mocha_aai_decoded/msak0/006.npz,55494,16000,3.46837,1521,3.04,0.42837,1.0,0.0,
msak0,007,validation,data/extracted/mocha_timit/msak0_v1.1/msak0_007.wav,data/extracted/mocha_timit/msak0_v1.1/msak0_007.ema,data/processed/mocha_aai_decoded/msak0/007.npz,55498,16000,3.46862,1540,3.078,0.39062,1.0,0.0,
msak0,008,train,data/extracted/mocha_timit/msak0_v1.1/msak0_008.wav,data/extracted/mocha_timit/msak0_v1.1/msak0_008.ema,data/processed/mocha_aai_decoded/msak0/008.npz,55484,16000,3.46775,1600,3.198,0.26975,1.0,0.0,
msak0,009,train,data/extracted/mocha_timit/msak0_v1.1/msak0_009.wav,data/extracted/mocha_timit/msak0_v1.1/msak0_009.ema,data/processed/mocha_aai_decoded/msak0/009.npz,51492,16000,3.21825,1426,2.85,0.36825,1.0,0.0,
msak0,010,train,data/extracted/mocha_timit/msak0_v1.1/msak0_010.wav,data/extracted/mocha_timit/msak0_v1.1/msak0_010.ema,data/processed/mocha_aai_decoded/msak0/010.npz,55403,16000,3.46269,1576,3.15,0.31269,1.0,0.0,
msak0,011,train,data/extracted/mocha_timit/msak0_v1.1/msak0_011.wav,data/extracted/mocha_timit/msak0_v1.1/msak0_011.ema,data/processed/mocha_aai_decoded/msak0/011.npz,51499,16000,3.21869,1407,2.812,0.40669,1.0,0.0,
msak0,012,train,data/extracted/mocha_timit/msak0_v1.1/msak0_012.wav,data/extracted/mocha_timit/msak0_v1.1/msak0_012.ema,data/processed/mocha_aai_decoded/msak0/012.npz,47494,16000,2.96837,1330,2.658,0.31037,1.0,0.0,
msak0,013,train,data/extracted/mocha_timit/msak0_v1.1/msak0_013.wav,data/extracted/mocha_timit/msak0_v1.1/msak0_013.ema,data/processed/mocha_aai_decoded/msak0/013.npz,55505,16000,3.46906,1519,3.036,0.43306,1.0,0.0,
msak0,014,train,data/extracted/mocha_timit/msak0_v1.1/msak0_014.wav,data/extracted/mocha_timit/msak0_v1.1/msak0_014.ema,data/processed/mocha_aai_decoded/msak0/014.npz,59358,16000,3.70987,1681,3.36,0.34987,1.0,0.0,
msak0,015,train,data/extracted/mocha_timit/msak0_v1.1/msak0_015.wav,data/extracted/mocha_timit/msak0_v1.1/msak0_015.ema,data/processed/mocha_aai_decoded/msak0/015.npz,59494,16000,3.71837,1633,3.264,0.45437,1.0,0.0,
msak0,016,train,data/extracted/mocha_timit/msak0_v1.1/msak0_016.wav,data/extracted/mocha_timit/msak0_v1.1/msak0_016.ema,data/processed/mocha_aai_decoded/msak0/016.npz,51265,16000,3.20406,1406,2.81,0.39406,1.0,0.0,
msak0,017,train,data/extracted/mocha_timit/msak0_v1.1/msak0_017.wav,data/extracted/mocha_timit/msak0_v1.1/msak0_017.ema,data/processed/mocha_aai_decoded/msak0/017.npz,59498,16000,3.71862,1694,3.386,0.33262,1.0,0.0,
msak0,018,train,data/extracted/mocha_timit/msak0_v1.1/msak0_018.wav,data/extracted/mocha_timit/msak0_v1.1/msak0_018.ema,data/processed/mocha_aai_decoded/msak0/018.npz,55488,16000,3.468,1508,3.014,0.454,1.0,0.0,
msak0,019,train,data/extracted/mocha_timit/msak0_v1.1/msak0_019.wav,data/extracted/mocha_timit/msak0_v1.1/msak0_019.ema,data/processed/mocha_aai_decoded/msak0/019.npz,55492,16000,3.46825,1526,3.05,0.41825,1.0,0.0,
msak0,020,train,data/extracted/mocha_timit/msak0_v1.1/msak0_020.wav,data/extracted/mocha_timit/msak0_v1.1/msak0_020.ema,data/processed/mocha_aai_decoded/msak0/020.npz,63494,16000,3.96837,1758,3.514,0.45437,1.0,0.0,
msak0,021,train,data/extracted/mocha_timit/msak0_v1.1/msak0_021.wav,data/extracted/mocha_timit/msak0_v1.1/msak0_021.ema,data/processed/mocha_aai_decoded/msak0/021.npz,47486,16000,2.96787,1326,2.65,0.31787,1.0,0.0,
msak0,022,train,data/extracted/mocha_timit/msak0_v1.1/msak0_022.wav,data/extracted/mocha_timit/msak0_v1.1/msak0_022.ema,data/processed/mocha_aai_decoded/msak0/022.npz,55494,16000,3.46837,1550,3.098,0.37037,1.0,0.0,
msak0,023,train,data/extracted/mocha_timit/msak0_v1.1/msak0_023.wav,data/extracted/mocha_timit/msak0_v1.1/msak0_023.ema,data/processed/mocha_aai_decoded/msak0/023.npz,55498,16000,3.46862,1564,3.126,0.34262,1.0,0.0,
msak0,024,train,data/extracted/mocha_timit/msak0_v1.1/msak0_024.wav,data/extracted/mocha_timit/msak0_v1.1/msak0_024.ema,data/processed/mocha_aai_decoded/msak0/024.npz,59492,16000,3.71825,1623,3.244,0.47425,1.0,0.0,
msak0,025,train,data/extracted/mocha_timit/msak0_v1.1/msak0_025.wav,data/extracted/mocha_timit/msak0_v1.1/msak0_025.ema,data/processed/mocha_aai_decoded/msak0/025.npz,51486,16000,3.21787,1471,2.94,0.27787,1.0,0.0,
msak0,026,validation,data/extracted/mocha_timit/msak0_v1.1/msak0_026.wav,data/extracted/mocha_timit/msak0_v1.1/msak0_026.ema,data/processed/mocha_aai_decoded/msak0/026.npz,55507,16000,3.46919,1549,3.096,0.37319,1.0,0.0,
msak0,027,train,data/extracted/mocha_timit/msak0_v1.1/msak0_027.wav,data/extracted/mocha_timit/msak0_v1.1/msak0_027.ema,data/processed/mocha_aai_decoded/msak0/027.npz,47494,16000,2.96837,1324,2.646,0.32237,1.0,0.0,
msak0,028,validation,data/extracted/mocha_timit/msak0_v1.1/msak0_028.wav,data/extracted/mocha_timit/msak0_v1.1/msak0_028.ema,data/processed/mocha_aai_decoded/msak0/028.npz,55492,16000,3.46825,1589,3.176,0.29225,1.0,0.0,
msak0,029,train,data/extracted/mocha_timit/msak0_v1.1/msak0_029.wav,data/extracted/mocha_timit/msak0_v1.1/msak0_029.ema,data/processed/mocha_aai_decoded/msak0/029.npz,51494,16000,3.21837,1459,2.916,0.30237,1.0,0.0,
msak0,030,train,data/extracted/mocha_timit/msak0_v1.1/msak0_030.wav,data/extracted/mocha_timit/msak0_v1.1/msak0_030.ema,data/processed/mocha_aai_decoded/msak0/030.npz,63488,16000,3.968,1745,3.488,0.48,1.0,0.0,
msak0,031,train,data/extracted/mocha_timit/msak0_v1.1/msak0_031.wav,data/extracted/mocha_timit/msak0_v1.1/msak0_031.ema,data/processed/mocha_aai_decoded/msak0/031.npz,51491,16000,3.21819,1472,2.942,0.27619,1.0,0.0,
msak0,032,train,data/extracted/mocha_timit/msak0_v1.1/msak0_032.wav,data/extracted/mocha_timit/msak0_v1.1/msak0_032.ema,data/processed/mocha_aai_decoded/msak0/032.npz,47494,16000,2.96837,1336,2.67,0.29837,1.0,0.0,
msak0,033,train,data/extracted/mocha_timit/msak0_v1.1/msak0_033.wav,data/extracted/mocha_timit/msak0_v1.1/msak0_033.ema,data/processed/mocha_aai_decoded/msak0/033.npz,59494,16000,3.71837,1641,3.28,0.43837,1.0,0.0,
msak0,034,train,data/extracted/mocha_timit/msak0_v1.1/msak0_034.wav,data/extracted/mocha_timit/msak0_v1.1/msak0_034.ema,data/processed/mocha_aai_decoded/msak0/034.npz,59490,16000,3.71813,1620,3.238,0.48012,1.0,0.0,
msak0,035,train,data/extracted/mocha_timit/msak0_v1.1/msak0_035.wav,data/extracted/mocha_timit/msak0_v1.1/msak0_035.ema,data/processed/mocha_aai_decoded/msak0/035.npz,55492,16000,3.46825,1555,3.108,0.36025,1.0,0.0,
msak0,036,test,data/extracted/mocha_timit/msak0_v1.1/msak0_036.wav,data/extracted/mocha_timit/msak0_v1.1/msak0_036.ema,data/processed/mocha_aai_decoded/msak0/036.npz,67484,16000,4.21775,1927,3.852,0.36575,1.0,0.0,
msak0,037,train,data/extracted/mocha_timit/msak0_v1.1/msak0_037.wav,data/extracted/mocha_timit/msak0_v1.1/msak0_037.ema,data/processed/mocha_aai_decoded/msak0/037.npz,59499,16000,3.71869,1717,3.432,0.28669,1.0,0.0,
msak0,038,train,data/extracted/mocha_timit/msak0_v1.1/msak0_038.wav,data/extracted/mocha_timit/msak0_v1.1/msak0_038.ema,data/processed/mocha_aai_decoded/msak0/038.npz,63491,16000,3.96819,1733,3.464,0.50419,1.0,0.0,audio_ema_duration_gap_gt_0_5s
msak0,039,train,data/extracted/mocha_timit/msak0_v1.1/msak0_039.wav,data/extracted/mocha_timit/msak0_v1.1/msak0_039.ema,data/processed/mocha_aai_decoded/msak0/039.npz,63314,16000,3.95713,1794,3.586,0.37112,1.0,0.0,
msak0,040,train,data/extracted/mocha_timit/msak0_v1.1/msak0_040.wav,data/extracted/mocha_timit/msak0_v1.1/msak0_040.ema,data/processed/mocha_aai_decoded/msak0/040.npz,87462,16000,5.46638,2495,4.988,0.47837,1.0,0.0,
msak0,041,train,data/extracted/mocha_timit/msak0_v1.1/msak0_041.wav,data/extracted/mocha_timit/msak0_v1.1/msak0_041.ema,data/processed/mocha_aai_decoded/msak0/041.npz,71507,16000,4.46919,2079,4.156,0.31319,1.0,0.0,
msak0,042,train,data/extracted/mocha_timit/msak0_v1.1/msak0_042.wav,data/extracted/mocha_timit/msak0_v1.1/msak0_042.ema,data/processed/mocha_aai_decoded/msak0/042.npz,55503,16000,3.46894,1528,3.054,0.41494,1.0,0.0,
msak0,043,train,data/extracted/mocha_timit/msak0_v1.1/msak0_043.wav,data/extracted/mocha_timit/msak0_v1.1/msak0_043.ema,data/processed/mocha_aai_decoded/msak0/043.npz,63487,16000,3.96794,1846,3.69,0.27794,1.0,0.0,
msak0,044,train,data/extracted/mocha_timit/msak0_v1.1/msak0_044.wav,data/extracted/mocha_timit/msak0_v1.1/msak0_044.ema,data/processed/mocha_aai_decoded/msak0/044.npz,63495,16000,3.96844,1805,3.608,0.36044,1.0,0.0,
msak0,045,train,data/extracted/mocha_timit/msak0_v1.1/msak0_045.wav,data/extracted/mocha_timit/msak0_v1.1/msak0_045.ema,data/processed/mocha_aai_decoded/msak0/045.npz,63492,16000,3.96825,1739,3.476,0.49225,1.0,0.0,
msak0,046,train,data/extracted/mocha_timit/msak0_v1.1/msak0_046.wav,data/extracted/mocha_timit/msak0_v1.1/msak0_046.ema,data/processed/mocha_aai_decoded/msak0/046.npz,51491,16000,3.21819,1463,2.924,0.29419,1.0,0.0,
msak0,047,test,data/extracted/mocha_timit/msak0_v1.1/msak0_047.wav,data/extracted/mocha_timit/msak0_v1.1/msak0_047.ema,data/processed/mocha_aai_decoded/msak0/047.npz,59499,16000,3.71869,1643,3.284,0.43469,1.0,0.0,
msak0,048,train,data/extracted/mocha_timit/msak0_v1.1/msak0_048.wav,data/extracted/mocha_timit/msak0_v1.1/msak0_048.ema,data/processed/mocha_aai_decoded/msak0/048.npz,67424,16000,4.214,1854,3.706,0.508,1.0,0.0,audio_ema_duration_gap_gt_0_5s
msak0,049,train,data/extracted/mocha_timit/msak0_v1.1/msak0_049.wav,data/extracted/mocha_timit/msak0_v1.1/msak0_049.ema,data/processed/mocha_aai_decoded/msak0/049.npz,63492,16000,3.96825,1763,3.524,0.44425,1.0,0.0,
msak0,050,train,data/extracted/mocha_timit/msak0_v1.1/msak0_050.wav,data/extracted/mocha_timit/msak0_v1.1/msak0_050.ema,data/processed/mocha_aai_decoded/msak0/050.npz,63491,16000,3.96819,1823,3.644,0.32419,1.0,0.0,
msak0,051,train,data/extracted/mocha_timit/msak0_v1.1/msak0_051.wav,data/extracted/mocha_timit/msak0_v1.1/msak0_051.ema,data/processed/mocha_aai_decoded/msak0/051.npz,59498,16000,3.71862,1654,3.306,0.41263,1.0,0.0,
msak0,052,train,data/extracted/mocha_timit/msak0_v1.1/msak0_052.wav,data/extracted/mocha_timit/msak0_v1.1/msak0_052.ema,data/processed/mocha_aai_decoded/msak0/052.npz,67492,16000,4.21825,1878,3.754,0.46425,1.0,0.0,
msak0,053,train,data/extracted/mocha_timit/msak0_v1.1/msak0_053.wav,data/extracted/mocha_timit/msak0_v1.1/msak0_053.ema,data/processed/mocha_aai_decoded/msak0/053.npz,63486,16000,3.96787,1828,3.654,0.31387,1.0,0.0,
msak0,054,train,data/extracted/mocha_timit/msak0_v1.1/msak0_054.wav,data/extracted/mocha_timit/msak0_v1.1/msak0_054.ema,data/processed/mocha_aai_decoded/msak0/054.npz,67490,16000,4.21812,1932,3.862,0.35613,1.0,0.0,
msak0,055,train,data/extracted/mocha_timit/msak0_v1.1/msak0_055.wav,data/extracted/mocha_timit/msak0_v1.1/msak0_055.ema,data/processed/mocha_aai_decoded/msak0/055.npz,63487,16000,3.96794,1770,3.538,0.42994,1.0,0.0,
msak0,056,train,data/extracted/mocha_timit/msak0_v1.1/msak0_056.wav,data/extracted/mocha_timit/msak0_v1.1/msak0_056.ema,data/processed/mocha_aai_decoded/msak0/056.npz,63310,16000,3.95688,1825,3.648,0.30887,1.0,0.0,
msak0,057,train,data/extracted/mocha_timit/msak0_v1.1/msak0_057.wav,data/extracted/mocha_timit/msak0_v1.1/msak0_057.ema,data/processed/mocha_aai_decoded/msak0/057.npz,67378,16000,4.21113,1853,3.704,0.50713,1.0,0.0,audio_ema_duration_gap_gt_0_5s
msak0,058,train,data/extracted/mocha_timit/msak0_v1.1/msak0_058.wav,data/extracted/mocha_timit/msak0_v1.1/msak0_058.ema,data/processed/mocha_aai_decoded/msak0/058.npz,79507,16000,4.96919,2323,4.644,0.32519,1.0,0.0,
msak0,059,train,data/extracted/mocha_timit/msak0_v1.1/msak0_059.wav,data/extracted/mocha_timit/msak0_v1.1/msak0_059.ema,data/processed/mocha_aai_decoded/msak0/059.npz,55501,16000,3.46881,1506,3.01,0.45881,1.0,0.0,
msak0,060,train,data/extracted/mocha_timit/msak0_v1.1/msak0_060.wav,data/extracted/mocha_timit/msak0_v1.1/msak0_060.ema,data/processed/mocha_aai_decoded/msak0/060.npz,75492,16000,4.71825,2160,4.318,0.40025,1.0,0.0,
msak0,061,train,data/extracted/mocha_timit/msak0_v1.1/msak0_061.wav,data/extracted/mocha_timit/msak0_v1.1/msak0_061.ema,data/processed/mocha_aai_decoded/msak0/061.npz,71494,16000,4.46837,2010,4.018,0.45037,1.0,0.0,
msak0,062,train,data/extracted/mocha_timit/msak0_v1.1/msak0_062.wav,data/extracted/mocha_timit/msak0_v1.1/msak0_062.ema,data/processed/mocha_aai_decoded/msak0/062.npz,63499,16000,3.96869,1797,3.592,0.37669,1.0,0.0,
msak0,063,train,data/extracted/mocha_timit/msak0_v1.1/msak0_063.wav,data/extracted/mocha_timit/msak0_v1.1/msak0_063.ema,data/processed/mocha_aai_decoded/msak0/063.npz,59499,16000,3.71869,1633,3.264,0.45469,1.0,0.0,
msak0,064,train,data/extracted/mocha_timit/msak0_v1.1/msak0_064.wav,data/extracted/mocha_timit/msak0_v1.1/msak0_064.ema,data/processed/mocha_aai_decoded/msak0/064.npz,55496,16000,3.4685,1499,2.996,0.4725,1.0,0.0,
msak0,065,train,data/extracted/mocha_timit/msak0_v1.1/msak0_065.wav,data/extracted/mocha_timit/msak0_v1.1/msak0_065.ema,data/processed/mocha_aai_decoded/msak0/065.npz,55499,16000,3.46869,1506,3.01,0.45869,1.0,0.0,
msak0,066,train,data/extracted/mocha_timit/msak0_v1.1/msak0_066.wav,data/extracted/mocha_timit/msak0_v1.1/msak0_066.ema,data/processed/mocha_aai_decoded/msak0/066.npz,55439,16000,3.46494,1552,3.102,0.36294,1.0,0.0,
msak0,067,train,data/extracted/mocha_timit/msak0_v1.1/msak0_067.wav,data/extracted/mocha_timit/msak0_v1.1/msak0_067.ema,data/processed/mocha_aai_decoded/msak0/067.npz,71494,16000,4.46837,2006,4.01,0.45837,1.0,0.0,
msak0,068,train,data/extracted/mocha_timit/msak0_v1.1/msak0_068.wav,data/extracted/mocha_timit/msak0_v1.1/msak0_068.ema,data/processed/mocha_aai_decoded/msak0/068.npz,55506,16000,3.46913,1550,3.098,0.37112,1.0,0.0,
msak0,069,train,data/extracted/mocha_timit/msak0_v1.1/msak0_069.wav,data/extracted/mocha_timit/msak0_v1.1/msak0_069.ema,data/processed/mocha_aai_decoded/msak0/069.npz,59498,16000,3.71862,1684,3.366,0.35262,1.0,0.0,
msak0,070,train,data/extracted/mocha_timit/msak0_v1.1/msak0_070.wav,data/extracted/mocha_timit/msak0_v1.1/msak0_070.ema,data/processed/mocha_aai_decoded/msak0/070.npz,43463,16000,2.71644,1164,2.326,0.39044,1.0,0.0,
msak0,071,train,data/extracted/mocha_timit/msak0_v1.1/msak0_071.wav,data/extracted/mocha_timit/msak0_v1.1/msak0_071.ema,data/processed/mocha_aai_decoded/msak0/071.npz,55498,16000,3.46862,1559,3.116,0.35263,1.0,0.0,
msak0,072,train,data/extracted/mocha_timit/msak0_v1.1/msak0_072.wav,data/extracted/mocha_timit/msak0_v1.1/msak0_072.ema,data/processed/mocha_aai_decoded/msak0/072.npz,47309,16000,2.95681,1336,2.67,0.28681,1.0,0.0,
msak0,073,train,data/extracted/mocha_timit/msak0_v1.1/msak0_073.wav,data/extracted/mocha_timit/msak0_v1.1/msak0_073.ema,data/processed/mocha_aai_decoded/msak0/073.npz,63509,16000,3.96931,1810,3.618,0.35131,1.0,0.0,
msak0,074,test,data/extracted/mocha_timit/msak0_v1.1/msak0_074.wav,data/extracted/mocha_timit/msak0_v1.1/msak0_074.ema,data/processed/mocha_aai_decoded/msak0/074.npz,51538,16000,3.22112,1452,2.902,0.31913,1.0,0.0,
msak0,075,train,data/extracted/mocha_timit/msak0_v1.1/msak0_075.wav,data/extracted/mocha_timit/msak0_v1.1/msak0_075.ema,data/processed/mocha_aai_decoded/msak0/075.npz,55511,16000,3.46944,1575,3.148,0.32144,1.0,0.0,
msak0,076,test,data/extracted/mocha_timit/msak0_v1.1/msak0_076.wav,data/extracted/mocha_timit/msak0_v1.1/msak0_076.ema,data/processed/mocha_aai_decoded/msak0/076.npz,67484,16000,4.21775,1949,3.896,0.32175,1.0,0.0,
msak0,077,train,data/extracted/mocha_timit/msak0_v1.1/msak0_077.wav,data/extracted/mocha_timit/msak0_v1.1/msak0_077.ema,data/processed/mocha_aai_decoded/msak0/077.npz,59507,16000,3.71919,1663,3.324,0.39519,1.0,0.0,
msak0,078,train,data/extracted/mocha_timit/msak0_v1.1/msak0_078.wav,data/extracted/mocha_timit/msak0_v1.1/msak0_078.ema,data/processed/mocha_aai_decoded/msak0/078.npz,55491,16000,3.46819,1492,2.982,0.48619,1.0,0.0,
msak0,079,train,data/extracted/mocha_timit/msak0_v1.1/msak0_079.wav,data/extracted/mocha_timit/msak0_v1.1/msak0_079.ema,data/processed/mocha_aai_decoded/msak0/079.npz,63511,16000,3.96944,1861,3.72,0.24944,1.0,0.0,
msak0,080,train,data/extracted/mocha_timit/msak0_v1.1/msak0_080.wav,data/extracted/mocha_timit/msak0_v1.1/msak0_080.ema,data/processed/mocha_aai_decoded/msak0/080.npz,51503,16000,3.21894,1398,2.794,0.42494,1.0,0.0,
msak0,081,train,data/extracted/mocha_timit/msak0_v1.1/msak0_081.wav,data/extracted/mocha_timit/msak0_v1.1/msak0_081.ema,data/processed/mocha_aai_decoded/msak0/081.npz,55484,16000,3.46775,1525,3.048,0.41975,1.0,0.0,
msak0,082,train,data/extracted/mocha_timit/msak0_v1.1/msak0_082.wav,data/extracted/mocha_timit/msak0_v1.1/msak0_082.ema,data/processed/mocha_aai_decoded/msak0/082.npz,59503,16000,3.71894,1636,3.27,0.44894,1.0,0.0,
msak0,083,train,data/extracted/mocha_timit/msak0_v1.1/msak0_083.wav,data/extracted/mocha_timit/msak0_v1.1/msak0_083.ema,data/processed/mocha_aai_decoded/msak0/083.npz,59504,16000,3.719,1616,3.23,0.489,1.0,0.0,
msak0,084,train,data/extracted/mocha_timit/msak0_v1.1/msak0_084.wav,data/extracted/mocha_timit/msak0_v1.1/msak0_084.ema,data/processed/mocha_aai_decoded/msak0/084.npz,75504,16000,4.719,2189,4.376,0.343,1.0,0.0,
msak0,085,train,data/extracted/mocha_timit/msak0_v1.1/msak0_085.wav,data/extracted/mocha_timit/msak0_v1.1/msak0_085.ema,data/processed/mocha_aai_decoded/msak0/085.npz,51509,16000,3.21931,1414,2.826,0.39331,1.0,0.0,
msak0,086,train,data/extracted/mocha_timit/msak0_v1.1/msak0_086.wav,data/extracted/mocha_timit/msak0_v1.1/msak0_086.ema,data/processed/mocha_aai_decoded/msak0/086.npz,55494,16000,3.46837,1500,2.998,0.47037,1.0,0.0,
msak0,087,train,data/extracted/mocha_timit/msak0_v1.1/msak0_087.wav,data/extracted/mocha_timit/msak0_v1.1/msak0_087.ema,data/processed/mocha_aai_decoded/msak0/087.npz,55496,16000,3.4685,1537,3.072,0.3965,1.0,0.0,
msak0,088,train,data/extracted/mocha_timit/msak0_v1.1/msak0_088.wav,data/extracted/mocha_timit/msak0_v1.1/msak0_088.ema,data/processed/mocha_aai_decoded/msak0/088.npz,63511,16000,3.96944,1812,3.622,0.34744,1.0,0.0,
msak0,089,train,data/extracted/mocha_timit/msak0_v1.1/msak0_089.wav,data/extracted/mocha_timit/msak0_v1.1/msak0_089.ema,data/processed/mocha_aai_decoded/msak0/089.npz,63490,16000,3.96813,1837,3.672,0.29612,1.0,0.0,
msak0,090,test,data/extracted/mocha_timit/msak0_v1.1/msak0_090.wav,data/extracted/mocha_timit/msak0_v1.1/msak0_090.ema,data/processed/mocha_aai_decoded/msak0/090.npz,47491,16000,2.96819,1290,2.578,0.39019,1.0,0.0,
msak0,091,train,data/extracted/mocha_timit/msak0_v1.1/msak0_091.wav,data/extracted/mocha_timit/msak0_v1.1/msak0_091.ema,data/processed/mocha_aai_decoded/msak0/091.npz,59503,16000,3.71894,1669,3.336,0.38294,1.0,0.0,
msak0,092,train,data/extracted/mocha_timit/msak0_v1.1/msak0_092.wav,data/extracted/mocha_timit/msak0_v1.1/msak0_092.ema,data/processed/mocha_aai_decoded/msak0/092.npz,63490,16000,3.96813,1734,3.466,0.50212,1.0,0.0,audio_ema_duration_gap_gt_0_5s
msak0,093,train,data/extracted/mocha_timit/msak0_v1.1/msak0_093.wav,data/extracted/mocha_timit/msak0_v1.1/msak0_093.ema,data/processed/mocha_aai_decoded/msak0/093.npz,51498,16000,3.21862,1366,2.73,0.48862,1.0,0.0,
msak0,094,train,data/extracted/mocha_timit/msak0_v1.1/msak0_094.wav,data/extracted/mocha_timit/msak0_v1.1/msak0_094.ema,data/processed/mocha_aai_decoded/msak0/094.npz,55486,16000,3.46787,1562,3.122,0.34588,1.0,0.0,
msak0,095,train,data/extracted/mocha_timit/msak0_v1.1/msak0_095.wav,data/extracted/mocha_timit/msak0_v1.1/msak0_095.ema,data/processed/mocha_aai_decoded/msak0/095.npz,67490,16000,4.21812,1895,3.788,0.43012,1.0,0.0,
msak0,096,validation,data/extracted/mocha_timit/msak0_v1.1/msak0_096.wav,data/extracted/mocha_timit/msak0_v1.1/msak0_096.ema,data/processed/mocha_aai_decoded/msak0/096.npz,59476,16000,3.71725,1631,3.26,0.45725,1.0,0.0,
msak0,097,train,data/extracted/mocha_timit/msak0_v1.1/msak0_097.wav,data/extracted/mocha_timit/msak0_v1.1/msak0_097.ema,data/processed/mocha_aai_decoded/msak0/097.npz,83425,16000,5.21406,2391,4.78,0.43406,1.0,0.0,
msak0,098,train,data/extracted/mocha_timit/msak0_v1.1/msak0_098.wav,data/extracted/mocha_timit/msak0_v1.1/msak0_098.ema,data/processed/mocha_aai_decoded/msak0/098.npz,55487,16000,3.46794,1596,3.19,0.27794,1.0,0.0,
msak0,099,train,data/extracted/mocha_timit/msak0_v1.1/msak0_099.wav,data/extracted/mocha_timit/msak0_v1.1/msak0_099.ema,data/processed/mocha_aai_decoded/msak0/099.npz,51468,16000,3.21675,1427,2.852,0.36475,1.0,0.0,
msak0,100,train,data/extracted/mocha_timit/msak0_v1.1/msak0_100.wav,data/extracted/mocha_timit/msak0_v1.1/msak0_100.ema,data/processed/mocha_aai_decoded/msak0/100.npz,63494,16000,3.96837,1732,3.462,0.50637,1.0,0.0,audio_ema_duration_gap_gt_0_5s
msak0,101,train,data/extracted/mocha_timit/msak0_v1.1/msak0_101.wav,data/extracted/mocha_timit/msak0_v1.1/msak0_101.ema,data/processed/mocha_aai_decoded/msak0/101.npz,59490,16000,3.71813,1697,3.392,0.32613,1.0,0.0,
msak0,102,train,data/extracted/mocha_timit/msak0_v1.1/msak0_102.wav,data/extracted/mocha_timit/msak0_v1.1/msak0_102.ema,data/processed/mocha_aai_decoded/msak0/102.npz,79495,16000,4.96844,2345,4.688,0.28044,1.0,0.0,
msak0,103,train,data/extracted/mocha_timit/msak0_v1.1/msak0_103.wav,data/extracted/mocha_timit/msak0_v1.1/msak0_103.ema,data/processed/mocha_aai_decoded/msak0/103.npz,71490,16000,4.46812,1999,3.996,0.47212,1.0,0.0,
msak0,104,train,data/extracted/mocha_timit/msak0_v1.1/msak0_104.wav,data/extracted/mocha_timit/msak0_v1.1/msak0_104.ema,data/processed/mocha_aai_decoded/msak0/104.npz,59490,16000,3.71813,1644,3.286,0.43212,1.0,0.0,
msak0,105,train,data/extracted/mocha_timit/msak0_v1.1/msak0_105.wav,data/extracted/mocha_timit/msak0_v1.1/msak0_105.ema,data/processed/mocha_aai_decoded/msak0/105.npz,51498,16000,3.21862,1365,2.728,0.49063,1.0,0.0,
msak0,106,train,data/extracted/mocha_timit/msak0_v1.1/msak0_106.wav,data/extracted/mocha_timit/msak0_v1.1/msak0_106.ema,data/processed/mocha_aai_decoded/msak0/106.npz,47502,16000,2.96888,1347,2.692,0.27687,1.0,0.0,
msak0,107,train,data/extracted/mocha_timit/msak0_v1.1/msak0_107.wav,data/extracted/mocha_timit/msak0_v1.1/msak0_107.ema,data/processed/mocha_aai_decoded/msak0/107.npz,55488,16000,3.468,1495,2.988,0.48,1.0,0.0,
msak0,108,train,data/extracted/mocha_timit/msak0_v1.1/msak0_108.wav,data/extracted/mocha_timit/msak0_v1.1/msak0_108.ema,data/processed/mocha_aai_decoded/msak0/108.npz,59490,16000,3.71813,1651,3.3,0.41813,1.0,0.0,
msak0,109,train,data/extracted/mocha_timit/msak0_v1.1/msak0_109.wav,data/extracted/mocha_timit/msak0_v1.1/msak0_109.ema,data/processed/mocha_aai_decoded/msak0/109.npz,59490,16000,3.71813,1692,3.382,0.33613,1.0,0.0,
msak0,110,validation,data/extracted/mocha_timit/msak0_v1.1/msak0_110.wav,data/extracted/mocha_timit/msak0_v1.1/msak0_110.ema,data/processed/mocha_aai_decoded/msak0/110.npz,63509,16000,3.96931,1743,3.484,0.48531,1.0,0.0,
msak0,111,train,data/extracted/mocha_timit/msak0_v1.1/msak0_111.wav,data/extracted/mocha_timit/msak0_v1.1/msak0_111.ema,data/processed/mocha_aai_decoded/msak0/111.npz,63494,16000,3.96837,1814,3.626,0.34237,1.0,0.0,
msak0,112,train,data/extracted/mocha_timit/msak0_v1.1/msak0_112.wav,data/extracted/mocha_timit/msak0_v1.1/msak0_112.ema,data/processed/mocha_aai_decoded/msak0/112.npz,63498,16000,3.96862,1791,3.58,0.38862,1.0,0.0,
msak0,113,train,data/extracted/mocha_timit/msak0_v1.1/msak0_113.wav,data/extracted/mocha_timit/msak0_v1.1/msak0_113.ema,data/processed/mocha_aai_decoded/msak0/113.npz,59490,16000,3.71813,1650,3.298,0.42012,1.0,0.0,
msak0,114,train,data/extracted/mocha_timit/msak0_v1.1/msak0_114.wav,data/extracted/mocha_timit/msak0_v1.1/msak0_114.ema,data/processed/mocha_aai_decoded/msak0/114.npz,67427,16000,4.21419,1904,3.806,0.40819,1.0,0.0,
msak0,115,train,data/extracted/mocha_timit/msak0_v1.1/msak0_115.wav,data/extracted/mocha_timit/msak0_v1.1/msak0_115.ema,data/processed/mocha_aai_decoded/msak0/115.npz,59424,16000,3.714,1653,3.304,0.41,1.0,0.0,
msak0,116,test,data/extracted/mocha_timit/msak0_v1.1/msak0_116.wav,data/extracted/mocha_timit/msak0_v1.1/msak0_116.ema,data/processed/mocha_aai_decoded/msak0/116.npz,63505,16000,3.96906,1737,3.472,0.49706,1.0,0.0,
msak0,117,train,data/extracted/mocha_timit/msak0_v1.1/msak0_117.wav,data/extracted/mocha_timit/msak0_v1.1/msak0_117.ema,data/processed/mocha_aai_decoded/msak0/117.npz,59507,16000,3.71919,1630,3.258,0.46119,1.0,0.0,
msak0,118,train,data/extracted/mocha_timit/msak0_v1.1/msak0_118.wav,data/extracted/mocha_timit/msak0_v1.1/msak0_118.ema,data/processed/mocha_aai_decoded/msak0/118.npz,51499,16000,3.21869,1471,2.94,0.27869,1.0,0.0,
msak0,119,train,data/extracted/mocha_timit/msak0_v1.1/msak0_119.wav,data/extracted/mocha_timit/msak0_v1.1/msak0_119.ema,data/processed/mocha_aai_decoded/msak0/119.npz,59320,16000,3.7075,1697,3.392,0.3155,1.0,0.0,
msak0,120,train,data/extracted/mocha_timit/msak0_v1.1/msak0_120.wav,data/extracted/mocha_timit/msak0_v1.1/msak0_120.ema,data/processed/mocha_aai_decoded/msak0/120.npz,63503,16000,3.96894,1813,3.624,0.34494,1.0,0.0,
msak0,121,train,data/extracted/mocha_timit/msak0_v1.1/msak0_121.wav,data/extracted/mocha_timit/msak0_v1.1/msak0_121.ema,data/processed/mocha_aai_decoded/msak0/121.npz,59491,16000,3.71819,1708,3.414,0.30419,1.0,0.0,
msak0,122,train,data/extracted/mocha_timit/msak0_v1.1/msak0_122.wav,data/extracted/mocha_timit/msak0_v1.1/msak0_122.ema,data/processed/mocha_aai_decoded/msak0/122.npz,68492,16000,4.28075,1955,3.908,0.37275,1.0,0.0,
msak0,123,train,data/extracted/mocha_timit/msak0_v1.1/msak0_123.wav,data/extracted/mocha_timit/msak0_v1.1/msak0_123.ema,data/processed/mocha_aai_decoded/msak0/123.npz,63407,16000,3.96294,1762,3.522,0.44094,1.0,0.0,
msak0,124,train,data/extracted/mocha_timit/msak0_v1.1/msak0_124.wav,data/extracted/mocha_timit/msak0_v1.1/msak0_124.ema,data/processed/mocha_aai_decoded/msak0/124.npz,71505,16000,4.46906,2046,4.09,0.37906,1.0,0.0,
msak0,125,train,data/extracted/mocha_timit/msak0_v1.1/msak0_125.wav,data/extracted/mocha_timit/msak0_v1.1/msak0_125.ema,data/processed/mocha_aai_decoded/msak0/125.npz,63498,16000,3.96862,1783,3.564,0.40462,1.0,0.0,
msak0,126,train,data/extracted/mocha_timit/msak0_v1.1/msak0_126.wav,data/extracted/mocha_timit/msak0_v1.1/msak0_126.ema,data/processed/mocha_aai_decoded/msak0/126.npz,55511,16000,3.46944,1532,3.062,0.40744,1.0,0.0,
msak0,127,train,data/extracted/mocha_timit/msak0_v1.1/msak0_127.wav,data/extracted/mocha_timit/msak0_v1.1/msak0_127.ema,data/processed/mocha_aai_decoded/msak0/127.npz,51491,16000,3.21819,1474,2.946,0.27219,1.0,0.0,
msak0,128,train,data/extracted/mocha_timit/msak0_v1.1/msak0_128.wav,data/extracted/mocha_timit/msak0_v1.1/msak0_128.ema,data/processed/mocha_aai_decoded/msak0/128.npz,55494,16000,3.46837,1521,3.04,0.42838,1.0,0.0,
msak0,129,train,data/extracted/mocha_timit/msak0_v1.1/msak0_129.wav,data/extracted/mocha_timit/msak0_v1.1/msak0_129.ema,data/processed/mocha_aai_decoded/msak0/129.npz,43480,16000,2.7175,1140,2.278,0.4395,1.0,0.0,
msak0,130,train,data/extracted/mocha_timit/msak0_v1.1/msak0_130.wav,data/extracted/mocha_timit/msak0_v1.1/msak0_130.ema,data/processed/mocha_aai_decoded/msak0/130.npz,55498,16000,3.46862,1482,2.962,0.50662,1.0,0.0,audio_ema_duration_gap_gt_0_5s
msak0,131,train,data/extracted/mocha_timit/msak0_v1.1/msak0_131.wav,data/extracted/mocha_timit/msak0_v1.1/msak0_131.ema,data/processed/mocha_aai_decoded/msak0/131.npz,59488,16000,3.718,1674,3.346,0.372,1.0,0.0,
msak0,132,test,data/extracted/mocha_timit/msak0_v1.1/msak0_132.wav,data/extracted/mocha_timit/msak0_v1.1/msak0_132.ema,data/processed/mocha_aai_decoded/msak0/132.npz,55490,16000,3.46813,1583,3.164,0.30412,1.0,0.0,
msak0,133,validation,data/extracted/mocha_timit/msak0_v1.1/msak0_133.wav,data/extracted/mocha_timit/msak0_v1.1/msak0_133.ema,data/processed/mocha_aai_decoded/msak0/133.npz,51498,16000,3.21862,1477,2.952,0.26662,1.0,0.0,
msak0,134,train,data/extracted/mocha_timit/msak0_v1.1/msak0_134.wav,data/extracted/mocha_timit/msak0_v1.1/msak0_134.ema,data/processed/mocha_aai_decoded/msak0/134.npz,63208,16000,3.9505,1832,3.662,0.2885,1.0,0.0,
msak0,135,train,data/extracted/mocha_timit/msak0_v1.1/msak0_135.wav,data/extracted/mocha_timit/msak0_v1.1/msak0_135.ema,data/processed/mocha_aai_decoded/msak0/135.npz,55501,16000,3.46881,1579,3.156,0.31281,1.0,0.0,
msak0,136,train,data/extracted/mocha_timit/msak0_v1.1/msak0_136.wav,data/extracted/mocha_timit/msak0_v1.1/msak0_136.ema,data/processed/mocha_aai_decoded/msak0/136.npz,71488,16000,4.468,1989,3.976,0.492,1.0,0.0,
msak0,137,train,data/extracted/mocha_timit/msak0_v1.1/msak0_137.wav,data/extracted/mocha_timit/msak0_v1.1/msak0_137.ema,data/processed/mocha_aai_decoded/msak0/137.npz,68240,16000,4.265,1982,3.962,0.303,1.0,0.0,
msak0,138,train,data/extracted/mocha_timit/msak0_v1.1/msak0_138.wav,data/extracted/mocha_timit/msak0_v1.1/msak0_138.ema,data/processed/mocha_aai_decoded/msak0/138.npz,75474,16000,4.71713,2136,4.27,0.44712,1.0,0.0,
msak0,139,train,data/extracted/mocha_timit/msak0_v1.1/msak0_139.wav,data/extracted/mocha_timit/msak0_v1.1/msak0_139.ema,data/processed/mocha_aai_decoded/msak0/139.npz,71484,16000,4.46775,2042,4.082,0.38575,1.0,0.0,
msak0,140,validation,data/extracted/mocha_timit/msak0_v1.1/msak0_140.wav,data/extracted/mocha_timit/msak0_v1.1/msak0_140.ema,data/processed/mocha_aai_decoded/msak0/140.npz,67487,16000,4.21794,1863,3.724,0.49394,1.0,0.0,
msak0,141,train,data/extracted/mocha_timit/msak0_v1.1/msak0_141.wav,data/extracted/mocha_timit/msak0_v1.1/msak0_141.ema,data/processed/mocha_aai_decoded/msak0/141.npz,63304,16000,3.9565,1741,3.48,0.4765,1.0,0.0,
msak0,142,train,data/extracted/mocha_timit/msak0_v1.1/msak0_142.wav,data/extracted/mocha_timit/msak0_v1.1/msak0_142.ema,data/processed/mocha_aai_decoded/msak0/142.npz,63490,16000,3.96813,1772,3.542,0.42612,1.0,0.0,
msak0,143,test,data/extracted/mocha_timit/msak0_v1.1/msak0_143.wav,data/extracted/mocha_timit/msak0_v1.1/msak0_143.ema,data/processed/mocha_aai_decoded/msak0/143.npz,71255,16000,4.45344,2019,4.036,0.41744,1.0,0.0,
msak0,144,train,data/extracted/mocha_timit/msak0_v1.1/msak0_144.wav,data/extracted/mocha_timit/msak0_v1.1/msak0_144.ema,data/processed/mocha_aai_decoded/msak0/144.npz,71496,16000,4.4685,1983,3.964,0.5045,1.0,0.0,audio_ema_duration_gap_gt_0_5s
msak0,145,train,data/extracted/mocha_timit/msak0_v1.1/msak0_145.wav,data/extracted/mocha_timit/msak0_v1.1/msak0_145.ema,data/processed/mocha_aai_decoded/msak0/145.npz,63498,16000,3.96862,1842,3.682,0.28662,1.0,0.0,
msak0,146,test,data/extracted/mocha_timit/msak0_v1.1/msak0_146.wav,data/extracted/mocha_timit/msak0_v1.1/msak0_146.ema,data/processed/mocha_aai_decoded/msak0/146.npz,55495,16000,3.46844,1546,3.09,0.37844,1.0,0.0,
msak0,147,train,data/extracted/mocha_timit/msak0_v1.1/msak0_147.wav,data/extracted/mocha_timit/msak0_v1.1/msak0_147.ema,data/processed/mocha_aai_decoded/msak0/147.npz,55494,16000,3.46837,1596,3.19,0.27837,1.0,0.0,
msak0,148,train,data/extracted/mocha_timit/msak0_v1.1/msak0_148.wav,data/extracted/mocha_timit/msak0_v1.1/msak0_148.ema,data/processed/mocha_aai_decoded/msak0/148.npz,59494,16000,3.71837,1613,3.224,0.49438,1.0,0.0,
msak0,149,train,data/extracted/mocha_timit/msak0_v1.1/msak0_149.wav,data/extracted/mocha_timit/msak0_v1.1/msak0_149.ema,data/processed/mocha_aai_decoded/msak0/149.npz,63486,16000,3.96787,1811,3.62,0.34787,1.0,0.0,
msak0,150,train,data/extracted/mocha_timit/msak0_v1.1/msak0_150.wav,data/extracted/mocha_timit/msak0_v1.1/msak0_150.ema,data/processed/mocha_aai_decoded/msak0/150.npz,63336,16000,3.9585,1726,3.45,0.5085,1.0,0.0,audio_ema_duration_gap_gt_0_5s
msak0,151,train,data/extracted/mocha_timit/msak0_v1.1/msak0_151.wav,data/extracted/mocha_timit/msak0_v1.1/msak0_151.ema,data/processed/mocha_aai_decoded/msak0/151.npz,71495,16000,4.46844,2041,4.08,0.38844,1.0,0.0,
msak0,152,test,data/extracted/mocha_timit/msak0_v1.1/msak0_152.wav,data/extracted/mocha_timit/msak0_v1.1/msak0_152.ema,data/processed/mocha_aai_decoded/msak0/152.npz,55488,16000,3.468,1532,3.062,0.406,1.0,0.0,
msak0,153,train,data/extracted/mocha_timit/msak0_v1.1/msak0_153.wav,data/extracted/mocha_timit/msak0_v1.1/msak0_153.ema,data/processed/mocha_aai_decoded/msak0/153.npz,67498,16000,4.21863,1921,3.84,0.37862,1.0,0.0,
msak0,154,train,data/extracted/mocha_timit/msak0_v1.1/msak0_154.wav,data/extracted/mocha_timit/msak0_v1.1/msak0_154.ema,data/processed/mocha_aai_decoded/msak0/154.npz,67487,16000,4.21794,1918,3.834,0.38394,1.0,0.0,
msak0,155,train,data/extracted/mocha_timit/msak0_v1.1/msak0_155.wav,data/extracted/mocha_timit/msak0_v1.1/msak0_155.ema,data/processed/mocha_aai_decoded/msak0/155.npz,75438,16000,4.71488,2123,4.244,0.47087,1.0,0.0,
msak0,156,validation,data/extracted/mocha_timit/msak0_v1.1/msak0_156.wav,data/extracted/mocha_timit/msak0_v1.1/msak0_156.ema,data/processed/mocha_aai_decoded/msak0/156.npz,63506,16000,3.96913,1790,3.578,0.39112,1.0,0.0,
msak0,157,train,data/extracted/mocha_timit/msak0_v1.1/msak0_157.wav,data/extracted/mocha_timit/msak0_v1.1/msak0_157.ema,data/processed/mocha_aai_decoded/msak0/157.npz,71502,16000,4.46887,1996,3.99,0.47887,1.0,0.0,
msak0,158,train,data/extracted/mocha_timit/msak0_v1.1/msak0_158.wav,data/extracted/mocha_timit/msak0_v1.1/msak0_158.ema,data/processed/mocha_aai_decoded/msak0/158.npz,67496,16000,4.2185,1955,3.908,0.3105,1.0,0.0,
msak0,159,train,data/extracted/mocha_timit/msak0_v1.1/msak0_159.wav,data/extracted/mocha_timit/msak0_v1.1/msak0_159.ema,data/processed/mocha_aai_decoded/msak0/159.npz,55491,16000,3.46819,1547,3.092,0.37619,1.0,0.0,
msak0,160,train,data/extracted/mocha_timit/msak0_v1.1/msak0_160.wav,data/extracted/mocha_timit/msak0_v1.1/msak0_160.ema,data/processed/mocha_aai_decoded/msak0/160.npz,51498,16000,3.21862,1423,2.844,0.37462,1.0,0.0,
msak0,161,train,data/extracted/mocha_timit/msak0_v1.1/msak0_161.wav,data/extracted/mocha_timit/msak0_v1.1/msak0_161.ema,data/processed/mocha_aai_decoded/msak0/161.npz,63494,16000,3.96837,1829,3.656,0.31237,1.0,0.0,
msak0,162,train,data/extracted/mocha_timit/msak0_v1.1/msak0_162.wav,data/extracted/mocha_timit/msak0_v1.1/msak0_162.ema,data/processed/mocha_aai_decoded/msak0/162.npz,71498,16000,4.46863,2087,4.172,0.29662,1.0,0.0,
msak0,163,train,data/extracted/mocha_timit/msak0_v1.1/msak0_163.wav,data/extracted/mocha_timit/msak0_v1.1/msak0_163.ema,data/processed/mocha_aai_decoded/msak0/163.npz,83254,16000,5.20338,2359,4.716,0.48737,1.0,0.0,
msak0,164,train,data/extracted/mocha_timit/msak0_v1.1/msak0_164.wav,data/extracted/mocha_timit/msak0_v1.1/msak0_164.ema,data/processed/mocha_aai_decoded/msak0/164.npz,63495,16000,3.96844,1824,3.646,0.32244,1.0,0.0,
msak0,165,train,data/extracted/mocha_timit/msak0_v1.1/msak0_165.wav,data/extracted/mocha_timit/msak0_v1.1/msak0_165.ema,data/processed/mocha_aai_decoded/msak0/165.npz,63509,16000,3.96931,1813,3.624,0.34531,1.0,0.0,
msak0,166,train,data/extracted/mocha_timit/msak0_v1.1/msak0_166.wav,data/extracted/mocha_timit/msak0_v1.1/msak0_166.ema,data/processed/mocha_aai_decoded/msak0/166.npz,79501,16000,4.96881,2333,4.664,0.30481,1.0,0.0,
msak0,167,train,data/extracted/mocha_timit/msak0_v1.1/msak0_167.wav,data/extracted/mocha_timit/msak0_v1.1/msak0_167.ema,data/processed/mocha_aai_decoded/msak0/167.npz,79504,16000,4.969,2229,4.456,0.513,1.0,0.0,audio_ema_duration_gap_gt_0_5s
msak0,168,train,data/extracted/mocha_timit/msak0_v1.1/msak0_168.wav,data/extracted/mocha_timit/msak0_v1.1/msak0_168.ema,data/processed/mocha_aai_decoded/msak0/168.npz,91490,16000,5.71812,2676,5.35,0.36812,1.0,0.0,
msak0,169,validation,data/extracted/mocha_timit/msak0_v1.1/msak0_169.wav,data/extracted/mocha_timit/msak0_v1.1/msak0_169.ema,data/processed/mocha_aai_decoded/msak0/169.npz,83498,16000,5.21863,2363,4.724,0.49462,1.0,0.0,
msak0,170,train,data/extracted/mocha_timit/msak0_v1.1/msak0_170.wav,data/extracted/mocha_timit/msak0_v1.1/msak0_170.ema,data/processed/mocha_aai_decoded/msak0/170.npz,51499,16000,3.21869,1360,2.718,0.50069,1.0,0.0,audio_ema_duration_gap_gt_0_5s
msak0,171,train,data/extracted/mocha_timit/msak0_v1.1/msak0_171.wav,data/extracted/mocha_timit/msak0_v1.1/msak0_171.ema,data/processed/mocha_aai_decoded/msak0/171.npz,67502,16000,4.21887,1918,3.834,0.38487,1.0,0.0,
msak0,172,train,data/extracted/mocha_timit/msak0_v1.1/msak0_172.wav,data/extracted/mocha_timit/msak0_v1.1/msak0_172.ema,data/processed/mocha_aai_decoded/msak0/172.npz,87502,16000,5.46887,2552,5.102,0.36687,1.0,0.0,
msak0,173,train,data/extracted/mocha_timit/msak0_v1.1/msak0_173.wav,data/extracted/mocha_timit/msak0_v1.1/msak0_173.ema,data/processed/mocha_aai_decoded/msak0/173.npz,75509,16000,4.71931,2214,4.426,0.29331,1.0,0.0,
msak0,174,train,data/extracted/mocha_timit/msak0_v1.1/msak0_174.wav,data/extracted/mocha_timit/msak0_v1.1/msak0_174.ema,data/processed/mocha_aai_decoded/msak0/174.npz,71498,16000,4.46863,1981,3.96,0.50862,1.0,0.0,audio_ema_duration_gap_gt_0_5s
msak0,175,train,data/extracted/mocha_timit/msak0_v1.1/msak0_175.wav,data/extracted/mocha_timit/msak0_v1.1/msak0_175.ema,data/processed/mocha_aai_decoded/msak0/175.npz,63490,16000,3.96813,1789,3.576,0.39213,1.0,0.0,
msak0,176,train,data/extracted/mocha_timit/msak0_v1.1/msak0_176.wav,data/extracted/mocha_timit/msak0_v1.1/msak0_176.ema,data/processed/mocha_aai_decoded/msak0/176.npz,79481,16000,4.96756,2316,4.63,0.33756,1.0,0.0,
msak0,177,train,data/extracted/mocha_timit/msak0_v1.1/msak0_177.wav,data/extracted/mocha_timit/msak0_v1.1/msak0_177.ema,data/processed/mocha_aai_decoded/msak0/177.npz,79498,16000,4.96863,2315,4.628,0.34062,1.0,0.0,
msak0,178,validation,data/extracted/mocha_timit/msak0_v1.1/msak0_178.wav,data/extracted/mocha_timit/msak0_v1.1/msak0_178.ema,data/processed/mocha_aai_decoded/msak0/178.npz,75491,16000,4.71819,2221,4.44,0.27819,1.0,0.0,
msak0,179,train,data/extracted/mocha_timit/msak0_v1.1/msak0_179.wav,data/extracted/mocha_timit/msak0_v1.1/msak0_179.ema,data/processed/mocha_aai_decoded/msak0/179.npz,75505,16000,4.71906,2116,4.23,0.48906,1.0,0.0,
msak0,180,train,data/extracted/mocha_timit/msak0_v1.1/msak0_180.wav,data/extracted/mocha_timit/msak0_v1.1/msak0_180.ema,data/processed/mocha_aai_decoded/msak0/180.npz,51509,16000,3.21931,1449,2.896,0.32331,1.0,0.0,
msak0,181,train,data/extracted/mocha_timit/msak0_v1.1/msak0_181.wav,data/extracted/mocha_timit/msak0_v1.1/msak0_181.ema,data/processed/mocha_aai_decoded/msak0/181.npz,79494,16000,4.96837,2302,4.602,0.36637,1.0,0.0,
msak0,182,train,data/extracted/mocha_timit/msak0_v1.1/msak0_182.wav,data/extracted/mocha_timit/msak0_v1.1/msak0_182.ema,data/processed/mocha_aai_decoded/msak0/182.npz,67480,16000,4.2175,1947,3.892,0.3255,1.0,0.0,
msak0,183,train,data/extracted/mocha_timit/msak0_v1.1/msak0_183.wav,data/extracted/mocha_timit/msak0_v1.1/msak0_183.ema,data/processed/mocha_aai_decoded/msak0/183.npz,63490,16000,3.96813,1818,3.634,0.33412,1.0,0.0,
msak0,184,train,data/extracted/mocha_timit/msak0_v1.1/msak0_184.wav,data/extracted/mocha_timit/msak0_v1.1/msak0_184.ema,data/processed/mocha_aai_decoded/msak0/184.npz,71444,16000,4.46525,2022,4.042,0.42325,1.0,0.0,
msak0,185,test,data/extracted/mocha_timit/msak0_v1.1/msak0_185.wav,data/extracted/mocha_timit/msak0_v1.1/msak0_185.ema,data/processed/mocha_aai_decoded/msak0/185.npz,55509,16000,3.46931,1586,3.17,0.29931,1.0,0.0,
msak0,186,validation,data/extracted/mocha_timit/msak0_v1.1/msak0_186.wav,data/extracted/mocha_timit/msak0_v1.1/msak0_186.ema,data/processed/mocha_aai_decoded/msak0/186.npz,59492,16000,3.71825,1672,3.342,0.37625,1.0,0.0,
msak0,187,train,data/extracted/mocha_timit/msak0_v1.1/msak0_187.wav,data/extracted/mocha_timit/msak0_v1.1/msak0_187.ema,data/processed/mocha_aai_decoded/msak0/187.npz,55490,16000,3.46813,1552,3.102,0.36613,1.0,0.0,
msak0,188,test,data/extracted/mocha_timit/msak0_v1.1/msak0_188.wav,data/extracted/mocha_timit/msak0_v1.1/msak0_188.ema,data/processed/mocha_aai_decoded/msak0/188.npz,59491,16000,3.71819,1635,3.268,0.45019,1.0,0.0,
msak0,189,train,data/extracted/mocha_timit/msak0_v1.1/msak0_189.wav,data/extracted/mocha_timit/msak0_v1.1/msak0_189.ema,data/processed/mocha_aai_decoded/msak0/189.npz,55501,16000,3.46881,1514,3.026,0.44281,1.0,0.0,
msak0,190,train,data/extracted/mocha_timit/msak0_v1.1/msak0_190.wav,data/extracted/mocha_timit/msak0_v1.1/msak0_190.ema,data/processed/mocha_aai_decoded/msak0/190.npz,59325,16000,3.70781,1645,3.288,0.41981,1.0,0.0,
msak0,191,train,data/extracted/mocha_timit/msak0_v1.1/msak0_191.wav,data/extracted/mocha_timit/msak0_v1.1/msak0_191.ema,data/processed/mocha_aai_decoded/msak0/191.npz,51494,16000,3.21837,1358,2.714,0.50438,1.0,0.0,audio_ema_duration_gap_gt_0_5s
msak0,192,train,data/extracted/mocha_timit/msak0_v1.1/msak0_192.wav,data/extracted/mocha_timit/msak0_v1.1/msak0_192.ema,data/processed/mocha_aai_decoded/msak0/192.npz,63491,16000,3.96819,1776,3.55,0.41819,1.0,0.0,
msak0,193,train,data/extracted/mocha_timit/msak0_v1.1/msak0_193.wav,data/extracted/mocha_timit/msak0_v1.1/msak0_193.ema,data/processed/mocha_aai_decoded/msak0/193.npz,67486,16000,4.21788,1852,3.702,0.51587,1.0,0.0,audio_ema_duration_gap_gt_0_5s
msak0,194,train,data/extracted/mocha_timit/msak0_v1.1/msak0_194.wav,data/extracted/mocha_timit/msak0_v1.1/msak0_194.ema,data/processed/mocha_aai_decoded/msak0/194.npz,59498,16000,3.71862,1608,3.214,0.50463,1.0,0.0,audio_ema_duration_gap_gt_0_5s
msak0,195,train,data/extracted/mocha_timit/msak0_v1.1/msak0_195.wav,data/extracted/mocha_timit/msak0_v1.1/msak0_195.ema,data/processed/mocha_aai_decoded/msak0/195.npz,67478,16000,4.21737,1925,3.848,0.36937,1.0,0.0,
msak0,196,train,data/extracted/mocha_timit/msak0_v1.1/msak0_196.wav,data/extracted/mocha_timit/msak0_v1.1/msak0_196.ema,data/processed/mocha_aai_decoded/msak0/196.npz,51488,16000,3.218,1451,2.9,0.318,1.0,0.0,
msak0,197,train,data/extracted/mocha_timit/msak0_v1.1/msak0_197.wav,data/extracted/mocha_timit/msak0_v1.1/msak0_197.ema,data/processed/mocha_aai_decoded/msak0/197.npz,59294,16000,3.70587,1657,3.312,0.39387,1.0,0.0,
msak0,198,train,data/extracted/mocha_timit/msak0_v1.1/msak0_198.wav,data/extracted/mocha_timit/msak0_v1.1/msak0_198.ema,data/processed/mocha_aai_decoded/msak0/198.npz,52509,16000,3.28181,1489,2.976,0.30581,1.0,0.0,
msak0,199,train,data/extracted/mocha_timit/msak0_v1.1/msak0_199.wav,data/extracted/mocha_timit/msak0_v1.1/msak0_199.ema,data/processed/mocha_aai_decoded/msak0/199.npz,55494,16000,3.46837,1543,3.084,0.38437,1.0,0.0,
msak0,200,train,data/extracted/mocha_timit/msak0_v1.1/msak0_200.wav,data/extracted/mocha_timit/msak0_v1.1/msak0_200.ema,data/processed/mocha_aai_decoded/msak0/200.npz,51492,16000,3.21825,1438,2.874,0.34425,1.0,0.0,
msak0,201,validation,data/extracted/mocha_timit/msak0_v1.1/msak0_201.wav,data/extracted/mocha_timit/msak0_v1.1/msak0_201.ema,data/processed/mocha_aai_decoded/msak0/201.npz,55509,16000,3.46931,1524,3.046,0.42331,1.0,0.0,
msak0,202,train,data/extracted/mocha_timit/msak0_v1.1/msak0_202.wav,data/extracted/mocha_timit/msak0_v1.1/msak0_202.ema,data/processed/mocha_aai_decoded/msak0/202.npz,59499,16000,3.71869,1641,3.28,0.43869,1.0,0.0,
msak0,203,train,data/extracted/mocha_timit/msak0_v1.1/msak0_203.wav,data/extracted/mocha_timit/msak0_v1.1/msak0_203.ema,data/processed/mocha_aai_decoded/msak0/203.npz,71494,16000,4.46837,2096,4.19,0.27837,1.0,0.0,
msak0,204,train,data/extracted/mocha_timit/msak0_v1.1/msak0_204.wav,data/extracted/mocha_timit/msak0_v1.1/msak0_204.ema,data/processed/mocha_aai_decoded/msak0/204.npz,59430,16000,3.71437,1715,3.428,0.28638,1.0,0.0,
msak0,205,train,data/extracted/mocha_timit/msak0_v1.1/msak0_205.wav,data/extracted/mocha_timit/msak0_v1.1/msak0_205.ema,data/processed/mocha_aai_decoded/msak0/205.npz,67478,16000,4.21737,1864,3.726,0.49137,1.0,0.0,
msak0,206,train,data/extracted/mocha_timit/msak0_v1.1/msak0_206.wav,data/extracted/mocha_timit/msak0_v1.1/msak0_206.ema,data/processed/mocha_aai_decoded/msak0/206.npz,51498,16000,3.21862,1364,2.726,0.49262,1.0,0.0,
msak0,207,train,data/extracted/mocha_timit/msak0_v1.1/msak0_207.wav,data/extracted/mocha_timit/msak0_v1.1/msak0_207.ema,data/processed/mocha_aai_decoded/msak0/207.npz,51488,16000,3.218,1447,2.892,0.326,1.0,0.0,
msak0,208,train,data/extracted/mocha_timit/msak0_v1.1/msak0_208.wav,data/extracted/mocha_timit/msak0_v1.1/msak0_208.ema,data/processed/mocha_aai_decoded/msak0/208.npz,59498,16000,3.71862,1642,3.282,0.43662,1.0,0.0,
msak0,209,train,data/extracted/mocha_timit/msak0_v1.1/msak0_209.wav,data/extracted/mocha_timit/msak0_v1.1/msak0_209.ema,data/processed/mocha_aai_decoded/msak0/209.npz,75498,16000,4.71863,2180,4.358,0.36062,1.0,0.0,
msak0,210,train,data/extracted/mocha_timit/msak0_v1.1/msak0_210.wav,data/extracted/mocha_timit/msak0_v1.1/msak0_210.ema,data/processed/mocha_aai_decoded/msak0/210.npz,67487,16000,4.21794,1945,3.888,0.32994,1.0,0.0,
msak0,211,train,data/extracted/mocha_timit/msak0_v1.1/msak0_211.wav,data/extracted/mocha_timit/msak0_v1.1/msak0_211.ema,data/processed/mocha_aai_decoded/msak0/211.npz,55490,16000,3.46813,1580,3.158,0.31013,1.0,0.0,
msak0,212,train,data/extracted/mocha_timit/msak0_v1.1/msak0_212.wav,data/extracted/mocha_timit/msak0_v1.1/msak0_212.ema,data/processed/mocha_aai_decoded/msak0/212.npz,59498,16000,3.71862,1712,3.422,0.29662,1.0,0.0,
msak0,213,train,data/extracted/mocha_timit/msak0_v1.1/msak0_213.wav,data/extracted/mocha_timit/msak0_v1.1/msak0_213.ema,data/processed/mocha_aai_decoded/msak0/213.npz,59487,16000,3.71794,1711,3.42,0.29794,1.0,0.0,
msak0,214,train,data/extracted/mocha_timit/msak0_v1.1/msak0_214.wav,data/extracted/mocha_timit/msak0_v1.1/msak0_214.ema,data/processed/mocha_aai_decoded/msak0/214.npz,55492,16000,3.46825,1516,3.03,0.43825,1.0,0.0,
msak0,215,train,data/extracted/mocha_timit/msak0_v1.1/msak0_215.wav,data/extracted/mocha_timit/msak0_v1.1/msak0_215.ema,data/processed/mocha_aai_decoded/msak0/215.npz,63502,16000,3.96888,1814,3.626,0.34287,1.0,0.0,
msak0,216,train,data/extracted/mocha_timit/msak0_v1.1/msak0_216.wav,data/extracted/mocha_timit/msak0_v1.1/msak0_216.ema,data/processed/mocha_aai_decoded/msak0/216.npz,71494,16000,4.46837,1996,3.99,0.47837,1.0,0.0,
msak0,217,train,data/extracted/mocha_timit/msak0_v1.1/msak0_217.wav,data/extracted/mocha_timit/msak0_v1.1/msak0_217.ema,data/processed/mocha_aai_decoded/msak0/217.npz,59494,16000,3.71837,1662,3.322,0.39637,1.0,0.0,
msak0,218,train,data/extracted/mocha_timit/msak0_v1.1/msak0_218.wav,data/extracted/mocha_timit/msak0_v1.1/msak0_218.ema,data/processed/mocha_aai_decoded/msak0/218.npz,63490,16000,3.96813,1777,3.552,0.41612,1.0,0.0,
msak0,219,train,data/extracted/mocha_timit/msak0_v1.1/msak0_219.wav,data/extracted/mocha_timit/msak0_v1.1/msak0_219.ema,data/processed/mocha_aai_decoded/msak0/219.npz,67496,16000,4.2185,1914,3.826,0.3925,1.0,0.0,
msak0,220,train,data/extracted/mocha_timit/msak0_v1.1/msak0_220.wav,data/extracted/mocha_timit/msak0_v1.1/msak0_220.ema,data/processed/mocha_aai_decoded/msak0/220.npz,51494,16000,3.21837,1449,2.896,0.32237,1.0,0.0,
msak0,221,train,data/extracted/mocha_timit/msak0_v1.1/msak0_221.wav,data/extracted/mocha_timit/msak0_v1.1/msak0_221.ema,data/processed/mocha_aai_decoded/msak0/221.npz,55501,16000,3.46881,1518,3.034,0.43481,1.0,0.0,
msak0,222,train,data/extracted/mocha_timit/msak0_v1.1/msak0_222.wav,data/extracted/mocha_timit/msak0_v1.1/msak0_222.ema,data/processed/mocha_aai_decoded/msak0/222.npz,63440,16000,3.965,1816,3.63,0.335,1.0,0.0,
msak0,223,train,data/extracted/mocha_timit/msak0_v1.1/msak0_223.wav,data/extracted/mocha_timit/msak0_v1.1/msak0_223.ema,data/processed/mocha_aai_decoded/msak0/223.npz,71488,16000,4.468,1993,3.984,0.484,1.0,0.0,
msak0,224,train,data/extracted/mocha_timit/msak0_v1.1/msak0_224.wav,data/extracted/mocha_timit/msak0_v1.1/msak0_224.ema,data/processed/mocha_aai_decoded/msak0/224.npz,75385,16000,4.71156,2142,4.282,0.42956,1.0,0.0,
msak0,225,train,data/extracted/mocha_timit/msak0_v1.1/msak0_225.wav,data/extracted/mocha_timit/msak0_v1.1/msak0_225.ema,data/processed/mocha_aai_decoded/msak0/225.npz,59506,16000,3.71913,1679,3.356,0.36312,1.0,0.0,
msak0,226,train,data/extracted/mocha_timit/msak0_v1.1/msak0_226.wav,data/extracted/mocha_timit/msak0_v1.1/msak0_226.ema,data/processed/mocha_aai_decoded/msak0/226.npz,71504,16000,4.469,2033,4.064,0.405,1.0,0.0,
msak0,227,train,data/extracted/mocha_timit/msak0_v1.1/msak0_227.wav,data/extracted/mocha_timit/msak0_v1.1/msak0_227.ema,data/processed/mocha_aai_decoded/msak0/227.npz,51511,16000,3.21944,1497,2.992,0.22744,1.0,0.0,
msak0,228,test,data/extracted/mocha_timit/msak0_v1.1/msak0_228.wav,data/extracted/mocha_timit/msak0_v1.1/msak0_228.ema,data/processed/mocha_aai_decoded/msak0/228.npz,47503,16000,2.96894,1311,2.62,0.34894,1.0,0.0,
msak0,229,train,data/extracted/mocha_timit/msak0_v1.1/msak0_229.wav,data/extracted/mocha_timit/msak0_v1.1/msak0_229.ema,data/processed/mocha_aai_decoded/msak0/229.npz,47495,16000,2.96844,1326,2.65,0.31844,1.0,0.0,
msak0,230,train,data/extracted/mocha_timit/msak0_v1.1/msak0_230.wav,data/extracted/mocha_timit/msak0_v1.1/msak0_230.ema,data/processed/mocha_aai_decoded/msak0/230.npz,63324,16000,3.95775,1812,3.622,0.33575,1.0,0.0,
msak0,231,train,data/extracted/mocha_timit/msak0_v1.1/msak0_231.wav,data/extracted/mocha_timit/msak0_v1.1/msak0_231.ema,data/processed/mocha_aai_decoded/msak0/231.npz,51490,16000,3.21813,1419,2.836,0.38213,1.0,0.0,
msak0,232,train,data/extracted/mocha_timit/msak0_v1.1/msak0_232.wav,data/extracted/mocha_timit/msak0_v1.1/msak0_232.ema,data/processed/mocha_aai_decoded/msak0/232.npz,51507,16000,3.21919,1436,2.87,0.34919,1.0,0.0,
msak0,233,train,data/extracted/mocha_timit/msak0_v1.1/msak0_233.wav,data/extracted/mocha_timit/msak0_v1.1/msak0_233.ema,data/processed/mocha_aai_decoded/msak0/233.npz,47494,16000,2.96837,1311,2.62,0.34837,1.0,0.0,
msak0,234,validation,data/extracted/mocha_timit/msak0_v1.1/msak0_234.wav,data/extracted/mocha_timit/msak0_v1.1/msak0_234.ema,data/processed/mocha_aai_decoded/msak0/234.npz,43507,16000,2.71919,1189,2.376,0.34319,1.0,0.0,
msak0,235,train,data/extracted/mocha_timit/msak0_v1.1/msak0_235.wav,data/extracted/mocha_timit/msak0_v1.1/msak0_235.ema,data/processed/mocha_aai_decoded/msak0/235.npz,39498,16000,2.46862,1060,2.118,0.35062,1.0,0.0,
msak0,236,train,data/extracted/mocha_timit/msak0_v1.1/msak0_236.wav,data/extracted/mocha_timit/msak0_v1.1/msak0_236.ema,data/processed/mocha_aai_decoded/msak0/236.npz,67506,16000,4.21913,1931,3.86,0.35912,1.0,0.0,
msak0,237,train,data/extracted/mocha_timit/msak0_v1.1/msak0_237.wav,data/extracted/mocha_timit/msak0_v1.1/msak0_237.ema,data/processed/mocha_aai_decoded/msak0/237.npz,47491,16000,2.96819,1253,2.504,0.46419,1.0,0.0,
msak0,238,train,data/extracted/mocha_timit/msak0_v1.1/msak0_238.wav,data/extracted/mocha_timit/msak0_v1.1/msak0_238.ema,data/processed/mocha_aai_decoded/msak0/238.npz,55502,16000,3.46888,1510,3.018,0.45087,1.0,0.0,
msak0,239,train,data/extracted/mocha_timit/msak0_v1.1/msak0_239.wav,data/extracted/mocha_timit/msak0_v1.1/msak0_239.ema,data/processed/mocha_aai_decoded/msak0/239.npz,67498,16000,4.21863,1952,3.902,0.31662,1.0,0.0,
msak0,240,train,data/extracted/mocha_timit/msak0_v1.1/msak0_240.wav,data/extracted/mocha_timit/msak0_v1.1/msak0_240.ema,data/processed/mocha_aai_decoded/msak0/240.npz,63488,16000,3.968,1730,3.458,0.51,1.0,0.0,audio_ema_duration_gap_gt_0_5s
msak0,241,train,data/extracted/mocha_timit/msak0_v1.1/msak0_241.wav,data/extracted/mocha_timit/msak0_v1.1/msak0_241.ema,data/processed/mocha_aai_decoded/msak0/241.npz,55496,16000,3.4685,1578,3.154,0.3145,1.0,0.0,
msak0,242,train,data/extracted/mocha_timit/msak0_v1.1/msak0_242.wav,data/extracted/mocha_timit/msak0_v1.1/msak0_242.ema,data/processed/mocha_aai_decoded/msak0/242.npz,51504,16000,3.219,1434,2.866,0.353,1.0,0.0,
msak0,243,train,data/extracted/mocha_timit/msak0_v1.1/msak0_243.wav,data/extracted/mocha_timit/msak0_v1.1/msak0_243.ema,data/processed/mocha_aai_decoded/msak0/243.npz,59504,16000,3.719,1618,3.234,0.485,1.0,0.0,
msak0,244,train,data/extracted/mocha_timit/msak0_v1.1/msak0_244.wav,data/extracted/mocha_timit/msak0_v1.1/msak0_244.ema,data/processed/mocha_aai_decoded/msak0/244.npz,63502,16000,3.96888,1758,3.514,0.45487,1.0,0.0,
msak0,245,test,data/extracted/mocha_timit/msak0_v1.1/msak0_245.wav,data/extracted/mocha_timit/msak0_v1.1/msak0_245.ema,data/processed/mocha_aai_decoded/msak0/245.npz,67354,16000,4.20962,1927,3.852,0.35763,1.0,0.0,
msak0,246,train,data/extracted/mocha_timit/msak0_v1.1/msak0_246.wav,data/extracted/mocha_timit/msak0_v1.1/msak0_246.ema,data/processed/mocha_aai_decoded/msak0/246.npz,59452,16000,3.71575,1629,3.256,0.45975,1.0,0.0,
msak0,247,train,data/extracted/mocha_timit/msak0_v1.1/msak0_247.wav,data/extracted/mocha_timit/msak0_v1.1/msak0_247.ema,data/processed/mocha_aai_decoded/msak0/247.npz,59494,16000,3.71837,1683,3.364,0.35437,1.0,0.0,
msak0,248,train,data/extracted/mocha_timit/msak0_v1.1/msak0_248.wav,data/extracted/mocha_timit/msak0_v1.1/msak0_248.ema,data/processed/mocha_aai_decoded/msak0/248.npz,67478,16000,4.21737,1970,3.938,0.27937,1.0,0.0,
msak0,249,train,data/extracted/mocha_timit/msak0_v1.1/msak0_249.wav,data/extracted/mocha_timit/msak0_v1.1/msak0_249.ema,data/processed/mocha_aai_decoded/msak0/249.npz,67499,16000,4.21869,1854,3.706,0.51269,1.0,0.0,audio_ema_duration_gap_gt_0_5s
msak0,250,train,data/extracted/mocha_timit/msak0_v1.1/msak0_250.wav,data/extracted/mocha_timit/msak0_v1.1/msak0_250.ema,data/processed/mocha_aai_decoded/msak0/250.npz,55435,16000,3.46469,1588,3.174,0.29069,1.0,0.0,
msak0,251,validation,data/extracted/mocha_timit/msak0_v1.1/msak0_251.wav,data/extracted/mocha_timit/msak0_v1.1/msak0_251.ema,data/processed/mocha_aai_decoded/msak0/251.npz,59491,16000,3.71819,1645,3.288,0.43019,1.0,0.0,
msak0,252,train,data/extracted/mocha_timit/msak0_v1.1/msak0_252.wav,data/extracted/mocha_timit/msak0_v1.1/msak0_252.ema,data/processed/mocha_aai_decoded/msak0/252.npz,83492,16000,5.21825,2375,4.748,0.47025,1.0,0.0,
msak0,253,train,data/extracted/mocha_timit/msak0_v1.1/msak0_253.wav,data/extracted/mocha_timit/msak0_v1.1/msak0_253.ema,data/processed/mocha_aai_decoded/msak0/253.npz,67494,16000,4.21837,1890,3.778,0.44037,1.0,0.0,
msak0,254,train,data/extracted/mocha_timit/msak0_v1.1/msak0_254.wav,data/extracted/mocha_timit/msak0_v1.1/msak0_254.ema,data/processed/mocha_aai_decoded/msak0/254.npz,59490,16000,3.71813,1682,3.362,0.35612,1.0,0.0,
msak0,255,train,data/extracted/mocha_timit/msak0_v1.1/msak0_255.wav,data/extracted/mocha_timit/msak0_v1.1/msak0_255.ema,data/processed/mocha_aai_decoded/msak0/255.npz,71484,16000,4.46775,1987,3.972,0.49575,1.0,0.0,
msak0,256,train,data/extracted/mocha_timit/msak0_v1.1/msak0_256.wav,data/extracted/mocha_timit/msak0_v1.1/msak0_256.ema,data/processed/mocha_aai_decoded/msak0/256.npz,71498,16000,4.46863,1981,3.96,0.50862,1.0,0.0,audio_ema_duration_gap_gt_0_5s
msak0,257,train,data/extracted/mocha_timit/msak0_v1.1/msak0_257.wav,data/extracted/mocha_timit/msak0_v1.1/msak0_257.ema,data/processed/mocha_aai_decoded/msak0/257.npz,67509,16000,4.21931,1873,3.744,0.47531,1.0,0.0,
msak0,258,train,data/extracted/mocha_timit/msak0_v1.1/msak0_258.wav,data/extracted/mocha_timit/msak0_v1.1/msak0_258.ema,data/processed/mocha_aai_decoded/msak0/258.npz,55503,16000,3.46894,1488,2.974,0.49494,1.0,0.0,
msak0,259,train,data/extracted/mocha_timit/msak0_v1.1/msak0_259.wav,data/extracted/mocha_timit/msak0_v1.1/msak0_259.ema,data/processed/mocha_aai_decoded/msak0/259.npz,55513,16000,3.46956,1536,3.07,0.39956,1.0,0.0,
msak0,260,train,data/extracted/mocha_timit/msak0_v1.1/msak0_260.wav,data/extracted/mocha_timit/msak0_v1.1/msak0_260.ema,data/processed/mocha_aai_decoded/msak0/260.npz,59490,16000,3.71813,1640,3.278,0.44012,1.0,0.0,
msak0,261,train,data/extracted/mocha_timit/msak0_v1.1/msak0_261.wav,data/extracted/mocha_timit/msak0_v1.1/msak0_261.ema,data/processed/mocha_aai_decoded/msak0/261.npz,59487,16000,3.71794,1697,3.392,0.32594,1.0,0.0,
msak0,262,validation,data/extracted/mocha_timit/msak0_v1.1/msak0_262.wav,data/extracted/mocha_timit/msak0_v1.1/msak0_262.ema,data/processed/mocha_aai_decoded/msak0/262.npz,51499,16000,3.21869,1356,2.71,0.50869,1.0,0.0,audio_ema_duration_gap_gt_0_5s
msak0,263,validation,data/extracted/mocha_timit/msak0_v1.1/msak0_263.wav,data/extracted/mocha_timit/msak0_v1.1/msak0_263.ema,data/processed/mocha_aai_decoded/msak0/263.npz,71498,16000,4.46863,1978,3.954,0.51462,1.0,0.0,audio_ema_duration_gap_gt_0_5s
msak0,264,train,data/extracted/mocha_timit/msak0_v1.1/msak0_264.wav,data/extracted/mocha_timit/msak0_v1.1/msak0_264.ema,data/processed/mocha_aai_decoded/msak0/264.npz,55487,16000,3.46794,1576,3.15,0.31794,1.0,0.0,
msak0,265,train,data/extracted/mocha_timit/msak0_v1.1/msak0_265.wav,data/extracted/mocha_timit/msak0_v1.1/msak0_265.ema,data/processed/mocha_aai_decoded/msak0/265.npz,67498,16000,4.21863,1912,3.822,0.39662,1.0,0.0,
msak0,266,train,data/extracted/mocha_timit/msak0_v1.1/msak0_266.wav,data/extracted/mocha_timit/msak0_v1.1/msak0_266.ema,data/processed/mocha_aai_decoded/msak0/266.npz,47499,16000,2.96869,1323,2.644,0.32469,1.0,0.0,
msak0,267,validation,data/extracted/mocha_timit/msak0_v1.1/msak0_267.wav,data/extracted/mocha_timit/msak0_v1.1/msak0_267.ema,data/processed/mocha_aai_decoded/msak0/267.npz,63505,16000,3.96906,1829,3.656,0.31306,1.0,0.0,
msak0,269,validation,data/extracted/mocha_timit/msak0_v1.1/msak0_269.wav,data/extracted/mocha_timit/msak0_v1.1/msak0_269.ema,data/processed/mocha_aai_decoded/msak0/269.npz,63502,16000,3.96888,1733,3.464,0.50487,1.0,0.0,audio_ema_duration_gap_gt_0_5s
msak0,270,test,data/extracted/mocha_timit/msak0_v1.1/msak0_270.wav,data/extracted/mocha_timit/msak0_v1.1/msak0_270.ema,data/processed/mocha_aai_decoded/msak0/270.npz,67496,16000,4.2185,1894,3.786,0.4325,1.0,0.0,
msak0,271,train,data/extracted/mocha_timit/msak0_v1.1/msak0_271.wav,data/extracted/mocha_timit/msak0_v1.1/msak0_271.ema,data/processed/mocha_aai_decoded/msak0/271.npz,55490,16000,3.46813,1574,3.146,0.32212,1.0,0.0,
msak0,272,train,data/extracted/mocha_timit/msak0_v1.1/msak0_272.wav,data/extracted/mocha_timit/msak0_v1.1/msak0_272.ema,data/processed/mocha_aai_decoded/msak0/272.npz,67494,16000,4.21837,1968,3.934,0.28437,1.0,0.0,
msak0,273,train,data/extracted/mocha_timit/msak0_v1.1/msak0_273.wav,data/extracted/mocha_timit/msak0_v1.1/msak0_273.ema,data/processed/mocha_aai_decoded/msak0/273.npz,67491,16000,4.21819,1863,3.724,0.49419,1.0,0.0,
msak0,274,train,data/extracted/mocha_timit/msak0_v1.1/msak0_274.wav,data/extracted/mocha_timit/msak0_v1.1/msak0_274.ema,data/processed/mocha_aai_decoded/msak0/274.npz,59490,16000,3.71813,1606,3.21,0.50812,1.0,0.0,audio_ema_duration_gap_gt_0_5s
msak0,275,train,data/extracted/mocha_timit/msak0_v1.1/msak0_275.wav,data/extracted/mocha_timit/msak0_v1.1/msak0_275.ema,data/processed/mocha_aai_decoded/msak0/275.npz,59498,16000,3.71862,1653,3.304,0.41462,1.0,0.0,
msak0,276,train,data/extracted/mocha_timit/msak0_v1.1/msak0_276.wav,data/extracted/mocha_timit/msak0_v1.1/msak0_276.ema,data/processed/mocha_aai_decoded/msak0/276.npz,59482,16000,3.71762,1668,3.334,0.38362,1.0,0.0,
msak0,277,train,data/extracted/mocha_timit/msak0_v1.1/msak0_277.wav,data/extracted/mocha_timit/msak0_v1.1/msak0_277.ema,data/processed/mocha_aai_decoded/msak0/277.npz,55504,16000,3.469,1568,3.134,0.335,1.0,0.0,
msak0,278,train,data/extracted/mocha_timit/msak0_v1.1/msak0_278.wav,data/extracted/mocha_timit/msak0_v1.1/msak0_278.ema,data/processed/mocha_aai_decoded/msak0/278.npz,59496,16000,3.7185,1689,3.376,0.3425,1.0,0.0,
msak0,279,train,data/extracted/mocha_timit/msak0_v1.1/msak0_279.wav,data/extracted/mocha_timit/msak0_v1.1/msak0_279.ema,data/processed/mocha_aai_decoded/msak0/279.npz,59492,16000,3.71825,1683,3.364,0.35425,1.0,0.0,
msak0,280,train,data/extracted/mocha_timit/msak0_v1.1/msak0_280.wav,data/extracted/mocha_timit/msak0_v1.1/msak0_280.ema,data/processed/mocha_aai_decoded/msak0/280.npz,59491,16000,3.71819,1670,3.338,0.38019,1.0,0.0,
msak0,281,train,data/extracted/mocha_timit/msak0_v1.1/msak0_281.wav,data/extracted/mocha_timit/msak0_v1.1/msak0_281.ema,data/processed/mocha_aai_decoded/msak0/281.npz,59488,16000,3.718,1653,3.304,0.414,1.0,0.0,
msak0,282,train,data/extracted/mocha_timit/msak0_v1.1/msak0_282.wav,data/extracted/mocha_timit/msak0_v1.1/msak0_282.ema,data/processed/mocha_aai_decoded/msak0/282.npz,55498,16000,3.46862,1491,2.98,0.48862,1.0,0.0,
msak0,283,train,data/extracted/mocha_timit/msak0_v1.1/msak0_283.wav,data/extracted/mocha_timit/msak0_v1.1/msak0_283.ema,data/processed/mocha_aai_decoded/msak0/283.npz,75498,16000,4.71863,2143,4.284,0.43462,1.0,0.0,
msak0,284,train,data/extracted/mocha_timit/msak0_v1.1/msak0_284.wav,data/extracted/mocha_timit/msak0_v1.1/msak0_284.ema,data/processed/mocha_aai_decoded/msak0/284.npz,71492,16000,4.46825,1992,3.982,0.48625,1.0,0.0,
msak0,285,train,data/extracted/mocha_timit/msak0_v1.1/msak0_285.wav,data/extracted/mocha_timit/msak0_v1.1/msak0_285.ema,data/processed/mocha_aai_decoded/msak0/285.npz,51495,16000,3.21844,1371,2.74,0.47844,1.0,0.0,
msak0,286,test,data/extracted/mocha_timit/msak0_v1.1/msak0_286.wav,data/extracted/mocha_timit/msak0_v1.1/msak0_286.ema,data/processed/mocha_aai_decoded/msak0/286.npz,67495,16000,4.21844,1887,3.772,0.44644,1.0,0.0,
msak0,287,train,data/extracted/mocha_timit/msak0_v1.1/msak0_287.wav,data/extracted/mocha_timit/msak0_v1.1/msak0_287.ema,data/processed/mocha_aai_decoded/msak0/287.npz,71503,16000,4.46894,2060,4.118,0.35094,1.0,0.0,
msak0,288,train,data/extracted/mocha_timit/msak0_v1.1/msak0_288.wav,data/extracted/mocha_timit/msak0_v1.1/msak0_288.ema,data/processed/mocha_aai_decoded/msak0/288.npz,75492,16000,4.71825,2153,4.304,0.41425,1.0,0.0,
msak0,289,test,data/extracted/mocha_timit/msak0_v1.1/msak0_289.wav,data/extracted/mocha_timit/msak0_v1.1/msak0_289.ema,data/processed/mocha_aai_decoded/msak0/289.npz,75502,16000,4.71887,2217,4.432,0.28687,1.0,0.0,
msak0,290,train,data/extracted/mocha_timit/msak0_v1.1/msak0_290.wav,data/extracted/mocha_timit/msak0_v1.1/msak0_290.ema,data/processed/mocha_aai_decoded/msak0/290.npz,67503,16000,4.21894,1942,3.882,0.33694,1.0,0.0,
msak0,291,train,data/extracted/mocha_timit/msak0_v1.1/msak0_291.wav,data/extracted/mocha_timit/msak0_v1.1/msak0_291.ema,data/processed/mocha_aai_decoded/msak0/291.npz,75487,16000,4.71794,2180,4.358,0.35994,1.0,0.0,
msak0,292,train,data/extracted/mocha_timit/msak0_v1.1/msak0_292.wav,data/extracted/mocha_timit/msak0_v1.1/msak0_292.ema,data/processed/mocha_aai_decoded/msak0/292.npz,63490,16000,3.96813,1820,3.638,0.33012,1.0,0.0,
msak0,293,validation,data/extracted/mocha_timit/msak0_v1.1/msak0_293.wav,data/extracted/mocha_timit/msak0_v1.1/msak0_293.ema,data/processed/mocha_aai_decoded/msak0/293.npz,71495,16000,4.46844,1996,3.99,0.47844,1.0,0.0,
msak0,294,train,data/extracted/mocha_timit/msak0_v1.1/msak0_294.wav,data/extracted/mocha_timit/msak0_v1.1/msak0_294.ema,data/processed/mocha_aai_decoded/msak0/294.npz,63499,16000,3.96869,1848,3.694,0.27469,1.0,0.0,
msak0,295,train,data/extracted/mocha_timit/msak0_v1.1/msak0_295.wav,data/extracted/mocha_timit/msak0_v1.1/msak0_295.ema,data/processed/mocha_aai_decoded/msak0/295.npz,75507,16000,4.71919,2154,4.306,0.41319,1.0,0.0,
msak0,296,train,data/extracted/mocha_timit/msak0_v1.1/msak0_296.wav,data/extracted/mocha_timit/msak0_v1.1/msak0_296.ema,data/processed/mocha_aai_decoded/msak0/296.npz,63487,16000,3.96794,1783,3.564,0.40394,1.0,0.0,
msak0,297,train,data/extracted/mocha_timit/msak0_v1.1/msak0_297.wav,data/extracted/mocha_timit/msak0_v1.1/msak0_297.ema,data/processed/mocha_aai_decoded/msak0/297.npz,75507,16000,4.71919,2175,4.348,0.37119,1.0,0.0,
msak0,298,validation,data/extracted/mocha_timit/msak0_v1.1/msak0_298.wav,data/extracted/mocha_timit/msak0_v1.1/msak0_298.ema,data/processed/mocha_aai_decoded/msak0/298.npz,67509,16000,4.21931,1941,3.88,0.33931,1.0,0.0,
msak0,299,train,data/extracted/mocha_timit/msak0_v1.1/msak0_299.wav,data/extracted/mocha_timit/msak0_v1.1/msak0_299.ema,data/processed/mocha_aai_decoded/msak0/299.npz,67503,16000,4.21894,1892,3.782,0.43694,1.0,0.0,
msak0,300,train,data/extracted/mocha_timit/msak0_v1.1/msak0_300.wav,data/extracted/mocha_timit/msak0_v1.1/msak0_300.ema,data/processed/mocha_aai_decoded/msak0/300.npz,71476,16000,4.46725,2083,4.164,0.30325,1.0,0.0,
msak0,301,train,data/extracted/mocha_timit/msak0_v1.1/msak0_301.wav,data/extracted/mocha_timit/msak0_v1.1/msak0_301.ema,data/processed/mocha_aai_decoded/msak0/301.npz,59502,16000,3.71888,1655,3.308,0.41087,1.0,0.0,
msak0,302,train,data/extracted/mocha_timit/msak0_v1.1/msak0_302.wav,data/extracted/mocha_timit/msak0_v1.1/msak0_302.ema,data/processed/mocha_aai_decoded/msak0/302.npz,55503,16000,3.46894,1539,3.076,0.39294,1.0,0.0,
msak0,303,train,data/extracted/mocha_timit/msak0_v1.1/msak0_303.wav,data/extracted/mocha_timit/msak0_v1.1/msak0_303.ema,data/processed/mocha_aai_decoded/msak0/303.npz,63498,16000,3.96862,1849,3.696,0.27262,1.0,0.0,
msak0,304,train,data/extracted/mocha_timit/msak0_v1.1/msak0_304.wav,data/extracted/mocha_timit/msak0_v1.1/msak0_304.ema,data/processed/mocha_aai_decoded/msak0/304.npz,59490,16000,3.71813,1651,3.3,0.41812,1.0,0.0,
msak0,305,train,data/extracted/mocha_timit/msak0_v1.1/msak0_305.wav,data/extracted/mocha_timit/msak0_v1.1/msak0_305.ema,data/processed/mocha_aai_decoded/msak0/305.npz,51490,16000,3.21813,1393,2.784,0.43412,1.0,0.0,
msak0,306,train,data/extracted/mocha_timit/msak0_v1.1/msak0_306.wav,data/extracted/mocha_timit/msak0_v1.1/msak0_306.ema,data/processed/mocha_aai_decoded/msak0/306.npz,59484,16000,3.71775,1669,3.336,0.38175,1.0,0.0,
msak0,307,train,data/extracted/mocha_timit/msak0_v1.1/msak0_307.wav,data/extracted/mocha_timit/msak0_v1.1/msak0_307.ema,data/processed/mocha_aai_decoded/msak0/307.npz,55490,16000,3.46813,1597,3.192,0.27612,1.0,0.0,
msak0,308,train,data/extracted/mocha_timit/msak0_v1.1/msak0_308.wav,data/extracted/mocha_timit/msak0_v1.1/msak0_308.ema,data/processed/mocha_aai_decoded/msak0/308.npz,55505,16000,3.46906,1513,3.024,0.44506,1.0,0.0,
msak0,309,train,data/extracted/mocha_timit/msak0_v1.1/msak0_309.wav,data/extracted/mocha_timit/msak0_v1.1/msak0_309.ema,data/processed/mocha_aai_decoded/msak0/309.npz,63487,16000,3.96794,1800,3.598,0.36994,1.0,0.0,
msak0,310,train,data/extracted/mocha_timit/msak0_v1.1/msak0_310.wav,data/extracted/mocha_timit/msak0_v1.1/msak0_310.ema,data/processed/mocha_aai_decoded/msak0/310.npz,59490,16000,3.71813,1646,3.29,0.42812,1.0,0.0,
msak0,311,train,data/extracted/mocha_timit/msak0_v1.1/msak0_311.wav,data/extracted/mocha_timit/msak0_v1.1/msak0_311.ema,data/processed/mocha_aai_decoded/msak0/311.npz,55482,16000,3.46762,1581,3.16,0.30762,1.0,0.0,
msak0,312,train,data/extracted/mocha_timit/msak0_v1.1/msak0_312.wav,data/extracted/mocha_timit/msak0_v1.1/msak0_312.ema,data/processed/mocha_aai_decoded/msak0/312.npz,47456,16000,2.966,1299,2.596,0.37,1.0,0.0,
msak0,313,train,data/extracted/mocha_timit/msak0_v1.1/msak0_313.wav,data/extracted/mocha_timit/msak0_v1.1/msak0_313.ema,data/processed/mocha_aai_decoded/msak0/313.npz,59501,16000,3.71881,1701,3.4,0.31881,1.0,0.0,
msak0,314,train,data/extracted/mocha_timit/msak0_v1.1/msak0_314.wav,data/extracted/mocha_timit/msak0_v1.1/msak0_314.ema,data/processed/mocha_aai_decoded/msak0/314.npz,71486,16000,4.46788,2033,4.064,0.40387,1.0,0.0,
msak0,315,train,data/extracted/mocha_timit/msak0_v1.1/msak0_315.wav,data/extracted/mocha_timit/msak0_v1.1/msak0_315.ema,data/processed/mocha_aai_decoded/msak0/315.npz,67490,16000,4.21812,1956,3.91,0.30812,1.0,0.0,
msak0,316,train,data/extracted/mocha_timit/msak0_v1.1/msak0_316.wav,data/extracted/mocha_timit/msak0_v1.1/msak0_316.ema,data/processed/mocha_aai_decoded/msak0/316.npz,87503,16000,5.46894,2537,5.072,0.39694,1.0,0.0,
msak0,317,train,data/extracted/mocha_timit/msak0_v1.1/msak0_317.wav,data/extracted/mocha_timit/msak0_v1.1/msak0_317.ema,data/processed/mocha_aai_decoded/msak0/317.npz,83506,16000,5.21913,2332,4.662,0.55712,1.0,0.0,audio_ema_duration_gap_gt_0_5s
msak0,318,test,data/extracted/mocha_timit/msak0_v1.1/msak0_318.wav,data/extracted/mocha_timit/msak0_v1.1/msak0_318.ema,data/processed/mocha_aai_decoded/msak0/318.npz,67498,16000,4.21863,1903,3.804,0.41462,1.0,0.0,
msak0,319,train,data/extracted/mocha_timit/msak0_v1.1/msak0_319.wav,data/extracted/mocha_timit/msak0_v1.1/msak0_319.ema,data/processed/mocha_aai_decoded/msak0/319.npz,71490,16000,4.46812,2064,4.126,0.34212,1.0,0.0,
msak0,320,test,data/extracted/mocha_timit/msak0_v1.1/msak0_320.wav,data/extracted/mocha_timit/msak0_v1.1/msak0_320.ema,data/processed/mocha_aai_decoded/msak0/320.npz,59494,16000,3.71837,1689,3.376,0.34237,1.0,0.0,
msak0,321,train,data/extracted/mocha_timit/msak0_v1.1/msak0_321.wav,data/extracted/mocha_timit/msak0_v1.1/msak0_321.ema,data/processed/mocha_aai_decoded/msak0/321.npz,67499,16000,4.21869,1914,3.826,0.39269,1.0,0.0,
msak0,322,train,data/extracted/mocha_timit/msak0_v1.1/msak0_322.wav,data/extracted/mocha_timit/msak0_v1.1/msak0_322.ema,data/processed/mocha_aai_decoded/msak0/322.npz,63492,16000,3.96825,1772,3.542,0.42625,1.0,0.0,
msak0,323,train,data/extracted/mocha_timit/msak0_v1.1/msak0_323.wav,data/extracted/mocha_timit/msak0_v1.1/msak0_323.ema,data/processed/mocha_aai_decoded/msak0/323.npz,59494,16000,3.71837,1684,3.366,0.35237,1.0,0.0,
msak0,324,train,data/extracted/mocha_timit/msak0_v1.1/msak0_324.wav,data/extracted/mocha_timit/msak0_v1.1/msak0_324.ema,data/processed/mocha_aai_decoded/msak0/324.npz,63458,16000,3.96612,1811,3.62,0.34612,1.0,0.0,
msak0,325,train,data/extracted/mocha_timit/msak0_v1.1/msak0_325.wav,data/extracted/mocha_timit/msak0_v1.1/msak0_325.ema,data/processed/mocha_aai_decoded/msak0/325.npz,71505,16000,4.46906,2023,4.044,0.42506,1.0,0.0,
msak0,326,train,data/extracted/mocha_timit/msak0_v1.1/msak0_326.wav,data/extracted/mocha_timit/msak0_v1.1/msak0_326.ema,data/processed/mocha_aai_decoded/msak0/326.npz,79494,16000,4.96837,2256,4.51,0.45837,1.0,0.0,
msak0,327,train,data/extracted/mocha_timit/msak0_v1.1/msak0_327.wav,data/extracted/mocha_timit/msak0_v1.1/msak0_327.ema,data/processed/mocha_aai_decoded/msak0/327.npz,59498,16000,3.71862,1647,3.292,0.42662,1.0,0.0,
msak0,328,test,data/extracted/mocha_timit/msak0_v1.1/msak0_328.wav,data/extracted/mocha_timit/msak0_v1.1/msak0_328.ema,data/processed/mocha_aai_decoded/msak0/328.npz,63427,16000,3.96419,1823,3.644,0.32019,1.0,0.0,
msak0,329,train,data/extracted/mocha_timit/msak0_v1.1/msak0_329.wav,data/extracted/mocha_timit/msak0_v1.1/msak0_329.ema,data/processed/mocha_aai_decoded/msak0/329.npz,87484,16000,5.46775,2496,4.99,0.47775,1.0,0.0,
msak0,330,train,data/extracted/mocha_timit/msak0_v1.1/msak0_330.wav,data/extracted/mocha_timit/msak0_v1.1/msak0_330.ema,data/processed/mocha_aai_decoded/msak0/330.npz,59494,16000,3.71837,1694,3.386,0.33237,1.0,0.0,
msak0,331,train,data/extracted/mocha_timit/msak0_v1.1/msak0_331.wav,data/extracted/mocha_timit/msak0_v1.1/msak0_331.ema,data/processed/mocha_aai_decoded/msak0/331.npz,59498,16000,3.71862,1668,3.334,0.38462,1.0,0.0,
msak0,332,train,data/extracted/mocha_timit/msak0_v1.1/msak0_332.wav,data/extracted/mocha_timit/msak0_v1.1/msak0_332.ema,data/processed/mocha_aai_decoded/msak0/332.npz,83504,16000,5.219,2467,4.932,0.287,1.0,0.0,
msak0,333,train,data/extracted/mocha_timit/msak0_v1.1/msak0_333.wav,data/extracted/mocha_timit/msak0_v1.1/msak0_333.ema,data/processed/mocha_aai_decoded/msak0/333.npz,75506,16000,4.71913,2146,4.29,0.42912,1.0,0.0,
msak0,334,train,data/extracted/mocha_timit/msak0_v1.1/msak0_334.wav,data/extracted/mocha_timit/msak0_v1.1/msak0_334.ema,data/processed/mocha_aai_decoded/msak0/334.npz,79496,16000,4.9685,2241,4.48,0.4885,1.0,0.0,
msak0,335,train,data/extracted/mocha_timit/msak0_v1.1/msak0_335.wav,data/extracted/mocha_timit/msak0_v1.1/msak0_335.ema,data/processed/mocha_aai_decoded/msak0/335.npz,67494,16000,4.21837,1971,3.94,0.27837,1.0,0.0,
msak0,336,train,data/extracted/mocha_timit/msak0_v1.1/msak0_336.wav,data/extracted/mocha_timit/msak0_v1.1/msak0_336.ema,data/processed/mocha_aai_decoded/msak0/336.npz,67488,16000,4.218,1851,3.7,0.518,1.0,0.0,audio_ema_duration_gap_gt_0_5s
msak0,337,train,data/extracted/mocha_timit/msak0_v1.1/msak0_337.wav,data/extracted/mocha_timit/msak0_v1.1/msak0_337.ema,data/processed/mocha_aai_decoded/msak0/337.npz,71488,16000,4.468,1980,3.958,0.51,1.0,0.0,audio_ema_duration_gap_gt_0_5s
msak0,338,train,data/extracted/mocha_timit/msak0_v1.1/msak0_338.wav,data/extracted/mocha_timit/msak0_v1.1/msak0_338.ema,data/processed/mocha_aai_decoded/msak0/338.npz,79462,16000,4.96638,2297,4.592,0.37437,1.0,0.0,
msak0,339,train,data/extracted/mocha_timit/msak0_v1.1/msak0_339.wav,data/extracted/mocha_timit/msak0_v1.1/msak0_339.ema,data/processed/mocha_aai_decoded/msak0/339.npz,59491,16000,3.71819,1640,3.278,0.44019,1.0,0.0,
msak0,340,train,data/extracted/mocha_timit/msak0_v1.1/msak0_340.wav,data/extracted/mocha_timit/msak0_v1.1/msak0_340.ema,data/processed/mocha_aai_decoded/msak0/340.npz,87492,16000,5.46825,2488,4.974,0.49425,1.0,0.0,
msak0,341,train,data/extracted/mocha_timit/msak0_v1.1/msak0_341.wav,data/extracted/mocha_timit/msak0_v1.1/msak0_341.ema,data/processed/mocha_aai_decoded/msak0/341.npz,75492,16000,4.71825,2182,4.362,0.35625,1.0,0.0,
msak0,342,validation,data/extracted/mocha_timit/msak0_v1.1/msak0_342.wav,data/extracted/mocha_timit/msak0_v1.1/msak0_342.ema,data/processed/mocha_aai_decoded/msak0/342.npz,63444,16000,3.96525,1827,3.652,0.31325,1.0,0.0,
msak0,343,train,data/extracted/mocha_timit/msak0_v1.1/msak0_343.wav,data/extracted/mocha_timit/msak0_v1.1/msak0_343.ema,data/processed/mocha_aai_decoded/msak0/343.npz,71509,16000,4.46931,2021,4.04,0.42931,1.0,0.0,
msak0,344,train,data/extracted/mocha_timit/msak0_v1.1/msak0_344.wav,data/extracted/mocha_timit/msak0_v1.1/msak0_344.ema,data/processed/mocha_aai_decoded/msak0/344.npz,55491,16000,3.46819,1594,3.186,0.28219,1.0,0.0,
msak0,345,train,data/extracted/mocha_timit/msak0_v1.1/msak0_345.wav,data/extracted/mocha_timit/msak0_v1.1/msak0_345.ema,data/processed/mocha_aai_decoded/msak0/345.npz,59488,16000,3.718,1631,3.26,0.458,1.0,0.0,
msak0,346,train,data/extracted/mocha_timit/msak0_v1.1/msak0_346.wav,data/extracted/mocha_timit/msak0_v1.1/msak0_346.ema,data/processed/mocha_aai_decoded/msak0/346.npz,67445,16000,4.21531,1882,3.762,0.45331,1.0,0.0,
msak0,347,train,data/extracted/mocha_timit/msak0_v1.1/msak0_347.wav,data/extracted/mocha_timit/msak0_v1.1/msak0_347.ema,data/processed/mocha_aai_decoded/msak0/347.npz,63504,16000,3.969,1825,3.648,0.321,1.0,0.0,
msak0,348,test,data/extracted/mocha_timit/msak0_v1.1/msak0_348.wav,data/extracted/mocha_timit/msak0_v1.1/msak0_348.ema,data/processed/mocha_aai_decoded/msak0/348.npz,67499,16000,4.21869,1961,3.92,0.29869,1.0,0.0,
msak0,349,train,data/extracted/mocha_timit/msak0_v1.1/msak0_349.wav,data/extracted/mocha_timit/msak0_v1.1/msak0_349.ema,data/processed/mocha_aai_decoded/msak0/349.npz,55417,16000,3.46356,1565,3.128,0.33556,1.0,0.0,
msak0,350,train,data/extracted/mocha_timit/msak0_v1.1/msak0_350.wav,data/extracted/mocha_timit/msak0_v1.1/msak0_350.ema,data/processed/mocha_aai_decoded/msak0/350.npz,67498,16000,4.21863,1870,3.738,0.48062,1.0,0.0,
msak0,351,train,data/extracted/mocha_timit/msak0_v1.1/msak0_351.wav,data/extracted/mocha_timit/msak0_v1.1/msak0_351.ema,data/processed/mocha_aai_decoded/msak0/351.npz,71492,16000,4.46825,2069,4.136,0.33225,1.0,0.0,
msak0,352,train,data/extracted/mocha_timit/msak0_v1.1/msak0_352.wav,data/extracted/mocha_timit/msak0_v1.1/msak0_352.ema,data/processed/mocha_aai_decoded/msak0/352.npz,87498,16000,5.46863,2515,5.028,0.44062,1.0,0.0,
msak0,353,train,data/extracted/mocha_timit/msak0_v1.1/msak0_353.wav,data/extracted/mocha_timit/msak0_v1.1/msak0_353.ema,data/processed/mocha_aai_decoded/msak0/353.npz,71509,16000,4.46931,2053,4.104,0.36531,1.0,0.0,
msak0,354,test,data/extracted/mocha_timit/msak0_v1.1/msak0_354.wav,data/extracted/mocha_timit/msak0_v1.1/msak0_354.ema,data/processed/mocha_aai_decoded/msak0/354.npz,83504,16000,5.219,2411,4.82,0.399,1.0,0.0,
msak0,355,validation,data/extracted/mocha_timit/msak0_v1.1/msak0_355.wav,data/extracted/mocha_timit/msak0_v1.1/msak0_355.ema,data/processed/mocha_aai_decoded/msak0/355.npz,79507,16000,4.96919,2296,4.59,0.37919,1.0,0.0,
msak0,356,train,data/extracted/mocha_timit/msak0_v1.1/msak0_356.wav,data/extracted/mocha_timit/msak0_v1.1/msak0_356.ema,data/processed/mocha_aai_decoded/msak0/356.npz,75482,16000,4.71762,2210,4.418,0.29962,1.0,0.0,
msak0,357,train,data/extracted/mocha_timit/msak0_v1.1/msak0_357.wav,data/extracted/mocha_timit/msak0_v1.1/msak0_357.ema,data/processed/mocha_aai_decoded/msak0/357.npz,87507,16000,5.46919,2531,5.06,0.40919,1.0,0.0,
msak0,358,validation,data/extracted/mocha_timit/msak0_v1.1/msak0_358.wav,data/extracted/mocha_timit/msak0_v1.1/msak0_358.ema,data/processed/mocha_aai_decoded/msak0/358.npz,63490,16000,3.96813,1843,3.684,0.28412,1.0,0.0,
msak0,359,train,data/extracted/mocha_timit/msak0_v1.1/msak0_359.wav,data/extracted/mocha_timit/msak0_v1.1/msak0_359.ema,data/processed/mocha_aai_decoded/msak0/359.npz,59478,16000,3.71738,1635,3.268,0.44937,1.0,0.0,
msak0,360,train,data/extracted/mocha_timit/msak0_v1.1/msak0_360.wav,data/extracted/mocha_timit/msak0_v1.1/msak0_360.ema,data/processed/mocha_aai_decoded/msak0/360.npz,55496,16000,3.4685,1555,3.108,0.3605,1.0,0.0,
msak0,361,train,data/extracted/mocha_timit/msak0_v1.1/msak0_361.wav,data/extracted/mocha_timit/msak0_v1.1/msak0_361.ema,data/processed/mocha_aai_decoded/msak0/361.npz,63495,16000,3.96844,1785,3.568,0.40044,1.0,0.0,
msak0,362,train,data/extracted/mocha_timit/msak0_v1.1/msak0_362.wav,data/extracted/mocha_timit/msak0_v1.1/msak0_362.ema,data/processed/mocha_aai_decoded/msak0/362.npz,67487,16000,4.21794,1953,3.904,0.31394,1.0,0.0,
msak0,363,train,data/extracted/mocha_timit/msak0_v1.1/msak0_363.wav,data/extracted/mocha_timit/msak0_v1.1/msak0_363.ema,data/processed/mocha_aai_decoded/msak0/363.npz,63492,16000,3.96825,1801,3.6,0.36825,1.0,0.0,
msak0,364,train,data/extracted/mocha_timit/msak0_v1.1/msak0_364.wav,data/extracted/mocha_timit/msak0_v1.1/msak0_364.ema,data/processed/mocha_aai_decoded/msak0/364.npz,79436,16000,4.96475,2237,4.472,0.49275,1.0,0.0,
msak0,365,train,data/extracted/mocha_timit/msak0_v1.1/msak0_365.wav,data/extracted/mocha_timit/msak0_v1.1/msak0_365.ema,data/processed/mocha_aai_decoded/msak0/365.npz,63401,16000,3.96256,1751,3.5,0.46256,1.0,0.0,
msak0,366,train,data/extracted/mocha_timit/msak0_v1.1/msak0_366.wav,data/extracted/mocha_timit/msak0_v1.1/msak0_366.ema,data/processed/mocha_aai_decoded/msak0/366.npz,63436,16000,3.96475,1789,3.576,0.38875,1.0,0.0,
msak0,367,train,data/extracted/mocha_timit/msak0_v1.1/msak0_367.wav,data/extracted/mocha_timit/msak0_v1.1/msak0_367.ema,data/processed/mocha_aai_decoded/msak0/367.npz,71419,16000,4.46369,2072,4.142,0.32169,1.0,0.0,
msak0,368,train,data/extracted/mocha_timit/msak0_v1.1/msak0_368.wav,data/extracted/mocha_timit/msak0_v1.1/msak0_368.ema,data/processed/mocha_aai_decoded/msak0/368.npz,63509,16000,3.96931,1845,3.688,0.28131,1.0,0.0,
msak0,369,train,data/extracted/mocha_timit/msak0_v1.1/msak0_369.wav,data/extracted/mocha_timit/msak0_v1.1/msak0_369.ema,data/processed/mocha_aai_decoded/msak0/369.npz,87478,16000,5.46737,2568,5.134,0.33337,1.0,0.0,
msak0,370,train,data/extracted/mocha_timit/msak0_v1.1/msak0_370.wav,data/extracted/mocha_timit/msak0_v1.1/msak0_370.ema,data/processed/mocha_aai_decoded/msak0/370.npz,79487,16000,4.96794,2342,4.682,0.28594,1.0,0.0,
msak0,371,train,data/extracted/mocha_timit/msak0_v1.1/msak0_371.wav,data/extracted/mocha_timit/msak0_v1.1/msak0_371.ema,data/processed/mocha_aai_decoded/msak0/371.npz,75499,16000,4.71869,2212,4.422,0.29669,1.0,0.0,
msak0,372,train,data/extracted/mocha_timit/msak0_v1.1/msak0_372.wav,data/extracted/mocha_timit/msak0_v1.1/msak0_372.ema,data/processed/mocha_aai_decoded/msak0/372.npz,67480,16000,4.2175,1856,3.71,0.5075,1.0,0.0,audio_ema_duration_gap_gt_0_5s
msak0,373,train,data/extracted/mocha_timit/msak0_v1.1/msak0_373.wav,data/extracted/mocha_timit/msak0_v1.1/msak0_373.ema,data/processed/mocha_aai_decoded/msak0/373.npz,71499,16000,4.46869,2035,4.068,0.40069,1.0,0.0,
msak0,374,train,data/extracted/mocha_timit/msak0_v1.1/msak0_374.wav,data/extracted/mocha_timit/msak0_v1.1/msak0_374.ema,data/processed/mocha_aai_decoded/msak0/374.npz,59486,16000,3.71787,1621,3.24,0.47787,1.0,0.0,
msak0,375,train,data/extracted/mocha_timit/msak0_v1.1/msak0_375.wav,data/extracted/mocha_timit/msak0_v1.1/msak0_375.ema,data/processed/mocha_aai_decoded/msak0/375.npz,63490,16000,3.96813,1749,3.496,0.47212,1.0,0.0,
msak0,376,train,data/extracted/mocha_timit/msak0_v1.1/msak0_376.wav,data/extracted/mocha_timit/msak0_v1.1/msak0_376.ema,data/processed/mocha_aai_decoded/msak0/376.npz,75507,16000,4.71919,2112,4.222,0.49719,1.0,0.0,
msak0,377,train,data/extracted/mocha_timit/msak0_v1.1/msak0_377.wav,data/extracted/mocha_timit/msak0_v1.1/msak0_377.ema,data/processed/mocha_aai_decoded/msak0/377.npz,63423,16000,3.96394,1823,3.644,0.31994,1.0,0.0,
msak0,378,train,data/extracted/mocha_timit/msak0_v1.1/msak0_378.wav,data/extracted/mocha_timit/msak0_v1.1/msak0_378.ema,data/processed/mocha_aai_decoded/msak0/378.npz,75505,16000,4.71906,2191,4.38,0.33906,1.0,0.0,
msak0,379,train,data/extracted/mocha_timit/msak0_v1.1/msak0_379.wav,data/extracted/mocha_timit/msak0_v1.1/msak0_379.ema,data/processed/mocha_aai_decoded/msak0/379.npz,63507,16000,3.96919,1816,3.63,0.33919,1.0,0.0,
msak0,380,train,data/extracted/mocha_timit/msak0_v1.1/msak0_380.wav,data/extracted/mocha_timit/msak0_v1.1/msak0_380.ema,data/processed/mocha_aai_decoded/msak0/380.npz,55491,16000,3.46819,1553,3.104,0.36419,1.0,0.0,
msak0,381,train,data/extracted/mocha_timit/msak0_v1.1/msak0_381.wav,data/extracted/mocha_timit/msak0_v1.1/msak0_381.ema,data/processed/mocha_aai_decoded/msak0/381.npz,67495,16000,4.21844,1899,3.796,0.42244,1.0,0.0,
msak0,382,train,data/extracted/mocha_timit/msak0_v1.1/msak0_382.wav,data/extracted/mocha_timit/msak0_v1.1/msak0_382.ema,data/processed/mocha_aai_decoded/msak0/382.npz,67490,16000,4.21812,1940,3.878,0.34012,1.0,0.0,
msak0,383,train,data/extracted/mocha_timit/msak0_v1.1/msak0_383.wav,data/extracted/mocha_timit/msak0_v1.1/msak0_383.ema,data/processed/mocha_aai_decoded/msak0/383.npz,67503,16000,4.21894,1964,3.926,0.29294,1.0,0.0,
msak0,384,train,data/extracted/mocha_timit/msak0_v1.1/msak0_384.wav,data/extracted/mocha_timit/msak0_v1.1/msak0_384.ema,data/processed/mocha_aai_decoded/msak0/384.npz,67504,16000,4.219,1967,3.932,0.287,1.0,0.0,
msak0,385,train,data/extracted/mocha_timit/msak0_v1.1/msak0_385.wav,data/extracted/mocha_timit/msak0_v1.1/msak0_385.ema,data/processed/mocha_aai_decoded/msak0/385.npz,55499,16000,3.46869,1593,3.184,0.28469,1.0,0.0,
msak0,386,train,data/extracted/mocha_timit/msak0_v1.1/msak0_386.wav,data/extracted/mocha_timit/msak0_v1.1/msak0_386.ema,data/processed/mocha_aai_decoded/msak0/386.npz,55470,16000,3.46687,1583,3.164,0.30287,1.0,0.0,
msak0,387,train,data/extracted/mocha_timit/msak0_v1.1/msak0_387.wav,data/extracted/mocha_timit/msak0_v1.1/msak0_387.ema,data/processed/mocha_aai_decoded/msak0/387.npz,59486,16000,3.71787,1701,3.4,0.31787,1.0,0.0,
msak0,388,train,data/extracted/mocha_timit/msak0_v1.1/msak0_388.wav,data/extracted/mocha_timit/msak0_v1.1/msak0_388.ema,data/processed/mocha_aai_decoded/msak0/388.npz,67490,16000,4.21812,1956,3.91,0.30812,1.0,0.0,
msak0,389,validation,data/extracted/mocha_timit/msak0_v1.1/msak0_389.wav,data/extracted/mocha_timit/msak0_v1.1/msak0_389.ema,data/processed/mocha_aai_decoded/msak0/389.npz,63372,16000,3.96075,1806,3.61,0.35075,1.0,0.0,
msak0,390,train,data/extracted/mocha_timit/msak0_v1.1/msak0_390.wav,data/extracted/mocha_timit/msak0_v1.1/msak0_390.ema,data/processed/mocha_aai_decoded/msak0/390.npz,51502,16000,3.21888,1394,2.786,0.43287,1.0,0.0,
msak0,391,train,data/extracted/mocha_timit/msak0_v1.1/msak0_391.wav,data/extracted/mocha_timit/msak0_v1.1/msak0_391.ema,data/processed/mocha_aai_decoded/msak0/391.npz,55498,16000,3.46862,1550,3.098,0.37062,1.0,0.0,
msak0,392,train,data/extracted/mocha_timit/msak0_v1.1/msak0_392.wav,data/extracted/mocha_timit/msak0_v1.1/msak0_392.ema,data/processed/mocha_aai_decoded/msak0/392.npz,59511,16000,3.71944,1630,3.258,0.46144,1.0,0.0,
msak0,393,train,data/extracted/mocha_timit/msak0_v1.1/msak0_393.wav,data/extracted/mocha_timit/msak0_v1.1/msak0_393.ema,data/processed/mocha_aai_decoded/msak0/393.npz,63486,16000,3.96787,1736,3.47,0.49787,1.0,0.0,
msak0,394,validation,data/extracted/mocha_timit/msak0_v1.1/msak0_394.wav,data/extracted/mocha_timit/msak0_v1.1/msak0_394.ema,data/processed/mocha_aai_decoded/msak0/394.npz,43488,16000,2.718,1200,2.398,0.32,1.0,0.0,
msak0,395,train,data/extracted/mocha_timit/msak0_v1.1/msak0_395.wav,data/extracted/mocha_timit/msak0_v1.1/msak0_395.ema,data/processed/mocha_aai_decoded/msak0/395.npz,63498,16000,3.96862,1827,3.652,0.31662,1.0,0.0,
msak0,396,train,data/extracted/mocha_timit/msak0_v1.1/msak0_396.wav,data/extracted/mocha_timit/msak0_v1.1/msak0_396.ema,data/processed/mocha_aai_decoded/msak0/396.npz,55496,16000,3.4685,1572,3.142,0.3265,1.0,0.0,
msak0,397,train,data/extracted/mocha_timit/msak0_v1.1/msak0_397.wav,data/extracted/mocha_timit/msak0_v1.1/msak0_397.ema,data/processed/mocha_aai_decoded/msak0/397.npz,63496,16000,3.9685,1776,3.55,0.4185,1.0,0.0,
msak0,398,train,data/extracted/mocha_timit/msak0_v1.1/msak0_398.wav,data/extracted/mocha_timit/msak0_v1.1/msak0_398.ema,data/processed/mocha_aai_decoded/msak0/398.npz,51499,16000,3.21869,1389,2.776,0.44269,1.0,0.0,
msak0,399,train,data/extracted/mocha_timit/msak0_v1.1/msak0_399.wav,data/extracted/mocha_timit/msak0_v1.1/msak0_399.ema,data/processed/mocha_aai_decoded/msak0/399.npz,63498,16000,3.96862,1764,3.526,0.44262,1.0,0.0,
msak0,400,test,data/extracted/mocha_timit/msak0_v1.1/msak0_400.wav,data/extracted/mocha_timit/msak0_v1.1/msak0_400.ema,data/processed/mocha_aai_decoded/msak0/400.npz,63498,16000,3.96862,1818,3.634,0.33462,1.0,0.0,
msak0,401,train,data/extracted/mocha_timit/msak0_v1.1/msak0_401.wav,data/extracted/mocha_timit/msak0_v1.1/msak0_401.ema,data/processed/mocha_aai_decoded/msak0/401.npz,59503,16000,3.71894,1686,3.37,0.34894,1.0,0.0,
msak0,402,validation,data/extracted/mocha_timit/msak0_v1.1/msak0_402.wav,data/extracted/mocha_timit/msak0_v1.1/msak0_402.ema,data/processed/mocha_aai_decoded/msak0/402.npz,47487,16000,2.96794,1279,2.556,0.41194,1.0,0.0,
msak0,403,validation,data/extracted/mocha_timit/msak0_v1.1/msak0_403.wav,data/extracted/mocha_timit/msak0_v1.1/msak0_403.ema,data/processed/mocha_aai_decoded/msak0/403.npz,71487,16000,4.46794,2093,4.184,0.28394,1.0,0.0,
msak0,404,train,data/extracted/mocha_timit/msak0_v1.1/msak0_404.wav,data/extracted/mocha_timit/msak0_v1.1/msak0_404.ema,data/processed/mocha_aai_decoded/msak0/404.npz,63256,16000,3.9535,1840,3.678,0.2755,1.0,0.0,
msak0,405,train,data/extracted/mocha_timit/msak0_v1.1/msak0_405.wav,data/extracted/mocha_timit/msak0_v1.1/msak0_405.ema,data/processed/mocha_aai_decoded/msak0/405.npz,71484,16000,4.46775,1985,3.968,0.49975,1.0,0.0,
msak0,406,train,data/extracted/mocha_timit/msak0_v1.1/msak0_406.wav,data/extracted/mocha_timit/msak0_v1.1/msak0_406.ema,data/processed/mocha_aai_decoded/msak0/406.npz,64507,16000,4.03169,1812,3.622,0.40969,1.0,0.0,
msak0,407,test,data/extracted/mocha_timit/msak0_v1.1/msak0_407.wav,data/extracted/mocha_timit/msak0_v1.1/msak0_407.ema,data/processed/mocha_aai_decoded/msak0/407.npz,67486,16000,4.21788,1856,3.71,0.50787,1.0,0.0,audio_ema_duration_gap_gt_0_5s
msak0,408,train,data/extracted/mocha_timit/msak0_v1.1/msak0_408.wav,data/extracted/mocha_timit/msak0_v1.1/msak0_408.ema,data/processed/mocha_aai_decoded/msak0/408.npz,75476,16000,4.71725,2133,4.264,0.45325,1.0,0.0,
msak0,409,train,data/extracted/mocha_timit/msak0_v1.1/msak0_409.wav,data/extracted/mocha_timit/msak0_v1.1/msak0_409.ema,data/processed/mocha_aai_decoded/msak0/409.npz,67507,16000,4.21919,1879,3.756,0.46319,1.0,0.0,
msak0,410,train,data/extracted/mocha_timit/msak0_v1.1/msak0_410.wav,data/extracted/mocha_timit/msak0_v1.1/msak0_410.ema,data/processed/mocha_aai_decoded/msak0/410.npz,67487,16000,4.21794,1910,3.818,0.39994,1.0,0.0,
msak0,411,train,data/extracted/mocha_timit/msak0_v1.1/msak0_411.wav,data/extracted/mocha_timit/msak0_v1.1/msak0_411.ema,data/processed/mocha_aai_decoded/msak0/411.npz,67495,16000,4.21844,1853,3.704,0.51444,1.0,0.0,audio_ema_duration_gap_gt_0_5s
msak0,412,train,data/extracted/mocha_timit/msak0_v1.1/msak0_412.wav,data/extracted/mocha_timit/msak0_v1.1/msak0_412.ema,data/processed/mocha_aai_decoded/msak0/412.npz,63484,16000,3.96775,1800,3.598,0.36975,1.0,0.0,
msak0,413,train,data/extracted/mocha_timit/msak0_v1.1/msak0_413.wav,data/extracted/mocha_timit/msak0_v1.1/msak0_413.ema,data/processed/mocha_aai_decoded/msak0/413.npz,71486,16000,4.46788,2093,4.184,0.28387,1.0,0.0,
msak0,414,train,data/extracted/mocha_timit/msak0_v1.1/msak0_414.wav,data/extracted/mocha_timit/msak0_v1.1/msak0_414.ema,data/processed/mocha_aai_decoded/msak0/414.npz,71492,16000,4.46825,2073,4.144,0.32425,1.0,0.0,
msak0,415,train,data/extracted/mocha_timit/msak0_v1.1/msak0_415.wav,data/extracted/mocha_timit/msak0_v1.1/msak0_415.ema,data/processed/mocha_aai_decoded/msak0/415.npz,63480,16000,3.9675,1802,3.602,0.3655,1.0,0.0,
msak0,416,train,data/extracted/mocha_timit/msak0_v1.1/msak0_416.wav,data/extracted/mocha_timit/msak0_v1.1/msak0_416.ema,data/processed/mocha_aai_decoded/msak0/416.npz,75480,16000,4.7175,2165,4.328,0.3895,1.0,0.0,
msak0,417,train,data/extracted/mocha_timit/msak0_v1.1/msak0_417.wav,data/extracted/mocha_timit/msak0_v1.1/msak0_417.ema,data/processed/mocha_aai_decoded/msak0/417.npz,63505,16000,3.96906,1786,3.57,0.39906,1.0,0.0,
msak0,418,train,data/extracted/mocha_timit/msak0_v1.1/msak0_418.wav,data/extracted/mocha_timit/msak0_v1.1/msak0_418.ema,data/processed/mocha_aai_decoded/msak0/418.npz,67432,16000,4.2145,1887,3.772,0.4425,1.0,0.0,
msak0,419,train,data/extracted/mocha_timit/msak0_v1.1/msak0_419.wav,data/extracted/mocha_timit/msak0_v1.1/msak0_419.ema,data/processed/mocha_aai_decoded/msak0/419.npz,63490,16000,3.96813,1796,3.59,0.37812,1.0,0.0,
msak0,420,train,data/extracted/mocha_timit/msak0_v1.1/msak0_420.wav,data/extracted/mocha_timit/msak0_v1.1/msak0_420.ema,data/processed/mocha_aai_decoded/msak0/420.npz,71385,16000,4.46156,2037,4.072,0.38956,1.0,0.0,
msak0,421,train,data/extracted/mocha_timit/msak0_v1.1/msak0_421.wav,data/extracted/mocha_timit/msak0_v1.1/msak0_421.ema,data/processed/mocha_aai_decoded/msak0/421.npz,63495,16000,3.96844,1811,3.62,0.34844,1.0,0.0,
msak0,422,train,data/extracted/mocha_timit/msak0_v1.1/msak0_422.wav,data/extracted/mocha_timit/msak0_v1.1/msak0_422.ema,data/processed/mocha_aai_decoded/msak0/422.npz,63501,16000,3.96881,1744,3.486,0.48281,1.0,0.0,
msak0,423,train,data/extracted/mocha_timit/msak0_v1.1/msak0_423.wav,data/extracted/mocha_timit/msak0_v1.1/msak0_423.ema,data/processed/mocha_aai_decoded/msak0/423.npz,55505,16000,3.46906,1587,3.172,0.29706,1.0,0.0,
msak0,424,train,data/extracted/mocha_timit/msak0_v1.1/msak0_424.wav,data/extracted/mocha_timit/msak0_v1.1/msak0_424.ema,data/processed/mocha_aai_decoded/msak0/424.npz,71501,16000,4.46881,2001,4.0,0.46881,1.0,0.0,
msak0,425,train,data/extracted/mocha_timit/msak0_v1.1/msak0_425.wav,data/extracted/mocha_timit/msak0_v1.1/msak0_425.ema,data/processed/mocha_aai_decoded/msak0/425.npz,71502,16000,4.46887,2028,4.054,0.41487,1.0,0.0,
msak0,426,train,data/extracted/mocha_timit/msak0_v1.1/msak0_426.wav,data/extracted/mocha_timit/msak0_v1.1/msak0_426.ema,data/processed/mocha_aai_decoded/msak0/426.npz,67494,16000,4.21837,1897,3.792,0.42637,1.0,0.0,
msak0,427,train,data/extracted/mocha_timit/msak0_v1.1/msak0_427.wav,data/extracted/mocha_timit/msak0_v1.1/msak0_427.ema,data/processed/mocha_aai_decoded/msak0/427.npz,71494,16000,4.46837,2066,4.13,0.33837,1.0,0.0,
msak0,428,test,data/extracted/mocha_timit/msak0_v1.1/msak0_428.wav,data/extracted/mocha_timit/msak0_v1.1/msak0_428.ema,data/processed/mocha_aai_decoded/msak0/428.npz,63488,16000,3.968,1849,3.696,0.272,1.0,0.0,
msak0,429,train,data/extracted/mocha_timit/msak0_v1.1/msak0_429.wav,data/extracted/mocha_timit/msak0_v1.1/msak0_429.ema,data/processed/mocha_aai_decoded/msak0/429.npz,71496,16000,4.4685,2089,4.176,0.2925,1.0,0.0,
msak0,430,train,data/extracted/mocha_timit/msak0_v1.1/msak0_430.wav,data/extracted/mocha_timit/msak0_v1.1/msak0_430.ema,data/processed/mocha_aai_decoded/msak0/430.npz,71501,16000,4.46881,2083,4.164,0.30481,1.0,0.0,
msak0,431,train,data/extracted/mocha_timit/msak0_v1.1/msak0_431.wav,data/extracted/mocha_timit/msak0_v1.1/msak0_431.ema,data/processed/mocha_aai_decoded/msak0/431.npz,63507,16000,3.96919,1731,3.46,0.50919,1.0,0.0,audio_ema_duration_gap_gt_0_5s
msak0,432,train,data/extracted/mocha_timit/msak0_v1.1/msak0_432.wav,data/extracted/mocha_timit/msak0_v1.1/msak0_432.ema,data/processed/mocha_aai_decoded/msak0/432.npz,55434,16000,3.46462,1593,3.184,0.28062,1.0,0.0,
msak0,433,train,data/extracted/mocha_timit/msak0_v1.1/msak0_433.wav,data/extracted/mocha_timit/msak0_v1.1/msak0_433.ema,data/processed/mocha_aai_decoded/msak0/433.npz,63494,16000,3.96837,1793,3.584,0.38437,1.0,0.0,
msak0,434,train,data/extracted/mocha_timit/msak0_v1.1/msak0_434.wav,data/extracted/mocha_timit/msak0_v1.1/msak0_434.ema,data/processed/mocha_aai_decoded/msak0/434.npz,55417,16000,3.46356,1599,3.196,0.26756,1.0,0.0,
msak0,435,test,data/extracted/mocha_timit/msak0_v1.1/msak0_435.wav,data/extracted/mocha_timit/msak0_v1.1/msak0_435.ema,data/processed/mocha_aai_decoded/msak0/435.npz,71491,16000,4.46819,1999,3.996,0.47219,1.0,0.0,
msak0,436,train,data/extracted/mocha_timit/msak0_v1.1/msak0_436.wav,data/extracted/mocha_timit/msak0_v1.1/msak0_436.ema,data/processed/mocha_aai_decoded/msak0/436.npz,59488,16000,3.718,1695,3.388,0.33,1.0,0.0,
msak0,437,validation,data/extracted/mocha_timit/msak0_v1.1/msak0_437.wav,data/extracted/mocha_timit/msak0_v1.1/msak0_437.ema,data/processed/mocha_aai_decoded/msak0/437.npz,75432,16000,4.7145,2217,4.432,0.2825,1.0,0.0,
msak0,438,train,data/extracted/mocha_timit/msak0_v1.1/msak0_438.wav,data/extracted/mocha_timit/msak0_v1.1/msak0_438.ema,data/processed/mocha_aai_decoded/msak0/438.npz,67416,16000,4.2135,1877,3.752,0.4615,1.0,0.0,
msak0,439,train,data/extracted/mocha_timit/msak0_v1.1/msak0_439.wav,data/extracted/mocha_timit/msak0_v1.1/msak0_439.ema,data/processed/mocha_aai_decoded/msak0/439.npz,83491,16000,5.21819,2429,4.856,0.36219,1.0,0.0,
msak0,440,train,data/extracted/mocha_timit/msak0_v1.1/msak0_440.wav,data/extracted/mocha_timit/msak0_v1.1/msak0_440.ema,data/processed/mocha_aai_decoded/msak0/440.npz,79430,16000,4.96438,2309,4.616,0.34837,1.0,0.0,
msak0,441,train,data/extracted/mocha_timit/msak0_v1.1/msak0_441.wav,data/extracted/mocha_timit/msak0_v1.1/msak0_441.ema,data/processed/mocha_aai_decoded/msak0/441.npz,63501,16000,3.96881,1791,3.58,0.38881,1.0,0.0,
msak0,442,train,data/extracted/mocha_timit/msak0_v1.1/msak0_442.wav,data/extracted/mocha_timit/msak0_v1.1/msak0_442.ema,data/processed/mocha_aai_decoded/msak0/442.npz,83499,16000,5.21869,2433,4.864,0.35469,1.0,0.0,
msak0,443,train,data/extracted/mocha_timit/msak0_v1.1/msak0_443.wav,data/extracted/mocha_timit/msak0_v1.1/msak0_443.ema,data/processed/mocha_aai_decoded/msak0/443.npz,55491,16000,3.46819,1511,3.02,0.44819,1.0,0.0,
msak0,444,validation,data/extracted/mocha_timit/msak0_v1.1/msak0_444.wav,data/extracted/mocha_timit/msak0_v1.1/msak0_444.ema,data/processed/mocha_aai_decoded/msak0/444.npz,79486,16000,4.96788,2302,4.602,0.36587,1.0,0.0,
msak0,445,train,data/extracted/mocha_timit/msak0_v1.1/msak0_445.wav,data/extracted/mocha_timit/msak0_v1.1/msak0_445.ema,data/processed/mocha_aai_decoded/msak0/445.npz,83509,16000,5.21931,2399,4.796,0.42331,1.0,0.0,
msak0,446,train,data/extracted/mocha_timit/msak0_v1.1/msak0_446.wav,data/extracted/mocha_timit/msak0_v1.1/msak0_446.ema,data/processed/mocha_aai_decoded/msak0/446.npz,79503,16000,4.96894,2255,4.508,0.46094,1.0,0.0,
msak0,447,train,data/extracted/mocha_timit/msak0_v1.1/msak0_447.wav,data/extracted/mocha_timit/msak0_v1.1/msak0_447.ema,data/processed/mocha_aai_decoded/msak0/447.npz,75490,16000,4.71812,2196,4.39,0.32812,1.0,0.0,
msak0,448,train,data/extracted/mocha_timit/msak0_v1.1/msak0_448.wav,data/extracted/mocha_timit/msak0_v1.1/msak0_448.ema,data/processed/mocha_aai_decoded/msak0/448.npz,59505,16000,3.71906,1611,3.22,0.49906,1.0,0.0,
msak0,449,validation,data/extracted/mocha_timit/msak0_v1.1/msak0_449.wav,data/extracted/mocha_timit/msak0_v1.1/msak0_449.ema,data/processed/mocha_aai_decoded/msak0/449.npz,67502,16000,4.21887,1897,3.792,0.42687,1.0,0.0,
msak0,450,train,data/extracted/mocha_timit/msak0_v1.1/msak0_450.wav,data/extracted/mocha_timit/msak0_v1.1/msak0_450.ema,data/processed/mocha_aai_decoded/msak0/450.npz,63478,16000,3.96738,1790,3.578,0.38937,1.0,0.0,
msak0,451,test,data/extracted/mocha_timit/msak0_v1.1/msak0_451.wav,data/extracted/mocha_timit/msak0_v1.1/msak0_451.ema,data/processed/mocha_aai_decoded/msak0/451.npz,59491,16000,3.71819,1714,3.426,0.29219,1.0,0.0,
msak0,452,train,data/extracted/mocha_timit/msak0_v1.1/msak0_452.wav,data/extracted/mocha_timit/msak0_v1.1/msak0_452.ema,data/processed/mocha_aai_decoded/msak0/452.npz,63407,16000,3.96294,1732,3.462,0.50094,1.0,0.0,audio_ema_duration_gap_gt_0_5s
msak0,453,test,data/extracted/mocha_timit/msak0_v1.1/msak0_453.wav,data/extracted/mocha_timit/msak0_v1.1/msak0_453.ema,data/processed/mocha_aai_decoded/msak0/453.npz,63432,16000,3.9645,1743,3.484,0.4805,1.0,0.0,
msak0,454,test,data/extracted/mocha_timit/msak0_v1.1/msak0_454.wav,data/extracted/mocha_timit/msak0_v1.1/msak0_454.ema,data/processed/mocha_aai_decoded/msak0/454.npz,59490,16000,3.71813,1679,3.356,0.36212,1.0,0.0,
msak0,455,train,data/extracted/mocha_timit/msak0_v1.1/msak0_455.wav,data/extracted/mocha_timit/msak0_v1.1/msak0_455.ema,data/processed/mocha_aai_decoded/msak0/455.npz,59498,16000,3.71862,1607,3.212,0.50662,1.0,0.0,audio_ema_duration_gap_gt_0_5s
msak0,456,train,data/extracted/mocha_timit/msak0_v1.1/msak0_456.wav,data/extracted/mocha_timit/msak0_v1.1/msak0_456.ema,data/processed/mocha_aai_decoded/msak0/456.npz,71506,16000,4.46913,2036,4.07,0.39912,1.0,0.0,
msak0,457,train,data/extracted/mocha_timit/msak0_v1.1/msak0_457.wav,data/extracted/mocha_timit/msak0_v1.1/msak0_457.ema,data/processed/mocha_aai_decoded/msak0/457.npz,71503,16000,4.46894,2005,4.008,0.46094,1.0,0.0,
msak0,458,train,data/extracted/mocha_timit/msak0_v1.1/msak0_458.wav,data/extracted/mocha_timit/msak0_v1.1/msak0_458.ema,data/processed/mocha_aai_decoded/msak0/458.npz,75499,16000,4.71869,2198,4.394,0.32469,1.0,0.0,
msak0,459,train,data/extracted/mocha_timit/msak0_v1.1/msak0_459.wav,data/extracted/mocha_timit/msak0_v1.1/msak0_459.ema,data/processed/mocha_aai_decoded/msak0/459.npz,67484,16000,4.21775,1968,3.934,0.28375,1.0,0.0,
msak0,460,test,data/extracted/mocha_timit/msak0_v1.1/msak0_460.wav,data/extracted/mocha_timit/msak0_v1.1/msak0_460.ema,data/processed/mocha_aai_decoded/msak0/460.npz,55248,16000,3.453,1492,2.982,0.471,1.0,0.0,
